id_contrato,id_proveedor,id_entidad,id_funcionario,modalidad,objeto,monto,fecha_contrato,es_favoritismo_real,es_fraccionamiento_real,monto_capped,monto_norm,modalidad_Adjudicación Simplificada,modalidad_Comparación de Precios,modalidad_Concurso Público,modalidad_Contratación Directa,modalidad_Licitación Pública,es_modalidad_no_competitiva
C003027,P0132,E15,F035,Comparación de Precios,Servicio de mantenimiento de infraestructura,51428.87,2025-04-07,False,False,51428.87,-0.44030696252586665,0.0,1.0,0.0,0.0,0.0,True
C001003,P0061,E00,F041,Contratación Directa,Adquisición de bienes de oficina,67380.0,2023-05-23,False,False,67380.0,-0.2792961055617456,0.0,0.0,0.0,1.0,0.0,True
C002029,P0216,E07,F023,Licitación Pública,Consultoría en ingeniería,28704.34,2025-12-20,False,False,28704.34,-0.6696885831011412,0.0,0.0,0.0,0.0,1.0,False
C003140,P0161,E15,F035,Licitación Pública,Servicio de capacitación,112510.4,2024-02-10,False,False,112510.4,0.17625057853734766,0.0,0.0,0.0,0.0,1.0,False
C001450,P0105,E11,F049,Contratación Directa,Adquisición de equipos informáticos,66681.73,2024-03-11,False,False,66681.73,-0.2863444495406573,0.0,0.0,0.0,1.0,0.0,True
C000170,P0206,E02,F011,Comparación de Precios,Servicio de limpieza y vigilancia,33811.31,2024-10-22,False,False,33811.31,-0.6181387796583722,0.0,1.0,0.0,0.0,0.0,True
C001022,P0070,E16,F057,Adjudicación Simplificada,Servicio de capacitación,25967.98,2025-11-23,False,False,25967.98,-0.6973094268007627,1.0,0.0,0.0,0.0,0.0,False
C002476,P0043,E04,F053,Adjudicación Simplificada,Adquisición de materiales de construcción,102644.03,2023-10-20,False,False,102644.03,0.07665934651647548,1.0,0.0,0.0,0.0,0.0,False
C001234,P0098,E14,F040,Licitación Pública,Servicio de transporte,184387.71,2024-11-23,False,False,184387.71,0.901780824944705,0.0,0.0,0.0,0.0,1.0,False
C000289,P0214,E16,F024,Adjudicación Simplificada,Adquisición de bienes de oficina,252383.61,2025-07-07,False,False,252383.61,1.5881320821312916,1.0,0.0,0.0,0.0,0.0,False
C002949,P0083,E17,F012,Concurso Público,Servicio de limpieza y vigilancia,44604.28,2024-01-20,False,False,44604.28,-0.5091944384807847,0.0,0.0,1.0,0.0,0.0,False
C000026,P0150,E14,F029,Adjudicación Simplificada,Obra de rehabilitación vial,41278.02,2024-07-07,False,False,41278.02,-0.5427697383551809,1.0,0.0,0.0,0.0,0.0,False
C001233,P0013,E01,F048,Comparación de Precios,Adquisición de bienes de oficina,72833.56,2024-06-12,False,False,72833.56,-0.2242478193835719,0.0,1.0,0.0,0.0,0.0,True
C000032,P0202,E09,F046,Contratación Directa,Servicio de mantenimiento de infraestructura,126863.75,2025-03-04,False,False,126863.75,0.32113342908185255,0.0,0.0,0.0,1.0,0.0,True
C001835,P0216,E13,F058,Comparación de Precios,Obra de rehabilitación vial,63031.3,2023-08-05,False,False,63031.3,-0.3231919244585807,0.0,1.0,0.0,0.0,0.0,True
C002623,P0178,E11,F054,Adjudicación Simplificada,Servicio de limpieza y vigilancia,14168.36,2026-02-14,False,False,14168.36,-0.8164149025915676,1.0,0.0,0.0,0.0,0.0,False
C000298,P0072,E07,F013,Comparación de Precios,Servicio de capacitación,83278.32,2023-08-05,False,False,83278.32,-0.11881831323669863,0.0,1.0,0.0,0.0,0.0,True
C000314,P0168,E11,F054,Comparación de Precios,Adquisición de equipos informáticos,31940.46,2025-05-06,False,False,31940.46,-0.6370231572386016,0.0,1.0,0.0,0.0,0.0,True
C001402,P0035,E16,F002,Comparación de Precios,Adquisición de materiales de construcción,47192.41,2023-02-23,False,False,47192.41,-0.483069829801992,0.0,1.0,0.0,0.0,0.0,True
C002578,P0017,E09,F034,Adjudicación Simplificada,Adquisición de bienes de oficina,95981.43,2025-02-22,False,False,95981.43,0.009406999152423273,1.0,0.0,0.0,0.0,0.0,False
C002503,P0161,E03,F000,Licitación Pública,Adquisición de equipos informáticos,26007.79,2025-12-12,False,False,26007.79,-0.6969075842845434,0.0,0.0,0.0,0.0,1.0,False
C001114,P0054,E05,F047,Adjudicación Simplificada,Servicio de mantenimiento de infraestructura,20966.96,2025-12-05,False,False,20966.96,-0.7477897699422648,1.0,0.0,0.0,0.0,0.0,False
C002812,P0089,E06,F039,Adjudicación Simplificada,Servicio de mantenimiento de infraestructura,113045.38,2023-06-16,False,False,113045.38,0.18165067171310806,1.0,0.0,0.0,0.0,0.0,False
C000544,P0198,E14,F040,Comparación de Precios,Servicio de limpieza y vigilancia,225969.8,2023-10-19,False,False,225969.8,1.3215108343709467,0.0,1.0,0.0,0.0,0.0,True
C003190,P0074,E11,F054,Comparación de Precios,Consultoría en ingeniería,34230.79,2025-03-04,False,False,34230.79,-0.6139045445741298,0.0,1.0,0.0,0.0,0.0,True
C002436,P0093,E11,F054,Licitación Pública,Servicio de limpieza y vigilancia,65943.58,2023-01-26,False,False,65943.58,-0.29379534261644974,0.0,0.0,0.0,0.0,1.0,False
C001339,P0130,E09,F043,Adjudicación Simplificada,Servicio de limpieza y vigilancia,88415.87,2023-01-29,False,False,88415.87,-0.06695983498493725,1.0,0.0,0.0,0.0,0.0,False
C000196,P0192,E07,F036,Contratación Directa,Servicio de mantenimiento de infraestructura,34276.96,2026-04-09,False,False,34276.96,-0.6134385041578061,0.0,0.0,0.0,1.0,0.0,True
C001106,P0072,E03,F000,Comparación de Precios,Adquisición de equipos informáticos,59836.57,2024-11-01,False,False,59836.57,-0.3554395592699694,0.0,1.0,0.0,0.0,0.0,True
C002319,P0044,E10,F026,Licitación Pública,Servicio de limpieza y vigilancia,21919.09,2023-07-03,False,False,21919.09,-0.7381789607242816,0.0,0.0,0.0,0.0,1.0,False
C000811,P0124,E14,F040,Licitación Pública,Consultoría en ingeniería,239663.88,2023-03-20,False,False,239663.88,1.4597390073051046,0.0,0.0,0.0,0.0,1.0,False
C900052,P0154,E16,F024,Contratación Directa,Servicio de capacitación,61038.8,2024-08-07,True,False,61038.8,-0.34330423828844797,0.0,0.0,0.0,1.0,0.0,True
C002378,P0163,E01,F018,Comparación de Precios,Adquisición de materiales de construcción,50445.32,2024-03-29,False,False,50445.32,-0.45023492552078065,0.0,1.0,0.0,0.0,0.0,True
C000907,P0104,E14,F016,Adjudicación Simplificada,Adquisición de equipos informáticos,439955.34,2023-12-03,False,False,439955.34,3.48148289737402,1.0,0.0,0.0,0.0,0.0,False
C003006,P0001,E17,F012,Comparación de Precios,Obra de rehabilitación vial,61114.75,2024-12-06,False,False,61114.75,-0.34253759827069225,0.0,1.0,0.0,0.0,0.0,True
C000093,P0111,E01,F017,Adjudicación Simplificada,Adquisición de materiales de construcción,25913.95,2026-05-11,False,False,25913.95,-0.6978548061313663,1.0,0.0,0.0,0.0,0.0,False
C001862,P0005,E17,F012,Contratación Directa,Servicio de mantenimiento de infraestructura,449282.15,2025-07-28,False,False,449282.15,3.5756278056558495,0.0,0.0,0.0,1.0,0.0,True
C000864,P0018,E06,F006,Comparación de Precios,Adquisición de materiales de construcción,160049.75,2023-08-17,False,False,160049.75,0.656113226701916,0.0,1.0,0.0,0.0,0.0,True
C002194,P0036,E05,F047,Adjudicación Simplificada,Adquisición de bienes de oficina,90489.84,2025-07-08,False,False,90489.84,-0.04602516220514808,1.0,0.0,0.0,0.0,0.0,False
C001684,P0209,E14,F040,Licitación Pública,Servicio de limpieza y vigilancia,49222.02,2026-03-23,False,False,49222.02,-0.4625829272814214,0.0,0.0,0.0,0.0,1.0,False
C001754,P0018,E08,F028,Comparación de Precios,Adquisición de bienes de oficina,106583.1,2024-06-07,False,False,106583.1,0.11642035632215456,0.0,1.0,0.0,0.0,0.0,True
C001032,P0212,E08,F022,Adjudicación Simplificada,Adquisición de materiales de construcción,33092.9,2024-08-07,False,False,33092.9,-0.6253904169876142,1.0,0.0,0.0,0.0,0.0,False
C000889,P0069,E15,F035,Contratación Directa,Servicio de limpieza y vigilancia,6533.64,2025-06-28,False,False,6533.64,-0.8934798384225159,0.0,0.0,0.0,1.0,0.0,True
C000322,P0038,E03,F000,Adjudicación Simplificada,Servicio de mantenimiento de infraestructura,14966.32,2025-08-03,False,False,14966.32,-0.8083602868105484,1.0,0.0,0.0,0.0,0.0,False
C001948,P0092,E03,F000,Comparación de Precios,Suministro de combustible,134782.19,2024-03-05,False,False,134782.19,0.4010622372740606,0.0,1.0,0.0,0.0,0.0,True
C002272,P0213,E00,F038,Adjudicación Simplificada,Servicio de transporte,109594.27,2025-04-30,False,False,109594.27,0.14681513475883284,1.0,0.0,0.0,0.0,0.0,False
C001395,P0090,E02,F051,Adjudicación Simplificada,Servicio de capacitación,7875.65,2026-03-15,False,False,7875.65,-0.8799335768000215,1.0,0.0,0.0,0.0,0.0,False
C003388,P0045,E11,F049,Comparación de Precios,Adquisición de bienes de oficina,16119.23,2023-09-24,False,False,16119.23,-0.7967228023751194,0.0,1.0,0.0,0.0,0.0,True
C000120,P0173,E04,F030,Licitación Pública,Servicio de limpieza y vigilancia,21358.1,2025-03-21,False,False,21358.1,-0.7438415990858461,0.0,0.0,0.0,0.0,1.0,False
C003256,P0076,E09,F043,Comparación de Precios,Servicio de mantenimiento de infraestructura,14908.92,2024-10-09,False,False,14908.92,-0.8089396829529997,0.0,1.0,0.0,0.0,0.0,True
C002107,P0080,E17,F003,Comparación de Precios,Servicio de transporte,25268.88,2025-03-18,False,False,25268.88,-0.704366148807518,0.0,1.0,0.0,0.0,0.0,True
C000534,P0034,E06,F039,Contratación Directa,Obra de rehabilitación vial,355860.4,2026-03-31,False,False,355860.4,2.632627778285508,0.0,0.0,0.0,1.0,0.0,True
C003310,P0133,E16,F024,Licitación Pública,Servicio de limpieza y vigilancia,24720.31,2026-03-31,False,False,24720.31,-0.709903419571709,0.0,0.0,0.0,0.0,1.0,False
C001255,P0167,E10,F026,Adjudicación Simplificada,Servicio de limpieza y vigilancia,61530.634999999995,2025-07-16,False,False,61530.634999999995,-0.3383396511504241,1.0,0.0,0.0,0.0,0.0,False
C002969,P0117,E06,F006,Concurso Público,Adquisición de equipos informáticos,96476.4,2023-06-21,False,False,96476.4,0.014403231010074185,0.0,0.0,1.0,0.0,0.0,False
C002320,P0098,E15,F035,Adjudicación Simplificada,Servicio de limpieza y vigilancia,116979.51,2025-07-02,False,False,116979.51,0.22136181711210212,1.0,0.0,0.0,0.0,0.0,False
C000134,P0139,E09,F034,Licitación Pública,Servicio de limpieza y vigilancia,84186.63,2025-07-28,False,False,84186.63,-0.10964982351283076,0.0,0.0,0.0,0.0,1.0,False
C002236,P0019,E00,F041,Adjudicación Simplificada,Servicio de limpieza y vigilancia,166333.67,2023-11-07,False,False,166333.67,0.7195431745673012,1.0,0.0,0.0,0.0,0.0,False
C000949,P0198,E05,F052,Comparación de Precios,Servicio de limpieza y vigilancia,61530.634999999995,2025-01-04,False,False,61530.634999999995,-0.3383396511504241,0.0,1.0,0.0,0.0,0.0,True
C001517,P0209,E15,F035,Adjudicación Simplificada,Adquisición de materiales de construcción,52934.98,2025-11-13,False,False,52934.98,-0.42510427395256606,1.0,0.0,0.0,0.0,0.0,False
C000033,P0018,E13,F056,Comparación de Precios,Suministro de combustible,55996.63,2026-05-08,False,False,55996.63,-0.394199949918833,0.0,1.0,0.0,0.0,0.0,True
C002170,P0126,E16,F002,Adjudicación Simplificada,Obra de rehabilitación vial,68305.38,2026-02-19,False,False,68305.38,-0.2699553110965598,1.0,0.0,0.0,0.0,0.0,False
C003474,P0014,E11,F054,Licitación Pública,Servicio de transporte,14360.16,2026-04-18,False,False,14360.16,-0.8144788715789861,0.0,0.0,0.0,0.0,1.0,False
C001805,P0205,E17,F012,Concurso Público,Servicio de transporte,305909.79,2024-03-21,False,False,305909.79,2.1284258488936336,0.0,0.0,1.0,0.0,0.0,False
C002884,P0004,E15,F035,Comparación de Precios,Adquisición de equipos informáticos,64683.825,2026-03-20,False,False,64683.825,-0.30651132149160387,0.0,1.0,0.0,0.0,0.0,True
C000712,P0129,E12,F021,Contratación Directa,Obra de rehabilitación vial,79011.14,2024-04-19,False,False,79011.14,-0.16189126848313945,0.0,0.0,0.0,1.0,0.0,True
C002615,P0133,E00,F010,Contratación Directa,Obra de rehabilitación vial,56533.35,2024-10-13,False,False,56533.35,-0.38878229316662904,0.0,0.0,0.0,1.0,0.0,True
C900019,P0051,E08,F028,Contratación Directa,Adquisición de bienes de oficina,257990.31,2024-11-12,True,False,257990.31,1.6447261649166955,0.0,0.0,0.0,1.0,0.0,True
C000879,P0129,E04,F053,Comparación de Precios,Servicio de capacitación,24651.92,2024-09-09,False,False,24651.92,-0.71059374887802,0.0,1.0,0.0,0.0,0.0,True
C001580,P0010,E09,F043,Adjudicación Simplificada,Servicio de transporte,83829.83,2025-06-27,False,False,83829.83,-0.11325136608472372,1.0,0.0,0.0,0.0,0.0,False
C001345,P0149,E15,F035,Adjudicación Simplificada,Suministro de combustible,180086.49,2023-02-10,False,False,180086.49,0.8583642696165735,1.0,0.0,0.0,0.0,0.0,False
C001272,P0038,E10,F008,Comparación de Precios,Consultoría en ingeniería,107315.15,2024-02-02,False,False,107315.15,0.12380967594029965,0.0,1.0,0.0,0.0,0.0,True
C001977,P0017,E00,F038,Adjudicación Simplificada,Adquisición de equipos informáticos,91125.85,2024-05-23,False,False,91125.85,-0.03960527125461654,1.0,0.0,0.0,0.0,0.0,False
C000457,P0195,E14,F040,Comparación de Precios,Adquisición de materiales de construcción,53007.82,2025-12-21,False,False,53007.82,-0.424369026304201,0.0,1.0,0.0,0.0,0.0,True
C000785,P0052,E14,F029,Adjudicación Simplificada,Adquisición de materiales de construcción,27847.67,2025-01-26,False,False,27847.67,-0.6783358181769918,1.0,0.0,0.0,0.0,0.0,False
C002053,P0179,E12,F021,Comparación de Precios,Consultoría en ingeniería,73190.59,2026-02-07,False,False,73190.59,-0.22064395518950541,0.0,1.0,0.0,0.0,0.0,True
C002234,P0114,E07,F013,Adjudicación Simplificada,Adquisición de materiales de construcción,54365.29,2025-01-24,False,False,54365.29,-0.4106667112956037,1.0,0.0,0.0,0.0,0.0,False
C001577,P0101,E01,F017,Comparación de Precios,Adquisición de materiales de construcción,152656.05,2025-06-13,False,False,152656.05,0.5814811490286963,0.0,1.0,0.0,0.0,0.0,True
C003023,P0215,E03,F000,Adjudicación Simplificada,Servicio de mantenimiento de infraestructura,102797.03,2025-04-28,False,False,102797.03,0.07820372996238248,1.0,0.0,0.0,0.0,0.0,False
C000183,P0104,E10,F004,Comparación de Precios,Servicio de capacitación,12955.62,2023-08-15,False,False,12955.62,-0.8286563116124125,0.0,1.0,0.0,0.0,0.0,True
C000270,P0124,E16,F057,Adjudicación Simplificada,Suministro de combustible,41035.53,2023-03-22,False,False,41035.53,-0.5452174347068017,1.0,0.0,0.0,0.0,0.0,False
C000351,P0213,E02,F025,Comparación de Precios,Servicio de transporte,33400.28,2024-02-28,False,False,33400.28,-0.6222877203627587,0.0,1.0,0.0,0.0,0.0,True
C000070,P0175,E09,F033,Adjudicación Simplificada,Servicio de limpieza y vigilancia,25551.79,2024-09-22,False,False,25551.79,-0.7015104525939133,1.0,0.0,0.0,0.0,0.0,False
C001161,P0128,E03,F000,Concurso Público,Servicio de transporte,57864.52,2026-02-25,False,False,57864.52,-0.37534545060657665,0.0,0.0,1.0,0.0,0.0,False
C002517,P0055,E02,F051,Adjudicación Simplificada,Servicio de capacitación,13585.78,2024-07-02,False,False,13585.78,-0.8222954706171657,1.0,0.0,0.0,0.0,0.0,False
C000251,P0008,E00,F038,Contratación Directa,Adquisición de bienes de oficina,86137.33,2023-02-03,False,False,86137.33,-0.08995943927798905,0.0,0.0,0.0,1.0,0.0,True
C003076,P0011,E16,F042,Adjudicación Simplificada,Servicio de capacitación,54618.11,2024-07-14,False,False,54618.11,-0.40811474382636054,1.0,0.0,0.0,0.0,0.0,False
C001070,P0202,E15,F035,Adjudicación Simplificada,Servicio de capacitación,201138.48,2024-10-16,False,False,201138.48,1.0708632556257223,1.0,0.0,0.0,0.0,0.0,False
C000705,P0080,E04,F030,Adjudicación Simplificada,Servicio de capacitación,42726.31,2026-01-31,False,False,42726.31,-0.5281506854083009,1.0,0.0,0.0,0.0,0.0,False
C000478,P0072,E07,F036,Concurso Público,Consultoría en ingeniería,34664.18,2024-06-20,False,False,34664.18,-0.6095299018184329,0.0,0.0,1.0,0.0,0.0,False
C000776,P0167,E09,F033,Licitación Pública,Servicio de limpieza y vigilancia,86099.86,2026-02-08,False,False,86099.86,-0.09033766181209453,0.0,0.0,0.0,0.0,1.0,False
C001992,P0180,E14,F029,Adjudicación Simplificada,Adquisición de equipos informáticos,34586.2,2023-12-10,False,False,34586.2,-0.610317032675373,1.0,0.0,0.0,0.0,0.0,False
C000179,P0203,E03,F000,Adjudicación Simplificada,Adquisición de materiales de construcción,53651.92,2023-01-03,False,False,53651.92,-0.41786747481721603,1.0,0.0,0.0,0.0,0.0,False
C000538,P0189,E14,F029,Adjudicación Simplificada,Servicio de mantenimiento de infraestructura,25201.46,2024-09-24,False,False,25201.46,-0.7050466869246621,1.0,0.0,0.0,0.0,0.0,False
C002956,P0006,E11,F054,Adjudicación Simplificada,Servicio de mantenimiento de infraestructura,402378.82,2026-03-01,False,False,402378.82,3.102185149381907,1.0,0.0,0.0,0.0,0.0,False
C000461,P0003,E17,F031,Adjudicación Simplificada,Servicio de limpieza y vigilancia,176461.18,2024-01-18,False,False,176461.18,0.8217703562160434,1.0,0.0,0.0,0.0,0.0,False
C000443,P0102,E00,F038,Adjudicación Simplificada,Consultoría en ingeniería,72633.5,2025-09-05,False,False,72633.5,-0.22626722691421342,1.0,0.0,0.0,0.0,0.0,False
C000862,P0196,E00,F041,Comparación de Precios,Adquisición de equipos informáticos,57520.98,2025-05-07,False,False,57520.98,-0.37881314661315757,0.0,1.0,0.0,0.0,0.0,True
C000881,P0033,E17,F012,Adjudicación Simplificada,Servicio de capacitación,108548.51,2025-10-15,False,False,108548.51,0.13625922343601116,1.0,0.0,0.0,0.0,0.0,False
C001677,P0086,E17,F003,Adjudicación Simplificada,Consultoría en ingeniería,28317.69,2025-05-05,False,False,28317.69,-0.6735914318551277,1.0,0.0,0.0,0.0,0.0,False
C002164,P0155,E07,F036,Adjudicación Simplificada,Adquisición de bienes de oficina,60560.12,2024-01-31,False,False,60560.12,-0.3481360387321523,1.0,0.0,0.0,0.0,0.0,False
C001204,P0150,E14,F016,Comparación de Precios,Servicio de capacitación,123968.92,2023-01-06,False,False,123968.92,0.29191298770463053,0.0,1.0,0.0,0.0,0.0,True
C900001,P0168,E17,F003,Comparación de Precios,Suministro de combustible,66928.83,2024-02-19,True,False,66928.83,-0.28385021980547015,0.0,1.0,0.0,0.0,0.0,True
C002318,P0047,E03,F000,Comparación de Precios,Servicio de mantenimiento de infraestructura,97091.33,2025-09-08,False,False,97091.33,0.020610340241391852,0.0,1.0,0.0,0.0,0.0,True
C003041,P0162,E14,F029,Adjudicación Simplificada,Servicio de transporte,28309.33,2025-01-03,False,False,28309.33,-0.6736758177741329,1.0,0.0,0.0,0.0,0.0,False
C800009,P0093,E16,F057,Adjudicación Simplificada,Servicio de limpieza y vigilancia,144741.75,2025-01-18,False,True,144741.75,0.5015941300356129,1.0,0.0,0.0,0.0,0.0,False
C000937,P0160,E07,F036,Comparación de Precios,Servicio de mantenimiento de infraestructura,128821.62,2026-05-08,False,False,128821.62,0.3408961873644534,0.0,1.0,0.0,0.0,0.0,True
C000229,P0124,E05,F037,Contratación Directa,Servicio de limpieza y vigilancia,112742.07,2023-01-02,False,False,112742.07,0.17858905770671557,0.0,0.0,0.0,1.0,0.0,True
C002867,P0051,E12,F050,Comparación de Precios,Servicio de limpieza y vigilancia,43041.78,2024-01-30,False,False,43041.78,-0.5249663282469919,0.0,1.0,0.0,0.0,0.0,True
C001284,P0218,E00,F010,Concurso Público,Servicio de capacitación,88612.69,2023-11-15,False,False,88612.69,-0.06497313204491485,0.0,0.0,1.0,0.0,0.0,False
C002321,P0149,E03,F000,Adjudicación Simplificada,Obra de rehabilitación vial,137524.59,2025-07-10,False,False,137524.59,0.4287440487907622,1.0,0.0,0.0,0.0,0.0,False
C000842,P0093,E05,F001,Comparación de Precios,Adquisición de materiales de construcción,122285.5,2025-07-01,False,False,122285.5,0.2749205303156844,0.0,1.0,0.0,0.0,0.0,True
C001602,P0107,E10,F004,Adjudicación Simplificada,Consultoría en ingeniería,111203.59,2023-06-30,False,False,111203.59,0.16305962604750632,1.0,0.0,0.0,0.0,0.0,False
C001406,P0092,E08,F014,Comparación de Precios,Servicio de limpieza y vigilancia,35158.52,2026-06-18,False,False,35158.52,-0.6045400291867358,0.0,1.0,0.0,0.0,0.0,True
C000549,P0218,E14,F040,Comparación de Precios,Servicio de capacitación,161837.9,2025-11-23,False,False,161837.9,0.6741628297005996,0.0,1.0,0.0,0.0,0.0,True
C000501,P0186,E01,F048,Comparación de Precios,Obra de rehabilitación vial,45537.71,2026-02-12,False,False,45537.71,-0.49977238723952344,0.0,1.0,0.0,0.0,0.0,True
C002741,P0214,E02,F011,Comparación de Precios,Suministro de combustible,56536.03,2023-05-04,False,False,56536.03,-0.38875524122130206,0.0,1.0,0.0,0.0,0.0,True
C002163,P0110,E09,F027,Concurso Público,Consultoría en ingeniería,59683.19,2023-03-18,False,False,59683.19,-0.35698777843946755,0.0,0.0,1.0,0.0,0.0,False
C000279,P0084,E14,F016,Comparación de Precios,Servicio de capacitación,14620.51,2023-02-21,False,False,14620.51,-0.8118508962185816,0.0,1.0,0.0,0.0,0.0,True
C001064,P0172,E10,F008,Contratación Directa,Servicio de capacitación,216175.34,2023-10-18,False,False,216175.34,1.222645462569651,0.0,0.0,0.0,1.0,0.0,True
C002185,P0029,E13,F055,Adjudicación Simplificada,Consultoría en ingeniería,16928.39,2024-08-09,False,False,16928.39,-0.7885551336882558,1.0,0.0,0.0,0.0,0.0,False
C000149,P0143,E01,F048,Comparación de Precios,Adquisición de materiales de construcción,285340.42,2024-07-21,False,False,285340.42,1.9207984337254242,0.0,1.0,0.0,0.0,0.0,True
C001569,P0134,E17,F012,Licitación Pública,Servicio de capacitación,49988.59,2024-03-28,False,False,49988.59,-0.4548451624570493,0.0,0.0,0.0,0.0,1.0,False
C002606,P0193,E03,F000,Adjudicación Simplificada,Servicio de capacitación,47063.85,2025-02-09,False,False,47063.85,-0.4843675156569319,1.0,0.0,0.0,0.0,0.0,False
C000211,P0093,E03,F000,Licitación Pública,Adquisición de materiales de construcción,100675.78,2024-03-26,False,False,100675.78,0.056791812415779706,0.0,0.0,0.0,0.0,1.0,False
C002095,P0079,E00,F041,Contratación Directa,Adquisición de equipos informáticos,48419.69,2025-05-10,False,False,48419.69,-0.4706816538837387,0.0,0.0,0.0,1.0,0.0,True
C000798,P0166,E13,F056,Comparación de Precios,Adquisición de equipos informáticos,19919.11,2024-04-20,False,False,19919.11,-0.7583667777448376,0.0,1.0,0.0,0.0,0.0,True
C000439,P0175,E13,F058,Contratación Directa,Servicio de limpieza y vigilancia,21009.14,2023-05-05,False,False,21009.14,-0.747364004623648,0.0,0.0,0.0,1.0,0.0,True
C000479,P0127,E08,F022,Adjudicación Simplificada,Servicio de limpieza y vigilancia,180762.72,2023-06-26,False,False,180762.72,0.8651901416271991,1.0,0.0,0.0,0.0,0.0,False
C003241,P0087,E03,F000,Adjudicación Simplificada,Servicio de capacitación,135812.44,2024-01-31,False,False,135812.44,0.4114615905103069,1.0,0.0,0.0,0.0,0.0,False
C000408,P0097,E02,F011,Adjudicación Simplificada,Consultoría en ingeniería,47295.28,2023-12-23,False,False,47295.28,-0.4820314590498322,1.0,0.0,0.0,0.0,0.0,False
C000410,P0003,E01,F018,Concurso Público,Servicio de limpieza y vigilancia,97603.49,2024-05-17,False,False,97603.49,0.025780088121494692,0.0,0.0,1.0,0.0,0.0,False
C003382,P0063,E11,F007,Adjudicación Simplificada,Servicio de capacitación,24625.44,2024-04-10,False,False,24625.44,-0.7108610382482657,1.0,0.0,0.0,0.0,0.0,False
C003195,P0136,E11,F007,Comparación de Precios,Servicio de limpieza y vigilancia,106082.25,2026-03-22,False,False,106082.25,0.1113647716889354,0.0,1.0,0.0,0.0,0.0,True
C001613,P0113,E05,F047,Adjudicación Simplificada,Adquisición de bienes de oficina,67111.96,2026-05-09,False,False,67111.96,-0.2820017038548234,1.0,0.0,0.0,0.0,0.0,False
C002442,P0195,E09,F027,Contratación Directa,Obra de rehabilitación vial,13601.84,2023-10-03,False,False,13601.84,-0.8221333608253927,0.0,0.0,0.0,1.0,0.0,True
C002509,P0098,E04,F053,Comparación de Precios,Servicio de mantenimiento de infraestructura,90050.88,2026-06-17,False,False,90050.88,-0.05045602859348353,0.0,1.0,0.0,0.0,0.0,True
C001047,P0114,E09,F033,Adjudicación Simplificada,Obra de rehabilitación vial,70841.89,2024-01-08,False,False,70841.89,-0.24435175518559538,1.0,0.0,0.0,0.0,0.0,False
C003426,P0092,E17,F031,Contratación Directa,Suministro de combustible,173751.22,2024-11-04,False,False,173751.22,0.7944159943659119,0.0,0.0,0.0,1.0,0.0,True
C000051,P0003,E14,F016,Contratación Directa,Suministro de combustible,45897.28,2023-01-07,False,False,45897.28,-0.496142884261453,0.0,0.0,0.0,1.0,0.0,True
C002855,P0059,E01,F048,Adjudicación Simplificada,Servicio de capacitación,43246.26,2025-09-12,False,False,43246.26,-0.5229023051945796,1.0,0.0,0.0,0.0,0.0,False
C000291,P0157,E05,F037,Comparación de Precios,Adquisición de bienes de oficina,53894.08,2025-08-11,False,False,53894.08,-0.41542310948871375,0.0,1.0,0.0,0.0,0.0,True
C003028,P0026,E04,F019,Adjudicación Simplificada,Obra de rehabilitación vial,20623.81,2023-07-02,False,False,20623.81,-0.7512535292851601,1.0,0.0,0.0,0.0,0.0,False
C002507,P0099,E12,F021,Adjudicación Simplificada,Consultoría en ingeniería,11409.97,2025-08-28,False,False,11409.97,-0.8442581173193807,1.0,0.0,0.0,0.0,0.0,False
C000761,P0197,E07,F036,Adjudicación Simplificada,Servicio de transporte,311175.44,2025-08-09,False,False,311175.44,2.1815773697559884,1.0,0.0,0.0,0.0,0.0,False
C800015,P0147,E17,F012,Adjudicación Simplificada,Adquisición de bienes de oficina,164418.36,2025-12-12,False,True,164418.36,0.7002100173269079,1.0,0.0,0.0,0.0,0.0,False
C002506,P0073,E09,F033,Adjudicación Simplificada,Obra de rehabilitación vial,88634.84,2025-06-20,False,False,88634.84,-0.06474954973558916,1.0,0.0,0.0,0.0,0.0,False
C001221,P0218,E14,F016,Concurso Público,Adquisición de equipos informáticos,64536.18,2023-06-17,False,False,64536.18,-0.30800165151690406,0.0,0.0,1.0,0.0,0.0,False
C002897,P0113,E06,F039,Licitación Pública,Adquisición de bienes de oficina,103978.67,2023-05-20,False,False,103978.67,0.09013121528932069,0.0,0.0,0.0,0.0,1.0,False
C000299,P0038,E12,F050,Adjudicación Simplificada,Servicio de transporte,15168.82,2023-07-08,False,False,15168.82,-0.8063162498968479,1.0,0.0,0.0,0.0,0.0,False
C002008,P0134,E07,F036,Licitación Pública,Adquisición de materiales de construcción,32680.52,2024-01-22,False,False,32680.52,-0.6295529846047588,0.0,0.0,0.0,0.0,1.0,False
C000139,P0027,E10,F008,Comparación de Precios,Adquisición de equipos informáticos,62580.71,2024-11-15,False,False,62580.71,-0.3277401841768241,0.0,1.0,0.0,0.0,0.0,True
C001073,P0121,E10,F008,Comparación de Precios,Servicio de mantenimiento de infraestructura,515796.68,2024-08-02,False,False,515796.68,4.2470261000629375,0.0,1.0,0.0,0.0,0.0,True
C002252,P0195,E05,F001,Adjudicación Simplificada,Adquisición de materiales de construcción,59355.59,2026-03-12,False,False,59355.59,-0.36029457593540964,1.0,0.0,0.0,0.0,0.0,False
C001876,P0024,E08,F020,Adjudicación Simplificada,Servicio de limpieza y vigilancia,61555.14,2024-11-07,False,False,61555.14,-0.33809229744884267,1.0,0.0,0.0,0.0,0.0,False
C000809,P0045,E00,F010,Adjudicación Simplificada,Consultoría en ingeniería,129203.96,2023-01-26,False,False,129203.96,0.34475553093770894,1.0,0.0,0.0,0.0,0.0,False
C003421,P0027,E10,F026,Licitación Pública,Servicio de limpieza y vigilancia,120711.87,2023-05-31,False,False,120711.87,0.25903629422429464,0.0,0.0,0.0,0.0,1.0,False
C002902,P0103,E07,F036,Adjudicación Simplificada,Adquisición de equipos informáticos,67705.63,2025-06-16,False,False,67705.63,-0.27600919326442075,1.0,0.0,0.0,0.0,0.0,False
C002924,P0054,E07,F013,Comparación de Precios,Servicio de limpieza y vigilancia,83282.2,2024-08-16,False,False,83282.2,-0.11877914848003128,0.0,1.0,0.0,0.0,0.0,True
C003103,P0105,E15,F035,Comparación de Precios,Suministro de combustible,74272.88,2023-08-22,False,False,74272.88,-0.20971930970146163,0.0,1.0,0.0,0.0,0.0,True
C000557,P0172,E02,F025,Comparación de Precios,Servicio de transporte,30195.37,2025-04-14,False,False,30195.37,-0.6546381121903523,0.0,1.0,0.0,0.0,0.0,True
C900030,P0000,E15,F035,Comparación de Precios,Adquisición de bienes de oficina,50610.32,2025-11-20,True,False,50610.32,-0.44856941396146915,0.0,1.0,0.0,0.0,0.0,True
C000929,P0003,E16,F002,Adjudicación Simplificada,Servicio de mantenimiento de infraestructura,25628.88,2024-11-16,False,False,25628.88,-0.7007323054053839,1.0,0.0,0.0,0.0,0.0,False
C003117,P0118,E09,F046,Contratación Directa,Adquisición de bienes de oficina,45867.19,2026-02-21,False,False,45867.19,-0.49644661300581466,0.0,0.0,0.0,1.0,0.0,True
C000578,P0035,E17,F003,Comparación de Precios,Servicio de mantenimiento de infraestructura,56918.28,2023-03-04,False,False,56918.28,-0.38489680610889715,0.0,1.0,0.0,0.0,0.0,True
C002857,P0180,E09,F033,Comparación de Precios,Servicio de capacitación,106100.1,2023-06-03,False,False,106100.1,0.1115449497576246,0.0,1.0,0.0,0.0,0.0,True
C003156,P0108,E07,F036,Adjudicación Simplificada,Adquisición de equipos informáticos,69519.2,2024-08-24,False,False,69519.2,-0.25770300054550865,1.0,0.0,0.0,0.0,0.0,False
C001886,P0180,E12,F021,Adjudicación Simplificada,Adquisición de bienes de oficina,41191.57,2023-11-23,False,False,41191.57,-0.5436423654721656,1.0,0.0,0.0,0.0,0.0,False
C000358,P0188,E12,F050,Licitación Pública,Consultoría en ingeniería,81946.27,2024-01-28,False,False,81946.27,-0.1322640385250674,0.0,0.0,0.0,0.0,1.0,False
C001398,P0176,E15,F035,Concurso Público,Servicio de transporte,79366.34,2023-11-15,False,False,79366.34,-0.15830587632636714,0.0,0.0,1.0,0.0,0.0,False
C002697,P0024,E16,F057,Contratación Directa,Adquisición de materiales de construcción,1047863.18,2023-05-03,False,False,534351.0878000001,4.434314467742205,0.0,0.0,0.0,1.0,0.0,True
C001778,P0128,E10,F008,Adjudicación Simplificada,Servicio de mantenimiento de infraestructura,82249.96,2025-11-20,False,False,82249.96,-0.12919858879508375,1.0,0.0,0.0,0.0,0.0,False
C000573,P0217,E13,F056,Concurso Público,Adquisición de bienes de oficina,8868.29,2024-11-10,False,False,8868.29,-0.8699138592592037,0.0,0.0,1.0,0.0,0.0,False
C000650,P0085,E14,F040,Comparación de Precios,Servicio de transporte,7748.63,2024-05-12,False,False,7748.63,-0.8812157178804078,0.0,1.0,0.0,0.0,0.0,True
C000184,P0216,E01,F048,Licitación Pública,Servicio de transporte,14701.88,2024-01-05,False,False,14701.88,-0.8110295466696048,0.0,0.0,0.0,0.0,1.0,False
C000599,P0091,E09,F027,Licitación Pública,Adquisición de equipos informáticos,143526.89,2025-04-11,False,False,143526.89,0.48933132171473354,0.0,0.0,0.0,0.0,1.0,False
C001832,P0074,E03,F000,Comparación de Precios,Servicio de limpieza y vigilancia,347338.36,2024-12-22,False,False,347338.36,2.5466062259890543,0.0,1.0,0.0,0.0,0.0,True
C001078,P0088,E12,F050,Concurso Público,Adquisición de bienes de oficina,104754.0,2023-09-18,False,False,104754.0,0.09795740363647806,0.0,0.0,1.0,0.0,0.0,False
C003208,P0135,E09,F043,Comparación de Precios,Suministro de combustible,153496.15,2025-04-01,False,False,153496.15,0.5899611263679544,0.0,1.0,0.0,0.0,0.0,True
C001727,P0118,E15,F035,Comparación de Precios,Adquisición de bienes de oficina,20246.16,2024-12-31,False,False,20246.16,-0.7550655319540933,0.0,1.0,0.0,0.0,0.0,True
C001163,P0041,E03,F000,Adjudicación Simplificada,Consultoría en ingeniería,101883.57,2024-12-17,False,False,101883.57,0.06898325608984525,1.0,0.0,0.0,0.0,0.0,False
C000621,P0213,E14,F029,Licitación Pública,Servicio de mantenimiento de infraestructura,159347.29,2023-11-25,False,False,159347.29,0.6490225888234074,0.0,0.0,0.0,0.0,1.0,False
C003410,P0022,E10,F004,Adjudicación Simplificada,Servicio de limpieza y vigilancia,65943.58,2024-09-28,False,False,65943.58,-0.29379534261644974,1.0,0.0,0.0,0.0,0.0,False
C003403,P0059,E10,F026,Comparación de Precios,Servicio de capacitación,65727.925,2025-06-28,False,False,65727.925,-0.2959721662244698,0.0,1.0,0.0,0.0,0.0,True
C900049,P0138,E00,F010,Contratación Directa,Servicio de mantenimiento de infraestructura,148213.33,2024-03-18,True,False,148213.33,0.5366362913633372,0.0,0.0,0.0,1.0,0.0,True
C001954,P0211,E13,F058,Adjudicación Simplificada,Servicio de transporte,13379.12,2025-02-18,False,False,13379.12,-0.8243814986101796,1.0,0.0,0.0,0.0,0.0,False
C000594,P0095,E14,F029,Adjudicación Simplificada,Adquisición de materiales de construcción,269549.34,2023-09-25,False,False,269549.34,1.7614031229738356,1.0,0.0,0.0,0.0,0.0,False
C002570,P0140,E07,F013,Adjudicación Simplificada,Adquisición de equipos informáticos,95051.64,2023-01-07,False,False,95051.64,2.1690105561444223e-05,1.0,0.0,0.0,0.0,0.0,False
C001488,P0159,E17,F003,Adjudicación Simplificada,Adquisición de materiales de construcción,31494.66,2023-04-12,False,False,31494.66,-0.6415230666515777,1.0,0.0,0.0,0.0,0.0,False
C002854,P0076,E13,F058,Contratación Directa,Consultoría en ingeniería,46031.11,2025-02-14,False,False,46031.11,-0.4947920029767096,0.0,0.0,0.0,1.0,0.0,True
C001766,P0023,E13,F055,Comparación de Precios,Consultoría en ingeniería,35376.19,2023-01-16,False,False,35376.19,-0.6023428661496731,0.0,1.0,0.0,0.0,0.0,True
C003093,P0202,E11,F054,Contratación Directa,Suministro de combustible,50740.83,2024-02-10,False,False,50740.83,-0.447252044788101,0.0,0.0,0.0,1.0,0.0,True
C001376,P0092,E17,F031,Adjudicación Simplificada,Adquisición de materiales de construcción,101960.35,2026-03-09,False,False,101960.35,0.06975827413544484,1.0,0.0,0.0,0.0,0.0,False
C000810,P0099,E00,F010,Contratación Directa,Obra de rehabilitación vial,120139.87,2023-11-23,False,False,120139.87,0.2532625208186815,0.0,0.0,0.0,1.0,0.0,True
C001251,P0019,E09,F033,Comparación de Precios,Adquisición de materiales de construcción,88735.54,2025-09-30,False,False,88735.54,-0.06373308298393668,0.0,1.0,0.0,0.0,0.0,True
C001904,P0030,E06,F006,Licitación Pública,Adquisición de equipos informáticos,73844.66,2025-02-09,False,False,73844.66,-0.21404176642830017,0.0,0.0,0.0,0.0,1.0,False
C003351,P0088,E12,F021,Contratación Directa,Adquisición de equipos informáticos,64683.825,2025-12-15,False,False,64683.825,-0.30651132149160387,0.0,0.0,0.0,1.0,0.0,True
C002820,P0073,E10,F008,Comparación de Precios,Obra de rehabilitación vial,77663.09,2025-09-20,False,False,77663.09,-0.1754984979227142,0.0,1.0,0.0,0.0,0.0,True
C003338,P0102,E15,F035,Comparación de Precios,Adquisición de materiales de construcción,21525.12,2024-04-13,False,False,21525.12,-0.7421556976274448,0.0,1.0,0.0,0.0,0.0,True
C000052,P0011,E00,F010,Contratación Directa,Suministro de combustible,16375.27,2023-11-01,False,False,16375.27,-0.7941383321954458,0.0,0.0,0.0,1.0,0.0,True
C002505,P0071,E01,F017,Concurso Público,Obra de rehabilitación vial,92402.02,2024-03-27,False,False,92402.02,-0.026723599214334624,0.0,0.0,1.0,0.0,0.0,False
C003253,P0164,E00,F010,Adjudicación Simplificada,Adquisición de materiales de construcción,534552.95,2025-09-24,False,False,534351.0878000001,4.434314467742205,1.0,0.0,0.0,0.0,0.0,False
C000432,P0077,E14,F016,Concurso Público,Consultoría en ingeniería,57845.16,2024-06-17,False,False,57845.16,-0.3755408706295358,0.0,0.0,1.0,0.0,0.0,False
C000402,P0020,E02,F025,Comparación de Precios,Obra de rehabilitación vial,40958.86,2024-07-29,False,False,40958.86,-0.5459913424113618,0.0,1.0,0.0,0.0,0.0,True
C001421,P0056,E09,F043,Comparación de Precios,Adquisición de bienes de oficina,24471.05,2024-12-14,False,False,24471.05,-0.7124194523673087,0.0,1.0,0.0,0.0,0.0,True
C003260,P0176,E16,F042,Adjudicación Simplificada,Servicio de capacitación,51526.06,2023-02-11,False,False,51526.06,-0.439325925747385,1.0,0.0,0.0,0.0,0.0,False
C000670,P0137,E00,F038,Adjudicación Simplificada,Suministro de combustible,16423.94,2025-11-20,False,False,16423.94,-0.7936470567554963,1.0,0.0,0.0,0.0,0.0,False
C001228,P0081,E13,F056,Comparación de Precios,Servicio de transporte,160704.59,2023-08-10,False,False,160704.59,0.6627231878503979,0.0,1.0,0.0,0.0,0.0,True
C002655,P0130,E06,F039,Licitación Pública,Servicio de mantenimiento de infraestructura,32480.92,2026-04-11,False,False,32480.92,-0.6315677488910533,0.0,0.0,0.0,0.0,1.0,False
C003020,P0046,E01,F017,Licitación Pública,Servicio de mantenimiento de infraestructura,552380.44,2023-07-20,False,False,534351.0878000001,4.434314467742205,0.0,0.0,0.0,0.0,1.0,False
C000144,P0157,E04,F053,Adjudicación Simplificada,Suministro de combustible,74401.49,2026-04-17,False,False,74401.49,-0.20842111914604922,1.0,0.0,0.0,0.0,0.0,False
C003487,P0086,E10,F004,Licitación Pública,Adquisición de bienes de oficina,41437.14,2024-09-23,False,False,41437.14,-0.5411635795714376,0.0,0.0,0.0,0.0,1.0,False
C002392,P0073,E03,F000,Comparación de Precios,Consultoría en ingeniería,18183.64,2025-12-29,False,False,18183.64,-0.7758846283256757,0.0,1.0,0.0,0.0,0.0,True
C001847,P0212,E10,F004,Comparación de Precios,Servicio de mantenimiento de infraestructura,50675.84,2024-10-02,False,False,50675.84,-0.44790805446228077,0.0,1.0,0.0,0.0,0.0,True
C000076,P0085,E12,F050,Contratación Directa,Obra de rehabilitación vial,54934.64,2023-09-24,False,False,54934.64,-0.4049196870150341,0.0,0.0,0.0,1.0,0.0,True
C001116,P0132,E04,F019,Adjudicación Simplificada,Adquisición de bienes de oficina,45580.62,2024-07-23,False,False,45580.62,-0.4993392532940079,1.0,0.0,0.0,0.0,0.0,False
C001910,P0004,E01,F017,Adjudicación Simplificada,Servicio de capacitación,711704.55,2026-05-09,False,False,534351.0878000001,4.434314467742205,1.0,0.0,0.0,0.0,0.0,False
C000315,P0162,E03,F000,Comparación de Precios,Servicio de mantenimiento de infraestructura,51750.51,2026-03-21,False,False,51750.51,-0.43706032532624883,0.0,1.0,0.0,0.0,0.0,True
C000017,P0033,E05,F045,Licitación Pública,Adquisición de materiales de construcción,55937.88,2023-03-12,False,False,55937.88,-0.39479297297404237,0.0,0.0,0.0,0.0,1.0,False
C003407,P0044,E11,F049,Adjudicación Simplificada,Adquisición de equipos informáticos,72649.04,2024-10-11,False,False,72649.04,-0.2261103660073547,1.0,0.0,0.0,0.0,0.0,False
C001588,P0058,E06,F006,Comparación de Precios,Servicio de capacitación,53383.36,2025-04-04,False,False,53383.36,-0.42057832199520806,0.0,1.0,0.0,0.0,0.0,True
C001330,P0143,E04,F053,Concurso Público,Servicio de mantenimiento de infraestructura,22784.02,2025-06-01,False,False,22784.02,-0.7294483491303708,0.0,0.0,1.0,0.0,0.0,False
C000755,P0112,E09,F046,Adjudicación Simplificada,Obra de rehabilitación vial,186830.44,2025-02-09,False,False,186830.44,0.9264377646494136,1.0,0.0,0.0,0.0,0.0,False
C001866,P0054,E14,F016,Licitación Pública,Suministro de combustible,55019.98,2023-04-01,False,False,55019.98,-0.4040582642485393,0.0,0.0,0.0,0.0,1.0,False
C000564,P0037,E04,F030,Contratación Directa,Adquisición de bienes de oficina,655187.49,2023-11-12,False,False,534351.0878000001,4.434314467742205,0.0,0.0,0.0,1.0,0.0,True
C002932,P0190,E17,F012,Comparación de Precios,Suministro de combustible,73141.83,2024-03-03,False,False,73141.83,-0.22113613909030552,0.0,1.0,0.0,0.0,0.0,True
C002582,P0165,E07,F013,Adjudicación Simplificada,Adquisición de bienes de oficina,106883.43,2024-08-29,False,False,106883.43,0.11945189018038481,1.0,0.0,0.0,0.0,0.0,False
C002847,P0058,E11,F054,Licitación Pública,Servicio de limpieza y vigilancia,66131.64,2023-09-18,False,False,66131.64,-0.2918970631992127,0.0,0.0,0.0,0.0,1.0,False
C003075,P0071,E07,F023,Comparación de Precios,Servicio de capacitación,316052.52,2025-12-18,False,False,316052.52,2.2308066613662114,0.0,1.0,0.0,0.0,0.0,True
C000978,P0219,E11,F054,Adjudicación Simplificada,Consultoría en ingeniería,33665.92,2023-05-07,False,False,33665.92,-0.6196063476923618,1.0,0.0,0.0,0.0,0.0,False
C002092,P0107,E04,F030,Adjudicación Simplificada,Servicio de capacitación,70035.54,2024-01-09,False,False,70035.54,-0.25249105970590335,1.0,0.0,0.0,0.0,0.0,False
C002614,P0163,E14,F029,Concurso Público,Adquisición de materiales de construcción,19906.32,2026-04-10,False,False,19906.32,-0.758495880125708,0.0,0.0,1.0,0.0,0.0,False
C001694,P0152,E17,F031,Licitación Pública,Adquisición de materiales de construcción,10030.45,2023-04-23,False,False,10030.45,-0.8581830052363587,0.0,0.0,0.0,0.0,1.0,False
C002268,P0085,E12,F021,Adjudicación Simplificada,Servicio de mantenimiento de infraestructura,52483.62,2025-08-26,False,False,52483.62,-0.42966030605808625,1.0,0.0,0.0,0.0,0.0,False
C003394,P0004,E15,F035,Comparación de Precios,Obra de rehabilitación vial,108509.01,2025-06-11,False,False,108509.01,0.13586051006272143,0.0,1.0,0.0,0.0,0.0,True
C002601,P0118,E15,F035,Adjudicación Simplificada,Suministro de combustible,164305.87,2023-05-18,False,False,164305.87,0.6990745422038356,1.0,0.0,0.0,0.0,0.0,False
C000486,P0207,E10,F026,Adjudicación Simplificada,Adquisición de bienes de oficina,63318.91,2023-05-24,False,False,63318.91,-0.320288786400559,1.0,0.0,0.0,0.0,0.0,False
C000387,P0209,E10,F026,Adjudicación Simplificada,Suministro de combustible,124222.4,2024-08-31,False,False,124222.4,0.29447161722011095,1.0,0.0,0.0,0.0,0.0,False
C001483,P0080,E00,F041,Comparación de Precios,Obra de rehabilitación vial,20053.38,2024-08-13,False,False,20053.38,-0.757011455095936,0.0,1.0,0.0,0.0,0.0,True
C002903,P0005,E00,F010,Concurso Público,Servicio de mantenimiento de infraestructura,123181.28,2023-07-15,False,False,123181.28,0.28396254210113914,0.0,0.0,1.0,0.0,0.0,False
C000759,P0030,E10,F008,Adjudicación Simplificada,Servicio de transporte,163321.56,2023-07-17,False,False,163321.56,0.6891389077617394,1.0,0.0,0.0,0.0,0.0,False
C000787,P0217,E07,F023,Licitación Pública,Obra de rehabilitación vial,84812.91,2025-04-23,False,False,84812.91,-0.10332814727425145,0.0,0.0,0.0,0.0,1.0,False
C002456,P0204,E04,F053,Comparación de Precios,Servicio de transporte,179048.82,2023-01-12,False,False,179048.82,0.8478900188302056,0.0,1.0,0.0,0.0,0.0,True
C000925,P0149,E00,F038,Concurso Público,Adquisición de bienes de oficina,91016.66,2024-02-16,False,False,91016.66,-0.04070743614650275,0.0,0.0,1.0,0.0,0.0,False
C002826,P0058,E00,F041,Concurso Público,Servicio de transporte,12121.57,2026-05-01,False,False,12121.57,-0.8370752201944957,0.0,0.0,1.0,0.0,0.0,False
C002597,P0143,E11,F054,Concurso Público,Suministro de combustible,27059.56,2025-07-29,False,False,27059.56,-0.686291007964925,0.0,0.0,1.0,0.0,0.0,False
C003235,P0202,E03,F000,Adjudicación Simplificada,Servicio de limpieza y vigilancia,65943.58,2026-02-13,False,False,65943.58,-0.29379534261644974,1.0,0.0,0.0,0.0,0.0,False
C003066,P0002,E09,F034,Comparación de Precios,Servicio de capacitación,65727.925,2024-03-21,False,False,65727.925,-0.2959721662244698,0.0,1.0,0.0,0.0,0.0,True
C002630,P0219,E15,F035,Adjudicación Simplificada,Consultoría en ingeniería,21308.67,2024-11-19,False,False,21308.67,-0.7443405459729779,1.0,0.0,0.0,0.0,0.0,False
C002259,P0196,E03,F000,Adjudicación Simplificada,Servicio de mantenimiento de infraestructura,59230.84,2024-01-25,False,False,59230.84,-0.36155380361434364,1.0,0.0,0.0,0.0,0.0,False
C000999,P0089,E15,F035,Licitación Pública,Servicio de transporte,161935.86,2024-07-29,False,False,161935.86,0.675151638866358,0.0,0.0,0.0,0.0,1.0,False
C002638,P0052,E01,F048,Licitación Pública,Servicio de limpieza y vigilancia,61530.634999999995,2023-11-16,False,False,61530.634999999995,-0.3383396511504241,0.0,0.0,0.0,0.0,1.0,False
C002794,P0044,E10,F026,Comparación de Precios,Adquisición de equipos informáticos,48796.17,2024-10-17,False,False,48796.17,-0.46688146120586255,0.0,1.0,0.0,0.0,0.0,True
C002728,P0040,E03,F000,Comparación de Precios,Adquisición de bienes de oficina,73833.64,2024-11-24,False,False,73833.64,-0.2141530024124433,0.0,1.0,0.0,0.0,0.0,True
C001023,P0096,E09,F027,Adjudicación Simplificada,Adquisición de bienes de oficina,47275.64,2024-12-27,False,False,47275.64,-0.48222970539543747,1.0,0.0,0.0,0.0,0.0,False
C001775,P0003,E16,F057,Comparación de Precios,Servicio de transporte,54735.01,2023-03-26,False,False,54735.01,-0.40693475412161195,0.0,1.0,0.0,0.0,0.0,True
C002402,P0103,E02,F044,Adjudicación Simplificada,Servicio de limpieza y vigilancia,37437.7,2024-05-01,False,False,37437.7,-0.5815339647276356,1.0,0.0,0.0,0.0,0.0,False
C000030,P0107,E17,F031,Comparación de Precios,Obra de rehabilitación vial,44508.21,2025-09-04,False,False,44508.21,-0.510164169968682,0.0,1.0,0.0,0.0,0.0,True
C000203,P0073,E00,F010,Comparación de Precios,Consultoría en ingeniería,254009.25,2023-06-26,False,False,254009.25,1.6045413076541954,0.0,1.0,0.0,0.0,0.0,True
C002064,P0162,E07,F023,Adjudicación Simplificada,Adquisición de bienes de oficina,363476.28,2023-03-12,False,False,363476.28,2.709502542978411,1.0,0.0,0.0,0.0,0.0,False
C003295,P0088,E11,F049,Licitación Pública,Obra de rehabilitación vial,388832.06,2025-09-17,False,False,388832.06,2.965444025919978,0.0,0.0,0.0,0.0,1.0,False
C001614,P0199,E13,F056,Concurso Público,Servicio de capacitación,65727.925,2024-01-13,False,False,65727.925,-0.2959721662244698,0.0,0.0,1.0,0.0,0.0,False
C001593,P0070,E13,F056,Concurso Público,Servicio de limpieza y vigilancia,1613399.67,2023-02-02,False,False,534351.0878000001,4.434314467742205,0.0,0.0,1.0,0.0,0.0,False
C000321,P0030,E13,F055,Comparación de Precios,Servicio de limpieza y vigilancia,5742.54,2023-10-29,False,False,5742.54,-0.9014652092987057,0.0,1.0,0.0,0.0,0.0,True
C002730,P0110,E05,F045,Concurso Público,Servicio de limpieza y vigilancia,27553.52,2025-07-26,False,False,27553.52,-0.6813049710568189,0.0,0.0,1.0,0.0,0.0,False
C000818,P0141,E15,F035,Contratación Directa,Servicio de limpieza y vigilancia,65943.58,2025-07-23,False,False,65943.58,-0.29379534261644974,0.0,0.0,0.0,1.0,0.0,True
C001731,P0011,E04,F030,Concurso Público,Servicio de limpieza y vigilancia,111557.49,2023-02-25,False,False,111557.49,0.16663189599199324,0.0,0.0,1.0,0.0,0.0,False
C000192,P0060,E02,F051,Licitación Pública,Consultoría en ingeniería,111268.55,2025-05-10,False,False,111268.55,0.16371533290140258,0.0,0.0,0.0,0.0,1.0,False
C002670,P0157,E05,F047,Adjudicación Simplificada,Adquisición de bienes de oficina,44988.41,2024-11-16,False,False,44988.41,-0.5053170266306131,1.0,0.0,0.0,0.0,0.0,False
C000511,P0007,E15,F035,Adjudicación Simplificada,Adquisición de materiales de construcción,282064.36,2024-02-26,False,False,282064.36,1.8877298531254367,1.0,0.0,0.0,0.0,0.0,False
C003293,P0076,E06,F039,Contratación Directa,Servicio de limpieza y vigilancia,69716.54,2023-05-12,False,False,69716.54,-0.2557110487205722,0.0,0.0,0.0,1.0,0.0,True
C000495,P0174,E10,F004,Comparación de Precios,Servicio de limpieza y vigilancia,72951.95,2025-10-25,False,False,72951.95,-0.2230527896047423,0.0,1.0,0.0,0.0,0.0,True
C000166,P0089,E10,F026,Comparación de Precios,Servicio de mantenimiento de infraestructura,16696.99,2024-05-06,False,False,16696.99,-0.790890887475072,0.0,1.0,0.0,0.0,0.0,True
C002981,P0087,E02,F011,Adjudicación Simplificada,Adquisición de materiales de construcción,147558.69,2024-07-06,False,False,147558.69,0.5300283490167454,1.0,0.0,0.0,0.0,0.0,False
C900059,P0154,E16,F024,Contratación Directa,Servicio de capacitación,297092.9,2024-11-06,True,False,297092.9,2.0394280779107388,0.0,0.0,0.0,1.0,0.0,True
C001052,P0149,E09,F033,Adjudicación Simplificada,Obra de rehabilitación vial,16220.28,2026-06-13,False,False,16220.28,-0.7957028027201591,1.0,0.0,0.0,0.0,0.0,False
C002935,P0212,E16,F057,Comparación de Precios,Obra de rehabilitación vial,187997.94,2023-09-20,False,False,187997.94,0.9382225206827236,0.0,1.0,0.0,0.0,0.0,True
C002988,P0057,E16,F002,Comparación de Precios,Servicio de transporte,13281.24,2026-06-01,False,False,13281.24,-0.8253695002551821,0.0,1.0,0.0,0.0,0.0,True
C001551,P0069,E15,F035,Adjudicación Simplificada,Adquisición de equipos informáticos,381113.93,2024-01-24,False,False,381113.93,2.887537148760774,1.0,0.0,0.0,0.0,0.0,False
C002117,P0096,E00,F041,Adjudicación Simplificada,Servicio de transporte,27364.89,2025-06-21,False,False,27364.89,-0.6832090040594427,1.0,0.0,0.0,0.0,0.0,False
C000325,P0213,E01,F048,Adjudicación Simplificada,Adquisición de bienes de oficina,14446.92,2023-08-10,False,False,14446.92,-0.8136031153190718,1.0,0.0,0.0,0.0,0.0,False
C800010,P0093,E16,F057,Adjudicación Simplificada,Servicio de limpieza y vigilancia,273062.96,2025-01-27,False,True,273062.96,1.7968696364588537,1.0,0.0,0.0,0.0,0.0,False
C002973,P0182,E12,F050,Licitación Pública,Adquisición de materiales de construcción,61012.64,2023-11-20,False,False,61012.64,-0.34356829757566976,0.0,0.0,0.0,0.0,1.0,False
C000194,P0134,E17,F012,Adjudicación Simplificada,Adquisición de bienes de oficina,59597.39,2024-02-13,False,False,59597.39,-0.35785384445030954,1.0,0.0,0.0,0.0,0.0,False
C000794,P0198,E11,F049,Comparación de Precios,Servicio de mantenimiento de infraestructura,63048.01,2024-08-29,False,False,63048.01,-0.32302325356066497,0.0,1.0,0.0,0.0,0.0,True
C001089,P0132,E09,F046,Licitación Pública,Adquisición de materiales de construcción,23073.25,2023-07-25,False,False,23073.25,-0.7265288587770395,0.0,0.0,0.0,0.0,1.0,False
C001034,P0145,E06,F039,Licitación Pública,Adquisición de equipos informáticos,176155.74,2025-07-09,False,False,176155.74,0.8186872419695217,0.0,0.0,0.0,0.0,1.0,False
C000527,P0030,E14,F016,Adjudicación Simplificada,Servicio de capacitación,135308.97,2024-07-20,False,False,135308.97,0.4063795595723278,1.0,0.0,0.0,0.0,0.0,False
C003258,P0082,E13,F056,Comparación de Precios,Adquisición de equipos informáticos,68630.48,2025-02-14,False,False,68630.48,-0.2666737486242438,0.0,1.0,0.0,0.0,0.0,True
C002555,P0173,E03,F000,Contratación Directa,Servicio de mantenimiento de infraestructura,79094.49,2025-10-14,False,False,79094.49,-0.16104993279545082,0.0,0.0,0.0,1.0,0.0,True
C002682,P0185,E09,F043,Adjudicación Simplificada,Servicio de mantenimiento de infraestructura,37988.65,2026-04-27,False,False,37988.65,-0.5759726702209529,1.0,0.0,0.0,0.0,0.0,False
C002067,P0157,E04,F030,Adjudicación Simplificada,Consultoría en ingeniería,217212.34,2026-04-08,False,False,217212.34,1.2331129503696874,1.0,0.0,0.0,0.0,0.0,False
C002726,P0046,E03,F000,Concurso Público,Servicio de capacitación,39455.4,2025-08-19,False,False,39455.4,-0.561167281859619,0.0,0.0,1.0,0.0,0.0,False
C002525,P0002,E14,F016,Licitación Pública,Adquisición de bienes de oficina,80812.67,2025-08-22,False,False,80812.67,-0.1437066076380098,0.0,0.0,0.0,0.0,1.0,False
C002216,P0165,E05,F047,Comparación de Precios,Adquisición de bienes de oficina,67330.31,2024-05-16,False,False,67330.31,-0.27979767689133467,0.0,1.0,0.0,0.0,0.0,True
C001800,P0006,E05,F032,Concurso Público,Suministro de combustible,87056.99,2025-10-04,False,False,87056.99,-0.0806763825468594,0.0,0.0,1.0,0.0,0.0,False
C001706,P0095,E16,F024,Comparación de Precios,Consultoría en ingeniería,116100.72,2026-03-21,False,False,116100.72,0.2124913025472093,0.0,1.0,0.0,0.0,0.0,True
C001017,P0010,E03,F000,Licitación Pública,Servicio de capacitación,64052.26,2023-09-25,False,False,64052.26,-0.3128863445701283,0.0,0.0,0.0,0.0,1.0,False
C001586,P0034,E01,F048,Licitación Pública,Servicio de mantenimiento de infraestructura,90984.95,2026-03-11,False,False,90984.95,-0.041027517186174124,0.0,0.0,0.0,0.0,1.0,False
C000679,P0016,E14,F016,Adjudicación Simplificada,Servicio de limpieza y vigilancia,138083.65,2023-02-13,False,False,138083.65,0.43438720571408745,1.0,0.0,0.0,0.0,0.0,False
C000393,P0044,E16,F024,Comparación de Precios,Servicio de limpieza y vigilancia,52573.84,2026-03-26,False,False,52573.84,-0.42874962452547366,0.0,1.0,0.0,0.0,0.0,True
C001632,P0004,E02,F011,Comparación de Precios,Adquisición de bienes de oficina,28840.44,2026-02-21,False,False,28840.44,-0.6683147884149455,0.0,1.0,0.0,0.0,0.0,True
C001779,P0131,E16,F002,Adjudicación Simplificada,Servicio de capacitación,117738.98,2024-10-25,False,False,117738.98,0.22902791446937656,1.0,0.0,0.0,0.0,0.0,False
C000080,P0103,E07,F023,Concurso Público,Consultoría en ingeniería,23362.28,2026-03-03,False,False,23362.28,-0.7236113872255984,0.0,0.0,1.0,0.0,0.0,False
C002762,P0016,E00,F010,Licitación Pública,Adquisición de materiales de construcción,65695.77,2025-07-05,False,False,65695.77,-0.29629673909834653,0.0,0.0,0.0,0.0,1.0,False
C000295,P0117,E08,F015,Comparación de Precios,Consultoría en ingeniería,66801.8,2024-05-08,False,False,66801.8,-0.285132461825951,0.0,1.0,0.0,0.0,0.0,True
C002915,P0038,E11,F049,Concurso Público,Servicio de transporte,29493.96,2025-02-16,False,False,29493.96,-0.661718151358938,0.0,0.0,1.0,0.0,0.0,False
C000985,P0109,E15,F035,Comparación de Precios,Servicio de limpieza y vigilancia,61530.634999999995,2023-09-27,False,False,61530.634999999995,-0.3383396511504241,0.0,1.0,0.0,0.0,0.0,True
C001616,P0025,E08,F014,Adjudicación Simplificada,Servicio de transporte,44816.67,2023-07-14,False,False,44816.67,-0.5070505718136201,1.0,0.0,0.0,0.0,0.0,False
C000869,P0142,E07,F023,Adjudicación Simplificada,Adquisición de bienes de oficina,129992.13,2023-02-07,False,False,129992.13,0.35271132636620905,1.0,0.0,0.0,0.0,0.0,False
C001164,P0181,E07,F023,Adjudicación Simplificada,Suministro de combustible,125573.02,2025-02-26,False,False,125573.02,0.3081047882639732,1.0,0.0,0.0,0.0,0.0,False
C800017,P0008,E15,F035,Adjudicación Simplificada,Servicio de limpieza y vigilancia,146987.38,2026-03-12,False,True,146987.38,0.5242615404776532,1.0,0.0,0.0,0.0,0.0,False
C000912,P0155,E16,F042,Adjudicación Simplificada,Servicio de capacitación,173081.66,2024-12-09,False,False,173081.66,0.7876574493983205,1.0,0.0,0.0,0.0,0.0,False
C900036,P0138,E00,F010,Contratación Directa,Servicio de mantenimiento de infraestructura,291910.02,2025-06-09,True,False,291910.02,1.987112038210592,0.0,0.0,0.0,1.0,0.0,True
C001609,P0173,E02,F011,Adjudicación Simplificada,Adquisición de equipos informáticos,62307.17,2023-02-13,False,False,62307.17,-0.330501299521879,1.0,0.0,0.0,0.0,0.0,False
C002126,P0084,E09,F033,Adjudicación Simplificada,Adquisición de bienes de oficina,30576.38,2023-07-15,False,False,30576.38,-0.6507921936496658,1.0,0.0,0.0,0.0,0.0,False
C002818,P0072,E00,F041,Licitación Pública,Obra de rehabilitación vial,17995.72,2025-09-05,False,False,17995.72,-0.7777814945815897,0.0,0.0,0.0,0.0,1.0,False
C001454,P0170,E10,F008,Comparación de Precios,Adquisición de bienes de oficina,179755.3,2024-04-15,False,False,179755.3,0.8550212346267047,0.0,1.0,0.0,0.0,0.0,True
C000718,P0142,E04,F053,Comparación de Precios,Adquisición de bienes de oficina,186330.03,2025-12-22,False,False,186330.03,0.9213866213803527,0.0,1.0,0.0,0.0,0.0,True
C001235,P0121,E13,F058,Comparación de Precios,Obra de rehabilitación vial,25699.51,2023-05-13,False,False,25699.51,-0.7000193655179042,0.0,1.0,0.0,0.0,0.0,True
C002689,P0108,E06,F039,Adjudicación Simplificada,Suministro de combustible,77765.46,2023-02-17,False,False,77765.46,-0.17446517417527946,1.0,0.0,0.0,0.0,0.0,False
C001978,P0069,E01,F048,Adjudicación Simplificada,Adquisición de equipos informáticos,73435.88,2024-02-24,False,False,73435.88,-0.21816799561142344,1.0,0.0,0.0,0.0,0.0,False
C001123,P0016,E16,F002,Licitación Pública,Servicio de transporte,28740.17,2023-11-09,False,False,28740.17,-0.6693269147425344,0.0,0.0,0.0,0.0,1.0,False
C001988,P0006,E12,F050,Adjudicación Simplificada,Servicio de capacitación,254311.43,2024-04-05,False,False,254311.43,1.607591515429909,1.0,0.0,0.0,0.0,0.0,False
C000257,P0022,E06,F006,Comparación de Precios,Consultoría en ingeniería,127243.15,2024-12-21,False,False,127243.15,0.32496309626732384,0.0,1.0,0.0,0.0,0.0,True
C002174,P0070,E14,F029,Comparación de Precios,Servicio de capacitación,235537.61,2025-03-19,False,False,235537.61,1.4180883989303157,0.0,1.0,0.0,0.0,0.0,True
C003078,P0098,E14,F040,Comparación de Precios,Servicio de limpieza y vigilancia,40366.21,2023-01-19,False,False,40366.21,-0.5519735571121251,0.0,1.0,0.0,0.0,0.0,True
C000691,P0141,E10,F004,Comparación de Precios,Servicio de capacitación,39408.3,2025-11-12,False,False,39408.3,-0.5616427097047314,0.0,1.0,0.0,0.0,0.0,True
C001826,P0197,E02,F025,Concurso Público,Adquisición de materiales de construcción,49100.28,2026-02-23,False,False,49100.28,-0.4638117719919097,0.0,0.0,1.0,0.0,0.0,False
C003354,P0132,E14,F040,Comparación de Precios,Adquisición de equipos informáticos,186969.5,2023-02-20,False,False,186969.5,0.9278414376035824,0.0,1.0,0.0,0.0,0.0,True
C002716,P0187,E13,F056,Concurso Público,Servicio de limpieza y vigilancia,106098.18,2025-10-21,False,False,106098.18,0.11152556925947976,0.0,0.0,1.0,0.0,0.0,False
C000238,P0022,E17,F031,Adjudicación Simplificada,Servicio de transporte,57864.52,2024-07-18,False,False,57864.52,-0.37534545060657665,1.0,0.0,0.0,0.0,0.0,False
C003477,P0114,E03,F000,Comparación de Precios,Obra de rehabilitación vial,27217.17,2025-09-17,False,False,27217.17,-0.6847000911354518,0.0,1.0,0.0,0.0,0.0,True
C000744,P0102,E11,F054,Comparación de Precios,Consultoría en ingeniería,132257.68,2023-06-08,False,False,132257.68,0.3755798094765005,0.0,1.0,0.0,0.0,0.0,True
C002103,P0022,E08,F005,Contratación Directa,Suministro de combustible,434201.27,2023-09-25,False,False,434201.27,3.423401260415915,0.0,0.0,0.0,1.0,0.0,True
C000927,P0071,E11,F054,Adjudicación Simplificada,Adquisición de bienes de oficina,204704.95,2025-05-16,False,False,204704.95,1.1068632375101923,1.0,0.0,0.0,0.0,0.0,False
C001425,P0077,E08,F015,Licitación Pública,Servicio de capacitación,21418.08,2024-07-13,False,False,21418.08,-0.7432361603990126,0.0,0.0,0.0,0.0,1.0,False
C000857,P0211,E14,F029,Comparación de Precios,Adquisición de bienes de oficina,14268.05,2026-06-04,False,False,14268.05,-0.8154086307894599,0.0,1.0,0.0,0.0,0.0,True
C002102,P0116,E03,F000,Comparación de Precios,Adquisición de materiales de construcción,71744.77,2025-07-13,False,False,71744.77,-0.23523807593304297,0.0,1.0,0.0,0.0,0.0,True
C000438,P0007,E08,F022,Contratación Directa,Adquisición de bienes de oficina,129556.75,2025-05-03,False,False,129556.75,0.3483165965317058,0.0,0.0,0.0,1.0,0.0,True
C000174,P0026,E00,F038,Comparación de Precios,Suministro de combustible,145276.48,2025-02-14,False,False,145276.48,0.5069916997090108,0.0,1.0,0.0,0.0,0.0,True
C001726,P0095,E12,F021,Comparación de Precios,Servicio de transporte,302034.31,2025-07-07,False,False,302034.31,2.089306717148904,0.0,1.0,0.0,0.0,0.0,True
C000214,P0125,E04,F019,Licitación Pública,Servicio de transporte,41719.74,2024-01-28,False,False,41719.74,-0.5383110125007623,0.0,0.0,0.0,0.0,1.0,False
C003265,P0188,E05,F059,Adjudicación Simplificada,Adquisición de bienes de oficina,7114.76,2025-05-28,False,False,7114.76,-0.8876140076507154,1.0,0.0,0.0,0.0,0.0,False
C002309,P0048,E07,F036,Adjudicación Simplificada,Servicio de mantenimiento de infraestructura,38836.59,2024-08-17,False,False,38836.59,-0.567413555847604,1.0,0.0,0.0,0.0,0.0,False
C002018,P0083,E17,F031,Licitación Pública,Servicio de mantenimiento de infraestructura,19571.84,2023-01-09,False,False,19571.84,-0.7618721244066685,0.0,0.0,0.0,0.0,1.0,False
C002228,P0003,E13,F058,Comparación de Precios,Servicio de limpieza y vigilancia,61530.634999999995,2023-07-15,False,False,61530.634999999995,-0.3383396511504241,0.0,1.0,0.0,0.0,0.0,True
C000463,P0118,E17,F031,Adjudicación Simplificada,Suministro de combustible,354449.41,2024-07-20,False,False,354449.41,2.6183852318911263,1.0,0.0,0.0,0.0,0.0,False
C000642,P0135,E14,F029,Adjudicación Simplificada,Servicio de mantenimiento de infraestructura,248274.87,2023-07-13,False,False,248274.87,1.546658421742168,1.0,0.0,0.0,0.0,0.0,False
C001502,P0179,E08,F020,Comparación de Precios,Servicio de transporte,164070.3,2026-06-13,False,False,164070.3,0.6966966963976112,0.0,1.0,0.0,0.0,0.0,True
C000102,P0149,E09,F033,Licitación Pública,Obra de rehabilitación vial,35120.76,2026-02-16,False,False,35120.76,-0.6049211789835818,0.0,0.0,0.0,0.0,1.0,False
C001995,P0083,E14,F040,Comparación de Precios,Adquisición de materiales de construcción,493849.16,2024-09-27,False,False,493849.16,4.025487625770697,0.0,1.0,0.0,0.0,0.0,True
C002698,P0180,E09,F046,Comparación de Precios,Servicio de limpieza y vigilancia,220886.92,2024-10-29,False,False,220886.92,1.2702041956158374,0.0,1.0,0.0,0.0,0.0,True
C000239,P0088,E00,F010,Adjudicación Simplificada,Adquisición de bienes de oficina,33636.02,2025-01-06,False,False,33636.02,-0.619908158574928,1.0,0.0,0.0,0.0,0.0,False
C001171,P0006,E13,F058,Comparación de Precios,Adquisición de bienes de oficina,89083.4,2026-03-24,False,False,89083.4,-0.06022178085653007,0.0,1.0,0.0,0.0,0.0,True
C000411,P0001,E13,F058,Adjudicación Simplificada,Servicio de limpieza y vigilancia,27283.12,2023-07-04,False,False,27283.12,-0.6840343912121998,1.0,0.0,0.0,0.0,0.0,False
C001721,P0117,E11,F007,Comparación de Precios,Obra de rehabilitación vial,5317.84,2023-07-11,False,False,5317.84,-0.9057521351122789,0.0,1.0,0.0,0.0,0.0,True
C001001,P0022,E07,F023,Comparación de Precios,Adquisición de equipos informáticos,17034.85,2024-05-14,False,False,17034.85,-0.7874805254421693,0.0,1.0,0.0,0.0,0.0,True
C001503,P0096,E11,F049,Contratación Directa,Adquisición de materiales de construcción,27496.82,2024-06-21,False,False,27496.82,-0.6818773013926551,0.0,0.0,0.0,1.0,0.0,True
C001187,P0071,E15,F035,Comparación de Precios,Suministro de combustible,60193.7,2026-05-15,False,False,60193.7,-0.3518346856749579,0.0,1.0,0.0,0.0,0.0,True
C003422,P0078,E01,F018,Comparación de Precios,Servicio de limpieza y vigilancia,12784.47,2025-08-05,False,False,12784.47,-0.8303839013298436,0.0,1.0,0.0,0.0,0.0,True
C003366,P0148,E16,F042,Contratación Directa,Adquisición de bienes de oficina,32740.57,2023-12-29,False,False,32740.57,-0.628946839337264,0.0,0.0,0.0,1.0,0.0,True
C000044,P0209,E12,F050,Licitación Pública,Servicio de transporte,57864.52,2025-03-23,False,False,57864.52,-0.37534545060657665,0.0,0.0,0.0,0.0,1.0,False
C000045,P0105,E02,F011,Contratación Directa,Servicio de capacitación,66694.68,2023-05-03,False,False,66694.68,-0.286213732118275,0.0,0.0,0.0,1.0,0.0,True
C000829,P0113,E11,F049,Adjudicación Simplificada,Suministro de combustible,159997.94,2025-03-02,False,False,159997.94,0.6555902560722922,1.0,0.0,0.0,0.0,0.0,False
C000332,P0136,E05,F001,Comparación de Precios,Servicio de mantenimiento de infraestructura,58862.65,2025-09-23,False,False,58862.65,-0.36527031695387624,0.0,1.0,0.0,0.0,0.0,True
C001281,P0170,E14,F040,Comparación de Precios,Servicio de capacitación,18327.03,2024-08-17,False,False,18327.03,-0.7744372483105868,0.0,1.0,0.0,0.0,0.0,True
C003154,P0041,E17,F012,Comparación de Precios,Servicio de mantenimiento de infraestructura,52807.07,2026-05-23,False,False,52807.07,-0.4263953987013632,0.0,1.0,0.0,0.0,0.0,True
C002958,P0016,E12,F021,Adjudicación Simplificada,Servicio de limpieza y vigilancia,108776.33,2025-02-13,False,False,108776.33,0.1385588406689951,1.0,0.0,0.0,0.0,0.0,False
C003141,P0051,E04,F053,Adjudicación Simplificada,Suministro de combustible,14332.66,2025-09-02,False,False,14332.66,-0.8147564568388713,1.0,0.0,0.0,0.0,0.0,False
C002699,P0103,E09,F043,Adjudicación Simplificada,Servicio de capacitación,112865.59,2026-01-14,False,False,112865.59,0.1798358697540255,1.0,0.0,0.0,0.0,0.0,False
C003346,P0209,E01,F017,Comparación de Precios,Adquisición de equipos informáticos,28322.65,2026-04-23,False,False,28322.65,-0.6735413655682538,0.0,1.0,0.0,0.0,0.0,True
C000058,P0194,E00,F010,Comparación de Precios,Servicio de limpieza y vigilancia,151493.35,2023-04-28,False,False,151493.35,0.5697448442407483,0.0,1.0,0.0,0.0,0.0,True
C003372,P0106,E03,F000,Adjudicación Simplificada,Adquisición de bienes de oficina,254985.84,2026-06-28,False,False,254985.84,1.614399016343335,1.0,0.0,0.0,0.0,0.0,False
C001366,P0095,E13,F055,Concurso Público,Suministro de combustible,31519.69,2024-03-08,False,False,31519.69,-0.6412704135950348,0.0,0.0,1.0,0.0,0.0,False
C002992,P0116,E02,F025,Comparación de Precios,Consultoría en ingeniería,285540.08,2025-07-01,False,False,285540.08,1.922813803652286,0.0,1.0,0.0,0.0,0.0,True
C002574,P0144,E10,F008,Concurso Público,Servicio de mantenimiento de infraestructura,276330.66,2023-09-13,False,False,276330.66,1.8298538311398356,0.0,0.0,1.0,0.0,0.0,False
C002226,P0084,E16,F002,Adjudicación Simplificada,Servicio de limpieza y vigilancia,61530.634999999995,2025-05-05,False,False,61530.634999999995,-0.3383396511504241,1.0,0.0,0.0,0.0,0.0,False
C003431,P0112,E14,F029,Adjudicación Simplificada,Servicio de mantenimiento de infraestructura,110796.59,2026-04-19,False,False,110796.59,0.1589513642012047,1.0,0.0,0.0,0.0,0.0,False
C002014,P0056,E09,F043,Adjudicación Simplificada,Servicio de limpieza y vigilancia,73654.31,2024-12-22,False,False,73654.31,-0.21596316112717864,1.0,0.0,0.0,0.0,0.0,False
C002633,P0198,E13,F058,Licitación Pública,Adquisición de equipos informáticos,52226.54,2024-12-22,False,False,52226.54,-0.432255274007588,0.0,0.0,0.0,0.0,1.0,False
C003022,P0196,E02,F025,Contratación Directa,Adquisición de bienes de oficina,6783.93,2024-12-05,False,False,6783.93,-0.8909534087971821,0.0,0.0,0.0,1.0,0.0,True
C002636,P0158,E01,F048,Adjudicación Simplificada,Servicio de mantenimiento de infraestructura,79777.37,2024-02-28,False,False,79777.37,-0.15415693562198052,1.0,0.0,0.0,0.0,0.0,False
C002399,P0204,E14,F040,Comparación de Precios,Servicio de limpieza y vigilancia,411709.31,2025-04-18,False,False,411709.31,3.1963672036185136,0.0,1.0,0.0,0.0,0.0,True
C000309,P0089,E08,F015,Adjudicación Simplificada,Obra de rehabilitación vial,159768.27,2025-12-03,False,False,159768.27,0.653271964921825,1.0,0.0,0.0,0.0,0.0,False
C002554,P0215,E15,F035,Adjudicación Simplificada,Servicio de mantenimiento de infraestructura,11579.78,2025-03-23,False,False,11579.78,-0.8425440535746129,1.0,0.0,0.0,0.0,0.0,False
C002218,P0020,E14,F029,Adjudicación Simplificada,Consultoría en ingeniería,136697.46,2024-09-15,False,False,136697.46,0.4203949907540755,1.0,0.0,0.0,0.0,0.0,False
C900027,P0000,E15,F035,Comparación de Precios,Adquisición de bienes de oficina,262122.3,2024-08-31,True,False,262122.3,1.6864345110255403,0.0,1.0,0.0,0.0,0.0,True
C001924,P0127,E09,F043,Adjudicación Simplificada,Servicio de capacitación,28199.35,2025-01-17,False,False,28199.35,-0.674785956933485,1.0,0.0,0.0,0.0,0.0,False
C003359,P0219,E03,F000,Contratación Directa,Obra de rehabilitación vial,23830.04,2024-10-10,False,False,23830.04,-0.7188898133650922,0.0,0.0,0.0,1.0,0.0,True
C003315,P0123,E10,F026,Concurso Público,Adquisición de equipos informáticos,83948.95,2023-12-19,False,False,83948.95,-0.11204896767899539,0.0,0.0,1.0,0.0,0.0,False
C000802,P0144,E05,F047,Comparación de Precios,Suministro de combustible,78258.61,2025-04-24,False,False,78258.61,-0.16948731341482828,0.0,1.0,0.0,0.0,0.0,True
C003381,P0139,E04,F019,Adjudicación Simplificada,Obra de rehabilitación vial,28295.15,2025-04-22,False,False,28295.15,-0.673818950828139,1.0,0.0,0.0,0.0,0.0,False
C002512,P0016,E02,F011,Comparación de Precios,Servicio de limpieza y vigilancia,61530.634999999995,2026-04-23,False,False,61530.634999999995,-0.3383396511504241,0.0,1.0,0.0,0.0,0.0,True
C000414,P0062,E13,F058,Comparación de Precios,Consultoría en ingeniería,54636.64,2026-03-31,False,False,54636.64,-0.40792770183124516,0.0,1.0,0.0,0.0,0.0,True
C002460,P0003,E04,F053,Contratación Directa,Servicio de capacitación,353408.29,2023-03-26,False,False,353408.29,2.6078761567721545,0.0,0.0,0.0,1.0,0.0,True
C000415,P0162,E17,F031,Adjudicación Simplificada,Adquisición de bienes de oficina,92411.79,2024-11-15,False,False,92411.79,-0.02662498074200459,1.0,0.0,0.0,0.0,0.0,False
C001532,P0089,E00,F010,Concurso Público,Adquisición de bienes de oficina,14150.89,2026-06-06,False,False,14150.89,-0.8165912449366656,0.0,0.0,1.0,0.0,0.0,False
C001830,P0159,E10,F004,Comparación de Precios,Servicio de limpieza y vigilancia,51038.11,2024-06-23,False,False,51038.11,-0.44425129765869426,0.0,1.0,0.0,0.0,0.0,True
C000554,P0054,E07,F023,Adjudicación Simplificada,Servicio de limpieza y vigilancia,22184.59,2026-02-16,False,False,22184.59,-0.7354990012152077,1.0,0.0,0.0,0.0,0.0,False
C000847,P0127,E12,F021,Concurso Público,Adquisición de bienes de oficina,28123.29,2025-04-12,False,False,28123.29,-0.6755537072922803,0.0,0.0,1.0,0.0,0.0,False
C000188,P0092,E16,F024,Contratación Directa,Obra de rehabilitación vial,28874.47,2024-06-04,False,False,28874.47,-0.6679712892733494,0.0,0.0,0.0,1.0,0.0,True
C001411,P0014,E12,F050,Adjudicación Simplificada,Servicio de limpieza y vigilancia,61712.8,2026-03-18,False,False,61712.8,-0.3365008759188969,1.0,0.0,0.0,0.0,0.0,False
C002778,P0210,E13,F058,Adjudicación Simplificada,Servicio de transporte,40389.02,2024-05-16,False,False,40389.02,-0.5517433127565621,1.0,0.0,0.0,0.0,0.0,False
C001424,P0153,E15,F035,Comparación de Precios,Servicio de mantenimiento de infraestructura,406088.1,2023-06-14,False,False,406088.1,3.1396266567559845,0.0,1.0,0.0,0.0,0.0,True
C002798,P0140,E02,F025,Adjudicación Simplificada,Adquisición de materiales de construcción,40354.11,2025-08-10,False,False,40354.11,-0.5520956946264746,1.0,0.0,0.0,0.0,0.0,False
C001916,P0035,E08,F005,Concurso Público,Servicio de limpieza y vigilancia,232763.35,2023-01-18,False,False,232763.35,1.3900849922725256,0.0,0.0,1.0,0.0,0.0,False
C003163,P0101,E06,F039,Contratación Directa,Servicio de limpieza y vigilancia,10178.27,2023-08-17,False,False,10178.27,-0.8566909087594046,0.0,0.0,0.0,1.0,0.0,True
C000871,P0081,E08,F014,Adjudicación Simplificada,Servicio de mantenimiento de infraestructura,198119.94,2024-01-31,False,False,198119.94,1.0403940843393946,1.0,0.0,0.0,0.0,0.0,False
C000354,P0018,E13,F056,Contratación Directa,Adquisición de materiales de construcción,54673.21,2024-01-28,False,False,54673.21,-0.40755856390564504,0.0,0.0,0.0,1.0,0.0,True
C000240,P0203,E16,F057,Comparación de Precios,Servicio de mantenimiento de infraestructura,18322.25,2024-11-08,False,False,18322.25,-0.7744854976757596,0.0,1.0,0.0,0.0,0.0,True
C001621,P0092,E01,F017,Comparación de Precios,Suministro de combustible,195458.9,2025-12-25,False,False,195458.9,1.013533521431575,0.0,1.0,0.0,0.0,0.0,True
C001309,P0180,E13,F058,Adjudicación Simplificada,Suministro de combustible,50912.59,2025-11-21,False,False,50912.59,-0.4455182977249051,1.0,0.0,0.0,0.0,0.0,False
C900060,P0154,E16,F024,Contratación Directa,Servicio de capacitación,268051.33,2025-11-17,True,False,268051.33,1.7462821958770829,0.0,0.0,0.0,1.0,0.0,True
C003490,P0198,E02,F011,Contratación Directa,Servicio de limpieza y vigilancia,26412.68,2023-04-05,False,False,26412.68,-0.6928206207981819,0.0,0.0,0.0,1.0,0.0,True
C000976,P0051,E08,F022,Contratación Directa,Adquisición de bienes de oficina,60278.73,2023-07-16,False,False,60278.73,-0.35097639205139264,0.0,0.0,0.0,1.0,0.0,True
C002112,P0050,E17,F031,Adjudicación Simplificada,Servicio de limpieza y vigilancia,49204.59,2023-02-01,False,False,49204.59,-0.4627588658661414,1.0,0.0,0.0,0.0,0.0,False
C000657,P0073,E02,F051,Adjudicación Simplificada,Adquisición de bienes de oficina,248589.81,2023-08-31,False,False,248589.81,1.5498374290784684,1.0,0.0,0.0,0.0,0.0,False
C001461,P0092,E06,F006,Licitación Pública,Adquisición de bienes de oficina,112212.46,2024-05-11,False,False,112212.46,0.17324316936170378,0.0,0.0,0.0,0.0,1.0,False
C001897,P0040,E17,F012,Licitación Pública,Adquisición de bienes de oficina,104928.33,2025-09-19,False,False,104928.33,0.09971709230396153,0.0,0.0,0.0,0.0,1.0,False
C002238,P0000,E08,F022,Comparación de Precios,Servicio de limpieza y vigilancia,61530.634999999995,2025-05-20,False,False,61530.634999999995,-0.3383396511504241,0.0,1.0,0.0,0.0,0.0,True
C001674,P0219,E17,F012,Contratación Directa,Servicio de capacitación,270677.92,2025-12-21,False,False,270677.92,1.7727950201593365,0.0,0.0,0.0,1.0,0.0,True
C001748,P0018,E10,F026,Adjudicación Simplificada,Obra de rehabilitación vial,60886.24,2025-01-18,False,False,60886.24,-0.3448441803701969,1.0,0.0,0.0,0.0,0.0,False
C000152,P0158,E06,F039,Comparación de Precios,Obra de rehabilitación vial,68258.54,2024-02-12,False,False,68258.54,-0.2704281144992154,0.0,1.0,0.0,0.0,0.0,True
C900006,P0168,E17,F003,Contratación Directa,Suministro de combustible,300618.94,2026-04-01,True,False,300618.94,2.0750199589931304,0.0,0.0,0.0,1.0,0.0,True
C002819,P0086,E09,F027,Adjudicación Simplificada,Servicio de limpieza y vigilancia,61530.634999999995,2026-06-21,False,False,61530.634999999995,-0.3383396511504241,1.0,0.0,0.0,0.0,0.0,False
C002634,P0028,E13,F055,Comparación de Precios,Adquisición de bienes de oficina,25659.06,2024-09-15,False,False,25659.06,-0.7004276682001718,0.0,1.0,0.0,0.0,0.0,True
C001338,P0086,E07,F023,Adjudicación Simplificada,Consultoría en ingeniería,140740.51,2026-06-18,False,False,140740.51,0.46120557566240444,1.0,0.0,0.0,0.0,0.0,False
C000693,P0104,E11,F049,Adjudicación Simplificada,Adquisición de bienes de oficina,166189.31,2023-07-24,False,False,166189.31,0.7180860033630453,1.0,0.0,0.0,0.0,0.0,False
C000256,P0187,E15,F035,Adjudicación Simplificada,Servicio de mantenimiento de infraestructura,63163.48,2025-01-09,False,False,63163.48,-0.32185769828943045,1.0,0.0,0.0,0.0,0.0,False
C002515,P0078,E14,F016,Comparación de Precios,Obra de rehabilitación vial,46914.27,2023-11-26,False,False,46914.27,-0.48587737759051863,0.0,1.0,0.0,0.0,0.0,True
C000346,P0049,E15,F035,Comparación de Precios,Adquisición de materiales de construcción,17170.36,2024-11-29,False,False,17170.36,-0.7861126862215492,0.0,1.0,0.0,0.0,0.0,True
C003362,P0000,E13,F056,Adjudicación Simplificada,Adquisición de equipos informáticos,133902.39,2025-04-05,False,False,133902.39,0.39218152775962295,1.0,0.0,0.0,0.0,0.0,False
C001818,P0107,E14,F040,Concurso Público,Servicio de transporte,209286.77,2023-01-17,False,False,209286.77,1.153112171890098,0.0,0.0,1.0,0.0,0.0,False
C001175,P0082,E01,F017,Comparación de Precios,Servicio de transporte,226358.03,2023-12-27,False,False,226358.03,1.3254296316598653,0.0,1.0,0.0,0.0,0.0,True
C002131,P0018,E04,F030,Comparación de Precios,Adquisición de bienes de oficina,46690.02,2025-07-20,False,False,46690.02,-0.4881409592097647,0.0,1.0,0.0,0.0,0.0,True
C002377,P0159,E07,F023,Comparación de Precios,Servicio de limpieza y vigilancia,29252.65,2025-03-10,False,False,29252.65,-0.6641539367794074,0.0,1.0,0.0,0.0,0.0,True
C000997,P0042,E12,F050,Adjudicación Simplificada,Consultoría en ingeniería,9388.14,2023-09-14,False,False,9388.14,-0.8646664884464275,1.0,0.0,0.0,0.0,0.0,False
C002342,P0058,E15,F035,Contratación Directa,Adquisición de materiales de construcción,68440.28,2024-08-04,False,False,68440.28,-0.2685936292217046,0.0,0.0,0.0,1.0,0.0,True
C002514,P0158,E16,F057,Licitación Pública,Suministro de combustible,52658.74,2023-06-03,False,False,52658.74,-0.427892643123137,0.0,0.0,0.0,0.0,1.0,False
C000721,P0113,E14,F029,Adjudicación Simplificada,Adquisición de materiales de construcción,57833.34,2023-05-09,False,False,57833.34,-0.3756601818212392,1.0,0.0,0.0,0.0,0.0,False
C001991,P0119,E11,F007,Licitación Pública,Adquisición de bienes de oficina,21686.24,2023-10-11,False,False,21686.24,-0.7405293508248008,0.0,0.0,0.0,0.0,1.0,False
C001261,P0115,E04,F030,Comparación de Precios,Servicio de transporte,252018.83,2024-01-16,False,False,252018.83,1.584449989363985,0.0,1.0,0.0,0.0,0.0,True
C001583,P0149,E06,F039,Comparación de Precios,Servicio de limpieza y vigilancia,34655.84,2024-03-16,False,False,34655.84,-0.609614085857249,0.0,1.0,0.0,0.0,0.0,True
C000178,P0136,E14,F029,Comparación de Precios,Servicio de transporte,90042.42,2023-09-28,False,False,90042.42,-0.05054142391343375,0.0,1.0,0.0,0.0,0.0,True
C001956,P0207,E08,F028,Licitación Pública,Consultoría en ingeniería,18290.37,2024-01-20,False,False,18290.37,-0.7748072946970375,0.0,0.0,0.0,0.0,1.0,False
C002591,P0015,E16,F042,Adjudicación Simplificada,Obra de rehabilitación vial,56211.93,2023-01-16,False,False,56211.93,-0.39202670968416775,1.0,0.0,0.0,0.0,0.0,False
C002922,P0141,E13,F055,Comparación de Precios,Suministro de combustible,12663.04,2024-10-09,False,False,12663.04,-0.8316096168974024,0.0,1.0,0.0,0.0,0.0,True
C003102,P0173,E13,F058,Licitación Pública,Adquisición de equipos informáticos,111263.69,2024-04-28,False,False,111263.69,0.16366627601547376,0.0,0.0,0.0,0.0,1.0,False
C003309,P0093,E14,F016,Adjudicación Simplificada,Adquisición de materiales de construcción,19938.34,2023-10-09,False,False,19938.34,-0.7581726699431071,1.0,0.0,0.0,0.0,0.0,False
C002529,P0150,E16,F002,Licitación Pública,Adquisición de bienes de oficina,95395.33,2024-05-25,False,False,95395.33,0.0034909002135600094,0.0,0.0,0.0,0.0,1.0,False
C900050,P0154,E16,F024,Contratación Directa,Servicio de capacitación,256760.46,2024-01-21,True,False,256760.46,1.632312047394155,0.0,0.0,0.0,1.0,0.0,True
C001735,P0184,E01,F018,Contratación Directa,Adquisición de equipos informáticos,247046.88,2023-11-24,False,False,247046.88,1.5342630790772052,0.0,0.0,0.0,1.0,0.0,True
C002560,P0207,E07,F013,Adjudicación Simplificada,Suministro de combustible,101338.19,2025-02-01,False,False,101338.19,0.06347818521580102,1.0,0.0,0.0,0.0,0.0,False
C003498,P0130,E14,F016,Adjudicación Simplificada,Adquisición de materiales de construcción,22232.7,2026-06-20,False,False,22232.7,-0.7350133784205503,1.0,0.0,0.0,0.0,0.0,False
C002330,P0182,E06,F039,Licitación Pública,Adquisición de equipos informáticos,9005.17,2026-05-02,False,False,9005.17,-0.8685321912456366,0.0,0.0,0.0,0.0,1.0,False
C001315,P0073,E10,F004,Licitación Pública,Suministro de combustible,66928.83,2023-02-05,False,False,66928.83,-0.28385021980547015,0.0,0.0,0.0,0.0,1.0,False
C000014,P0059,E09,F033,Comparación de Precios,Consultoría en ingeniería,375838.02,2026-05-08,False,False,375838.02,2.834282063361459,0.0,1.0,0.0,0.0,0.0,True
C000567,P0055,E16,F057,Adjudicación Simplificada,Servicio de limpieza y vigilancia,42303.16,2023-11-21,False,False,42303.16,-0.532421965507226,1.0,0.0,0.0,0.0,0.0,False
C000173,P0081,E02,F011,Concurso Público,Servicio de capacitación,54837.16,2026-01-20,False,False,54837.16,-0.4059036510562564,0.0,0.0,1.0,0.0,0.0,False
C001743,P0040,E15,F035,Comparación de Precios,Servicio de capacitación,253350.81,2024-03-01,False,False,253350.81,1.597895008071692,0.0,1.0,0.0,0.0,0.0,True
C002766,P0120,E01,F018,Adjudicación Simplificada,Adquisición de equipos informáticos,55745.79,2025-12-17,False,False,55745.79,-0.3967319312493644,1.0,0.0,0.0,0.0,0.0,False
C000331,P0015,E04,F053,Licitación Pública,Consultoría en ingeniería,175930.33,2024-11-21,False,False,175930.33,0.8164119512993131,0.0,0.0,0.0,0.0,1.0,False
C003161,P0018,E17,F012,Contratación Directa,Suministro de combustible,21837.16,2025-03-03,False,False,21837.16,-0.7390059629185506,0.0,0.0,0.0,1.0,0.0,True
C000430,P0098,E14,F016,Licitación Pública,Obra de rehabilitación vial,101792.73,2025-02-11,False,False,101792.73,0.0680663162713733,0.0,0.0,0.0,0.0,1.0,False
C002496,P0060,E08,F020,Adjudicación Simplificada,Servicio de mantenimiento de infraestructura,39193.91,2023-12-13,False,False,39193.91,-0.5638067643907968,1.0,0.0,0.0,0.0,0.0,False
C001653,P0083,E09,F046,Licitación Pública,Adquisición de materiales de construcción,281285.73,2025-02-27,False,False,281285.73,1.8798703545470932,0.0,0.0,0.0,0.0,1.0,False
C800020,P0008,E15,F035,Adjudicación Simplificada,Servicio de limpieza y vigilancia,143715.21,2026-03-16,False,True,143715.21,0.4912322255744275,1.0,0.0,0.0,0.0,0.0,False
C001151,P0078,E02,F025,Comparación de Precios,Adquisición de materiales de construcción,125520.34,2025-04-29,False,False,125520.34,0.3075730358461275,0.0,1.0,0.0,0.0,0.0,True
C002471,P0218,E01,F017,Adjudicación Simplificada,Servicio de capacitación,268472.32,2025-08-02,False,False,268472.32,1.750531672915595,1.0,0.0,0.0,0.0,0.0,False
C001220,P0082,E14,F016,Contratación Directa,Adquisición de materiales de construcción,220665.91,2025-01-10,False,False,220665.91,1.2679733185872106,0.0,0.0,0.0,1.0,0.0,True
C000952,P0199,E10,F004,Adjudicación Simplificada,Adquisición de equipos informáticos,36871.7,2023-12-30,False,False,36871.7,-0.5872471740765465,1.0,0.0,0.0,0.0,0.0,False
C001967,P0131,E14,F029,Comparación de Precios,Suministro de combustible,66928.83,2026-05-31,False,False,66928.83,-0.28385021980547015,0.0,1.0,0.0,0.0,0.0,True
C000551,P0014,E15,F035,Adjudicación Simplificada,Suministro de combustible,122149.07,2024-05-17,False,False,122149.07,0.27354340460637017,1.0,0.0,0.0,0.0,0.0,False
C000736,P0090,E09,F034,Adjudicación Simplificada,Servicio de transporte,57864.52,2025-11-20,False,False,57864.52,-0.37534545060657665,1.0,0.0,0.0,0.0,0.0,False
C001509,P0194,E00,F041,Licitación Pública,Servicio de capacitación,57086.46,2023-12-01,False,False,57086.46,-0.38319919559953347,0.0,0.0,0.0,0.0,1.0,False
C002281,P0014,E07,F036,Contratación Directa,Servicio de limpieza y vigilancia,820913.83,2025-06-26,False,False,534351.0878000001,4.434314467742205,0.0,0.0,0.0,1.0,0.0,True
C002229,P0077,E06,F006,Adjudicación Simplificada,Adquisición de bienes de oficina,23385.91,2025-10-05,False,False,23385.91,-0.7233728657822861,1.0,0.0,0.0,0.0,0.0,False
C000450,P0196,E16,F024,Concurso Público,Servicio de mantenimiento de infraestructura,83494.19,2025-01-19,False,False,83494.19,-0.11663931941664675,0.0,0.0,1.0,0.0,0.0,False
C003047,P0069,E10,F004,Comparación de Precios,Adquisición de bienes de oficina,27859.17,2024-12-10,False,False,27859.17,-0.6782197370683126,0.0,1.0,0.0,0.0,0.0,True
C001598,P0141,E16,F002,Adjudicación Simplificada,Obra de rehabilitación vial,54716.89,2026-02-24,False,False,54716.89,-0.40711765757285273,1.0,0.0,0.0,0.0,0.0,False
C002024,P0173,E12,F021,Comparación de Precios,Servicio de transporte,88916.52,2024-09-21,False,False,88916.52,-0.06190626915360815,0.0,1.0,0.0,0.0,0.0,True
C000324,P0088,E07,F023,Comparación de Precios,Suministro de combustible,290038.28,2025-07-20,False,False,290038.28,1.9682186769619519,0.0,1.0,0.0,0.0,0.0,True
C001029,P0003,E08,F022,Adjudicación Simplificada,Servicio de capacitación,224338.2,2024-02-08,False,False,224338.2,1.3050414485517192,1.0,0.0,0.0,0.0,0.0,False
C001606,P0192,E00,F041,Comparación de Precios,Servicio de capacitación,33840.63,2025-04-21,False,False,33840.63,-0.6178428233012873,0.0,1.0,0.0,0.0,0.0,True
C001691,P0026,E16,F042,Licitación Pública,Adquisición de equipos informáticos,4449.14,2024-12-22,False,False,4449.14,-0.9145208011218174,0.0,0.0,0.0,0.0,1.0,False
C003132,P0034,E14,F016,Concurso Público,Suministro de combustible,34595.89,2023-09-14,False,False,34595.89,-0.6102192217237988,0.0,0.0,1.0,0.0,0.0,False
C000063,P0208,E17,F003,Adjudicación Simplificada,Consultoría en ingeniería,25702.38,2025-09-29,False,False,25702.38,-0.6999903957107816,1.0,0.0,0.0,0.0,0.0,False
C000266,P0094,E07,F013,Licitación Pública,Servicio de limpieza y vigilancia,35358.16,2026-06-21,False,False,35358.16,-0.6025248611400633,0.0,0.0,0.0,0.0,1.0,False
C001739,P0115,E02,F025,Licitación Pública,Obra de rehabilitación vial,49773.58,2026-02-21,False,False,49773.58,-0.45701547542897386,0.0,0.0,0.0,0.0,1.0,False
C002464,P0161,E01,F048,Licitación Pública,Servicio de transporte,47425.95,2023-08-16,False,False,47425.95,-0.480712474834952,0.0,0.0,0.0,0.0,1.0,False
C000157,P0105,E06,F006,Concurso Público,Consultoría en ingeniería,39857.12,2023-03-14,False,False,39857.12,-0.5571123163832152,0.0,0.0,1.0,0.0,0.0,False
C003448,P0128,E17,F003,Adjudicación Simplificada,Servicio de capacitación,337443.45,2025-12-25,False,False,337443.45,2.446726910938469,1.0,0.0,0.0,0.0,0.0,False
C000368,P0031,E03,F000,Licitación Pública,Adquisición de bienes de oficina,61697.98,2024-04-12,False,False,61697.98,-0.3366504691389514,0.0,0.0,0.0,0.0,1.0,False
C000061,P0118,E07,F023,Contratación Directa,Obra de rehabilitación vial,182515.88,2023-07-21,False,False,182515.88,0.8828865552352143,0.0,0.0,0.0,1.0,0.0,True
C000676,P0091,E15,F035,Licitación Pública,Consultoría en ingeniería,32093.14,2023-05-20,False,False,32093.14,-0.6354820038757187,0.0,0.0,0.0,0.0,1.0,False
C001071,P0168,E03,F000,Comparación de Precios,Servicio de transporte,47892.31,2025-09-07,False,False,47892.31,-0.4760050325876763,0.0,1.0,0.0,0.0,0.0,True
C002900,P0034,E08,F028,Adjudicación Simplificada,Servicio de mantenimiento de infraestructura,11890.18,2023-08-07,False,False,11890.18,-0.8394108730412172,1.0,0.0,0.0,0.0,0.0,False
C000254,P0124,E15,F035,Adjudicación Simplificada,Adquisición de equipos informáticos,38597.63,2025-09-15,False,False,38597.63,-0.569825620345865,1.0,0.0,0.0,0.0,0.0,False
C003013,P0100,E01,F048,Comparación de Precios,Adquisición de bienes de oficina,42804.56,2023-08-04,False,False,42804.56,-0.5273608291688092,0.0,1.0,0.0,0.0,0.0,True
C001378,P0109,E15,F035,Adjudicación Simplificada,Servicio de mantenimiento de infraestructura,28319.83,2024-10-10,False,False,28319.83,-0.673569830674904,1.0,0.0,0.0,0.0,0.0,False
C002704,P0160,E00,F010,Concurso Público,Servicio de transporte,44300.39,2023-07-17,False,False,44300.39,-0.5122619070126584,0.0,0.0,1.0,0.0,0.0,False
C002965,P0146,E02,F025,Adjudicación Simplificada,Servicio de limpieza y vigilancia,90520.05,2025-05-13,False,False,90520.05,-0.04572022217965226,1.0,0.0,0.0,0.0,0.0,False
C000109,P0044,E01,F018,Licitación Pública,Suministro de combustible,25108.28,2025-03-20,False,False,25108.28,-0.7059872467252479,0.0,0.0,0.0,0.0,1.0,False
C000124,P0094,E05,F037,Comparación de Precios,Servicio de capacitación,21541.14,2023-11-29,False,False,21541.14,-0.7419939915960498,0.0,1.0,0.0,0.0,0.0,True
C001270,P0028,E12,F021,Concurso Público,Servicio de capacitación,62466.22,2024-01-05,False,False,62466.22,-0.32889584731879723,0.0,0.0,1.0,0.0,0.0,False
C001557,P0127,E17,F031,Comparación de Precios,Servicio de limpieza y vigilancia,429005.84,2025-12-28,False,False,429005.84,3.370958540897166,0.0,1.0,0.0,0.0,0.0,True
C000263,P0098,E03,F000,Concurso Público,Servicio de mantenimiento de infraestructura,9154.6,2023-08-25,False,False,9154.6,-0.8670238434134674,0.0,0.0,1.0,0.0,0.0,False
C001436,P0157,E00,F038,Adjudicación Simplificada,Servicio de mantenimiento de infraestructura,61898.21,2023-05-23,False,False,61898.21,-0.3346293456267034,1.0,0.0,0.0,0.0,0.0,False
C003376,P0208,E02,F044,Comparación de Precios,Adquisición de materiales de construcción,157124.42,2023-07-30,False,False,157124.42,0.6265849180364578,0.0,1.0,0.0,0.0,0.0,True
C002894,P0161,E16,F042,Adjudicación Simplificada,Servicio de mantenimiento de infraestructura,77199.28,2025-11-26,False,False,77199.28,-0.18018020044589145,1.0,0.0,0.0,0.0,0.0,False
C002269,P0185,E06,F006,Adjudicación Simplificada,Adquisición de equipos informáticos,64783.24,2023-08-29,False,False,64783.24,-0.30550782554209505,1.0,0.0,0.0,0.0,0.0,False
C001803,P0054,E13,F056,Comparación de Precios,Servicio de capacitación,23068.56,2024-04-12,False,False,23068.56,-0.7265761996813619,0.0,1.0,0.0,0.0,0.0,True
C000221,P0167,E17,F003,Concurso Público,Adquisición de bienes de oficina,165883.94,2023-02-26,False,False,165883.94,0.715003595697185,0.0,0.0,1.0,0.0,0.0,False
C001618,P0152,E08,F014,Concurso Público,Suministro de combustible,148220.77,2026-06-29,False,False,148220.77,0.5367113907936479,0.0,0.0,1.0,0.0,0.0,False
C002254,P0093,E05,F052,Adjudicación Simplificada,Servicio de capacitación,109045.12,2025-10-05,False,False,109045.12,0.14127200946916066,1.0,0.0,0.0,0.0,0.0,False
C000088,P0138,E16,F042,Concurso Público,Servicio de limpieza y vigilancia,147293.81,2023-09-02,False,False,147293.81,0.5273546477935307,0.0,0.0,1.0,0.0,0.0,False
C001397,P0053,E15,F035,Adjudicación Simplificada,Servicio de capacitación,105176.89,2025-03-11,False,False,105176.89,0.1022260592929461,1.0,0.0,0.0,0.0,0.0,False
C003044,P0127,E13,F056,Licitación Pública,Consultoría en ingeniería,57772.43,2026-03-30,False,False,57772.43,-0.3762750079368614,0.0,0.0,0.0,0.0,1.0,False
C000602,P0088,E04,F019,Adjudicación Simplificada,Servicio de mantenimiento de infraestructura,60307.22,2023-07-26,False,False,60307.22,-0.35068881372215155,1.0,0.0,0.0,0.0,0.0,False
C001431,P0190,E17,F031,Adjudicación Simplificada,Adquisición de materiales de construcción,55937.88,2025-06-03,False,False,55937.88,-0.39479297297404237,1.0,0.0,0.0,0.0,0.0,False
C001764,P0127,E01,F018,Licitación Pública,Servicio de transporte,37060.95,2026-04-13,False,False,37060.95,-0.5853368827880635,0.0,0.0,0.0,0.0,1.0,False
C001926,P0213,E13,F055,Comparación de Precios,Consultoría en ingeniería,45055.4,2025-09-29,False,False,45055.4,-0.5046408289375326,0.0,1.0,0.0,0.0,0.0,True
C003098,P0086,E13,F055,Contratación Directa,Servicio de transporte,22863.0,2024-09-01,False,False,22863.0,-0.7286511242639804,0.0,0.0,0.0,1.0,0.0,True
C003244,P0202,E07,F023,Concurso Público,Servicio de mantenimiento de infraestructura,32360.34,2025-09-03,False,False,32360.34,-0.6327848845505792,0.0,0.0,1.0,0.0,0.0,False
C001494,P0123,E11,F054,Contratación Directa,Servicio de limpieza y vigilancia,339429.99,2024-07-12,False,False,339429.99,2.4667790644720116,0.0,0.0,0.0,1.0,0.0,True
C003287,P0107,E16,F042,Licitación Pública,Consultoría en ingeniería,50958.95,2023-01-14,False,False,50958.95,-0.4450503394467858,0.0,0.0,0.0,0.0,1.0,False
C001242,P0173,E15,F035,Comparación de Precios,Servicio de capacitación,95753.87,2023-03-28,False,False,95753.87,0.007110006361896518,0.0,1.0,0.0,0.0,0.0,True
C002400,P0202,E17,F012,Comparación de Precios,Suministro de combustible,155748.62,2025-02-04,False,False,155748.62,0.612697579834635,0.0,1.0,0.0,0.0,0.0,True
C002104,P0039,E08,F014,Adjudicación Simplificada,Servicio de capacitación,102732.62,2024-11-21,False,False,102732.62,0.07755357481368395,1.0,0.0,0.0,0.0,0.0,False
C002843,P0167,E10,F008,Comparación de Precios,Adquisición de materiales de construcción,50851.95,2023-01-23,False,False,50851.95,-0.44613039845797564,0.0,1.0,0.0,0.0,0.0,True
C000283,P0076,E17,F003,Licitación Pública,Adquisición de equipos informáticos,64683.825,2024-07-12,False,False,64683.825,-0.30651132149160387,0.0,0.0,0.0,0.0,1.0,False
C000274,P0175,E02,F051,Adjudicación Simplificada,Suministro de combustible,71486.32,2026-02-21,False,False,71486.32,-0.23784687267549173,1.0,0.0,0.0,0.0,0.0,False
C000752,P0072,E04,F019,Adjudicación Simplificada,Suministro de combustible,97875.6,2026-06-26,False,False,97875.6,0.028526769033035575,1.0,0.0,0.0,0.0,0.0,False
C001659,P0146,E13,F055,Adjudicación Simplificada,Servicio de transporte,50685.83,2025-10-29,False,False,50685.83,-0.4478072153078715,1.0,0.0,0.0,0.0,0.0,False
C001278,P0181,E14,F040,Comparación de Precios,Adquisición de equipos informáticos,64683.825,2023-06-24,False,False,64683.825,-0.30651132149160387,0.0,1.0,0.0,0.0,0.0,True
C001011,P0101,E08,F022,Contratación Directa,Consultoría en ingeniería,41786.91,2024-07-15,False,False,41786.91,-0.5376329978859807,0.0,0.0,0.0,1.0,0.0,True
C000423,P0123,E07,F023,Contratación Directa,Consultoría en ingeniería,162195.05,2024-10-08,False,False,162195.05,0.6777679051758001,0.0,0.0,0.0,1.0,0.0,True
C003187,P0107,E12,F050,Comparación de Precios,Servicio de limpieza y vigilancia,61530.634999999995,2026-06-16,False,False,61530.634999999995,-0.3383396511504241,0.0,1.0,0.0,0.0,0.0,True
C000506,P0075,E13,F056,Comparación de Precios,Obra de rehabilitación vial,79314.26,2023-12-31,False,False,79314.26,-0.15883157233854256,0.0,1.0,0.0,0.0,0.0,True
C001873,P0100,E16,F057,Contratación Directa,Servicio de limpieza y vigilancia,75935.07,2025-03-12,False,False,75935.07,-0.19294114813314686,0.0,0.0,0.0,1.0,0.0,True
C003180,P0027,E12,F021,Adjudicación Simplificada,Servicio de limpieza y vigilancia,66023.03,2025-07-31,False,False,66023.03,-0.29299337356561767,1.0,0.0,0.0,0.0,0.0,False
C002380,P0142,E05,F009,Contratación Directa,Suministro de combustible,37983.11,2025-02-18,False,False,37983.11,-0.576028591033308,0.0,0.0,0.0,1.0,0.0,True
C000442,P0196,E15,F035,Adjudicación Simplificada,Adquisición de materiales de construcción,104312.42,2024-10-03,False,False,104312.42,0.09350009094338253,1.0,0.0,0.0,0.0,0.0,False
C002917,P0050,E06,F039,Adjudicación Simplificada,Consultoría en ingeniería,192362.59,2026-06-09,False,False,192362.59,0.9822793390302921,1.0,0.0,0.0,0.0,0.0,False
C000218,P0180,E09,F034,Licitación Pública,Servicio de capacitación,50770.07,2025-07-30,False,False,50770.07,-0.4469568959517721,0.0,0.0,0.0,0.0,1.0,False
C001789,P0185,E11,F054,Adjudicación Simplificada,Suministro de combustible,206146.67,2024-08-06,False,False,206146.67,1.1214159728149835,1.0,0.0,0.0,0.0,0.0,False
C003000,P0118,E10,F008,Licitación Pública,Obra de rehabilitación vial,46074.87,2025-11-14,False,False,46074.87,-0.4943502891231613,0.0,0.0,0.0,0.0,1.0,False
C000644,P0036,E02,F011,Adjudicación Simplificada,Servicio de transporte,36849.74,2026-03-12,False,False,36849.74,-0.5874688385240767,1.0,0.0,0.0,0.0,0.0,False
C003436,P0153,E12,F050,Adjudicación Simplificada,Servicio de transporte,137918.64,2025-04-10,False,False,137918.64,0.4327215932146817,1.0,0.0,0.0,0.0,0.0,False
C002673,P0038,E09,F027,Adjudicación Simplificada,Consultoría en ingeniería,30347.7,2026-01-15,False,False,30347.7,-0.653100491730777,1.0,0.0,0.0,0.0,0.0,False
C003118,P0061,E08,F005,Adjudicación Simplificada,Servicio de limpieza y vigilancia,28249.87,2025-03-28,False,False,28249.87,-0.6742760075760521,1.0,0.0,0.0,0.0,0.0,False
C001042,P0170,E02,F044,Concurso Público,Adquisición de bienes de oficina,6369.62,2025-10-24,False,False,6369.62,-0.8951354578525661,0.0,0.0,1.0,0.0,0.0,False
C002674,P0114,E03,F000,Adjudicación Simplificada,Adquisición de bienes de oficina,60388.26,2025-11-20,False,False,60388.26,-0.3498707951962934,1.0,0.0,0.0,0.0,0.0,False
C001487,P0076,E04,F030,Comparación de Precios,Suministro de combustible,100186.05,2024-10-12,False,False,100186.05,0.051848473167648804,0.0,1.0,0.0,0.0,0.0,True
C001289,P0183,E09,F034,Adjudicación Simplificada,Adquisición de bienes de oficina,45751.03,2025-10-19,False,False,45751.03,-0.49761913314357,1.0,0.0,0.0,0.0,0.0,False
C000605,P0032,E02,F011,Comparación de Precios,Servicio de limpieza y vigilancia,61530.634999999995,2025-02-17,False,False,61530.634999999995,-0.3383396511504241,0.0,1.0,0.0,0.0,0.0,True
C002937,P0149,E10,F008,Licitación Pública,Adquisición de equipos informáticos,143875.93,2023-08-12,False,False,143875.93,0.49285453477329133,0.0,0.0,0.0,0.0,1.0,False
C002868,P0093,E08,F028,Adjudicación Simplificada,Consultoría en ingeniería,121197.94,2024-06-26,False,False,121197.94,0.26394268939783727,1.0,0.0,0.0,0.0,0.0,False
C001258,P0174,E09,F043,Adjudicación Simplificada,Servicio de limpieza y vigilancia,35190.91,2024-03-23,False,False,35190.91,-0.6042130842206381,1.0,0.0,0.0,0.0,0.0,False
C002487,P0217,E09,F034,Comparación de Precios,Servicio de mantenimiento de infraestructura,156030.89,2025-09-16,False,False,156030.89,0.6155468158821918,0.0,1.0,0.0,0.0,0.0,True
C000897,P0147,E15,F035,Licitación Pública,Servicio de mantenimiento de infraestructura,42121.8,2023-04-01,False,False,42121.8,-0.5342526150611455,0.0,0.0,0.0,0.0,1.0,False
C003279,P0091,E01,F018,Adjudicación Simplificada,Obra de rehabilitación vial,135618.82,2023-02-18,False,False,135618.82,0.4095071884005258,1.0,0.0,0.0,0.0,0.0,False
C000000,P0053,E16,F057,Licitación Pública,Servicio de transporte,335596.8,2023-07-15,False,False,335596.8,2.4280868083869382,0.0,0.0,0.0,0.0,1.0,False
C003299,P0043,E05,F009,Comparación de Precios,Obra de rehabilitación vial,355340.07,2026-02-25,False,False,355340.07,2.6273755623481954,0.0,1.0,0.0,0.0,0.0,True
C003463,P0180,E03,F000,Licitación Pública,Consultoría en ingeniería,53572.06,2024-11-14,False,False,53572.06,-0.41867358241192276,0.0,0.0,0.0,0.0,1.0,False
C001192,P0106,E03,F000,Licitación Pública,Servicio de mantenimiento de infraestructura,297869.28,2025-03-19,False,False,297869.28,2.0472648649678193,0.0,0.0,0.0,0.0,1.0,False
C000840,P0180,E16,F002,Contratación Directa,Servicio de mantenimiento de infraestructura,42261.45,2023-09-29,False,False,42261.45,-0.5328429866414011,0.0,0.0,0.0,1.0,0.0,True
C001237,P0167,E01,F048,Licitación Pública,Obra de rehabilitación vial,131024.1,2026-02-08,False,False,131024.1,0.36312804129871,0.0,0.0,0.0,0.0,1.0,False
C000247,P0067,E09,F027,Comparación de Precios,Servicio de mantenimiento de infraestructura,66000.22,2026-01-06,False,False,66000.22,-0.2932236179211806,0.0,1.0,0.0,0.0,0.0,True
C000964,P0188,E08,F014,Comparación de Precios,Obra de rehabilitación vial,63958.09,2024-08-03,False,False,63958.09,-0.31383689744007,0.0,1.0,0.0,0.0,0.0,True
C001110,P0144,E04,F019,Licitación Pública,Obra de rehabilitación vial,191351.31,2023-10-05,False,False,191351.31,0.9720714691533193,0.0,0.0,0.0,0.0,1.0,False
C002157,P0209,E12,F050,Comparación de Precios,Adquisición de materiales de construcción,50529.21,2025-01-08,False,False,50529.21,-0.44938813906798886,0.0,1.0,0.0,0.0,0.0,True
C000893,P0159,E16,F002,Licitación Pública,Servicio de limpieza y vigilancia,26416.13,2024-09-09,False,False,26416.13,-0.6927857964655781,0.0,0.0,0.0,0.0,1.0,False
C003482,P0111,E10,F004,Comparación de Precios,Adquisición de bienes de oficina,40491.94,2023-11-26,False,False,40491.94,-0.5507044373039297,0.0,1.0,0.0,0.0,0.0,True
C000175,P0213,E01,F018,Adjudicación Simplificada,Adquisición de equipos informáticos,83770.92,2025-12-07,False,False,83770.92,-0.11384600418144519,1.0,0.0,0.0,0.0,0.0,False
C000278,P0007,E11,F007,Concurso Público,Consultoría en ingeniería,9216.79,2026-05-30,False,False,9216.79,-0.8663960969657488,0.0,0.0,1.0,0.0,0.0,False
C001423,P0203,E15,F035,Concurso Público,Adquisición de bienes de oficina,55810.54,2024-07-11,False,False,55810.54,-0.3960783441374528,0.0,0.0,1.0,0.0,0.0,False
C000746,P0037,E15,F035,Adjudicación Simplificada,Servicio de capacitación,66182.39,2024-10-26,False,False,66182.39,-0.2913847922196063,1.0,0.0,0.0,0.0,0.0,False
C001146,P0214,E17,F003,Contratación Directa,Servicio de limpieza y vigilancia,21061.27,2023-06-21,False,False,21061.27,-0.7468378039110001,0.0,0.0,0.0,1.0,0.0,True
C001027,P0201,E17,F031,Adjudicación Simplificada,Suministro de combustible,132619.98,2026-01-12,False,False,132619.98,0.37923686910037063,1.0,0.0,0.0,0.0,0.0,False
C002288,P0003,E01,F048,Comparación de Precios,Obra de rehabilitación vial,91016.08,2023-08-28,False,False,91016.08,-0.04071329067198398,0.0,1.0,0.0,0.0,0.0,True
C001132,P0153,E09,F027,Adjudicación Simplificada,Servicio de transporte,77919.01,2024-05-11,False,False,77919.01,-0.17291523902417485,1.0,0.0,0.0,0.0,0.0,False
C000416,P0073,E02,F051,Comparación de Precios,Adquisición de bienes de oficina,54491.8,2024-07-31,False,False,54491.8,-0.40938971816003705,0.0,1.0,0.0,0.0,0.0,True
C003199,P0089,E06,F039,Comparación de Precios,Servicio de mantenimiento de infraestructura,31171.29,2025-10-12,False,False,31171.29,-0.6447871664875446,0.0,1.0,0.0,0.0,0.0,True
C000217,P0005,E06,F006,Comparación de Precios,Servicio de mantenimiento de infraestructura,24484.43,2024-12-06,False,False,24484.43,-0.7122843945208628,0.0,1.0,0.0,0.0,0.0,True
C001623,P0131,E06,F006,Adjudicación Simplificada,Adquisición de equipos informáticos,385575.45,2025-03-25,False,False,385575.45,2.9325717738038004,1.0,0.0,0.0,0.0,0.0,False
C003413,P0203,E08,F015,Adjudicación Simplificada,Servicio de capacitación,269937.07,2025-04-22,False,False,269937.07,1.7653168732580284,1.0,0.0,0.0,0.0,0.0,False
C003215,P0184,E00,F038,Licitación Pública,Servicio de capacitación,49797.21,2024-10-21,False,False,49797.21,-0.4567769539856616,0.0,0.0,0.0,0.0,1.0,False
C001412,P0008,E13,F055,Comparación de Precios,Obra de rehabilitación vial,26782.45,2025-01-21,False,False,26782.45,-0.6890881589237178,0.0,1.0,0.0,0.0,0.0,True
C002459,P0182,E14,F029,Comparación de Precios,Adquisición de materiales de construcción,124656.58,2023-09-05,False,False,124656.58,0.2988542342432738,0.0,1.0,0.0,0.0,0.0,True
C002121,P0122,E09,F046,Adjudicación Simplificada,Servicio de capacitación,479820.69,2023-07-26,False,False,479820.69,3.8838841170164295,1.0,0.0,0.0,0.0,0.0,False
C001188,P0050,E05,F032,Adjudicación Simplificada,Adquisición de bienes de oficina,32079.05,2025-03-21,False,False,32079.05,-0.6356242284688745,1.0,0.0,0.0,0.0,0.0,False
C002649,P0146,E14,F016,Contratación Directa,Obra de rehabilitación vial,80187.21,2023-10-06,False,False,80187.21,-0.15002000678883973,0.0,0.0,0.0,1.0,0.0,True
C000449,P0064,E09,F034,Contratación Directa,Consultoría en ingeniería,25674.56,2024-05-25,False,False,25674.56,-0.700271211053691,0.0,0.0,0.0,1.0,0.0,True
C001138,P0201,E17,F031,Comparación de Precios,Servicio de capacitación,24943.57,2024-12-24,False,False,24943.57,-0.7076498310218189,0.0,1.0,0.0,0.0,0.0,True
C000932,P0196,E00,F038,Contratación Directa,Servicio de capacitación,27159.05,2024-02-05,False,False,27159.05,-0.6852867549647074,0.0,0.0,0.0,1.0,0.0,True
C001117,P0084,E11,F049,Licitación Pública,Servicio de limpieza y vigilancia,20985.19,2023-03-11,False,False,20985.19,-0.7476057561499845,0.0,0.0,0.0,0.0,1.0,False
C002621,P0084,E04,F053,Comparación de Precios,Adquisición de materiales de construcción,207541.92,2024-06-24,False,False,207541.92,1.1354996395006158,0.0,1.0,0.0,0.0,0.0,True
C000433,P0074,E06,F039,Adjudicación Simplificada,Obra de rehabilitación vial,89972.91,2023-02-02,False,False,89972.91,-0.05124305851032909,1.0,0.0,0.0,0.0,0.0,False
C002940,P0145,E03,F000,Adjudicación Simplificada,Adquisición de equipos informáticos,39029.84,2023-11-22,False,False,39029.84,-0.5654628885213195,1.0,0.0,0.0,0.0,0.0,False
C000371,P0090,E11,F007,Comparación de Precios,Consultoría en ingeniería,8769.93,2026-03-01,False,False,8769.93,-0.8709067060287422,0.0,1.0,0.0,0.0,0.0,True
C003056,P0024,E09,F046,Adjudicación Simplificada,Adquisición de bienes de oficina,94627.56,2025-02-18,False,False,94627.56,-0.004258977422152564,1.0,0.0,0.0,0.0,0.0,False
C002162,P0116,E08,F005,Contratación Directa,Adquisición de bienes de oficina,322830.61,2024-03-22,False,False,322830.61,2.2992247658816867,0.0,0.0,0.0,1.0,0.0,True
C003390,P0093,E17,F003,Adjudicación Simplificada,Adquisición de materiales de construcción,15394.34,2023-12-24,False,False,15394.34,-0.8040398488855999,1.0,0.0,0.0,0.0,0.0,False
C002980,P0124,E05,F047,Concurso Público,Servicio de mantenimiento de infraestructura,59330.22,2025-04-26,False,False,59330.22,-0.3605506609551655,0.0,0.0,1.0,0.0,0.0,False
C002553,P0075,E16,F024,Comparación de Precios,Adquisición de equipos informáticos,12012.8,2023-07-25,False,False,12012.8,-0.8381731456024126,0.0,1.0,0.0,0.0,0.0,True
C000764,P0063,E07,F036,Licitación Pública,Suministro de combustible,60632.03,2023-10-08,False,False,60632.03,-0.34741017851257605,0.0,0.0,0.0,0.0,1.0,False
C002387,P0138,E04,F019,Contratación Directa,Servicio de mantenimiento de infraestructura,158439.15,2024-09-21,False,False,158439.15,0.6398558150811459,0.0,0.0,0.0,1.0,0.0,True
C000803,P0174,E14,F029,Adjudicación Simplificada,Obra de rehabilitación vial,230999.32,2023-04-10,False,False,230999.32,1.3722788567817847,1.0,0.0,0.0,0.0,0.0,False
C002881,P0118,E04,F030,Adjudicación Simplificada,Suministro de combustible,62758.87,2023-01-06,False,False,62758.87,-0.3259418354531457,1.0,0.0,0.0,0.0,0.0,False
C000246,P0121,E11,F049,Adjudicación Simplificada,Adquisición de bienes de oficina,129896.69,2024-04-28,False,False,129896.69,0.35174795410426546,1.0,0.0,0.0,0.0,0.0,False
C002691,P0013,E08,F005,Comparación de Precios,Obra de rehabilitación vial,30144.36,2023-07-28,False,False,30144.36,-0.6551530076124157,0.0,1.0,0.0,0.0,0.0,True
C000505,P0125,E15,F035,Licitación Pública,Servicio de transporte,49846.44,2025-01-13,False,False,49846.44,-0.4562800259004197,0.0,0.0,0.0,0.0,1.0,False
C001498,P0058,E07,F036,Contratación Directa,Consultoría en ingeniería,57162.1,2025-03-05,False,False,57162.1,-0.3824356847247073,0.0,0.0,0.0,1.0,0.0,True
C001292,P0170,E04,F019,Adjudicación Simplificada,Obra de rehabilitación vial,19743.49,2025-10-16,False,False,19743.49,-0.760139487684512,1.0,0.0,0.0,0.0,0.0,False
C002123,P0205,E04,F019,Adjudicación Simplificada,Suministro de combustible,77836.08,2026-03-01,False,False,77836.08,-0.17375233522789418,1.0,0.0,0.0,0.0,0.0,False
C003105,P0204,E06,F006,Comparación de Precios,Consultoría en ingeniería,65203.41,2024-12-20,False,False,65203.41,-0.30126662559133194,0.0,1.0,0.0,0.0,0.0,True
C003025,P0132,E10,F004,Licitación Pública,Servicio de capacitación,87664.47,2024-04-17,False,False,87664.47,-0.07454447368594713,0.0,0.0,0.0,0.0,1.0,False
C001839,P0144,E05,F052,Comparación de Precios,Suministro de combustible,19930.17,2023-03-15,False,False,19930.17,-0.7582551380003165,0.0,1.0,0.0,0.0,0.0,True
C001537,P0082,E01,F018,Comparación de Precios,Servicio de capacitación,20927.6,2026-04-23,False,False,20927.6,-0.7481870701542315,0.0,1.0,0.0,0.0,0.0,True
C800023,P0107,E17,F012,Adjudicación Simplificada,Servicio de limpieza y vigilancia,218787.75,2024-12-04,False,True,218787.75,1.2490151537978988,1.0,0.0,0.0,0.0,0.0,False
C002179,P0175,E13,F055,Adjudicación Simplificada,Obra de rehabilitación vial,108351.9,2023-11-11,False,False,108351.9,0.1342746402379734,1.0,0.0,0.0,0.0,0.0,False
C002002,P0006,E10,F008,Concurso Público,Suministro de combustible,22170.42,2024-11-26,False,False,22170.42,-0.7356420333291195,0.0,0.0,1.0,0.0,0.0,False
C000543,P0029,E01,F017,Concurso Público,Adquisición de equipos informáticos,251451.69,2024-12-13,False,False,251451.69,1.5787252728443006,0.0,0.0,1.0,0.0,0.0,False
C002129,P0094,E12,F050,Comparación de Precios,Obra de rehabilitación vial,86698.81,2023-03-31,False,False,86698.81,-0.08429185485179391,0.0,1.0,0.0,0.0,0.0,True
C000805,P0049,E16,F024,Adjudicación Simplificada,Servicio de mantenimiento de infraestructura,20701.34,2026-05-10,False,False,20701.34,-0.7504709407324728,1.0,0.0,0.0,0.0,0.0,False
C002338,P0120,E15,F035,Adjudicación Simplificada,Servicio de capacitación,102441.02,2025-11-29,False,False,102441.02,0.0746101616579554,1.0,0.0,0.0,0.0,0.0,False
C001539,P0116,E05,F037,Comparación de Precios,Servicio de transporte,21300.9,2023-10-18,False,False,21300.9,-0.7444189764264073,0.0,1.0,0.0,0.0,0.0,True
C000612,P0192,E09,F027,Contratación Directa,Servicio de mantenimiento de infraestructura,24592.82,2023-08-05,False,False,24592.82,-0.711190304836537,0.0,0.0,0.0,1.0,0.0,True
C002114,P0032,E13,F055,Comparación de Precios,Servicio de transporte,126621.74,2026-01-06,False,False,126621.74,0.31869057785476795,0.0,1.0,0.0,0.0,0.0,True
C001637,P0105,E12,F050,Adjudicación Simplificada,Adquisición de materiales de construcción,725069.52,2024-08-18,False,False,534351.0878000001,4.434314467742205,1.0,0.0,0.0,0.0,0.0,False
C000781,P0082,E14,F040,Adjudicación Simplificada,Servicio de limpieza y vigilancia,93727.05,2026-01-24,False,False,93727.05,-0.013348733872307497,1.0,0.0,0.0,0.0,0.0,False
C000485,P0107,E14,F040,Adjudicación Simplificada,Adquisición de equipos informáticos,217733.92,2023-07-11,False,False,217733.92,1.2383777838188128,1.0,0.0,0.0,0.0,0.0,False
C003491,P0001,E12,F021,Comparación de Precios,Obra de rehabilitación vial,258526.94,2024-12-22,False,False,258526.94,1.650142913208049,0.0,1.0,0.0,0.0,0.0,True
C800028,P0067,E00,F038,Adjudicación Simplificada,Adquisición de equipos informáticos,179669.95,2024-11-07,False,True,179669.95,0.8541597109201156,1.0,0.0,0.0,0.0,0.0,False
C001465,P0131,E05,F032,Adjudicación Simplificada,Adquisición de materiales de construcción,37862.72,2023-01-11,False,False,37862.72,-0.5772438088310382,1.0,0.0,0.0,0.0,0.0,False
C000258,P0160,E11,F054,Adjudicación Simplificada,Obra de rehabilitación vial,3721.96,2023-06-13,False,False,3721.96,-0.9218609629139394,1.0,0.0,0.0,0.0,0.0,False
C900053,P0154,E16,F024,Contratación Directa,Servicio de capacitación,78036.89,2025-10-07,True,False,78036.89,-0.1717253571901649,0.0,0.0,0.0,1.0,0.0,True
C003238,P0179,E04,F030,Contratación Directa,Consultoría en ingeniería,17197.0,2025-04-28,False,False,17197.0,-0.7858437818097913,0.0,0.0,0.0,1.0,0.0,True
C003211,P0171,E17,F031,Comparación de Precios,Suministro de combustible,210272.06,2025-02-05,False,False,210272.06,1.1630576984614558,0.0,1.0,0.0,0.0,0.0,True
C003446,P0170,E12,F050,Licitación Pública,Adquisición de bienes de oficina,353964.12,2023-03-23,False,False,353964.12,2.613486710044955,0.0,0.0,0.0,0.0,1.0,False
C002600,P0155,E05,F047,Adjudicación Simplificada,Obra de rehabilitación vial,20048.25,2025-10-01,False,False,20048.25,-0.7570632373644165,1.0,0.0,0.0,0.0,0.0,False
C002846,P0209,E14,F029,Licitación Pública,Consultoría en ingeniería,71561.15,2025-09-03,False,False,71561.15,-0.23709153794832047,0.0,0.0,0.0,0.0,1.0,False
C001993,P0069,E17,F012,Adjudicación Simplificada,Servicio de limpieza y vigilancia,61530.634999999995,2025-07-03,False,False,61530.634999999995,-0.3383396511504241,1.0,0.0,0.0,0.0,0.0,False
C000965,P0173,E13,F056,Licitación Pública,Adquisición de equipos informáticos,37586.99,2025-10-10,False,False,37586.99,-0.5800270300567895,0.0,0.0,0.0,0.0,1.0,False
C001025,P0098,E00,F010,Licitación Pública,Adquisición de equipos informáticos,32176.39,2024-07-03,False,False,32176.39,-0.6346416775889752,0.0,0.0,0.0,0.0,1.0,False
C002240,P0107,E07,F023,Comparación de Precios,Adquisición de bienes de oficina,177010.84,2024-10-14,False,False,177010.84,0.8273186294505352,0.0,1.0,0.0,0.0,0.0,True
C800003,P0200,E08,F014,Adjudicación Simplificada,Servicio de limpieza y vigilancia,380000.0,2026-02-10,False,True,380000.0,2.8762931288137206,1.0,0.0,0.0,0.0,0.0,False
C001864,P0209,E04,F053,Adjudicación Simplificada,Adquisición de materiales de construcción,48107.77,2024-06-26,False,False,48107.77,-0.473830177311499,1.0,0.0,0.0,0.0,0.0,False
C000596,P0083,E06,F039,Adjudicación Simplificada,Adquisición de equipos informáticos,38197.16,2024-02-14,False,False,38197.16,-0.5738679683104556,1.0,0.0,0.0,0.0,0.0,False
C001912,P0088,E14,F029,Contratación Directa,Adquisición de bienes de oficina,82910.65,2025-07-22,False,False,82910.65,-0.12252957769131723,0.0,0.0,0.0,1.0,0.0,True
C002547,P0048,E13,F056,Comparación de Precios,Servicio de transporte,17247.41,2023-09-06,False,False,17247.41,-0.785334942793398,0.0,1.0,0.0,0.0,0.0,True
C000296,P0082,E03,F000,Comparación de Precios,Obra de rehabilitación vial,49475.83,2025-07-23,False,False,49475.83,-0.4600209667428223,0.0,1.0,0.0,0.0,0.0,True
C002804,P0144,E15,F035,Adjudicación Simplificada,Servicio de transporte,30794.31,2023-11-26,False,False,30794.31,-0.6485924061701461,1.0,0.0,0.0,0.0,0.0,False
C000507,P0137,E14,F040,Adjudicación Simplificada,Adquisición de materiales de construcción,25186.42,2023-05-10,False,False,25186.42,-0.7051985008267958,1.0,0.0,0.0,0.0,0.0,False
C000007,P0145,E08,F020,Comparación de Precios,Suministro de combustible,51302.48,2026-03-26,False,False,51302.48,-0.44158274438029926,0.0,1.0,0.0,0.0,0.0,True
C002023,P0168,E13,F058,Adjudicación Simplificada,Servicio de mantenimiento de infraestructura,189310.83,2023-10-08,False,False,189310.83,0.9514748447500231,1.0,0.0,0.0,0.0,0.0,False
C002763,P0039,E02,F051,Adjudicación Simplificada,Adquisición de bienes de oficina,59769.77,2024-08-24,False,False,59769.77,-0.3561138391012543,1.0,0.0,0.0,0.0,0.0,False
C002583,P0039,E12,F021,Comparación de Precios,Consultoría en ingeniería,60887.8,2026-05-15,False,False,60887.8,-0.34482843371545424,0.0,1.0,0.0,0.0,0.0,True
C003455,P0162,E12,F050,Comparación de Precios,Suministro de combustible,202863.28,2023-02-07,False,False,202863.28,1.0882734031257246,0.0,1.0,0.0,0.0,0.0,True
C003292,P0134,E05,F045,Adjudicación Simplificada,Servicio de transporte,96709.68,2026-02-11,False,False,96709.68,0.01675796153465708,1.0,0.0,0.0,0.0,0.0,False
C002009,P0082,E05,F009,Licitación Pública,Obra de rehabilitación vial,86166.87,2024-05-27,False,False,86166.87,-0.08966126223882512,0.0,0.0,0.0,0.0,1.0,False
C003470,P0176,E05,F059,Comparación de Precios,Servicio de limpieza y vigilancia,57131.64,2026-06-02,False,False,57131.64,-0.3827431482525656,0.0,1.0,0.0,0.0,0.0,True
C002522,P0011,E04,F030,Comparación de Precios,Servicio de mantenimiento de infraestructura,57032.55,2024-09-20,False,False,57032.55,-0.383743363649003,0.0,1.0,0.0,0.0,0.0,True
C001344,P0217,E08,F028,Adjudicación Simplificada,Consultoría en ingeniería,114063.9,2023-07-07,False,False,114063.9,0.1919316222185014,1.0,0.0,0.0,0.0,0.0,False
C001641,P0047,E13,F055,Licitación Pública,Servicio de limpieza y vigilancia,111381.09,2025-07-21,False,False,111381.09,0.16485131272494744,0.0,0.0,0.0,0.0,1.0,False
C002957,P0000,E03,F000,Adjudicación Simplificada,Consultoría en ingeniería,11640.55,2023-06-02,False,False,11640.55,-0.8419306406203138,1.0,0.0,0.0,0.0,0.0,False
C000096,P0107,E13,F058,Comparación de Precios,Servicio de limpieza y vigilancia,76241.39,2026-06-01,False,False,76241.39,-0.1898491511583088,0.0,1.0,0.0,0.0,0.0,True
C001336,P0125,E06,F006,Adjudicación Simplificada,Obra de rehabilitación vial,54402.51,2025-02-07,False,False,54402.51,-0.41029101226386083,1.0,0.0,0.0,0.0,0.0,False
C002337,P0139,E11,F007,Licitación Pública,Adquisición de bienes de oficina,148851.96,2026-02-13,False,False,148851.96,0.5430826286186287,0.0,0.0,0.0,0.0,1.0,False
C002850,P0203,E10,F004,Concurso Público,Adquisición de materiales de construcción,411431.47,2026-04-25,False,False,411431.47,3.1935626840328215,0.0,0.0,1.0,0.0,0.0,False
C002656,P0122,E16,F057,Adjudicación Simplificada,Suministro de combustible,101639.24,2024-05-10,False,False,101639.24,0.06651698676083571,1.0,0.0,0.0,0.0,0.0,False
C000025,P0117,E02,F051,Adjudicación Simplificada,Servicio de transporte,260795.53,2024-08-13,False,False,260795.53,1.67304208210707,1.0,0.0,0.0,0.0,0.0,False
C001322,P0164,E09,F034,Comparación de Precios,Servicio de mantenimiento de infraestructura,207240.92,2025-07-11,False,False,207240.92,1.1324613426560537,0.0,1.0,0.0,0.0,0.0,True
C002603,P0211,E16,F002,Comparación de Precios,Adquisición de equipos informáticos,257459.28,2023-11-04,False,False,257459.28,1.6393659430782646,0.0,1.0,0.0,0.0,0.0,True
C002453,P0030,E12,F050,Licitación Pública,Adquisición de materiales de construcción,550257.37,2025-08-16,False,False,534351.0878000001,4.434314467742205,0.0,0.0,0.0,0.0,1.0,False
C001213,P0172,E08,F022,Contratación Directa,Consultoría en ingeniería,60870.58,2026-01-17,False,False,60870.58,-0.34500225255818967,0.0,0.0,0.0,1.0,0.0,True
C001104,P0121,E09,F043,Licitación Pública,Servicio de mantenimiento de infraestructura,12201.94,2023-09-30,False,False,12201.94,-0.8362639646549691,0.0,0.0,0.0,0.0,1.0,False
C001446,P0201,E05,F045,Adjudicación Simplificada,Servicio de limpieza y vigilancia,27746.63,2024-11-22,False,False,27746.63,-0.6793557168918575,1.0,0.0,0.0,0.0,0.0,False
C002148,P0186,E05,F001,Concurso Público,Servicio de limpieza y vigilancia,61530.634999999995,2025-10-22,False,False,61530.634999999995,-0.3383396511504241,0.0,0.0,1.0,0.0,0.0,False
C002830,P0010,E09,F027,Concurso Público,Obra de rehabilitación vial,99029.38,2023-06-12,False,False,99029.38,0.040173035256686404,0.0,0.0,1.0,0.0,0.0,False
C001846,P0149,E07,F023,Licitación Pública,Suministro de combustible,23308.85,2026-04-16,False,False,23308.85,-0.7241507101505319,0.0,0.0,0.0,0.0,1.0,False
C000067,P0129,E09,F043,Adjudicación Simplificada,Obra de rehabilitación vial,42648.25,2024-03-13,False,False,42648.25,-0.5289386237859969,1.0,0.0,0.0,0.0,0.0,False
C001788,P0176,E11,F049,Contratación Directa,Adquisición de bienes de oficina,460695.88,2023-05-26,False,False,460695.88,3.69083810413985,0.0,0.0,0.0,1.0,0.0,True
C001749,P0168,E04,F030,Comparación de Precios,Servicio de capacitación,20700.08,2025-03-09,False,False,20700.08,-0.7504836591843802,0.0,1.0,0.0,0.0,0.0,True
C001720,P0174,E11,F049,Concurso Público,Consultoría en ingeniería,36549.32,2024-08-24,False,False,36549.32,-0.5905012808431576,0.0,0.0,1.0,0.0,0.0,False
C001867,P0125,E03,F000,Adjudicación Simplificada,Adquisición de bienes de oficina,269197.72,2025-12-14,False,False,269197.72,1.757853867370895,1.0,0.0,0.0,0.0,0.0,False
C002202,P0159,E15,F035,Licitación Pública,Servicio de limpieza y vigilancia,9151.88,2026-02-18,False,False,9151.88,-0.8670512991191724,0.0,0.0,0.0,0.0,1.0,False
C000031,P0063,E11,F007,Comparación de Precios,Servicio de capacitación,18429.29,2025-06-05,False,False,18429.29,-0.7734050349041918,0.0,1.0,0.0,0.0,0.0,True
C003053,P0146,E02,F025,Adjudicación Simplificada,Obra de rehabilitación vial,52150.51,2026-05-19,False,False,52150.51,-0.43302272154609983,1.0,0.0,0.0,0.0,0.0,False
C002608,P0200,E00,F038,Comparación de Precios,Obra de rehabilitación vial,57419.59,2024-11-13,False,False,57419.59,-0.3798365782313309,0.0,1.0,0.0,0.0,0.0,True
C000610,P0033,E09,F034,Adjudicación Simplificada,Obra de rehabilitación vial,51270.44,2025-11-15,False,False,51270.44,-0.44190615644308917,1.0,0.0,0.0,0.0,0.0,False
C001200,P0050,E03,F000,Comparación de Precios,Obra de rehabilitación vial,122459.8,2024-12-15,False,False,122459.8,0.2766799161628844,0.0,1.0,0.0,0.0,0.0,True
C000570,P0101,E04,F030,Concurso Público,Servicio de limpieza y vigilancia,61530.634999999995,2025-06-20,False,False,61530.634999999995,-0.3383396511504241,0.0,0.0,1.0,0.0,0.0,False
C003335,P0210,E10,F004,Comparación de Precios,Obra de rehabilitación vial,320811.58,2025-11-24,False,False,320811.58,2.2788446579811015,0.0,1.0,0.0,0.0,0.0,True
C000343,P0201,E08,F014,Adjudicación Simplificada,Adquisición de materiales de construcción,204519.95,2024-08-28,False,False,204519.95,1.1049958457618734,1.0,0.0,0.0,0.0,0.0,False
C001552,P0094,E17,F012,Licitación Pública,Obra de rehabilitación vial,42708.9,2023-02-02,False,False,42708.9,-0.5283264221128318,0.0,0.0,0.0,0.0,1.0,False
C001564,P0078,E12,F021,Licitación Pública,Suministro de combustible,42877.87,2023-11-29,False,False,42877.87,-0.5266208373360023,0.0,0.0,0.0,0.0,1.0,False
C000678,P0032,E10,F026,Comparación de Precios,Obra de rehabilitación vial,27109.74,2023-01-17,False,False,27109.74,-0.6857844905707052,0.0,1.0,0.0,0.0,0.0,True
C001849,P0104,E00,F041,Contratación Directa,Obra de rehabilitación vial,12656.44,2023-10-14,False,False,12656.44,-0.8316762373597748,0.0,0.0,0.0,1.0,0.0,True
C002751,P0212,E10,F026,Adjudicación Simplificada,Suministro de combustible,220851.22,2025-04-04,False,False,220851.22,1.269843839478459,1.0,0.0,0.0,0.0,0.0,False
C002952,P0041,E17,F031,Comparación de Precios,Adquisición de materiales de construcción,56200.8,2024-03-19,False,False,56200.8,-0.3921390560093504,0.0,1.0,0.0,0.0,0.0,True
C002256,P0041,E06,F006,Licitación Pública,Servicio de mantenimiento de infraestructura,209536.85,2024-08-21,False,False,209536.85,1.1556364817734475,0.0,0.0,0.0,0.0,1.0,False
C003223,P0201,E13,F055,Licitación Pública,Obra de rehabilitación vial,94320.61,2023-09-11,False,False,94320.61,-0.007357333622944389,0.0,0.0,0.0,0.0,1.0,False
C001732,P0019,E03,F000,Concurso Público,Obra de rehabilitación vial,72129.32,2024-10-09,False,False,72129.32,-0.23135642459890218,0.0,0.0,1.0,0.0,0.0,False
C000948,P0125,E03,F000,Concurso Público,Servicio de mantenimiento de infraestructura,38465.89,2026-05-12,False,False,38465.89,-0.571155405150857,0.0,0.0,1.0,0.0,0.0,False
C001780,P0049,E15,F035,Comparación de Precios,Obra de rehabilitación vial,466036.68,2025-03-17,False,False,466036.68,3.7447481898123995,0.0,1.0,0.0,0.0,0.0,True
C002325,P0091,E15,F035,Adjudicación Simplificada,Servicio de mantenimiento de infraestructura,15130.91,2024-07-04,False,False,15130.91,-0.8066989137951115,1.0,0.0,0.0,0.0,0.0,False
C002742,P0176,E14,F016,Adjudicación Simplificada,Servicio de capacitación,28631.83,2024-02-19,False,False,28631.83,-0.6704204997263877,1.0,0.0,0.0,0.0,0.0,False
C000576,P0202,E11,F054,Licitación Pública,Adquisición de bienes de oficina,19691.76,2023-04-03,False,False,19691.76,-0.7606616507933799,0.0,0.0,0.0,0.0,1.0,False
C001844,P0206,E14,F029,Adjudicación Simplificada,Obra de rehabilitación vial,73010.55,2024-01-28,False,False,73010.55,-0.22246128065095042,1.0,0.0,0.0,0.0,0.0,False
C001094,P0038,E15,F035,Adjudicación Simplificada,Servicio de limpieza y vigilancia,112036.1,2023-03-07,False,False,112036.1,0.17146298985503605,1.0,0.0,0.0,0.0,0.0,False
C001444,P0003,E01,F017,Licitación Pública,Adquisición de bienes de oficina,48270.38,2023-08-09,False,False,48270.38,-0.4721887904347739,0.0,0.0,0.0,0.0,1.0,False
C003225,P0078,E16,F057,Adjudicación Simplificada,Servicio de capacitación,75210.9,2025-08-05,False,False,75210.9,-0.20025092695682328,1.0,0.0,0.0,0.0,0.0,False
C000528,P0135,E03,F000,Adjudicación Simplificada,Servicio de limpieza y vigilancia,178199.67,2023-11-06,False,False,178199.67,0.8393186907054219,1.0,0.0,0.0,0.0,0.0,False
C000176,P0180,E17,F003,Comparación de Precios,Servicio de transporte,10684.36,2023-07-15,False,False,10684.36,-0.8515824315166656,0.0,1.0,0.0,0.0,0.0,True
C001108,P0123,E00,F038,Comparación de Precios,Servicio de limpieza y vigilancia,40109.6,2024-02-16,False,False,40109.6,-0.5545637808771852,0.0,1.0,0.0,0.0,0.0,True
C000422,P0214,E09,F046,Concurso Público,Servicio de mantenimiento de infraestructura,115784.3,2023-02-09,False,False,115784.3,0.20929735607692243,0.0,0.0,1.0,0.0,0.0,False
C000680,P0153,E13,F055,Licitación Pública,Suministro de combustible,78471.08,2025-05-14,False,False,78471.08,-0.16734263922690762,0.0,0.0,0.0,0.0,1.0,False
C002930,P0064,E06,F039,Licitación Pública,Servicio de limpieza y vigilancia,5911.89,2024-01-13,False,False,5911.89,-0.899755788798285,0.0,0.0,0.0,0.0,1.0,False
C003350,P0051,E08,F014,Contratación Directa,Servicio de mantenimiento de infraestructura,14026.28,2024-02-27,False,False,14026.28,-0.8178490594542766,0.0,0.0,0.0,1.0,0.0,True
C001313,P0193,E13,F056,Concurso Público,Adquisición de equipos informáticos,46981.22,2025-11-24,False,False,46981.22,-0.4852015836578162,0.0,0.0,1.0,0.0,0.0,False
C002273,P0182,E06,F006,Adjudicación Simplificada,Consultoría en ingeniería,29034.54,2024-12-15,False,False,29034.54,-0.6663555411806282,1.0,0.0,0.0,0.0,0.0,False
C002890,P0199,E03,F000,Comparación de Precios,Adquisición de equipos informáticos,12761.66,2024-10-02,False,False,12761.66,-0.8306141456854066,0.0,1.0,0.0,0.0,0.0,True
C000790,P0083,E16,F057,Comparación de Precios,Adquisición de materiales de construcción,196929.42,2025-01-20,False,False,196929.42,1.0283769642085372,0.0,1.0,0.0,0.0,0.0,True
C002073,P0170,E00,F010,Comparación de Precios,Servicio de capacitación,58502.6,2024-03-16,False,False,58502.6,-0.3689046650564829,0.0,1.0,0.0,0.0,0.0,True
C000288,P0096,E09,F046,Comparación de Precios,Servicio de capacitación,17200.31,2024-09-01,False,False,17200.31,-0.7858103706385106,0.0,1.0,0.0,0.0,0.0,True
C001656,P0088,E09,F034,Comparación de Precios,Servicio de capacitación,15969.39,2023-02-15,False,False,15969.39,-0.7982352887511631,0.0,1.0,0.0,0.0,0.0,True
C002918,P0120,E11,F054,Concurso Público,Adquisición de materiales de construcción,2898.58,2024-08-06,False,False,2898.58,-0.9301721684151871,0.0,0.0,1.0,0.0,0.0,False
C002490,P0023,E15,F035,Concurso Público,Adquisición de bienes de oficina,353163.13,2023-01-18,False,False,353163.13,2.605401509415301,0.0,0.0,1.0,0.0,0.0,False
C002662,P0046,E15,F035,Contratación Directa,Servicio de limpieza y vigilancia,44514.22,2023-08-02,False,False,44514.22,-0.5101035049718853,0.0,0.0,0.0,1.0,0.0,True
C001134,P0181,E06,F006,Concurso Público,Adquisición de equipos informáticos,94973.21,2024-02-26,False,False,94973.21,-0.0007699830556312043,0.0,0.0,1.0,0.0,0.0,False
C000177,P0150,E14,F040,Licitación Pública,Servicio de limpieza y vigilancia,235753.25,2023-03-14,False,False,235753.25,1.4202650711281941,0.0,0.0,0.0,0.0,1.0,False
C002587,P0033,E05,F009,Adjudicación Simplificada,Adquisición de bienes de oficina,67682.88,2026-01-02,False,False,67682.88,-0.27623883197941673,1.0,0.0,0.0,0.0,0.0,False
C003080,P0098,E15,F035,Comparación de Precios,Suministro de combustible,94128.12,2026-02-23,False,False,94128.12,-0.009300329502046654,0.0,1.0,0.0,0.0,0.0,True
C001422,P0207,E00,F041,Comparación de Precios,Consultoría en ingeniería,264480.15,2023-04-18,False,False,264480.15,1.7102346712081016,0.0,1.0,0.0,0.0,0.0,True
C001624,P0092,E05,F032,Contratación Directa,Consultoría en ingeniería,13891.37,2024-11-18,False,False,13891.37,-0.8192108422692264,0.0,0.0,0.0,1.0,0.0,True
C000370,P0212,E01,F048,Contratación Directa,Servicio de mantenimiento de infraestructura,93195.49,2024-05-19,False,False,93195.49,-0.018714305535747506,0.0,0.0,0.0,1.0,0.0,True
C001501,P0171,E07,F023,Contratación Directa,Servicio de capacitación,15216.82,2023-04-02,False,False,15216.82,-0.8058317374432301,0.0,0.0,0.0,1.0,0.0,True
C000729,P0010,E03,F000,Adjudicación Simplificada,Adquisición de bienes de oficina,61697.98,2023-07-09,False,False,61697.98,-0.3366504691389514,1.0,0.0,0.0,0.0,0.0,False
C000598,P0100,E13,F055,Adjudicación Simplificada,Consultoría en ingeniería,56397.34,2024-02-10,False,False,56397.34,-0.39015517939197425,1.0,0.0,0.0,0.0,0.0,False
C002186,P0122,E13,F056,Comparación de Precios,Servicio de mantenimiento de infraestructura,62418.09,2024-12-22,False,False,62418.09,-0.3293816719936437,0.0,1.0,0.0,0.0,0.0,True
C002457,P0030,E00,F041,Comparación de Precios,Adquisición de materiales de construcción,86820.01,2024-03-05,False,False,86820.01,-0.08306846090640879,0.0,1.0,0.0,0.0,0.0,True
C003460,P0171,E04,F019,Contratación Directa,Consultoría en ingeniería,45828.65,2026-05-19,False,False,45828.65,-0.49683563613003207,0.0,0.0,0.0,1.0,0.0,True
C001697,P0111,E05,F037,Concurso Público,Servicio de transporte,59056.25,2026-05-16,False,False,59056.25,-0.3633161167242841,0.0,0.0,1.0,0.0,0.0,False
C001427,P0153,E16,F024,Adjudicación Simplificada,Consultoría en ingeniería,46675.06,2025-02-12,False,False,46675.06,-0.48829196559114224,1.0,0.0,0.0,0.0,0.0,False
C001940,P0014,E10,F004,Adjudicación Simplificada,Servicio de transporte,41434.26,2024-06-02,False,False,41434.26,-0.5411926503186547,1.0,0.0,0.0,0.0,0.0,False
C003322,P0039,E15,F035,Comparación de Precios,Adquisición de bienes de oficina,87915.72,2025-04-03,False,False,87915.72,-0.07200835381154103,0.0,1.0,0.0,0.0,0.0,True
C000141,P0145,E05,F032,Comparación de Precios,Adquisición de bienes de oficina,61697.98,2025-01-30,False,False,61697.98,-0.3366504691389514,0.0,1.0,0.0,0.0,0.0,True
C001927,P0173,E00,F010,Comparación de Precios,Suministro de combustible,56421.03,2025-11-16,False,False,56421.03,-0.3899160523080949,0.0,1.0,0.0,0.0,0.0,True
C000665,P0012,E01,F048,Comparación de Precios,Adquisición de materiales de construcción,125407.79,2026-06-07,False,False,125407.79,0.3064369550824881,0.0,1.0,0.0,0.0,0.0,True
C000817,P0008,E12,F050,Comparación de Precios,Servicio de limpieza y vigilancia,50113.34,2025-05-20,False,False,50113.34,-0.4535859347781153,0.0,1.0,0.0,0.0,0.0,True
C002473,P0025,E11,F007,Licitación Pública,Adquisición de materiales de construcción,59087.28,2024-03-22,False,False,59087.28,-0.3630028996110391,0.0,0.0,0.0,0.0,1.0,False
C000654,P0096,E12,F050,Comparación de Precios,Servicio de mantenimiento de infraestructura,68810.51,2025-05-19,False,False,68810.51,-0.26485652410289323,0.0,1.0,0.0,0.0,0.0,True
C000471,P0152,E10,F004,Comparación de Precios,Adquisición de bienes de oficina,28435.02,2026-02-21,False,False,28435.02,-0.6724071017263155,0.0,1.0,0.0,0.0,0.0,True
C001510,P0108,E12,F050,Adjudicación Simplificada,Suministro de combustible,475005.95,2024-05-03,False,False,475005.95,3.835284085955343,1.0,0.0,0.0,0.0,0.0,False
C003427,P0018,E05,F059,Contratación Directa,Servicio de transporte,259385.92,2024-04-23,False,False,259385.92,1.6588134654457305,0.0,0.0,0.0,1.0,0.0,True
C002168,P0210,E12,F021,Adjudicación Simplificada,Obra de rehabilitación vial,121638.59,2025-02-04,False,False,121638.59,0.26839061466214387,1.0,0.0,0.0,0.0,0.0,False
C000839,P0142,E06,F006,Adjudicación Simplificada,Servicio de limpieza y vigilancia,142395.86,2023-04-04,False,False,142395.86,0.4779146942060784,1.0,0.0,0.0,0.0,0.0,False
C002671,P0043,E12,F021,Comparación de Precios,Servicio de mantenimiento de infraestructura,26380.67,2025-11-10,False,False,26380.67,-0.6931437300406884,0.0,1.0,0.0,0.0,0.0,True
C000926,P0163,E01,F017,Comparación de Precios,Suministro de combustible,147992.74,2023-05-10,False,False,147992.74,0.5344096538186796,0.0,1.0,0.0,0.0,0.0,True
C002149,P0063,E00,F010,Licitación Pública,Servicio de limpieza y vigilancia,117332.0,2023-03-03,False,False,117332.0,0.224919854503264,0.0,0.0,0.0,0.0,1.0,False
C002069,P0039,E09,F027,Comparación de Precios,Servicio de capacitación,17764.38,2024-05-21,False,False,17764.38,-0.7801166427278389,0.0,1.0,0.0,0.0,0.0,True
C000195,P0114,E12,F050,Contratación Directa,Servicio de limpieza y vigilancia,97261.75,2024-11-19,False,False,97261.75,0.022330561331924327,0.0,0.0,0.0,1.0,0.0,True
C000532,P0104,E05,F037,Licitación Pública,Adquisición de bienes de oficina,74325.15,2023-04-13,False,False,74325.15,-0.20919169582749075,0.0,0.0,0.0,0.0,1.0,False
C003401,P0067,E03,F000,Comparación de Precios,Suministro de combustible,53869.79,2025-10-30,False,False,53869.79,-0.4156682929782633,0.0,1.0,0.0,0.0,0.0,True
C900035,P0000,E15,F035,Contratación Directa,Adquisición de bienes de oficina,365335.42,2024-03-12,True,False,365335.42,2.7282687197079762,0.0,0.0,0.0,1.0,0.0,True
C002042,P0170,E06,F039,Licitación Pública,Servicio de mantenimiento de infraestructura,15257.71,2023-12-27,False,False,15257.71,-0.8054189933968042,0.0,0.0,0.0,0.0,1.0,False
C002519,P0161,E10,F004,Adjudicación Simplificada,Adquisición de bienes de oficina,44483.89,2024-06-18,False,False,44483.89,-0.5104096562785151,1.0,0.0,0.0,0.0,0.0,False
C001074,P0188,E00,F038,Comparación de Precios,Obra de rehabilitación vial,15493.94,2025-01-29,False,False,15493.94,-0.8030344855443428,0.0,1.0,0.0,0.0,0.0,True
C000227,P0057,E08,F020,Adjudicación Simplificada,Servicio de mantenimiento de infraestructura,55003.36,2025-11-20,False,False,55003.36,-0.40422602668560453,1.0,0.0,0.0,0.0,0.0,False
C000555,P0162,E10,F004,Adjudicación Simplificada,Servicio de capacitación,136451.01,2024-12-24,False,False,136451.01,0.41790732212503134,1.0,0.0,0.0,0.0,0.0,False
C000807,P0005,E05,F001,Concurso Público,Servicio de mantenimiento de infraestructura,108765.11,2025-04-13,False,False,108765.11,0.1384455858829619,0.0,0.0,1.0,0.0,0.0,False
C002787,P0002,E11,F054,Comparación de Precios,Adquisición de bienes de oficina,38467.63,2024-09-16,False,False,38467.63,-0.5711378415744134,0.0,1.0,0.0,0.0,0.0,True
C003282,P0133,E07,F036,Contratación Directa,Obra de rehabilitación vial,23780.43,2025-09-20,False,False,23780.43,-0.7193905771739251,0.0,0.0,0.0,1.0,0.0,True
C002177,P0121,E11,F049,Licitación Pública,Servicio de capacitación,666859.39,2023-07-17,False,False,534351.0878000001,4.434314467742205,0.0,0.0,0.0,0.0,1.0,False
C002815,P0177,E09,F034,Comparación de Precios,Adquisición de equipos informáticos,201457.55,2024-12-13,False,False,201457.55,1.0740839512210523,0.0,1.0,0.0,0.0,0.0,True
C003015,P0133,E08,F028,Licitación Pública,Adquisición de bienes de oficina,9816.39,2024-12-09,False,False,9816.39,-0.8603437288993054,0.0,0.0,0.0,0.0,1.0,False
C000631,P0170,E01,F018,Adjudicación Simplificada,Servicio de limpieza y vigilancia,309483.57,2023-04-12,False,False,309483.57,2.1644996179871865,1.0,0.0,0.0,0.0,0.0,False
C001670,P0143,E17,F031,Comparación de Precios,Obra de rehabilitación vial,71744.28,2024-07-29,False,False,71744.28,-0.23524302199767372,0.0,1.0,0.0,0.0,0.0,True
C001362,P0059,E13,F058,Adjudicación Simplificada,Suministro de combustible,146078.23,2025-12-06,False,False,146078.23,0.515084571785847,1.0,0.0,0.0,0.0,0.0,False
C000162,P0121,E05,F009,Licitación Pública,Adquisición de materiales de construcción,10894.43,2025-02-25,False,False,10894.43,-0.8494619829514257,0.0,0.0,0.0,0.0,1.0,False
C000219,P0072,E10,F004,Adjudicación Simplificada,Adquisición de materiales de construcción,60101.87,2025-06-30,False,False,60101.87,-0.35276161856278554,1.0,0.0,0.0,0.0,0.0,False
C003377,P0034,E08,F028,Comparación de Precios,Servicio de mantenimiento de infraestructura,79592.57,2026-05-15,False,False,79592.57,-0.15602230856840926,0.0,1.0,0.0,0.0,0.0,True
C003435,P0089,E03,F000,Adjudicación Simplificada,Servicio de capacitación,11877.3,2025-03-19,False,False,11877.3,-0.8395408838829381,1.0,0.0,0.0,0.0,0.0,False
C002299,P0207,E01,F018,Adjudicación Simplificada,Servicio de mantenimiento de infraestructura,61506.13,2025-10-07,False,False,61506.13,-0.33858700485200544,1.0,0.0,0.0,0.0,0.0,False
C001091,P0078,E11,F007,Adjudicación Simplificada,Servicio de limpieza y vigilancia,58378.66,2024-01-11,False,False,58378.66,-0.37015571658776203,1.0,0.0,0.0,0.0,0.0,False
C001511,P0187,E13,F058,Adjudicación Simplificada,Adquisición de materiales de construcción,27718.96,2025-12-03,False,False,27718.96,-0.6796350181333493,1.0,0.0,0.0,0.0,0.0,False
C000547,P0119,E14,F040,Adjudicación Simplificada,Obra de rehabilitación vial,26480.75,2023-11-05,False,False,26480.75,-0.6921335215748952,1.0,0.0,0.0,0.0,0.0,False
C000874,P0033,E07,F013,Adjudicación Simplificada,Consultoría en ingeniería,78693.93,2023-07-09,False,False,78693.93,-0.16509318922089217,1.0,0.0,0.0,0.0,0.0,False
C002970,P0213,E01,F048,Adjudicación Simplificada,Servicio de capacitación,121844.68,2023-07-01,False,False,121844.68,0.2704708890697711,1.0,0.0,0.0,0.0,0.0,False
C002384,P0170,E02,F011,Concurso Público,Servicio de transporte,57864.52,2025-05-10,False,False,57864.52,-0.37534545060657665,0.0,0.0,1.0,0.0,0.0,False
C000568,P0172,E13,F058,Licitación Pública,Servicio de capacitación,40152.94,2026-02-13,False,False,40152.94,-0.554126306507606,0.0,0.0,0.0,0.0,1.0,False
C002775,P0165,E10,F004,Contratación Directa,Adquisición de equipos informáticos,10761.2,2023-03-18,False,False,10761.2,-0.850806807830499,0.0,0.0,0.0,1.0,0.0,True
C001288,P0081,E12,F050,Contratación Directa,Servicio de limpieza y vigilancia,61530.634999999995,2024-08-04,False,False,61530.634999999995,-0.3383396511504241,0.0,0.0,0.0,1.0,0.0,True
C001037,P0214,E03,F000,Comparación de Precios,Adquisición de equipos informáticos,34169.92,2023-08-24,False,False,34169.92,-0.614518966929374,0.0,1.0,0.0,0.0,0.0,True
C002339,P0172,E15,F035,Comparación de Precios,Servicio de mantenimiento de infraestructura,64138.73,2024-02-14,False,False,64138.73,-0.3120135155729546,0.0,1.0,0.0,0.0,0.0,True
C000611,P0187,E04,F019,Licitación Pública,Adquisición de materiales de construcción,26320.63,2026-06-29,False,False,26320.63,-0.6937497743680887,0.0,0.0,0.0,0.0,1.0,False
C002963,P0031,E00,F041,Concurso Público,Adquisición de equipos informáticos,242176.03,2024-09-02,False,False,242176.03,1.4850966731458581,0.0,0.0,1.0,0.0,0.0,False
C003240,P0205,E17,F031,Concurso Público,Servicio de mantenimiento de infraestructura,41222.09,2025-04-03,False,False,41222.09,-0.5433342963037403,0.0,0.0,1.0,0.0,0.0,False
C003301,P0000,E03,F000,Comparación de Precios,Servicio de capacitación,86760.14,2025-09-30,False,False,86760.14,-0.08367278925220255,0.0,1.0,0.0,0.0,0.0,True
C001703,P0006,E17,F031,Licitación Pública,Obra de rehabilitación vial,83226.22,2025-06-13,False,False,83226.22,-0.1193442111290631,0.0,0.0,0.0,0.0,1.0,False
C000742,P0198,E07,F036,Adjudicación Simplificada,Adquisición de equipos informáticos,60354.7,2025-02-18,False,False,60354.7,-0.3502095501534479,1.0,0.0,0.0,0.0,0.0,False
C000637,P0081,E06,F006,Concurso Público,Consultoría en ingeniería,245218.82,2023-06-14,False,False,245218.82,1.5158106241613571,0.0,0.0,1.0,0.0,0.0,False
C003402,P0058,E17,F031,Adjudicación Simplificada,Adquisición de bienes de oficina,56067.0,2023-07-30,False,False,56067.0,-0.39348963447381025,1.0,0.0,0.0,0.0,0.0,False
C001236,P0113,E07,F013,Comparación de Precios,Servicio de transporte,20851.01,2026-05-28,False,False,20851.01,-0.7489601703380355,0.0,1.0,0.0,0.0,0.0,True
C000581,P0077,E11,F007,Concurso Público,Consultoría en ingeniería,71657.04,2025-05-26,False,False,71657.04,-0.23612362338212425,0.0,0.0,1.0,0.0,0.0,False
C002057,P0105,E16,F002,Adjudicación Simplificada,Servicio de limpieza y vigilancia,73388.53,2025-11-09,False,False,73388.53,-0.21864594695889863,1.0,0.0,0.0,0.0,0.0,False
C000969,P0119,E13,F055,Comparación de Precios,Adquisición de equipos informáticos,232858.01,2024-06-08,False,False,232858.01,1.3910404912070977,0.0,1.0,0.0,0.0,0.0,True
C001936,P0048,E12,F050,Comparación de Precios,Servicio de capacitación,9554.5,2023-12-16,False,False,9554.5,-0.8629872490342635,0.0,1.0,0.0,0.0,0.0,True
C000073,P0096,E16,F002,Comparación de Precios,Servicio de limpieza y vigilancia,61530.634999999995,2025-06-23,False,False,61530.634999999995,-0.3383396511504241,0.0,1.0,0.0,0.0,0.0,True
C000048,P0193,E17,F003,Adjudicación Simplificada,Adquisición de bienes de oficina,61697.98,2023-05-16,False,False,61697.98,-0.3366504691389514,1.0,0.0,0.0,0.0,0.0,False
C001898,P0179,E04,F053,Contratación Directa,Adquisición de materiales de construcción,73507.64,2024-05-01,False,False,73507.64,-0.21744364949326478,0.0,0.0,0.0,1.0,0.0,True
C003186,P0027,E01,F018,Adjudicación Simplificada,Suministro de combustible,166256.62,2024-03-08,False,False,166256.62,0.7187654311391498,1.0,0.0,0.0,0.0,0.0,False
C002086,P0194,E16,F057,Adjudicación Simplificada,Suministro de combustible,88018.97,2023-06-25,False,False,88018.97,-0.07096614733579006,1.0,0.0,0.0,0.0,0.0,False
C003210,P0027,E16,F057,Adjudicación Simplificada,Obra de rehabilitación vial,32029.85,2025-01-13,False,False,32029.85,-0.6361208537338328,1.0,0.0,0.0,0.0,0.0,False
C002750,P0129,E14,F016,Contratación Directa,Servicio de capacitación,80778.45,2023-10-13,False,False,80778.45,-0.14405202464140154,0.0,0.0,0.0,1.0,0.0,True
C000756,P0198,E09,F027,Concurso Público,Servicio de limpieza y vigilancia,158696.97,2025-11-02,False,False,158696.97,0.642458252597641,0.0,0.0,1.0,0.0,0.0,False
C001080,P0132,E08,F015,Adjudicación Simplificada,Servicio de limpieza y vigilancia,38342.74,2025-12-07,False,False,38342.74,-0.5723984824146705,1.0,0.0,0.0,0.0,0.0,False
C000838,P0154,E04,F030,Adjudicación Simplificada,Adquisición de bienes de oficina,65251.16,2024-07-26,False,False,65251.16,-0.30078463664007665,1.0,0.0,0.0,0.0,0.0,False
C001206,P0119,E08,F022,Adjudicación Simplificada,Servicio de limpieza y vigilancia,25075.66,2025-07-31,False,False,25075.66,-0.7063165133135191,1.0,0.0,0.0,0.0,0.0,False
C001584,P0052,E00,F041,Comparación de Precios,Adquisición de bienes de oficina,57231.67,2024-05-15,False,False,57231.67,-0.3817334444872449,0.0,1.0,0.0,0.0,0.0,True
C002022,P0085,E14,F016,Licitación Pública,Adquisición de materiales de construcción,33731.28,2025-01-31,False,False,33731.28,-0.6189466032346854,0.0,0.0,0.0,0.0,1.0,False
C001462,P0055,E05,F001,Comparación de Precios,Consultoría en ingeniería,10505.78,2025-04-28,False,False,10505.78,-0.8533850197243131,0.0,1.0,0.0,0.0,0.0,True
C002764,P0118,E12,F021,Adjudicación Simplificada,Suministro de combustible,154748.7,2023-09-18,False,False,154748.7,0.6026043779050186,1.0,0.0,0.0,0.0,0.0,False
C001392,P0070,E01,F018,Comparación de Precios,Consultoría en ingeniería,19645.63,2023-05-31,False,False,19645.63,-0.7611272874493255,0.0,1.0,0.0,0.0,0.0,True
C001075,P0201,E05,F009,Adjudicación Simplificada,Servicio de mantenimiento de infraestructura,106766.36,2024-12-22,False,False,106766.36,0.11827018449402978,1.0,0.0,0.0,0.0,0.0,False
C000572,P0079,E13,F058,Comparación de Precios,Adquisición de materiales de construcción,13554.32,2023-08-27,False,False,13554.32,-0.8226130281544745,0.0,1.0,0.0,0.0,0.0,True
C001840,P0061,E01,F017,Comparación de Precios,Obra de rehabilitación vial,32236.8,2026-05-18,False,False,32236.8,-0.6340318984780782,0.0,1.0,0.0,0.0,0.0,True
C002882,P0182,E14,F040,Licitación Pública,Adquisición de bienes de oficina,59532.63,2025-04-23,False,False,59532.63,-0.35850753250231565,0.0,0.0,0.0,0.0,1.0,False
C001178,P0210,E03,F000,Adjudicación Simplificada,Suministro de combustible,88223.25,2023-01-24,False,False,88223.25,-0.06890414308526796,1.0,0.0,0.0,0.0,0.0,False
C001491,P0175,E00,F038,Adjudicación Simplificada,Consultoría en ingeniería,266545.85,2023-10-09,False,False,266545.85,1.7310858665297357,1.0,0.0,0.0,0.0,0.0,False
C003326,P0115,E16,F042,Comparación de Precios,Servicio de capacitación,355741.49,2023-05-28,False,False,355741.49,2.6314274996217635,0.0,1.0,0.0,0.0,0.0,True
C002292,P0050,E17,F003,Comparación de Precios,Suministro de combustible,101493.29,2024-06-21,False,False,101493.29,0.06504376608155372,0.0,1.0,0.0,0.0,0.0,True
C001041,P0001,E04,F030,Licitación Pública,Servicio de limpieza y vigilancia,43190.54,2024-06-30,False,False,43190.54,-0.5234647434011543,0.0,0.0,0.0,0.0,1.0,False
C003204,P0140,E08,F005,Comparación de Precios,Obra de rehabilitación vial,151243.43,2023-01-13,False,False,151243.43,0.5672221493989111,0.0,1.0,0.0,0.0,0.0,True
C003032,P0084,E11,F054,Comparación de Precios,Servicio de transporte,46526.63,2024-04-23,False,False,46526.63,-0.489790219413861,0.0,1.0,0.0,0.0,0.0,True
C002357,P0007,E05,F047,Concurso Público,Obra de rehabilitación vial,15947.59,2026-06-28,False,False,15947.59,-0.7984553381571813,0.0,0.0,1.0,0.0,0.0,False
C002287,P0069,E12,F050,Comparación de Precios,Servicio de limpieza y vigilancia,176570.22,2025-05-05,False,False,176570.22,0.8228710070065122,0.0,1.0,0.0,0.0,0.0,True
C002358,P0016,E00,F041,Comparación de Precios,Obra de rehabilitación vial,81123.81,2024-09-05,False,False,81123.81,-0.14056595753762088,0.0,1.0,0.0,0.0,0.0,True
C003172,P0111,E07,F013,Comparación de Precios,Adquisición de materiales de construcción,86103.8,2026-05-12,False,False,86103.8,-0.09029789141486004,0.0,1.0,0.0,0.0,0.0,True
C003321,P0187,E06,F039,Concurso Público,Adquisición de equipos informáticos,23925.04,2026-01-11,False,False,23925.04,-0.7179308824673069,0.0,0.0,1.0,0.0,0.0,False
C000259,P0026,E07,F013,Comparación de Precios,Adquisición de bienes de oficina,30481.83,2023-12-29,False,False,30481.83,-0.6517465822431985,0.0,1.0,0.0,0.0,0.0,True
C001608,P0135,E09,F033,Comparación de Precios,Servicio de limpieza y vigilancia,26503.46,2024-11-02,False,False,26503.46,-0.691904286620277,0.0,1.0,0.0,0.0,0.0,True
C001842,P0130,E17,F012,Licitación Pública,Adquisición de equipos informáticos,94111.05,2026-01-30,False,False,94111.05,-0.009472634243364437,0.0,0.0,0.0,0.0,1.0,False
C003247,P0101,E14,F040,Adjudicación Simplificada,Servicio de mantenimiento de infraestructura,124922.25,2025-04-17,False,False,124922.25,0.3015359097339542,1.0,0.0,0.0,0.0,0.0,False
C000812,P0068,E12,F021,Adjudicación Simplificada,Servicio de limpieza y vigilancia,28688.4,2023-07-05,False,False,28688.4,-0.66984948161178,1.0,0.0,0.0,0.0,0.0,False
C002594,P0005,E12,F021,Licitación Pública,Suministro de combustible,81459.87,2026-05-05,False,False,81459.87,-0.1371737647217287,0.0,0.0,0.0,0.0,1.0,False
C002242,P0000,E07,F036,Adjudicación Simplificada,Consultoría en ingeniería,16635.31,2024-12-18,False,False,16635.31,-0.791513485977971,1.0,0.0,0.0,0.0,0.0,False
C001554,P0132,E14,F016,Comparación de Precios,Adquisición de equipos informáticos,80845.36,2024-05-26,False,False,80845.36,-0.14337663446907709,0.0,1.0,0.0,0.0,0.0,True
C003136,P0201,E09,F043,Comparación de Precios,Servicio de mantenimiento de infraestructura,19941.71,2026-01-30,False,False,19941.71,-0.7581386531312592,0.0,1.0,0.0,0.0,0.0,True
C002793,P0154,E10,F004,Concurso Público,Consultoría en ingeniería,148259.51,2023-03-28,False,False,148259.51,0.5371024327197557,0.0,0.0,1.0,0.0,0.0,False
C002044,P0013,E09,F046,Licitación Pública,Adquisición de bienes de oficina,15986.15,2025-03-07,False,False,15986.15,-0.798066113152775,0.0,0.0,0.0,0.0,1.0,False
C800026,P0067,E00,F038,Adjudicación Simplificada,Adquisición de equipos informáticos,190248.76,2024-10-30,False,True,190248.76,0.9609423190338112,1.0,0.0,0.0,0.0,0.0,False
C003268,P0195,E14,F029,Adjudicación Simplificada,Obra de rehabilitación vial,66561.86,2025-04-09,False,False,66561.86,-0.2875544184534734,1.0,0.0,0.0,0.0,0.0,False
C002542,P0060,E06,F006,Contratación Directa,Adquisición de bienes de oficina,52626.65,2026-01-02,False,False,52626.65,-0.42821655988639945,0.0,0.0,0.0,1.0,0.0,True
C001414,P0165,E03,F000,Licitación Pública,Obra de rehabilitación vial,26453.72,2025-07-22,False,False,26453.72,-0.6924063626503387,0.0,0.0,0.0,0.0,1.0,False
C003069,P0085,E06,F039,Adjudicación Simplificada,Adquisición de bienes de oficina,8875.06,2025-05-30,False,False,8875.06,-0.8698455228152246,1.0,0.0,0.0,0.0,0.0,False
C001642,P0111,E17,F012,Comparación de Precios,Consultoría en ingeniería,63394.2,2023-12-09,False,False,63394.2,-0.3195288084290405,0.0,1.0,0.0,0.0,0.0,True
C002111,P0059,E00,F038,Contratación Directa,Suministro de combustible,33310.77,2025-08-13,False,False,33310.77,-0.6231912351486616,0.0,0.0,0.0,1.0,0.0,True
C001044,P0005,E11,F049,Adjudicación Simplificada,Servicio de mantenimiento de infraestructura,53917.66,2026-02-04,False,False,53917.66,-0.41518509274587395,1.0,0.0,0.0,0.0,0.0,False
C002761,P0121,E15,F035,Comparación de Precios,Consultoría en ingeniería,23667.9,2025-04-29,False,False,23667.9,-0.7205264560573754,0.0,1.0,0.0,0.0,0.0,True
C002834,P0156,E11,F054,Comparación de Precios,Consultoría en ingeniería,41051.8,2023-11-11,False,False,41051.8,-0.5450532051730441,0.0,1.0,0.0,0.0,0.0,True
C001756,P0215,E12,F021,Adjudicación Simplificada,Suministro de combustible,28502.11,2024-05-16,False,False,28502.11,-0.67172989463229,1.0,0.0,0.0,0.0,0.0,False
C002345,P0143,E02,F011,Concurso Público,Servicio de mantenimiento de infraestructura,21628.63,2026-01-26,False,False,21628.63,-0.7411108667092368,0.0,0.0,1.0,0.0,0.0,False
C001370,P0107,E15,F035,Contratación Directa,Consultoría en ingeniería,4159.22,2024-04-27,False,False,4159.22,-0.9174472563416695,0.0,0.0,0.0,1.0,0.0,True
C001538,P0003,E06,F006,Contratación Directa,Adquisición de materiales de construcción,25585.99,2025-02-19,False,False,25585.99,-0.7011652374707104,0.0,0.0,0.0,1.0,0.0,True
C000867,P0035,E12,F050,Adjudicación Simplificada,Servicio de mantenimiento de infraestructura,12535.19,2025-10-03,False,False,12535.19,-0.8329001360056325,1.0,0.0,0.0,0.0,0.0,False
C001872,P0038,E15,F035,Adjudicación Simplificada,Consultoría en ingeniería,26269.69,2025-05-09,False,False,26269.69,-0.6942639632094907,1.0,0.0,0.0,0.0,0.0,False
C000940,P0044,E10,F008,Comparación de Precios,Consultoría en ingeniería,90567.2,2025-04-13,False,False,90567.2,-0.04524428963406726,0.0,1.0,0.0,0.0,0.0,True
C003024,P0053,E06,F039,Licitación Pública,Consultoría en ingeniería,173575.89,2024-01-25,False,False,173575.89,0.7926462116889783,0.0,0.0,0.0,0.0,1.0,False
C002960,P0060,E13,F058,Concurso Público,Adquisición de bienes de oficina,33881.84,2026-01-29,False,False,33881.84,-0.6174268491718373,0.0,0.0,1.0,0.0,0.0,False
C000108,P0048,E08,F028,Licitación Pública,Adquisición de equipos informáticos,317390.33,2023-04-16,False,False,317390.33,2.2443105281490143,0.0,0.0,0.0,0.0,1.0,False
C002015,P0059,E05,F009,Adjudicación Simplificada,Consultoría en ingeniería,22097.71,2024-11-25,False,False,22097.71,-0.736375968756256,1.0,0.0,0.0,0.0,0.0,False
C001883,P0160,E02,F011,Contratación Directa,Obra de rehabilitación vial,11345.8,2023-05-27,False,False,11345.8,-0.8449058499058111,0.0,0.0,0.0,1.0,0.0,True
C002825,P0182,E09,F046,Comparación de Precios,Consultoría en ingeniería,48020.52,2024-08-09,False,False,48020.52,-0.474710879636044,0.0,1.0,0.0,0.0,0.0,True
C000318,P0055,E07,F036,Comparación de Precios,Servicio de capacitación,84247.04,2024-04-27,False,False,84247.04,-0.10904004440193386,0.0,1.0,0.0,0.0,0.0,True
C000816,P0124,E14,F029,Adjudicación Simplificada,Adquisición de equipos informáticos,28942.75,2025-06-28,False,False,28942.75,-0.6672820703080778,1.0,0.0,0.0,0.0,0.0,False
C000059,P0082,E13,F055,Adjudicación Simplificada,Suministro de combustible,66928.83,2023-11-21,False,False,66928.83,-0.28385021980547015,1.0,0.0,0.0,0.0,0.0,False
C000903,P0124,E14,F016,Contratación Directa,Servicio de transporte,27819.14,2026-05-14,False,False,27819.14,-0.678623800266611,0.0,0.0,0.0,1.0,0.0,True
C001426,P0157,E16,F042,Adjudicación Simplificada,Servicio de capacitación,15039.28,2025-08-18,False,False,15039.28,-0.8076238278810491,1.0,0.0,0.0,0.0,0.0,False
C002611,P0196,E06,F039,Adjudicación Simplificada,Adquisición de materiales de construcción,345486.36,2023-10-12,False,False,345486.36,2.5279121204869646,1.0,0.0,0.0,0.0,0.0,False
C001565,P0066,E11,F007,Contratación Directa,Servicio de mantenimiento de infraestructura,40404.73,2024-08-30,False,False,40404.73,-0.5515847358680968,0.0,0.0,0.0,1.0,0.0,True
C900009,P0168,E17,F003,Contratación Directa,Suministro de combustible,370536.92,2024-05-28,True,False,370536.92,2.780772709864089,0.0,0.0,0.0,1.0,0.0,True
C001891,P0028,E11,F054,Adjudicación Simplificada,Consultoría en ingeniería,77944.08,2024-01-19,False,False,77944.08,-0.17266218220725396,1.0,0.0,0.0,0.0,0.0,False
C000765,P0169,E07,F036,Licitación Pública,Servicio de limpieza y vigilancia,61530.634999999995,2025-02-20,False,False,61530.634999999995,-0.3383396511504241,0.0,0.0,0.0,0.0,1.0,False
C001211,P0099,E05,F059,Adjudicación Simplificada,Suministro de combustible,40681.44,2023-03-27,False,False,40681.44,-0.5487916225130841,1.0,0.0,0.0,0.0,0.0,False
C001067,P0154,E04,F019,Adjudicación Simplificada,Servicio de mantenimiento de infraestructura,12886.24,2023-09-27,False,False,12886.24,-0.8293566339880792,1.0,0.0,0.0,0.0,0.0,False
C001417,P0066,E03,F000,Licitación Pública,Consultoría en ingeniería,61988.62,2023-04-17,False,False,61988.62,-0.33371674623229514,0.0,0.0,0.0,0.0,1.0,False
C001420,P0060,E16,F042,Concurso Público,Servicio de transporte,118771.24,2025-07-03,False,False,118771.24,0.23944755666461823,0.0,0.0,1.0,0.0,0.0,False
C001644,P0067,E09,F046,Adjudicación Simplificada,Consultoría en ingeniería,37700.22,2023-05-24,False,False,37700.22,-0.5788840853667238,1.0,0.0,0.0,0.0,0.0,False
C800022,P0107,E17,F012,Adjudicación Simplificada,Servicio de limpieza y vigilancia,179491.18,2024-12-05,False,True,179491.18,0.8523552048506723,1.0,0.0,0.0,0.0,0.0,False
C000727,P0054,E17,F012,Licitación Pública,Suministro de combustible,35439.6,2024-02-24,False,False,35439.6,-0.6017028050104251,0.0,0.0,0.0,0.0,1.0,False
C002248,P0156,E09,F033,Adjudicación Simplificada,Adquisición de equipos informáticos,63933.59,2023-11-12,False,False,63933.59,-0.3140842006716041,1.0,0.0,0.0,0.0,0.0,False
C001681,P0171,E07,F023,Adjudicación Simplificada,Consultoría en ingeniería,265593.51,2023-12-16,False,False,265593.51,1.7214729375697682,1.0,0.0,0.0,0.0,0.0,False
C000220,P0080,E08,F014,Concurso Público,Obra de rehabilitación vial,34781.09,2025-08-16,False,False,34781.09,-0.6083498111735899,0.0,0.0,1.0,0.0,0.0,False
C003052,P0066,E16,F042,Comparación de Precios,Adquisición de materiales de construcción,96923.28,2025-05-14,False,False,96923.28,0.018914041953256716,0.0,1.0,0.0,0.0,0.0,True
C000582,P0127,E12,F050,Adjudicación Simplificada,Suministro de combustible,377473.49,2025-06-24,False,False,377473.49,2.8507905129972597,1.0,0.0,0.0,0.0,0.0,False
C001061,P0106,E04,F019,Concurso Público,Obra de rehabilitación vial,61114.75,2026-01-24,False,False,61114.75,-0.34253759827069225,0.0,0.0,1.0,0.0,0.0,False
C003323,P0176,E07,F036,Adjudicación Simplificada,Servicio de mantenimiento de infraestructura,20663.11,2023-05-08,False,False,20663.11,-0.7508568347137604,1.0,0.0,0.0,0.0,0.0,False
C001820,P0154,E17,F003,Concurso Público,Servicio de capacitación,114616.74,2024-01-17,False,False,114616.74,0.19751199440304548,0.0,0.0,1.0,0.0,0.0,False
C000056,P0161,E02,F051,Concurso Público,Adquisición de bienes de oficina,41855.7,2025-06-24,False,False,41855.7,-0.5369386309758897,0.0,0.0,1.0,0.0,0.0,False
C000187,P0196,E07,F023,Comparación de Precios,Servicio de capacitación,67587.47,2025-07-14,False,False,67587.47,-0.2772019014210768,0.0,1.0,0.0,0.0,0.0,True
C002127,P0076,E05,F009,Licitación Pública,Adquisición de bienes de oficina,130344.1,2023-01-08,False,False,130344.1,0.3562641148724567,0.0,0.0,0.0,0.0,1.0,False
C002083,P0047,E10,F008,Adjudicación Simplificada,Consultoría en ingeniería,59700.46,2024-08-03,False,False,59700.46,-0.35681345489625965,1.0,0.0,0.0,0.0,0.0,False
C002428,P0088,E02,F044,Comparación de Precios,Servicio de transporte,166429.15,2023-02-16,False,False,166429.15,0.7205069505896226,0.0,1.0,0.0,0.0,0.0,True
C002552,P0198,E04,F019,Contratación Directa,Suministro de combustible,42718.88,2023-12-16,False,False,42718.88,-0.5282256838985171,0.0,0.0,0.0,1.0,0.0,True
C003181,P0054,E04,F053,Adjudicación Simplificada,Servicio de transporte,62859.81,2025-05-04,False,False,62859.81,-0.3249229461392251,1.0,0.0,0.0,0.0,0.0,False
C001226,P0135,E14,F040,Comparación de Precios,Obra de rehabilitación vial,105318.28,2024-12-01,False,False,105318.28,0.10365325128913427,0.0,1.0,0.0,0.0,0.0,True
C000468,P0197,E03,F000,Comparación de Precios,Servicio de limpieza y vigilancia,23778.1,2025-06-01,False,False,23778.1,-0.7194140962159445,0.0,1.0,0.0,0.0,0.0,True
C003070,P0119,E10,F008,Licitación Pública,Servicio de capacitación,85062.71,2026-02-05,False,False,85062.71,-0.10080666371354836,0.0,0.0,0.0,0.0,1.0,False
C002181,P0155,E13,F056,Adjudicación Simplificada,Servicio de capacitación,11123.94,2025-09-30,False,False,11123.94,-0.8471453068424708,1.0,0.0,0.0,0.0,0.0,False
C002244,P0157,E14,F016,Contratación Directa,Adquisición de materiales de construcción,236354.51,2025-08-01,False,False,236354.51,1.4263341952503252,0.0,0.0,0.0,1.0,0.0,True
C000226,P0102,E06,F039,Licitación Pública,Adquisición de bienes de oficina,18973.45,2024-04-19,False,False,18973.45,-0.767912278721677,0.0,0.0,0.0,0.0,1.0,False
C000535,P0203,E02,F011,Licitación Pública,Servicio de limpieza y vigilancia,9892.39,2023-04-08,False,False,9892.39,-0.8595765841810771,0.0,0.0,0.0,0.0,1.0,False
C000905,P0155,E07,F036,Concurso Público,Adquisición de bienes de oficina,51734.8,2025-10-26,False,False,51734.8,-0.4372189022147142,0.0,0.0,1.0,0.0,0.0,False
C001105,P0111,E14,F040,Adjudicación Simplificada,Suministro de combustible,130735.51,2025-04-21,False,False,130735.51,0.3602150111114269,1.0,0.0,0.0,0.0,0.0,False
C000921,P0044,E13,F055,Adjudicación Simplificada,Servicio de mantenimiento de infraestructura,183896.43,2025-09-12,False,False,183896.43,0.896821839981926,1.0,0.0,0.0,0.0,0.0,False
C003042,P0066,E15,F035,Adjudicación Simplificada,Servicio de mantenimiento de infraestructura,49596.83,2023-11-24,False,False,49596.83,-0.4587995915993272,1.0,0.0,0.0,0.0,0.0,False
C002628,P0017,E09,F043,Comparación de Precios,Servicio de transporte,28049.43,2025-01-20,False,False,28049.43,-0.6762992508302846,0.0,1.0,0.0,0.0,0.0,True
C002892,P0076,E13,F056,Licitación Pública,Adquisición de bienes de oficina,225524.7,2024-10-06,False,False,225524.7,1.3170179907645863,0.0,0.0,0.0,0.0,1.0,False
C000697,P0105,E08,F028,Licitación Pública,Adquisición de equipos informáticos,33124.26,2024-02-12,False,False,33124.26,-0.6250738688512506,0.0,0.0,0.0,0.0,1.0,False
C002805,P0192,E00,F038,Adjudicación Simplificada,Adquisición de materiales de construcción,198220.52,2025-11-12,False,False,198220.52,1.041409339809913,1.0,0.0,0.0,0.0,0.0,False
C000210,P0160,E01,F048,Comparación de Precios,Consultoría en ingeniería,207307.82,2024-08-11,False,False,207307.82,1.1331366318882836,0.0,1.0,0.0,0.0,0.0,True
C900051,P0154,E16,F024,Comparación de Precios,Servicio de capacitación,75058.41,2026-03-10,True,False,75058.41,-0.20179016245791048,0.0,1.0,0.0,0.0,0.0,True
C000069,P0122,E14,F040,Comparación de Precios,Servicio de transporte,56569.02,2025-07-24,False,False,56569.02,-0.3884222398495343,0.0,1.0,0.0,0.0,0.0,True
C000734,P0165,E05,F047,Comparación de Precios,Servicio de limpieza y vigilancia,12717.61,2024-01-20,False,False,12717.61,-0.8310587868016955,0.0,1.0,0.0,0.0,0.0,True
C001702,P0164,E01,F017,Comparación de Precios,Obra de rehabilitación vial,236393.99,2024-01-11,False,False,236393.99,1.4267327067434257,0.0,1.0,0.0,0.0,0.0,True
C800021,P0008,E15,F035,Adjudicación Simplificada,Servicio de limpieza y vigilancia,94268.52,2026-03-07,False,True,94268.52,-0.00788313057521426,1.0,0.0,0.0,0.0,0.0,False
C003267,P0012,E00,F041,Adjudicación Simplificada,Adquisición de equipos informáticos,52284.9,2023-06-21,False,False,52284.9,-0.4316661876160643,1.0,0.0,0.0,0.0,0.0,False
C003150,P0159,E03,F000,Contratación Directa,Adquisición de bienes de oficina,239160.58,2026-06-03,False,False,239160.58,1.4546586923487321,0.0,0.0,0.0,1.0,0.0,True
C000376,P0066,E14,F016,Adjudicación Simplificada,Adquisición de equipos informáticos,284593.25,2026-06-10,False,False,284593.25,1.9132564926843894,1.0,0.0,0.0,0.0,0.0,False
C000436,P0105,E13,F058,Adjudicación Simplificada,Servicio de transporte,65814.31,2025-06-30,False,False,65814.31,-0.29510019521809944,1.0,0.0,0.0,0.0,0.0,False
C002417,P0171,E09,F043,Adjudicación Simplificada,Adquisición de materiales de construcción,69557.1,2024-06-12,False,False,69557.1,-0.25732043758733947,1.0,0.0,0.0,0.0,0.0,False
C002297,P0201,E03,F000,Contratación Directa,Servicio de limpieza y vigilancia,9535.62,2025-06-20,False,False,9535.62,-0.8631778239326866,0.0,0.0,0.0,1.0,0.0,True
C002646,P0210,E08,F022,Adjudicación Simplificada,Servicio de capacitación,47217.31,2023-03-19,False,False,47217.31,-0.48281848896667773,1.0,0.0,0.0,0.0,0.0,False
C000208,P0038,E14,F029,Adjudicación Simplificada,Consultoría en ingeniería,32988.39,2024-09-30,False,False,32988.39,-0.6264453419152727,1.0,0.0,0.0,0.0,0.0,False
C001651,P0198,E17,F012,Licitación Pública,Servicio de transporte,87725.07,2024-04-13,False,False,87725.07,-0.07393277671325449,0.0,0.0,0.0,0.0,1.0,False
C000565,P0182,E05,F009,Comparación de Precios,Servicio de mantenimiento de infraestructura,26191.52,2024-02-29,False,False,26191.52,-0.6950530119282263,0.0,1.0,0.0,0.0,0.0,True
C000313,P0065,E10,F008,Concurso Público,Adquisición de materiales de construcción,12493.22,2023-03-15,False,False,12493.22,-0.8333237815822646,0.0,0.0,1.0,0.0,0.0,False
C000601,P0095,E00,F010,Licitación Pública,Consultoría en ingeniería,31750.67,2023-06-02,False,False,31750.67,-0.6389388992921878,0.0,0.0,0.0,0.0,1.0,False
C000233,P0196,E03,F000,Concurso Público,Adquisición de bienes de oficina,36820.35,2024-10-27,False,False,36820.35,-0.5877655014618232,0.0,0.0,1.0,0.0,0.0,False
C001018,P0100,E00,F010,Adjudicación Simplificada,Adquisición de materiales de construcción,131542.39,2023-10-15,False,False,131542.39,0.3683596654567437,1.0,0.0,0.0,0.0,0.0,False
C900040,P0138,E00,F010,Comparación de Precios,Servicio de mantenimiento de infraestructura,131423.14,2024-09-13,True,False,131423.14,0.3671559548297868,0.0,1.0,0.0,0.0,0.0,True
C002913,P0073,E14,F029,Adjudicación Simplificada,Adquisición de equipos informáticos,49739.04,2023-01-24,False,False,49739.04,-0.4573641225153897,1.0,0.0,0.0,0.0,0.0,False
C002486,P0153,E17,F031,Comparación de Precios,Servicio de transporte,53104.28,2023-10-29,False,False,53104.28,-0.42339535815261803,0.0,1.0,0.0,0.0,0.0,True
C000012,P0205,E13,F056,Contratación Directa,Servicio de transporte,35261.98,2023-06-01,False,False,35261.98,-0.6034957029690001,0.0,0.0,0.0,1.0,0.0,True
C000111,P0215,E09,F034,Comparación de Precios,Consultoría en ingeniería,10876.37,2024-12-16,False,False,10876.37,-0.8496442807620995,0.0,1.0,0.0,0.0,0.0,True
C002119,P0116,E07,F036,Comparación de Precios,Adquisición de bienes de oficina,221206.34,2026-04-29,False,False,221206.34,1.2734284241144753,0.0,1.0,0.0,0.0,0.0,True
C001660,P0112,E06,F006,Comparación de Precios,Obra de rehabilitación vial,127106.99,2024-11-30,False,False,127106.99,0.3235886959405612,0.0,1.0,0.0,0.0,0.0,True
C003121,P0158,E03,F000,Adjudicación Simplificada,Adquisición de equipos informáticos,10320.6,2026-05-28,False,False,10320.6,-0.855254228394333,1.0,0.0,0.0,0.0,0.0,False
C002005,P0213,E03,F000,Adjudicación Simplificada,Adquisición de materiales de construcción,25063.62,2024-08-11,False,False,25063.62,-0.7064380451873016,1.0,0.0,0.0,0.0,0.0,False
C001667,P0215,E06,F006,Comparación de Precios,Servicio de limpieza y vigilancia,67518.77,2024-06-21,False,False,67518.77,-0.2778953598703174,0.0,1.0,0.0,0.0,0.0,True
C001490,P0081,E17,F031,Comparación de Precios,Servicio de limpieza y vigilancia,40176.41,2023-06-28,False,False,40176.41,-0.5538894001058058,0.0,1.0,0.0,0.0,0.0,True
C003331,P0157,E10,F026,Adjudicación Simplificada,Servicio de limpieza y vigilancia,61530.634999999995,2024-04-12,False,False,61530.634999999995,-0.3383396511504241,1.0,0.0,0.0,0.0,0.0,False
C001157,P0006,E07,F023,Licitación Pública,Adquisición de bienes de oficina,28673.69,2024-09-06,False,False,28673.69,-0.6699979644907951,0.0,0.0,0.0,0.0,1.0,False
C001403,P0188,E10,F008,Concurso Público,Servicio de limpieza y vigilancia,61530.634999999995,2026-05-02,False,False,61530.634999999995,-0.3383396511504241,0.0,0.0,1.0,0.0,0.0,False
C000472,P0160,E00,F041,Comparación de Precios,Consultoría en ingeniería,55021.55,2024-08-24,False,False,55021.55,-0.4040424166537022,0.0,1.0,0.0,0.0,0.0,True
C000490,P0099,E10,F004,Adjudicación Simplificada,Obra de rehabilitación vial,12676.34,2024-07-11,False,False,12676.34,-0.8314753665717125,1.0,0.0,0.0,0.0,0.0,False
C001814,P0152,E02,F025,Contratación Directa,Servicio de mantenimiento de infraestructura,5292.74,2026-05-23,False,False,5292.74,-0.9060054947494831,0.0,0.0,0.0,1.0,0.0,True
C003406,P0171,E14,F029,Adjudicación Simplificada,Servicio de transporte,61617.31,2026-06-12,False,False,61617.31,-0.337464752881313,1.0,0.0,0.0,0.0,0.0,False
C000831,P0178,E02,F044,Comparación de Precios,Servicio de mantenimiento de infraestructura,46840.27,2024-04-22,False,False,46840.27,-0.4866243342898462,0.0,1.0,0.0,0.0,0.0,True
C002993,P0140,E01,F017,Comparación de Precios,Adquisición de bienes de oficina,60683.58,2024-01-06,False,False,60683.58,-0.3468898323254093,0.0,1.0,0.0,0.0,0.0,True
C002856,P0057,E09,F033,Comparación de Precios,Servicio de limpieza y vigilancia,67890.64,2023-06-14,False,False,67890.64,-0.2741417005760074,0.0,1.0,0.0,0.0,0.0,True
C003263,P0155,E13,F055,Comparación de Precios,Consultoría en ingeniería,46950.99,2023-01-01,False,False,46950.99,-0.48550672556350094,0.0,1.0,0.0,0.0,0.0,True
C001783,P0121,E14,F040,Concurso Público,Suministro de combustible,52507.65,2025-12-01,False,False,52507.65,-0.4294177470109938,0.0,0.0,1.0,0.0,0.0,False
C002466,P0028,E14,F040,Contratación Directa,Adquisición de materiales de construcción,47274.27,2024-02-03,False,False,47274.27,-0.4822435341883845,0.0,0.0,0.0,1.0,0.0,True
C000990,P0178,E12,F021,Adjudicación Simplificada,Servicio de limpieza y vigilancia,50546.93,2024-08-30,False,False,50546.93,-0.4492092732205283,1.0,0.0,0.0,0.0,0.0,False
C001657,P0126,E09,F034,Comparación de Precios,Obra de rehabilitación vial,16919.97,2025-09-20,False,False,16919.97,-0.788640125247828,0.0,1.0,0.0,0.0,0.0,True
C002413,P0170,E04,F053,Adjudicación Simplificada,Suministro de combustible,23669.09,2024-07-03,False,False,23669.09,-0.7205144441861296,1.0,0.0,0.0,0.0,0.0,False
C003197,P0103,E10,F008,Licitación Pública,Servicio de transporte,33088.72,2025-09-25,False,False,33088.72,-0.6254326099471168,0.0,0.0,0.0,0.0,1.0,False
C002757,P0026,E15,F035,Licitación Pública,Servicio de capacitación,38093.33,2026-05-09,False,False,38093.33,-0.5749160293116878,0.0,0.0,0.0,0.0,1.0,False
C000655,P0156,E04,F030,Contratación Directa,Adquisición de equipos informáticos,211019.51,2025-03-18,False,False,211019.51,1.1706024658251368,0.0,0.0,0.0,1.0,0.0,True
C002685,P0217,E10,F008,Licitación Pública,Servicio de limpieza y vigilancia,106373.82,2023-06-30,False,False,106373.82,0.1143078820243806,0.0,0.0,0.0,0.0,1.0,False
C000361,P0203,E02,F044,Contratación Directa,Servicio de mantenimiento de infraestructura,27512.45,2024-12-15,False,False,27512.45,-0.6817195320249457,0.0,0.0,0.0,1.0,0.0,True
C000135,P0004,E06,F006,Concurso Público,Servicio de transporte,16649.89,2025-06-22,False,False,16649.89,-0.7913663153201846,0.0,0.0,1.0,0.0,0.0,False
C002348,P0179,E14,F029,Comparación de Precios,Servicio de capacitación,22939.72,2024-11-07,False,False,22939.72,-0.7278767118589478,0.0,1.0,0.0,0.0,0.0,True
C002605,P0205,E12,F021,Licitación Pública,Consultoría en ingeniería,60988.99,2026-04-18,False,False,60988.99,-0.3438070208991711,0.0,0.0,0.0,0.0,1.0,False
C001210,P0126,E03,F000,Adjudicación Simplificada,Adquisición de equipos informáticos,86835.23,2023-03-27,False,False,86835.23,-0.08291483008257411,1.0,0.0,0.0,0.0,0.0,False
C002712,P0218,E02,F025,Comparación de Precios,Servicio de limpieza y vigilancia,94749.32,2025-03-21,False,False,94749.32,-0.0030299308314751085,0.0,1.0,0.0,0.0,0.0,True
C000366,P0113,E01,F018,Adjudicación Simplificada,Servicio de limpieza y vigilancia,22394.8,2024-09-21,False,False,22394.8,-0.7333771394886448,1.0,0.0,0.0,0.0,0.0,False
C002230,P0199,E07,F013,Licitación Pública,Adquisición de materiales de construcción,215165.96,2024-03-28,False,False,215165.96,1.212456771310634,0.0,0.0,0.0,0.0,1.0,False
C002643,P0202,E09,F027,Comparación de Precios,Adquisición de equipos informáticos,8806.79,2026-03-21,False,False,8806.79,-0.8705346408404016,0.0,1.0,0.0,0.0,0.0,True
C000029,P0201,E17,F031,Adjudicación Simplificada,Adquisición de equipos informáticos,194349.21,2024-11-14,False,False,194349.21,1.0023323000845912,1.0,0.0,0.0,0.0,0.0,False
C002995,P0024,E17,F031,Licitación Pública,Servicio de limpieza y vigilancia,30313.5,2023-08-25,False,False,30313.5,-0.6534457068539797,0.0,0.0,0.0,0.0,1.0,False
C000022,P0196,E16,F042,Comparación de Precios,Servicio de mantenimiento de infraestructura,77866.35,2024-05-30,False,False,77866.35,-0.17344678956183138,0.0,1.0,0.0,0.0,0.0,True
C002316,P0204,E14,F016,Concurso Público,Adquisición de materiales de construcción,210865.86,2024-01-09,False,False,210865.86,1.1690515212730868,0.0,0.0,1.0,0.0,0.0,False
C001497,P0020,E08,F015,Comparación de Precios,Servicio de transporte,19028.61,2026-02-05,False,False,19028.61,-0.7673554931603944,0.0,1.0,0.0,0.0,0.0,True
C002639,P0147,E11,F054,Concurso Público,Servicio de capacitación,302780.88,2023-03-01,False,False,302780.88,2.0968426017842687,0.0,0.0,1.0,0.0,0.0,False
C001295,P0199,E00,F038,Adjudicación Simplificada,Servicio de capacitación,252476.91,2025-02-20,False,False,252476.91,1.5890738532130118,1.0,0.0,0.0,0.0,0.0,False
C000695,P0095,E01,F017,Adjudicación Simplificada,Adquisición de materiales de construcción,16043.75,2025-01-08,False,False,16043.75,-0.7974846982084334,1.0,0.0,0.0,0.0,0.0,False
C001791,P0199,E12,F050,Adjudicación Simplificada,Servicio de limpieza y vigilancia,89757.99,2025-05-06,False,False,89757.99,-0.05341246302140314,1.0,0.0,0.0,0.0,0.0,False
C000700,P0116,E14,F040,Contratación Directa,Servicio de capacitación,125653.3,2024-09-11,False,False,125653.3,0.30891513534264914,0.0,0.0,0.0,1.0,0.0,True
C000420,P0213,E09,F046,Adjudicación Simplificada,Adquisición de materiales de construcción,55837.51,2026-01-01,False,False,55837.51,-0.39580610870257626,1.0,0.0,0.0,0.0,0.0,False
C000682,P0114,E02,F011,Licitación Pública,Adquisición de bienes de oficina,29785.55,2023-06-19,False,False,29785.55,-0.6587748391433039,0.0,0.0,0.0,0.0,1.0,False
C900063,P0049,E16,F002,Contratación Directa,Servicio de mantenimiento de infraestructura,166337.51,2025-07-02,True,False,166337.51,0.7195819355635906,0.0,0.0,0.0,1.0,0.0,True
C000460,P0137,E04,F019,Adjudicación Simplificada,Obra de rehabilitación vial,26545.34,2024-11-12,False,False,26545.34,-0.6914815495044956,1.0,0.0,0.0,0.0,0.0,False
C000043,P0134,E06,F039,Adjudicación Simplificada,Adquisición de equipos informáticos,226151.54,2023-01-07,False,False,226151.54,1.323345319648458,1.0,0.0,0.0,0.0,0.0,False
C000087,P0186,E10,F008,Licitación Pública,Servicio de capacitación,55788.31,2026-06-27,False,False,55788.31,-0.3963027339675346,0.0,0.0,0.0,0.0,1.0,False
C001941,P0109,E08,F015,Adjudicación Simplificada,Obra de rehabilitación vial,4421.4,2023-02-19,False,False,4421.4,-0.9148008089439709,1.0,0.0,0.0,0.0,0.0,False
C001006,P0170,E07,F036,Adjudicación Simplificada,Adquisición de materiales de construcción,5227.36,2024-06-26,False,False,5227.36,-0.9066654410873486,1.0,0.0,0.0,0.0,0.0,False
C002481,P0077,E01,F048,Licitación Pública,Consultoría en ingeniería,61705.67,2024-06-03,False,False,61705.67,-0.3365728462062781,0.0,0.0,0.0,0.0,1.0,False
C000561,P0039,E08,F028,Comparación de Precios,Servicio de limpieza y vigilancia,61530.634999999995,2026-04-19,False,False,61530.634999999995,-0.3383396511504241,0.0,1.0,0.0,0.0,0.0,True
C000282,P0111,E03,F000,Contratación Directa,Servicio de transporte,12482.33,2025-03-08,False,False,12482.33,-0.8334337053451792,0.0,0.0,0.0,1.0,0.0,True
C001084,P0080,E04,F019,Concurso Público,Servicio de transporte,56877.62,2026-04-29,False,False,56877.62,-0.38530722853314925,0.0,0.0,1.0,0.0,0.0,False
C001068,P0002,E04,F030,Adjudicación Simplificada,Servicio de capacitación,147615.68,2023-02-09,False,False,147615.68,0.5306036066153221,1.0,0.0,0.0,0.0,0.0,False
C001149,P0032,E02,F044,Contratación Directa,Adquisición de materiales de construcción,23488.51,2024-07-12,False,False,23488.51,-0.7223372204126779,0.0,0.0,0.0,1.0,0.0,True
C003418,P0140,E03,F000,Adjudicación Simplificada,Consultoría en ingeniería,34404.15,2025-01-26,False,False,34404.15,-0.6121546470958132,1.0,0.0,0.0,0.0,0.0,False
C001055,P0112,E15,F035,Contratación Directa,Servicio de mantenimiento de infraestructura,10661.19,2025-10-16,False,False,10661.19,-0.8518163097156306,0.0,0.0,0.0,1.0,0.0,True
C000465,P0191,E15,F035,Contratación Directa,Adquisición de equipos informáticos,27768.13,2025-08-20,False,False,27768.13,-0.6791386956886745,0.0,0.0,0.0,1.0,0.0,True
C001053,P0195,E09,F043,Comparación de Precios,Obra de rehabilitación vial,204289.04,2024-01-04,False,False,204289.04,1.1026650380396879,0.0,1.0,0.0,0.0,0.0,True
C001612,P0043,E10,F026,Adjudicación Simplificada,Adquisición de materiales de construcción,56075.45,2023-08-03,False,False,56075.45,-0.39340434009395464,1.0,0.0,0.0,0.0,0.0,False
C000859,P0143,E17,F012,Contratación Directa,Obra de rehabilitación vial,198735.44,2026-03-01,False,False,198735.44,1.0466069471560988,0.0,0.0,0.0,1.0,0.0,True
C000533,P0003,E17,F012,Adjudicación Simplificada,Adquisición de equipos informáticos,60535.36,2025-11-20,False,False,60535.36,-0.34838596640614355,1.0,0.0,0.0,0.0,0.0,False
C002686,P0025,E02,F025,Contratación Directa,Servicio de capacitación,46337.48,2023-04-20,False,False,46337.48,-0.49169950130139894,0.0,0.0,0.0,1.0,0.0,True
C002936,P0196,E00,F041,Concurso Público,Servicio de mantenimiento de infraestructura,48885.03,2025-08-17,False,False,48885.03,-0.46598450752610243,0.0,0.0,1.0,0.0,0.0,False
C001545,P0184,E14,F016,Adjudicación Simplificada,Servicio de limpieza y vigilancia,22485.05,2025-12-22,False,False,22485.05,-0.7324661551357486,1.0,0.0,0.0,0.0,0.0,False
C002536,P0189,E00,F041,Licitación Pública,Adquisición de bienes de oficina,47814.83,2025-10-07,False,False,47814.83,-0.4767871164398911,0.0,0.0,0.0,0.0,1.0,False
C002821,P0053,E00,F010,Licitación Pública,Obra de rehabilitación vial,11369.94,2026-05-20,False,False,11369.94,-0.8446621805176792,0.0,0.0,0.0,0.0,1.0,False
C002866,P0083,E14,F029,Comparación de Precios,Adquisición de equipos informáticos,21972.89,2025-12-07,False,False,21972.89,-0.7376359030158515,0.0,1.0,0.0,0.0,0.0,True
C002195,P0156,E03,F000,Concurso Público,Adquisición de materiales de construcción,37258.42,2024-01-23,False,False,37258.42,-0.5833436187418984,0.0,0.0,1.0,0.0,0.0,False
C002541,P0140,E15,F035,Contratación Directa,Servicio de limpieza y vigilancia,83367.99,2025-04-05,False,False,83367.99,-0.11791318340928374,0.0,0.0,0.0,1.0,0.0,True
C001563,P0129,E17,F031,Adjudicación Simplificada,Servicio de limpieza y vigilancia,27972.19,2024-05-06,False,False,27972.19,-0.6770789121202314,1.0,0.0,0.0,0.0,0.0,False
C900048,P0138,E00,F010,Contratación Directa,Servicio de mantenimiento de infraestructura,67453.15,2024-08-02,True,False,67453.15,-0.27855772877045093,0.0,0.0,0.0,1.0,0.0,True
C003414,P0055,E02,F051,Concurso Público,Servicio de mantenimiento de infraestructura,12855.59,2025-06-02,False,False,12855.59,-0.8296660153777332,0.0,0.0,1.0,0.0,0.0,False
C001351,P0180,E08,F028,Concurso Público,Adquisición de bienes de oficina,20475.82,2023-04-06,False,False,20475.82,-0.7527473417437208,0.0,0.0,1.0,0.0,0.0,False
C003274,P0046,E04,F030,Licitación Pública,Servicio de limpieza y vigilancia,20740.32,2024-12-28,False,False,20740.32,-0.7500774762440973,0.0,0.0,0.0,0.0,1.0,False
C900018,P0051,E08,F028,Contratación Directa,Adquisición de bienes de oficina,364767.62,2026-06-28,True,False,364767.62,2.722537341142055,0.0,0.0,0.0,1.0,0.0,True
C001057,P0082,E01,F048,Contratación Directa,Adquisición de materiales de construcción,38274.39,2023-05-11,False,False,38274.39,-0.5730884079606035,0.0,0.0,0.0,1.0,0.0,True
C000942,P0171,E02,F051,Comparación de Precios,Servicio de capacitación,320478.17,2023-01-25,False,False,320478.17,2.275479214290252,0.0,1.0,0.0,0.0,0.0,True
C900017,P0051,E08,F028,Contratación Directa,Adquisición de bienes de oficina,357414.37,2025-07-13,True,False,357414.37,2.648313566151103,0.0,0.0,0.0,1.0,0.0,True
C002155,P0039,E12,F021,Licitación Pública,Servicio de limpieza y vigilancia,138164.2,2024-06-19,False,False,138164.2,0.43520027817531515,0.0,0.0,0.0,0.0,1.0,False
C001960,P0213,E05,F009,Adjudicación Simplificada,Consultoría en ingeniería,7051.5,2025-05-08,False,False,7051.5,-0.888252554688546,1.0,0.0,0.0,0.0,0.0,False
C002624,P0187,E03,F000,Comparación de Precios,Servicio de limpieza y vigilancia,52749.75,2026-06-11,False,False,52749.75,-0.4269739873230586,0.0,1.0,0.0,0.0,0.0,True
C000887,P0127,E08,F022,Licitación Pública,Adquisición de bienes de oficina,76491.83,2023-04-01,False,False,76491.83,-0.18732120743155747,0.0,0.0,0.0,0.0,1.0,False
C002575,P0041,E10,F004,Comparación de Precios,Servicio de limpieza y vigilancia,120281.85,2026-02-20,False,False,120281.85,0.25469566828044554,0.0,1.0,0.0,0.0,0.0,True
C000685,P0122,E15,F035,Adjudicación Simplificada,Obra de rehabilitación vial,159000.94,2026-01-27,False,False,159000.94,0.6455265286502707,1.0,0.0,0.0,0.0,0.0,False
C002025,P0167,E10,F004,Adjudicación Simplificada,Consultoría en ingeniería,249691.08,2024-09-01,False,False,249691.08,1.5609536588658803,1.0,0.0,0.0,0.0,0.0,False
C000789,P0166,E03,F000,Comparación de Precios,Servicio de transporte,62712.12,2025-12-23,False,False,62712.12,-0.3264137303949506,0.0,1.0,0.0,0.0,0.0,True
C001909,P0217,E15,F035,Adjudicación Simplificada,Suministro de combustible,59437.69,2024-04-08,False,False,59437.69,-0.359465857759534,1.0,0.0,0.0,0.0,0.0,False
C001546,P0059,E01,F048,Licitación Pública,Suministro de combustible,73514.0,2024-12-26,False,False,73514.0,-0.21737945159316038,0.0,0.0,0.0,0.0,1.0,False
C001587,P0206,E06,F039,Adjudicación Simplificada,Servicio de mantenimiento de infraestructura,161178.3,2023-08-27,False,False,161178.3,0.6675048210671338,1.0,0.0,0.0,0.0,0.0,False
C003007,P0056,E17,F031,Licitación Pública,Suministro de combustible,491528.45,2026-01-25,False,False,491528.45,4.002062357099123,0.0,0.0,0.0,0.0,1.0,False
C001135,P0034,E10,F008,Comparación de Precios,Consultoría en ingeniería,56397.34,2023-03-05,False,False,56397.34,-0.39015517939197425,0.0,1.0,0.0,0.0,0.0,True
C001829,P0060,E07,F023,Adjudicación Simplificada,Consultoría en ingeniería,54054.76,2024-11-22,False,False,54054.76,-0.4138012040502279,1.0,0.0,0.0,0.0,0.0,False
C000272,P0212,E03,F000,Licitación Pública,Servicio de mantenimiento de infraestructura,208071.07,2025-06-22,False,False,208071.07,1.1408408846012803,0.0,0.0,0.0,0.0,1.0,False
C001474,P0083,E13,F055,Adjudicación Simplificada,Consultoría en ingeniería,322464.43,2023-03-19,False,False,322464.43,2.2955285415011493,1.0,0.0,0.0,0.0,0.0,False
C000521,P0004,E06,F006,Adjudicación Simplificada,Consultoría en ingeniería,27609.47,2024-03-24,False,False,27609.47,-0.6807402112280706,1.0,0.0,0.0,0.0,0.0,False
C000522,P0123,E02,F025,Adjudicación Simplificada,Consultoría en ingeniería,60847.71,2026-03-09,False,False,60847.71,-0.3452331025543197,1.0,0.0,0.0,0.0,0.0,False
C003101,P0189,E13,F056,Comparación de Precios,Adquisición de bienes de oficina,81012.92,2026-06-20,False,False,81012.92,-0.1416852822455727,0.0,1.0,0.0,0.0,0.0,True
C000350,P0184,E00,F041,Adjudicación Simplificada,Servicio de transporte,113662.72,2023-06-13,False,False,113662.72,0.18788210750720102,1.0,0.0,0.0,0.0,0.0,False
C900062,P0049,E16,F002,Comparación de Precios,Servicio de mantenimiento de infraestructura,224618.59,2024-08-11,True,False,224618.59,1.307871707861509,0.0,1.0,0.0,0.0,0.0,True
C001533,P0084,E17,F003,Adjudicación Simplificada,Adquisición de equipos informáticos,48965.14,2024-01-08,False,False,48965.14,-0.4651758764290331,1.0,0.0,0.0,0.0,0.0,False
C002810,P0157,E06,F039,Comparación de Precios,Servicio de mantenimiento de infraestructura,75052.47,2023-09-20,False,False,75052.47,-0.20185012087404572,0.0,1.0,0.0,0.0,0.0,True
C001268,P0055,E09,F046,Contratación Directa,Consultoría en ingeniería,69657.59,2025-04-04,False,False,69657.59,-0.2563060905776716,0.0,0.0,0.0,1.0,0.0,True
C000651,P0102,E17,F003,Licitación Pública,Servicio de limpieza y vigilancia,27939.7,2024-05-12,False,False,27939.7,-0.6774068664872741,0.0,0.0,0.0,0.0,1.0,False
C002313,P0112,E01,F048,Contratación Directa,Servicio de transporte,98146.85,2024-03-15,False,False,98146.85,0.03126476909644913,0.0,0.0,0.0,1.0,0.0,True
C003250,P0132,E15,F035,Comparación de Precios,Servicio de mantenimiento de infraestructura,29025.22,2025-04-20,False,False,29025.22,-0.6664496173487057,0.0,1.0,0.0,0.0,0.0,True
C003336,P0044,E00,F010,Adjudicación Simplificada,Obra de rehabilitación vial,6910.18,2024-10-22,False,False,6910.18,-0.8896790401040725,1.0,0.0,0.0,0.0,0.0,False
C003330,P0195,E11,F007,Concurso Público,Servicio de transporte,60034.65,2023-04-17,False,False,60034.65,-0.35344013787803963,0.0,0.0,1.0,0.0,0.0,False
C001610,P0200,E08,F014,Licitación Pública,Consultoría en ingeniería,23097.12,2023-10-18,False,False,23097.12,-0.7262879147714593,0.0,0.0,0.0,0.0,1.0,False
C002285,P0213,E11,F049,Concurso Público,Servicio de capacitación,22858.68,2026-06-29,False,False,22858.68,-0.7286947303848059,0.0,0.0,1.0,0.0,0.0,False
C001592,P0086,E02,F011,Adjudicación Simplificada,Servicio de mantenimiento de infraestructura,39209.74,2024-05-28,False,False,39209.74,-0.5636469762211974,1.0,0.0,0.0,0.0,0.0,False
C000168,P0053,E03,F000,Comparación de Precios,Servicio de capacitación,190519.11,2026-01-20,False,False,190519.11,0.9636712344887192,0.0,1.0,0.0,0.0,0.0,True
C003341,P0048,E02,F044,Comparación de Precios,Servicio de mantenimiento de infraestructura,13654.48,2025-01-25,False,False,13654.48,-0.821602012167925,0.0,1.0,0.0,0.0,0.0,True
C000962,P0117,E05,F052,Adjudicación Simplificada,Consultoría en ingeniería,110304.72,2026-06-25,False,False,110304.72,0.15398642377285,1.0,0.0,0.0,0.0,0.0,False
C000945,P0049,E12,F050,Adjudicación Simplificada,Servicio de mantenimiento de infraestructura,62533.02,2026-04-12,False,False,62533.02,-0.32822156748751236,1.0,0.0,0.0,0.0,0.0,False
C000462,P0200,E09,F027,Comparación de Precios,Adquisición de materiales de construcción,110287.39,2024-07-01,False,False,110287.39,0.153811494589075,0.0,1.0,0.0,0.0,0.0,True
C002396,P0078,E14,F040,Comparación de Precios,Consultoría en ingeniería,79782.03,2026-04-24,False,False,79782.03,-0.15410989753794174,0.0,1.0,0.0,0.0,0.0,True
C000328,P0005,E04,F019,Adjudicación Simplificada,Suministro de combustible,1103772.76,2024-05-29,False,False,534351.0878000001,4.434314467742205,1.0,0.0,0.0,0.0,0.0,False
C001361,P0144,E03,F000,Comparación de Precios,Obra de rehabilitación vial,90219.42,2024-05-13,False,False,90219.42,-0.04875478424071781,0.0,1.0,0.0,0.0,0.0,True
C002829,P0078,E17,F003,Licitación Pública,Adquisición de materiales de construcción,175859.45,2025-07-31,False,False,175859.45,0.815696487909471,0.0,0.0,0.0,0.0,1.0,False
C000367,P0212,E10,F008,Adjudicación Simplificada,Suministro de combustible,80947.19,2024-06-27,False,False,80947.19,-0.14234876148674563,1.0,0.0,0.0,0.0,0.0,False
C003488,P0035,E10,F004,Licitación Pública,Adquisición de equipos informáticos,14445.51,2025-07-30,False,False,14445.51,-0.8136173478723969,0.0,0.0,0.0,0.0,1.0,False
C002732,P0011,E03,F000,Licitación Pública,Adquisición de bienes de oficina,60474.1,2023-10-13,False,False,60474.1,-0.3490043254250734,0.0,0.0,0.0,0.0,1.0,False
C001905,P0077,E00,F010,Comparación de Precios,Servicio de limpieza y vigilancia,62931.37,2025-10-01,False,False,62931.37,-0.3242006188229564,0.0,1.0,0.0,0.0,0.0,True
C001432,P0067,E07,F023,Comparación de Precios,Servicio de transporte,11572.58,2025-09-23,False,False,11572.58,-0.8426167304426556,0.0,1.0,0.0,0.0,0.0,True
C000772,P0124,E05,F001,Concurso Público,Servicio de transporte,57864.52,2024-10-05,False,False,57864.52,-0.37534545060657665,0.0,0.0,1.0,0.0,0.0,False
C002295,P0116,E16,F024,Comparación de Precios,Adquisición de equipos informáticos,50851.42,2024-01-07,False,False,50851.42,-0.44613574828298436,0.0,1.0,0.0,0.0,0.0,True
C003224,P0060,E15,F035,Adjudicación Simplificada,Suministro de combustible,10010.05,2025-07-09,False,False,10010.05,-0.8583889230291463,1.0,0.0,0.0,0.0,0.0,False
C003089,P0023,E11,F007,Licitación Pública,Adquisición de materiales de construcción,182595.69,2025-12-08,False,False,182595.69,0.8836921581294485,0.0,0.0,0.0,0.0,1.0,False
C000498,P0107,E09,F046,Licitación Pública,Suministro de combustible,183394.92,2024-11-04,False,False,183394.92,0.8917595933024698,0.0,0.0,0.0,0.0,1.0,False
C001350,P0050,E02,F025,Adjudicación Simplificada,Adquisición de equipos informáticos,26571.62,2026-05-08,False,False,26571.62,-0.6912162789361398,1.0,0.0,0.0,0.0,0.0,False
C000435,P0117,E09,F043,Adjudicación Simplificada,Adquisición de bienes de oficina,95589.65,2025-09-02,False,False,95589.65,0.005452368129956327,1.0,0.0,0.0,0.0,0.0,False
C000365,P0210,E16,F024,Contratación Directa,Servicio de capacitación,258423.57,2023-06-03,False,False,258423.57,1.649099495451164,0.0,0.0,0.0,1.0,0.0,True
C001113,P0091,E15,F035,Contratación Directa,Servicio de capacitación,9815.94,2024-04-12,False,False,9815.94,-0.8603482712035581,0.0,0.0,0.0,1.0,0.0,True
C000276,P0084,E15,F035,Adjudicación Simplificada,Servicio de mantenimiento de infraestructura,65787.36,2023-04-25,False,False,65787.36,-0.29537222877278696,1.0,0.0,0.0,0.0,0.0,False
C800007,P0093,E16,F057,Adjudicación Simplificada,Servicio de limpieza y vigilancia,205498.73,2025-01-25,False,True,205498.73,1.1148756603317092,1.0,0.0,0.0,0.0,0.0,False
C002003,P0157,E00,F041,Concurso Público,Adquisición de bienes de oficina,11604.63,2024-04-14,False,False,11604.63,-0.8422932174397711,0.0,0.0,1.0,0.0,0.0,False
C001391,P0095,E13,F056,Comparación de Precios,Suministro de combustible,33811.3,2023-07-20,False,False,33811.3,-0.6181388805984666,0.0,1.0,0.0,0.0,0.0,True
C000407,P0041,E04,F019,Licitación Pública,Obra de rehabilitación vial,75992.38,2024-08-03,False,False,75992.38,-0.192362660451546,0.0,0.0,0.0,0.0,1.0,False
C002411,P0067,E16,F057,Adjudicación Simplificada,Obra de rehabilitación vial,56009.51,2024-10-20,False,False,56009.51,-0.3940699390771122,1.0,0.0,0.0,0.0,0.0,False
C001097,P0080,E06,F006,Comparación de Precios,Adquisición de bienes de oficina,38316.46,2025-05-29,False,False,38316.46,-0.5726637529830262,0.0,1.0,0.0,0.0,0.0,True
C000844,P0087,E01,F017,Adjudicación Simplificada,Servicio de mantenimiento de infraestructura,60933.41,2025-06-05,False,False,60933.41,-0.3443680459444228,1.0,0.0,0.0,0.0,0.0,False
C003484,P0094,E17,F003,Comparación de Precios,Adquisición de bienes de oficina,210942.0,2023-06-27,False,False,210942.0,1.1698200791526383,0.0,1.0,0.0,0.0,0.0,True
C001174,P0182,E01,F018,Concurso Público,Adquisición de materiales de construcción,97922.36,2023-07-18,False,False,97922.36,0.02899876491493494,0.0,0.0,1.0,0.0,0.0,False
C001767,P0097,E15,F035,Adjudicación Simplificada,Adquisición de bienes de oficina,28483.47,2023-10-15,False,False,28483.47,-0.671918046968445,1.0,0.0,0.0,0.0,0.0,False
C002350,P0128,E13,F058,Licitación Pública,Servicio de capacitación,128764.69,2023-04-15,False,False,128764.69,0.3403215354064438,0.0,0.0,0.0,0.0,1.0,False
C003271,P0185,E05,F047,Licitación Pública,Servicio de capacitación,31376.63,2024-03-19,False,False,31376.63,-0.6427144625870052,0.0,0.0,0.0,0.0,1.0,False
C001922,P0030,E08,F022,Contratación Directa,Consultoría en ingeniería,80693.2,2024-06-26,False,False,80693.2,-0.1449125389470458,0.0,0.0,0.0,1.0,0.0,True
C002929,P0208,E11,F054,Adjudicación Simplificada,Adquisición de bienes de oficina,12004.55,2024-01-31,False,False,12004.55,-0.8382564211803781,1.0,0.0,0.0,0.0,0.0,False
C002031,P0191,E16,F024,Licitación Pública,Suministro de combustible,53133.82,2026-03-21,False,False,53133.82,-0.423097181113454,0.0,0.0,0.0,0.0,1.0,False
C002653,P0121,E12,F050,Licitación Pública,Suministro de combustible,22277.07,2023-04-18,False,False,22277.07,-0.7345655072212373,0.0,0.0,0.0,0.0,1.0,False
C003094,P0173,E08,F020,Comparación de Precios,Servicio de capacitación,94719.51,2024-06-14,False,False,94719.51,-0.0033308332531908377,0.0,1.0,0.0,0.0,0.0,True
C000944,P0192,E06,F006,Concurso Público,Obra de rehabilitación vial,484886.0,2023-03-08,False,False,484886.0,3.935013404025496,0.0,0.0,1.0,0.0,0.0,False
C000199,P0185,E16,F024,Comparación de Precios,Suministro de combustible,17296.24,2025-09-02,False,False,17296.24,-0.7848420523119363,0.0,1.0,0.0,0.0,0.0,True
C001407,P0174,E15,F035,Comparación de Precios,Adquisición de materiales de construcción,46510.16,2026-03-05,False,False,46510.16,-0.48995646774950863,0.0,1.0,0.0,0.0,0.0,True
C001688,P0144,E10,F026,Comparación de Precios,Suministro de combustible,276619.39,2023-01-05,False,False,276619.39,1.832768274488442,0.0,1.0,0.0,0.0,0.0,True
C000801,P0173,E01,F018,Adjudicación Simplificada,Consultoría en ingeniería,31784.87,2025-04-24,False,False,31784.87,-0.6385936841689851,1.0,0.0,0.0,0.0,0.0,False
C002171,P0205,E06,F039,Contratación Directa,Servicio de transporte,27596.25,2024-06-14,False,False,27596.25,-0.6808736540330045,0.0,0.0,0.0,1.0,0.0,True
C001455,P0061,E08,F005,Adjudicación Simplificada,Adquisición de equipos informáticos,5734.25,2025-07-10,False,False,5734.25,-0.9015488886370492,1.0,0.0,0.0,0.0,0.0,False
C001452,P0108,E02,F051,Comparación de Precios,Servicio de capacitación,19010.25,2024-02-11,False,False,19010.25,-0.7675408191739033,0.0,1.0,0.0,0.0,0.0,True
C000231,P0103,E16,F002,Adjudicación Simplificada,Adquisición de equipos informáticos,46320.78,2023-03-17,False,False,46320.78,-0.4918680712592202,1.0,0.0,0.0,0.0,0.0,False
C003133,P0162,E07,F036,Comparación de Precios,Servicio de mantenimiento de infraestructura,19350.57,2025-10-07,False,False,19350.57,-0.7641056258777525,0.0,1.0,0.0,0.0,0.0,True
C003266,P0179,E10,F026,Licitación Pública,Adquisición de equipos informáticos,79966.3,2026-01-07,False,False,79966.3,-0.15224987441652155,0.0,0.0,0.0,0.0,1.0,False
C001979,P0079,E10,F026,Licitación Pública,Consultoría en ingeniería,11225.44,2023-06-27,False,False,11225.44,-0.8461207648832579,0.0,0.0,0.0,0.0,1.0,False
C002743,P0095,E11,F049,Concurso Público,Servicio de transporte,213644.33,2023-07-27,False,False,213644.33,1.1970974237106635,0.0,0.0,1.0,0.0,0.0,False
C002328,P0014,E06,F039,Concurso Público,Adquisición de equipos informáticos,35015.18,2023-04-05,False,False,35015.18,-0.6059869045013521,0.0,0.0,1.0,0.0,0.0,False
C002298,P0003,E11,F007,Comparación de Precios,Servicio de capacitación,60323.66,2026-01-05,False,False,60323.66,-0.3505228682067874,0.0,1.0,0.0,0.0,0.0,True
C003437,P0089,E17,F031,Comparación de Precios,Servicio de capacitación,19082.28,2023-09-15,False,False,19082.28,-0.7668137476731929,0.0,1.0,0.0,0.0,0.0,True
C002037,P0168,E09,F033,Comparación de Precios,Servicio de mantenimiento de infraestructura,84469.87,2024-10-11,False,False,84469.87,-0.10679079627610732,0.0,1.0,0.0,0.0,0.0,True
C002004,P0024,E03,F000,Adjudicación Simplificada,Obra de rehabilitación vial,4810.43,2024-10-28,False,False,4810.43,-0.9108739364474923,1.0,0.0,0.0,0.0,0.0,False
C000104,P0198,E15,F035,Adjudicación Simplificada,Consultoría en ingeniería,43893.26,2023-05-27,False,False,43893.26,-0.5163714810801886,1.0,0.0,0.0,0.0,0.0,False
C002676,P0085,E02,F051,Licitación Pública,Adquisición de materiales de construcción,109733.59,2025-09-12,False,False,109733.59,0.14822143215545866,0.0,0.0,0.0,0.0,1.0,False
C002080,P0199,E17,F031,Adjudicación Simplificada,Servicio de mantenimiento de infraestructura,180532.28,2026-02-03,False,False,180532.28,0.8628640780894552,1.0,0.0,0.0,0.0,0.0,False
C001128,P0004,E17,F031,Adjudicación Simplificada,Suministro de combustible,49612.85,2025-08-28,False,False,49612.85,-0.4586378855679323,1.0,0.0,0.0,0.0,0.0,False
C002589,P0211,E12,F021,Adjudicación Simplificada,Consultoría en ingeniería,84449.38,2025-01-11,False,False,84449.38,-0.10699762252974537,1.0,0.0,0.0,0.0,0.0,False
C003036,P0115,E11,F049,Comparación de Precios,Servicio de capacitación,331001.61,2024-01-02,False,False,331001.61,2.381702917100681,0.0,1.0,0.0,0.0,0.0,True
C002550,P0084,E05,F052,Comparación de Precios,Obra de rehabilitación vial,12480.02,2025-09-17,False,False,12480.02,-0.8334570225070095,0.0,1.0,0.0,0.0,0.0,True
C001377,P0202,E13,F056,Comparación de Precios,Adquisición de materiales de construcción,139861.29,2023-12-16,False,False,139861.29,0.4523307206734479,0.0,1.0,0.0,0.0,0.0,True
C002755,P0013,E02,F051,Adjudicación Simplificada,Adquisición de equipos informáticos,26023.13,2025-01-10,False,False,26023.13,-0.6967527421795745,1.0,0.0,0.0,0.0,0.0,False
C002841,P0100,E08,F005,Adjudicación Simplificada,Obra de rehabilitación vial,634211.17,2025-02-09,False,False,534351.0878000001,4.434314467742205,1.0,0.0,0.0,0.0,0.0,False
C001159,P0069,E14,F016,Licitación Pública,Servicio de capacitación,1530735.78,2025-02-01,False,False,534351.0878000001,4.434314467742205,0.0,0.0,0.0,0.0,1.0,False
C002800,P0015,E12,F050,Contratación Directa,Servicio de transporte,58530.34,2026-02-19,False,False,58530.34,-0.3686246572343296,0.0,0.0,0.0,1.0,0.0,True
C002184,P0182,E06,F039,Contratación Directa,Adquisición de equipos informáticos,34993.37,2023-09-03,False,False,34993.37,-0.6062070548474647,0.0,0.0,0.0,1.0,0.0,True
C001578,P0193,E17,F003,Concurso Público,Suministro de combustible,74877.96,2025-02-05,False,False,74877.96,-0.2036116264632302,0.0,0.0,1.0,0.0,0.0,False
C900013,P0051,E08,F028,Comparación de Precios,Adquisición de bienes de oficina,346671.3,2025-08-18,True,False,346671.3,2.539872916045089,0.0,1.0,0.0,0.0,0.0,True
C003233,P0130,E16,F042,Adjudicación Simplificada,Servicio de capacitación,56466.21,2026-01-04,False,False,56466.21,-0.38946000496112704,1.0,0.0,0.0,0.0,0.0,False
C001352,P0181,E11,F049,Comparación de Precios,Obra de rehabilitación vial,30160.65,2026-05-17,False,False,30160.65,-0.6549885761984692,0.0,1.0,0.0,0.0,0.0,True
C003030,P0046,E01,F048,Adjudicación Simplificada,Suministro de combustible,91707.11,2025-09-14,False,False,91707.11,-0.033738027321493044,1.0,0.0,0.0,0.0,0.0,False
C000994,P0059,E05,F045,Contratación Directa,Servicio de transporte,29609.19,2024-03-10,False,False,29609.19,-0.6605550186499716,0.0,0.0,0.0,1.0,0.0,True
C000464,P0027,E10,F004,Comparación de Precios,Adquisición de bienes de oficina,54280.83,2025-07-12,False,False,54280.83,-0.4115192513337822,0.0,1.0,0.0,0.0,0.0,True
C001231,P0117,E01,F017,Comparación de Precios,Servicio de mantenimiento de infraestructura,304000.63,2023-06-08,False,False,304000.63,2.1091547698113606,0.0,1.0,0.0,0.0,0.0,True
C001263,P0195,E15,F035,Adjudicación Simplificada,Servicio de capacitación,108970.68,2023-12-14,False,False,108970.68,0.1405206114056749,1.0,0.0,0.0,0.0,0.0,False
C002898,P0026,E06,F006,Comparación de Precios,Consultoría en ingeniería,30028.98,2025-11-16,False,False,30028.98,-0.6563176544227998,0.0,1.0,0.0,0.0,0.0,True
C001860,P0072,E15,F035,Adjudicación Simplificada,Consultoría en ingeniería,60377.23,2024-01-12,False,False,60377.23,-0.349982132120531,1.0,0.0,0.0,0.0,0.0,False
C002178,P0146,E17,F031,Licitación Pública,Adquisición de equipos informáticos,155873.69,2024-10-10,False,False,155873.69,0.6139600375965932,0.0,0.0,0.0,0.0,1.0,False
C001801,P0086,E01,F018,Licitación Pública,Servicio de mantenimiento de infraestructura,43666.93,2023-06-26,False,False,43666.93,-0.5186560582390914,0.0,0.0,0.0,0.0,1.0,False
C000212,P0149,E05,F052,Comparación de Precios,Servicio de transporte,220480.62,2024-05-18,False,False,220480.62,1.266102999576151,0.0,1.0,0.0,0.0,0.0,True
C001036,P0082,E08,F020,Adjudicación Simplificada,Adquisición de materiales de construcción,42252.26,2025-12-05,False,False,42252.26,-0.5329357505882499,1.0,0.0,0.0,0.0,0.0,False
C800005,P0200,E08,F014,Adjudicación Simplificada,Servicio de limpieza y vigilancia,61530.634999999995,2026-02-10,False,True,61530.634999999995,-0.3383396511504241,1.0,0.0,0.0,0.0,0.0,False
C000900,P0078,E12,F021,Adjudicación Simplificada,Servicio de capacitación,158682.03,2024-12-25,False,False,158682.03,0.6423074480964525,1.0,0.0,0.0,0.0,0.0,False
C002700,P0167,E02,F051,Adjudicación Simplificada,Adquisición de equipos informáticos,83817.43,2026-02-28,False,False,83817.43,-0.11337653180190842,1.0,0.0,0.0,0.0,0.0,False
C002439,P0190,E10,F008,Adjudicación Simplificada,Servicio de transporte,39074.9,2023-10-30,False,False,39074.9,-0.5650080524554857,1.0,0.0,0.0,0.0,0.0,False
C000741,P0179,E02,F044,Comparación de Precios,Servicio de limpieza y vigilancia,63929.27,2024-05-15,False,False,63929.27,-0.3141278067924297,0.0,1.0,0.0,0.0,0.0,True
C003166,P0219,E09,F046,Adjudicación Simplificada,Servicio de limpieza y vigilancia,21804.17,2025-07-11,False,False,21804.17,-0.7393389642903184,1.0,0.0,0.0,0.0,0.0,False
C002795,P0031,E16,F024,Adjudicación Simplificada,Adquisición de bienes de oficina,38829.43,2023-08-20,False,False,38829.43,-0.5674858289552686,1.0,0.0,0.0,0.0,0.0,False
C001871,P0200,E08,F014,Adjudicación Simplificada,Servicio de transporte,6738.91,2026-05-02,False,False,6738.91,-0.8914078411026379,1.0,0.0,0.0,0.0,0.0,False
C000509,P0130,E01,F018,Concurso Público,Servicio de transporte,14166.7,2025-11-21,False,False,14166.7,-0.8164316586472552,0.0,0.0,1.0,0.0,0.0,False
C000597,P0060,E09,F043,Contratación Directa,Suministro de combustible,179938.55,2023-09-12,False,False,179938.55,0.8568709618584854,0.0,0.0,0.0,1.0,0.0,True
C001961,P0124,E13,F056,Contratación Directa,Adquisición de bienes de oficina,9663.67,2026-06-03,False,False,9663.67,-0.8618852860225663,0.0,0.0,0.0,1.0,0.0,True
C000981,P0186,E06,F006,Concurso Público,Suministro de combustible,28276.35,2023-04-11,False,False,28276.35,-0.6740087182058062,0.0,0.0,1.0,0.0,0.0,False
C002942,P0070,E08,F014,Adjudicación Simplificada,Suministro de combustible,53665.26,2023-05-25,False,False,53665.26,-0.41773282073114804,1.0,0.0,0.0,0.0,0.0,False
C003193,P0069,E16,F042,Contratación Directa,Servicio de limpieza y vigilancia,188492.41,2026-06-20,False,False,188492.41,0.9432137055356493,0.0,0.0,0.0,1.0,0.0,True
C000518,P0182,E17,F012,Adjudicación Simplificada,Servicio de capacitación,40008.1,2026-04-14,False,False,40008.1,-0.555588322836398,1.0,0.0,0.0,0.0,0.0,False
C001222,P0129,E08,F022,Adjudicación Simplificada,Suministro de combustible,117995.63,2023-09-16,False,False,117995.63,0.23161854199481477,1.0,0.0,0.0,0.0,0.0,False
C000767,P0195,E11,F007,Contratación Directa,Adquisición de equipos informáticos,49674.24,2024-04-11,False,False,49674.24,-0.4580182143277739,0.0,0.0,0.0,1.0,0.0,True
C002389,P0058,E09,F043,Licitación Pública,Consultoría en ingeniería,118065.7,2025-06-05,False,False,118065.7,0.2323258292370023,0.0,0.0,0.0,0.0,1.0,False
C000421,P0028,E02,F025,Comparación de Precios,Consultoría en ingeniería,73527.19,2024-02-25,False,False,73527.19,-0.21724631160850996,0.0,1.0,0.0,0.0,0.0,True
C000123,P0035,E15,F035,Adjudicación Simplificada,Adquisición de bienes de oficina,17749.44,2023-02-07,False,False,17749.44,-0.7802674472290274,1.0,0.0,0.0,0.0,0.0,False
C002059,P0046,E09,F027,Comparación de Precios,Servicio de limpieza y vigilancia,38038.19,2024-12-21,False,False,38038.19,-0.5754726129927814,0.0,1.0,0.0,0.0,0.0,True
C001173,P0178,E00,F038,Adjudicación Simplificada,Obra de rehabilitación vial,231189.02,2023-12-06,False,False,231189.02,1.3741936903745204,1.0,0.0,0.0,0.0,0.0,False
C000819,P0113,E11,F054,Adjudicación Simplificada,Consultoría en ingeniería,127948.77,2024-10-08,False,False,127948.77,0.3320856312156958,1.0,0.0,0.0,0.0,0.0,False
C000100,P0190,E13,F055,Comparación de Precios,Servicio de limpieza y vigilancia,122249.6,2023-03-04,False,False,122249.6,0.2745581553764161,0.0,1.0,0.0,0.0,0.0,True
C003167,P0095,E05,F045,Adjudicación Simplificada,Suministro de combustible,78884.48,2024-05-10,False,False,78884.48,-0.16316977572012367,1.0,0.0,0.0,0.0,0.0,False
C003327,P0180,E14,F029,Comparación de Precios,Servicio de limpieza y vigilancia,170146.76,2024-01-09,False,False,170146.76,0.7580325410624222,0.0,1.0,0.0,0.0,0.0,True
C002749,P0046,E04,F053,Comparación de Precios,Adquisición de materiales de construcción,13705.77,2023-10-03,False,False,13705.77,-0.8210842904232154,0.0,1.0,0.0,0.0,0.0,True
C003147,P0022,E00,F038,Concurso Público,Adquisición de materiales de construcción,402448.81,2024-12-12,False,False,402448.81,3.1028916291033384,0.0,0.0,1.0,0.0,0.0,False
C001103,P0153,E07,F023,Adjudicación Simplificada,Obra de rehabilitación vial,44378.66,2023-11-28,False,False,44378.66,-0.5114718488929777,1.0,0.0,0.0,0.0,0.0,False
C002739,P0051,E00,F041,Licitación Pública,Consultoría en ingeniería,107387.06,2026-02-08,False,False,107387.06,0.12453553615987599,0.0,0.0,0.0,0.0,1.0,False
C002661,P0040,E04,F053,Adjudicación Simplificada,Servicio de mantenimiento de infraestructura,92501.91,2023-12-11,False,False,92501.91,-0.025715308610336916,1.0,0.0,0.0,0.0,0.0,False
C002883,P0162,E16,F002,Concurso Público,Servicio de capacitación,79078.0,2025-06-18,False,False,79078.0,-0.16121638301128752,0.0,0.0,1.0,0.0,0.0,False
C001442,P0203,E08,F005,Comparación de Precios,Servicio de limpieza y vigilancia,61530.634999999995,2025-04-11,False,False,61530.634999999995,-0.3383396511504241,0.0,1.0,0.0,0.0,0.0,True
C002063,P0154,E11,F049,Concurso Público,Servicio de limpieza y vigilancia,20781.18,2025-10-23,False,False,20781.18,-0.7496650350179549,0.0,0.0,1.0,0.0,0.0,False
C001963,P0091,E16,F042,Comparación de Precios,Servicio de limpieza y vigilancia,30028.29,2024-08-29,False,False,30028.29,-0.6563246192893205,0.0,1.0,0.0,0.0,0.0,True
C002785,P0060,E09,F043,Adjudicación Simplificada,Adquisición de materiales de construcción,218811.17,2024-03-03,False,False,218811.17,1.2492515554992267,1.0,0.0,0.0,0.0,0.0,False
C000982,P0107,E15,F035,Licitación Pública,Obra de rehabilitación vial,99966.96,2025-10-05,False,False,99966.96,0.049636976637166715,0.0,0.0,0.0,0.0,1.0,False
C000456,P0143,E00,F010,Adjudicación Simplificada,Adquisición de equipos informáticos,75692.25,2023-04-30,False,False,75692.25,-0.19539217550788637,1.0,0.0,0.0,0.0,0.0,False
C002684,P0066,E06,F006,Comparación de Precios,Adquisición de bienes de oficina,178022.43,2025-03-16,False,False,178022.43,0.8375296284704377,0.0,1.0,0.0,0.0,0.0,True
C002561,P0113,E12,F021,Concurso Público,Adquisición de bienes de oficina,47387.41,2024-09-13,False,False,47387.41,-0.4811014979591693,0.0,0.0,1.0,0.0,0.0,False
C000381,P0121,E13,F058,Licitación Pública,Servicio de mantenimiento de infraestructura,116003.8,2023-08-14,False,False,116003.8,0.2115129911512792,0.0,0.0,0.0,0.0,1.0,False
C003357,P0206,E15,F035,Licitación Pública,Adquisición de equipos informáticos,51801.74,2025-01-22,False,False,51801.74,-0.4365432092221063,0.0,0.0,0.0,0.0,1.0,False
C001925,P0029,E10,F004,Adjudicación Simplificada,Suministro de combustible,51975.56,2023-12-24,False,False,51975.56,-0.43478866849944253,1.0,0.0,0.0,0.0,0.0,False
C002208,P0194,E17,F031,Adjudicación Simplificada,Servicio de limpieza y vigilancia,61530.634999999995,2023-03-31,False,False,61530.634999999995,-0.3383396511504241,1.0,0.0,0.0,0.0,0.0,False
C001010,P0019,E05,F052,Adjudicación Simplificada,Adquisición de bienes de oficina,44680.65,2024-03-18,False,False,44680.65,-0.5084235589790598,1.0,0.0,0.0,0.0,0.0,False
C001965,P0017,E05,F052,Licitación Pública,Adquisición de materiales de construcción,68297.56,2025-07-03,False,False,68297.56,-0.2700342462504618,0.0,0.0,0.0,0.0,1.0,False
C002246,P0116,E06,F006,Comparación de Precios,Adquisición de materiales de construcción,184378.17,2023-12-18,False,False,184378.17,0.9016845280945487,0.0,1.0,0.0,0.0,0.0,True
C000662,P0059,E01,F017,Contratación Directa,Servicio de transporte,12442.86,2023-03-28,False,False,12442.86,-0.8338321158981854,0.0,0.0,0.0,1.0,0.0,True
C001859,P0063,E06,F006,Concurso Público,Servicio de capacitación,100626.35,2024-10-18,False,False,100626.35,0.056292865528647866,0.0,0.0,1.0,0.0,0.0,False
C002382,P0072,E12,F050,Licitación Pública,Servicio de mantenimiento de infraestructura,223317.14,2025-06-26,False,False,223317.14,1.2947348592623218,0.0,0.0,0.0,0.0,1.0,False
C003262,P0045,E04,F053,Comparación de Precios,Adquisición de materiales de construcción,68268.65,2023-09-02,False,False,68268.65,-0.2703260640636721,0.0,1.0,0.0,0.0,0.0,True
C001837,P0065,E03,F000,Comparación de Precios,Adquisición de materiales de construcción,23950.99,2026-04-29,False,False,23950.99,-0.7176689429220695,0.0,1.0,0.0,0.0,0.0,True
C002708,P0024,E02,F051,Adjudicación Simplificada,Suministro de combustible,157210.55,2023-04-24,False,False,157210.55,0.6274543150704182,1.0,0.0,0.0,0.0,0.0,False
C002823,P0058,E04,F030,Contratación Directa,Suministro de combustible,13759.57,2025-02-10,False,False,13759.57,-0.8205412327147854,0.0,0.0,0.0,1.0,0.0,True
C003467,P0056,E05,F059,Comparación de Precios,Servicio de limpieza y vigilancia,61530.634999999995,2023-07-25,False,False,61530.634999999995,-0.3383396511504241,0.0,1.0,0.0,0.0,0.0,True
C002323,P0086,E11,F049,Comparación de Precios,Adquisición de equipos informáticos,102792.14,2024-06-11,False,False,102792.14,0.07815437025617017,0.0,1.0,0.0,0.0,0.0,True
C000845,P0205,E17,F003,Adjudicación Simplificada,Servicio de limpieza y vigilancia,89478.08,2023-08-29,False,False,89478.08,-0.05623787720665696,1.0,0.0,0.0,0.0,0.0,False
C000542,P0195,E06,F006,Comparación de Precios,Servicio de limpieza y vigilancia,7442.57,2025-09-13,False,False,7442.57,-0.8843050904127888,0.0,1.0,0.0,0.0,0.0,True
C001833,P0124,E07,F023,Contratación Directa,Servicio de limpieza y vigilancia,109186.26,2024-07-25,False,False,109186.26,0.14269667796298624,0.0,0.0,0.0,1.0,0.0,True
C002303,P0193,E14,F016,Licitación Pública,Obra de rehabilitación vial,192520.58,2023-12-27,False,False,192520.58,0.9838740915833564,0.0,0.0,0.0,0.0,1.0,False
C001298,P0199,E17,F012,Adjudicación Simplificada,Adquisición de materiales de construcción,58609.59,2025-01-10,False,False,58609.59,-0.36782470698538755,1.0,0.0,0.0,0.0,0.0,False
C001196,P0065,E13,F056,Contratación Directa,Adquisición de materiales de construcción,12267.95,2023-01-02,False,False,12267.95,-0.8355976590911501,0.0,0.0,0.0,1.0,0.0,True
C001102,P0203,E02,F011,Contratación Directa,Suministro de combustible,42478.11,2023-03-10,False,False,42478.11,-0.5306560185538833,0.0,0.0,0.0,1.0,0.0,True
C002422,P0169,E15,F035,Adjudicación Simplificada,Obra de rehabilitación vial,177897.54,2023-10-27,False,False,177897.54,0.8362689876301808,1.0,0.0,0.0,0.0,0.0,False
C001655,P0135,E14,F016,Comparación de Precios,Servicio de capacitación,134562.6,2025-06-16,False,False,134562.6,0.3988456937388533,0.0,1.0,0.0,0.0,0.0,True
C001811,P0163,E01,F018,Contratación Directa,Adquisición de bienes de oficina,31650.8,2026-01-06,False,False,31650.8,-0.6399469880159965,0.0,0.0,0.0,1.0,0.0,True
C001506,P0111,E07,F023,Adjudicación Simplificada,Servicio de limpieza y vigilancia,109078.9,2023-11-29,False,False,109078.9,0.14161298510839423,1.0,0.0,0.0,0.0,0.0,False
C002245,P0185,E08,F022,Licitación Pública,Adquisición de materiales de construcción,31981.22,2023-05-13,False,False,31981.22,-0.6366117254134044,0.0,0.0,0.0,0.0,1.0,False
C001459,P0138,E05,F001,Contratación Directa,Obra de rehabilitación vial,323836.95,2025-08-02,False,False,323836.95,2.309382771351975,0.0,0.0,0.0,1.0,0.0,True
C001048,P0048,E09,F043,Contratación Directa,Servicio de transporte,71623.02,2024-04-08,False,False,71623.02,-0.23646702158362584,0.0,0.0,0.0,1.0,0.0,True
C002562,P0035,E13,F056,Comparación de Precios,Adquisición de materiales de construcción,30980.91,2023-12-28,False,False,30980.91,-0.6467088640067066,0.0,1.0,0.0,0.0,0.0,True
C002312,P0071,E05,F059,Comparación de Precios,Adquisición de equipos informáticos,39544.67,2023-05-21,False,False,39544.67,-0.5602661896359842,0.0,1.0,0.0,0.0,0.0,True
C002991,P0012,E05,F052,Comparación de Precios,Adquisición de bienes de oficina,103765.88,2026-01-07,False,False,103765.88,0.08798331101837599,0.0,1.0,0.0,0.0,0.0,True
C001475,P0018,E10,F008,Adjudicación Simplificada,Servicio de capacitación,33186.2,2025-06-29,False,False,33186.2,-0.6244486459058946,1.0,0.0,0.0,0.0,0.0,False
C000237,P0025,E01,F017,Contratación Directa,Servicio de mantenimiento de infraestructura,18117.63,2025-12-23,False,False,18117.63,-0.7765509338894947,0.0,0.0,0.0,1.0,0.0,True
C002527,P0083,E08,F020,Contratación Directa,Servicio de mantenimiento de infraestructura,28931.3,2025-09-10,False,False,28931.3,-0.6673976467162847,0.0,0.0,0.0,1.0,0.0,True
C002618,P0195,E13,F055,Comparación de Precios,Servicio de limpieza y vigilancia,22454.29,2023-09-20,False,False,22454.29,-0.7327766468664423,0.0,1.0,0.0,0.0,0.0,True
C001133,P0176,E04,F019,Comparación de Precios,Suministro de combustible,60660.86,2025-02-07,False,False,60660.86,-0.34711916822012184,0.0,1.0,0.0,0.0,0.0,True
C002353,P0039,E12,F050,Adjudicación Simplificada,Adquisición de materiales de construcción,168670.25,2024-12-03,False,False,168670.25,0.7431286351688525,1.0,0.0,0.0,0.0,0.0,False
C002467,P0069,E06,F006,Licitación Pública,Servicio de mantenimiento de infraestructura,62648.5,2026-05-04,False,False,62648.5,-0.32705591127618333,0.0,0.0,0.0,0.0,1.0,False
C000163,P0114,E07,F023,Adjudicación Simplificada,Servicio de mantenimiento de infraestructura,43837.88,2023-05-17,False,False,43837.88,-0.5169304873235503,1.0,0.0,0.0,0.0,0.0,False
C001513,P0007,E07,F036,Adjudicación Simplificada,Adquisición de equipos informáticos,19826.91,2023-06-29,False,False,19826.91,-0.759297445416162,1.0,0.0,0.0,0.0,0.0,False
C000252,P0033,E06,F039,Adjudicación Simplificada,Servicio de transporte,132699.0,2024-07-30,False,False,132699.0,0.380034497727139,1.0,0.0,0.0,0.0,0.0,False
C001456,P0201,E10,F008,Contratación Directa,Consultoría en ingeniería,14042.18,2023-03-18,False,False,14042.18,-0.8176885647040155,0.0,0.0,0.0,1.0,0.0,True
C002154,P0194,E07,F013,Comparación de Precios,Adquisición de materiales de construcción,38444.91,2024-11-12,False,False,38444.91,-0.5713671774691258,0.0,1.0,0.0,0.0,0.0,True
C001601,P0017,E05,F009,Adjudicación Simplificada,Adquisición de bienes de oficina,280424.01,2025-06-08,False,False,280424.01,1.8711721447235183,1.0,0.0,0.0,0.0,0.0,False
C000930,P0208,E13,F056,Comparación de Precios,Adquisición de materiales de construcción,58281.74,2024-10-24,False,False,58281.74,-0.37113402798369216,0.0,1.0,0.0,0.0,0.0,True
C001665,P0107,E09,F034,Licitación Pública,Servicio de limpieza y vigilancia,83992.32,2023-03-10,False,False,83992.32,-0.11161119048913262,0.0,0.0,0.0,0.0,1.0,False
C002404,P0134,E11,F054,Adjudicación Simplificada,Adquisición de materiales de construcción,41246.8,2026-02-20,False,False,41246.8,-0.5430848733302215,1.0,0.0,0.0,0.0,0.0,False
C003347,P0059,E10,F004,Comparación de Precios,Suministro de combustible,295802.8,2024-12-14,False,False,295802.8,2.026405796318813,0.0,1.0,0.0,0.0,0.0,True
C001457,P0100,E02,F025,Adjudicación Simplificada,Adquisición de equipos informáticos,47368.57,2024-11-09,False,False,47368.57,-0.4812916690972144,1.0,0.0,0.0,0.0,0.0,False
C001340,P0116,E00,F041,Comparación de Precios,Obra de rehabilitación vial,103136.36,2023-09-11,False,False,103136.36,0.08162893018917741,0.0,1.0,0.0,0.0,0.0,True
C001983,P0140,E16,F042,Comparación de Precios,Adquisición de equipos informáticos,88508.42,2025-12-01,False,False,88508.42,-0.06602563441030525,0.0,1.0,0.0,0.0,0.0,True
C001980,P0155,E12,F021,Adjudicación Simplificada,Obra de rehabilitación vial,11496.64,2024-08-26,False,False,11496.64,-0.843383269520317,1.0,0.0,0.0,0.0,0.0,False
C001090,P0095,E16,F024,Comparación de Precios,Servicio de mantenimiento de infraestructura,50958.69,2026-06-06,False,False,50958.69,-0.4450529638892428,0.0,1.0,0.0,0.0,0.0,True
C003155,P0122,E02,F025,Licitación Pública,Consultoría en ingeniería,19399.97,2024-04-20,False,False,19399.97,-0.763606981810904,0.0,0.0,0.0,0.0,1.0,False
C003458,P0132,E14,F016,Concurso Público,Consultoría en ingeniería,18553.02,2025-08-24,False,False,18553.02,-0.772156103114897,0.0,0.0,1.0,0.0,0.0,False
C001181,P0031,E14,F029,Adjudicación Simplificada,Servicio de limpieza y vigilancia,7956.59,2025-03-18,False,False,7956.59,-0.8791165676751083,1.0,0.0,0.0,0.0,0.0,False
C000593,P0108,E17,F012,Adjudicación Simplificada,Consultoría en ingeniería,104392.39,2023-08-31,False,False,104392.39,0.09430730887912883,1.0,0.0,0.0,0.0,0.0,False
C000677,P0137,E17,F003,Comparación de Precios,Servicio de limpieza y vigilancia,102481.12,2026-05-29,False,False,102481.12,0.07501493143691525,0.0,1.0,0.0,0.0,0.0,True
C000041,P0068,E09,F033,Licitación Pública,Servicio de mantenimiento de infraestructura,162726.19,2024-12-09,False,False,162726.19,0.6831292373552711,0.0,0.0,0.0,0.0,1.0,False
C001334,P0092,E05,F052,Licitación Pública,Servicio de capacitación,65727.925,2023-02-25,False,False,65727.925,-0.2959721662244698,0.0,0.0,0.0,0.0,1.0,False
C001480,P0019,E13,F056,Adjudicación Simplificada,Suministro de combustible,104060.58,2025-08-28,False,False,104060.58,0.09095801560340075,1.0,0.0,0.0,0.0,0.0,False
C002271,P0169,E12,F021,Comparación de Precios,Suministro de combustible,80383.39,2026-04-30,False,False,80383.39,-0.1480397640148657,0.0,1.0,0.0,0.0,0.0,True
C000243,P0006,E15,F035,Adjudicación Simplificada,Servicio de capacitación,35207.82,2024-07-15,False,False,35207.82,-0.6040423945208323,1.0,0.0,0.0,0.0,0.0,False
C001124,P0167,E02,F051,Adjudicación Simplificada,Suministro de combustible,15674.52,2023-11-06,False,False,15674.52,-0.8012117093177944,1.0,0.0,0.0,0.0,0.0,False
C001320,P0011,E00,F010,Contratación Directa,Obra de rehabilitación vial,120015.62,2025-07-15,False,False,120015.62,0.2520083401444727,0.0,0.0,0.0,1.0,0.0,True
C001507,P0023,E09,F046,Comparación de Precios,Servicio de limpieza y vigilancia,339447.29,2024-06-12,False,False,339447.29,2.466953690835503,0.0,1.0,0.0,0.0,0.0,True
C001283,P0110,E03,F000,Comparación de Precios,Servicio de transporte,61583.54,2023-11-15,False,False,61583.54,-0.3378056275804521,0.0,1.0,0.0,0.0,0.0,True
C000261,P0151,E08,F015,Concurso Público,Servicio de mantenimiento de infraestructura,34174.87,2024-04-25,False,False,34174.87,-0.6144690015825947,0.0,0.0,1.0,0.0,0.0,False
C003389,P0169,E01,F048,Concurso Público,Servicio de capacitación,47761.49,2024-10-21,False,False,47761.49,-0.477325530903974,0.0,0.0,1.0,0.0,0.0,False
C002011,P0099,E06,F006,Licitación Pública,Adquisición de equipos informáticos,82675.32,2025-07-31,False,False,82675.32,-0.12490500093527328,0.0,0.0,0.0,0.0,1.0,False
C002406,P0058,E01,F018,Adjudicación Simplificada,Suministro de combustible,37719.5,2024-06-26,False,False,37719.5,-0.5786894728645207,1.0,0.0,0.0,0.0,0.0,False
C000834,P0039,E09,F033,Adjudicación Simplificada,Servicio de limpieza y vigilancia,140679.55,2024-05-08,False,False,140679.55,0.4605902448463095,1.0,0.0,0.0,0.0,0.0,False
C002776,P0088,E07,F023,Comparación de Precios,Servicio de capacitación,68402.02,2026-02-27,False,False,68402.02,-0.2689798260232758,0.0,1.0,0.0,0.0,0.0,True
C001514,P0200,E06,F006,Adjudicación Simplificada,Adquisición de materiales de construcción,32118.23,2025-01-05,False,False,32118.23,-0.635228745178609,1.0,0.0,0.0,0.0,0.0,False
C002872,P0133,E07,F036,Licitación Pública,Obra de rehabilitación vial,162316.23,2023-03-27,False,False,162316.23,0.6789910972409965,0.0,0.0,0.0,0.0,1.0,False
C002430,P0028,E11,F049,Adjudicación Simplificada,Servicio de limpieza y vigilancia,63844.97,2023-03-19,False,False,63844.97,-0.3149787317890961,1.0,0.0,0.0,0.0,0.0,False
C000340,P0192,E07,F023,Adjudicación Simplificada,Obra de rehabilitación vial,29771.88,2024-05-03,False,False,29771.88,-0.6589128242524904,1.0,0.0,0.0,0.0,0.0,False
C002626,P0163,E07,F023,Contratación Directa,Suministro de combustible,97347.77,2025-08-16,False,False,97347.77,0.023198848024845415,0.0,0.0,0.0,1.0,0.0,True
C000748,P0023,E07,F036,Concurso Público,Suministro de combustible,39287.54,2024-09-10,False,False,39287.54,-0.5628616622859585,0.0,0.0,1.0,0.0,0.0,False
C001556,P0067,E06,F039,Adjudicación Simplificada,Obra de rehabilitación vial,253786.95,2023-02-07,False,False,253786.95,1.6022974093533777,1.0,0.0,0.0,0.0,0.0,False
C000480,P0021,E13,F056,Comparación de Precios,Obra de rehabilitación vial,583868.14,2024-12-09,False,False,534351.0878000001,4.434314467742205,0.0,1.0,0.0,0.0,0.0,True
C001572,P0043,E04,F019,Concurso Público,Servicio de mantenimiento de infraestructura,450568.57,2024-10-30,False,False,450568.57,3.5886129412929977,0.0,0.0,1.0,0.0,0.0,False
C001966,P0171,E05,F047,Adjudicación Simplificada,Servicio de capacitación,48871.17,2026-04-18,False,False,48871.17,-0.4661244104970846,1.0,0.0,0.0,0.0,0.0,False
C002599,P0090,E13,F058,Comparación de Precios,Servicio de capacitación,227093.31,2025-05-10,False,False,227093.31,1.332851554928535,0.0,1.0,0.0,0.0,0.0,True
C000783,P0167,E01,F017,Adjudicación Simplificada,Adquisición de bienes de oficina,14920.28,2025-02-12,False,False,14920.28,-0.8088250150056435,1.0,0.0,0.0,0.0,0.0,False
C003086,P0057,E14,F016,Comparación de Precios,Servicio de limpieza y vigilancia,13185.34,2026-03-05,False,False,13185.34,-0.8263375157614729,0.0,1.0,0.0,0.0,0.0,True
C001536,P0097,E05,F037,Licitación Pública,Servicio de mantenimiento de infraestructura,52788.02,2023-07-03,False,False,52788.02,-0.42658768958139287,0.0,0.0,0.0,0.0,1.0,False
C002622,P0065,E06,F006,Adjudicación Simplificada,Consultoría en ingeniería,18835.17,2023-10-09,False,False,18835.17,-0.7693080783484745,1.0,0.0,0.0,0.0,0.0,False
C002891,P0188,E13,F056,Adjudicación Simplificada,Obra de rehabilitación vial,30497.29,2023-06-11,False,False,30497.29,-0.6515905288570958,1.0,0.0,0.0,0.0,0.0,False
C001770,P0132,E10,F008,Adjudicación Simplificada,Suministro de combustible,67361.98,2026-04-22,False,False,67361.98,-0.27947799961204134,1.0,0.0,0.0,0.0,0.0,False
C900024,P0051,E08,F028,Adjudicación Simplificada,Adquisición de bienes de oficina,363057.45,2025-03-11,True,False,363057.45,2.7052748690003114,1.0,0.0,0.0,0.0,0.0,False
C002997,P0104,E17,F031,Adjudicación Simplificada,Consultoría en ingeniería,35274.77,2026-04-27,False,False,35274.77,-0.60336660058813,1.0,0.0,0.0,0.0,0.0,False
C001807,P0145,E16,F024,Adjudicación Simplificada,Servicio de limpieza y vigilancia,715084.73,2025-09-12,False,False,534351.0878000001,4.434314467742205,1.0,0.0,0.0,0.0,0.0,False
C002375,P0032,E01,F018,Adjudicación Simplificada,Adquisición de bienes de oficina,131937.38,2023-01-31,False,False,131937.38,0.37234669824954625,1.0,0.0,0.0,0.0,0.0,False
C002592,P0161,E11,F007,Adjudicación Simplificada,Servicio de limpieza y vigilancia,97170.84,2026-01-25,False,False,97170.84,0.021412914932790923,1.0,0.0,0.0,0.0,0.0,False
C001468,P0105,E10,F026,Licitación Pública,Adquisición de equipos informáticos,31350.43,2024-01-09,False,False,31350.43,-0.6429789256346049,0.0,0.0,0.0,0.0,1.0,False
C001271,P0104,E10,F004,Concurso Público,Servicio de mantenimiento de infraestructura,10079.59,2024-11-27,False,False,10079.59,-0.8576869856119674,0.0,0.0,1.0,0.0,0.0,False
C001647,P0187,E05,F045,Comparación de Precios,Adquisición de bienes de oficina,28973.47,2024-01-10,False,False,28973.47,-0.6669719823377624,0.0,1.0,0.0,0.0,0.0,True
C001127,P0030,E07,F036,Licitación Pública,Adquisición de bienes de oficina,26461.77,2023-10-28,False,False,26461.77,-0.6923251058742631,0.0,0.0,0.0,0.0,1.0,False
C000626,P0157,E13,F055,Licitación Pública,Obra de rehabilitación vial,21595.49,2024-09-26,False,False,21595.49,-0.7414453821824221,0.0,0.0,0.0,0.0,1.0,False
C000347,P0171,E09,F034,Concurso Público,Adquisición de equipos informáticos,10533.18,2023-02-04,False,False,10533.18,-0.8531084438653728,0.0,0.0,1.0,0.0,0.0,False
C003188,P0032,E13,F058,Contratación Directa,Suministro de combustible,391027.78,2025-06-22,False,False,391027.78,2.9876076443503505,0.0,0.0,0.0,1.0,0.0,True
C001777,P0065,E02,F025,Adjudicación Simplificada,Consultoría en ingeniería,214865.25,2025-08-21,False,False,214865.25,1.2094214017288125,1.0,0.0,0.0,0.0,0.0,False
C000979,P0145,E02,F044,Comparación de Precios,Obra de rehabilitación vial,177429.02,2024-12-07,False,False,177429.02,0.8315397423224921,0.0,1.0,0.0,0.0,0.0,True
C003465,P0161,E13,F058,Contratación Directa,Servicio de capacitación,117020.46,2023-02-06,False,False,117020.46,0.22177516679909498,0.0,0.0,0.0,1.0,0.0,True
C001600,P0118,E05,F047,Adjudicación Simplificada,Servicio de capacitación,358872.6,2023-12-04,False,False,358872.6,2.6630329535519195,1.0,0.0,0.0,0.0,0.0,False
C000911,P0211,E05,F045,Adjudicación Simplificada,Servicio de capacitación,81157.78,2025-11-08,False,False,81157.78,-0.1402230640365917,1.0,0.0,0.0,0.0,0.0,False
C003275,P0200,E06,F006,Adjudicación Simplificada,Servicio de transporte,71074.87,2025-12-18,False,False,71074.87,-0.24200005286384763,1.0,0.0,0.0,0.0,0.0,False
C000632,P0056,E13,F058,Comparación de Precios,Consultoría en ingeniería,75144.09,2024-07-26,False,False,75144.09,-0.20092530772820263,0.0,1.0,0.0,0.0,0.0,True
C003352,P0012,E15,F035,Comparación de Precios,Servicio de capacitación,77796.36,2023-02-24,False,False,77796.36,-0.174153269283263,0.0,1.0,0.0,0.0,0.0,True
C000445,P0001,E12,F050,Comparación de Precios,Adquisición de materiales de construcción,26935.33,2023-07-31,False,False,26935.33,-0.6875449867589447,0.0,1.0,0.0,0.0,0.0,True
C000617,P0146,E03,F000,Adjudicación Simplificada,Consultoría en ingeniería,146356.21,2024-11-18,False,False,146356.21,0.5178905045328613,1.0,0.0,0.0,0.0,0.0,False
C001784,P0151,E17,F031,Adjudicación Simplificada,Servicio de mantenimiento de infraestructura,97647.01,2023-04-07,False,False,97647.01,0.0262193794127748,1.0,0.0,0.0,0.0,0.0,False
C002540,P0201,E11,F054,Licitación Pública,Servicio de transporte,53048.0,2025-06-28,False,False,53048.0,-0.423963449004485,0.0,0.0,0.0,0.0,1.0,False
C001878,P0140,E08,F028,Adjudicación Simplificada,Servicio de limpieza y vigilancia,72006.28,2026-01-17,False,False,72006.28,-0.2325983915216761,1.0,0.0,0.0,0.0,0.0,False
C001650,P0133,E02,F051,Adjudicación Simplificada,Adquisición de bienes de oficina,54684.84,2026-03-26,False,False,54684.84,-0.4074411705757372,1.0,0.0,0.0,0.0,0.0,False
C003058,P0068,E15,F035,Adjudicación Simplificada,Consultoría en ingeniería,5625.8,2025-02-08,False,False,5625.8,-0.9026435839619421,1.0,0.0,0.0,0.0,0.0,False
C001373,P0103,E09,F034,Comparación de Precios,Consultoría en ingeniería,62096.43,2024-06-29,False,False,62096.43,-0.3326285110734505,0.0,1.0,0.0,0.0,0.0,True
C001795,P0172,E05,F059,Adjudicación Simplificada,Consultoría en ingeniería,149532.4,2023-12-08,False,False,149532.4,0.5499509964090402,1.0,0.0,0.0,0.0,0.0,False
C001822,P0124,E03,F000,Contratación Directa,Servicio de capacitación,159520.72,2025-11-27,False,False,159520.72,0.6507731928823854,0.0,0.0,0.0,1.0,0.0,True
C000353,P0217,E01,F017,Licitación Pública,Servicio de capacitación,66012.8,2025-11-21,False,False,66012.8,-0.2930966352822949,0.0,0.0,0.0,0.0,1.0,False
C001232,P0146,E10,F026,Licitación Pública,Servicio de transporte,99619.93,2023-02-26,False,False,99619.93,0.0461340525376038,0.0,0.0,0.0,0.0,1.0,False
C000613,P0150,E10,F004,Adjudicación Simplificada,Servicio de limpieza y vigilancia,1276370.71,2025-06-08,False,False,534351.0878000001,4.434314467742205,1.0,0.0,0.0,0.0,0.0,False
C001360,P0180,E11,F049,Licitación Pública,Adquisición de bienes de oficina,14020.76,2025-04-25,False,False,14020.76,-0.8179047783864426,0.0,0.0,0.0,0.0,1.0,False
C002925,P0038,E08,F022,Comparación de Precios,Adquisición de bienes de oficina,27766.5,2025-03-10,False,False,27766.5,-0.6791551489240786,0.0,1.0,0.0,0.0,0.0,True
C002115,P0111,E13,F056,Adjudicación Simplificada,Adquisición de equipos informáticos,18769.91,2023-03-13,False,False,18769.91,-0.7699668134052058,1.0,0.0,0.0,0.0,0.0,False
C001952,P0190,E03,F000,Comparación de Precios,Obra de rehabilitación vial,33802.12,2025-08-11,False,False,33802.12,-0.618231543605221,0.0,1.0,0.0,0.0,0.0,True
C002282,P0042,E02,F051,Contratación Directa,Servicio de capacitación,166054.85,2025-01-05,False,False,166054.85,0.7167287628523482,0.0,0.0,0.0,1.0,0.0,True
C003384,P0020,E08,F014,Comparación de Precios,Adquisición de equipos informáticos,19620.81,2024-02-22,False,False,19620.81,-0.7613778207638838,0.0,1.0,0.0,0.0,0.0,True
C000057,P0164,E09,F046,Licitación Pública,Obra de rehabilitación vial,21151.29,2023-01-06,False,False,21151.29,-0.7459291411802776,0.0,0.0,0.0,0.0,1.0,False
C001671,P0103,E14,F040,Contratación Directa,Servicio de limpieza y vigilancia,67367.14,2024-11-09,False,False,67367.14,-0.2794259145232774,0.0,0.0,0.0,1.0,0.0,True
C001769,P0109,E04,F053,Adjudicación Simplificada,Adquisición de bienes de oficina,11032.01,2023-09-04,False,False,11032.01,-0.8480732491312436,1.0,0.0,0.0,0.0,0.0,False
C002637,P0158,E14,F040,Comparación de Precios,Consultoría en ingeniería,184435.21,2023-04-13,False,False,184435.21,0.9022602903935977,0.0,1.0,0.0,0.0,0.0,True
C001253,P0025,E03,F000,Comparación de Precios,Obra de rehabilitación vial,60317.95,2024-10-24,False,False,60317.95,-0.3505805050007491,0.0,1.0,0.0,0.0,0.0,True
C003004,P0065,E07,F023,Comparación de Precios,Consultoría en ingeniería,137145.18,2025-02-22,False,False,137145.18,0.4249142806651963,0.0,1.0,0.0,0.0,0.0,True
C002627,P0041,E15,F035,Adjudicación Simplificada,Adquisición de equipos informáticos,41998.58,2025-08-12,False,False,41998.58,-0.5354963989056204,1.0,0.0,0.0,0.0,0.0,False
C002304,P0140,E17,F003,Adjudicación Simplificada,Consultoría en ingeniería,15191.61,2026-04-27,False,False,15191.61,-0.8060862074214739,1.0,0.0,0.0,0.0,0.0,False
C001808,P0070,E16,F057,Adjudicación Simplificada,Adquisición de equipos informáticos,18108.22,2024-05-16,False,False,18108.22,-0.7766459185184228,1.0,0.0,0.0,0.0,0.0,False
C001566,P0121,E04,F053,Adjudicación Simplificada,Servicio de limpieza y vigilancia,97558.22,2026-05-04,False,False,97558.22,0.025323132313676288,1.0,0.0,0.0,0.0,0.0,False
C002713,P0201,E06,F006,Adjudicación Simplificada,Adquisición de bienes de oficina,102701.4,2024-09-08,False,False,102701.4,0.07723843983864331,1.0,0.0,0.0,0.0,0.0,False
C003218,P0129,E01,F048,Concurso Público,Servicio de limpieza y vigilancia,241279.47,2023-07-05,False,False,241279.47,1.4760467880330321,0.0,0.0,1.0,0.0,0.0,False
C000560,P0208,E09,F027,Adjudicación Simplificada,Consultoría en ingeniería,60193.69,2026-06-13,False,False,60193.69,-0.35183478661505235,1.0,0.0,0.0,0.0,0.0,False
C000707,P0022,E02,F011,Adjudicación Simplificada,Servicio de transporte,43781.11,2025-10-12,False,False,43781.11,-0.5175035242400479,1.0,0.0,0.0,0.0,0.0,False
C800006,P0093,E16,F057,Adjudicación Simplificada,Servicio de limpieza y vigilancia,243668.73,2025-01-25,False,True,243668.73,1.5001640010524295,1.0,0.0,0.0,0.0,0.0,False
C000424,P0057,E12,F021,Adjudicación Simplificada,Servicio de limpieza y vigilancia,115848.37,2025-07-03,False,False,115848.37,0.2099440792624077,1.0,0.0,0.0,0.0,0.0,False
C001093,P0107,E04,F030,Adjudicación Simplificada,Suministro de combustible,7150.87,2025-07-04,False,False,7150.87,-0.8872495129694625,1.0,0.0,0.0,0.0,0.0,False
C000647,P0074,E16,F042,Contratación Directa,Adquisición de materiales de construcción,172875.54,2023-12-08,False,False,172875.54,0.7855768721704098,0.0,0.0,0.0,1.0,0.0,True
C000072,P0073,E05,F045,Concurso Público,Adquisición de bienes de oficina,152595.69,2025-08-05,False,False,152595.69,0.5808718746182719,0.0,0.0,1.0,0.0,0.0,False
C002946,P0195,E13,F058,Comparación de Precios,Servicio de mantenimiento de infraestructura,361494.63,2025-10-23,False,False,361494.63,2.68949974915108,0.0,1.0,0.0,0.0,0.0,True
C001553,P0148,E05,F037,Licitación Pública,Consultoría en ingeniería,5680.7,2025-06-26,False,False,5680.7,-0.9020894228431167,0.0,0.0,0.0,0.0,1.0,False
C001419,P0037,E08,F020,Licitación Pública,Adquisición de bienes de oficina,38160.7,2024-10-07,False,False,38160.7,-0.5742359958950163,0.0,0.0,0.0,0.0,1.0,False
C001005,P0167,E00,F038,Comparación de Precios,Consultoría en ingeniería,81746.08,2024-08-01,False,False,81746.08,-0.1342847582769375,0.0,1.0,0.0,0.0,0.0,True
C000620,P0115,E12,F021,Concurso Público,Adquisición de bienes de oficina,31627.2,2023-07-06,False,False,31627.2,-0.6401852066390253,0.0,0.0,1.0,0.0,0.0,False
C001356,P0127,E05,F059,Contratación Directa,Suministro de combustible,691057.71,2026-04-26,False,False,534351.0878000001,4.434314467742205,0.0,0.0,0.0,1.0,0.0,True
C001752,P0130,E15,F035,Adjudicación Simplificada,Servicio de mantenimiento de infraestructura,210327.04,2024-12-21,False,False,210327.04,1.1636126671010374,1.0,0.0,0.0,0.0,0.0,False
C000553,P0167,E09,F027,Comparación de Precios,Consultoría en ingeniería,54839.41,2026-03-10,False,False,54839.41,-0.40588093953499305,0.0,1.0,0.0,0.0,0.0,True
C001672,P0038,E17,F003,Comparación de Precios,Servicio de limpieza y vigilancia,95348.12,2024-08-20,False,False,95348.12,0.003014362027407857,0.0,1.0,0.0,0.0,0.0,True
C003176,P0112,E13,F058,Licitación Pública,Servicio de limpieza y vigilancia,61530.634999999995,2025-09-08,False,False,61530.634999999995,-0.3383396511504241,0.0,0.0,0.0,0.0,1.0,False
C003196,P0031,E00,F038,Licitación Pública,Adquisición de bienes de oficina,41566.9,2025-10-14,False,False,41566.9,-0.5398537809051572,0.0,0.0,0.0,0.0,1.0,False
C002147,P0047,E06,F006,Comparación de Precios,Servicio de transporte,7397.65,2023-06-04,False,False,7397.65,-0.8847585133172996,0.0,1.0,0.0,0.0,0.0,True
C003179,P0129,E03,F000,Licitación Pública,Obra de rehabilitación vial,35689.53,2024-06-05,False,False,35689.53,-0.5991800092284933,0.0,0.0,0.0,0.0,1.0,False
C000998,P0121,E15,F035,Licitación Pública,Servicio de transporte,4048.08,2025-10-06,False,False,4048.08,-0.9185691045519839,0.0,0.0,0.0,0.0,1.0,False
C001786,P0056,E07,F036,Comparación de Precios,Consultoría en ingeniería,54720.28,2023-02-13,False,False,54720.28,-0.407083438880816,0.0,1.0,0.0,0.0,0.0,True
C002996,P0118,E12,F021,Comparación de Precios,Adquisición de bienes de oficina,126642.9,2026-06-11,False,False,126642.9,0.3189041670947377,0.0,1.0,0.0,0.0,0.0,True
C003473,P0066,E10,F026,Licitación Pública,Adquisición de bienes de oficina,42145.12,2024-09-08,False,False,42145.12,-0.5340172227607628,0.0,0.0,0.0,0.0,1.0,False
C003294,P0196,E00,F038,Adjudicación Simplificada,Obra de rehabilitación vial,72987.19,2023-06-23,False,False,72987.19,-0.22269707671171113,1.0,0.0,0.0,0.0,0.0,False
C001861,P0086,E17,F012,Adjudicación Simplificada,Consultoría en ingeniería,26716.44,2023-07-27,False,False,26716.44,-0.6897544644875367,1.0,0.0,0.0,0.0,0.0,False
C800008,P0093,E16,F057,Adjudicación Simplificada,Servicio de limpieza y vigilancia,167231.39,2025-01-21,False,True,167231.39,0.7286047687310896,1.0,0.0,0.0,0.0,0.0,False
C002470,P0183,E01,F017,Contratación Directa,Adquisición de materiales de construcción,417751.45,2023-11-12,False,False,417751.45,3.2573566218789876,0.0,0.0,0.0,1.0,0.0,True
C002483,P0153,E12,F021,Adjudicación Simplificada,Servicio de transporte,37924.06,2025-10-05,False,False,37924.06,-0.5766246422913525,1.0,0.0,0.0,0.0,0.0,False
C000440,P0215,E13,F055,Licitación Pública,Adquisición de equipos informáticos,148930.95,2024-08-13,False,False,148930.95,0.5438799544251138,0.0,0.0,0.0,0.0,1.0,False
C000508,P0185,E01,F017,Comparación de Precios,Servicio de capacitación,35041.39,2024-02-27,False,False,35041.39,-0.6057223405136578,0.0,1.0,0.0,0.0,0.0,True
C001100,P0036,E15,F035,Adjudicación Simplificada,Obra de rehabilitación vial,78876.36,2025-12-03,False,False,78876.36,-0.16325173907686064,1.0,0.0,0.0,0.0,0.0,False
C000589,P0203,E07,F013,Adjudicación Simplificada,Obra de rehabilitación vial,126772.35,2023-03-10,False,False,126772.35,0.3202108366180885,1.0,0.0,0.0,0.0,0.0,False
C003217,P0146,E09,F027,Licitación Pública,Suministro de combustible,77089.13,2026-06-10,False,False,77089.13,-0.18129205558684994,0.0,0.0,0.0,0.0,1.0,False
C000649,P0069,E13,F056,Concurso Público,Adquisición de materiales de construcción,31857.83,2024-11-28,False,False,31857.83,-0.6378572252394858,0.0,0.0,1.0,0.0,0.0,False
C003281,P0131,E02,F051,Comparación de Precios,Servicio de transporte,158294.5,2023-12-19,False,False,158294.5,0.6383957166141495,0.0,1.0,0.0,0.0,0.0,True
C002096,P0046,E11,F054,Licitación Pública,Servicio de mantenimiento de infraestructura,60300.43,2025-11-13,False,False,60300.43,-0.3507573520463196,0.0,0.0,0.0,0.0,1.0,False
C003472,P0007,E10,F026,Adjudicación Simplificada,Adquisición de equipos informáticos,14944.71,2026-05-17,False,False,14944.71,-0.8085784183547708,1.0,0.0,0.0,0.0,0.0,False
C001725,P0111,E14,F016,Adjudicación Simplificada,Servicio de mantenimiento de infraestructura,16209.25,2023-06-29,False,False,16209.25,-0.7958141396443967,1.0,0.0,0.0,0.0,0.0,False
C001747,P0179,E09,F033,Comparación de Precios,Servicio de limpieza y vigilancia,3827.06,2026-05-17,False,False,3827.06,-0.9208000825207052,0.0,1.0,0.0,0.0,0.0,True
C000660,P0111,E04,F053,Comparación de Precios,Adquisición de materiales de construcción,71005.19,2023-04-01,False,False,71005.19,-0.24270340344234953,0.0,1.0,0.0,0.0,0.0,True
C000630,P0140,E11,F054,Concurso Público,Servicio de capacitación,10229.57,2023-03-31,False,False,10229.57,-0.8561730860746005,0.0,0.0,1.0,0.0,0.0,False
C001831,P0027,E11,F049,Licitación Pública,Servicio de capacitación,90960.57,2025-01-29,False,False,90960.57,-0.04127360913657411,0.0,0.0,0.0,0.0,1.0,False
C001249,P0151,E06,F006,Adjudicación Simplificada,Adquisición de materiales de construcción,9307.82,2026-01-16,False,False,9307.82,-0.8654772392854815,1.0,0.0,0.0,0.0,0.0,False
C001429,P0211,E17,F003,Comparación de Precios,Obra de rehabilitación vial,21716.78,2025-08-14,False,False,21716.78,-0.7402210797761865,0.0,1.0,0.0,0.0,0.0,True
C000482,P0001,E17,F003,Licitación Pública,Adquisición de materiales de construcción,784276.91,2025-06-21,False,False,534351.0878000001,4.434314467742205,0.0,0.0,0.0,0.0,1.0,False
C002694,P0048,E01,F018,Licitación Pública,Servicio de limpieza y vigilancia,63772.39,2026-01-22,False,False,63772.39,-0.31571135499500413,0.0,0.0,0.0,0.0,1.0,False
C003072,P0038,E07,F013,Licitación Pública,Servicio de transporte,33230.86,2024-01-14,False,False,33230.86,-0.6239978474438409,0.0,0.0,0.0,0.0,1.0,False
C002110,P0163,E15,F035,Comparación de Precios,Suministro de combustible,12475.13,2023-10-14,False,False,12475.13,-0.8335063822132218,0.0,1.0,0.0,0.0,0.0,True
C002828,P0141,E01,F018,Contratación Directa,Adquisición de equipos informáticos,172536.06,2026-01-17,False,False,172536.06,0.7821501578421972,0.0,0.0,0.0,1.0,0.0,True
C002329,P0197,E01,F017,Comparación de Precios,Servicio de limpieza y vigilancia,54628.9,2026-01-20,False,False,54628.9,-0.408005829464391,0.0,1.0,0.0,0.0,0.0,True
C003201,P0061,E15,F035,Contratación Directa,Servicio de mantenimiento de infraestructura,9801.71,2023-11-08,False,False,9801.71,-0.8604919089580368,0.0,0.0,0.0,1.0,0.0,True
C000856,P0009,E16,F042,Adjudicación Simplificada,Obra de rehabilitación vial,116521.73,2023-11-16,False,False,116521.73,0.2167409814659106,1.0,0.0,0.0,0.0,0.0,False
C001225,P0208,E17,F031,Comparación de Precios,Consultoría en ingeniería,85574.44,2025-06-03,False,False,85574.44,-0.09564125625750926,0.0,1.0,0.0,0.0,0.0,True
C001190,P0172,E15,F035,Adjudicación Simplificada,Obra de rehabilitación vial,30725.54,2024-11-16,False,False,30725.54,-0.6492865712000482,1.0,0.0,0.0,0.0,0.0,False
C002118,P0087,E16,F042,Adjudicación Simplificada,Servicio de capacitación,74226.48,2023-12-03,False,False,74226.48,-0.210187671739959,1.0,0.0,0.0,0.0,0.0,False
C000530,P0052,E17,F003,Adjudicación Simplificada,Consultoría en ingeniería,97192.95,2025-11-07,False,False,97192.95,0.021636093481738665,1.0,0.0,0.0,0.0,0.0,False
C002409,P0203,E13,F055,Comparación de Precios,Obra de rehabilitación vial,31657.52,2024-12-09,False,False,31657.52,-0.6398791562724899,0.0,1.0,0.0,0.0,0.0,True
C000049,P0005,E11,F054,Contratación Directa,Obra de rehabilitación vial,128044.49,2025-05-18,False,False,128044.49,0.33305182980028547,0.0,0.0,0.0,1.0,0.0,True
C003476,P0036,E02,F051,Adjudicación Simplificada,Suministro de combustible,51766.28,2023-01-02,False,False,51766.28,-0.43690114279721654,1.0,0.0,0.0,0.0,0.0,False
C000858,P0091,E03,F000,Comparación de Precios,Servicio de limpieza y vigilancia,85076.8,2023-11-21,False,False,85076.8,-0.10066443912039265,0.0,1.0,0.0,0.0,0.0,True
C001947,P0123,E10,F004,Adjudicación Simplificada,Servicio de limpieza y vigilancia,23219.56,2023-04-19,False,False,23219.56,-0.7250520042543556,1.0,0.0,0.0,0.0,0.0,False
C001072,P0068,E04,F030,Concurso Público,Servicio de mantenimiento de infraestructura,99546.02,2024-02-29,False,False,99546.02,0.04538800429912687,0.0,0.0,1.0,0.0,0.0,False
C000719,P0024,E01,F048,Contratación Directa,Servicio de transporte,70651.56,2023-03-29,False,False,70651.56,-0.24627294800428481,0.0,0.0,0.0,1.0,0.0,True
C001718,P0010,E00,F038,Comparación de Precios,Adquisición de materiales de construcción,27244.19,2023-06-11,False,False,27244.19,-0.6844273510001027,0.0,1.0,0.0,0.0,0.0,True
C001869,P0073,E13,F056,Contratación Directa,Obra de rehabilitación vial,25753.01,2024-12-30,False,False,25753.01,-0.6994793360123093,0.0,0.0,0.0,1.0,0.0,True
C003146,P0134,E05,F032,Adjudicación Simplificada,Consultoría en ingeniería,70697.76,2023-01-06,False,False,70697.76,-0.24580660476767763,1.0,0.0,0.0,0.0,0.0,False
C002789,P0196,E07,F036,Licitación Pública,Adquisición de bienes de oficina,88150.38,2023-09-03,False,False,88150.38,-0.06963969355391657,0.0,0.0,0.0,0.0,1.0,False
C003226,P0174,E15,F035,Adjudicación Simplificada,Consultoría en ingeniería,303096.63,2025-07-28,False,False,303096.63,2.100029785268224,1.0,0.0,0.0,0.0,0.0,False
C003148,P0199,E00,F010,Comparación de Precios,Servicio de transporte,63256.83,2024-08-07,False,False,63256.83,-0.3209154225072382,0.0,1.0,0.0,0.0,0.0,True
C001880,P0093,E11,F049,Adjudicación Simplificada,Servicio de limpieza y vigilancia,61530.634999999995,2023-03-06,False,False,61530.634999999995,-0.3383396511504241,1.0,0.0,0.0,0.0,0.0,False
C002679,P0114,E00,F041,Comparación de Precios,Servicio de mantenimiento de infraestructura,43409.75,2023-01-22,False,False,43409.75,-0.5212520355895383,0.0,1.0,0.0,0.0,0.0,True
C002921,P0028,E02,F044,Adjudicación Simplificada,Adquisición de bienes de oficina,8069.58,2023-07-20,False,False,8069.58,-0.8779760455473107,1.0,0.0,0.0,0.0,0.0,False
C001882,P0007,E17,F003,Adjudicación Simplificada,Adquisición de materiales de construcción,112635.21,2023-11-17,False,False,112635.21,0.17751041185684877,1.0,0.0,0.0,0.0,0.0,False
C003243,P0066,E10,F026,Comparación de Precios,Adquisición de materiales de construcción,120893.85,2024-09-26,False,False,120893.85,0.2608732020640735,0.0,1.0,0.0,0.0,0.0,True
C002477,P0077,E15,F035,Adjudicación Simplificada,Adquisición de materiales de construcción,47406.58,2024-12-16,False,False,47406.58,-0.4809079957980057,1.0,0.0,0.0,0.0,0.0,False
C002566,P0123,E03,F000,Concurso Público,Servicio de transporte,26779.41,2024-03-02,False,False,26779.41,-0.6891188447124468,0.0,0.0,1.0,0.0,0.0,False
C001582,P0123,E00,F041,Licitación Pública,Servicio de limpieza y vigilancia,138393.08,2025-03-13,False,False,138393.08,0.43751059505831613,0.0,0.0,0.0,0.0,1.0,False
C001467,P0152,E08,F005,Licitación Pública,Adquisición de bienes de oficina,90732.05,2025-09-18,False,False,90732.05,-0.043580292176173284,0.0,0.0,0.0,0.0,1.0,False
C002573,P0075,E02,F051,Concurso Público,Servicio de transporte,67516.46,2024-01-24,False,False,67516.46,-0.27791867703214773,0.0,0.0,1.0,0.0,0.0,False
C001385,P0193,E03,F000,Adjudicación Simplificada,Suministro de combustible,58103.23,2026-05-30,False,False,58103.23,-0.37293590961067813,1.0,0.0,0.0,0.0,0.0,False
C001399,P0103,E12,F050,Contratación Directa,Servicio de mantenimiento de infraestructura,64488.59,2024-01-12,False,False,64488.59,-0.3084820254266473,0.0,0.0,0.0,1.0,0.0,True
C001195,P0179,E08,F028,Adjudicación Simplificada,Servicio de capacitación,15939.8,2024-04-25,False,False,15939.8,-0.7985339704907997,1.0,0.0,0.0,0.0,0.0,False
C003391,P0157,E00,F010,Comparación de Precios,Servicio de capacitación,13080.45,2023-04-26,False,False,13080.45,-0.8273962764127224,0.0,1.0,0.0,0.0,0.0,True
C003269,P0101,E14,F029,Comparación de Precios,Servicio de mantenimiento de infraestructura,61898.21,2024-03-15,False,False,61898.21,-0.3346293456267034,0.0,1.0,0.0,0.0,0.0,True
C003361,P0067,E00,F041,Adjudicación Simplificada,Consultoría en ingeniería,45843.58,2024-01-14,False,False,45843.58,-0.496684932568938,1.0,0.0,0.0,0.0,0.0,False
C002097,P0122,E11,F054,Concurso Público,Servicio de limpieza y vigilancia,90693.41,2023-04-07,False,False,90693.41,-0.043970324701335675,0.0,0.0,1.0,0.0,0.0,False
C000297,P0024,E04,F030,Comparación de Precios,Consultoría en ingeniería,40510.74,2023-09-10,False,False,40510.74,-0.5505146699262627,0.0,1.0,0.0,0.0,0.0,True
C001736,P0070,E07,F013,Licitación Pública,Suministro de combustible,56392.65,2023-12-26,False,False,56392.65,-0.39020252029629643,0.0,0.0,0.0,0.0,1.0,False
C001264,P0073,E06,F039,Adjudicación Simplificada,Servicio de mantenimiento de infraestructura,164853.7,2024-08-12,False,False,164853.7,0.7046043434010333,1.0,0.0,0.0,0.0,0.0,False
C001744,P0115,E15,F035,Adjudicación Simplificada,Adquisición de bienes de oficina,51734.34,2024-09-22,False,False,51734.34,-0.43722354545906145,1.0,0.0,0.0,0.0,0.0,False
C000958,P0004,E16,F024,Licitación Pública,Obra de rehabilitación vial,12648.45,2023-05-23,False,False,12648.45,-0.8317568884952834,0.0,0.0,0.0,0.0,1.0,False
C001729,P0062,E01,F017,Adjudicación Simplificada,Servicio de mantenimiento de infraestructura,58358.52,2023-10-04,False,False,58358.52,-0.37035900993809256,1.0,0.0,0.0,0.0,0.0,False
C001765,P0038,E03,F000,Adjudicación Simplificada,Servicio de mantenimiento de infraestructura,28695.46,2024-03-08,False,False,28695.46,-0.6697782179050604,1.0,0.0,0.0,0.0,0.0,False
C003355,P0153,E17,F031,Concurso Público,Consultoría en ingeniería,258413.72,2024-01-03,False,False,258413.72,1.6490000694580782,0.0,0.0,1.0,0.0,0.0,False
C002176,P0090,E10,F004,Licitación Pública,Adquisición de equipos informáticos,44306.93,2023-09-19,False,False,44306.93,-0.5121958921908529,0.0,0.0,0.0,0.0,1.0,False
C001374,P0101,E10,F008,Comparación de Precios,Servicio de mantenimiento de infraestructura,14024.3,2026-06-24,False,False,14024.3,-0.8178690455929882,0.0,1.0,0.0,0.0,0.0,True
C001286,P0183,E11,F054,Contratación Directa,Adquisición de materiales de construcción,183108.55,2023-07-08,False,False,183108.55,0.8888689718161664,0.0,0.0,0.0,1.0,0.0,True
C000349,P0104,E09,F027,Adjudicación Simplificada,Servicio de limpieza y vigilancia,77637.66,2023-09-15,False,False,77637.66,-0.1757551885830371,1.0,0.0,0.0,0.0,0.0,False
C001368,P0188,E00,F041,Comparación de Precios,Servicio de limpieza y vigilancia,61530.634999999995,2026-02-05,False,False,61530.634999999995,-0.3383396511504241,0.0,1.0,0.0,0.0,0.0,True
C001815,P0065,E14,F040,Licitación Pública,Servicio de limpieza y vigilancia,26052.22,2026-06-13,False,False,26052.22,-0.6964591074446632,0.0,0.0,0.0,0.0,1.0,False
C000643,P0047,E15,F035,Adjudicación Simplificada,Servicio de transporte,238880.9,2024-07-17,False,False,238880.9,1.451835599785652,1.0,0.0,0.0,0.0,0.0,False
C002654,P0132,E12,F021,Adjudicación Simplificada,Servicio de capacitación,112773.7,2025-06-16,False,False,112773.7,0.17890833122563077,1.0,0.0,0.0,0.0,0.0,False
C003213,P0019,E00,F010,Licitación Pública,Adquisición de materiales de construcción,27479.52,2023-03-10,False,False,27479.52,-0.6820519277561464,0.0,0.0,0.0,0.0,1.0,False
C000669,P0008,E12,F021,Comparación de Precios,Obra de rehabilitación vial,171552.47,2023-01-06,False,False,171552.47,0.7722217910869054,0.0,1.0,0.0,0.0,0.0,True
C002579,P0217,E16,F002,Adjudicación Simplificada,Adquisición de bienes de oficina,144706.26,2025-12-22,False,False,144706.26,0.5012358936402194,1.0,0.0,0.0,0.0,0.0,False
C002947,P0122,E03,F000,Concurso Público,Adquisición de equipos informáticos,26145.7,2024-06-18,False,False,26145.7,-0.6955155194412425,0.0,0.0,1.0,0.0,0.0,False
C001499,P0214,E08,F014,Concurso Público,Adquisición de bienes de oficina,94828.98,2023-05-11,False,False,94828.98,-0.002225842038658543,0.0,0.0,1.0,0.0,0.0,False
C001179,P0042,E11,F049,Licitación Pública,Obra de rehabilitación vial,180316.07,2023-05-22,False,False,180316.07,0.8606816523061902,0.0,0.0,0.0,0.0,1.0,False
C002249,P0074,E04,F053,Adjudicación Simplificada,Suministro de combustible,129273.62,2023-03-02,False,False,129273.62,0.3454586796360218,1.0,0.0,0.0,0.0,0.0,False
C003034,P0198,E09,F043,Adjudicación Simplificada,Adquisición de materiales de construcción,59706.38,2023-09-28,False,False,59706.38,-0.35675369836031345,1.0,0.0,0.0,0.0,0.0,False
C002845,P0089,E02,F051,Adjudicación Simplificada,Servicio de limpieza y vigilancia,14193.69,2024-09-17,False,False,14193.69,-0.8161592213321897,1.0,0.0,0.0,0.0,0.0,False
C002028,P0078,E03,F000,Comparación de Precios,Servicio de capacitación,49693.73,2025-02-10,False,False,49693.73,-0.4578214820835861,0.0,1.0,0.0,0.0,0.0,True
C900032,P0000,E15,F035,Comparación de Precios,Adquisición de bienes de oficina,334716.1,2026-05-06,True,False,334716.1,2.419197014263995,0.0,1.0,0.0,0.0,0.0,True
C001357,P0053,E08,F022,Comparación de Precios,Obra de rehabilitación vial,48327.47,2023-03-11,False,False,48327.47,-0.4716125234352521,0.0,1.0,0.0,0.0,0.0,True
C000786,P0005,E00,F038,Adjudicación Simplificada,Adquisición de bienes de oficina,68377.36,2023-11-08,False,False,68377.36,-0.26922874429632204,1.0,0.0,0.0,0.0,0.0,False
C003230,P0197,E05,F047,Concurso Público,Suministro de combustible,68651.05,2025-12-01,False,False,68651.05,-0.26646611484984956,0.0,0.0,1.0,0.0,0.0,False
C000140,P0040,E02,F044,Licitación Pública,Consultoría en ingeniería,17148.82,2023-06-18,False,False,17148.82,-0.7863301111851103,0.0,0.0,0.0,0.0,1.0,False
C000788,P0147,E05,F009,Adjudicación Simplificada,Adquisición de materiales de construcción,24749.85,2026-01-12,False,False,24749.85,-0.7096052425325451,1.0,0.0,0.0,0.0,0.0,False
C000323,P0115,E15,F035,Contratación Directa,Obra de rehabilitación vial,87375.57,2023-07-30,False,False,87375.57,-0.0774606330161597,0.0,0.0,0.0,1.0,0.0,True
C002440,P0211,E17,F031,Licitación Pública,Servicio de limpieza y vigilancia,131927.93,2024-01-14,False,False,131927.93,0.37225130986024013,0.0,0.0,0.0,0.0,1.0,False
C000714,P0159,E06,F039,Licitación Pública,Adquisición de equipos informáticos,103803.37,2024-11-02,False,False,103803.37,0.08836173543267035,0.0,0.0,0.0,0.0,1.0,False
C003130,P0065,E17,F003,Adjudicación Simplificada,Adquisición de equipos informáticos,35027.54,2026-02-12,False,False,35027.54,-0.6058621425445455,1.0,0.0,0.0,0.0,0.0,False
C002140,P0115,E13,F055,Licitación Pública,Servicio de capacitación,299429.33,2026-01-31,False,False,299429.33,2.063012024410873,0.0,0.0,0.0,0.0,1.0,False
C003325,P0145,E06,F006,Comparación de Precios,Consultoría en ingeniería,246370.1,2025-12-16,False,False,246370.1,1.5274316553613823,0.0,1.0,0.0,0.0,0.0,True
C001973,P0150,E08,F028,Comparación de Precios,Consultoría en ingeniería,42139.93,2026-05-28,False,False,42139.93,-0.5340696106698103,0.0,1.0,0.0,0.0,0.0,True
C003033,P0208,E06,F006,Contratación Directa,Obra de rehabilitación vial,27543.25,2025-02-02,False,False,27543.25,-0.6814086365338743,0.0,0.0,0.0,1.0,0.0,True
C002535,P0091,E10,F008,Adjudicación Simplificada,Consultoría en ingeniería,83315.13,2025-04-02,False,False,83315.13,-0.11844675274883043,1.0,0.0,0.0,0.0,0.0,False
C000618,P0210,E14,F016,Comparación de Precios,Servicio de limpieza y vigilancia,61530.634999999995,2025-09-18,False,False,61530.634999999995,-0.3383396511504241,0.0,1.0,0.0,0.0,0.0,True
C000406,P0025,E03,F000,Comparación de Precios,Consultoría en ingeniería,31555.71,2023-06-30,False,False,31555.71,-0.6409068273746324,0.0,1.0,0.0,0.0,0.0,True
C002494,P0139,E16,F057,Adjudicación Simplificada,Adquisición de equipos informáticos,279982.36,2024-12-25,False,False,279982.36,1.866714125449761,1.0,0.0,0.0,0.0,0.0,False
C001675,P0152,E14,F016,Adjudicación Simplificada,Servicio de limpieza y vigilancia,61530.634999999995,2025-04-26,False,False,61530.634999999995,-0.3383396511504241,1.0,0.0,0.0,0.0,0.0,False
C001558,P0209,E15,F035,Concurso Público,Suministro de combustible,38291.78,2025-01-18,False,False,38291.78,-0.5729128731362614,0.0,0.0,1.0,0.0,0.0,False
C001662,P0036,E06,F006,Comparación de Precios,Suministro de combustible,101203.68,2024-04-30,False,False,101203.68,0.06212044000463132,0.0,1.0,0.0,0.0,0.0,True
C002183,P0138,E04,F019,Adjudicación Simplificada,Servicio de capacitación,63070.98,2026-06-22,False,False,63070.98,-0.32279139416358993,1.0,0.0,0.0,0.0,0.0,False
C000497,P0118,E09,F046,Comparación de Precios,Obra de rehabilitación vial,42097.13,2023-09-09,False,False,42097.13,-0.5345016342742862,0.0,1.0,0.0,0.0,0.0,True
C003481,P0011,E06,F006,Comparación de Precios,Adquisición de materiales de construcción,126503.44,2023-12-05,False,False,126503.44,0.3174964565367888,0.0,1.0,0.0,0.0,0.0,True
C000342,P0133,E06,F006,Contratación Directa,Suministro de combustible,28969.1,2023-02-01,False,False,28969.1,-0.6670160931590606,0.0,0.0,0.0,1.0,0.0,True
C002484,P0095,E16,F057,Concurso Público,Consultoría en ingeniería,262573.05,2024-04-06,False,False,262573.05,1.6909843857852958,0.0,0.0,1.0,0.0,0.0,False
C002722,P0192,E04,F053,Adjudicación Simplificada,Adquisición de materiales de construcción,23505.17,2025-03-01,False,False,23505.17,-0.7221690542152347,1.0,0.0,0.0,0.0,0.0,False
C000782,P0162,E00,F010,Concurso Público,Adquisición de materiales de construcción,33821.91,2024-09-13,False,False,33821.91,-0.6180317831581982,0.0,0.0,1.0,0.0,0.0,False
C001323,P0212,E07,F036,Comparación de Precios,Adquisición de bienes de oficina,55974.83,2024-04-14,False,False,55974.83,-0.3944199993248511,0.0,1.0,0.0,0.0,0.0,True
C002084,P0040,E10,F026,Comparación de Precios,Servicio de mantenimiento de infraestructura,11668.79,2025-01-24,False,False,11668.79,-0.8416455857934354,0.0,1.0,0.0,0.0,0.0,True
C001615,P0020,E13,F058,Adjudicación Simplificada,Servicio de limpieza y vigilancia,87634.93,2025-12-02,False,False,87634.93,-0.07484265072511122,1.0,0.0,0.0,0.0,0.0,False
C000303,P0038,E06,F006,Adjudicación Simplificada,Adquisición de materiales de construcción,98589.44,2023-11-04,False,False,98589.44,0.03573227673908948,1.0,0.0,0.0,0.0,0.0,False
C003433,P0007,E09,F043,Adjudicación Simplificada,Servicio de capacitación,21032.93,2024-04-14,False,False,21032.93,-0.7471238681388236,1.0,0.0,0.0,0.0,0.0,False
C002222,P0019,E04,F019,Licitación Pública,Consultoría en ingeniería,79470.59,2024-01-21,False,False,79470.59,-0.1572535758411658,0.0,0.0,0.0,0.0,1.0,False
C000664,P0177,E05,F032,Concurso Público,Servicio de mantenimiento de infraestructura,19755.69,2023-02-28,False,False,19755.69,-0.7600163407692175,0.0,0.0,1.0,0.0,0.0,False
C001177,P0014,E11,F049,Adjudicación Simplificada,Adquisición de bienes de oficina,452520.98,2026-02-15,False,False,452520.98,3.608320586283999,1.0,0.0,0.0,0.0,0.0,False
C001244,P0084,E00,F041,Comparación de Precios,Servicio de mantenimiento de infraestructura,61794.78,2023-04-20,False,False,61794.78,-0.3356733690241554,0.0,1.0,0.0,0.0,0.0,True
C003257,P0170,E15,F035,Adjudicación Simplificada,Servicio de transporte,18245.14,2025-11-09,False,False,18245.14,-0.7752638467444778,1.0,0.0,0.0,0.0,0.0,False
C002078,P0212,E12,F050,Adjudicación Simplificada,Servicio de limpieza y vigilancia,61530.634999999995,2025-03-25,False,False,61530.634999999995,-0.3383396511504241,1.0,0.0,0.0,0.0,0.0,False
C002725,P0133,E14,F029,Comparación de Precios,Suministro de combustible,24552.88,2025-09-26,False,False,24552.88,-0.7115934595739848,0.0,1.0,0.0,0.0,0.0,True
C003212,P0033,E12,F050,Adjudicación Simplificada,Adquisición de bienes de oficina,63466.07,2024-10-22,False,False,63466.07,-0.3188033519698422,1.0,0.0,0.0,0.0,0.0,False
C002347,P0133,E00,F041,Adjudicación Simplificada,Adquisición de bienes de oficina,9692.76,2024-08-08,False,False,9692.76,-0.861591651287655,1.0,0.0,0.0,0.0,0.0,False
C000084,P0159,E11,F007,Adjudicación Simplificada,Servicio de limpieza y vigilancia,116153.28,2026-04-03,False,False,116153.28,0.21302184368392085,1.0,0.0,0.0,0.0,0.0,False
C002659,P0209,E00,F010,Comparación de Precios,Obra de rehabilitación vial,33342.55,2024-10-15,False,False,33342.55,-0.6228704475283288,0.0,1.0,0.0,0.0,0.0,True
C000941,P0120,E00,F038,Concurso Público,Adquisición de equipos informáticos,64522.98,2024-03-01,False,False,64522.98,-0.30813489244164893,0.0,0.0,1.0,0.0,0.0,False
C000961,P0135,E15,F035,Comparación de Precios,Consultoría en ingeniería,29970.99,2025-09-03,False,False,29970.99,-0.6569030060308267,0.0,1.0,0.0,0.0,0.0,True
C000841,P0070,E15,F035,Licitación Pública,Consultoría en ingeniería,60496.18,2025-12-28,False,False,60496.18,-0.3487814496964092,0.0,0.0,0.0,0.0,1.0,False
C001950,P0187,E12,F021,Adjudicación Simplificada,Servicio de limpieza y vigilancia,199262.46,2025-08-12,False,False,199262.46,1.0519266920166341,1.0,0.0,0.0,0.0,0.0,False
C003245,P0099,E02,F051,Licitación Pública,Suministro de combustible,142620.12,2024-01-21,False,False,142620.12,0.480178376765419,0.0,0.0,0.0,0.0,1.0,False
C002474,P0180,E11,F054,Adjudicación Simplificada,Servicio de transporte,57864.52,2024-09-18,False,False,57864.52,-0.37534545060657665,1.0,0.0,0.0,0.0,0.0,False
C002099,P0011,E12,F050,Adjudicación Simplificada,Servicio de mantenimiento de infraestructura,41962.57,2025-05-20,False,False,41962.57,-0.5358598841859283,1.0,0.0,0.0,0.0,0.0,False
C001850,P0110,E11,F049,Adjudicación Simplificada,Obra de rehabilitación vial,62045.9,2024-10-28,False,False,62045.9,-0.3331385613709778,1.0,0.0,0.0,0.0,0.0,False
C000290,P0011,E11,F049,Comparación de Precios,Adquisición de equipos informáticos,272785.24,2026-02-18,False,False,272785.24,1.794066328154296,0.0,1.0,0.0,0.0,0.0,True
C002302,P0214,E16,F002,Licitación Pública,Servicio de transporte,126531.34,2025-04-03,False,False,126531.34,0.31777807940045416,0.0,0.0,0.0,0.0,1.0,False
C001626,P0125,E08,F014,Licitación Pública,Servicio de capacitación,38276.1,2026-04-30,False,False,38276.1,-0.5730711472044433,0.0,0.0,0.0,0.0,1.0,False
C003017,P0203,E10,F008,Contratación Directa,Servicio de capacitación,198540.01,2026-01-22,False,False,198540.01,1.0446342748892126,0.0,0.0,0.0,1.0,0.0,True
C003259,P0031,E03,F000,Adjudicación Simplificada,Consultoría en ingeniería,56397.34,2024-03-02,False,False,56397.34,-0.39015517939197425,1.0,0.0,0.0,0.0,0.0,False
C000604,P0090,E05,F009,Comparación de Precios,Adquisición de bienes de oficina,21349.81,2025-06-21,False,False,21349.81,-0.7439252784241897,0.0,1.0,0.0,0.0,0.0,True
C002791,P0058,E11,F007,Adjudicación Simplificada,Servicio de mantenimiento de infraestructura,16533.71,2025-07-20,False,False,16533.71,-0.7925390373381288,1.0,0.0,0.0,0.0,0.0,False
C000916,P0135,E06,F006,Licitación Pública,Suministro de combustible,87933.31,2023-07-19,False,False,87933.31,-0.071830800185309,0.0,0.0,0.0,0.0,1.0,False
C002941,P0175,E17,F003,Adjudicación Simplificada,Servicio de capacitación,26365.68,2024-06-18,False,False,26365.68,-0.6932950392423494,1.0,0.0,0.0,0.0,0.0,False
C002206,P0005,E00,F038,Contratación Directa,Servicio de transporte,38558.06,2025-12-07,False,False,38558.06,-0.5702250402998162,0.0,0.0,0.0,1.0,0.0,True
C001099,P0005,E05,F047,Contratación Directa,Consultoría en ingeniería,400528.52,2024-07-28,False,False,400528.52,3.083508203695883,0.0,0.0,0.0,1.0,0.0,True
C001088,P0118,E13,F055,Adjudicación Simplificada,Servicio de transporte,30691.16,2025-06-16,False,False,30691.16,-0.649633603244952,1.0,0.0,0.0,0.0,0.0,False
C002526,P0188,E02,F051,Comparación de Precios,Servicio de capacitación,21042.69,2025-03-06,False,False,21042.69,-0.747025350606588,0.0,1.0,0.0,0.0,0.0,True
C001885,P0205,E13,F055,Contratación Directa,Obra de rehabilitación vial,152730.36,2025-05-17,False,False,152730.36,0.5822312348709535,0.0,0.0,0.0,1.0,0.0,True
C000821,P0031,E06,F039,Comparación de Precios,Adquisición de equipos informáticos,38581.82,2023-01-21,False,False,38581.82,-0.5699852066352754,0.0,1.0,0.0,0.0,0.0,True
C002596,P0018,E11,F007,Concurso Público,Adquisición de materiales de construcción,216473.54,2026-06-23,False,False,216473.54,1.2256554961877522,0.0,0.0,1.0,0.0,0.0,False
C003399,P0049,E10,F004,Concurso Público,Servicio de mantenimiento de infraestructura,313044.33,2023-06-08,False,False,313044.33,2.200441963077695,0.0,0.0,1.0,0.0,0.0,False
C002916,P0134,E10,F008,Adjudicación Simplificada,Servicio de transporte,120475.86,2025-05-01,False,False,120475.86,0.2566540070539122,1.0,0.0,0.0,0.0,0.0,False
C002954,P0212,E10,F004,Adjudicación Simplificada,Servicio de transporte,57864.52,2025-07-18,False,False,57864.52,-0.37534545060657665,1.0,0.0,0.0,0.0,0.0,False
C001302,P0154,E13,F058,Licitación Pública,Servicio de capacitación,61235.37,2023-06-03,False,False,61235.37,-0.34132005885078825,0.0,0.0,0.0,0.0,1.0,False
C001000,P0150,E02,F025,Comparación de Precios,Servicio de mantenimiento de infraestructura,355413.95,2023-04-17,False,False,355413.95,2.628121307766389,0.0,1.0,0.0,0.0,0.0,True
C001962,P0155,E06,F006,Adjudicación Simplificada,Servicio de mantenimiento de infraestructura,142030.63,2023-08-02,False,False,142030.63,0.474228059134519,1.0,0.0,0.0,0.0,0.0,False
C003405,P0175,E12,F021,Comparación de Precios,Consultoría en ingeniería,256155.03,2023-06-29,False,False,256155.03,1.6262008312526162,0.0,1.0,0.0,0.0,0.0,True
C001477,P0031,E11,F049,Adjudicación Simplificada,Obra de rehabilitación vial,46596.52,2026-05-31,False,False,46596.52,-0.4890847490933745,1.0,0.0,0.0,0.0,0.0,False
C000018,P0038,E03,F000,Licitación Pública,Servicio de capacitación,95945.78,2025-05-18,False,False,95945.78,0.00904714771551755,0.0,0.0,0.0,0.0,1.0,False
C000493,P0079,E13,F058,Licitación Pública,Servicio de mantenimiento de infraestructura,134825.38,2026-06-18,False,False,134825.38,0.4014981975422222,0.0,0.0,0.0,0.0,1.0,False
C001125,P0008,E06,F039,Adjudicación Simplificada,Adquisición de equipos informáticos,175554.64,2023-05-11,False,False,175554.64,0.812619732888903,1.0,0.0,0.0,0.0,0.0,False
C001404,P0175,E14,F040,Contratación Directa,Adquisición de equipos informáticos,14087.66,2025-05-19,False,False,14087.66,-0.8172294891542126,0.0,0.0,0.0,1.0,0.0,True
C003412,P0090,E08,F014,Adjudicación Simplificada,Suministro de combustible,50760.83,2025-07-24,False,False,50760.83,-0.4470501645990936,1.0,0.0,0.0,0.0,0.0,False
C002933,P0042,E11,F007,Licitación Pública,Adquisición de materiales de construcción,63495.26,2024-07-09,False,False,63495.26,-0.3185087078339858,0.0,0.0,0.0,0.0,1.0,False
C002211,P0176,E05,F037,Concurso Público,Consultoría en ingeniería,10712.72,2024-12-11,False,False,10712.72,-0.8512961654086529,0.0,0.0,1.0,0.0,0.0,False
C002451,P0064,E05,F001,Comparación de Precios,Adquisición de materiales de construcción,45840.78,2023-07-01,False,False,45840.78,-0.4967131957953991,0.0,1.0,0.0,0.0,0.0,True
C001953,P0016,E04,F019,Adjudicación Simplificada,Servicio de limpieza y vigilancia,33349.11,2023-11-18,False,False,33349.11,-0.6228042308263343,1.0,0.0,0.0,0.0,0.0,False
C000584,P0187,E09,F043,Contratación Directa,Servicio de limpieza y vigilancia,47327.62,2024-03-05,False,False,47327.62,-0.4817050187842071,0.0,0.0,0.0,1.0,0.0,True
C002874,P0077,E00,F010,Licitación Pública,Obra de rehabilitación vial,57760.5,2023-01-06,False,False,57760.5,-0.37639542946960436,0.0,0.0,0.0,0.0,1.0,False
C000687,P0008,E08,F022,Comparación de Precios,Servicio de transporte,13385.94,2024-01-29,False,False,13385.94,-0.824312657465728,0.0,1.0,0.0,0.0,0.0,True
C002213,P0029,E04,F030,Comparación de Precios,Servicio de capacitación,43672.77,2025-10-29,False,False,43672.77,-0.5185971092239012,0.0,1.0,0.0,0.0,0.0,True
C002543,P0199,E07,F023,Comparación de Precios,Servicio de mantenimiento de infraestructura,103124.0,2025-06-20,False,False,103124.0,0.0815041682323708,0.0,1.0,0.0,0.0,0.0,True
C002424,P0090,E10,F008,Comparación de Precios,Suministro de combustible,84918.84,2024-12-07,False,False,84918.84,-0.10225888885317355,0.0,1.0,0.0,0.0,0.0,True
C002407,P0211,E16,F024,Comparación de Precios,Adquisición de equipos informáticos,32457.09,2024-08-13,False,False,32457.09,-0.6318082891362556,0.0,1.0,0.0,0.0,0.0,True
C001009,P0167,E17,F012,Adjudicación Simplificada,Servicio de limpieza y vigilancia,50015.08,2025-12-11,False,False,50015.08,-0.4545777721467089,1.0,0.0,0.0,0.0,0.0,False
C002895,P0205,E16,F057,Concurso Público,Servicio de transporte,12564.91,2025-03-25,False,False,12564.91,-0.8326001420447674,0.0,0.0,1.0,0.0,0.0,False
C000360,P0063,E10,F004,Adjudicación Simplificada,Adquisición de equipos informáticos,331023.27,2025-02-17,False,False,331023.27,2.381921553345376,1.0,0.0,0.0,0.0,0.0,False
C003063,P0093,E06,F006,Comparación de Precios,Servicio de limpieza y vigilancia,56167.3,2024-10-31,False,False,56167.3,-0.3924772053259379,0.0,1.0,0.0,0.0,0.0,True
C003285,P0119,E00,F038,Adjudicación Simplificada,Servicio de capacitación,32510.61,2026-04-08,False,False,32510.61,-0.6312680577504717,1.0,0.0,0.0,0.0,0.0,False
C002310,P0153,E03,F000,Contratación Directa,Adquisición de bienes de oficina,236202.13,2024-08-01,False,False,236202.13,1.4247960700902773,0.0,0.0,0.0,1.0,0.0,True
C001310,P0021,E07,F023,Adjudicación Simplificada,Adquisición de materiales de construcción,63108.58,2024-07-05,False,False,63108.58,-0.3224118594082559,1.0,0.0,0.0,0.0,0.0,False
C001760,P0034,E16,F024,Licitación Pública,Servicio de transporte,34105.62,2023-06-10,False,False,34105.62,-0.615168011737033,0.0,0.0,0.0,0.0,1.0,False
C001611,P0188,E13,F058,Comparación de Precios,Obra de rehabilitación vial,54989.91,2024-02-12,False,False,54989.91,-0.404361791112712,0.0,1.0,0.0,0.0,0.0,True
C001825,P0115,E03,F000,Comparación de Precios,Servicio de capacitación,49331.22,2025-11-28,False,False,49331.22,-0.46148066144944067,0.0,1.0,0.0,0.0,0.0,True
C002166,P0056,E06,F039,Concurso Público,Consultoría en ingeniería,16519.81,2023-07-11,False,False,16519.81,-0.792679344069489,0.0,0.0,1.0,0.0,0.0,False
C000344,P0076,E00,F038,Comparación de Precios,Servicio de transporte,76722.29,2024-05-20,False,False,76722.29,-0.1849949420136247,0.0,1.0,0.0,0.0,0.0,True
C000986,P0191,E02,F051,Concurso Público,Adquisición de equipos informáticos,22701.4,2023-01-17,False,False,22701.4,-0.7302823161911605,0.0,0.0,1.0,0.0,0.0,False
C003159,P0058,E08,F022,Comparación de Precios,Suministro de combustible,99810.19,2024-04-19,False,False,99810.19,0.04805453877563177,0.0,1.0,0.0,0.0,0.0,True
C000743,P0157,E11,F054,Adjudicación Simplificada,Adquisición de equipos informáticos,998937.46,2025-10-30,False,False,534351.0878000001,4.434314467742205,1.0,0.0,0.0,0.0,0.0,False
C001937,P0032,E07,F013,Licitación Pública,Servicio de limpieza y vigilancia,104420.13,2024-11-29,False,False,104420.13,0.09458731670128223,0.0,0.0,0.0,0.0,1.0,False
C003305,P0166,E03,F000,Comparación de Precios,Servicio de limpieza y vigilancia,116549.13,2023-01-12,False,False,116549.13,0.21701755732485087,0.0,1.0,0.0,0.0,0.0,True
C000113,P0005,E11,F049,Concurso Público,Consultoría en ingeniería,138110.3,2023-08-15,False,False,138110.3,0.4346562110659398,0.0,0.0,1.0,0.0,0.0,False
C001437,P0216,E03,F000,Licitación Pública,Servicio de mantenimiento de infraestructura,38042.09,2025-12-22,False,False,38042.09,-0.575433246355925,0.0,0.0,0.0,0.0,1.0,False
C001717,P0057,E00,F041,Licitación Pública,Suministro de combustible,28392.48,2023-06-07,False,False,28392.48,-0.6728365008883345,0.0,0.0,0.0,0.0,1.0,False
C001241,P0201,E12,F021,Adjudicación Simplificada,Adquisición de bienes de oficina,16964.47,2025-03-28,False,False,16964.47,-0.7881909418272864,1.0,0.0,0.0,0.0,0.0,False
C001142,P0207,E07,F036,Adjudicación Simplificada,Adquisición de materiales de construcción,23005.86,2025-04-02,False,False,23005.86,-0.7272090940739002,1.0,0.0,0.0,0.0,0.0,False
C002423,P0113,E10,F026,Adjudicación Simplificada,Servicio de transporte,67207.91,2025-05-25,False,False,67207.91,-0.2810331836480602,1.0,0.0,0.0,0.0,0.0,False
C001216,P0133,E00,F041,Comparación de Precios,Adquisición de bienes de oficina,85171.26,2023-03-17,False,False,85171.26,-0.09971095898771054,0.0,1.0,0.0,0.0,0.0,True
C001198,P0063,E09,F034,Comparación de Precios,Adquisición de materiales de construcción,11576.74,2025-05-06,False,False,11576.74,-0.842574739363342,0.0,1.0,0.0,0.0,0.0,True
C000085,P0072,E15,F035,Comparación de Precios,Adquisición de equipos informáticos,458205.61,2024-04-16,False,False,458205.61,3.6657012952258707,0.0,1.0,0.0,0.0,0.0,True
C002351,P0024,E13,F056,Adjudicación Simplificada,Servicio de limpieza y vigilancia,155809.64,2026-01-25,False,False,155809.64,0.6133135162912969,1.0,0.0,0.0,0.0,0.0,False
C002480,P0172,E05,F032,Comparación de Precios,Servicio de limpieza y vigilancia,25396.78,2024-03-19,False,False,25396.78,-0.7030751249988154,0.0,1.0,0.0,0.0,0.0,True
C001381,P0084,E03,F000,Comparación de Precios,Servicio de capacitación,52990.61,2023-12-22,False,False,52990.61,-0.42454274420684185,0.0,1.0,0.0,0.0,0.0,True
C001745,P0051,E08,F014,Comparación de Precios,Adquisición de bienes de oficina,16973.46,2026-02-19,False,False,16973.46,-0.7881001966823274,0.0,1.0,0.0,0.0,0.0,True
C000668,P0144,E05,F059,Comparación de Precios,Obra de rehabilitación vial,108155.01,2024-09-01,False,False,108155.01,0.13228723071728957,0.0,1.0,0.0,0.0,0.0,True
C001014,P0015,E11,F054,Adjudicación Simplificada,Consultoría en ingeniería,38866.51,2023-11-27,False,False,38866.51,-0.5671115430848488,1.0,0.0,0.0,0.0,0.0,False
C000128,P0019,E00,F041,Concurso Público,Adquisición de bienes de oficina,134189.5,2023-07-15,False,False,134189.5,0.39507961881291925,0.0,0.0,1.0,0.0,0.0,False
C001364,P0110,E06,F039,Comparación de Precios,Adquisición de materiales de construcción,85423.47,2026-04-24,False,False,85423.47,-0.09716514886423201,0.0,1.0,0.0,0.0,0.0,True
C002844,P0137,E02,F011,Adjudicación Simplificada,Servicio de mantenimiento de infraestructura,50094.53,2025-01-16,False,False,50094.53,-0.45377580309587684,1.0,0.0,0.0,0.0,0.0,False
C003420,P0142,E07,F013,Licitación Pública,Servicio de limpieza y vigilancia,26407.4,2023-02-13,False,False,26407.4,-0.6928739171680799,0.0,0.0,0.0,0.0,1.0,False
C000891,P0155,E03,F000,Comparación de Precios,Adquisición de materiales de construcción,37015.18,2025-10-03,False,False,37015.18,-0.585798885600607,0.0,1.0,0.0,0.0,0.0,True
C002322,P0071,E14,F040,Comparación de Precios,Servicio de limpieza y vigilancia,61530.634999999995,2024-10-18,False,False,61530.634999999995,-0.3383396511504241,0.0,1.0,0.0,0.0,0.0,True
C001359,P0008,E14,F029,Adjudicación Simplificada,Adquisición de bienes de oficina,441735.19,2023-10-10,False,False,441735.19,3.4994487200942657,1.0,0.0,0.0,0.0,0.0,False
C000307,P0134,E17,F012,Adjudicación Simplificada,Servicio de capacitación,49593.54,2025-10-06,False,False,49593.54,-0.45883280089041895,1.0,0.0,0.0,0.0,0.0,False
C000383,P0004,E10,F026,Comparación de Precios,Servicio de capacitación,88732.09,2025-02-12,False,False,88732.09,-0.06376790731654043,0.0,1.0,0.0,0.0,0.0,True
C000150,P0198,E01,F048,Comparación de Precios,Servicio de capacitación,24481.03,2023-05-08,False,False,24481.03,-0.7123187141529941,0.0,1.0,0.0,0.0,0.0,True
C001317,P0015,E06,F039,Comparación de Precios,Servicio de mantenimiento de infraestructura,128554.5,2023-02-12,False,False,128554.5,0.3381998755600699,0.0,1.0,0.0,0.0,0.0,True
C001451,P0196,E07,F036,Licitación Pública,Servicio de capacitación,30123.82,2025-04-22,False,False,30123.82,-0.6553603385665264,0.0,0.0,0.0,0.0,1.0,False
C001652,P0150,E02,F025,Concurso Público,Servicio de transporte,148389.46,2024-06-06,False,False,148389.46,0.5384141492478314,0.0,0.0,1.0,0.0,0.0,False
C002354,P0099,E10,F008,Comparación de Precios,Obra de rehabilitación vial,95383.86,2024-08-05,False,False,95383.86,0.0033751219251642243,0.0,1.0,0.0,0.0,0.0,True
C000426,P0009,E03,F000,Adjudicación Simplificada,Suministro de combustible,128909.68,2024-12-21,False,False,128909.68,0.3417850658366532,1.0,0.0,0.0,0.0,0.0,False
C000494,P0087,E17,F003,Licitación Pública,Servicio de mantenimiento de infraestructura,126684.75,2025-02-19,False,False,126684.75,0.31932660139023583,0.0,0.0,0.0,0.0,1.0,False
C001207,P0209,E12,F021,Adjudicación Simplificada,Servicio de capacitación,105877.09,2024-09-16,False,False,105877.09,0.10929388471009693,1.0,0.0,0.0,0.0,0.0,False
C002905,P0050,E08,F022,Comparación de Precios,Consultoría en ingeniería,31054.52,2025-12-20,False,False,31054.52,-0.6459658439710646,0.0,1.0,0.0,0.0,0.0,True
C002233,P0195,E05,F052,Concurso Público,Adquisición de materiales de construcción,105762.96,2025-05-26,False,False,105762.96,0.10814185541152602,0.0,0.0,1.0,0.0,0.0,False
C001208,P0090,E16,F042,Adjudicación Simplificada,Adquisición de equipos informáticos,104622.82,2025-01-03,False,False,104622.82,0.09663327147677826,1.0,0.0,0.0,0.0,0.0,False
C002748,P0136,E11,F054,Adjudicación Simplificada,Adquisición de materiales de construcción,17733.25,2023-12-20,False,False,17733.25,-0.780430869242029,1.0,0.0,0.0,0.0,0.0,False
C002910,P0215,E05,F009,Concurso Público,Obra de rehabilitación vial,29326.96,2024-04-23,False,False,29326.96,-0.6634038509371502,0.0,0.0,1.0,0.0,0.0,False
C002642,P0188,E04,F030,Adjudicación Simplificada,Servicio de limpieza y vigilancia,64292.33,2025-10-23,False,False,64292.33,-0.3104630757213774,1.0,0.0,0.0,0.0,0.0,False
C001620,P0002,E15,F035,Adjudicación Simplificada,Adquisición de equipos informáticos,319451.02,2024-04-01,False,False,319451.02,2.2651111524833025,1.0,0.0,0.0,0.0,0.0,False
C001239,P0065,E16,F024,Adjudicación Simplificada,Servicio de mantenimiento de infraestructura,49601.56,2025-05-18,False,False,49601.56,-0.458751846934627,1.0,0.0,0.0,0.0,0.0,False
C002571,P0083,E09,F033,Comparación de Precios,Consultoría en ingeniería,65113.32,2025-11-22,False,False,65113.32,-0.30217599490271607,0.0,1.0,0.0,0.0,0.0,True
C001896,P0053,E05,F045,Licitación Pública,Servicio de transporte,109746.95,2025-02-12,False,False,109746.95,0.14835628812171564,0.0,0.0,0.0,0.0,1.0,False
C000275,P0213,E03,F000,Comparación de Precios,Adquisición de equipos informáticos,3404.81,2024-08-05,False,False,3404.81,-0.9250622780111251,0.0,1.0,0.0,0.0,0.0,True
C000489,P0080,E04,F053,Licitación Pública,Consultoría en ingeniería,6506.3,2025-02-07,False,False,6506.3,-0.8937558086408891,0.0,0.0,0.0,0.0,1.0,False
C002865,P0148,E13,F056,Adjudicación Simplificada,Adquisición de equipos informáticos,150977.21,2023-08-02,False,False,150977.21,0.5645349222030329,1.0,0.0,0.0,0.0,0.0,False
C001229,P0187,E13,F056,Licitación Pública,Adquisición de equipos informáticos,64683.825,2025-03-30,False,False,64683.825,-0.30651132149160387,0.0,0.0,0.0,0.0,1.0,False
C000690,P0075,E17,F031,Licitación Pública,Suministro de combustible,172569.07,2024-02-03,False,False,172569.07,0.7824833610941541,0.0,0.0,0.0,0.0,1.0,False
C001921,P0131,E04,F019,Concurso Público,Servicio de mantenimiento de infraestructura,9870.11,2023-11-18,False,False,9870.11,-0.8598014787116314,0.0,0.0,1.0,0.0,0.0,False
C002403,P0202,E10,F008,Comparación de Precios,Servicio de mantenimiento de infraestructura,8379.42,2023-11-26,False,False,8379.42,-0.8748485176592072,0.0,1.0,0.0,0.0,0.0,True
C002928,P0131,E12,F021,Comparación de Precios,Obra de rehabilitación vial,28121.47,2023-10-10,False,False,28121.47,-0.6755720783894799,0.0,1.0,0.0,0.0,0.0,True
C001742,P0179,E13,F055,Comparación de Precios,Suministro de combustible,33619.21,2024-08-31,False,False,33619.21,-0.6200778388737886,0.0,1.0,0.0,0.0,0.0,True
C002650,P0075,E08,F020,Adjudicación Simplificada,Adquisición de equipos informáticos,64683.825,2025-03-09,False,False,64683.825,-0.30651132149160387,1.0,0.0,0.0,0.0,0.0,False
C002500,P0172,E05,F009,Comparación de Precios,Servicio de mantenimiento de infraestructura,149440.32,2025-03-04,False,False,149440.32,0.54902154001885,0.0,1.0,0.0,0.0,0.0,True
C001058,P0085,E07,F036,Concurso Público,Servicio de capacitación,65727.925,2026-01-27,False,False,65727.925,-0.2959721662244698,0.0,0.0,1.0,0.0,0.0,False
C000118,P0205,E14,F029,Licitación Pública,Adquisición de equipos informáticos,6299.48,2025-08-01,False,False,6299.48,-0.8958434516754151,0.0,0.0,0.0,0.0,1.0,False
C001024,P0120,E13,F055,Contratación Directa,Adquisición de materiales de construcción,69251.01,2025-04-06,False,False,69251.01,-0.2604101129400041,0.0,0.0,0.0,1.0,0.0,True
C001957,P0030,E16,F042,Licitación Pública,Consultoría en ingeniería,79301.26,2025-09-03,False,False,79301.26,-0.1589627944613974,0.0,0.0,0.0,0.0,1.0,False
C000281,P0080,E02,F044,Adjudicación Simplificada,Suministro de combustible,59349.88,2025-10-13,False,False,59349.88,-0.36035221272937124,1.0,0.0,0.0,0.0,0.0,False
C002113,P0147,E17,F012,Contratación Directa,Servicio de transporte,95068.45,2025-11-23,False,False,95068.45,0.00019137040442218328,0.0,0.0,0.0,1.0,0.0,True
C001316,P0022,E03,F000,Adjudicación Simplificada,Servicio de transporte,58683.01,2025-04-14,False,False,58683.01,-0.3670836048115412,1.0,0.0,0.0,0.0,0.0,False
C003228,P0080,E07,F036,Adjudicación Simplificada,Adquisición de bienes de oficina,13922.89,2024-12-01,False,False,13922.89,-0.8188926790913506,1.0,0.0,0.0,0.0,0.0,False
C000968,P0094,E05,F047,Adjudicación Simplificada,Suministro de combustible,50774.81,2023-11-09,False,False,50774.81,-0.44690905034697737,1.0,0.0,0.0,0.0,0.0,False
C002538,P0169,E09,F034,Licitación Pública,Adquisición de bienes de oficina,10884.93,2023-03-09,False,False,10884.93,-0.8495578760412043,0.0,0.0,0.0,0.0,1.0,False
C001728,P0086,E11,F054,Comparación de Precios,Adquisición de bienes de oficina,22700.27,2025-12-14,False,False,22700.27,-0.7302937224218395,0.0,1.0,0.0,0.0,0.0,True
C003008,P0067,E12,F050,Comparación de Precios,Suministro de combustible,129492.8,2023-07-29,False,False,129492.8,0.3476710846273545,0.0,1.0,0.0,0.0,0.0,True
C000619,P0032,E03,F000,Comparación de Precios,Servicio de mantenimiento de infraestructura,42939.93,2024-03-05,False,False,42939.93,-0.5259944031095123,0.0,1.0,0.0,0.0,0.0,True
C002953,P0048,E08,F020,Licitación Pública,Consultoría en ingeniería,79519.62,2024-07-04,False,False,79519.62,-0.15675866655781404,0.0,0.0,0.0,0.0,1.0,False
C000155,P0073,E13,F055,Contratación Directa,Servicio de mantenimiento de infraestructura,8630.29,2023-01-31,False,False,8630.29,-0.8723162335083924,0.0,0.0,0.0,1.0,0.0,True
C900010,P0168,E17,F003,Contratación Directa,Suministro de combustible,66928.83,2024-03-28,True,False,66928.83,-0.28385021980547015,0.0,0.0,0.0,1.0,0.0,True
C002223,P0025,E05,F001,Licitación Pública,Suministro de combustible,52773.03,2026-03-01,False,False,52773.03,-0.42673899878305394,0.0,0.0,0.0,0.0,1.0,False
C000304,P0038,E16,F057,Adjudicación Simplificada,Servicio de limpieza y vigilancia,64081.64,2023-01-19,False,False,64081.64,-0.31258978257247644,1.0,0.0,0.0,0.0,0.0,False
C002340,P0112,E16,F024,Adjudicación Simplificada,Servicio de transporte,14139.63,2024-10-15,False,False,14139.63,-0.8167049034830768,1.0,0.0,0.0,0.0,0.0,False
C003057,P0082,E09,F043,Comparación de Precios,Servicio de mantenimiento de infraestructura,219584.62,2024-03-24,False,False,219584.62,1.257058767108617,0.0,1.0,0.0,0.0,0.0,True
C002620,P0215,E09,F043,Concurso Público,Adquisición de bienes de oficina,12601.51,2025-06-13,False,False,12601.51,-0.8322307012988839,0.0,0.0,1.0,0.0,0.0,False
C800024,P0107,E17,F012,Adjudicación Simplificada,Servicio de limpieza y vigilancia,137174.55,2024-11-30,False,True,137174.55,0.4252107417227537,1.0,0.0,0.0,0.0,0.0,False
C002687,P0090,E13,F056,Licitación Pública,Consultoría en ingeniería,76389.15,2025-05-18,False,False,76389.15,-0.1883576603219218,0.0,0.0,0.0,0.0,1.0,False
C001307,P0201,E04,F019,Comparación de Precios,Suministro de combustible,48209.28,2023-08-09,False,False,48209.28,-0.47280553441219164,0.0,1.0,0.0,0.0,0.0,True
C003061,P0098,E14,F016,Adjudicación Simplificada,Obra de rehabilitación vial,39165.82,2023-06-09,False,False,39165.82,-0.5640903051162578,1.0,0.0,0.0,0.0,0.0,False
C000575,P0111,E15,F035,Contratación Directa,Obra de rehabilitación vial,69260.52,2024-07-11,False,False,69260.52,-0.26031411891013095,0.0,0.0,0.0,1.0,0.0,True
C003129,P0184,E13,F055,Adjudicación Simplificada,Servicio de capacitación,494005.35,2024-12-11,False,False,494005.35,4.027064209106751,1.0,0.0,0.0,0.0,0.0,False
C003082,P0165,E07,F023,Concurso Público,Servicio de capacitación,28636.71,2023-09-19,False,False,28636.71,-0.6703712409602699,0.0,0.0,1.0,0.0,0.0,False
C003145,P0044,E06,F006,Comparación de Precios,Adquisición de bienes de oficina,208509.91,2025-06-11,False,False,208509.91,1.145270539708482,0.0,1.0,0.0,0.0,0.0,True
C001299,P0013,E16,F057,Comparación de Precios,Servicio de transporte,21226.51,2023-04-03,False,False,21226.51,-0.7451698697894207,0.0,1.0,0.0,0.0,0.0,True
C000132,P0213,E10,F008,Comparación de Precios,Obra de rehabilitación vial,186474.3,2025-07-25,False,False,186474.3,0.9228428841237578,0.0,1.0,0.0,0.0,0.0,True
C001999,P0134,E04,F030,Adjudicación Simplificada,Adquisición de bienes de oficina,48270.37,2023-04-30,False,False,48270.37,-0.47218889137486836,1.0,0.0,0.0,0.0,0.0,False
C900046,P0138,E00,F010,Contratación Directa,Servicio de mantenimiento de infraestructura,371787.4,2025-07-21,True,False,371787.4,2.793395066801591,0.0,0.0,0.0,1.0,0.0,True
C001945,P0182,E04,F030,Licitación Pública,Adquisición de materiales de construcción,120073.07,2023-04-14,False,False,120073.07,0.25258824098739674,0.0,0.0,0.0,0.0,1.0,False
C000843,P0010,E02,F011,Comparación de Precios,Servicio de capacitación,90886.87,2025-05-01,False,False,90886.87,-0.04201753763306668,0.0,1.0,0.0,0.0,0.0,True
C001907,P0116,E01,F017,Licitación Pública,Consultoría en ingeniería,151247.09,2024-09-21,False,False,151247.09,0.5672590934734996,0.0,0.0,0.0,0.0,1.0,False
C003445,P0117,E14,F016,Licitación Pública,Servicio de limpieza y vigilancia,33459.08,2024-09-08,False,False,33459.08,-0.6216941926070768,0.0,0.0,0.0,0.0,1.0,False
C000269,P0001,E05,F001,Concurso Público,Servicio de transporte,41101.01,2023-03-30,False,False,41101.01,-0.5445564789679913,0.0,0.0,1.0,0.0,0.0,False
C000629,P0144,E08,F022,Concurso Público,Adquisición de materiales de construcción,142867.91,2023-05-06,False,False,142867.91,0.4826795713671269,0.0,0.0,1.0,0.0,0.0,False
C001033,P0127,E07,F023,Adjudicación Simplificada,Servicio de transporte,28477.79,2024-10-09,False,False,28477.79,-0.6719753809421232,1.0,0.0,0.0,0.0,0.0,False
C002087,P0201,E15,F035,Contratación Directa,Servicio de transporte,52599.91,2024-10-14,False,False,52599.91,-0.42848647369910237,0.0,0.0,0.0,1.0,0.0,True
C000286,P0050,E07,F036,Comparación de Precios,Adquisición de materiales de construcción,126184.31,2026-04-10,False,False,126184.31,0.3142751553008914,0.0,1.0,0.0,0.0,0.0,True
C001326,P0102,E09,F046,Licitación Pública,Adquisición de bienes de oficina,34046.85,2023-06-18,False,False,34046.85,-0.6157612366724313,0.0,0.0,0.0,0.0,1.0,False
C002657,P0012,E08,F020,Comparación de Precios,Servicio de mantenimiento de infraestructura,11542.21,2024-04-23,False,False,11542.21,-0.8429232855096634,0.0,1.0,0.0,0.0,0.0,True
C000300,P0054,E07,F013,Licitación Pública,Servicio de limpieza y vigilancia,32127.25,2025-11-24,False,False,32127.25,-0.6351376972133665,0.0,0.0,0.0,0.0,1.0,False
C900061,P0049,E16,F002,Comparación de Precios,Servicio de mantenimiento de infraestructura,366612.01,2025-03-11,True,False,366612.01,2.7411546312322277,0.0,1.0,0.0,0.0,0.0,True
C001447,P0093,E14,F016,Adjudicación Simplificada,Servicio de limpieza y vigilancia,57346.07,2023-06-23,False,False,57346.07,-0.38057868980612225,1.0,0.0,0.0,0.0,0.0,False
C001472,P0128,E06,F006,Adjudicación Simplificada,Adquisición de bienes de oficina,15610.4,2024-10-20,False,False,15610.4,-0.8018589372037525,1.0,0.0,0.0,0.0,0.0,False
C900064,P0049,E16,F002,Contratación Directa,Servicio de mantenimiento de infraestructura,125059.92,2025-10-16,True,False,125059.92,0.302925552014987,0.0,0.0,0.0,1.0,0.0,True
C003452,P0089,E03,F000,Adjudicación Simplificada,Consultoría en ingeniería,7664.01,2023-02-18,False,False,7664.01,-0.8820698729600983,1.0,0.0,0.0,0.0,0.0,False
C003425,P0210,E10,F004,Adjudicación Simplificada,Servicio de transporte,24776.0,2023-08-14,False,False,24776.0,-0.7093412841854178,1.0,0.0,0.0,0.0,0.0,False
C000065,P0132,E17,F012,Licitación Pública,Servicio de limpieza y vigilancia,44658.88,2024-09-01,False,False,44658.88,-0.5086433055647944,0.0,0.0,0.0,0.0,1.0,False
C002666,P0162,E08,F020,Adjudicación Simplificada,Servicio de mantenimiento de infraestructura,49546.34,2024-06-01,False,False,49546.34,-0.45930923813647656,1.0,0.0,0.0,0.0,0.0,False
C000890,P0088,E00,F041,Adjudicación Simplificada,Servicio de transporte,246696.54,2026-05-12,False,False,246696.54,1.5307267438063619,1.0,0.0,0.0,0.0,0.0,False
C002784,P0072,E07,F036,Comparación de Precios,Servicio de capacitación,15488.23,2024-07-30,False,False,15488.23,-0.8030921223383044,0.0,1.0,0.0,0.0,0.0,True
C003126,P0149,E10,F026,Comparación de Precios,Servicio de transporte,31956.98,2023-07-08,False,False,31956.98,-0.6368564042024815,0.0,1.0,0.0,0.0,0.0,True
C002270,P0116,E11,F054,Comparación de Precios,Obra de rehabilitación vial,24262.08,2023-12-09,False,False,24262.08,-0.7145287975221531,0.0,1.0,0.0,0.0,0.0,True
C002250,P0085,E15,F035,Licitación Pública,Adquisición de bienes de oficina,126147.48,2025-10-05,False,False,126147.48,0.31390339293283415,0.0,0.0,0.0,0.0,1.0,False
C000230,P0131,E00,F010,Contratación Directa,Servicio de transporte,110521.5,2025-12-07,False,False,110521.5,0.15617460314150175,0.0,0.0,0.0,1.0,0.0,True
C000503,P0041,E01,F018,Adjudicación Simplificada,Obra de rehabilitación vial,57239.8,2024-04-29,False,False,57239.8,-0.3816513801904133,1.0,0.0,0.0,0.0,0.0,False
C002374,P0206,E05,F032,Comparación de Precios,Servicio de transporte,23111.27,2023-11-15,False,False,23111.27,-0.7261450845377364,0.0,1.0,0.0,0.0,0.0,True
C002495,P0053,E00,F010,Adjudicación Simplificada,Suministro de combustible,71902.22,2023-10-05,False,False,71902.22,-0.23364877414508184,1.0,0.0,0.0,0.0,0.0,False
C003137,P0025,E03,F000,Comparación de Precios,Servicio de mantenimiento de infraestructura,18997.42,2023-03-04,False,False,18997.42,-0.7676703253151516,0.0,1.0,0.0,0.0,0.0,True
C001525,P0126,E04,F019,Licitación Pública,Servicio de capacitación,238741.14,2025-01-23,False,False,238741.14,1.450424861024868,0.0,0.0,0.0,0.0,1.0,False
C002458,P0177,E12,F050,Comparación de Precios,Servicio de limpieza y vigilancia,17870.3,2024-10-10,False,False,17870.3,-0.7790474852468554,0.0,1.0,0.0,0.0,0.0,True
C001798,P0001,E16,F057,Comparación de Precios,Servicio de mantenimiento de infraestructura,61898.21,2024-12-31,False,False,61898.21,-0.3346293456267034,0.0,1.0,0.0,0.0,0.0,True
C001004,P0154,E07,F013,Comparación de Precios,Adquisición de bienes de oficina,24384.75,2026-04-13,False,False,24384.75,-0.7132905653828759,0.0,1.0,0.0,0.0,0.0,True
C000836,P0014,E04,F053,Adjudicación Simplificada,Consultoría en ingeniería,56397.34,2025-08-11,False,False,56397.34,-0.39015517939197425,1.0,0.0,0.0,0.0,0.0,False
C002144,P0041,E08,F022,Licitación Pública,Servicio de mantenimiento de infraestructura,37583.74,2025-11-10,False,False,37583.74,-0.5800598355875032,0.0,0.0,0.0,0.0,1.0,False
C000374,P0001,E13,F058,Adjudicación Simplificada,Suministro de combustible,46127.82,2025-07-09,False,False,46127.82,-0.4938158113227641,1.0,0.0,0.0,0.0,0.0,False
C002907,P0051,E06,F006,Comparación de Precios,Servicio de mantenimiento de infraestructura,18983.62,2026-03-31,False,False,18983.62,-0.7678096226455667,0.0,1.0,0.0,0.0,0.0,True
C003111,P0076,E01,F017,Concurso Público,Adquisición de equipos informáticos,1226.84,2026-06-20,False,False,1226.84,-0.947046727773753,0.0,0.0,1.0,0.0,0.0,False
C002663,P0138,E13,F055,Concurso Público,Adquisición de materiales de construcción,13032.12,2025-02-23,False,False,13032.12,-0.827884119889459,0.0,0.0,1.0,0.0,0.0,False
C000939,P0110,E09,F046,Concurso Público,Servicio de limpieza y vigilancia,325238.86,2023-07-07,False,False,325238.86,2.3235336641405464,0.0,0.0,1.0,0.0,0.0,False
C001321,P0014,E06,F006,Adjudicación Simplificada,Servicio de limpieza y vigilancia,48689.95,2023-06-28,False,False,48689.95,-0.4679536468896811,1.0,0.0,0.0,0.0,0.0,False
C002283,P0148,E07,F023,Adjudicación Simplificada,Obra de rehabilitación vial,213562.58,2024-06-20,False,False,213562.58,1.1962722384380955,1.0,0.0,0.0,0.0,0.0,False
C003123,P0174,E11,F007,Adjudicación Simplificada,Servicio de mantenimiento de infraestructura,49012.55,2024-04-11,False,False,49012.55,-0.46469731944099085,1.0,0.0,0.0,0.0,0.0,False
C000751,P0075,E04,F019,Adjudicación Simplificada,Servicio de transporte,66291.74,2024-07-24,False,False,66291.74,-0.290281012286208,1.0,0.0,0.0,0.0,0.0,False
C000099,P0081,E17,F003,Contratación Directa,Servicio de mantenimiento de infraestructura,14418.47,2025-04-18,False,False,14418.47,-0.8138902898879349,0.0,0.0,0.0,1.0,0.0,True
C001543,P0156,E06,F006,Comparación de Precios,Servicio de limpieza y vigilancia,61530.634999999995,2026-03-08,False,False,61530.634999999995,-0.3383396511504241,0.0,1.0,0.0,0.0,0.0,True
C002452,P0113,E07,F036,Licitación Pública,Servicio de mantenimiento de infraestructura,240193.3,2024-10-16,False,False,240193.3,1.4650829777883208,0.0,0.0,0.0,0.0,1.0,False
C000866,P0026,E05,F059,Comparación de Precios,Servicio de limpieza y vigilancia,22141.9,2025-08-02,False,False,22141.9,-0.735929914478644,0.0,1.0,0.0,0.0,0.0,True
C000910,P0185,E12,F021,Adjudicación Simplificada,Adquisición de bienes de oficina,15868.12,2026-03-28,False,False,15868.12,-0.7992575090882024,1.0,0.0,0.0,0.0,0.0,False
C001938,P0065,E10,F004,Comparación de Precios,Servicio de transporte,61701.88,2024-02-14,False,False,61701.88,-0.336611102502095,0.0,1.0,0.0,0.0,0.0,True
C001575,P0142,E13,F055,Contratación Directa,Servicio de limpieza y vigilancia,33713.58,2026-05-03,False,False,33713.58,-0.619125267201957,0.0,0.0,0.0,1.0,0.0,True
C000529,P0141,E08,F005,Comparación de Precios,Servicio de capacitación,34611.01,2025-06-02,False,False,34611.01,-0.6100666003009092,0.0,1.0,0.0,0.0,0.0,True
C001260,P0099,E03,F000,Concurso Público,Servicio de limpieza y vigilancia,24438.41,2025-07-18,False,False,24438.41,-0.7127489208357689,0.0,0.0,1.0,0.0,0.0,False
C001741,P0197,E07,F013,Comparación de Precios,Obra de rehabilitación vial,12710.13,2025-09-07,False,False,12710.13,-0.8311342899923843,0.0,1.0,0.0,0.0,0.0,True
C002212,P0002,E10,F004,Comparación de Precios,Adquisición de materiales de construcción,49616.81,2026-06-06,False,False,49616.81,-0.4585979132905088,0.0,1.0,0.0,0.0,0.0,True
C000636,P0189,E15,F035,Contratación Directa,Adquisición de equipos informáticos,58253.92,2025-10-04,False,False,58253.92,-0.3714148433266015,0.0,0.0,0.0,1.0,0.0,True
C001269,P0218,E12,F050,Adjudicación Simplificada,Obra de rehabilitación vial,15749.17,2024-08-21,False,False,15749.17,-0.8004581915123242,1.0,0.0,0.0,0.0,0.0,False
C000185,P0164,E16,F042,Comparación de Precios,Adquisición de materiales de construcción,44239.81,2025-04-22,False,False,44239.81,-0.512873402105162,0.0,1.0,0.0,0.0,0.0,True
C002266,P0214,E09,F033,Adjudicación Simplificada,Adquisición de materiales de construcción,359472.11,2024-11-02,False,False,359472.11,2.6690844131575124,1.0,0.0,0.0,0.0,0.0,False
C001738,P0179,E10,F026,Licitación Pública,Adquisición de bienes de oficina,56122.94,2023-09-23,False,False,56122.94,-0.3929249755851564,0.0,0.0,0.0,0.0,1.0,False
C002045,P0215,E07,F013,Contratación Directa,Servicio de limpieza y vigilancia,89121.37,2023-07-27,False,False,89121.37,-0.05983851131769942,0.0,0.0,0.0,1.0,0.0,True
C000931,P0122,E07,F036,Licitación Pública,Servicio de mantenimiento de infraestructura,45811.44,2025-01-17,False,False,45811.44,-0.49700935403267293,0.0,0.0,0.0,0.0,1.0,False
C001441,P0193,E01,F018,Adjudicación Simplificada,Adquisición de equipos informáticos,117328.08,2023-12-02,False,False,117328.08,0.22488028598621854,1.0,0.0,0.0,0.0,0.0,False
C002016,P0098,E17,F031,Adjudicación Simplificada,Adquisición de materiales de construcción,38240.24,2025-12-11,False,False,38240.24,-0.5734331183833337,1.0,0.0,0.0,0.0,0.0,False
C002753,P0146,E03,F000,Comparación de Precios,Adquisición de equipos informáticos,13263.42,2024-09-20,False,False,13263.42,-0.8255493755035878,0.0,1.0,0.0,0.0,0.0,True
C001535,P0084,E02,F011,Comparación de Precios,Suministro de combustible,47533.7,2025-01-15,False,False,47533.7,-0.4796248453166744,0.0,1.0,0.0,0.0,0.0,True
C002034,P0011,E08,F015,Adjudicación Simplificada,Servicio de mantenimiento de infraestructura,97929.8,2025-02-11,False,False,97929.8,0.029073864345245736,1.0,0.0,0.0,0.0,0.0,False
C002876,P0214,E17,F012,Adjudicación Simplificada,Servicio de transporte,420820.77,2025-07-08,False,False,420820.77,3.2883383669652053,1.0,0.0,0.0,0.0,0.0,False
C001273,P0049,E03,F000,Comparación de Precios,Servicio de limpieza y vigilancia,9713.21,2024-09-20,False,False,9713.21,-0.8613852287943948,0.0,1.0,0.0,0.0,0.0,True
C002488,P0106,E04,F030,Comparación de Precios,Consultoría en ingeniería,74408.21,2023-08-22,False,False,74408.21,-0.2083532874025427,0.0,1.0,0.0,0.0,0.0,True
C002098,P0145,E00,F038,Contratación Directa,Servicio de mantenimiento de infraestructura,43474.18,2023-12-01,False,False,43474.18,-0.5206016785606508,0.0,0.0,0.0,1.0,0.0,True
C000607,P0092,E11,F049,Adjudicación Simplificada,Servicio de limpieza y vigilancia,104227.37,2023-07-10,False,False,104227.37,0.09264159543962831,1.0,0.0,0.0,0.0,0.0,False
C001972,P0191,E14,F016,Contratación Directa,Servicio de capacitación,42225.17,2025-06-01,False,False,42225.17,-0.5332091973042605,0.0,0.0,0.0,1.0,0.0,True
C001712,P0056,E00,F041,Comparación de Precios,Servicio de capacitación,34808.21,2026-03-08,False,False,34808.21,-0.6080760616372958,0.0,1.0,0.0,0.0,0.0,True
C002359,P0007,E09,F034,Comparación de Precios,Servicio de capacitación,337211.43,2023-11-26,False,False,337211.43,2.4443848988657932,0.0,1.0,0.0,0.0,0.0,True
C000151,P0094,E00,F010,Licitación Pública,Adquisición de materiales de construcción,402342.99,2026-06-14,False,False,402342.99,3.1018234810233,0.0,0.0,0.0,0.0,1.0,False
C001877,P0128,E15,F035,Licitación Pública,Servicio de limpieza y vigilancia,256963.38,2025-01-25,False,False,256963.38,1.6343603237918245,0.0,0.0,0.0,0.0,1.0,False
C002576,P0180,E09,F034,Comparación de Precios,Obra de rehabilitación vial,61114.75,2025-09-24,False,False,61114.75,-0.34253759827069225,0.0,1.0,0.0,0.0,0.0,True
C003010,P0009,E03,F000,Adjudicación Simplificada,Adquisición de bienes de oficina,9172.35,2024-10-11,False,False,9172.35,-0.8668446747457232,1.0,0.0,0.0,0.0,0.0,False
C002307,P0173,E16,F002,Comparación de Precios,Obra de rehabilitación vial,56620.75,2024-03-18,False,False,56620.75,-0.38790007674066646,0.0,1.0,0.0,0.0,0.0,True
C000731,P0178,E00,F041,Adjudicación Simplificada,Servicio de capacitación,32589.72,2023-07-22,False,False,32589.72,-0.6304695206628527,1.0,0.0,0.0,0.0,0.0,False
C001964,P0188,E15,F035,Comparación de Precios,Servicio de limpieza y vigilancia,30174.46,2023-06-15,False,False,30174.46,-0.6548491779279595,0.0,1.0,0.0,0.0,0.0,True
C002293,P0119,E00,F010,Comparación de Precios,Servicio de limpieza y vigilancia,19064.75,2026-04-23,False,False,19064.75,-0.7669906956588579,0.0,1.0,0.0,0.0,0.0,True
C003273,P0021,E03,F000,Adjudicación Simplificada,Servicio de mantenimiento de infraestructura,67990.13,2026-04-17,False,False,67990.13,-0.2731374475757898,1.0,0.0,0.0,0.0,0.0,False
C000023,P0021,E16,F042,Comparación de Precios,Consultoría en ingeniería,94317.34,2026-06-03,False,False,94317.34,-0.007390341033847148,0.0,1.0,0.0,0.0,0.0,True
C003021,P0037,E05,F059,Adjudicación Simplificada,Servicio de limpieza y vigilancia,21363.57,2024-05-16,False,False,21363.57,-0.7437863848541526,1.0,0.0,0.0,0.0,0.0,False
C000158,P0057,E08,F015,Licitación Pública,Adquisición de bienes de oficina,21853.3,2026-05-09,False,False,21853.3,-0.7388430456060215,0.0,0.0,0.0,0.0,1.0,False
C000861,P0086,E02,F011,Adjudicación Simplificada,Servicio de capacitación,206292.54,2024-04-28,False,False,206292.54,1.1228883859735093,1.0,0.0,0.0,0.0,0.0,False
C002093,P0153,E12,F050,Adjudicación Simplificada,Suministro de combustible,37379.96,2026-03-18,False,False,37379.96,-0.5821167928333001,1.0,0.0,0.0,0.0,0.0,False
C000902,P0039,E12,F021,Licitación Pública,Adquisición de equipos informáticos,164400.98,2023-07-14,False,False,164400.98,0.7000345834426607,0.0,0.0,0.0,0.0,1.0,False
C000352,P0064,E14,F016,Licitación Pública,Consultoría en ingeniería,14798.98,2024-04-30,False,False,14798.98,-0.8100494183519736,0.0,0.0,0.0,0.0,1.0,False
C001230,P0211,E03,F000,Comparación de Precios,Adquisición de materiales de construcción,55937.88,2023-04-19,False,False,55937.88,-0.39479297297404237,0.0,1.0,0.0,0.0,0.0,True
C002709,P0048,E12,F050,Contratación Directa,Adquisición de equipos informáticos,64683.825,2025-09-01,False,False,64683.825,-0.30651132149160387,0.0,0.0,0.0,1.0,0.0,True
C000444,P0124,E06,F039,Adjudicación Simplificada,Suministro de combustible,174287.6,2023-11-24,False,False,174287.6,0.7998302191549028,1.0,0.0,0.0,0.0,0.0,False
C900025,P0000,E15,F035,Contratación Directa,Adquisición de bienes de oficina,173996.48,2024-05-31,True,False,173996.48,0.7968916511237104,0.0,0.0,0.0,1.0,0.0,True
C000754,P0114,E06,F006,Adjudicación Simplificada,Suministro de combustible,103822.04,2024-09-27,False,False,103822.04,0.08855019058910879,1.0,0.0,0.0,0.0,0.0,False
C001737,P0156,E12,F050,Concurso Público,Obra de rehabilitación vial,172614.22,2024-10-13,False,False,172614.22,0.7829391056208383,0.0,0.0,1.0,0.0,0.0,False
C000923,P0061,E14,F040,Contratación Directa,Adquisición de bienes de oficina,200690.8,2025-11-04,False,False,200690.8,1.0663443694749792,0.0,0.0,0.0,1.0,0.0,True
C001666,P0155,E05,F045,Contratación Directa,Adquisición de equipos informáticos,56814.92,2023-03-23,False,False,56814.92,-0.38594012292568763,0.0,0.0,0.0,1.0,0.0,True
C900065,P0049,E16,F002,Contratación Directa,Servicio de mantenimiento de infraestructura,119329.1,2026-02-28,True,False,119329.1,0.24507860077660307,0.0,0.0,0.0,1.0,0.0,True
C002531,P0168,E08,F015,Adjudicación Simplificada,Servicio de capacitación,22117.14,2025-10-12,False,False,22117.14,-0.7361798421526353,1.0,0.0,0.0,0.0,0.0,False
C000311,P0192,E17,F031,Comparación de Precios,Servicio de mantenimiento de infraestructura,138679.75,2024-05-27,False,False,138679.75,0.4404042447474546,0.0,1.0,0.0,0.0,0.0,True
C001375,P0193,E16,F002,Adjudicación Simplificada,Servicio de transporte,47565.54,2025-03-24,False,False,47565.54,-0.47930345205577446,1.0,0.0,0.0,0.0,0.0,False
C000548,P0046,E08,F020,Comparación de Precios,Adquisición de materiales de construcción,22223.24,2025-07-03,False,False,22223.24,-0.7351088677499507,0.0,1.0,0.0,0.0,0.0,True
C002398,P0048,E17,F003,Contratación Directa,Adquisición de bienes de oficina,46100.67,2025-10-05,False,False,46100.67,-0.4940898636793417,0.0,0.0,0.0,1.0,0.0,True
C001746,P0088,E17,F003,Comparación de Precios,Adquisición de bienes de oficina,23537.01,2024-06-09,False,False,23537.01,-0.7218476609543348,0.0,1.0,0.0,0.0,0.0,True
C002379,P0217,E17,F031,Adjudicación Simplificada,Servicio de mantenimiento de infraestructura,29100.49,2025-08-09,False,False,29100.49,-0.6656898412573761,1.0,0.0,0.0,0.0,0.0,False
C002822,P0042,E00,F041,Contratación Directa,Adquisición de equipos informáticos,178172.55,2024-12-13,False,False,178172.55,0.8390449411691275,0.0,0.0,0.0,1.0,0.0,True
C000306,P0080,E01,F048,Contratación Directa,Adquisición de equipos informáticos,8651.34,2025-03-06,False,False,8651.34,-0.872103754609462,0.0,0.0,0.0,1.0,0.0,True
C000287,P0180,E13,F055,Adjudicación Simplificada,Servicio de mantenimiento de infraestructura,75883.05,2023-02-10,False,False,75883.05,-0.19346623850475528,1.0,0.0,0.0,0.0,0.0,False
C000694,P0184,E03,F000,Contratación Directa,Obra de rehabilitación vial,121072.9,2023-02-18,False,False,121072.9,0.26268053445616263,0.0,0.0,0.0,1.0,0.0,True
C000308,P0167,E06,F006,Licitación Pública,Adquisición de bienes de oficina,7081.96,2024-08-21,False,False,7081.96,-0.8879450911606875,0.0,0.0,0.0,0.0,1.0,False
C002651,P0030,E07,F036,Adjudicación Simplificada,Servicio de mantenimiento de infraestructura,147072.71,2024-08-25,False,False,147072.71,0.5251228623040533,1.0,0.0,0.0,0.0,0.0,False
C002827,P0169,E13,F058,Adjudicación Simplificada,Consultoría en ingeniería,53325.62,2025-04-12,False,False,53325.62,-0.4211611501008725,1.0,0.0,0.0,0.0,0.0,False
C002289,P0126,E00,F038,Contratación Directa,Consultoría en ingeniería,83465.19,2024-08-15,False,False,83465.19,-0.11693204569070756,0.0,0.0,0.0,1.0,0.0,True
C000749,P0215,E08,F005,Adjudicación Simplificada,Adquisición de bienes de oficina,121078.01,2025-03-11,False,False,121078.01,0.262732114844454,1.0,0.0,0.0,0.0,0.0,False
C001590,P0100,E11,F007,Contratación Directa,Suministro de combustible,56584.54,2024-08-31,False,False,56584.54,-0.38826558082286444,0.0,0.0,0.0,1.0,0.0,True
C001170,P0032,E17,F012,Adjudicación Simplificada,Suministro de combustible,66331.67,2024-09-16,False,False,66331.67,-0.28987795848885467,1.0,0.0,0.0,0.0,0.0,False
C001813,P0206,E02,F025,Adjudicación Simplificada,Consultoría en ingeniería,57007.93,2025-11-29,False,False,57007.93,-0.38399187816167124,1.0,0.0,0.0,0.0,0.0,False
C001266,P0218,E14,F040,Comparación de Precios,Suministro de combustible,66928.83,2023-11-17,False,False,66928.83,-0.28385021980547015,0.0,1.0,0.0,0.0,0.0,True
C003090,P0083,E06,F039,Concurso Público,Adquisición de materiales de construcción,89229.11,2024-08-03,False,False,89229.11,-0.058750982739516226,0.0,0.0,1.0,0.0,0.0,False
C003466,P0048,E00,F041,Adjudicación Simplificada,Servicio de mantenimiento de infraestructura,22895.96,2025-11-17,False,False,22895.96,-0.728318425712496,1.0,0.0,0.0,0.0,0.0,False
C000908,P0068,E08,F028,Concurso Público,Adquisición de bienes de oficina,87209.59,2023-12-17,False,False,87209.59,-0.07913603670473264,0.0,0.0,1.0,0.0,0.0,False
C001918,P0202,E01,F048,Adjudicación Simplificada,Suministro de combustible,74040.43,2026-04-29,False,False,74040.43,-0.21206566219820083,1.0,0.0,0.0,0.0,0.0,False
C000086,P0200,E09,F034,Adjudicación Simplificada,Servicio de limpieza y vigilancia,21327.17,2024-03-10,False,False,21327.17,-0.7441538067981461,1.0,0.0,0.0,0.0,0.0,False
C002852,P0121,E10,F008,Adjudicación Simplificada,Obra de rehabilitación vial,387501.1,2025-08-05,False,False,387501.1,2.95200930310191,1.0,0.0,0.0,0.0,0.0,False
C001874,P0208,E12,F050,Adjudicación Simplificada,Servicio de transporte,22541.47,2023-09-19,False,False,22541.47,-0.7318966511225586,1.0,0.0,0.0,0.0,0.0,False
C002984,P0134,E10,F008,Adjudicación Simplificada,Servicio de capacitación,40748.19,2023-10-13,False,False,40748.19,-0.5481178473822718,1.0,0.0,0.0,0.0,0.0,False
C000970,P0122,E13,F055,Comparación de Precios,Servicio de transporte,29861.37,2023-10-27,False,False,29861.37,-0.6580095113467767,0.0,1.0,0.0,0.0,0.0,True
C000013,P0093,E06,F039,Contratación Directa,Consultoría en ingeniería,56397.34,2024-08-02,False,False,56397.34,-0.39015517939197425,0.0,0.0,0.0,1.0,0.0,True
C000873,P0039,E01,F048,Licitación Pública,Servicio de capacitación,46830.0,2025-12-02,False,False,46830.0,-0.4867279997669015,0.0,0.0,0.0,0.0,1.0,False
C001723,P0067,E17,F031,Adjudicación Simplificada,Adquisición de materiales de construcción,167948.57,2026-04-21,False,False,167948.57,0.7358439904287077,1.0,0.0,0.0,0.0,0.0,False
C000808,P0108,E09,F043,Adjudicación Simplificada,Adquisición de materiales de construcción,51685.19,2023-06-17,False,False,51685.19,-0.43771966602354717,1.0,0.0,0.0,0.0,0.0,False
C003088,P0082,E17,F031,Licitación Pública,Servicio de transporte,9227.09,2025-12-05,False,False,9227.09,-0.86629212866841,0.0,0.0,0.0,0.0,1.0,False
C000514,P0084,E14,F040,Comparación de Precios,Servicio de capacitación,22971.01,2023-05-22,False,False,22971.01,-0.7275608703032457,0.0,1.0,0.0,0.0,0.0,True
C002889,P0116,E11,F007,Adjudicación Simplificada,Adquisición de materiales de construcción,92503.83,2025-08-22,False,False,92503.83,-0.025695928112192217,1.0,0.0,0.0,0.0,0.0,False
C000409,P0150,E07,F013,Adjudicación Simplificada,Obra de rehabilitación vial,129295.65,2025-08-27,False,False,129295.65,0.3456810506642135,1.0,0.0,0.0,0.0,0.0,False
C002066,P0030,E14,F029,Adjudicación Simplificada,Servicio de limpieza y vigilancia,141994.77,2025-11-30,False,False,141994.77,0.4738660879556285,1.0,0.0,0.0,0.0,0.0,False
C001337,P0213,E13,F056,Contratación Directa,Servicio de limpieza y vigilancia,15734.17,2024-05-19,False,False,15734.17,-0.8006096016540798,0.0,0.0,0.0,1.0,0.0,True
C001413,P0126,E15,F035,Comparación de Precios,Adquisición de materiales de construcción,47338.09,2023-08-17,False,False,47338.09,-0.48159933450526177,0.0,1.0,0.0,0.0,0.0,True
C002715,P0188,E08,F020,Adjudicación Simplificada,Adquisición de bienes de oficina,48830.43,2023-05-13,False,False,48830.43,-0.4665356404420927,1.0,0.0,0.0,0.0,0.0,False
C002971,P0123,E08,F015,Adjudicación Simplificada,Servicio de mantenimiento de infraestructura,23495.09,2023-04-08,False,False,23495.09,-0.7222708018304944,1.0,0.0,0.0,0.0,0.0,False
C003303,P0178,E08,F015,Adjudicación Simplificada,Servicio de capacitación,67424.5,2025-06-19,False,False,67424.5,-0.27884692214120405,1.0,0.0,0.0,0.0,0.0,False
C001971,P0107,E04,F019,Licitación Pública,Adquisición de materiales de construcción,70692.51,2025-06-19,False,False,70692.51,-0.2458595983172921,0.0,0.0,0.0,0.0,1.0,False
C000006,P0124,E07,F013,Adjudicación Simplificada,Suministro de combustible,43145.22,2023-06-18,False,False,43145.22,-0.5239222039094452,1.0,0.0,0.0,0.0,0.0,False
C000382,P0196,E04,F030,Licitación Pública,Consultoría en ingeniería,96290.8,2026-03-23,False,False,96290.8,0.012529782856085128,0.0,0.0,0.0,0.0,1.0,False
C002172,P0202,E12,F021,Concurso Público,Servicio de capacitación,19362.15,2025-06-28,False,False,19362.15,-0.7639887372483171,0.0,0.0,1.0,0.0,0.0,False
C002631,P0081,E11,F049,Concurso Público,Consultoría en ingeniería,39380.4,2024-04-25,False,False,39380.4,-0.5619243325683968,0.0,0.0,1.0,0.0,0.0,False
C001793,P0183,E13,F058,Concurso Público,Obra de rehabilitación vial,27643.93,2025-07-18,False,False,27643.93,-0.6803923716624107,0.0,0.0,1.0,0.0,0.0,False
C001949,P0052,E17,F031,Adjudicación Simplificada,Servicio de transporte,199292.24,2024-07-19,False,False,199292.24,1.0522272916180662,1.0,0.0,0.0,0.0,0.0,False
C002221,P0063,E02,F044,Adjudicación Simplificada,Adquisición de equipos informáticos,251423.26,2024-10-28,False,False,251423.26,1.5784383001556266,1.0,0.0,0.0,0.0,0.0,False
C001713,P0057,E08,F005,Comparación de Precios,Consultoría en ingeniería,151162.05,2023-11-06,False,False,151162.05,0.5664006989098398,0.0,1.0,0.0,0.0,0.0,True
C002346,P0166,E05,F001,Comparación de Precios,Servicio de mantenimiento de infraestructura,197337.79,2024-09-11,False,False,197337.79,1.0324990548477857,0.0,1.0,0.0,0.0,0.0,True
C001987,P0042,E02,F044,Licitación Pública,Adquisición de materiales de construcción,242153.73,2024-07-06,False,False,242153.73,1.484871576735115,0.0,0.0,0.0,0.0,1.0,False
C001393,P0116,E06,F039,Contratación Directa,Consultoría en ingeniería,43389.7,2023-04-13,False,False,43389.7,-0.5214544204790182,0.0,0.0,0.0,1.0,0.0,True
C000552,P0099,E13,F055,Comparación de Precios,Adquisición de equipos informáticos,79769.07,2024-12-22,False,False,79769.07,-0.1542407159004185,0.0,1.0,0.0,0.0,0.0,True
C003343,P0152,E07,F036,Comparación de Precios,Adquisición de bienes de oficina,60244.67,2025-02-24,False,False,60244.67,-0.3513201940132724,0.0,1.0,0.0,0.0,0.0,True
C000222,P0087,E14,F016,Comparación de Precios,Suministro de combustible,78640.75,2025-04-13,False,False,78640.75,-0.16562998864346293,0.0,1.0,0.0,0.0,0.0,True
C001382,P0214,E00,F010,Comparación de Precios,Obra de rehabilitación vial,73766.94,2023-09-18,False,False,73766.94,-0.21482627284278313,0.0,1.0,0.0,0.0,0.0,True
C001096,P0182,E13,F058,Adjudicación Simplificada,Consultoría en ingeniería,50106.02,2025-12-01,False,False,50106.02,-0.45365982292729207,1.0,0.0,0.0,0.0,0.0,False
C003114,P0218,E16,F042,Comparación de Precios,Consultoría en ingeniería,166323.14,2025-09-08,False,False,166323.14,0.7194368846477888,0.0,1.0,0.0,0.0,0.0,True
C000008,P0131,E08,F005,Contratación Directa,Servicio de capacitación,20243.96,2025-07-11,False,False,20243.96,-0.7550877387748841,0.0,0.0,0.0,1.0,0.0,True
C000634,P0095,E10,F004,Adjudicación Simplificada,Consultoría en ingeniería,4836.3,2025-01-26,False,False,4836.3,-0.9106128044230112,1.0,0.0,0.0,0.0,0.0,False
C000316,P0030,E16,F057,Contratación Directa,Adquisición de equipos informáticos,19018.51,2023-10-28,False,False,19018.51,-0.7674574426558433,0.0,0.0,0.0,1.0,0.0,True
C001328,P0208,E17,F003,Licitación Pública,Servicio de capacitación,105694.84,2024-02-29,False,False,105694.84,0.10745425148776654,0.0,0.0,0.0,0.0,1.0,False
C000427,P0027,E08,F020,Concurso Público,Consultoría en ingeniería,86374.79,2025-10-26,False,False,86374.79,-0.08756251579390367,0.0,0.0,1.0,0.0,0.0,False
C002887,P0064,E15,F035,Adjudicación Simplificada,Servicio de transporte,14549.34,2026-03-06,False,False,14549.34,-0.8125692868711647,1.0,0.0,0.0,0.0,0.0,False
C000105,P0195,E04,F030,Concurso Público,Obra de rehabilitación vial,106890.6,2024-03-12,False,False,106890.6,0.1195242642281441,0.0,0.0,1.0,0.0,0.0,False
C002020,P0215,E02,F011,Adjudicación Simplificada,Adquisición de bienes de oficina,283470.07,2025-05-27,False,False,283470.07,1.90191910314992,1.0,0.0,0.0,0.0,0.0,False
C000142,P0186,E02,F011,Adjudicación Simplificada,Servicio de transporte,25718.21,2023-08-25,False,False,25718.21,-0.6998306075411821,1.0,0.0,0.0,0.0,0.0,False
C000121,P0013,E06,F039,Contratación Directa,Suministro de combustible,24086.94,2024-01-21,False,False,24086.94,-0.7162966623372914,0.0,0.0,0.0,1.0,0.0,True
C001902,P0048,E10,F008,Adjudicación Simplificada,Servicio de mantenimiento de infraestructura,94677.86,2023-10-23,False,False,94677.86,-0.0037512487467987955,1.0,0.0,0.0,0.0,0.0,False
C002840,P0175,E15,F035,Concurso Público,Adquisición de materiales de construcción,49186.39,2024-02-05,False,False,49186.39,-0.46294257683813816,0.0,0.0,1.0,0.0,0.0,False
C003439,P0112,E07,F036,Comparación de Precios,Servicio de capacitación,233899.72,2025-10-24,False,False,233899.72,1.4015555217916453,0.0,1.0,0.0,0.0,0.0,True
C001189,P0024,E09,F043,Contratación Directa,Adquisición de equipos informáticos,43624.63,2024-05-25,False,False,43624.63,-0.5190830348388422,0.0,0.0,0.0,1.0,0.0,True
C002513,P0141,E04,F053,Adjudicación Simplificada,Adquisición de materiales de construcción,17976.84,2024-04-29,False,False,17976.84,-0.7779720694800127,1.0,0.0,0.0,0.0,0.0,False
C003116,P0109,E07,F023,Concurso Público,Adquisición de bienes de oficina,113250.19,2023-03-22,False,False,113250.19,0.18371802578863883,0.0,0.0,1.0,0.0,0.0,False
C002335,P0150,E03,F000,Concurso Público,Servicio de limpieza y vigilancia,34238.73,2025-12-27,False,False,34238.73,-0.6138243981390938,0.0,0.0,1.0,0.0,0.0,False
C001689,P0141,E09,F046,Adjudicación Simplificada,Adquisición de equipos informáticos,32547.05,2025-12-29,False,False,32547.05,-0.6309002320461001,1.0,0.0,0.0,0.0,0.0,False
C000115,P0139,E10,F026,Adjudicación Simplificada,Adquisición de equipos informáticos,209342.09,2025-01-21,False,False,209342.09,1.1536705724928928,1.0,0.0,0.0,0.0,0.0,False
C003416,P0123,E03,F000,Comparación de Precios,Servicio de mantenimiento de infraestructura,109879.82,2025-11-11,False,False,109879.82,0.14969747915738676,0.0,1.0,0.0,0.0,0.0,True
C003200,P0168,E01,F048,Comparación de Precios,Consultoría en ingeniería,51135.24,2026-02-12,False,False,51135.24,-0.4432708665207796,0.0,1.0,0.0,0.0,0.0,True
C001894,P0059,E07,F013,Adjudicación Simplificada,Servicio de limpieza y vigilancia,125920.6,2026-03-24,False,False,125920.6,0.31161326406873374,1.0,0.0,0.0,0.0,0.0,False
C002577,P0211,E14,F016,Licitación Pública,Servicio de capacitación,99470.14,2023-05-18,False,False,99470.14,0.044622070862032556,0.0,0.0,0.0,0.0,1.0,False
C003358,P0212,E04,F019,Contratación Directa,Servicio de limpieza y vigilancia,33217.86,2023-12-05,False,False,33217.86,-0.6241290695666957,0.0,0.0,0.0,1.0,0.0,True
C900039,P0138,E00,F010,Contratación Directa,Servicio de mantenimiento de infraestructura,119012.18,2026-01-11,True,False,119012.18,0.24187960730159086,0.0,0.0,0.0,1.0,0.0,True
C002431,P0191,E06,F006,Adjudicación Simplificada,Suministro de combustible,23662.44,2025-08-01,False,False,23662.44,-0.7205815693489745,1.0,0.0,0.0,0.0,0.0,False
C002648,P0047,E10,F026,Adjudicación Simplificada,Obra de rehabilitación vial,287866.14,2024-02-16,False,False,287866.14,1.9462930752744194,1.0,0.0,0.0,0.0,0.0,False
C000672,P0031,E15,F035,Adjudicación Simplificada,Servicio de mantenimiento de infraestructura,30737.82,2025-02-14,False,False,30737.82,-0.6491626167639977,1.0,0.0,0.0,0.0,0.0,False
C002462,P0025,E07,F023,Contratación Directa,Servicio de limpieza y vigilancia,13813.52,2025-04-06,False,False,13813.52,-0.8199966609049377,0.0,0.0,0.0,1.0,0.0,True
C000091,P0176,E12,F050,Adjudicación Simplificada,Obra de rehabilitación vial,46512.79,2025-04-10,False,False,46512.79,-0.48992992050465417,1.0,0.0,0.0,0.0,0.0,False
C001109,P0017,E15,F035,Adjudicación Simplificada,Servicio de transporte,53062.8,2025-09-09,False,False,53062.8,-0.42381405766461944,1.0,0.0,0.0,0.0,0.0,False
C002124,P0188,E00,F038,Comparación de Precios,Adquisición de bienes de oficina,376354.89,2023-07-14,False,False,376354.89,2.8394993540260733,0.0,1.0,0.0,0.0,0.0,True
C000591,P0182,E04,F019,Comparación de Precios,Servicio de transporte,345465.32,2026-01-02,False,False,345465.32,2.527699742528129,0.0,1.0,0.0,0.0,0.0,True
C002090,P0017,E05,F037,Adjudicación Simplificada,Suministro de combustible,132901.69,2024-01-12,False,False,132901.69,0.382080452502635,1.0,0.0,0.0,0.0,0.0,False
C003345,P0143,E11,F054,Adjudicación Simplificada,Adquisición de bienes de oficina,32459.67,2023-08-24,False,False,32459.67,-0.6317822465918737,1.0,0.0,0.0,0.0,0.0,False
C002138,P0184,E16,F024,Licitación Pública,Suministro de combustible,36162.34,2026-02-11,False,False,36162.34,-0.5944074606202627,0.0,0.0,0.0,0.0,1.0,False
C000888,P0050,E12,F021,Adjudicación Simplificada,Consultoría en ingeniería,90697.01,2024-11-02,False,False,90697.01,-0.04393398626731442,1.0,0.0,0.0,0.0,0.0,False
C002284,P0198,E07,F023,Comparación de Precios,Suministro de combustible,24242.79,2023-07-15,False,False,24242.79,-0.714723510964451,0.0,1.0,0.0,0.0,0.0,True
C002792,P0086,E08,F028,Comparación de Precios,Consultoría en ingeniería,23655.36,2025-04-14,False,False,23655.36,-0.7206530349358832,0.0,1.0,0.0,0.0,0.0,True
C001576,P0137,E06,F039,Adjudicación Simplificada,Suministro de combustible,30077.15,2024-12-27,False,False,30077.15,-0.6558314259875753,1.0,0.0,0.0,0.0,0.0,False
C002344,P0049,E14,F029,Contratación Directa,Servicio de transporte,108763.73,2023-02-08,False,False,108763.73,0.13843165614992034,0.0,0.0,0.0,1.0,0.0,True
C001714,P0010,E13,F058,Contratación Directa,Adquisición de materiales de construcción,32674.83,2025-06-11,False,False,32674.83,-0.6296104195185315,0.0,0.0,0.0,1.0,0.0,True
C000213,P0164,E05,F009,Comparación de Precios,Consultoría en ingeniería,18915.77,2026-02-13,False,False,18915.77,-0.7684945011867744,0.0,1.0,0.0,0.0,0.0,True
C000778,P0054,E08,F028,Concurso Público,Obra de rehabilitación vial,114121.24,2024-03-09,False,False,114121.24,0.19251041272038588,0.0,0.0,1.0,0.0,0.0,False
C002586,P0088,E14,F040,Adjudicación Simplificada,Consultoría en ingeniería,99633.66,2026-06-19,False,False,99633.66,0.046272643287357515,1.0,0.0,0.0,0.0,0.0,False
C001448,P0205,E14,F040,Comparación de Precios,Consultoría en ingeniería,94016.86,2026-04-30,False,False,94016.86,-0.01042338899349505,0.0,1.0,0.0,0.0,0.0,True
C002227,P0202,E09,F033,Licitación Pública,Adquisición de equipos informáticos,93274.8,2024-06-16,False,False,93274.8,-0.017913749646238483,0.0,0.0,0.0,0.0,1.0,False
C000800,P0104,E02,F051,Licitación Pública,Servicio de limpieza y vigilancia,21010.79,2025-10-21,False,False,21010.79,-0.747347349508055,0.0,0.0,0.0,0.0,1.0,False
C002968,P0091,E15,F035,Adjudicación Simplificada,Adquisición de bienes de oficina,65242.18,2023-07-15,False,False,65242.18,-0.30087528084494103,1.0,0.0,0.0,0.0,0.0,False
C002071,P0082,E04,F019,Comparación de Precios,Servicio de limpieza y vigilancia,60259.78,2025-02-13,False,False,60259.78,-0.35116767353047723,0.0,1.0,0.0,0.0,0.0,True
C002130,P0095,E15,F035,Licitación Pública,Adquisición de materiales de construcción,9624.73,2023-11-02,False,False,9624.73,-0.8622783467505638,0.0,0.0,0.0,0.0,1.0,False
C001567,P0088,E11,F007,Comparación de Precios,Servicio de transporte,32847.06,2023-04-26,False,False,32847.06,-0.6278719282708939,0.0,1.0,0.0,0.0,0.0,True
C002740,P0131,E05,F059,Adjudicación Simplificada,Adquisición de equipos informáticos,22176.06,2023-05-08,False,False,22176.06,-0.7355851031158194,1.0,0.0,0.0,0.0,0.0,False
C003194,P0055,E11,F049,Comparación de Precios,Adquisición de equipos informáticos,34541.99,2023-06-16,False,False,34541.99,-0.6107632888331739,0.0,1.0,0.0,0.0,0.0,True
C001518,P0043,E15,F035,Comparación de Precios,Obra de rehabilitación vial,178421.93,2026-05-21,False,False,178421.93,0.8415621852458615,0.0,1.0,0.0,0.0,0.0,True
C002420,P0213,E03,F000,Comparación de Precios,Adquisición de equipos informáticos,13373.46,2025-10-27,False,False,13373.46,-0.8244386307036686,0.0,1.0,0.0,0.0,0.0,True
C003252,P0193,E06,F039,Concurso Público,Servicio de transporte,13055.71,2025-02-20,False,False,13055.71,-0.8276460022065245,0.0,0.0,1.0,0.0,0.0,False
C001343,P0023,E13,F055,Comparación de Precios,Adquisición de equipos informáticos,40094.78,2026-06-03,False,False,40094.78,-0.5547133740972398,0.0,1.0,0.0,0.0,0.0,True
C000273,P0027,E09,F046,Comparación de Precios,Suministro de combustible,12024.83,2025-03-10,False,False,12024.83,-0.8380517146687246,0.0,1.0,0.0,0.0,0.0,True
C001812,P0061,E12,F021,Licitación Pública,Suministro de combustible,354341.38,2025-06-18,False,False,354341.38,2.6172947760502026,0.0,0.0,0.0,0.0,1.0,False
C000071,P0012,E00,F010,Comparación de Precios,Adquisición de bienes de oficina,86381.72,2023-04-10,False,False,86381.72,-0.08749256430841251,0.0,1.0,0.0,0.0,0.0,True
C000720,P0096,E09,F046,Comparación de Precios,Servicio de capacitación,63840.1,2025-11-07,False,False,63840.1,-0.3150278896151194,0.0,1.0,0.0,0.0,0.0,True
C001740,P0112,E14,F040,Comparación de Precios,Suministro de combustible,108763.49,2025-05-24,False,False,108763.49,0.13842923358765236,0.0,1.0,0.0,0.0,0.0,True
C001087,P0215,E02,F044,Concurso Público,Adquisición de equipos informáticos,118613.87,2024-12-13,False,False,118613.87,0.237859062397413,0.0,0.0,1.0,0.0,0.0,False
C000394,P0112,E09,F046,Comparación de Precios,Adquisición de bienes de oficina,37427.59,2023-09-08,False,False,37427.59,-0.5816360151631789,0.0,1.0,0.0,0.0,0.0,True
C000583,P0162,E01,F018,Comparación de Precios,Adquisición de bienes de oficina,336858.52,2025-01-09,False,False,336858.52,2.4408226219906624,0.0,1.0,0.0,0.0,0.0,True
C003483,P0218,E05,F032,Adjudicación Simplificada,Servicio de capacitación,50840.42,2024-05-08,False,False,50840.42,-0.44624678238693843,1.0,0.0,0.0,0.0,0.0,False
C002419,P0199,E09,F027,Comparación de Precios,Adquisición de materiales de construcción,42749.77,2026-01-26,False,False,42749.77,-0.5279138799465951,0.0,1.0,0.0,0.0,0.0,True
C002426,P0050,E02,F051,Adjudicación Simplificada,Servicio de limpieza y vigilancia,152065.53,2025-12-27,False,False,152065.53,0.5755204345680625,1.0,0.0,0.0,0.0,0.0,False
C000500,P0021,E13,F058,Comparación de Precios,Servicio de mantenimiento de infraestructura,5222.6,2023-03-29,False,False,5222.6,-0.9067134885723322,0.0,1.0,0.0,0.0,0.0,True
C002441,P0147,E00,F041,Concurso Público,Adquisición de materiales de construcción,47352.83,2026-01-01,False,False,47352.83,-0.4814505488059632,0.0,0.0,1.0,0.0,0.0,False
C002669,P0036,E13,F055,Contratación Directa,Servicio de mantenimiento de infraestructura,43086.77,2024-05-02,False,False,43086.77,-0.5245121987618195,0.0,0.0,0.0,1.0,0.0,True
C002019,P0196,E14,F040,Comparación de Precios,Suministro de combustible,97143.16,2025-07-11,False,False,97143.16,0.021133512751204682,0.0,1.0,0.0,0.0,0.0,True
C800001,P0066,E13,F056,Adjudicación Simplificada,Adquisición de bienes de oficina,265009.49,2024-03-13,False,True,265009.49,1.7155778341705614,1.0,0.0,0.0,0.0,0.0,False
C003443,P0047,E01,F017,Contratación Directa,Adquisición de bienes de oficina,33371.54,2025-10-19,False,False,33371.54,-0.6225778221943624,0.0,0.0,0.0,1.0,0.0,True
C002367,P0112,E10,F004,Comparación de Precios,Adquisición de equipos informáticos,230833.65,2023-10-11,False,False,230833.65,1.3706065822361415,0.0,1.0,0.0,0.0,0.0,True
C002091,P0155,E04,F019,Licitación Pública,Servicio de transporte,524459.84,2026-05-02,False,False,524459.84,4.334472118973027,0.0,0.0,0.0,0.0,1.0,False
C001763,P0139,E09,F046,Concurso Público,Suministro de combustible,14993.75,2024-02-01,False,False,14993.75,-0.8080834081313246,0.0,0.0,1.0,0.0,0.0,False
C003409,P0174,E14,F016,Contratación Directa,Adquisición de materiales de construcción,167348.14,2025-10-21,False,False,167348.14,0.7297832443344207,0.0,0.0,0.0,1.0,0.0,True
C001259,P0111,E05,F037,Comparación de Precios,Obra de rehabilitación vial,10573.2,2023-05-27,False,False,10573.2,-0.8527044816071689,0.0,1.0,0.0,0.0,0.0,True
C002189,P0204,E11,F049,Comparación de Precios,Servicio de mantenimiento de infraestructura,11670.41,2023-03-24,False,False,11670.41,-0.8416292334981257,0.0,1.0,0.0,0.0,0.0,True
C002274,P0163,E15,F035,Adjudicación Simplificada,Adquisición de materiales de construcción,36751.86,2024-09-11,False,False,36751.86,-0.5884568401690791,1.0,0.0,0.0,0.0,0.0,False
C000205,P0208,E03,F000,Adjudicación Simplificada,Servicio de mantenimiento de infraestructura,993720.1,2026-01-24,False,False,534351.0878000001,4.434314467742205,1.0,0.0,0.0,0.0,0.0,False
C000733,P0056,E01,F048,Comparación de Precios,Adquisición de equipos informáticos,55632.42,2024-05-08,False,False,55632.42,-0.3978762891007532,0.0,1.0,0.0,0.0,0.0,True
C001176,P0059,E17,F012,Comparación de Precios,Adquisición de materiales de construcción,13009.23,2024-11-16,False,False,13009.23,-0.828115171765778,0.0,1.0,0.0,0.0,0.0,True
C000526,P0112,E00,F041,Adjudicación Simplificada,Servicio de capacitación,139798.69,2024-03-09,False,False,139798.69,0.4516988356818545,1.0,0.0,0.0,0.0,0.0,False
C900037,P0138,E00,F010,Contratación Directa,Servicio de mantenimiento de infraestructura,183519.87,2024-01-11,True,False,183519.87,0.8930208397832937,0.0,0.0,0.0,1.0,0.0,True
C002010,P0219,E16,F057,Adjudicación Simplificada,Servicio de capacitación,163442.74,2025-09-13,False,False,163442.74,0.6903620998269354,1.0,0.0,0.0,0.0,0.0,False
C000898,P0023,E14,F040,Contratación Directa,Suministro de combustible,260084.99,2025-08-16,False,False,260084.99,1.6658698846322018,0.0,0.0,0.0,1.0,0.0,True
C000377,P0128,E16,F057,Adjudicación Simplificada,Adquisición de materiales de construcción,19588.0,2025-03-23,False,False,19588.0,-0.7617090052139505,1.0,0.0,0.0,0.0,0.0,False
C002528,P0210,E09,F027,Comparación de Precios,Adquisición de bienes de oficina,8378.13,2025-07-28,False,False,8378.13,-0.8748615389313982,0.0,1.0,0.0,0.0,0.0,True
C001559,P0038,E06,F006,Comparación de Precios,Servicio de capacitación,125528.03,2023-03-19,False,False,125528.03,0.30765065877880093,0.0,1.0,0.0,0.0,0.0,True
C003356,P0071,E05,F052,Adjudicación Simplificada,Servicio de transporte,57864.52,2025-08-16,False,False,57864.52,-0.37534545060657665,1.0,0.0,0.0,0.0,0.0,False
C003216,P0152,E12,F050,Comparación de Precios,Suministro de combustible,12913.62,2023-04-19,False,False,12913.62,-0.8290802600093281,0.0,1.0,0.0,0.0,0.0,True
C000348,P0097,E06,F039,Contratación Directa,Adquisición de materiales de construcción,5852.53,2026-03-30,False,False,5852.53,-0.9003549691992592,0.0,0.0,0.0,1.0,0.0,True
C000386,P0197,E12,F021,Contratación Directa,Consultoría en ingeniería,32331.82,2023-09-08,False,False,32331.82,-0.6330727657001038,0.0,0.0,0.0,1.0,0.0,True
C000198,P0178,E07,F023,Concurso Público,Servicio de limpieza y vigilancia,34973.2,2026-05-02,False,False,34973.2,-0.6064106510180788,0.0,0.0,1.0,0.0,0.0,False
C900021,P0051,E08,F028,Contratación Directa,Adquisición de bienes de oficina,109183.42,2026-01-24,True,False,109183.42,0.14266801097614723,0.0,0.0,0.0,1.0,0.0,True
C001709,P0057,E06,F006,Comparación de Precios,Servicio de limpieza y vigilancia,2975.81,2024-02-22,False,False,2975.81,-0.9293926080653349,0.0,1.0,0.0,0.0,0.0,True
C001050,P0028,E15,F035,Licitación Pública,Servicio de transporte,296818.2,2025-12-11,False,False,296818.2,2.0366552535147213,0.0,0.0,0.0,0.0,1.0,False
C000590,P0210,E15,F035,Comparación de Precios,Adquisición de bienes de oficina,35118.4,2024-08-16,False,False,35118.4,-0.6049450008458847,0.0,1.0,0.0,0.0,0.0,True
C000519,P0012,E11,F054,Contratación Directa,Servicio de capacitación,162095.13,2025-05-21,False,False,162095.13,0.676759311751519,0.0,0.0,0.0,1.0,0.0,True
C002429,P0062,E13,F055,Contratación Directa,Adquisición de materiales de construcción,43117.14,2026-02-05,False,False,43117.14,-0.5242056436948117,0.0,0.0,0.0,1.0,0.0,True
C001628,P0039,E10,F008,Comparación de Precios,Servicio de transporte,353520.95,2024-08-11,False,False,353520.95,2.6090133478768336,0.0,1.0,0.0,0.0,0.0,True
C002912,P0182,E07,F036,Licitación Pública,Adquisición de materiales de construcción,34536.72,2023-11-28,False,False,34536.72,-0.6108164842629773,0.0,0.0,0.0,0.0,1.0,False
C003317,P0046,E08,F022,Adjudicación Simplificada,Adquisición de materiales de construcción,49066.33,2025-10-14,False,False,49066.33,-0.46415446361274987,1.0,0.0,0.0,0.0,0.0,False
C000429,P0075,E17,F012,Concurso Público,Servicio de transporte,87525.69,2024-11-11,False,False,87525.69,-0.07594532031746981,0.0,0.0,1.0,0.0,0.0,False
C001083,P0187,E15,F035,Licitación Pública,Servicio de limpieza y vigilancia,85554.5,2025-02-23,False,False,85554.5,-0.0958425308059497,0.0,0.0,0.0,0.0,1.0,False
C002665,P0085,E08,F014,Adjudicación Simplificada,Servicio de mantenimiento de infraestructura,22316.42,2026-01-09,False,False,22316.42,-0.734168307949365,1.0,0.0,0.0,0.0,0.0,False
C002833,P0112,E08,F020,Comparación de Precios,Adquisición de equipos informáticos,101695.96,2025-08-03,False,False,101695.96,0.06708951897686086,0.0,1.0,0.0,0.0,0.0,True
C000207,P0104,E04,F019,Contratación Directa,Servicio de transporte,14792.72,2025-06-26,False,False,14792.72,-0.810112606851133,0.0,0.0,0.0,1.0,0.0,True
C000491,P0001,E02,F044,Licitación Pública,Servicio de mantenimiento de infraestructura,65163.92,2026-06-13,False,False,65163.92,-0.3016652380245272,0.0,0.0,0.0,0.0,1.0,False
C003306,P0029,E04,F030,Licitación Pública,Servicio de limpieza y vigilancia,30869.68,2024-11-15,False,False,30869.68,-0.6478316206778715,0.0,0.0,0.0,0.0,1.0,False
C001809,P0127,E01,F018,Concurso Público,Servicio de mantenimiento de infraestructura,94567.1,2024-05-11,False,False,94567.1,-0.004869261233522006,0.0,0.0,1.0,0.0,0.0,False
C002046,P0092,E14,F029,Adjudicación Simplificada,Obra de rehabilitación vial,21378.99,2024-02-03,False,False,21378.99,-0.7436307352284277,1.0,0.0,0.0,0.0,0.0,False
C003494,P0161,E00,F038,Comparación de Precios,Servicio de limpieza y vigilancia,33699.25,2024-07-26,False,False,33699.25,-0.6192699143573809,0.0,1.0,0.0,0.0,0.0,True
C000792,P0171,E13,F058,Comparación de Precios,Adquisición de materiales de construcción,12634.17,2024-12-20,False,False,12634.17,-0.8319010309502347,0.0,1.0,0.0,0.0,0.0,True
C003107,P0101,E10,F026,Contratación Directa,Adquisición de materiales de construcción,341172.59,2023-02-13,False,False,341172.59,2.4843688853402313,0.0,0.0,0.0,1.0,0.0,True
C002533,P0132,E16,F057,Adjudicación Simplificada,Servicio de limpieza y vigilancia,6926.47,2026-03-24,False,False,6926.47,-0.889514608690126,1.0,0.0,0.0,0.0,0.0,False
C001186,P0164,E07,F023,Adjudicación Simplificada,Servicio de transporte,80154.48,2023-10-30,False,False,80154.48,-0.15035038371815052,1.0,0.0,0.0,0.0,0.0,False
C001185,P0057,E15,F035,Comparación de Precios,Suministro de combustible,36256.41,2025-03-10,False,False,36256.41,-0.5934579171512662,0.0,1.0,0.0,0.0,0.0,True
C001550,P0210,E00,F010,Comparación de Precios,Suministro de combustible,127942.19,2026-06-27,False,False,127942.19,0.33201921263351236,0.0,1.0,0.0,0.0,0.0,True
C002314,P0054,E07,F036,Adjudicación Simplificada,Servicio de mantenimiento de infraestructura,162233.62,2023-10-04,False,False,162233.62,0.678157231120301,1.0,0.0,0.0,0.0,0.0,False
C001915,P0182,E14,F016,Licitación Pública,Consultoría en ingeniería,370779.18,2023-12-11,False,False,370779.18,2.7832180845935364,0.0,0.0,0.0,0.0,1.0,False
C002501,P0028,E15,F035,Contratación Directa,Servicio de limpieza y vigilancia,107535.77,2024-09-16,False,False,107535.77,0.12603661630524096,0.0,0.0,0.0,1.0,0.0,True
C002678,P0115,E14,F029,Comparación de Precios,Consultoría en ingeniería,450161.97,2025-12-14,False,False,450161.97,3.584508717050476,0.0,1.0,0.0,0.0,0.0,True
C001530,P0100,E03,F000,Concurso Público,Servicio de mantenimiento de infraestructura,59227.2,2023-08-18,False,False,59227.2,-0.36159054580874295,0.0,0.0,1.0,0.0,0.0,False
C001410,P0097,E00,F038,Adjudicación Simplificada,Consultoría en ingeniería,11852.16,2025-01-18,False,False,11852.16,-0.8397946472805204,1.0,0.0,0.0,0.0,0.0,False
C001476,P0186,E13,F055,Adjudicación Simplificada,Adquisición de bienes de oficina,666773.81,2025-06-30,False,False,534351.0878000001,4.434314467742205,1.0,0.0,0.0,0.0,0.0,False
C002861,P0070,E12,F021,Comparación de Precios,Servicio de limpieza y vigilancia,807722.69,2025-10-20,False,False,534351.0878000001,4.434314467742205,0.0,1.0,0.0,0.0,0.0,True
C001797,P0050,E11,F007,Concurso Público,Servicio de limpieza y vigilancia,52508.3,2025-02-14,False,False,52508.3,-0.429411185904851,0.0,0.0,1.0,0.0,0.0,False
C000083,P0140,E15,F035,Contratación Directa,Adquisición de materiales de construcción,46472.8,2025-08-31,False,False,46472.8,-0.49033357994257454,0.0,0.0,0.0,1.0,0.0,True
C002836,P0124,E14,F016,Adjudicación Simplificada,Servicio de transporte,64049.42,2023-11-04,False,False,64049.42,-0.31291501155696744,1.0,0.0,0.0,0.0,0.0,False
C002672,P0032,E17,F003,Licitación Pública,Obra de rehabilitación vial,14131.81,2023-02-10,False,False,14131.81,-0.8167838386369787,0.0,0.0,0.0,0.0,1.0,False
C000020,P0118,E15,F035,Concurso Público,Adquisición de bienes de oficina,998574.32,2023-10-19,False,False,534351.0878000001,4.434314467742205,0.0,0.0,1.0,0.0,0.0,False
C002013,P0104,E06,F039,Adjudicación Simplificada,Obra de rehabilitación vial,32958.29,2026-04-11,False,False,32958.29,-0.6267491715997289,1.0,0.0,0.0,0.0,0.0,False
C001627,P0150,E06,F006,Adjudicación Simplificada,Consultoría en ingeniería,40276.93,2023-12-17,False,False,40276.93,-0.5528747502758543,1.0,0.0,0.0,0.0,0.0,False
C002132,P0217,E15,F035,Adjudicación Simplificada,Servicio de limpieza y vigilancia,7936.76,2025-02-12,False,False,7936.76,-0.8793167318825093,1.0,0.0,0.0,0.0,0.0,False
C002159,P0046,E10,F026,Concurso Público,Servicio de capacitación,75268.02,2023-09-26,False,False,75268.02,-0.1996743571370179,0.0,0.0,1.0,0.0,0.0,False
C001405,P0025,E10,F008,Licitación Pública,Consultoría en ingeniería,80527.94,2024-06-24,False,False,80527.94,-0.14658067494881433,0.0,0.0,0.0,0.0,1.0,False
C002416,P0048,E12,F050,Licitación Pública,Servicio de limpieza y vigilancia,2645.26,2026-02-17,False,False,2645.26,-0.9327291828891555,0.0,0.0,0.0,0.0,1.0,False
C001730,P0065,E12,F050,Adjudicación Simplificada,Adquisición de materiales de construcción,7735.46,2023-08-06,False,False,7735.46,-0.8813486559848691,1.0,0.0,0.0,0.0,0.0,False
C001562,P0078,E15,F035,Licitación Pública,Servicio de transporte,95860.53,2026-05-26,False,False,95860.53,0.00818663340987329,0.0,0.0,0.0,0.0,1.0,False
C800016,P0147,E17,F012,Adjudicación Simplificada,Adquisición de bienes de oficina,198015.11,2025-12-15,False,True,198015.11,1.0393359293287119,1.0,0.0,0.0,0.0,0.0,False
C003229,P0031,E07,F023,Adjudicación Simplificada,Adquisición de bienes de oficina,45522.19,2026-06-06,False,False,45522.19,-0.4999290462661932,1.0,0.0,0.0,0.0,0.0,False
C003480,P0081,E03,F000,Contratación Directa,Servicio de capacitación,40492.2,2024-03-22,False,False,40492.2,-0.5507018128614727,0.0,0.0,0.0,1.0,0.0,True
C000973,P0022,E12,F021,Licitación Pública,Servicio de limpieza y vigilancia,39225.63,2024-06-11,False,False,39225.63,-0.563486582411031,0.0,0.0,0.0,0.0,1.0,False
C001710,P0088,E16,F057,Licitación Pública,Consultoría en ingeniería,34562.09,2025-05-12,False,False,34562.09,-0.6105603992432215,0.0,0.0,0.0,0.0,1.0,False
C003349,P0032,E03,F000,Licitación Pública,Servicio de limpieza y vigilancia,5653.11,2024-10-09,False,False,5653.11,-0.9023679165638524,0.0,0.0,0.0,0.0,1.0,False
C002355,P0038,E08,F022,Contratación Directa,Servicio de mantenimiento de infraestructura,80051.37,2024-10-09,False,False,80051.37,-0.15139117703257846,0.0,0.0,0.0,1.0,0.0,True
C000883,P0112,E09,F027,Licitación Pública,Adquisición de bienes de oficina,58025.93,2025-12-28,False,False,58025.93,-0.37371617654119194,0.0,0.0,0.0,0.0,1.0,False
C001098,P0133,E16,F042,Comparación de Precios,Servicio de transporte,29366.07,2025-11-10,False,False,29366.07,-0.6630090742275463,0.0,1.0,0.0,0.0,0.0,True
C000156,P0053,E17,F031,Licitación Pública,Servicio de capacitación,56477.0,2026-01-29,False,False,56477.0,-0.3893510905991575,0.0,0.0,0.0,0.0,1.0,False
C003175,P0199,E11,F007,Adjudicación Simplificada,Servicio de transporte,21182.61,2024-06-23,False,False,21182.61,-0.7456129968042919,1.0,0.0,0.0,0.0,0.0,False
C000886,P0172,E01,F048,Adjudicación Simplificada,Adquisición de equipos informáticos,142317.68,2024-08-24,False,False,142317.68,0.4771255445472483,1.0,0.0,0.0,0.0,0.0,False
C800025,P0067,E00,F038,Adjudicación Simplificada,Adquisición de equipos informáticos,176373.73,2024-10-31,False,True,176373.73,0.8208876350896086,1.0,0.0,0.0,0.0,0.0,False
C003464,P0029,E04,F019,Comparación de Precios,Servicio de mantenimiento de infraestructura,44274.93,2024-07-01,False,False,44274.93,-0.5125189004932649,0.0,1.0,0.0,0.0,0.0,True
C001512,P0130,E16,F057,Comparación de Precios,Servicio de transporte,190020.13,2025-03-17,False,False,190020.13,0.9586345256531724,0.0,1.0,0.0,0.0,0.0,True
C002966,P0171,E02,F011,Licitación Pública,Adquisición de bienes de oficina,69423.17,2025-12-01,False,False,69423.17,-0.25867232827302794,0.0,0.0,0.0,0.0,1.0,False
C002986,P0131,E10,F026,Comparación de Precios,Servicio de limpieza y vigilancia,38023.85,2023-09-16,False,False,38023.85,-0.5756173610882998,0.0,1.0,0.0,0.0,0.0,True
C003035,P0151,E15,F035,Concurso Público,Adquisición de equipos informáticos,134018.64,2026-02-07,False,False,134018.64,0.39335495635822876,0.0,0.0,1.0,0.0,0.0,False
C003198,P0148,E14,F040,Comparación de Precios,Consultoría en ingeniería,82164.26,2024-10-01,False,False,82164.26,-0.1300636454049808,0.0,1.0,0.0,0.0,0.0,True
C000737,P0038,E07,F036,Adjudicación Simplificada,Suministro de combustible,29347.21,2024-03-09,False,False,29347.21,-0.6631994472457802,1.0,0.0,0.0,0.0,0.0,False
C001453,P0207,E06,F006,Comparación de Precios,Adquisición de equipos informáticos,173733.77,2024-08-29,False,False,173733.77,0.7942398539010028,0.0,1.0,0.0,0.0,0.0,True
C001505,P0154,E01,F017,Comparación de Precios,Servicio de capacitación,41389.67,2025-01-18,False,False,41389.67,-0.5416427422000468,0.0,1.0,0.0,0.0,0.0,True
C002210,P0065,E03,F000,Adjudicación Simplificada,Servicio de mantenimiento de infraestructura,64461.66,2024-07-06,False,False,64461.66,-0.3087538571011458,1.0,0.0,0.0,0.0,0.0,False
C003178,P0151,E12,F021,Comparación de Precios,Adquisición de equipos informáticos,29594.59,2026-05-21,False,False,29594.59,-0.660702391187947,0.0,1.0,0.0,0.0,0.0,True
C000458,P0081,E05,F059,Adjudicación Simplificada,Servicio de transporte,123759.86,2023-03-19,False,False,123759.86,0.2898027340889357,1.0,0.0,0.0,0.0,0.0,False
C002366,P0047,E12,F021,Comparación de Precios,Servicio de mantenimiento de infraestructura,64206.23,2024-01-11,False,False,64206.23,-0.31133216993505447,0.0,1.0,0.0,0.0,0.0,True
C001951,P0094,E07,F036,Adjudicación Simplificada,Suministro de combustible,106173.32,2023-10-08,False,False,106173.32,0.11228403312958089,1.0,0.0,0.0,0.0,0.0,False
C000078,P0122,E17,F031,Comparación de Precios,Obra de rehabilitación vial,227700.02,2023-06-30,False,False,227700.02,1.3389756914021707,0.0,1.0,0.0,0.0,0.0,True
C003496,P0114,E02,F051,Adjudicación Simplificada,Servicio de limpieza y vigilancia,141655.44,2025-03-13,False,False,141655.44,0.4704408877288337,1.0,0.0,0.0,0.0,0.0,False
C002499,P0101,E02,F011,Concurso Público,Adquisición de equipos informáticos,75385.33,2026-03-23,False,False,75385.33,-0.1984902288883947,0.0,0.0,1.0,0.0,0.0,False
C001056,P0102,E02,F011,Adjudicación Simplificada,Servicio de transporte,187449.73,2024-02-18,False,False,187449.73,0.9326888837619349,1.0,0.0,0.0,0.0,0.0,False
C000906,P0101,E15,F035,Contratación Directa,Servicio de capacitación,40920.04,2026-06-07,False,False,40920.04,-0.5463831918582253,0.0,0.0,0.0,1.0,0.0,True
C002765,P0064,E15,F035,Adjudicación Simplificada,Obra de rehabilitación vial,24984.91,2023-02-05,False,False,24984.91,-0.7072325446711404,1.0,0.0,0.0,0.0,0.0,False
C003122,P0187,E00,F010,Adjudicación Simplificada,Adquisición de materiales de construcción,121004.19,2026-04-20,False,False,121004.19,0.2619869750668276,1.0,0.0,0.0,0.0,0.0,False
C003232,P0184,E15,F035,Comparación de Precios,Servicio de capacitación,35750.01,2025-04-03,False,False,35750.01,-0.5985695235369348,0.0,1.0,0.0,0.0,0.0,True
C000380,P0117,E03,F000,Adjudicación Simplificada,Servicio de transporte,7803.06,2023-05-14,False,False,7803.06,-0.880666300946024,1.0,0.0,0.0,0.0,0.0,False
C000947,P0052,E09,F043,Adjudicación Simplificada,Consultoría en ingeniería,66180.62,2024-11-24,False,False,66180.62,-0.29140265861633347,1.0,0.0,0.0,0.0,0.0,False
C002258,P0210,E07,F036,Concurso Público,Servicio de limpieza y vigilancia,100721.27,2026-02-10,False,False,100721.27,0.05725098890567721,0.0,0.0,1.0,0.0,0.0,False
C002412,P0207,E09,F034,Contratación Directa,Adquisición de bienes de oficina,84388.95,2024-12-04,False,False,84388.95,-0.10760760352083146,0.0,0.0,0.0,1.0,0.0,True
C003276,P0082,E01,F017,Comparación de Precios,Adquisición de equipos informáticos,84584.22,2025-09-08,False,False,84584.22,-0.10563654629545717,0.0,1.0,0.0,0.0,0.0,True
C000715,P0209,E08,F014,Adjudicación Simplificada,Adquisición de equipos informáticos,1313902.4,2026-03-22,False,False,534351.0878000001,4.434314467742205,1.0,0.0,0.0,0.0,0.0,False
C002401,P0176,E11,F054,Licitación Pública,Servicio de transporte,27180.03,2025-04-13,False,False,27180.03,-0.6850749826464386,0.0,0.0,0.0,0.0,1.0,False
C000686,P0026,E05,F037,Adjudicación Simplificada,Suministro de combustible,71476.2,2026-04-25,False,False,71476.2,-0.2379490240511296,1.0,0.0,0.0,0.0,0.0,False
C003074,P0147,E08,F015,Contratación Directa,Suministro de combustible,67076.23,2026-05-04,False,False,67076.23,-0.28236236281248533,0.0,0.0,0.0,1.0,0.0,True
C001293,P0085,E05,F037,Adjudicación Simplificada,Adquisición de bienes de oficina,8277.82,2023-08-17,False,False,8277.82,-0.8758740690193652,1.0,0.0,0.0,0.0,0.0,False
C000305,P0066,E07,F036,Adjudicación Simplificada,Servicio de capacitación,11133.05,2025-08-31,False,False,11133.05,-0.8470533504163779,1.0,0.0,0.0,0.0,0.0,False
C000209,P0175,E05,F047,Comparación de Precios,Obra de rehabilitación vial,204085.23,2023-05-16,False,False,204085.23,1.1006077779736074,0.0,1.0,0.0,0.0,0.0,True
C001143,P0057,E04,F019,Licitación Pública,Adquisición de bienes de oficina,61697.98,2025-02-21,False,False,61697.98,-0.3366504691389514,0.0,0.0,0.0,0.0,1.0,False
C002667,P0133,E10,F004,Contratación Directa,Adquisición de bienes de oficina,17763.66,2023-05-12,False,False,17763.66,-0.7801239104146431,0.0,0.0,0.0,1.0,0.0,True
C900070,P0049,E16,F002,Contratación Directa,Servicio de mantenimiento de infraestructura,256522.07,2026-06-29,True,False,256522.07,1.6299057364812806,0.0,0.0,0.0,1.0,0.0,True
C002718,P0033,E06,F039,Licitación Pública,Servicio de limpieza y vigilancia,9529.44,2023-07-04,False,False,9529.44,-0.8632402049110898,0.0,0.0,0.0,0.0,1.0,False
C000885,P0084,E00,F010,Adjudicación Simplificada,Adquisición de bienes de oficina,54219.09,2023-02-09,False,False,54219.09,-0.41214245547724826,1.0,0.0,0.0,0.0,0.0,False
C001929,P0189,E05,F045,Comparación de Precios,Adquisición de materiales de construcción,36284.97,2026-02-17,False,False,36284.97,-0.5931696322413635,0.0,1.0,0.0,0.0,0.0,True
C003205,P0142,E17,F003,Contratación Directa,Servicio de mantenimiento de infraestructura,42358.96,2025-02-14,False,False,42358.96,-0.5318587197798952,0.0,0.0,0.0,1.0,0.0,True
C000917,P0219,E16,F057,Comparación de Precios,Consultoría en ingeniería,163277.4,2023-09-09,False,False,163277.4,0.6886931563044109,0.0,1.0,0.0,0.0,0.0,True
C002696,P0201,E01,F017,Comparación de Precios,Adquisición de materiales de construcción,49543.05,2023-11-10,False,False,49543.05,-0.45934244742756825,0.0,1.0,0.0,0.0,0.0,True
C002225,P0046,E10,F004,Comparación de Precios,Suministro de combustible,54338.29,2023-03-01,False,False,54338.29,-0.4109392495507638,0.0,1.0,0.0,0.0,0.0,True
C000191,P0206,E02,F051,Concurso Público,Servicio de transporte,21567.76,2023-08-08,False,False,21567.76,-0.741725289064481,0.0,0.0,1.0,0.0,0.0,False
C002279,P0162,E16,F057,Adjudicación Simplificada,Servicio de capacitación,67482.73,2024-12-21,False,False,67482.73,-0.2782591479709089,1.0,0.0,0.0,0.0,0.0,False
C002446,P0147,E07,F036,Comparación de Precios,Servicio de limpieza y vigilancia,30234.35,2025-05-13,False,False,30234.35,-0.6542446477019768,0.0,1.0,0.0,0.0,0.0,True
C001265,P0154,E01,F048,Concurso Público,Suministro de combustible,2612.58,2026-05-10,False,False,2612.58,-0.9330590551179937,0.0,0.0,1.0,0.0,0.0,False
C000483,P0016,E15,F035,Licitación Pública,Adquisición de bienes de oficina,36672.33,2024-11-25,False,False,36672.33,-0.5892596167406672,0.0,0.0,0.0,0.0,1.0,False
C002711,P0099,E02,F044,Comparación de Precios,Servicio de limpieza y vigilancia,61530.634999999995,2025-05-02,False,False,61530.634999999995,-0.3383396511504241,0.0,1.0,0.0,0.0,0.0,True
C000915,P0197,E15,F035,Comparación de Precios,Consultoría en ingeniería,64809.99,2026-05-31,False,False,64809.99,-0.30523781078929757,0.0,1.0,0.0,0.0,0.0,True
C003115,P0038,E09,F033,Contratación Directa,Servicio de limpieza y vigilancia,179463.62,2023-10-28,False,False,179463.62,0.8520770139502201,0.0,0.0,0.0,1.0,0.0,True
C000277,P0125,E13,F055,Adjudicación Simplificada,Adquisición de materiales de construcción,30579.59,2025-12-01,False,False,30579.59,-0.6507597918793301,1.0,0.0,0.0,0.0,0.0,False
C000988,P0164,E06,F039,Comparación de Precios,Servicio de limpieza y vigilancia,16192.98,2025-07-04,False,False,16192.98,-0.7959783691781543,0.0,1.0,0.0,0.0,0.0,True
C002077,P0158,E05,F059,Comparación de Precios,Servicio de capacitación,246785.2,2026-06-12,False,False,246785.2,1.5316216786842316,0.0,1.0,0.0,0.0,0.0,True
C001245,P0049,E05,F045,Adjudicación Simplificada,Servicio de mantenimiento de infraestructura,11086.94,2023-01-23,False,False,11086.94,-0.8475187851921345,1.0,0.0,0.0,0.0,0.0,False
C002769,P0018,E07,F036,Adjudicación Simplificada,Adquisición de equipos informáticos,165077.98,2023-11-23,False,False,165077.98,0.7068682278405628,1.0,0.0,0.0,0.0,0.0,False
C000571,P0217,E01,F018,Comparación de Precios,Adquisición de bienes de oficina,205430.64,2023-09-29,False,False,205430.64,1.1141883592282333,0.0,1.0,0.0,0.0,0.0,True
C001435,P0134,E01,F017,Adjudicación Simplificada,Servicio de transporte,110049.16,2024-01-24,False,False,110049.16,0.15140679871771281,1.0,0.0,0.0,0.0,0.0,False
C002886,P0042,E01,F018,Adjudicación Simplificada,Adquisición de materiales de construcción,64536.72,2025-09-01,False,False,64536.72,-0.30799620075180084,1.0,0.0,0.0,0.0,0.0,False
C000993,P0039,E03,F000,Adjudicación Simplificada,Consultoría en ingeniería,169270.55,2025-03-06,False,False,169270.55,0.749188069041911,1.0,0.0,0.0,0.0,0.0,False
C002043,P0072,E07,F013,Adjudicación Simplificada,Obra de rehabilitación vial,96514.6,2024-08-18,False,False,96514.6,0.014788822171078533,1.0,0.0,0.0,0.0,0.0,False
C002545,P0181,E15,F035,Adjudicación Simplificada,Servicio de capacitación,75024.76,2024-05-28,False,False,75024.76,-0.2021298258759156,1.0,0.0,0.0,0.0,0.0,False
C000585,P0108,E17,F003,Licitación Pública,Obra de rehabilitación vial,114413.47,2023-06-01,False,False,114413.47,0.1954601851020682,0.0,0.0,0.0,0.0,1.0,False
C900029,P0000,E15,F035,Comparación de Precios,Adquisición de bienes de oficina,100525.62,2024-07-16,True,False,100525.62,0.055276095956711735,0.0,1.0,0.0,0.0,0.0,True
C000413,P0183,E01,F048,Licitación Pública,Suministro de combustible,157183.7,2023-11-12,False,False,157183.7,0.6271832909166758,0.0,0.0,0.0,0.0,1.0,False
C800019,P0008,E15,F035,Adjudicación Simplificada,Servicio de limpieza y vigilancia,61530.634999999995,2026-03-08,False,True,61530.634999999995,-0.3383396511504241,1.0,0.0,0.0,0.0,0.0,False
C001349,P0032,E10,F004,Adjudicación Simplificada,Servicio de transporte,4479.58,2024-09-11,False,False,4479.58,-0.9142135394741481,1.0,0.0,0.0,0.0,0.0,False
C001007,P0187,E13,F058,Adjudicación Simplificada,Adquisición de equipos informáticos,133409.47,2024-05-25,False,False,133409.47,0.38720598862134514,1.0,0.0,0.0,0.0,0.0,False
C000674,P0127,E04,F030,Concurso Público,Adquisición de bienes de oficina,104465.97,2024-11-16,False,False,104465.97,0.09505002609448726,0.0,0.0,1.0,0.0,0.0,False
C002247,P0171,E15,F035,Concurso Público,Adquisición de bienes de oficina,21690.32,2023-08-15,False,False,21690.32,-0.7404881672662433,0.0,0.0,1.0,0.0,0.0,False
C000855,P0053,E07,F013,Adjudicación Simplificada,Obra de rehabilitación vial,88891.62,2023-08-30,False,False,88891.62,-0.06215760998892251,1.0,0.0,0.0,0.0,0.0,False
C000447,P0036,E05,F032,Licitación Pública,Suministro de combustible,88808.5,2024-05-04,False,False,88808.5,-0.06299662405443743,0.0,0.0,0.0,0.0,1.0,False
C002677,P0044,E16,F002,Licitación Pública,Servicio de capacitación,43864.06,2023-07-29,False,False,43864.06,-0.5166662261561394,0.0,0.0,0.0,0.0,1.0,False
C000865,P0098,E09,F034,Comparación de Precios,Servicio de mantenimiento de infraestructura,228720.13,2024-01-09,False,False,228720.13,1.34927269138259,0.0,1.0,0.0,0.0,0.0,True
C002602,P0106,E17,F003,Comparación de Precios,Consultoría en ingeniería,83203.26,2023-10-30,False,False,83203.26,-0.11957596958604372,0.0,1.0,0.0,0.0,0.0,True
C002714,P0177,E09,F043,Comparación de Precios,Servicio de limpieza y vigilancia,97478.69,2023-02-19,False,False,97478.69,0.02452035574208817,0.0,1.0,0.0,0.0,0.0,True
C003207,P0066,E05,F032,Concurso Público,Adquisición de bienes de oficina,99606.09,2026-05-15,False,False,99606.09,0.045994351446810675,0.0,0.0,1.0,0.0,0.0,False
C002858,P0089,E04,F030,Comparación de Precios,Servicio de mantenimiento de infraestructura,23179.24,2023-07-10,False,False,23179.24,-0.7254589947153945,0.0,1.0,0.0,0.0,0.0,True
C002260,P0120,E01,F048,Adjudicación Simplificada,Servicio de transporte,26646.3,2024-07-02,False,False,26646.3,-0.6904624583103859,1.0,0.0,0.0,0.0,0.0,False
C001690,P0042,E14,F016,Comparación de Precios,Suministro de combustible,31210.35,2023-02-28,False,False,31210.35,-0.6443928944784131,0.0,1.0,0.0,0.0,0.0,True
C003203,P0196,E08,F028,Contratación Directa,Obra de rehabilitación vial,48186.01,2025-09-13,False,False,48186.01,-0.4730404220121018,0.0,0.0,0.0,1.0,0.0,True
C002978,P0088,E14,F040,Contratación Directa,Consultoría en ingeniería,21809.8,2023-12-01,False,False,21809.8,-0.7392821350171127,0.0,0.0,0.0,1.0,0.0,True
C001247,P0184,E16,F024,Adjudicación Simplificada,Obra de rehabilitación vial,3744.5,2025-11-06,False,False,3744.5,-0.9216334439409279,1.0,0.0,0.0,0.0,0.0,False
C001985,P0081,E03,F000,Adjudicación Simplificada,Obra de rehabilitación vial,153668.28,2025-06-30,False,False,153668.28,0.591698608214647,1.0,0.0,0.0,0.0,0.0,False
C000294,P0093,E06,F039,Comparación de Precios,Adquisición de bienes de oficina,62333.64,2025-07-28,False,False,62333.64,-0.3302341110917276,0.0,1.0,0.0,0.0,0.0,True
C001547,P0096,E02,F025,Comparación de Precios,Servicio de mantenimiento de infraestructura,252982.8,2025-06-16,False,False,252982.8,1.5941803116538604,0.0,1.0,0.0,0.0,0.0,True
C002012,P0165,E17,F003,Comparación de Precios,Adquisición de materiales de construcción,19573.19,2025-02-14,False,False,19573.19,-0.7618584974939105,0.0,1.0,0.0,0.0,0.0,True
C000588,P0104,E07,F013,Adjudicación Simplificada,Servicio de capacitación,176135.64,2023-11-22,False,False,176135.64,0.8184843523795694,1.0,0.0,0.0,0.0,0.0,False
C002770,P0109,E09,F033,Comparación de Precios,Servicio de limpieza y vigilancia,213805.24,2025-04-20,False,False,213805.24,1.198721650771323,0.0,1.0,0.0,0.0,0.0,True
C000425,P0143,E08,F015,Comparación de Precios,Servicio de limpieza y vigilancia,115895.31,2023-12-06,False,False,115895.31,0.21041789206600822,0.0,1.0,0.0,0.0,0.0,True
C001054,P0194,E16,F002,Comparación de Precios,Servicio de transporte,16010.02,2024-03-10,False,False,16010.02,-0.7978251691471945,0.0,1.0,0.0,0.0,0.0,True
C002998,P0140,E11,F007,Adjudicación Simplificada,Adquisición de equipos informáticos,19044.07,2024-08-25,False,False,19044.07,-0.7671994397742917,1.0,0.0,0.0,0.0,0.0,False
C000556,P0087,E08,F014,Adjudicación Simplificada,Consultoría en ingeniería,30364.23,2024-10-01,False,False,30364.23,-0.6529336377545624,1.0,0.0,0.0,0.0,0.0,False
C002334,P0096,E08,F022,Comparación de Precios,Suministro de combustible,22553.07,2024-09-25,False,False,22553.07,-0.7317795606129345,0.0,1.0,0.0,0.0,0.0,True
C003192,P0164,E10,F008,Concurso Público,Servicio de mantenimiento de infraestructura,89160.19,2023-12-07,False,False,89160.19,-0.05944666187083589,0.0,0.0,1.0,0.0,0.0,False
C003189,P0198,E04,F019,Licitación Pública,Obra de rehabilitación vial,95135.55,2023-10-07,False,False,95135.55,0.0008686784385422401,0.0,0.0,0.0,0.0,1.0,False
C002447,P0016,E15,F035,Comparación de Precios,Servicio de mantenimiento de infraestructura,123062.05,2024-03-28,False,False,123062.05,0.28275903335437125,0.0,1.0,0.0,0.0,0.0,True
C001193,P0054,E07,F013,Adjudicación Simplificada,Adquisición de bienes de oficina,26145.85,2023-12-26,False,False,26145.85,-0.695514005339825,1.0,0.0,0.0,0.0,0.0,False
C001716,P0185,E16,F002,Contratación Directa,Servicio de capacitación,44931.9,2026-06-18,False,False,44931.9,-0.5058874391046536,0.0,0.0,0.0,1.0,0.0,True
C003456,P0085,E07,F013,Licitación Pública,Servicio de limpieza y vigilancia,61530.634999999995,2024-03-16,False,False,61530.634999999995,-0.3383396511504241,0.0,0.0,0.0,0.0,1.0,False
C003248,P0020,E09,F034,Concurso Público,Adquisición de bienes de oficina,36321.02,2025-10-19,False,False,36321.02,-0.5928057432006777,0.0,0.0,1.0,0.0,0.0,False
C002584,P0049,E10,F004,Comparación de Precios,Servicio de transporte,19613.26,2023-05-23,False,False,19613.26,-0.7614540305352342,0.0,1.0,0.0,0.0,0.0,True
C001285,P0050,E01,F017,Concurso Público,Servicio de capacitación,90252.69,2025-03-22,False,False,90252.69,-0.048418956546303876,0.0,0.0,1.0,0.0,0.0,False
C002251,P0163,E02,F051,Adjudicación Simplificada,Suministro de combustible,18658.24,2023-08-12,False,False,18658.24,-0.7710940114405288,1.0,0.0,0.0,0.0,0.0,False
C002276,P0042,E09,F046,Contratación Directa,Adquisición de materiales de construcción,11628.57,2023-10-07,False,False,11628.57,-0.8420515668535293,0.0,0.0,0.0,1.0,0.0,True
C002885,P0096,E17,F031,Adjudicación Simplificada,Adquisición de materiales de construcción,33058.86,2025-03-08,False,False,33058.86,-0.625734017069305,1.0,0.0,0.0,0.0,0.0,False
C001889,P0118,E07,F013,Licitación Pública,Servicio de capacitación,81584.76,2026-06-16,False,False,81584.76,-0.1359131238814717,0.0,0.0,0.0,0.0,1.0,False
C001591,P0176,E06,F039,Licitación Pública,Adquisición de equipos informáticos,34955.45,2025-09-12,False,False,34955.45,-0.6065898196858229,0.0,0.0,0.0,0.0,1.0,False
C003177,P0089,E09,F034,Adjudicación Simplificada,Obra de rehabilitación vial,97192.95,2025-05-18,False,False,97192.95,0.021636093481738665,1.0,0.0,0.0,0.0,0.0,False
C003149,P0158,E12,F021,Adjudicación Simplificada,Servicio de transporte,285688.77,2024-09-29,False,False,285688.77,1.9243146819174617,1.0,0.0,0.0,0.0,0.0,False
C002909,P0167,E03,F000,Licitación Pública,Adquisición de bienes de oficina,63058.83,2025-10-11,False,False,63058.83,-0.32291403637841193,0.0,0.0,0.0,0.0,1.0,False
C001137,P0192,E17,F012,Comparación de Precios,Adquisición de equipos informáticos,304745.15,2024-05-02,False,False,304745.15,2.1166699617273523,0.0,1.0,0.0,0.0,0.0,True
C003031,P0199,E00,F010,Contratación Directa,Servicio de limpieza y vigilancia,31074.75,2024-07-08,False,False,31074.75,-0.6457616421598836,0.0,0.0,0.0,1.0,0.0,True
C003386,P0127,E01,F017,Adjudicación Simplificada,Adquisición de equipos informáticos,171218.66,2025-05-21,False,False,171218.66,0.7688523097922765,1.0,0.0,0.0,0.0,0.0,False
C003404,P0030,E03,F000,Licitación Pública,Servicio de limpieza y vigilancia,198256.07,2025-05-14,False,False,198256.07,1.0417681818458737,0.0,0.0,0.0,0.0,1.0,False
C001711,P0060,E01,F017,Adjudicación Simplificada,Adquisición de equipos informáticos,75415.85,2023-10-02,False,False,75415.85,-0.1981821597199693,1.0,0.0,0.0,0.0,0.0,False
C002979,P0100,E09,F034,Comparación de Precios,Adquisición de bienes de oficina,27312.6,2025-02-28,False,False,27312.6,-0.6837368198136028,0.0,1.0,0.0,0.0,0.0,True
C000453,P0197,E16,F002,Comparación de Precios,Servicio de mantenimiento de infraestructura,28613.2,2024-03-15,False,False,28613.2,-0.6706085511224482,0.0,1.0,0.0,0.0,0.0,True
C000913,P0166,E14,F016,Comparación de Precios,Servicio de mantenimiento de infraestructura,24767.52,2025-10-26,False,False,24767.52,-0.7094268813855569,0.0,1.0,0.0,0.0,0.0,True
C002421,P0171,E10,F008,Comparación de Precios,Servicio de limpieza y vigilancia,17174.46,2025-01-01,False,False,17174.46,-0.7860713007828026,0.0,1.0,0.0,0.0,0.0,True
C001199,P0195,E02,F025,Licitación Pública,Consultoría en ingeniería,153730.41,2025-02-26,False,False,153730.41,0.5923257490217987,0.0,0.0,0.0,0.0,1.0,False
C001274,P0085,E06,F006,Concurso Público,Consultoría en ingeniería,82841.27,2026-05-10,False,False,82841.27,-0.12322990006698398,0.0,0.0,1.0,0.0,0.0,False
C000037,P0160,E12,F050,Comparación de Precios,Adquisición de materiales de construcción,301404.86,2023-10-28,False,False,301404.86,2.082953042900367,0.0,1.0,0.0,0.0,0.0,True
C000974,P0108,E17,F031,Adjudicación Simplificada,Adquisición de materiales de construcción,83545.15,2026-06-04,False,False,83545.15,-0.11612492869505585,1.0,0.0,0.0,0.0,0.0,False
C000983,P0163,E17,F031,Contratación Directa,Suministro de combustible,74287.55,2023-04-02,False,False,74287.55,-0.20957123058282467,0.0,0.0,0.0,1.0,0.0,True
C002414,P0099,E05,F047,Concurso Público,Suministro de combustible,90772.09,2025-01-07,False,False,90772.09,-0.04317612803778043,0.0,0.0,1.0,0.0,0.0,False
C001418,P0093,E05,F032,Comparación de Precios,Suministro de combustible,23339.0,2024-10-01,False,False,23339.0,-0.7238463757656031,0.0,1.0,0.0,0.0,0.0,True
C001560,P0157,E07,F023,Concurso Público,Adquisición de equipos informáticos,83843.5,2023-01-28,False,False,83843.5,-0.11311338097553714,0.0,0.0,1.0,0.0,0.0,False
C000039,P0160,E08,F020,Comparación de Precios,Adquisición de equipos informáticos,135099.08,2025-07-21,False,False,135099.08,0.404260927928789,0.0,1.0,0.0,0.0,0.0,True
C001486,P0214,E04,F053,Adjudicación Simplificada,Consultoría en ingeniería,39403.7,2023-03-13,False,False,39403.7,-0.5616891421482032,1.0,0.0,0.0,0.0,0.0,False
C003284,P0127,E17,F003,Adjudicación Simplificada,Servicio de mantenimiento de infraestructura,38465.98,2025-06-01,False,False,38465.98,-0.5711544966900065,1.0,0.0,0.0,0.0,0.0,False
C000169,P0117,E13,F056,Concurso Público,Servicio de capacitación,9128.91,2024-01-13,False,False,9128.91,-0.8672831585162475,0.0,0.0,1.0,0.0,0.0,False
C001355,P0183,E06,F006,Concurso Público,Servicio de limpieza y vigilancia,34202.85,2024-03-31,False,False,34202.85,-0.6141865711981732,0.0,0.0,1.0,0.0,0.0,False
C002153,P0075,E06,F039,Licitación Pública,Servicio de mantenimiento de infraestructura,58145.99,2025-01-30,False,False,58145.99,-0.37250428976658023,0.0,0.0,0.0,0.0,1.0,False
C003237,P0018,E11,F054,Licitación Pública,Suministro de combustible,288712.14,2024-02-28,False,False,288712.14,1.9548326072694346,0.0,0.0,0.0,0.0,1.0,False
C002370,P0102,E08,F028,Contratación Directa,Suministro de combustible,68514.15,2023-11-15,False,False,68514.15,-0.26784798474360566,0.0,0.0,0.0,1.0,0.0,True
C002381,P0009,E16,F024,Licitación Pública,Adquisición de materiales de construcción,107034.38,2023-09-01,False,False,107034.38,0.12097558090691866,0.0,0.0,0.0,0.0,1.0,False
C001640,P0169,E14,F040,Adjudicación Simplificada,Obra de rehabilitación vial,104426.54,2023-05-22,False,False,104426.54,0.094652019301859,1.0,0.0,0.0,0.0,0.0,False
C001290,P0016,E09,F027,Contratación Directa,Servicio de transporte,15846.46,2023-01-19,False,False,15846.46,-0.7994761453328973,0.0,0.0,0.0,1.0,0.0,True
C001380,P0207,E07,F013,Adjudicación Simplificada,Servicio de transporte,27602.13,2023-10-27,False,False,27602.13,-0.6808143012574362,1.0,0.0,0.0,0.0,0.0,False
C001933,P0124,E01,F018,Adjudicación Simplificada,Servicio de capacitación,242916.36,2025-04-06,False,False,242916.36,1.4925695711622522,1.0,0.0,0.0,0.0,0.0,False
C000579,P0165,E03,F000,Adjudicación Simplificada,Servicio de capacitación,51979.12,2024-10-17,False,False,51979.12,-0.43475273382579915,1.0,0.0,0.0,0.0,0.0,False
C002030,P0037,E07,F013,Adjudicación Simplificada,Adquisición de materiales de construcción,94091.37,2024-09-16,False,False,94091.37,-0.009671284349347845,1.0,0.0,0.0,0.0,0.0,False
C000892,P0076,E02,F044,Comparación de Precios,Obra de rehabilitación vial,64722.02,2025-05-16,False,False,64722.02,-0.3061257808006469,0.0,1.0,0.0,0.0,0.0,True
C000780,P0134,E06,F039,Adjudicación Simplificada,Suministro de combustible,26912.4,2025-10-05,False,False,26912.4,-0.6877764423956417,1.0,0.0,0.0,0.0,0.0,False
C000159,P0148,E04,F030,Licitación Pública,Adquisición de equipos informáticos,59141.06,2023-06-22,False,False,59141.06,-0.36246004378279806,0.0,0.0,0.0,0.0,1.0,False
C000002,P0171,E05,F059,Comparación de Precios,Adquisición de equipos informáticos,59568.26,2023-07-03,False,False,59568.26,-0.35814788294559885,0.0,1.0,0.0,0.0,0.0,True
C000849,P0046,E00,F038,Adjudicación Simplificada,Consultoría en ingeniería,20819.67,2024-07-08,False,False,20819.67,-0.7492765165942101,1.0,0.0,0.0,0.0,0.0,False
C002167,P0189,E14,F040,Concurso Público,Suministro de combustible,301615.77,2023-10-31,False,False,301615.77,2.0850819704335453,0.0,0.0,1.0,0.0,0.0,False
C001596,P0094,E17,F012,Adjudicación Simplificada,Servicio de capacitación,110343.6,2023-09-27,False,False,110343.6,0.1543788788602805,1.0,0.0,0.0,0.0,0.0,False
C001776,P0121,E07,F013,Licitación Pública,Servicio de limpieza y vigilancia,61530.634999999995,2024-02-17,False,False,61530.634999999995,-0.3383396511504241,0.0,0.0,0.0,0.0,1.0,False
C001913,P0124,E13,F058,Adjudicación Simplificada,Adquisición de materiales de construcción,140903.4,2025-12-29,False,False,140903.4,0.46284978886177547,1.0,0.0,0.0,0.0,0.0,False
C001043,P0189,E05,F009,Comparación de Precios,Adquisición de bienes de oficina,135030.73,2025-05-27,False,False,135030.73,0.40357100238285626,0.0,1.0,0.0,0.0,0.0,True
C001544,P0057,E12,F021,Adjudicación Simplificada,Adquisición de bienes de oficina,243764.06,2023-10-27,False,False,243764.06,1.501126262973333,1.0,0.0,0.0,0.0,0.0,False
C002196,P0080,E06,F006,Adjudicación Simplificada,Servicio de limpieza y vigilancia,111579.5,2024-11-30,False,False,111579.5,0.1668540651399959,1.0,0.0,0.0,0.0,0.0,False
C000053,P0053,E05,F052,Comparación de Precios,Adquisición de bienes de oficina,45031.43,2023-06-03,False,False,45031.43,-0.504882782344058,0.0,1.0,0.0,0.0,0.0,True
C003469,P0003,E17,F012,Contratación Directa,Servicio de limpieza y vigilancia,6968.08,2026-03-07,False,False,6968.08,-0.8890945969568961,0.0,0.0,0.0,1.0,0.0,True
C001911,P0060,E13,F055,Adjudicación Simplificada,Adquisición de bienes de oficina,124417.94,2025-09-28,False,False,124417.94,0.29644539982803686,1.0,0.0,0.0,0.0,0.0,False
C002425,P0157,E04,F030,Licitación Pública,Servicio de limpieza y vigilancia,113792.09,2024-09-21,False,False,113792.09,0.18918796950979566,0.0,0.0,0.0,0.0,1.0,False
C000824,P0081,E08,F005,Concurso Público,Servicio de transporte,231348.7,2023-06-02,False,False,231348.7,1.3758055018035558,0.0,0.0,1.0,0.0,0.0,False
C003220,P0188,E17,F003,Adjudicación Simplificada,Adquisición de materiales de construcción,55937.88,2024-07-18,False,False,55937.88,-0.39479297297404237,1.0,0.0,0.0,0.0,0.0,False
C001389,P0115,E00,F010,Concurso Público,Obra de rehabilitación vial,282427.49,2026-05-12,False,False,282427.49,1.8913952907771505,0.0,0.0,1.0,0.0,0.0,False
C002951,P0149,E00,F041,Comparación de Precios,Servicio de transporte,48717.86,2023-09-20,False,False,48717.86,-0.4676719230859212,0.0,1.0,0.0,0.0,0.0,True
C002257,P0182,E07,F013,Contratación Directa,Suministro de combustible,11701.6,2025-09-27,False,False,11701.6,-0.8413144013433685,0.0,0.0,0.0,1.0,0.0,True
C001607,P0017,E02,F011,Comparación de Precios,Adquisición de equipos informáticos,139627.89,2024-03-23,False,False,139627.89,0.44997477886773096,0.0,1.0,0.0,0.0,0.0,True
C001594,P0100,E17,F003,Adjudicación Simplificada,Adquisición de materiales de construcción,24099.86,2023-02-17,False,False,24099.86,-0.7161662477351926,1.0,0.0,0.0,0.0,0.0,False
C000771,P0212,E01,F048,Adjudicación Simplificada,Adquisición de equipos informáticos,105708.89,2025-01-21,False,False,105708.89,0.1075960723205443,1.0,0.0,0.0,0.0,0.0,False
C001868,P0110,E06,F039,Comparación de Precios,Suministro de combustible,33316.21,2025-08-06,False,False,33316.21,-0.6231363237372516,0.0,1.0,0.0,0.0,0.0,True
C001085,P0052,E13,F055,Concurso Público,Servicio de capacitación,137027.69,2024-05-22,False,False,137027.69,0.42372833549487215,0.0,0.0,1.0,0.0,0.0,False
C002461,P0049,E05,F037,Adjudicación Simplificada,Suministro de combustible,70595.19,2023-01-14,False,False,70595.19,-0.24684194731700226,1.0,0.0,0.0,0.0,0.0,False
C001325,P0090,E17,F012,Comparación de Precios,Obra de rehabilitación vial,49026.7,2023-06-18,False,False,49026.7,-0.46455448920726816,0.0,1.0,0.0,0.0,0.0,True
C001463,P0119,E14,F029,Comparación de Precios,Adquisición de equipos informáticos,108126.11,2023-05-06,False,False,108126.11,0.13199551384417385,0.0,1.0,0.0,0.0,0.0,True
C000806,P0203,E09,F027,Contratación Directa,Servicio de limpieza y vigilancia,27414.0,2025-05-25,False,False,27414.0,-0.682713287255335,0.0,0.0,0.0,1.0,0.0,True
C002215,P0022,E12,F050,Licitación Pública,Servicio de mantenimiento de infraestructura,69644.38,2026-01-13,False,False,69644.38,-0.256439432442511,0.0,0.0,0.0,0.0,1.0,False
C003393,P0196,E13,F055,Adjudicación Simplificada,Servicio de transporte,57864.52,2023-03-25,False,False,57864.52,-0.37534545060657665,1.0,0.0,0.0,0.0,0.0,False
C002108,P0063,E07,F013,Adjudicación Simplificada,Adquisición de bienes de oficina,58834.65,2023-06-30,False,False,58834.65,-0.3655529492184867,1.0,0.0,0.0,0.0,0.0,False
C002567,P0145,E09,F043,Comparación de Precios,Servicio de mantenimiento de infraestructura,32589.08,2023-01-31,False,False,32589.08,-0.6304759808289009,0.0,1.0,0.0,0.0,0.0,True
C900038,P0138,E00,F010,Contratación Directa,Servicio de mantenimiento de infraestructura,281494.65,2024-08-16,True,False,281494.65,1.8819791950014653,0.0,0.0,0.0,1.0,0.0,True
C000963,P0001,E13,F055,Adjudicación Simplificada,Consultoría en ingeniería,20426.33,2023-01-31,False,False,20426.33,-0.7532468942714197,1.0,0.0,0.0,0.0,0.0,False
C000398,P0159,E09,F034,Adjudicación Simplificada,Servicio de capacitación,33419.17,2023-06-16,False,False,33419.17,-0.6220970445242412,1.0,0.0,0.0,0.0,0.0,False
C003374,P0149,E03,F000,Contratación Directa,Consultoría en ingeniería,54631.53,2023-08-23,False,False,54631.53,-0.40797928221953655,0.0,0.0,0.0,1.0,0.0,True
C000704,P0014,E10,F004,Adjudicación Simplificada,Suministro de combustible,84288.73,2023-04-13,False,False,84288.73,-0.1086192251479478,1.0,0.0,0.0,0.0,0.0,False
C000431,P0008,E04,F019,Licitación Pública,Servicio de limpieza y vigilancia,8285.41,2023-12-16,False,False,8285.41,-0.8757974554876368,0.0,0.0,0.0,0.0,1.0,False
C000292,P0094,E14,F040,Contratación Directa,Adquisición de materiales de construcción,596950.27,2025-03-16,False,False,534351.0878000001,4.434314467742205,0.0,0.0,0.0,1.0,0.0,True
C003400,P0058,E11,F049,Comparación de Precios,Consultoría en ingeniería,56397.34,2024-03-21,False,False,56397.34,-0.39015517939197425,0.0,1.0,0.0,0.0,0.0,True
C000145,P0175,E00,F010,Adjudicación Simplificada,Suministro de combustible,36172.06,2023-05-01,False,False,36172.06,-0.5943093468484052,1.0,0.0,0.0,0.0,0.0,False
C002033,P0068,E00,F038,Comparación de Precios,Consultoría en ingeniería,271817.64,2026-06-19,False,False,271817.64,1.7842993646101155,0.0,1.0,0.0,0.0,0.0,True
C003169,P0165,E00,F010,Adjudicación Simplificada,Adquisición de bienes de oficina,31010.41,2026-04-05,False,False,31010.41,-0.6464110907279206,1.0,0.0,0.0,0.0,0.0,False
C001165,P0068,E07,F013,Adjudicación Simplificada,Adquisición de bienes de oficina,32230.96,2023-02-22,False,False,32230.96,-0.6340908474932684,1.0,0.0,0.0,0.0,0.0,False
C002050,P0052,E12,F050,Adjudicación Simplificada,Obra de rehabilitación vial,9974.88,2023-03-24,False,False,9974.88,-0.8587439293415158,1.0,0.0,0.0,0.0,0.0,False
C002759,P0031,E08,F014,Adjudicación Simplificada,Adquisición de materiales de construcción,7703.02,2026-05-17,False,False,7703.02,-0.8816761056514392,1.0,0.0,0.0,0.0,0.0,False
C000339,P0145,E06,F039,Comparación de Precios,Adquisición de equipos informáticos,29845.46,2025-02-01,False,False,29845.46,-0.6581701070371321,0.0,1.0,0.0,0.0,0.0,True
C900056,P0154,E16,F024,Comparación de Precios,Servicio de capacitación,118805.97,2024-11-09,True,False,118805.97,0.23979812161282962,0.0,1.0,0.0,0.0,0.0,True
C000265,P0128,E04,F019,Comparación de Precios,Obra de rehabilitación vial,48348.74,2024-04-04,False,False,48348.74,-0.4713978238542427,0.0,1.0,0.0,0.0,0.0,True
C002807,P0089,E16,F002,Contratación Directa,Servicio de transporte,30393.55,2026-04-03,False,False,30393.55,-0.6526376813974774,0.0,0.0,0.0,1.0,0.0,True
C001771,P0204,E02,F044,Comparación de Precios,Servicio de mantenimiento de infraestructura,26108.79,2025-10-15,False,False,26108.79,-0.6958880893300557,0.0,1.0,0.0,0.0,0.0,True
C000271,P0213,E03,F000,Adjudicación Simplificada,Servicio de capacitación,40958.45,2023-12-31,False,False,40958.45,-0.5459954809552364,1.0,0.0,0.0,0.0,0.0,False
C000696,P0052,E09,F034,Comparación de Precios,Adquisición de equipos informáticos,65210.21,2026-05-05,False,False,65210.21,-0.30119798632706946,0.0,1.0,0.0,0.0,0.0,True
C900068,P0049,E16,F002,Comparación de Precios,Servicio de mantenimiento de infraestructura,262711.51,2026-05-13,True,False,262711.51,1.6923820023337945,0.0,1.0,0.0,0.0,0.0,True
C000244,P0139,E07,F036,Comparación de Precios,Adquisición de materiales de construcción,9821.24,2024-05-14,False,False,9821.24,-0.860294772953471,0.0,1.0,0.0,0.0,0.0,True
C003379,P0114,E12,F021,Concurso Público,Servicio de mantenimiento de infraestructura,10556.14,2023-07-21,False,False,10556.14,-0.8528766854083923,0.0,0.0,1.0,0.0,0.0,False
C000476,P0022,E03,F000,Adjudicación Simplificada,Adquisición de materiales de construcción,37968.75,2025-12-11,False,False,37968.75,-0.5761735410090153,1.0,0.0,0.0,0.0,0.0,False
C002032,P0154,E01,F018,Licitación Pública,Obra de rehabilitación vial,171255.64,2023-08-17,False,False,171255.64,0.7692255862617514,0.0,0.0,0.0,0.0,1.0,False
C003059,P0079,E04,F053,Concurso Público,Servicio de mantenimiento de infraestructura,35763.27,2026-03-11,False,False,35763.27,-0.5984356769716229,0.0,0.0,1.0,0.0,0.0,False
C003307,P0215,E01,F048,Adjudicación Simplificada,Adquisición de materiales de construcción,45295.26,2024-05-29,False,False,45295.26,-0.5022196798307662,1.0,0.0,0.0,0.0,0.0,False
C000813,P0185,E12,F050,Comparación de Precios,Servicio de mantenimiento de infraestructura,64279.41,2024-11-17,False,False,64279.41,-0.3105934903234762,0.0,1.0,0.0,0.0,0.0,True
C001914,P0174,E00,F041,Comparación de Precios,Servicio de capacitación,27698.51,2025-10-22,False,False,27698.51,-0.6798414406266095,0.0,1.0,0.0,0.0,0.0,True
C003039,P0082,E05,F047,Contratación Directa,Obra de rehabilitación vial,61114.75,2026-01-18,False,False,61114.75,-0.34253759827069225,0.0,0.0,0.0,1.0,0.0,True
C900044,P0138,E00,F010,Contratación Directa,Servicio de mantenimiento de infraestructura,142889.54,2025-08-16,True,False,142889.54,0.48289790479153855,0.0,0.0,0.0,1.0,0.0,True
C001804,P0165,E00,F010,Comparación de Precios,Servicio de transporte,91643.73,2025-01-11,False,False,91643.73,-0.03437778564045771,0.0,1.0,0.0,0.0,0.0,True
C002609,P0114,E07,F023,Comparación de Precios,Adquisición de equipos informáticos,73393.67,2023-10-02,False,False,73393.67,-0.21859406375032372,0.0,1.0,0.0,0.0,0.0,True
C000250,P0186,E11,F054,Comparación de Precios,Servicio de limpieza y vigilancia,32093.2,2026-06-03,False,False,32093.2,-0.6354813982351517,0.0,1.0,0.0,0.0,0.0,True
C000545,P0198,E10,F026,Adjudicación Simplificada,Servicio de capacitación,92922.04,2024-03-16,False,False,92922.04,-0.021474512419951998,1.0,0.0,0.0,0.0,0.0,False
C000738,P0184,E12,F021,Adjudicación Simplificada,Servicio de mantenimiento de infraestructura,121742.31,2025-08-14,False,False,121742.31,0.26943756532233654,1.0,0.0,0.0,0.0,0.0,False
C000310,P0156,E17,F003,Comparación de Precios,Consultoría en ingeniería,56397.34,2025-09-10,False,False,56397.34,-0.39015517939197425,0.0,1.0,0.0,0.0,0.0,True
C001131,P0101,E04,F053,Contratación Directa,Adquisición de equipos informáticos,55110.91,2023-09-15,False,False,55110.91,-0.4031404159692169,0.0,0.0,0.0,1.0,0.0,True
C001449,P0042,E08,F005,Comparación de Precios,Consultoría en ingeniería,984693.73,2024-02-14,False,False,534351.0878000001,4.434314467742205,0.0,1.0,0.0,0.0,0.0,True
C003489,P0172,E08,F015,Comparación de Precios,Adquisición de materiales de construcción,72717.94,2026-04-16,False,False,72717.94,-0.22541488875622395,0.0,1.0,0.0,0.0,0.0,True
C000015,P0014,E01,F048,Adjudicación Simplificada,Servicio de mantenimiento de infraestructura,84250.99,2025-11-18,False,False,84250.99,-0.10900017306460477,1.0,0.0,0.0,0.0,0.0,False
C003158,P0073,E13,F056,Adjudicación Simplificada,Obra de rehabilitación vial,25295.93,2024-11-17,False,False,25295.93,-0.7040931058518854,1.0,0.0,0.0,0.0,0.0,False
C003423,P0197,E01,F017,Adjudicación Simplificada,Suministro de combustible,162609.87,2025-05-08,False,False,162609.87,0.6819551021760037,1.0,0.0,0.0,0.0,0.0,False
C002899,P0040,E00,F041,Comparación de Precios,Obra de rehabilitación vial,33952.57,2023-02-03,False,False,33952.57,-0.6167128998834125,0.0,1.0,0.0,0.0,0.0,True
C000363,P0072,E17,F003,Comparación de Precios,Adquisición de equipos informáticos,38124.62,2023-02-17,False,False,38124.62,-0.5746001877559856,0.0,1.0,0.0,0.0,0.0,True
C000182,P0091,E11,F007,Adjudicación Simplificada,Adquisición de materiales de construcción,39642.74,2025-04-19,False,False,39642.74,-0.5592762701291861,1.0,0.0,0.0,0.0,0.0,False
C001194,P0201,E15,F035,Adjudicación Simplificada,Adquisición de materiales de construcción,194013.96,2024-03-13,False,False,194013.96,0.9989482834163538,1.0,0.0,0.0,0.0,0.0,False
C002232,P0194,E08,F022,Licitación Pública,Servicio de transporte,57198.7,2026-05-07,False,False,57198.7,-0.38206624397882366,0.0,0.0,0.0,0.0,1.0,False
C001121,P0119,E13,F055,Adjudicación Simplificada,Servicio de transporte,139783.72,2023-08-06,False,False,139783.72,0.45154772836038237,1.0,0.0,0.0,0.0,0.0,False
C001182,P0132,E11,F007,Concurso Público,Suministro de combustible,99131.99,2023-03-14,False,False,99131.99,0.04120878156638914,0.0,0.0,1.0,0.0,0.0,False
C002645,P0115,E07,F013,Comparación de Precios,Consultoría en ingeniería,54704.98,2023-04-10,False,False,54704.98,-0.40723787722540666,0.0,1.0,0.0,0.0,0.0,True
C000614,P0127,E09,F034,Adjudicación Simplificada,Consultoría en ingeniería,63869.02,2026-03-25,False,False,63869.02,-0.31473597086181465,1.0,0.0,0.0,0.0,0.0,False
C001466,P0078,E17,F003,Contratación Directa,Adquisición de bienes de oficina,97697.0,2025-09-11,False,False,97697.0,0.026723978945198977,0.0,0.0,0.0,1.0,0.0,True
C000401,P0187,E06,F006,Concurso Público,Adquisición de equipos informáticos,26859.67,2026-03-28,False,False,26859.67,-0.68830869951396,0.0,0.0,1.0,0.0,0.0,False
C000934,P0215,E11,F054,Comparación de Precios,Servicio de limpieza y vigilancia,61530.634999999995,2024-08-29,False,False,61530.634999999995,-0.3383396511504241,0.0,1.0,0.0,0.0,0.0,True
C002383,P0026,E15,F035,Comparación de Precios,Adquisición de equipos informáticos,43191.38,2025-03-21,False,False,43191.38,-0.5234562644332161,0.0,1.0,0.0,0.0,0.0,True
C002548,P0177,E16,F042,Licitación Pública,Suministro de combustible,19866.16,2023-10-07,False,False,19866.16,-0.7589012555452348,0.0,0.0,0.0,0.0,1.0,False
C000726,P0094,E12,F050,Adjudicación Simplificada,Servicio de transporte,42397.43,2026-02-24,False,False,42397.43,-0.5314704032363393,1.0,0.0,0.0,0.0,0.0,False
C000826,P0092,E00,F041,Comparación de Precios,Adquisición de equipos informáticos,41159.53,2025-06-28,False,False,41159.53,-0.5439657775349556,0.0,1.0,0.0,0.0,0.0,True
C001521,P0015,E16,F002,Comparación de Precios,Consultoría en ingeniería,52640.52,2025-09-14,False,False,52640.52,-0.42807655597532285,0.0,1.0,0.0,0.0,0.0,True
C000136,P0181,E05,F047,Comparación de Precios,Servicio de limpieza y vigilancia,231104.47,2023-10-29,False,False,231104.47,1.3733402418754916,0.0,1.0,0.0,0.0,0.0,True
C000628,P0030,E16,F057,Adjudicación Simplificada,Servicio de limpieza y vigilancia,78969.72,2023-03-05,False,False,78969.72,-0.16230936235457386,1.0,0.0,0.0,0.0,0.0,False
C000334,P0163,E09,F046,Comparación de Precios,Adquisición de equipos informáticos,5355.57,2023-05-31,False,False,5355.57,-0.9053712881357163,0.0,1.0,0.0,0.0,0.0,True
C000390,P0114,E11,F054,Comparación de Precios,Servicio de transporte,166793.65,2026-01-08,False,False,166793.65,0.7241862170342833,0.0,1.0,0.0,0.0,0.0,True
C002768,P0213,E01,F018,Adjudicación Simplificada,Obra de rehabilitación vial,25401.98,2026-04-02,False,False,25401.98,-0.7030226361496735,1.0,0.0,0.0,0.0,0.0,False
C001817,P0094,E05,F052,Licitación Pública,Suministro de combustible,150611.02,2023-03-22,False,False,150611.02,0.560838596882401,0.0,0.0,0.0,0.0,1.0,False
C003236,P0075,E17,F012,Licitación Pública,Servicio de capacitación,132227.54,2025-12-15,False,False,132227.54,0.3752755760316664,0.0,0.0,0.0,0.0,1.0,False
C000710,P0205,E10,F008,Adjudicación Simplificada,Adquisición de equipos informáticos,34297.56,2026-01-04,False,False,34297.56,-0.6132305675631284,1.0,0.0,0.0,0.0,0.0,False
C001039,P0194,E12,F050,Licitación Pública,Adquisición de bienes de oficina,3844.45,2025-11-15,False,False,3844.45,-0.9206245476963633,0.0,0.0,0.0,0.0,1.0,False
C003131,P0017,E08,F015,Adjudicación Simplificada,Adquisición de equipos informáticos,16153.15,2024-12-29,False,False,16153.15,-0.7963804135745627,1.0,0.0,0.0,0.0,0.0,False
C003165,P0007,E01,F018,Licitación Pública,Servicio de limpieza y vigilancia,61530.634999999995,2024-07-01,False,False,61530.634999999995,-0.3383396511504241,0.0,0.0,0.0,0.0,1.0,False
C001561,P0110,E03,F000,Adjudicación Simplificada,Servicio de mantenimiento de infraestructura,176737.6,2025-04-08,False,False,176737.6,0.8245605423083155,1.0,0.0,0.0,0.0,0.0,False
C003308,P0163,E17,F003,Comparación de Precios,Servicio de transporte,109271.27,2025-12-09,False,False,109271.27,0.14355476970636252,0.0,1.0,0.0,0.0,0.0,True
C003018,P0126,E05,F059,Concurso Público,Consultoría en ingeniería,28683.24,2026-01-12,False,False,28683.24,-0.669901566700544,0.0,0.0,1.0,0.0,0.0,False
C001112,P0066,E08,F005,Comparación de Precios,Servicio de capacitación,19455.0,2023-06-10,False,False,19455.0,-0.76305150847085,0.0,1.0,0.0,0.0,0.0,True
C001223,P0174,E12,F050,Licitación Pública,Adquisición de materiales de construcción,14618.55,2025-08-04,False,False,14618.55,-0.8118706804771043,0.0,0.0,0.0,0.0,1.0,False
C002405,P0172,E02,F051,Contratación Directa,Servicio de mantenimiento de infraestructura,60269.78,2026-03-18,False,False,60269.78,-0.35106673343597355,0.0,0.0,0.0,1.0,0.0,True
C001508,P0126,E13,F058,Contratación Directa,Adquisición de bienes de oficina,44341.75,2025-06-20,False,False,44341.75,-0.511844418781791,0.0,0.0,0.0,1.0,0.0,True
C001750,P0127,E11,F007,Comparación de Precios,Consultoría en ingeniería,38869.32,2024-07-14,False,False,38869.32,-0.5670831789182933,0.0,1.0,0.0,0.0,0.0,True
C003222,P0028,E05,F047,Comparación de Precios,Adquisición de equipos informáticos,277890.71,2025-02-14,False,False,277890.71,1.8456009905828896,0.0,1.0,0.0,0.0,0.0,True
C000338,P0158,E17,F003,Comparación de Precios,Servicio de limpieza y vigilancia,651447.31,2024-03-25,False,False,534351.0878000001,4.434314467742205,0.0,1.0,0.0,0.0,0.0,True
C000215,P0014,E09,F033,Licitación Pública,Adquisición de bienes de oficina,60060.55,2024-07-10,False,False,60060.55,-0.3531787030332749,0.0,0.0,0.0,0.0,1.0,False
C001341,P0004,E01,F048,Adjudicación Simplificada,Adquisición de materiales de construcción,15609.04,2025-09-24,False,False,15609.04,-0.8018726650566049,1.0,0.0,0.0,0.0,0.0,False
C003012,P0033,E01,F017,Contratación Directa,Servicio de limpieza y vigilancia,61530.634999999995,2026-01-24,False,False,61530.634999999995,-0.3383396511504241,0.0,0.0,0.0,1.0,0.0,True
C003368,P0211,E16,F002,Comparación de Precios,Servicio de limpieza y vigilancia,36871.12,2025-01-12,False,False,36871.12,-0.5872530286020277,0.0,1.0,0.0,0.0,0.0,True
C002333,P0039,E04,F019,Comparación de Precios,Obra de rehabilitación vial,32520.9,2026-03-06,False,False,32520.9,-0.6311641903932274,0.0,1.0,0.0,0.0,0.0,True
C002241,P0217,E07,F013,Adjudicación Simplificada,Consultoría en ingeniería,52589.67,2024-09-20,False,False,52589.67,-0.4285898363558743,1.0,0.0,0.0,0.0,0.0,False
C002437,P0165,E04,F053,Contratación Directa,Adquisición de materiales de construcción,100752.34,2023-09-04,False,False,100752.34,0.05756460977930021,0.0,0.0,0.0,1.0,0.0,True
C000101,P0022,E16,F002,Comparación de Precios,Obra de rehabilitación vial,61827.76,2026-04-29,False,False,61827.76,-0.33534046859248207,0.0,1.0,0.0,0.0,0.0,True
C002585,P0079,E14,F040,Comparación de Precios,Servicio de limpieza y vigilancia,23882.93,2024-06-25,False,False,23882.93,-0.7183559412052618,0.0,1.0,0.0,0.0,0.0,True
C000171,P0099,E05,F037,Adjudicación Simplificada,Servicio de capacitación,47464.18,2024-04-06,False,False,47464.18,-0.48032658085366425,1.0,0.0,0.0,0.0,0.0,False
C000107,P0030,E07,F023,Adjudicación Simplificada,Adquisición de bienes de oficina,10607.63,2024-05-15,False,False,10607.63,-0.8523569448617926,1.0,0.0,0.0,0.0,0.0,False
C002530,P0079,E12,F050,Licitación Pública,Consultoría en ingeniería,56397.34,2024-11-11,False,False,56397.34,-0.39015517939197425,0.0,0.0,0.0,0.0,1.0,False
C800011,P0098,E02,F011,Adjudicación Simplificada,Servicio de transporte,183191.76,2024-08-28,False,True,183191.76,0.8897088943425321,1.0,0.0,0.0,0.0,0.0,False
C002647,P0099,E09,F033,Comparación de Precios,Adquisición de bienes de oficina,126202.02,2024-10-22,False,False,126202.02,0.3144539202082576,0.0,1.0,0.0,0.0,0.0,True
C002408,P0008,E04,F019,Comparación de Precios,Servicio de limpieza y vigilancia,101832.64,2024-10-25,False,False,101832.64,0.06846916818853771,0.0,1.0,0.0,0.0,0.0,True
C002290,P0172,E02,F044,Adjudicación Simplificada,Consultoría en ingeniería,18019.78,2023-01-06,False,False,18019.78,-0.7775386327142138,1.0,0.0,0.0,0.0,0.0,False
C003143,P0085,E10,F004,Concurso Público,Adquisición de materiales de construcción,112191.83,2024-08-21,False,False,112191.83,0.17303492994674255,0.0,0.0,1.0,0.0,0.0,False
C002415,P0194,E01,F018,Concurso Público,Consultoría en ingeniería,52984.99,2024-04-14,False,False,52984.99,-0.424599472539953,0.0,0.0,1.0,0.0,0.0,False
C002706,P0194,E07,F023,Licitación Pública,Obra de rehabilitación vial,23542.85,2025-05-02,False,False,23542.85,-0.7217887119391447,0.0,0.0,0.0,0.0,1.0,False
C002802,P0092,E07,F036,Comparación de Precios,Servicio de limpieza y vigilancia,10691.63,2024-06-28,False,False,10691.63,-0.8515090480679613,0.0,1.0,0.0,0.0,0.0,True
C003085,P0068,E01,F017,Adjudicación Simplificada,Adquisición de bienes de oficina,41603.12,2026-01-02,False,False,41603.12,-0.5394881758828648,1.0,0.0,0.0,0.0,0.0,False
C001040,P0193,E02,F011,Adjudicación Simplificada,Obra de rehabilitación vial,76657.49,2024-07-01,False,False,76657.49,-0.18564903382600872,1.0,0.0,0.0,0.0,0.0,False
C002120,P0203,E17,F012,Adjudicación Simplificada,Consultoría en ingeniería,34051.47,2026-05-18,False,False,34051.47,-0.6157146023487706,1.0,0.0,0.0,0.0,0.0,False
C001524,P0195,E09,F027,Adjudicación Simplificada,Servicio de mantenimiento de infraestructura,19182.16,2023-03-10,False,False,19182.16,-0.7658055580092896,1.0,0.0,0.0,0.0,0.0,False
C003068,P0047,E11,F049,Comparación de Precios,Servicio de mantenimiento de infraestructura,69415.86,2024-08-18,False,False,69415.86,-0.25874611548211013,0.0,1.0,0.0,0.0,0.0,True
C000481,P0015,E10,F008,Concurso Público,Servicio de capacitación,187490.0,2025-07-17,False,False,187490.0,0.9330953695225014,0.0,0.0,1.0,0.0,0.0,False
C002564,P0045,E02,F044,Adjudicación Simplificada,Servicio de mantenimiento de infraestructura,267732.57,2024-03-10,False,False,267732.57,1.743064629424682,1.0,0.0,0.0,0.0,0.0,False
C002664,P0175,E02,F044,Adjudicación Simplificada,Servicio de limpieza y vigilancia,61530.634999999995,2024-03-25,False,False,61530.634999999995,-0.3383396511504241,1.0,0.0,0.0,0.0,0.0,False
C001762,P0216,E08,F022,Adjudicación Simplificada,Servicio de transporte,63638.67,2023-11-06,False,False,63638.67,-0.31706112593870794,1.0,0.0,0.0,0.0,0.0,False
C002934,P0180,E06,F006,Contratación Directa,Servicio de capacitación,36841.18,2024-08-19,False,False,36841.18,-0.5875552432449719,0.0,0.0,0.0,1.0,0.0,True
C003045,P0189,E07,F023,Adjudicación Simplificada,Consultoría en ingeniería,50227.71,2023-11-14,False,False,50227.71,-0.4524314829172762,1.0,0.0,0.0,0.0,0.0,False
C002493,P0009,E12,F021,Comparación de Precios,Suministro de combustible,490479.88,2025-02-14,False,False,490479.88,3.991478081609746,0.0,1.0,0.0,0.0,0.0,True
C002463,P0012,E02,F044,Concurso Público,Adquisición de bienes de oficina,97904.54,2023-11-08,False,False,97904.54,0.02881888966652923,0.0,0.0,1.0,0.0,0.0,False
C000405,P0185,E09,F033,Adjudicación Simplificada,Consultoría en ingeniería,17985.18,2025-04-10,False,False,17985.18,-0.7778878854411966,1.0,0.0,0.0,0.0,0.0,False
C000757,P0003,E14,F040,Comparación de Precios,Adquisición de equipos informáticos,78083.08,2023-08-18,False,False,78083.08,-0.17125911489365217,0.0,1.0,0.0,0.0,0.0,True
C002356,P0000,E11,F054,Adjudicación Simplificada,Adquisición de bienes de oficina,189925.64,2024-06-18,False,False,189925.64,0.9576807427002069,1.0,0.0,0.0,0.0,0.0,False
C000097,P0016,E04,F030,Licitación Pública,Adquisición de materiales de construcción,31965.5,2024-11-20,False,False,31965.5,-0.6367704032419643,0.0,0.0,0.0,0.0,1.0,False
C001333,P0168,E14,F040,Comparación de Precios,Servicio de transporte,14447.42,2026-04-07,False,False,14447.42,-0.8135980683143467,0.0,1.0,0.0,0.0,0.0,True
C002862,P0015,E00,F041,Contratación Directa,Servicio de capacitación,33601.66,2023-10-04,False,False,33601.66,-0.6202549887396427,0.0,0.0,0.0,1.0,0.0,True
C003324,P0016,E01,F018,Comparación de Precios,Servicio de capacitación,83090.75,2025-06-04,False,False,83090.75,-0.12071164658930507,0.0,1.0,0.0,0.0,0.0,True
C002369,P0170,E01,F018,Adjudicación Simplificada,Servicio de transporte,183668.48,2023-09-20,False,False,183668.48,0.8945209105277138,1.0,0.0,0.0,0.0,0.0,False
C002058,P0215,E04,F019,Contratación Directa,Adquisición de bienes de oficina,196978.73,2023-11-18,False,False,196978.73,1.028874699814535,0.0,0.0,0.0,1.0,0.0,True
C002534,P0027,E10,F004,Adjudicación Simplificada,Adquisición de equipos informáticos,26681.66,2026-06-12,False,False,26681.66,-0.6901055341362208,1.0,0.0,0.0,0.0,0.0,False
C000148,P0161,E15,F035,Comparación de Precios,Adquisición de equipos informáticos,61754.2,2024-10-21,False,False,61754.2,-0.3360829839276515,0.0,1.0,0.0,0.0,0.0,True
C000028,P0095,E13,F055,Contratación Directa,Servicio de limpieza y vigilancia,42853.55,2025-10-08,False,False,42853.55,-0.5268663236458354,0.0,0.0,0.0,1.0,0.0,True
C002465,P0093,E06,F006,Adjudicación Simplificada,Servicio de mantenimiento de infraestructura,56304.66,2025-08-23,False,False,56304.66,-0.3910906921878347,1.0,0.0,0.0,0.0,0.0,False
C002372,P0038,E00,F041,Comparación de Precios,Suministro de combustible,16392.49,2024-10-29,False,False,16392.49,-0.7939645133527105,0.0,1.0,0.0,0.0,0.0,True
C000692,P0106,E03,F000,Adjudicación Simplificada,Suministro de combustible,66928.83,2023-05-15,False,False,66928.83,-0.28385021980547015,1.0,0.0,0.0,0.0,0.0,False
C001386,P0092,E07,F013,Contratación Directa,Servicio de mantenimiento de infraestructura,142142.48,2023-09-10,False,False,142142.48,0.4753570740915432,0.0,0.0,0.0,1.0,0.0,True
C001845,P0102,E00,F010,Comparación de Precios,Adquisición de equipos informáticos,69732.06,2023-06-12,False,False,69732.06,-0.2555543896939024,0.0,1.0,0.0,0.0,0.0,True
C002468,P0115,E06,F006,Comparación de Precios,Servicio de limpieza y vigilancia,4315.06,2025-04-08,False,False,4315.06,-0.9158742059089234,0.0,1.0,0.0,0.0,0.0,True
C001599,P0109,E02,F044,Comparación de Precios,Consultoría en ingeniería,129792.45,2024-04-03,False,False,129792.45,0.3506957545591586,0.0,1.0,0.0,0.0,0.0,True
C000701,P0162,E01,F017,Licitación Pública,Adquisición de materiales de construcción,25522.28,2024-02-02,False,False,25522.28,-0.7018083268127937,0.0,0.0,0.0,0.0,1.0,False
C001708,P0079,E08,F022,Contratación Directa,Adquisición de bienes de oficina,6621.2,2024-07-13,False,False,6621.2,-0.8925960069550413,0.0,0.0,0.0,1.0,0.0,True
C000454,P0078,E05,F032,Adjudicación Simplificada,Servicio de limpieza y vigilancia,44371.25,2023-08-31,False,False,44371.25,-0.511546645503005,1.0,0.0,0.0,0.0,0.0,False
C002040,P0141,E06,F039,Concurso Público,Servicio de mantenimiento de infraestructura,38296.65,2023-11-21,False,False,38296.65,-0.572863715310238,0.0,0.0,1.0,0.0,0.0,False
C003054,P0009,E04,F053,Adjudicación Simplificada,Servicio de limpieza y vigilancia,17372.87,2025-07-30,False,False,17372.87,-0.7840685483677543,1.0,0.0,0.0,0.0,0.0,False
C000609,P0203,E01,F018,Adjudicación Simplificada,Servicio de limpieza y vigilancia,61530.634999999995,2023-07-10,False,False,61530.634999999995,-0.3383396511504241,1.0,0.0,0.0,0.0,0.0,False
C000167,P0186,E04,F019,Concurso Público,Adquisición de bienes de oficina,89057.13,2024-07-28,False,False,89057.13,-0.06048695048479125,0.0,0.0,1.0,0.0,0.0,False
C000730,P0149,E06,F006,Comparación de Precios,Suministro de combustible,46389.84,2025-11-14,False,False,46389.84,-0.4911709789665775,0.0,1.0,0.0,0.0,0.0,True
C003408,P0021,E14,F029,Comparación de Precios,Servicio de transporte,79198.09,2023-01-30,False,False,79198.09,-0.16000419341639233,0.0,1.0,0.0,0.0,0.0,True
C003221,P0173,E11,F049,Adjudicación Simplificada,Servicio de mantenimiento de infraestructura,24411.84,2024-01-01,False,False,24411.84,-0.7130171186668655,1.0,0.0,0.0,0.0,0.0,False
C002390,P0119,E13,F058,Licitación Pública,Adquisición de equipos informáticos,33503.81,2024-10-03,False,False,33503.81,-0.6212426875643617,0.0,0.0,0.0,0.0,1.0,False
C001622,P0033,E12,F050,Licitación Pública,Adquisición de materiales de construcción,91233.65,2025-03-30,False,False,91233.65,-0.0385171370358665,0.0,0.0,0.0,0.0,1.0,False
C000587,P0009,E02,F011,Comparación de Precios,Adquisición de equipos informáticos,20910.34,2023-02-20,False,False,20910.34,-0.7483612927573449,0.0,1.0,0.0,0.0,0.0,True
C001401,P0103,E13,F058,Comparación de Precios,Adquisición de bienes de oficina,66967.27,2025-06-28,False,False,66967.27,-0.28346220608219785,0.0,1.0,0.0,0.0,0.0,True
C001700,P0012,E02,F044,Comparación de Precios,Consultoría en ingeniería,55194.29,2023-05-01,False,False,55194.29,-0.40229877746124487,0.0,1.0,0.0,0.0,0.0,True
C002629,P0139,E02,F025,Comparación de Precios,Servicio de mantenimiento de infraestructura,71691.64,2026-02-16,False,False,71691.64,-0.2357743706551413,0.0,1.0,0.0,0.0,0.0,True
C002835,P0058,E17,F031,Licitación Pública,Obra de rehabilitación vial,30959.71,2025-12-17,False,False,30959.71,-0.6469228570070544,0.0,0.0,0.0,0.0,1.0,False
C001379,P0103,E15,F035,Adjudicación Simplificada,Suministro de combustible,69228.42,2024-10-25,False,False,69228.42,-0.260638136613488,1.0,0.0,0.0,0.0,0.0,False
C002089,P0057,E14,F016,Adjudicación Simplificada,Adquisición de equipos informáticos,72085.88,2026-05-12,False,False,72085.88,-0.2317949083694264,1.0,0.0,0.0,0.0,0.0,False
C002175,P0050,E16,F057,Adjudicación Simplificada,Consultoría en ingeniería,28136.36,2024-05-16,False,False,28136.36,-0.6754217785887638,1.0,0.0,0.0,0.0,0.0,False
C003371,P0044,E05,F032,Adjudicación Simplificada,Suministro de combustible,67993.38,2024-08-24,False,False,67993.38,-0.27310464204507606,1.0,0.0,0.0,0.0,0.0,False
C002315,P0114,E13,F055,Comparación de Precios,Consultoría en ingeniería,40783.59,2024-08-27,False,False,40783.59,-0.5477605194477286,0.0,1.0,0.0,0.0,0.0,True
C002920,P0146,E03,F000,Contratación Directa,Servicio de mantenimiento de infraestructura,16359.45,2024-05-04,False,False,16359.45,-0.7942980194249508,0.0,0.0,0.0,1.0,0.0,True
C000441,P0086,E04,F053,Adjudicación Simplificada,Servicio de mantenimiento de infraestructura,63748.33,2023-12-11,False,False,63748.33,-0.31595421686238007,1.0,0.0,0.0,0.0,0.0,False
C002051,P0133,E11,F049,Licitación Pública,Servicio de mantenimiento de infraestructura,39471.33,2024-07-24,False,False,39471.33,-0.5610064842890744,0.0,0.0,0.0,0.0,1.0,False
C001301,P0216,E11,F049,Comparación de Precios,Servicio de transporte,450363.08,2024-05-08,False,False,450363.08,3.586538723291041,0.0,1.0,0.0,0.0,0.0,True
C003043,P0158,E17,F012,Licitación Pública,Servicio de capacitación,21546.6,2025-06-16,False,False,21546.6,-0.7419388783044509,0.0,0.0,0.0,0.0,1.0,False
C001304,P0215,E17,F012,Comparación de Precios,Obra de rehabilitación vial,56898.49,2026-01-25,False,False,56898.49,-0.38509656655592,0.0,1.0,0.0,0.0,0.0,True
C000236,P0176,E07,F013,Adjudicación Simplificada,Servicio de transporte,4222.96,2025-08-19,False,False,4222.96,-0.9168038641793027,1.0,0.0,0.0,0.0,0.0,False
C000520,P0026,E07,F036,Adjudicación Simplificada,Servicio de limpieza y vigilancia,65943.58,2025-12-03,False,False,65943.58,-0.29379534261644974,1.0,0.0,0.0,0.0,0.0,False
C000735,P0174,E08,F014,Adjudicación Simplificada,Suministro de combustible,21013.25,2025-10-09,False,False,21013.25,-0.747322518244807,1.0,0.0,0.0,0.0,0.0,False
C003261,P0197,E01,F018,Adjudicación Simplificada,Servicio de limpieza y vigilancia,82502.28,2024-04-09,False,False,82502.28,-0.12665166833056582,1.0,0.0,0.0,0.0,0.0,False
C002106,P0125,E14,F016,Adjudicación Simplificada,Suministro de combustible,43991.16,2025-01-17,False,False,43991.16,-0.5153832775549971,1.0,0.0,0.0,0.0,0.0,False
C000592,P0101,E08,F020,Comparación de Precios,Servicio de limpieza y vigilancia,106586.1,2025-03-31,False,False,106586.1,0.11645063835050566,0.0,1.0,0.0,0.0,0.0,True
C001303,P0217,E12,F021,Comparación de Precios,Servicio de mantenimiento de infraestructura,215610.88,2025-06-16,False,False,215610.88,1.2169477979952938,0.0,1.0,0.0,0.0,0.0,True
C001387,P0132,E02,F025,Comparación de Precios,Adquisición de equipos informáticos,47207.89,2023-07-18,False,False,47207.89,-0.4829135745357002,0.0,1.0,0.0,0.0,0.0,True
C002341,P0097,E13,F055,Comparación de Precios,Obra de rehabilitación vial,69046.38,2024-03-04,False,False,69046.38,-0.2624756500938338,0.0,1.0,0.0,0.0,0.0,True
C003387,P0062,E07,F013,Concurso Público,Servicio de capacitación,55965.4,2023-11-12,False,False,55965.4,-0.3945151858339681,0.0,0.0,1.0,0.0,0.0,False
C003348,P0175,E10,F026,Adjudicación Simplificada,Consultoría en ingeniería,207053.66,2025-03-13,False,False,207053.66,1.1305711384463768,1.0,0.0,0.0,0.0,0.0,False
C000904,P0056,E10,F008,Comparación de Precios,Adquisición de equipos informáticos,32561.86,2025-07-23,False,False,32561.86,-0.63075073976614,0.0,1.0,0.0,0.0,0.0,True
C003048,P0089,E12,F050,Licitación Pública,Adquisición de bienes de oficina,82491.11,2023-04-01,False,False,82491.11,-0.12676441841612646,0.0,0.0,0.0,0.0,1.0,False
C001279,P0064,E11,F049,Licitación Pública,Servicio de capacitación,181750.65,2023-05-14,False,False,181750.65,0.8751623163835056,0.0,0.0,0.0,0.0,1.0,False
C002877,P0040,E07,F036,Contratación Directa,Adquisición de materiales de construcción,216161.03,2025-05-16,False,False,216161.03,1.2225010172944162,0.0,0.0,0.0,1.0,0.0,True
C003454,P0140,E05,F045,Adjudicación Simplificada,Adquisición de equipos informáticos,65210.94,2026-01-30,False,False,65210.94,-0.3011906177001707,1.0,0.0,0.0,0.0,0.0,False
C002308,P0018,E10,F026,Licitación Pública,Adquisición de bienes de oficina,101789.77,2024-12-02,False,False,101789.77,0.06803643800340028,0.0,0.0,0.0,0.0,1.0,False
C002860,P0128,E13,F058,Concurso Público,Obra de rehabilitación vial,35908.05,2024-04-16,False,False,35908.05,-0.5969742662833979,0.0,0.0,1.0,0.0,0.0,False
C003153,P0151,E12,F050,Concurso Público,Obra de rehabilitación vial,52669.4,2024-06-30,False,False,52669.4,-0.427785040982396,0.0,0.0,1.0,0.0,0.0,False
C800004,P0200,E08,F014,Adjudicación Simplificada,Servicio de limpieza y vigilancia,309701.93,2026-02-12,False,True,309701.93,2.1667037458907696,1.0,0.0,0.0,0.0,0.0,False
C000706,P0198,E14,F016,Adjudicación Simplificada,Servicio de capacitación,36663.53,2024-04-22,False,False,36663.53,-0.5893484440238306,1.0,0.0,0.0,0.0,0.0,False
C003168,P0068,E11,F007,Comparación de Precios,Servicio de transporte,555964.38,2023-12-08,False,False,534351.0878000001,4.434314467742205,0.0,1.0,0.0,0.0,0.0,True
C000745,P0213,E17,F003,Comparación de Precios,Suministro de combustible,66646.32,2025-02-16,False,False,66646.32,-0.2867018784152949,0.0,1.0,0.0,0.0,0.0,True
C001939,P0123,E03,F000,Adjudicación Simplificada,Consultoría en ingeniería,19352.41,2024-05-27,False,False,19352.41,-0.7640870529003637,1.0,0.0,0.0,0.0,0.0,False
C002364,P0039,E12,F050,Contratación Directa,Servicio de capacitación,178570.96,2025-12-07,False,False,178570.96,0.8430664954742505,0.0,0.0,0.0,1.0,0.0,True
C000513,P0216,E06,F039,Licitación Pública,Consultoría en ingeniería,167306.22,2023-02-17,False,False,167306.22,0.7293601034582609,0.0,0.0,0.0,0.0,1.0,False
C000081,P0139,E16,F002,Adjudicación Simplificada,Consultoría en ingeniería,34934.45,2026-06-24,False,False,34934.45,-0.6068017938842807,1.0,0.0,0.0,0.0,0.0,False
C001308,P0048,E05,F047,Adjudicación Simplificada,Adquisición de materiales de construcción,94327.86,2023-01-08,False,False,94327.86,-0.007284152054429188,1.0,0.0,0.0,0.0,0.0,False
C002985,P0183,E17,F003,Comparación de Precios,Servicio de mantenimiento de infraestructura,444836.69,2023-06-08,False,False,444836.69,3.530755290404596,0.0,1.0,0.0,0.0,0.0,True
C000914,P0020,E12,F050,Licitación Pública,Consultoría en ingeniería,83836.5,2026-04-13,False,False,83836.5,-0.11318403904168975,0.0,0.0,0.0,0.0,1.0,False
C003313,P0114,E09,F027,Comparación de Precios,Servicio de limpieza y vigilancia,22790.42,2026-03-28,False,False,22790.42,-0.7293837474698884,0.0,1.0,0.0,0.0,0.0,True
C003297,P0084,E13,F055,Concurso Público,Adquisición de bienes de oficina,112353.07,2025-05-07,False,False,112353.07,0.17466248803052067,0.0,0.0,1.0,0.0,0.0,False
C000774,P0147,E07,F013,Adjudicación Simplificada,Adquisición de materiales de construcción,50520.05,2023-12-14,False,False,50520.05,-0.44948060019455427,1.0,0.0,0.0,0.0,0.0,False
C000329,P0139,E15,F035,Licitación Pública,Servicio de limpieza y vigilancia,106660.12,2025-09-30,False,False,106660.12,0.11719779693002214,0.0,0.0,0.0,0.0,1.0,False
C002054,P0021,E17,F003,Comparación de Precios,Obra de rehabilitación vial,28738.0,2026-01-02,False,False,28738.0,-0.6693488187430416,0.0,1.0,0.0,0.0,0.0,True
C002001,P0109,E12,F021,Contratación Directa,Suministro de combustible,36947.84,2023-07-06,False,False,36947.84,-0.5864786161969952,0.0,0.0,0.0,1.0,0.0,True
C000943,P0170,E10,F004,Adjudicación Simplificada,Adquisición de equipos informáticos,33033.34,2024-08-29,False,False,33033.34,-0.6259916161904785,1.0,0.0,0.0,0.0,0.0,False
C000822,P0006,E08,F022,Contratación Directa,Consultoría en ingeniería,56397.34,2026-04-26,False,False,56397.34,-0.39015517939197425,0.0,0.0,0.0,1.0,0.0,True
C000909,P0032,E06,F006,Concurso Público,Adquisición de bienes de oficina,85922.23,2025-12-15,False,False,85922.23,-0.09213066071076426,0.0,0.0,1.0,0.0,0.0,False
C000181,P0033,E02,F025,Contratación Directa,Servicio de mantenimiento de infraestructura,74841.07,2026-03-22,False,False,74841.07,-0.20398399447185442,0.0,0.0,0.0,1.0,0.0,True
C000164,P0082,E15,F035,Comparación de Precios,Servicio de capacitación,96652.32,2025-12-17,False,False,96652.32,0.016178969152583853,0.0,1.0,0.0,0.0,0.0,True
C001523,P0087,E09,F043,Comparación de Precios,Adquisición de materiales de construcción,15084.69,2023-08-30,False,False,15084.69,-0.8071654589119077,0.0,1.0,0.0,0.0,0.0,True
C000451,P0108,E06,F039,Concurso Público,Adquisición de equipos informáticos,23296.22,2025-07-09,False,False,23296.22,-0.72427819748989,0.0,0.0,1.0,0.0,0.0,False
C001311,P0012,E02,F044,Concurso Público,Servicio de transporte,73376.91,2024-04-09,False,False,73376.91,-0.21876323934871192,0.0,0.0,1.0,0.0,0.0,False
C001111,P0077,E01,F017,Adjudicación Simplificada,Adquisición de bienes de oficina,13749.48,2024-01-29,False,False,13749.48,-0.8206430812701396,1.0,0.0,0.0,0.0,0.0,False
C002982,P0081,E06,F039,Comparación de Precios,Obra de rehabilitación vial,57067.36,2023-09-14,False,False,57067.36,-0.3833919911800356,0.0,1.0,0.0,0.0,0.0,True
C001287,P0196,E06,F039,Adjudicación Simplificada,Adquisición de bienes de oficina,34119.75,2024-11-17,False,False,34119.75,-0.6150253833834992,1.0,0.0,0.0,0.0,0.0,False
C000327,P0176,E16,F042,Adjudicación Simplificada,Servicio de mantenimiento de infraestructura,46519.45,2023-11-22,False,False,46519.45,-0.4898626944017147,1.0,0.0,0.0,0.0,0.0,False
C001790,P0044,E08,F028,Licitación Pública,Servicio de transporte,9282.61,2023-11-27,False,False,9282.61,-0.8657317092637252,0.0,0.0,0.0,0.0,1.0,False
C003185,P0054,E12,F021,Concurso Público,Suministro de combustible,7295.51,2025-06-22,False,False,7295.51,-0.8857895154425606,0.0,0.0,1.0,0.0,0.0,False
C002007,P0001,E15,F035,Adjudicación Simplificada,Obra de rehabilitación vial,141863.28,2023-09-30,False,False,141863.28,0.4725388266529991,1.0,0.0,0.0,0.0,0.0,False
C001858,P0171,E00,F041,Concurso Público,Adquisición de equipos informáticos,182045.98,2025-05-19,False,False,182045.98,0.8781433801944842,0.0,0.0,1.0,0.0,0.0,False
C000312,P0180,E13,F055,Comparación de Precios,Obra de rehabilitación vial,10089.61,2026-06-23,False,False,10089.61,-0.8575858436372746,0.0,1.0,0.0,0.0,0.0,True
C000832,P0021,E09,F043,Comparación de Precios,Servicio de transporte,71922.34,2025-06-02,False,False,71922.34,-0.2334456826749404,0.0,1.0,0.0,0.0,0.0,True
C001201,P0147,E05,F032,Licitación Pública,Consultoría en ingeniería,163798.2,2024-04-09,False,False,163798.2,0.6939501164261651,0.0,0.0,0.0,0.0,1.0,False
C003450,P0153,E02,F044,Contratación Directa,Adquisición de bienes de oficina,59651.84,2025-12-12,False,False,59651.84,-0.35730422563573677,0.0,0.0,0.0,1.0,0.0,True
C900041,P0138,E00,F010,Contratación Directa,Servicio de mantenimiento de infraestructura,238004.27,2025-09-15,True,False,238004.27,1.442986888281172,0.0,0.0,0.0,1.0,0.0,True
C002134,P0065,E16,F042,Adjudicación Simplificada,Servicio de limpieza y vigilancia,181051.96,2023-08-13,False,False,181051.96,0.8681097329206248,1.0,0.0,0.0,0.0,0.0,False
C002209,P0141,E05,F045,Adjudicación Simplificada,Suministro de combustible,38936.29,2023-07-31,False,False,38936.29,-0.5664071831054018,1.0,0.0,0.0,0.0,0.0,False
C002955,P0191,E14,F016,Comparación de Precios,Adquisición de bienes de oficina,580396.02,2023-03-24,False,False,534351.0878000001,4.434314467742205,0.0,1.0,0.0,0.0,0.0,True
C001481,P0139,E03,F000,Adjudicación Simplificada,Consultoría en ingeniería,33085.27,2025-07-16,False,False,33085.27,-0.6254674342797206,1.0,0.0,0.0,0.0,0.0,False
C000777,P0193,E07,F036,Licitación Pública,Suministro de combustible,8973.8,2026-03-05,False,False,8973.8,-0.8688488403220948,0.0,0.0,0.0,0.0,1.0,False
C000799,P0057,E06,F006,Adjudicación Simplificada,Consultoría en ingeniería,101386.79,2023-07-30,False,False,101386.79,0.06396875407508905,1.0,0.0,0.0,0.0,0.0,False
C000054,P0153,E13,F058,Comparación de Precios,Servicio de mantenimiento de infraestructura,55874.43,2023-06-09,False,False,55874.43,-0.3954334378736685,0.0,1.0,0.0,0.0,0.0,True
C001920,P0111,E01,F017,Comparación de Precios,Adquisición de equipos informáticos,8369.6,2023-01-20,False,False,8369.6,-0.8749476408320098,0.0,1.0,0.0,0.0,0.0,True
C003097,P0061,E17,F012,Comparación de Precios,Servicio de capacitación,10807.08,2023-01-20,False,False,10807.08,-0.8503436946769158,0.0,1.0,0.0,0.0,0.0,True
C002607,P0194,E15,F035,Comparación de Precios,Servicio de capacitación,72304.07,2025-09-13,False,False,72304.07,-0.22959249644744958,0.0,1.0,0.0,0.0,0.0,True
C001701,P0042,E04,F053,Comparación de Precios,Obra de rehabilitación vial,12772.12,2024-09-08,False,False,12772.12,-0.8305085623465558,0.0,1.0,0.0,0.0,0.0,True
C002161,P0055,E00,F041,Contratación Directa,Adquisición de materiales de construcción,3931.77,2023-07-21,False,False,3931.77,-0.9197431387911567,0.0,0.0,0.0,1.0,0.0,True
C003370,P0156,E01,F018,Concurso Público,Servicio de transporte,32508.08,2023-08-05,False,False,32508.08,-0.6312935955943811,0.0,0.0,1.0,0.0,0.0,False
C000987,P0137,E07,F023,Comparación de Precios,Servicio de limpieza y vigilancia,6957.91,2025-04-11,False,False,6957.91,-0.8891972530330063,0.0,1.0,0.0,0.0,0.0,True
C002588,P0159,E00,F010,Adjudicación Simplificada,Obra de rehabilitación vial,27126.41,2025-08-30,False,False,27126.41,-0.6856162234331675,1.0,0.0,0.0,0.0,0.0,False
C001394,P0062,E16,F002,Adjudicación Simplificada,Servicio de mantenimiento de infraestructura,185606.99,2026-03-29,False,False,185606.99,0.9140882487873552,1.0,0.0,0.0,0.0,0.0,False
C000768,P0185,E06,F006,Comparación de Precios,Servicio de limpieza y vigilancia,152897.48,2023-11-10,False,False,152897.48,0.5839181457303,0.0,1.0,0.0,0.0,0.0,True
C003182,P0153,E06,F006,Adjudicación Simplificada,Adquisición de bienes de oficina,61286.18,2023-04-30,False,False,61286.18,-0.34080718223061485,1.0,0.0,0.0,0.0,0.0,False
C000285,P0135,E03,F000,Contratación Directa,Servicio de limpieza y vigilancia,24066.03,2023-07-26,False,False,24066.03,-0.7165077280748987,0.0,0.0,0.0,1.0,0.0,True
C003164,P0212,E14,F040,Concurso Público,Servicio de mantenimiento de infraestructura,638980.48,2026-01-01,False,False,534351.0878000001,4.434314467742205,0.0,0.0,1.0,0.0,0.0,False
C000428,P0049,E16,F057,Comparación de Precios,Obra de rehabilitación vial,20072.48,2025-05-24,False,False,20072.48,-0.756818659515434,0.0,1.0,0.0,0.0,0.0,True
C002332,P0193,E03,F000,Licitación Pública,Adquisición de bienes de oficina,294405.61,2024-04-27,False,False,294405.61,2.012302547254847,0.0,0.0,0.0,0.0,1.0,False
C002079,P0214,E10,F026,Adjudicación Simplificada,Consultoría en ingeniería,49228.39,2023-06-20,False,False,49228.39,-0.4625186284412225,1.0,0.0,0.0,0.0,0.0,False
C000722,P0219,E14,F029,Adjudicación Simplificada,Servicio de mantenimiento de infraestructura,46778.37,2024-08-26,False,False,46778.37,-0.4872491534748242,1.0,0.0,0.0,0.0,0.0,False
C000951,P0008,E05,F037,Adjudicación Simplificada,Obra de rehabilitación vial,61638.35,2026-03-09,False,False,61638.35,-0.33725237492247717,1.0,0.0,0.0,0.0,0.0,False
C002262,P0045,E14,F016,Contratación Directa,Servicio de capacitación,119260.15,2024-03-29,False,False,119260.15,0.24438261882499976,0.0,0.0,0.0,1.0,0.0,True
C000989,P0214,E01,F017,Comparación de Precios,Adquisición de bienes de oficina,126696.6,2025-05-11,False,False,126696.6,0.31944621540222284,0.0,1.0,0.0,0.0,0.0,True
C003353,P0045,E01,F018,Adjudicación Simplificada,Consultoría en ingeniería,119219.12,2025-05-02,False,False,119219.12,0.243968461617251,1.0,0.0,0.0,0.0,0.0,False
C002498,P0020,E05,F059,Adjudicación Simplificada,Adquisición de bienes de oficina,41227.29,2024-06-19,False,False,41227.29,-0.5432818074545983,1.0,0.0,0.0,0.0,0.0,False
C000326,P0088,E03,F000,Adjudicación Simplificada,Adquisición de equipos informáticos,72784.84,2023-09-28,False,False,72784.84,-0.22473959952399408,1.0,0.0,0.0,0.0,0.0,False
C001383,P0147,E06,F006,Adjudicación Simplificada,Servicio de transporte,147866.47,2024-10-16,False,False,147866.47,0.5331350832453811,1.0,0.0,0.0,0.0,0.0,False
C001724,P0110,E07,F023,Concurso Público,Suministro de combustible,221081.21,2026-05-01,False,False,221081.21,1.27216536071195,0.0,0.0,1.0,0.0,0.0,False
C001086,P0033,E07,F013,Concurso Público,Suministro de combustible,197992.45,2026-05-18,False,False,197992.45,1.0391071990745666,0.0,0.0,1.0,0.0,0.0,False
C000341,P0105,E10,F026,Adjudicación Simplificada,Servicio de transporte,47694.94,2023-09-22,False,False,47694.94,-0.47799728723289625,1.0,0.0,0.0,0.0,0.0,False
C000147,P0039,E17,F003,Concurso Público,Servicio de limpieza y vigilancia,18730.72,2024-08-22,False,False,18730.72,-0.7703623976355659,0.0,0.0,1.0,0.0,0.0,False
C002801,P0118,E13,F058,Adjudicación Simplificada,Consultoría en ingeniería,195621.93,2025-06-09,False,False,195621.93,1.0151791477922694,1.0,0.0,0.0,0.0,0.0,False
C001107,P0008,E00,F010,Concurso Público,Adquisición de materiales de construcción,35938.31,2025-03-04,False,False,35938.31,-0.5966688215574297,0.0,0.0,1.0,0.0,0.0,False
C000848,P0108,E02,F044,Contratación Directa,Servicio de capacitación,46069.01,2024-07-16,False,False,46069.01,-0.4944094400185405,0.0,0.0,0.0,1.0,0.0,True
C000966,P0041,E07,F036,Comparación de Precios,Adquisición de materiales de construcción,213212.14,2025-01-21,False,False,213212.14,1.1927348937663071,0.0,1.0,0.0,0.0,0.0,True
C002948,P0133,E07,F013,Licitación Pública,Servicio de mantenimiento de infraestructura,129882.67,2024-06-04,False,False,129882.67,0.3516064360917712,0.0,0.0,0.0,0.0,1.0,False
C002203,P0155,E16,F042,Adjudicación Simplificada,Servicio de capacitación,75160.42,2023-09-19,False,False,75160.42,-0.20076047255387802,1.0,0.0,0.0,0.0,0.0,False
C000661,P0082,E13,F055,Adjudicación Simplificada,Adquisición de equipos informáticos,92526.83,2026-06-24,False,False,92526.83,-0.02546376589483365,1.0,0.0,0.0,0.0,0.0,False
C001002,P0152,E15,F035,Concurso Público,Consultoría en ingeniería,28736.59,2026-06-20,False,False,28736.59,-0.6693630512963668,0.0,0.0,1.0,0.0,0.0,False
C002803,P0075,E02,F051,Adjudicación Simplificada,Adquisición de equipos informáticos,71580.44,2023-10-22,False,False,71580.44,-0.2368968245060227,1.0,0.0,0.0,0.0,0.0,False
C003014,P0171,E01,F018,Concurso Público,Servicio de limpieza y vigilancia,292491.1,2024-02-07,False,False,292491.1,1.992977465222014,0.0,0.0,1.0,0.0,0.0,False
C003162,P0041,E11,F049,Contratación Directa,Servicio de capacitación,8489.59,2024-05-09,False,False,8489.59,-0.8737364606380598,0.0,0.0,0.0,1.0,0.0,True
C003364,P0163,E05,F047,Licitación Pública,Adquisición de equipos informáticos,51119.7,2025-04-15,False,False,51119.7,-0.4434277274276384,0.0,0.0,0.0,0.0,1.0,False
C001879,P0048,E06,F006,Comparación de Precios,Adquisición de bienes de oficina,28551.78,2025-11-26,False,False,28551.78,-0.6712285251828901,0.0,1.0,0.0,0.0,0.0,True
C003383,P0069,E07,F036,Adjudicación Simplificada,Adquisición de equipos informáticos,72198.49,2025-10-02,False,False,72198.49,-0.23065822196521993,1.0,0.0,0.0,0.0,0.0,False
C001203,P0034,E11,F054,Concurso Público,Adquisición de bienes de oficina,55481.29,2023-07-08,False,False,55481.29,-0.39940179674898796,0.0,0.0,1.0,0.0,0.0,False
C001990,P0131,E09,F033,Adjudicación Simplificada,Servicio de transporte,26944.28,2026-03-26,False,False,26944.28,-0.687454645374364,1.0,0.0,0.0,0.0,0.0,False
C000024,P0127,E05,F052,Contratación Directa,Adquisición de materiales de construcción,44704.47,2025-08-01,False,False,44704.47,-0.5081831196739519,0.0,0.0,0.0,1.0,0.0,True
C003375,P0147,E02,F051,Comparación de Precios,Servicio de transporte,28799.32,2025-10-21,False,False,28799.32,-0.6687298540835449,0.0,1.0,0.0,0.0,0.0,True
C900043,P0138,E00,F010,Comparación de Precios,Servicio de mantenimiento de infraestructura,343108.66,2024-05-22,True,False,343108.66,2.5039115942168135,0.0,1.0,0.0,0.0,0.0,True
C002817,P0052,E02,F025,Licitación Pública,Obra de rehabilitación vial,92942.97,2025-09-08,False,False,92942.97,-0.021263244802155624,0.0,0.0,0.0,0.0,1.0,False
C002758,P0187,E09,F033,Contratación Directa,Suministro de combustible,65235.98,2023-09-20,False,False,65235.98,-0.3009378637035333,0.0,0.0,0.0,1.0,0.0,True
C000875,P0151,E11,F049,Comparación de Precios,Servicio de capacitación,43563.4,2025-04-20,False,False,43563.4,-0.5197010910374885,0.0,1.0,0.0,0.0,0.0,True
C003231,P0156,E09,F027,Adjudicación Simplificada,Servicio de transporte,342261.43,2023-02-28,False,False,342261.43,2.495359646590175,1.0,0.0,0.0,0.0,0.0,False
C000938,P0070,E09,F043,Concurso Público,Servicio de mantenimiento de infraestructura,244861.7,2025-12-10,False,False,244861.7,1.51220585150644,0.0,0.0,1.0,0.0,0.0,False
C002394,P0166,E01,F018,Adjudicación Simplificada,Servicio de transporte,28510.55,2025-07-11,False,False,28510.55,-0.6716447011925288,1.0,0.0,0.0,0.0,0.0,False
C003001,P0071,E08,F028,Comparación de Precios,Servicio de capacitación,35476.59,2025-03-04,False,False,35476.59,-0.6013294276008557,0.0,1.0,0.0,0.0,0.0,True
C900066,P0049,E16,F002,Comparación de Precios,Servicio de mantenimiento de infraestructura,283397.4,2025-09-20,True,False,283397.4,1.9011855714831616,0.0,1.0,0.0,0.0,0.0,True
C000385,P0002,E16,F002,Concurso Público,Servicio de limpieza y vigilancia,118009.92,2024-12-02,False,False,118009.92,0.23176278538986053,0.0,0.0,1.0,0.0,0.0,False
C002752,P0167,E14,F016,Adjudicación Simplificada,Servicio de transporte,57864.52,2025-12-15,False,False,57864.52,-0.37534545060657665,1.0,0.0,0.0,0.0,0.0,False
C003319,P0208,E01,F048,Contratación Directa,Adquisición de materiales de construcción,23227.09,2024-07-04,False,False,23227.09,-0.7249759963631943,0.0,0.0,0.0,1.0,0.0,True
C002641,P0138,E03,F000,Contratación Directa,Suministro de combustible,41479.93,2025-05-19,False,False,41479.93,-0.5407316569070562,0.0,0.0,0.0,1.0,0.0,True
C002291,P0137,E14,F029,Adjudicación Simplificada,Consultoría en ingeniería,39627.1,2024-11-03,False,False,39627.1,-0.5594341404369899,1.0,0.0,0.0,0.0,0.0,False
C002510,P0036,E10,F026,Concurso Público,Suministro de combustible,326365.09,2024-06-15,False,False,326365.09,2.3349018404038397,0.0,0.0,1.0,0.0,0.0,False
C000936,P0112,E02,F025,Concurso Público,Consultoría en ingeniería,20278.03,2023-08-05,False,False,20278.03,-0.7547438358729099,0.0,0.0,1.0,0.0,0.0,False
C003091,P0077,E00,F010,Adjudicación Simplificada,Adquisición de equipos informáticos,238654.2,2024-02-02,False,False,238654.2,1.4495472878432525,1.0,0.0,0.0,0.0,0.0,False
C002360,P0087,E08,F015,Adjudicación Simplificada,Servicio de limpieza y vigilancia,91446.17,2025-04-28,False,False,91446.17,-0.036371958147473286,1.0,0.0,0.0,0.0,0.0,False
C900008,P0168,E17,F003,Contratación Directa,Suministro de combustible,340917.77,2024-12-06,True,False,340917.77,2.4817967298520873,0.0,0.0,0.0,1.0,0.0,True
C001332,P0143,E11,F054,Comparación de Precios,Adquisición de materiales de construcción,142065.52,2026-03-17,False,False,142065.52,0.47458023912424235,0.0,1.0,0.0,0.0,0.0,True
C001934,P0206,E05,F047,Contratación Directa,Servicio de mantenimiento de infraestructura,31189.6,2024-05-19,False,False,31189.6,-0.6446023451745083,0.0,0.0,0.0,1.0,0.0,True
C000935,P0096,E14,F029,Adjudicación Simplificada,Servicio de limpieza y vigilancia,61530.634999999995,2026-01-27,False,False,61530.634999999995,-0.3383396511504241,1.0,0.0,0.0,0.0,0.0,False
C002418,P0008,E15,F035,Adjudicación Simplificada,Servicio de transporte,47786.64,2023-01-01,False,False,47786.64,-0.4770716665662971,1.0,0.0,0.0,0.0,0.0,False
C000566,P0217,E09,F034,Licitación Pública,Servicio de capacitación,23143.37,2024-10-15,False,False,23143.37,-0.7258210668343795,0.0,0.0,0.0,0.0,1.0,False
C001854,P0121,E14,F040,Comparación de Precios,Servicio de capacitación,41200.16,2026-04-16,False,False,41200.16,-0.5435556579309868,0.0,1.0,0.0,0.0,0.0,True
C900067,P0049,E16,F002,Comparación de Precios,Servicio de mantenimiento de infraestructura,109735.1,2024-10-10,True,False,109735.1,0.14823667410972882,0.0,1.0,0.0,0.0,0.0,True
C001645,P0069,E12,F021,Contratación Directa,Servicio de transporte,95117.36,2025-03-17,False,False,95117.36,0.00068506840663994,0.0,0.0,0.0,1.0,0.0,True
C002832,P0090,E10,F004,Comparación de Precios,Servicio de capacitación,19455.59,2023-08-18,False,False,19455.59,-0.7630455530052743,0.0,1.0,0.0,0.0,0.0,True
C001792,P0140,E06,F039,Comparación de Precios,Servicio de mantenimiento de infraestructura,25600.29,2026-05-26,False,False,25600.29,-0.7010208931355701,0.0,1.0,0.0,0.0,0.0,True
C001430,P0075,E04,F019,Adjudicación Simplificada,Adquisición de equipos informáticos,57758.24,2023-02-09,False,False,57758.24,-0.37641824193096224,1.0,0.0,0.0,0.0,0.0,False
C002780,P0204,E03,F000,Contratación Directa,Servicio de limpieza y vigilancia,61530.634999999995,2023-07-19,False,False,61530.634999999995,-0.3383396511504241,0.0,0.0,0.0,1.0,0.0,True
C001013,P0092,E06,F006,Adjudicación Simplificada,Adquisición de equipos informáticos,72376.76,2026-05-18,False,False,72376.76,-0.2288587629005021,1.0,0.0,0.0,0.0,0.0,False
C001928,P0076,E06,F039,Comparación de Precios,Servicio de capacitación,42388.63,2024-03-26,False,False,42388.63,-0.5315592305195027,0.0,1.0,0.0,0.0,0.0,True
C002702,P0103,E07,F023,Adjudicación Simplificada,Servicio de limpieza y vigilancia,149982.83,2025-07-09,False,False,149982.83,0.5544976410857714,1.0,0.0,0.0,0.0,0.0,False
C000126,P0072,E04,F053,Comparación de Precios,Adquisición de equipos informáticos,19145.81,2024-08-10,False,False,19145.81,-0.7661724752528107,0.0,1.0,0.0,0.0,0.0,True
C002516,P0195,E01,F048,Licitación Pública,Adquisición de equipos informáticos,44017.18,2025-07-09,False,False,44017.18,-0.5151206314290984,0.0,0.0,0.0,0.0,1.0,False
C001347,P0054,E10,F026,Concurso Público,Servicio de limpieza y vigilancia,114004.44,2025-06-06,False,False,114004.44,0.19133143241658232,0.0,0.0,1.0,0.0,0.0,False
C000355,P0114,E11,F049,Comparación de Precios,Adquisición de materiales de construcción,35720.83,2024-03-17,False,False,35720.83,-0.5988640667326967,0.0,1.0,0.0,0.0,0.0,True
C000827,P0101,E15,F035,Comparación de Precios,Servicio de capacitación,111310.5,2026-06-13,False,False,111310.5,0.16413877659784568,0.0,1.0,0.0,0.0,0.0,True
C001639,P0205,E00,F038,Concurso Público,Servicio de mantenimiento de infraestructura,17501.74,2024-12-30,False,False,17501.74,-0.7827677333698847,0.0,0.0,1.0,0.0,0.0,False
C000984,P0200,E09,F034,Adjudicación Simplificada,Servicio de transporte,63518.94,2023-10-28,False,False,63518.94,-0.31826968169020103,1.0,0.0,0.0,0.0,0.0,False
C002188,P0159,E15,F035,Licitación Pública,Servicio de capacitación,184690.53,2024-03-05,False,False,184690.53,0.9048374928864669,0.0,0.0,0.0,0.0,1.0,False
C003055,P0210,E06,F039,Adjudicación Simplificada,Servicio de transporte,62504.42,2023-06-15,False,False,62504.42,-0.328510256157793,1.0,0.0,0.0,0.0,0.0,False
C002443,P0035,E03,F000,Adjudicación Simplificada,Adquisición de materiales de construcción,169635.79,2023-03-20,False,False,169635.79,0.7528748050535653,1.0,0.0,0.0,0.0,0.0,False
C000362,P0016,E12,F050,Adjudicación Simplificada,Adquisición de equipos informáticos,51829.54,2023-04-21,False,False,51829.54,-0.4362625957593859,1.0,0.0,0.0,0.0,0.0,False
C002349,P0182,E03,F000,Comparación de Precios,Consultoría en ingeniería,10664.26,2026-06-11,False,False,10664.26,-0.8517853211066181,0.0,1.0,0.0,0.0,0.0,True
C000345,P0190,E07,F036,Comparación de Precios,Adquisición de bienes de oficina,51264.31,2024-10-31,False,False,51264.31,-0.44196803272102003,0.0,1.0,0.0,0.0,0.0,True
C002475,P0202,E09,F033,Adjudicación Simplificada,Servicio de capacitación,113842.92,2024-02-24,False,False,113842.92,0.1897010480101581,1.0,0.0,0.0,0.0,0.0,False
C003046,P0055,E10,F008,Adjudicación Simplificada,Adquisición de bienes de oficina,86144.81,2024-02-06,False,False,86144.81,-0.0898839360873003,1.0,0.0,0.0,0.0,0.0,False
C000711,P0076,E05,F009,Adjudicación Simplificada,Servicio de mantenimiento de infraestructura,15384.61,2024-02-06,False,False,15384.61,-0.804138063597552,1.0,0.0,0.0,0.0,0.0,False
C002478,P0102,E12,F050,Adjudicación Simplificada,Servicio de capacitación,117183.87,2024-04-03,False,False,117183.87,0.22342462888338024,1.0,0.0,0.0,0.0,0.0,False
C000010,P0095,E13,F058,Comparación de Precios,Adquisición de equipos informáticos,82092.75,2025-04-26,False,False,82092.75,-0.13078546802077687,0.0,1.0,0.0,0.0,0.0,True
C002893,P0183,E01,F018,Adjudicación Simplificada,Servicio de limpieza y vigilancia,65943.58,2024-11-17,False,False,65943.58,-0.29379534261644974,1.0,0.0,0.0,0.0,0.0,False
C002116,P0186,E08,F005,Comparación de Precios,Servicio de capacitación,39566.69,2025-05-09,False,False,39566.69,-0.5600439195478869,0.0,1.0,0.0,0.0,0.0,True
C001834,P0092,E01,F048,Adjudicación Simplificada,Adquisición de bienes de oficina,31853.44,2025-07-08,False,False,31853.44,-0.637901537940973,1.0,0.0,0.0,0.0,0.0,False
C000793,P0166,E12,F021,Comparación de Precios,Adquisición de equipos informáticos,45524.61,2025-01-01,False,False,45524.61,-0.4999046187633233,0.0,1.0,0.0,0.0,0.0,True
C003318,P0190,E06,F006,Licitación Pública,Suministro de combustible,7146.67,2025-12-27,False,False,7146.67,-0.887291907809154,0.0,0.0,0.0,0.0,1.0,False
C000094,P0213,E11,F049,Comparación de Precios,Servicio de transporte,76805.85,2025-07-25,False,False,76805.85,-0.18415148658395145,0.0,1.0,0.0,0.0,0.0,True
C000129,P0136,E01,F048,Concurso Público,Consultoría en ingeniería,196363.95,2025-01-23,False,False,196363.95,1.022669104684635,0.0,0.0,1.0,0.0,0.0,False
C002371,P0112,E16,F057,Comparación de Precios,Servicio de transporte,51062.16,2023-03-30,False,False,51062.16,-0.4440085367314128,0.0,1.0,0.0,0.0,0.0,True
C002688,P0118,E04,F030,Comparación de Precios,Consultoría en ingeniería,27335.34,2025-08-16,False,False,27335.34,-0.6835072820387013,0.0,1.0,0.0,0.0,0.0,True
C003486,P0058,E08,F015,Licitación Pública,Servicio de transporte,423847.13,2023-05-25,False,False,423847.13,3.3188864734054344,0.0,0.0,0.0,0.0,1.0,False
C002263,P0096,E15,F035,Adjudicación Simplificada,Obra de rehabilitación vial,632666.83,2023-09-28,False,False,534351.0878000001,4.434314467742205,1.0,0.0,0.0,0.0,0.0,False
C001900,P0169,E07,F036,Licitación Pública,Consultoría en ingeniería,187207.33,2025-09-26,False,False,187207.33,0.9302420958711644,0.0,0.0,0.0,0.0,1.0,False
C002632,P0031,E11,F049,Adjudicación Simplificada,Servicio de capacitación,43980.52,2024-07-13,False,False,43980.52,-0.5154906778155491,1.0,0.0,0.0,0.0,0.0,False
C003251,P0138,E13,F055,Comparación de Precios,Servicio de capacitación,44976.11,2025-09-02,False,False,44976.11,-0.5054411829468527,0.0,1.0,0.0,0.0,0.0,True
C001932,P0159,E03,F000,Adjudicación Simplificada,Servicio de limpieza y vigilancia,61530.634999999995,2024-12-01,False,False,61530.634999999995,-0.3383396511504241,1.0,0.0,0.0,0.0,0.0,False
C002580,P0179,E15,F035,Comparación de Precios,Servicio de limpieza y vigilancia,33897.19,2024-11-07,False,False,33897.19,-0.6172719061267741,0.0,1.0,0.0,0.0,0.0,True
C001865,P0043,E00,F041,Comparación de Precios,Servicio de limpieza y vigilancia,61530.634999999995,2023-10-22,False,False,61530.634999999995,-0.3383396511504241,0.0,1.0,0.0,0.0,0.0,True
C001658,P0087,E02,F011,Comparación de Precios,Servicio de limpieza y vigilancia,73621.33,2023-03-17,False,False,73621.33,-0.2162960615588519,0.0,1.0,0.0,0.0,0.0,True
C000516,P0194,E16,F057,Adjudicación Simplificada,Obra de rehabilitación vial,22660.56,2023-09-28,False,False,22660.56,-0.7306945555371138,1.0,0.0,0.0,0.0,0.0,False
C001857,P0031,E00,F010,Adjudicación Simplificada,Suministro de combustible,55667.01,2026-03-18,False,False,55667.01,-0.39752713731386474,1.0,0.0,0.0,0.0,0.0,False
C002243,P0114,E00,F041,Licitación Pública,Adquisición de bienes de oficina,149388.28,2024-06-29,False,False,149388.28,0.5484962477670525,0.0,0.0,0.0,0.0,1.0,False
C001277,P0013,E09,F046,Comparación de Precios,Adquisición de materiales de construcción,42301.12,2023-06-26,False,False,42301.12,-0.5324425572865047,0.0,1.0,0.0,0.0,0.0,True
C003471,P0132,E01,F018,Comparación de Precios,Consultoría en ingeniería,17970.53,2023-01-02,False,False,17970.53,-0.7780357626796446,0.0,1.0,0.0,0.0,0.0,True
C000950,P0176,E00,F038,Concurso Público,Servicio de transporte,106652.67,2024-03-18,False,False,106652.67,0.11712259655961689,0.0,0.0,1.0,0.0,0.0,False
C001120,P0024,E02,F051,Adjudicación Simplificada,Suministro de combustible,206664.07,2025-08-13,False,False,206664.07,1.1266386133046062,1.0,0.0,0.0,0.0,0.0,False
C002204,P0137,E08,F015,Contratación Directa,Obra de rehabilitación vial,13341.32,2024-08-24,False,False,13341.32,-0.8247630521674038,0.0,0.0,0.0,1.0,0.0,True
C000419,P0010,E14,F029,Adjudicación Simplificada,Adquisición de bienes de oficina,96432.92,2025-07-20,False,False,96432.92,0.013964343479172027,1.0,0.0,0.0,0.0,0.0,False
C000922,P0138,E16,F002,Adjudicación Simplificada,Consultoría en ingeniería,104180.09,2023-11-26,False,False,104180.09,0.09216435067281471,1.0,0.0,0.0,0.0,0.0,False
C002644,P0077,E09,F043,Licitación Pública,Adquisición de equipos informáticos,31631.4,2023-08-12,False,False,31631.4,-0.6401428117993337,0.0,0.0,0.0,0.0,1.0,False
C000477,P0014,E00,F041,Adjudicación Simplificada,Consultoría en ingeniería,56397.34,2023-12-02,False,False,56397.34,-0.39015517939197425,1.0,0.0,0.0,0.0,0.0,False
C002035,P0015,E15,F035,Adjudicación Simplificada,Servicio de capacitación,20452.55,2026-04-09,False,False,20452.55,-0.7529822293436309,1.0,0.0,0.0,0.0,0.0,False
C002619,P0002,E14,F016,Adjudicación Simplificada,Servicio de limpieza y vigilancia,80456.09,2025-02-03,False,False,80456.09,-0.14730592952782365,1.0,0.0,0.0,0.0,0.0,False
C001692,P0077,E15,F035,Comparación de Precios,Obra de rehabilitación vial,59033.76,2023-12-25,False,False,59033.76,-0.363543130996823,0.0,1.0,0.0,0.0,0.0,True
C002658,P0071,E14,F016,Adjudicación Simplificada,Obra de rehabilitación vial,83090.34,2026-05-15,False,False,83090.34,-0.12071578513317976,1.0,0.0,0.0,0.0,0.0,False
C001471,P0079,E00,F041,Comparación de Precios,Adquisición de equipos informáticos,44104.72,2023-02-19,False,False,44104.72,-0.5142370018418128,0.0,1.0,0.0,0.0,0.0,True
C001202,P0059,E11,F007,Comparación de Precios,Servicio de mantenimiento de infraestructura,165845.39,2025-02-25,False,False,165845.39,0.7146144716328733,0.0,1.0,0.0,0.0,0.0,True
C002438,P0024,E11,F054,Comparación de Precios,Servicio de limpieza y vigilancia,33274.58,2024-10-02,False,False,33274.58,-0.6235565373506705,0.0,1.0,0.0,0.0,0.0,True
C001669,P0037,E17,F031,Adjudicación Simplificada,Servicio de mantenimiento de infraestructura,31863.88,2023-08-02,False,False,31863.88,-0.637796156482311,1.0,0.0,0.0,0.0,0.0,False
C003332,P0214,E09,F034,Comparación de Precios,Servicio de limpieza y vigilancia,142009.32,2024-03-15,False,False,142009.32,0.4740129557931316,0.0,1.0,0.0,0.0,0.0,True
C001970,P0023,E05,F037,Contratación Directa,Suministro de combustible,12505.02,2023-07-03,False,False,12505.02,-0.8332046722707502,0.0,0.0,0.0,1.0,0.0,True
C002151,P0110,E15,F035,Licitación Pública,Obra de rehabilitación vial,106166.68,2024-02-21,False,False,106166.68,0.11221700890683028,0.0,0.0,0.0,0.0,1.0,False
C000820,P0080,E04,F053,Adjudicación Simplificada,Consultoría en ingeniería,192865.08,2023-10-08,False,False,192865.08,0.9873514778390097,1.0,0.0,0.0,0.0,0.0,False
C001997,P0136,E10,F026,Comparación de Precios,Consultoría en ingeniería,9191.66,2026-05-09,False,False,9191.66,-0.8666497594232366,0.0,1.0,0.0,0.0,0.0,True
C003442,P0048,E10,F026,Adjudicación Simplificada,Adquisición de bienes de oficina,235757.38,2026-04-28,False,False,235757.38,1.4203067593872243,1.0,0.0,0.0,0.0,0.0,False
C001248,P0192,E14,F016,Concurso Público,Servicio de limpieza y vigilancia,93539.38,2023-10-13,False,False,93539.38,-0.015243076625858895,0.0,0.0,1.0,0.0,0.0,False
C003475,P0208,E13,F056,Concurso Público,Servicio de capacitación,24598.86,2025-04-24,False,False,24598.86,-0.7111293370194567,0.0,0.0,1.0,0.0,0.0,False
C003270,P0148,E01,F017,Adjudicación Simplificada,Obra de rehabilitación vial,26054.64,2025-02-13,False,False,26054.64,-0.6964346799417933,1.0,0.0,0.0,0.0,0.0,False
C002190,P0027,E01,F048,Adjudicación Simplificada,Servicio de limpieza y vigilancia,46122.92,2026-06-12,False,False,46122.92,-0.49386527196907093,1.0,0.0,0.0,0.0,0.0,False
C003478,P0211,E06,F039,Licitación Pública,Obra de rehabilitación vial,18658.04,2024-12-08,False,False,18658.04,-0.771096030242419,0.0,0.0,0.0,0.0,1.0,False
C001046,P0052,E05,F037,Adjudicación Simplificada,Servicio de limpieza y vigilancia,76904.78,2024-07-07,False,False,76904.78,-0.18315288622902617,1.0,0.0,0.0,0.0,0.0,False
C001888,P0101,E16,F042,Adjudicación Simplificada,Servicio de mantenimiento de infraestructura,64822.23,2025-08-07,False,False,64822.23,-0.30511426011362497,1.0,0.0,0.0,0.0,0.0,False
C002469,P0016,E15,F035,Adjudicación Simplificada,Servicio de limpieza y vigilancia,292459.94,2023-11-13,False,False,292459.94,1.9926629358875407,1.0,0.0,0.0,0.0,0.0,False
C000615,P0103,E12,F050,Adjudicación Simplificada,Suministro de combustible,20463.22,2023-11-09,False,False,20463.22,-0.7528745262627954,1.0,0.0,0.0,0.0,0.0,False
C001318,P0145,E02,F044,Licitación Pública,Adquisición de bienes de oficina,116217.12,2024-10-26,False,False,116217.12,0.2136662452472326,0.0,0.0,0.0,0.0,1.0,False
C003462,P0152,E14,F016,Comparación de Precios,Suministro de combustible,10414.37,2024-03-01,False,False,10414.37,-0.8543077131281717,0.0,1.0,0.0,0.0,0.0,True
C900028,P0000,E15,F035,Comparación de Precios,Adquisición de bienes de oficina,69522.51,2024-12-07,True,False,69522.51,-0.25766958937422796,0.0,1.0,0.0,0.0,0.0,True
C900012,P0051,E08,F028,Comparación de Precios,Adquisición de bienes de oficina,269387.81,2025-11-10,True,False,269387.81,1.7597726376273166,0.0,1.0,0.0,0.0,0.0,True
C002136,P0145,E11,F007,Adjudicación Simplificada,Servicio de mantenimiento de infraestructura,66166.24,2025-01-05,False,False,66166.24,-0.2915478104722297,1.0,0.0,0.0,0.0,0.0,False
C002943,P0004,E16,F057,Licitación Pública,Adquisición de materiales de construcción,188637.12,2024-01-17,False,False,188637.12,0.9446744096432126,0.0,0.0,0.0,0.0,1.0,False
C001772,P0087,E06,F006,Comparación de Precios,Suministro de combustible,60759.16,2025-01-08,False,False,60759.16,-0.34612692709115017,0.0,1.0,0.0,0.0,0.0,True
C900042,P0138,E00,F010,Contratación Directa,Servicio de mantenimiento de infraestructura,124396.38,2025-06-01,True,False,124396.38,0.2962277729842869,0.0,0.0,0.0,1.0,0.0,True
C000131,P0170,E02,F051,Comparación de Precios,Consultoría en ingeniería,60563.72,2026-03-18,False,False,60563.72,-0.348099700298131,0.0,1.0,0.0,0.0,0.0,True
C000077,P0102,E13,F056,Concurso Público,Servicio de mantenimiento de infraestructura,146945.26,2026-03-20,False,False,146945.26,0.5238363807996035,0.0,0.0,1.0,0.0,0.0,False
C002052,P0124,E00,F038,Comparación de Precios,Servicio de capacitación,50004.35,2024-05-20,False,False,50004.35,-0.4546860808681114,0.0,1.0,0.0,0.0,0.0,True
C000724,P0062,E01,F048,Adjudicación Simplificada,Servicio de transporte,47459.54,2023-05-21,False,False,47459.54,-0.48037341705751396,1.0,0.0,0.0,0.0,0.0,False
C001314,P0191,E05,F059,Adjudicación Simplificada,Adquisición de bienes de oficina,16992.52,2024-01-04,False,False,16992.52,-0.7879078048622034,1.0,0.0,0.0,0.0,0.0,False
C001851,P0067,E13,F056,Comparación de Precios,Adquisición de equipos informáticos,116613.3,2025-10-08,False,False,116613.3,0.21766528991128126,0.0,1.0,0.0,0.0,0.0,True
C900005,P0168,E17,F003,Comparación de Precios,Suministro de combustible,189461.32,2024-09-12,True,False,189461.32,0.9529938922322098,0.0,1.0,0.0,0.0,0.0,True
C002754,P0056,E00,F041,Adjudicación Simplificada,Adquisición de materiales de construcción,9946.71,2025-03-31,False,False,9946.71,-0.8590282775877328,1.0,0.0,0.0,0.0,0.0,False
C002974,P0130,E08,F014,Adjudicación Simplificada,Servicio de capacitación,36773.32,2025-08-22,False,False,36773.32,-0.5882402227262741,1.0,0.0,0.0,0.0,0.0,False
C001372,P0164,E15,F035,Adjudicación Simplificada,Servicio de capacitación,27783.69,2023-12-09,False,False,27783.69,-0.6789816329016267,1.0,0.0,0.0,0.0,0.0,False
C001855,P0064,E13,F055,Comparación de Precios,Adquisición de materiales de construcción,128327.72,2024-11-19,False,False,128327.72,0.33591075609691445,0.0,1.0,0.0,0.0,0.0,True
C001319,P0053,E08,F005,Adjudicación Simplificada,Obra de rehabilitación vial,139155.17,2023-03-26,False,False,139155.17,0.44520313872035083,1.0,0.0,0.0,0.0,0.0,False
C003449,P0047,E09,F046,Adjudicación Simplificada,Obra de rehabilitación vial,45007.94,2024-06-01,False,False,45007.94,-0.5051198906260473,1.0,0.0,0.0,0.0,0.0,False
C002610,P0081,E03,F000,Licitación Pública,Adquisición de bienes de oficina,61697.98,2023-09-21,False,False,61697.98,-0.3366504691389514,0.0,0.0,0.0,0.0,1.0,False
C000375,P0088,E15,F035,Concurso Público,Suministro de combustible,114068.95,2025-05-02,False,False,114068.95,0.1919825969662258,0.0,0.0,1.0,0.0,0.0,False
C001908,P0160,E15,F035,Comparación de Precios,Adquisición de equipos informáticos,65915.39,2026-03-26,False,False,65915.39,-0.29407989274285573,0.0,1.0,0.0,0.0,0.0,True
C000333,P0023,E02,F051,Adjudicación Simplificada,Adquisición de materiales de construcción,60372.07,2023-08-28,False,False,60372.07,-0.3500342172092949,1.0,0.0,0.0,0.0,0.0,False
C002707,P0060,E17,F012,Contratación Directa,Consultoría en ingeniería,17313.54,2024-11-29,False,False,17313.54,-0.784667425948445,0.0,0.0,0.0,1.0,0.0,True
C002760,P0072,E09,F027,Licitación Pública,Suministro de combustible,28223.26,2024-05-26,False,False,28223.26,-0.6745446091675265,0.0,0.0,0.0,0.0,1.0,False
C002365,P0146,E12,F021,Comparación de Precios,Suministro de combustible,98636.89,2026-05-18,False,False,98636.89,0.03621123748750963,0.0,1.0,0.0,0.0,0.0,True
C001604,P0181,E16,F024,Concurso Público,Suministro de combustible,121800.09,2023-08-05,False,False,121800.09,0.270020797188379,0.0,0.0,1.0,0.0,0.0,False
C001118,P0072,E02,F051,Adjudicación Simplificada,Adquisición de bienes de oficina,85656.78,2024-02-05,False,False,85656.78,-0.09481011551936562,1.0,0.0,0.0,0.0,0.0,False
C003396,P0145,E14,F040,Comparación de Precios,Servicio de limpieza y vigilancia,156585.61,2026-06-14,False,False,156585.61,0.6211461648045022,0.0,1.0,0.0,0.0,0.0,True
C001943,P0075,E10,F004,Comparación de Precios,Adquisición de equipos informáticos,184792.02,2025-10-19,False,False,184792.02,0.9058619339055851,0.0,1.0,0.0,0.0,0.0,True
C002717,P0049,E02,F044,Adjudicación Simplificada,Consultoría en ingeniería,56558.51,2025-03-27,False,False,56558.51,-0.3885283278888576,1.0,0.0,0.0,0.0,0.0,False
C002376,P0064,E05,F032,Concurso Público,Obra de rehabilitación vial,34425.45,2024-05-11,False,False,34425.45,-0.6119396446945203,0.0,0.0,1.0,0.0,0.0,False
C003019,P0107,E17,F031,Adjudicación Simplificada,Servicio de transporte,22897.56,2023-03-24,False,False,22897.56,-0.7283022752973756,1.0,0.0,0.0,0.0,0.0,False
C001342,P0184,E10,F004,Licitación Pública,Servicio de capacitación,143893.81,2024-09-12,False,False,143893.81,0.49303501566226404,0.0,0.0,0.0,0.0,1.0,False
C000320,P0008,E17,F031,Concurso Público,Adquisición de materiales de construcción,51378.45,2025-10-30,False,False,51378.45,-0.4408159024823545,0.0,0.0,1.0,0.0,0.0,False
C001619,P0183,E16,F057,Contratación Directa,Obra de rehabilitación vial,22792.52,2023-06-21,False,False,22792.52,-0.7293625500500426,0.0,0.0,0.0,1.0,0.0,True
C002927,P0139,E15,F035,Adjudicación Simplificada,Suministro de combustible,30712.14,2025-09-24,False,False,30712.14,-0.6494218309266833,1.0,0.0,0.0,0.0,0.0,False
C002060,P0189,E15,F035,Comparación de Precios,Servicio de mantenimiento de infraestructura,24592.05,2025-04-28,False,False,24592.05,-0.7111980772238137,0.0,1.0,0.0,0.0,0.0,True
C002219,P0062,E15,F035,Adjudicación Simplificada,Servicio de limpieza y vigilancia,24406.26,2025-11-04,False,False,24406.26,-0.7130734432395985,1.0,0.0,0.0,0.0,0.0,False
C001673,P0059,E00,F038,Comparación de Precios,Consultoría en ingeniería,48799.65,2024-10-24,False,False,48799.65,-0.4668463340529752,0.0,1.0,0.0,0.0,0.0,True
C001942,P0004,E13,F056,Adjudicación Simplificada,Adquisición de bienes de oficina,62081.46,2025-05-30,False,False,62081.46,-0.3327796183949226,1.0,0.0,0.0,0.0,0.0,False
C000260,P0160,E12,F021,Licitación Pública,Servicio de transporte,87207.39,2024-10-08,False,False,87207.39,-0.07915824352552343,0.0,0.0,0.0,0.0,1.0,False
C003038,P0100,E07,F023,Adjudicación Simplificada,Adquisición de equipos informáticos,73911.8,2024-02-03,False,False,73911.8,-0.21336405463380215,1.0,0.0,0.0,0.0,0.0,False
C002039,P0172,E07,F013,Comparación de Precios,Adquisición de equipos informáticos,34576.28,2024-12-14,False,False,34576.28,-0.6104171652491206,0.0,1.0,0.0,0.0,0.0,True
C000689,P0104,E01,F017,Adjudicación Simplificada,Adquisición de equipos informáticos,14442.76,2023-08-29,False,False,14442.76,-0.8136451063983854,1.0,0.0,0.0,0.0,0.0,False
C000901,P0018,E01,F017,Licitación Pública,Obra de rehabilitación vial,22026.8,2023-11-23,False,False,22026.8,-0.7370917349663819,0.0,0.0,0.0,0.0,1.0,False
C002306,P0145,E12,F050,Comparación de Precios,Adquisición de materiales de construcción,442137.97,2023-03-08,False,False,442137.97,3.5035143852206865,0.0,1.0,0.0,0.0,0.0,True
C002026,P0080,E08,F028,Contratación Directa,Consultoría en ingeniería,14228.9,2023-11-05,False,False,14228.9,-0.8158038112594421,0.0,0.0,0.0,1.0,0.0,True
C000138,P0058,E02,F051,Licitación Pública,Adquisición de bienes de oficina,361335.14,2025-01-07,False,False,361335.14,2.6878898555838404,0.0,0.0,0.0,0.0,1.0,False
C001917,P0059,E01,F048,Contratación Directa,Adquisición de materiales de construcción,52598.95,2024-06-21,False,False,52598.95,-0.4284961639481748,0.0,0.0,0.0,1.0,0.0,True
C001828,P0166,E02,F025,Adjudicación Simplificada,Servicio de limpieza y vigilancia,15335.69,2024-06-22,False,False,15335.69,-0.8046318625398642,1.0,0.0,0.0,0.0,0.0,False
C001573,P0112,E14,F016,Licitación Pública,Obra de rehabilitación vial,78738.22,2023-10-30,False,False,78738.22,-0.1646461255423351,0.0,0.0,0.0,0.0,1.0,False
C000319,P0185,E13,F058,Adjudicación Simplificada,Consultoría en ingeniería,167507.08,2024-04-08,False,False,167507.08,0.7313875861964626,1.0,0.0,0.0,0.0,0.0,False
C000653,P0167,E17,F031,Contratación Directa,Servicio de capacitación,106070.49,2024-02-27,False,False,106070.49,0.11124606613779907,0.0,0.0,0.0,1.0,0.0,True
C002137,P0164,E17,F012,Comparación de Precios,Servicio de transporte,113450.03,2026-06-09,False,False,113450.03,0.18573521263720125,0.0,1.0,0.0,0.0,0.0,True
C002781,P0186,E05,F009,Contratación Directa,Suministro de combustible,249216.71,2023-06-11,False,False,249216.71,1.5561653636029071,0.0,0.0,0.0,1.0,0.0,True
C000558,P0187,E14,F029,Concurso Público,Obra de rehabilitación vial,34474.5,2023-12-31,False,False,34474.5,-0.6114445335309795,0.0,0.0,1.0,0.0,0.0,False
C002187,P0082,E00,F010,Contratación Directa,Servicio de mantenimiento de infraestructura,36485.23,2024-11-11,False,False,36485.23,-0.5911482059088319,0.0,0.0,0.0,1.0,0.0,True
C000112,P0199,E05,F059,Adjudicación Simplificada,Consultoría en ingeniería,4606.65,2025-01-23,False,False,4606.65,-0.9129308936932894,1.0,0.0,0.0,0.0,0.0,False
C000531,P0149,E11,F049,Comparación de Precios,Obra de rehabilitación vial,85716.11,2025-02-09,False,False,85716.11,-0.09421123793867499,0.0,1.0,0.0,0.0,0.0,True
C000224,P0099,E17,F031,Concurso Público,Servicio de mantenimiento de infraestructura,41636.79,2026-04-22,False,False,41636.79,-0.5391483105846707,0.0,0.0,1.0,0.0,0.0,False
C000723,P0051,E05,F045,Contratación Directa,Adquisición de materiales de construcción,42269.89,2023-03-15,False,False,42269.89,-0.5327577932016399,0.0,0.0,0.0,1.0,0.0,True
C002906,P0118,E02,F025,Licitación Pública,Servicio de mantenimiento de infraestructura,60154.34,2026-04-10,False,False,60154.34,-0.35223198588692456,0.0,0.0,0.0,0.0,1.0,False
C003079,P0174,E01,F018,Comparación de Precios,Servicio de transporte,36268.17,2026-04-24,False,False,36268.17,-0.5933392116001298,0.0,1.0,0.0,0.0,0.0,True
C001433,P0058,E04,F053,Licitación Pública,Servicio de capacitación,72918.91,2023-01-23,False,False,72918.91,-0.22338629567698257,0.0,0.0,0.0,0.0,1.0,False
C002373,P0031,E16,F057,Adjudicación Simplificada,Servicio de mantenimiento de infraestructura,167742.51,2023-09-04,False,False,167742.51,0.733764018841364,1.0,0.0,0.0,0.0,0.0,False
C003430,P0073,E01,F017,Contratación Directa,Obra de rehabilitación vial,124960.07,2023-03-01,False,False,124960.07,0.3019176651713674,0.0,0.0,0.0,1.0,0.0,True
C002871,P0140,E09,F034,Concurso Público,Servicio de limpieza y vigilancia,45199.48,2025-08-13,False,False,45199.48,-0.5031864840559229,0.0,0.0,1.0,0.0,0.0,False
C001458,P0094,E10,F008,Concurso Público,Servicio de mantenimiento de infraestructura,171792.32,2026-01-31,False,False,171792.32,0.7746428392535772,0.0,0.0,1.0,0.0,0.0,False
C003239,P0112,E14,F016,Licitación Pública,Consultoría en ingeniería,301960.3,2023-03-12,False,False,301960.3,2.0885596595094817,0.0,0.0,0.0,0.0,1.0,False
C000846,P0031,E07,F013,Comparación de Precios,Suministro de combustible,80529.84,2024-10-27,False,False,80529.84,-0.1465614963308587,0.0,1.0,0.0,0.0,0.0,True
C000193,P0163,E16,F057,Adjudicación Simplificada,Consultoría en ingeniería,7273.89,2025-09-08,False,False,7273.89,-0.8860077479268776,1.0,0.0,0.0,0.0,0.0,False
C001464,P0030,E11,F054,Adjudicación Simplificada,Adquisición de bienes de oficina,29578.67,2024-05-17,False,False,29578.67,-0.660863087818397,1.0,0.0,0.0,0.0,0.0,False
C000946,P0000,E00,F010,Adjudicación Simplificada,Obra de rehabilitación vial,110530.22,2023-08-19,False,False,110530.22,0.156262622903909,1.0,0.0,0.0,0.0,0.0,False
C002021,P0215,E06,F006,Comparación de Precios,Servicio de transporte,49041.05,2025-10-01,False,False,49041.05,-0.46440964017165526,0.0,1.0,0.0,0.0,0.0,True
C002551,P0216,E10,F004,Concurso Público,Servicio de mantenimiento de infraestructura,74367.54,2023-10-29,False,False,74367.54,-0.20876381076688946,0.0,0.0,1.0,0.0,0.0,False
C001629,P0098,E06,F006,Adjudicación Simplificada,Servicio de capacitación,78456.13,2024-03-29,False,False,78456.13,-0.16749354466819066,1.0,0.0,0.0,0.0,0.0,False
C000117,P0123,E03,F000,Licitación Pública,Servicio de limpieza y vigilancia,37841.42,2026-05-04,False,False,37841.42,-0.5774588112323312,0.0,0.0,0.0,0.0,1.0,False
C000645,P0040,E07,F023,Comparación de Precios,Servicio de limpieza y vigilancia,135869.15,2023-01-21,False,False,135869.15,0.41203402178623744,0.0,1.0,0.0,0.0,0.0,True
C001870,P0174,E12,F021,Licitación Pública,Servicio de transporte,138439.56,2025-07-29,False,False,138439.56,0.4379797646175696,0.0,0.0,0.0,0.0,1.0,False
C000003,P0038,E16,F002,Licitación Pública,Consultoría en ingeniería,113998.3,2026-05-21,False,False,113998.3,0.19126945519855706,0.0,0.0,0.0,0.0,1.0,False
C000074,P0132,E02,F011,Licitación Pública,Servicio de capacitación,3088.59,2026-05-07,False,False,3088.59,-0.9282542056795219,0.0,0.0,0.0,0.0,1.0,False
C001755,P0194,E10,F026,Comparación de Precios,Adquisición de equipos informáticos,207979.05,2025-05-19,False,False,207979.05,1.1399120338516568,0.0,1.0,0.0,0.0,0.0,True
C000467,P0034,E03,F000,Contratación Directa,Servicio de transporte,97254.04,2023-01-27,False,False,97254.04,0.02225273651906189,0.0,0.0,0.0,1.0,0.0,True
C000005,P0176,E15,F035,Comparación de Precios,Servicio de transporte,15892.57,2023-06-17,False,False,15892.57,-0.7990107105571408,0.0,1.0,0.0,0.0,0.0,True
C001246,P0017,E00,F041,Comparación de Precios,Obra de rehabilitación vial,743.14,2024-06-11,False,False,743.14,-0.9519292001448981,0.0,1.0,0.0,0.0,0.0,True
C000919,P0045,E07,F023,Adjudicación Simplificada,Adquisición de equipos informáticos,82313.57,2024-01-17,False,False,82313.57,-0.12855650885394554,1.0,0.0,0.0,0.0,0.0,False
C002595,P0153,E10,F004,Contratación Directa,Adquisición de bienes de oficina,54225.49,2025-03-17,False,False,54225.49,-0.4120778538167658,0.0,0.0,0.0,1.0,0.0,True
C000228,P0034,E06,F039,Adjudicación Simplificada,Servicio de limpieza y vigilancia,90896.06,2023-07-27,False,False,90896.06,-0.041924773686217734,1.0,0.0,0.0,0.0,0.0,False
C001063,P0138,E04,F030,Adjudicación Simplificada,Suministro de combustible,127781.87,2023-03-04,False,False,127781.87,0.33040094103842854,1.0,0.0,0.0,0.0,0.0,False
C002590,P0203,E13,F056,Licitación Pública,Adquisición de equipos informáticos,71146.48,2023-07-29,False,False,71146.48,-0.24127722084710646,0.0,0.0,0.0,0.0,1.0,False
C000242,P0144,E08,F005,Concurso Público,Servicio de limpieza y vigilancia,282626.11,2025-10-15,False,False,282626.11,1.8934001629341835,0.0,0.0,1.0,0.0,0.0,False
C002736,P0171,E12,F021,Comparación de Precios,Adquisición de bienes de oficina,45493.22,2025-03-15,False,False,45493.22,-0.5002214697199705,0.0,1.0,0.0,0.0,0.0,True
C001160,P0114,E01,F018,Adjudicación Simplificada,Obra de rehabilitación vial,249278.74,2023-07-26,False,False,249278.74,1.5567914950091135,1.0,0.0,0.0,0.0,0.0,False
C003011,P0028,E02,F011,Comparación de Precios,Adquisición de equipos informáticos,42915.73,2023-07-09,False,False,42915.73,-0.5262386781382112,0.0,1.0,0.0,0.0,0.0,True
C002683,P0089,E16,F024,Comparación de Precios,Adquisición de equipos informáticos,36246.37,2024-11-29,False,False,36246.37,-0.5935592610061479,0.0,1.0,0.0,0.0,0.0,True
C002563,P0160,E17,F012,Licitación Pública,Servicio de mantenimiento de infraestructura,41765.47,2025-02-15,False,False,41765.47,-0.5378494134485968,0.0,0.0,0.0,0.0,1.0,False
C001526,P0157,E00,F038,Concurso Público,Servicio de capacitación,125847.65,2024-05-01,False,False,125847.65,0.31087690607932894,0.0,0.0,1.0,0.0,0.0,False
C001605,P0172,E15,F035,Comparación de Precios,Adquisición de equipos informáticos,20495.25,2024-01-16,False,False,20495.25,-0.7525512151401,0.0,1.0,0.0,0.0,0.0,True
C003344,P0124,E10,F004,Licitación Pública,Obra de rehabilitación vial,40305.84,2024-12-16,False,False,40305.84,-0.5525829324626441,0.0,0.0,0.0,0.0,1.0,False
C800000,P0066,E13,F056,Adjudicación Simplificada,Adquisición de bienes de oficina,319654.98,2024-03-14,False,True,319654.98,2.2671699266508,1.0,0.0,0.0,0.0,0.0,False
C002788,P0126,E11,F049,Adjudicación Simplificada,Servicio de capacitación,81393.68,2024-09-19,False,False,81393.68,-0.13784188720724888,1.0,0.0,0.0,0.0,0.0,False
C003049,P0211,E10,F008,Licitación Pública,Suministro de combustible,24314.16,2025-06-02,False,False,24314.16,-0.7140031015099777,0.0,0.0,0.0,0.0,1.0,False
C001989,P0025,E15,F035,Concurso Público,Adquisición de bienes de oficina,53039.13,2023-04-29,False,False,53039.13,-0.42405298286830984,0.0,0.0,1.0,0.0,0.0,False
C003441,P0060,E15,F035,Comparación de Precios,Adquisición de equipos informáticos,64440.34,2024-01-29,False,False,64440.34,-0.3089690613826278,0.0,1.0,0.0,0.0,0.0,True
C002362,P0170,E15,F035,Adjudicación Simplificada,Servicio de limpieza y vigilancia,494612.22,2025-12-02,False,False,494612.22,4.033189960621899,1.0,0.0,0.0,0.0,0.0,False
C001975,P0066,E14,F029,Comparación de Precios,Adquisición de equipos informáticos,91317.28,2024-09-11,False,False,91317.28,-0.037672975025531796,0.0,1.0,0.0,0.0,0.0,True
C001761,P0006,E04,F053,Adjudicación Simplificada,Adquisición de equipos informáticos,26562.43,2024-04-17,False,False,26562.43,-0.6913090428829886,1.0,0.0,0.0,0.0,0.0,False
C001305,P0023,E02,F051,Concurso Público,Servicio de transporte,431443.17,2024-12-25,False,False,431443.17,3.3955609729508422,0.0,0.0,1.0,0.0,0.0,False
C001541,P0086,E15,F035,Concurso Público,Adquisición de materiales de construcción,62269.56,2025-07-21,False,False,62269.56,-0.33088093521730755,0.0,0.0,1.0,0.0,0.0,False
C002472,P0130,E03,F000,Adjudicación Simplificada,Adquisición de materiales de construcción,63128.91,2025-08-02,False,False,63128.91,-0.3222066481961298,1.0,0.0,0.0,0.0,0.0,False
C000622,P0074,E16,F042,Adjudicación Simplificada,Servicio de limpieza y vigilancia,14669.11,2026-06-20,False,False,14669.11,-0.8113603273592935,1.0,0.0,0.0,0.0,0.0,False
C002772,P0009,E17,F012,Comparación de Precios,Obra de rehabilitación vial,63385.55,2023-05-17,False,False,63385.55,-0.31961612161078623,0.0,1.0,0.0,0.0,0.0,True
C001493,P0066,E08,F020,Adjudicación Simplificada,Servicio de limpieza y vigilancia,37580.93,2024-09-02,False,False,37580.93,-0.5800881997540588,1.0,0.0,0.0,0.0,0.0,False
C000110,P0075,E15,F035,Adjudicación Simplificada,Suministro de combustible,11026.29,2025-08-17,False,False,11026.29,-0.8481309868652998,1.0,0.0,0.0,0.0,0.0,False
C002275,P0027,E05,F047,Comparación de Precios,Obra de rehabilitación vial,167464.76,2024-11-10,False,False,167464.76,0.730960407716523,0.0,1.0,0.0,0.0,0.0,True
C002720,P0208,E15,F035,Licitación Pública,Servicio de capacitación,63789.45,2025-10-17,False,False,63789.45,-0.3155391511937808,0.0,0.0,0.0,0.0,1.0,False
C001169,P0154,E03,F000,Adjudicación Simplificada,Adquisición de materiales de construcción,96790.86,2023-06-12,False,False,96790.86,0.017577393221838402,1.0,0.0,0.0,0.0,0.0,False
C003286,P0214,E07,F036,Adjudicación Simplificada,Servicio de capacitación,18135.13,2023-12-16,False,False,18135.13,-0.7763742887241132,1.0,0.0,0.0,0.0,0.0,False
C000232,P0104,E06,F006,Concurso Público,Servicio de capacitación,23705.61,2023-02-04,False,False,23705.61,-0.7201458109610019,0.0,0.0,1.0,0.0,0.0,False
C000066,P0049,E08,F005,Adjudicación Simplificada,Servicio de capacitación,84770.97,2025-06-14,False,False,84770.97,-0.1037514900306001,1.0,0.0,0.0,0.0,0.0,False
C003246,P0190,E03,F000,Comparación de Precios,Adquisición de materiales de construcción,38229.56,2025-04-27,False,False,38229.56,-0.5735409224042636,0.0,1.0,0.0,0.0,0.0,True
C002072,P0146,E14,F029,Adjudicación Simplificada,Servicio de capacitación,71157.52,2023-09-19,False,False,71157.52,-0.24116578298277425,1.0,0.0,0.0,0.0,0.0,False
C002192,P0074,E14,F029,Adjudicación Simplificada,Adquisición de equipos informáticos,99973.11,2024-03-18,False,False,99973.11,0.04969905479528645,1.0,0.0,0.0,0.0,0.0,False
C000536,P0077,E12,F021,Adjudicación Simplificada,Adquisición de bienes de oficina,176725.32,2023-09-19,False,False,176725.32,0.824436587872265,1.0,0.0,0.0,0.0,0.0,False
C000125,P0131,E04,F019,Adjudicación Simplificada,Consultoría en ingeniería,23792.21,2024-03-01,False,False,23792.21,-0.7192716697425997,1.0,0.0,0.0,0.0,0.0,False
C002133,P0013,E16,F057,Adjudicación Simplificada,Consultoría en ingeniería,152271.26,2025-08-01,False,False,152271.26,0.5775970751322876,1.0,0.0,0.0,0.0,0.0,False
C001254,P0114,E10,F026,Adjudicación Simplificada,Obra de rehabilitación vial,79713.56,2025-10-17,False,False,79713.56,-0.15480103436500878,1.0,0.0,0.0,0.0,0.0,False
C002972,P0045,E15,F035,Comparación de Precios,Servicio de transporte,32428.57,2023-11-10,False,False,32428.57,-0.6320961702857802,0.0,1.0,0.0,0.0,0.0,True
C001976,P0044,E14,F040,Comparación de Precios,Servicio de capacitación,17097.33,2026-03-31,False,False,17097.33,-0.7868498517317098,0.0,1.0,0.0,0.0,0.0,True
C900034,P0000,E15,F035,Contratación Directa,Adquisición de bienes de oficina,259775.37,2025-03-08,True,False,259775.37,1.6627445774261775,0.0,0.0,0.0,1.0,0.0,True
C002987,P0023,E17,F031,Adjudicación Simplificada,Servicio de capacitación,172994.77,2023-04-02,False,False,172994.77,0.7867803809171775,1.0,0.0,0.0,0.0,0.0,False
C002075,P0182,E17,F003,Adjudicación Simplificada,Obra de rehabilitación vial,117398.47,2025-01-03,False,False,117398.47,0.22559080331143028,1.0,0.0,0.0,0.0,0.0,False
C000484,P0161,E15,F035,Adjudicación Simplificada,Consultoría en ingeniería,86626.24,2023-12-30,False,False,86626.24,-0.08502437711760738,1.0,0.0,0.0,0.0,0.0,False
C001654,P0008,E05,F037,Comparación de Precios,Servicio de limpieza y vigilancia,9036.31,2023-01-28,False,False,9036.31,-0.868217863791352,0.0,1.0,0.0,0.0,0.0,True
C003209,P0046,E02,F011,Licitación Pública,Consultoría en ingeniería,78493.85,2023-12-27,False,False,78493.85,-0.1671127986317226,0.0,0.0,0.0,0.0,1.0,False
C002721,P0208,E09,F034,Concurso Público,Servicio de mantenimiento de infraestructura,104004.5,2026-06-27,False,False,104004.5,0.09039194355342384,0.0,0.0,1.0,0.0,0.0,False
C002880,P0088,E10,F026,Adjudicación Simplificada,Suministro de combustible,23605.23,2026-04-16,False,False,23605.23,-0.7211590476296305,1.0,0.0,0.0,0.0,0.0,False
C001774,P0153,E07,F036,Contratación Directa,Suministro de combustible,28756.11,2025-04-09,False,False,28756.11,-0.6691660162318954,0.0,0.0,0.0,1.0,0.0,True
C002410,P0108,E03,F000,Comparación de Precios,Suministro de combustible,185232.6,2023-08-28,False,False,185232.6,0.9103091525892304,0.0,1.0,0.0,0.0,0.0,True
C000918,P0014,E01,F017,Licitación Pública,Servicio de capacitación,214814.51,2025-10-30,False,False,214814.51,1.2089092316893006,0.0,0.0,0.0,0.0,1.0,False
C001646,P0139,E03,F000,Comparación de Precios,Obra de rehabilitación vial,109779.62,2024-11-29,False,False,109779.62,0.14868605941045931,0.0,1.0,0.0,0.0,0.0,True
C001026,P0165,E08,F005,Contratación Directa,Consultoría en ingeniería,29891.84,2025-04-12,False,False,29891.84,-0.6577019468788239,0.0,0.0,0.0,1.0,0.0,True
C001030,P0219,E04,F019,Adjudicación Simplificada,Servicio de mantenimiento de infraestructura,300773.85,2024-12-13,False,False,300773.85,2.0765836219970875,1.0,0.0,0.0,0.0,0.0,False
C000882,P0140,E09,F046,Contratación Directa,Adquisición de materiales de construcción,29935.88,2023-06-30,False,False,29935.88,-0.6572574067026293,0.0,0.0,0.0,1.0,0.0,True
C001335,P0066,E04,F019,Contratación Directa,Suministro de combustible,167030.57,2026-03-21,False,False,167030.57,0.7265776897532658,0.0,0.0,0.0,1.0,0.0,True
C002668,P0000,E05,F032,Adjudicación Simplificada,Adquisición de bienes de oficina,96185.54,2025-06-03,False,False,96185.54,0.01146728742133882,1.0,0.0,0.0,0.0,0.0,False
C000364,P0103,E13,F058,Adjudicación Simplificada,Adquisición de materiales de construcción,183413.91,2026-03-30,False,False,183413.91,0.8919512785419323,1.0,0.0,0.0,0.0,0.0,False
C002125,P0011,E01,F018,Adjudicación Simplificada,Servicio de mantenimiento de infraestructura,115111.53,2026-02-26,False,False,115111.53,0.20250640933899525,1.0,0.0,0.0,0.0,0.0,False
C000027,P0091,E08,F005,Concurso Público,Servicio de capacitación,12914.92,2024-04-12,False,False,12914.92,-0.8290671377970426,0.0,0.0,1.0,0.0,0.0,False
C000473,P0191,E04,F030,Adjudicación Simplificada,Adquisición de equipos informáticos,83449.38,2024-12-15,False,False,83449.38,-0.11709163198011792,1.0,0.0,0.0,0.0,0.0,False
C000525,P0200,E00,F041,Comparación de Precios,Servicio de capacitación,57767.13,2024-02-25,False,False,57767.13,-0.3763285061869484,0.0,1.0,0.0,0.0,0.0,True
C000725,P0033,E07,F023,Adjudicación Simplificada,Servicio de transporte,23931.5,2026-01-25,False,False,23931.5,-0.7178656751662573,1.0,0.0,0.0,0.0,0.0,False
C000055,P0118,E12,F050,Contratación Directa,Adquisición de materiales de construcción,25915.64,2024-07-26,False,False,25915.64,-0.6978377472553952,0.0,0.0,0.0,1.0,0.0,True
C000638,P0135,E12,F050,Licitación Pública,Servicio de capacitación,167385.29,2025-03-21,False,False,167385.29,0.730158236785502,0.0,0.0,0.0,0.0,1.0,False
C000302,P0045,E01,F048,Comparación de Precios,Adquisición de equipos informáticos,32061.03,2024-03-09,False,False,32061.03,-0.6358061225191702,0.0,1.0,0.0,0.0,0.0,True
C003128,P0199,E11,F049,Comparación de Precios,Servicio de capacitación,26632.42,2025-09-13,False,False,26632.42,-0.6906025631615571,0.0,1.0,0.0,0.0,0.0,True
C001276,P0153,E09,F027,Adjudicación Simplificada,Adquisición de materiales de construcción,667466.21,2024-07-25,False,False,534351.0878000001,4.434314467742205,1.0,0.0,0.0,0.0,0.0,False
C003160,P0153,E12,F021,Comparación de Precios,Servicio de mantenimiento de infraestructura,21216.55,2026-03-20,False,False,21216.55,-0.7452704061235462,0.0,1.0,0.0,0.0,0.0,True
C000624,P0111,E16,F057,Comparación de Precios,Obra de rehabilitación vial,61114.75,2025-06-24,False,False,61114.75,-0.34253759827069225,0.0,1.0,0.0,0.0,0.0,True
C002055,P0122,E03,F000,Concurso Público,Suministro de combustible,315200.13,2023-06-15,False,False,315200.13,2.222202628650808,0.0,0.0,1.0,0.0,0.0,False
C001280,P0121,E09,F034,Adjudicación Simplificada,Consultoría en ingeniería,221999.3,2025-04-04,False,False,221999.3,1.2814325698482427,1.0,0.0,0.0,0.0,0.0,False
C001049,P0203,E10,F004,Contratación Directa,Servicio de capacitación,86509.55,2025-06-13,False,False,86509.55,-0.08620224708037137,0.0,0.0,0.0,1.0,0.0,True
C000336,P0173,E07,F036,Comparación de Precios,Adquisición de materiales de construcción,213818.49,2025-07-28,False,False,213818.49,1.1988553963965405,0.0,1.0,0.0,0.0,0.0,True
C000047,P0113,E00,F010,Comparación de Precios,Suministro de combustible,14577.49,2024-05-13,False,False,14577.49,-0.8122851405051366,0.0,1.0,0.0,0.0,0.0,True
C000106,P0093,E08,F022,Comparación de Precios,Servicio de transporte,71108.37,2025-09-16,False,False,71108.37,-0.24166190354726017,0.0,1.0,0.0,0.0,0.0,True
C002397,P0035,E01,F048,Adjudicación Simplificada,Servicio de limpieza y vigilancia,63836.08,2024-08-31,False,False,63836.08,-0.31506846753310985,1.0,0.0,0.0,0.0,0.0,False
C001079,P0166,E17,F031,Adjudicación Simplificada,Servicio de mantenimiento de infraestructura,54704.99,2025-09-28,False,False,54704.99,-0.4072377762853122,1.0,0.0,0.0,0.0,0.0,False
C002286,P0058,E11,F049,Adjudicación Simplificada,Servicio de mantenimiento de infraestructura,42461.23,2023-06-15,False,False,42461.23,-0.5308264054334055,1.0,0.0,0.0,0.0,0.0,False
C002261,P0162,E11,F049,Adjudicación Simplificada,Servicio de transporte,26889.55,2026-06-13,False,False,26889.55,-0.6880070905115828,1.0,0.0,0.0,0.0,0.0,False
C001144,P0116,E13,F058,Licitación Pública,Servicio de limpieza y vigilancia,56369.63,2023-02-18,False,False,56369.63,-0.39043488439384405,0.0,0.0,0.0,0.0,1.0,False
C002859,P0051,E16,F042,Comparación de Precios,Adquisición de materiales de construcción,280446.43,2025-04-17,False,False,280446.43,1.8713984524153955,0.0,1.0,0.0,0.0,0.0,True
C002296,P0023,E03,F000,Comparación de Precios,Servicio de limpieza y vigilancia,86060.84,2024-06-05,False,False,86060.84,-0.09073153006084811,0.0,1.0,0.0,0.0,0.0,True
C001836,P0114,E12,F050,Comparación de Precios,Servicio de transporte,215278.54,2024-01-16,False,False,215278.54,1.213593154894557,0.0,1.0,0.0,0.0,0.0,True
C001753,P0100,E14,F016,Comparación de Precios,Adquisición de bienes de oficina,49485.63,2023-02-27,False,False,49485.63,-0.4599220454502087,0.0,1.0,0.0,0.0,0.0,True
C001101,P0093,E06,F006,Comparación de Precios,Obra de rehabilitación vial,34068.39,2023-04-17,False,False,34068.39,-0.6155438117088703,0.0,1.0,0.0,0.0,0.0,True
C001968,P0025,E01,F017,Comparación de Precios,Servicio de limpieza y vigilancia,92818.87,2025-11-23,False,False,92818.87,-0.022515911374946913,0.0,1.0,0.0,0.0,0.0,True
C002727,P0159,E03,F000,Adjudicación Simplificada,Servicio de mantenimiento de infraestructura,124325.28,2023-10-29,False,False,124325.28,0.2955100889123653,1.0,0.0,0.0,0.0,0.0,False
C003291,P0192,E07,F023,Licitación Pública,Servicio de transporte,22761.86,2023-02-21,False,False,22761.86,-0.7296720323797911,0.0,0.0,0.0,0.0,1.0,False
C000523,P0211,E07,F013,Comparación de Precios,Suministro de combustible,24158.28,2023-11-22,False,False,24158.28,-0.7155765557031019,0.0,1.0,0.0,0.0,0.0,True
C002280,P0149,E00,F038,Contratación Directa,Suministro de combustible,72765.71,2025-11-08,False,False,72765.71,-0.2249326979247796,0.0,0.0,0.0,1.0,0.0,True
C002692,P0094,E01,F048,Adjudicación Simplificada,Servicio de transporte,10393.3,2025-06-01,False,False,10393.3,-0.854520393907291,1.0,0.0,0.0,0.0,0.0,False
C001428,P0050,E06,F006,Adjudicación Simplificada,Obra de rehabilitación vial,64403.61,2024-06-12,False,False,64403.61,-0.30933981434973995,1.0,0.0,0.0,0.0,0.0,False
C002581,P0020,E17,F003,Adjudicación Simplificada,Consultoría en ingeniería,22079.78,2024-01-28,False,False,22079.78,-0.7365569543457012,1.0,0.0,0.0,0.0,0.0,False
C003127,P0137,E08,F020,Comparación de Precios,Servicio de transporte,175626.04,2023-05-11,False,False,175626.04,0.8133404451636594,0.0,1.0,0.0,0.0,0.0,True
C000603,P0020,E03,F000,Adjudicación Simplificada,Adquisición de equipos informáticos,127118.14,2024-11-30,False,False,127118.14,0.3237012441459328,1.0,0.0,0.0,0.0,0.0,False
C001489,P0016,E10,F004,Concurso Público,Adquisición de equipos informáticos,64683.825,2024-03-18,False,False,64683.825,-0.30651132149160387,0.0,0.0,1.0,0.0,0.0,False
C002813,P0123,E10,F008,Comparación de Precios,Servicio de mantenimiento de infraestructura,80490.25,2023-06-10,False,False,80490.25,-0.14696111816499888,0.0,1.0,0.0,0.0,0.0,True
C002923,P0121,E15,F035,Comparación de Precios,Servicio de mantenimiento de infraestructura,48446.64,2024-10-02,False,False,48446.64,-0.47040962032905126,0.0,1.0,0.0,0.0,0.0,True
C000060,P0125,E11,F054,Licitación Pública,Servicio de capacitación,224282.49,2024-01-20,False,False,224282.49,1.3044791112852387,0.0,0.0,0.0,0.0,1.0,False
C003298,P0168,E07,F023,Adjudicación Simplificada,Servicio de transporte,88838.1,2024-07-18,False,False,88838.1,-0.06269784137470634,1.0,0.0,0.0,0.0,0.0,False
C000671,P0005,E03,F000,Licitación Pública,Adquisición de bienes de oficina,301336.37,2023-07-06,False,False,301336.37,2.082261704193111,0.0,0.0,0.0,0.0,1.0,False
C000092,P0158,E16,F042,Comparación de Precios,Adquisición de equipos informáticos,44632.66,2026-01-11,False,False,44632.66,-0.5089079704925831,0.0,1.0,0.0,0.0,0.0,True
C000666,P0207,E02,F051,Comparación de Precios,Servicio de mantenimiento de infraestructura,206521.6,2023-03-24,False,False,206521.6,1.1252005197782116,0.0,1.0,0.0,0.0,0.0,True
C001887,P0190,E07,F036,Adjudicación Simplificada,Servicio de limpieza y vigilancia,101841.65,2023-01-07,False,False,101841.65,0.0685601152136855,1.0,0.0,0.0,0.0,0.0,False
C000280,P0010,E04,F030,Concurso Público,Servicio de mantenimiento de infraestructura,36619.8,2023-09-06,False,False,36619.8,-0.5897898550570952,0.0,0.0,1.0,0.0,0.0,False
C001719,P0006,E04,F030,Adjudicación Simplificada,Adquisición de bienes de oficina,125734.76,2023-03-18,False,False,125734.76,0.3097373933524764,1.0,0.0,0.0,0.0,0.0,False
C000359,P0099,E13,F055,Comparación de Precios,Obra de rehabilitación vial,31058.54,2026-06-10,False,False,31058.54,-0.6459252660530741,0.0,1.0,0.0,0.0,0.0,True
C000899,P0149,E04,F019,Adjudicación Simplificada,Adquisición de bienes de oficina,103478.83,2025-08-30,False,False,103478.83,0.08508582560564651,1.0,0.0,0.0,0.0,0.0,False
C001935,P0032,E02,F025,Adjudicación Simplificada,Adquisición de bienes de oficina,76936.88,2025-01-31,False,False,76936.88,-0.18282886852566915,1.0,0.0,0.0,0.0,0.0,False
C001994,P0206,E10,F026,Concurso Público,Adquisición de materiales de construcción,145807.79,2024-02-04,False,False,145807.79,0.5123547478700882,0.0,0.0,1.0,0.0,0.0,False
C002771,P0043,E06,F039,Adjudicación Simplificada,Servicio de limpieza y vigilancia,23789.49,2026-06-17,False,False,23789.49,-0.7192991254483047,1.0,0.0,0.0,0.0,0.0,False
C000760,P0168,E01,F017,Comparación de Precios,Servicio de capacitación,46932.79,2025-07-10,False,False,46932.79,-0.4856904365354977,0.0,1.0,0.0,0.0,0.0,True
C002158,P0091,E03,F000,Comparación de Precios,Adquisición de equipos informáticos,287792.61,2024-08-16,False,False,287792.61,1.9455508627595333,0.0,1.0,0.0,0.0,0.0,True
C003144,P0207,E08,F020,Adjudicación Simplificada,Suministro de combustible,56542.92,2023-01-13,False,False,56542.92,-0.388685693496189,1.0,0.0,0.0,0.0,0.0,False
C000042,P0084,E07,F036,Comparación de Precios,Suministro de combustible,28464.47,2026-04-09,False,False,28464.47,-0.6721098331480021,0.0,1.0,0.0,0.0,0.0,True
C002173,P0136,E16,F042,Comparación de Precios,Servicio de capacitación,34391.12,2026-06-29,False,False,34391.12,-0.6122861720389515,0.0,1.0,0.0,0.0,0.0,True
C000204,P0133,E12,F050,Adjudicación Simplificada,Servicio de mantenimiento de infraestructura,12175.8,2024-01-01,False,False,12175.8,-0.8365278220620019,1.0,0.0,0.0,0.0,0.0,False
C001473,P0182,E09,F033,Adjudicación Simplificada,Servicio de limpieza y vigilancia,4915.11,2024-10-02,False,False,4915.11,-0.9098172955382273,1.0,0.0,0.0,0.0,0.0,False
C002100,P0134,E08,F005,Comparación de Precios,Adquisición de bienes de oficina,12089.2,2026-05-09,False,False,12089.2,-0.8374019632804042,0.0,1.0,0.0,0.0,0.0,True
C002593,P0049,E11,F049,Licitación Pública,Obra de rehabilitación vial,57598.11,2024-03-16,False,False,57598.11,-0.37803459566425035,0.0,0.0,0.0,0.0,1.0,False
C000068,P0094,E09,F027,Contratación Directa,Suministro de combustible,804256.66,2024-10-16,False,False,534351.0878000001,4.434314467742205,0.0,0.0,0.0,1.0,0.0,True
C001875,P0004,E09,F043,Adjudicación Simplificada,Adquisición de bienes de oficina,238938.76,2023-07-20,False,False,238938.76,1.4524196391724504,1.0,0.0,0.0,0.0,0.0,False
C002851,P0195,E07,F013,Licitación Pública,Obra de rehabilitación vial,227413.43,2025-02-17,False,False,227413.43,1.3360828492337882,0.0,0.0,0.0,0.0,1.0,False
C002231,P0118,E06,F039,Licitación Pública,Servicio de transporte,114092.52,2026-03-02,False,False,114092.52,0.19222051276897117,0.0,0.0,0.0,0.0,1.0,False
C000137,P0031,E02,F051,Contratación Directa,Adquisición de materiales de construcción,89053.39,2024-10-09,False,False,89053.39,-0.0605247020801357,0.0,0.0,0.0,1.0,0.0,True
C000796,P0177,E00,F041,Licitación Pública,Servicio de capacitación,24174.73,2023-09-17,False,False,24174.73,-0.7154105092476433,0.0,0.0,0.0,0.0,1.0,False
C002180,P0024,E15,F035,Adjudicación Simplificada,Consultoría en ingeniería,85472.9,2025-07-12,False,False,85472.9,-0.09666620197710017,1.0,0.0,0.0,0.0,0.0,False
C002128,P0067,E05,F045,Licitación Pública,Servicio de capacitación,68189.83,2026-03-25,False,False,68189.83,-0.2711216738885504,0.0,0.0,0.0,0.0,1.0,False
C000758,P0030,E13,F058,Adjudicación Simplificada,Servicio de limpieza y vigilancia,61530.634999999995,2024-02-16,False,False,61530.634999999995,-0.3383396511504241,1.0,0.0,0.0,0.0,0.0,False
C000541,P0101,E01,F017,Concurso Público,Obra de rehabilitación vial,98694.86,2023-03-07,False,False,98694.86,0.03679638721534774,0.0,0.0,1.0,0.0,0.0,False
C001019,P0097,E00,F038,Contratación Directa,Suministro de combustible,12517.36,2023-05-22,False,False,12517.36,-0.8330801121941327,0.0,0.0,0.0,1.0,0.0,True
C002746,P0034,E16,F057,Adjudicación Simplificada,Consultoría en ingeniería,27293.6,2025-02-07,False,False,27293.6,-0.6839286059931599,1.0,0.0,0.0,0.0,0.0,False
C000165,P0089,E06,F039,Comparación de Precios,Adquisición de bienes de oficina,51666.12,2023-09-21,False,False,51666.12,-0.43791215878376577,0.0,1.0,0.0,0.0,0.0,True
C000248,P0171,E03,F000,Comparación de Precios,Servicio de capacitación,53343.16,2024-11-02,False,False,53343.16,-0.420984101175113,0.0,1.0,0.0,0.0,0.0,True
C001331,P0165,E03,F000,Licitación Pública,Servicio de limpieza y vigilancia,61530.634999999995,2023-12-05,False,False,61530.634999999995,-0.3383396511504241,0.0,0.0,0.0,0.0,1.0,False
C002017,P0204,E17,F012,Concurso Público,Adquisición de equipos informáticos,12064.35,2023-01-13,False,False,12064.35,-0.8376527994152458,0.0,0.0,1.0,0.0,0.0,False
C000446,P0115,E02,F051,Concurso Público,Servicio de limpieza y vigilancia,82379.74,2025-01-15,False,False,82379.74,-0.1278885882486144,0.0,0.0,1.0,0.0,0.0,False
C002482,P0067,E15,F035,Licitación Pública,Adquisición de equipos informáticos,182263.39,2024-10-02,False,False,182263.39,0.8803379187890898,0.0,0.0,0.0,0.0,1.0,False
C001358,P0158,E08,F022,Comparación de Precios,Adquisición de equipos informáticos,16096.74,2023-07-20,False,False,16096.74,-0.7969498166476581,0.0,1.0,0.0,0.0,0.0,True
C002145,P0179,E12,F021,Concurso Público,Servicio de limpieza y vigilancia,52002.04,2025-04-23,False,False,52002.04,-0.43452137912919664,0.0,0.0,1.0,0.0,0.0,False
C001329,P0159,E11,F007,Adjudicación Simplificada,Servicio de transporte,36467.43,2023-11-12,False,False,36467.43,-0.5913278792770486,1.0,0.0,0.0,0.0,0.0,False
C003492,P0119,E04,F030,Comparación de Precios,Suministro de combustible,22179.17,2025-05-02,False,False,22179.17,-0.7355537107464287,0.0,1.0,0.0,0.0,0.0,True
C002150,P0038,E09,F043,Comparación de Precios,Obra de rehabilitación vial,21073.97,2023-09-08,False,False,21073.97,-0.7467096099909803,0.0,1.0,0.0,0.0,0.0,True
C000434,P0064,E04,F019,Comparación de Precios,Adquisición de materiales de construcción,130232.03,2023-02-27,False,False,130232.03,0.3551328792333534,0.0,1.0,0.0,0.0,0.0,True
C002122,P0154,E10,F004,Adjudicación Simplificada,Servicio de capacitación,39235.65,2025-01-01,False,False,39235.65,-0.5633854404363383,1.0,0.0,0.0,0.0,0.0,False
C000577,P0111,E10,F026,Contratación Directa,Adquisición de equipos informáticos,89349.41,2025-11-07,False,False,89349.41,-0.05753667340263638,0.0,0.0,0.0,1.0,0.0,True
C002864,P0200,E12,F021,Licitación Pública,Adquisición de materiales de construcción,61557.6,2023-10-06,False,False,61557.6,-0.33806746618559474,0.0,0.0,0.0,0.0,1.0,False
C003290,P0100,E17,F031,Concurso Público,Servicio de limpieza y vigilancia,139708.31,2026-02-18,False,False,139708.31,0.45078653910772976,0.0,0.0,1.0,0.0,0.0,False
C002448,P0040,E00,F010,Comparación de Precios,Adquisición de bienes de oficina,16106.45,2024-01-04,False,False,16106.45,-0.796851803815895,0.0,1.0,0.0,0.0,0.0,True
C001848,P0209,E01,F017,Comparación de Precios,Adquisición de materiales de construcción,69938.09,2024-12-04,False,False,69938.09,-0.25347472092684215,0.0,1.0,0.0,0.0,0.0,True
C000762,P0064,E14,F029,Adjudicación Simplificada,Consultoría en ingeniería,21234.39,2025-10-25,False,False,21234.39,-0.7450903289949516,1.0,0.0,0.0,0.0,0.0,False
C000388,P0162,E13,F056,Licitación Pública,Consultoría en ingeniería,248228.84,2024-09-07,False,False,248228.84,1.5461937944871678,0.0,0.0,0.0,0.0,1.0,False
C000235,P0012,E06,F006,Adjudicación Simplificada,Suministro de combustible,80620.73,2025-02-17,False,False,80620.73,-0.1456440518119143,1.0,0.0,0.0,0.0,0.0,False
C003125,P0200,E08,F014,Licitación Pública,Adquisición de materiales de construcción,81196.63,2025-09-22,False,False,81196.63,-0.13983091176944468,0.0,0.0,0.0,0.0,1.0,False
C001984,P0121,E16,F057,Adjudicación Simplificada,Suministro de combustible,35408.0,2024-02-08,False,False,35408.0,-0.6020217757090568,1.0,0.0,0.0,0.0,0.0,False
C000267,P0145,E08,F028,Comparación de Precios,Adquisición de bienes de oficina,149631.41,2024-10-28,False,False,149631.41,0.5509504042847216,0.0,1.0,0.0,0.0,0.0,True
C000770,P0045,E13,F058,Contratación Directa,Obra de rehabilitación vial,31286.45,2023-09-16,False,False,31286.45,-0.6436247403592398,0.0,0.0,0.0,1.0,0.0,True
C002165,P0036,E14,F016,Comparación de Precios,Suministro de combustible,33972.83,2025-11-13,False,False,33972.83,-0.6165083952519479,0.0,1.0,0.0,0.0,0.0,True
C000437,P0067,E14,F040,Comparación de Precios,Suministro de combustible,9816.85,2026-06-22,False,False,9816.85,-0.8603390856549582,0.0,1.0,0.0,0.0,0.0,True
C000673,P0121,E00,F010,Contratación Directa,Adquisición de materiales de construcción,83579.12,2024-05-10,False,False,83579.12,-0.11578203519402668,0.0,0.0,0.0,1.0,0.0,True
C000249,P0204,E14,F040,Adjudicación Simplificada,Suministro de combustible,108396.89,2023-03-09,False,False,108396.89,0.1347287697231457,1.0,0.0,0.0,0.0,0.0,False
C002201,P0193,E02,F051,Contratación Directa,Servicio de limpieza y vigilancia,17229.96,2025-08-16,False,False,17229.96,-0.7855110832583069,0.0,0.0,0.0,1.0,0.0,True
C001574,P0042,E05,F052,Comparación de Precios,Adquisición de bienes de oficina,100944.64,2023-10-11,False,False,100944.64,0.05950568779660688,0.0,1.0,0.0,0.0,0.0,True
C002142,P0055,E09,F046,Contratación Directa,Adquisición de equipos informáticos,34266.14,2023-04-19,False,False,34266.14,-0.6135477213400592,0.0,0.0,0.0,1.0,0.0,True
C002081,P0146,E07,F023,Concurso Público,Adquisición de bienes de oficina,16827.93,2025-02-18,False,False,16827.93,-0.7895691778776401,0.0,0.0,1.0,0.0,0.0,False
C003139,P0071,E04,F030,Adjudicación Simplificada,Servicio de mantenimiento de infraestructura,63373.22,2025-04-24,False,False,63373.22,-0.3197405807473093,1.0,0.0,0.0,0.0,0.0,False
C003077,P0187,E07,F023,Adjudicación Simplificada,Suministro de combustible,286564.97,2026-02-13,False,False,286564.97,1.9331590529978777,1.0,0.0,0.0,0.0,0.0,False
C003288,P0127,E05,F052,Licitación Pública,Servicio de limpieza y vigilancia,61530.634999999995,2024-06-04,False,False,61530.634999999995,-0.3383396511504241,0.0,0.0,0.0,0.0,1.0,False
C000448,P0012,E12,F021,Adjudicación Simplificada,Adquisición de bienes de oficina,152751.75,2023-03-28,False,False,152751.75,0.5824471457330971,1.0,0.0,0.0,0.0,0.0,False
C001469,P0062,E15,F035,Concurso Público,Adquisición de equipos informáticos,131442.35,2023-12-06,False,False,131442.35,0.36734986075132836,0.0,0.0,1.0,0.0,0.0,False
C000716,P0113,E11,F049,Contratación Directa,Consultoría en ingeniería,38410.97,2026-04-12,False,False,38410.97,-0.5717097681498715,0.0,0.0,0.0,1.0,0.0,True
C002873,P0028,E09,F033,Concurso Público,Adquisición de equipos informáticos,119229.79,2024-05-30,False,False,119229.79,0.24407616469808643,0.0,0.0,1.0,0.0,0.0,False
C003135,P0051,E03,F000,Comparación de Precios,Servicio de limpieza y vigilancia,167142.38,2024-12-29,False,False,167142.38,0.7277063009499118,0.0,1.0,0.0,0.0,0.0,True
C002048,P0003,E12,F050,Adjudicación Simplificada,Servicio de capacitación,65727.925,2026-06-01,False,False,65727.925,-0.2959721662244698,1.0,0.0,0.0,0.0,0.0,False
C001901,P0071,E09,F034,Licitación Pública,Servicio de mantenimiento de infraestructura,42186.82,2025-10-08,False,False,42186.82,-0.5335963025666823,0.0,0.0,0.0,0.0,1.0,False
C002990,P0065,E17,F031,Adjudicación Simplificada,Suministro de combustible,49228.33,2023-07-17,False,False,49228.33,-0.46251923408178947,1.0,0.0,0.0,0.0,0.0,False
C001168,P0197,E09,F046,Comparación de Precios,Consultoría en ingeniería,23274.42,2025-01-27,False,False,23274.42,-0.7244982468959081,0.0,1.0,0.0,0.0,0.0,True
C000082,P0108,E10,F026,Licitación Pública,Servicio de transporte,11087.04,2025-12-12,False,False,11087.04,-0.8475177757911896,0.0,0.0,0.0,0.0,1.0,False
C003173,P0199,E16,F042,Contratación Directa,Servicio de transporte,162237.57,2026-03-27,False,False,162237.57,0.6781971024576301,0.0,0.0,0.0,1.0,0.0,True
C002724,P0218,E16,F024,Licitación Pública,Adquisición de bienes de oficina,94423.98,2023-08-08,False,False,94423.98,-0.006313915866059425,0.0,0.0,0.0,0.0,1.0,False
C001460,P0115,E07,F036,Adjudicación Simplificada,Obra de rehabilitación vial,46243.66,2023-01-28,False,False,46243.66,-0.49264652126803293,1.0,0.0,0.0,0.0,0.0,False
C001893,P0033,E05,F009,Adjudicación Simplificada,Servicio de mantenimiento de infraestructura,21383.5,2025-12-10,False,False,21383.5,-0.7435852112458066,1.0,0.0,0.0,0.0,0.0,False
C001668,P0008,E09,F046,Concurso Público,Consultoría en ingeniería,69491.42,2025-10-09,False,False,69491.42,-0.25798341212804005,0.0,0.0,1.0,0.0,0.0,False
C002756,P0200,E03,F000,Licitación Pública,Adquisición de materiales de construcción,22262.19,2024-06-02,False,False,22262.19,-0.7347157060818588,0.0,0.0,0.0,0.0,1.0,False
C002000,P0006,E00,F041,Adjudicación Simplificada,Adquisición de equipos informáticos,81802.77,2024-06-08,False,False,81802.77,-0.13371252888119586,1.0,0.0,0.0,0.0,0.0,False
C000475,P0000,E07,F023,Adjudicación Simplificada,Servicio de mantenimiento de infraestructura,131842.93,2023-12-17,False,False,131842.93,0.37139331905695844,1.0,0.0,0.0,0.0,0.0,False
C000517,P0149,E13,F058,Licitación Pública,Adquisición de equipos informáticos,37870.14,2025-09-12,False,False,37870.14,-0.5771689112809165,0.0,0.0,0.0,0.0,1.0,False
C000404,P0030,E13,F058,Adjudicación Simplificada,Consultoría en ingeniería,31133.41,2025-07-22,False,False,31133.41,-0.6451695275655247,1.0,0.0,0.0,0.0,0.0,False
C000384,P0148,E04,F030,Licitación Pública,Adquisición de equipos informáticos,166724.64,2025-03-10,False,False,166724.64,0.7234896294421134,0.0,0.0,0.0,0.0,1.0,False
C003311,P0177,E13,F056,Comparación de Precios,Servicio de transporte,505357.7,2023-05-13,False,False,505357.7,4.141654937290688,0.0,1.0,0.0,0.0,0.0,True
C002152,P0068,E13,F058,Adjudicación Simplificada,Obra de rehabilitación vial,63325.85,2023-03-12,False,False,63325.85,-0.3202187339749735,1.0,0.0,0.0,0.0,0.0,False
C001633,P0204,E12,F050,Adjudicación Simplificada,Servicio de limpieza y vigilancia,71451.18,2024-08-22,False,False,71451.18,-0.23820157616757795,1.0,0.0,0.0,0.0,0.0,False
C003432,P0198,E02,F011,Comparación de Precios,Suministro de combustible,38769.29,2025-01-24,False,False,38769.29,-0.568092882683614,0.0,1.0,0.0,0.0,0.0,True
C000688,P0042,E04,F030,Licitación Pública,Adquisición de bienes de oficina,22446.74,2024-01-16,False,False,22446.74,-0.7328528566377924,0.0,0.0,0.0,0.0,1.0,False
C001240,P0165,E13,F058,Comparación de Precios,Servicio de mantenimiento de infraestructura,229161.5,2026-05-14,False,False,229161.5,1.3537278843337008,0.0,1.0,0.0,0.0,0.0,True
C000062,P0111,E02,F025,Adjudicación Simplificada,Servicio de mantenimiento de infraestructura,421262.97,2023-06-02,False,False,421262.97,3.2928019379441595,1.0,0.0,0.0,0.0,0.0,False
C000852,P0147,E04,F019,Adjudicación Simplificada,Adquisición de bienes de oficina,12150.49,2023-06-18,False,False,12150.49,-0.8367833014411908,1.0,0.0,0.0,0.0,0.0,False
C003300,P0018,E09,F027,Licitación Pública,Servicio de capacitación,41753.99,2023-03-07,False,False,41753.99,-0.537965292677087,0.0,0.0,0.0,0.0,1.0,False
C002964,P0095,E17,F031,Adjudicación Simplificada,Servicio de capacitación,165883.22,2025-11-23,False,False,165883.22,0.7149963280103807,1.0,0.0,0.0,0.0,0.0,False
C001262,P0073,E14,F016,Adjudicación Simplificada,Obra de rehabilitación vial,32474.0,2026-03-05,False,False,32474.0,-0.6316375994364498,1.0,0.0,0.0,0.0,0.0,False
C000223,P0098,E03,F000,Adjudicación Simplificada,Suministro de combustible,59954.42,2026-05-29,False,False,59954.42,-0.35424998025624305,1.0,0.0,0.0,0.0,0.0,False
C002193,P0108,E11,F049,Adjudicación Simplificada,Servicio de mantenimiento de infraestructura,61898.21,2023-01-28,False,False,61898.21,-0.3346293456267034,1.0,0.0,0.0,0.0,0.0,False
C000373,P0063,E04,F053,Adjudicación Simplificada,Obra de rehabilitación vial,70981.67,2025-01-13,False,False,70981.67,-0.24294081454462232,1.0,0.0,0.0,0.0,0.0,False
C001824,P0155,E00,F010,Comparación de Precios,Suministro de combustible,28689.02,2025-08-02,False,False,28689.02,-0.6698432233259208,0.0,1.0,0.0,0.0,0.0,True
C003037,P0188,E02,F051,Adjudicación Simplificada,Suministro de combustible,146997.64,2023-03-11,False,False,146997.64,0.5243651050146141,1.0,0.0,0.0,0.0,0.0,False
C800014,P0147,E17,F012,Adjudicación Simplificada,Adquisición de bienes de oficina,223880.02,2025-12-12,False,True,223880.02,1.3004165753017474,1.0,0.0,0.0,0.0,0.0,False
C003113,P0113,E13,F058,Licitación Pública,Servicio de capacitación,130475.95,2024-08-31,False,False,130475.95,0.35759501001848826,0.0,0.0,0.0,0.0,1.0,False
C003429,P0165,E04,F030,Licitación Pública,Obra de rehabilitación vial,221141.59,2024-06-27,False,False,221141.59,1.2727748370025638,0.0,0.0,0.0,0.0,1.0,False
C000009,P0092,E02,F044,Comparación de Precios,Servicio de mantenimiento de infraestructura,391149.3,2026-04-05,False,False,391149.3,2.9888342683787594,0.0,1.0,0.0,0.0,0.0,True
C002497,P0113,E12,F050,Comparación de Precios,Servicio de limpieza y vigilancia,61530.634999999995,2024-06-26,False,False,61530.634999999995,-0.3383396511504241,0.0,1.0,0.0,0.0,0.0,True
C001944,P0005,E11,F007,Adjudicación Simplificada,Adquisición de materiales de construcción,114392.98,2023-03-02,False,False,114392.98,0.19525335884843,1.0,0.0,0.0,0.0,0.0,False
C001838,P0110,E12,F021,Contratación Directa,Consultoría en ingeniería,108206.97,2023-04-24,False,False,108206.97,0.13281171544833098,0.0,0.0,0.0,1.0,0.0,True
C000708,P0194,E02,F044,Adjudicación Simplificada,Adquisición de materiales de construcción,41060.72,2024-11-01,False,False,41060.72,-0.5449631666087469,1.0,0.0,0.0,0.0,0.0,False
C000255,P0047,E02,F025,Comparación de Precios,Servicio de capacitación,12386.73,2025-10-07,False,False,12386.73,-0.8343986926486349,0.0,1.0,0.0,0.0,0.0,True
C001617,P0043,E01,F018,Adjudicación Simplificada,Servicio de mantenimiento de infraestructura,61898.21,2025-08-13,False,False,61898.21,-0.3346293456267034,1.0,0.0,0.0,0.0,0.0,False
C000389,P0004,E12,F021,Adjudicación Simplificada,Consultoría en ingeniería,78177.42,2025-02-17,False,False,78177.42,-0.17030684604210405,1.0,0.0,0.0,0.0,0.0,False
C001581,P0166,E06,F006,Comparación de Precios,Servicio de transporte,142638.38,2023-09-25,False,False,142638.38,0.48036269337798293,0.0,1.0,0.0,0.0,0.0,True
C000924,P0187,E14,F016,Adjudicación Simplificada,Suministro de combustible,66928.83,2024-12-03,False,False,66928.83,-0.28385021980547015,1.0,0.0,0.0,0.0,0.0,False
C003329,P0182,E11,F054,Comparación de Precios,Suministro de combustible,73773.02,2024-08-01,False,False,73773.02,-0.21476490126532485,0.0,1.0,0.0,0.0,0.0,True
C003071,P0098,E07,F023,Adjudicación Simplificada,Servicio de limpieza y vigilancia,235483.12,2025-05-10,False,False,235483.12,1.417538376355365,1.0,0.0,0.0,0.0,0.0,False
C002508,P0094,E12,F050,Comparación de Precios,Suministro de combustible,42288.82,2025-12-05,False,False,42288.82,-0.5325667136027443,0.0,1.0,0.0,0.0,0.0,True
C002036,P0190,E07,F013,Comparación de Precios,Consultoría en ingeniería,28633.19,2023-07-24,False,False,28633.19,-0.6704067718735351,0.0,1.0,0.0,0.0,0.0,True
C002878,P0016,E17,F012,Licitación Pública,Servicio de mantenimiento de infraestructura,24202.33,2023-07-05,False,False,24202.33,-0.7151319145868129,0.0,0.0,0.0,0.0,1.0,False
C001224,P0003,E07,F023,Adjudicación Simplificada,Adquisición de bienes de oficina,57673.14,2023-09-25,False,False,57673.14,-0.37727724213518893,1.0,0.0,0.0,0.0,0.0,False
C002549,P0121,E00,F038,Adjudicación Simplificada,Servicio de capacitación,71416.75,2026-06-10,False,False,71416.75,-0.23854911291295422,1.0,0.0,0.0,0.0,0.0,False
C001946,P0165,E12,F050,Concurso Público,Servicio de capacitación,75542.56,2023-06-02,False,False,75542.56,-0.19690314778251267,0.0,0.0,1.0,0.0,0.0,False
C000739,P0148,E03,F000,Comparación de Precios,Obra de rehabilitación vial,98069.53,2024-09-27,False,False,98069.53,0.030484300285746252,0.0,1.0,0.0,0.0,0.0,True
C000040,P0197,E06,F039,Comparación de Precios,Adquisición de materiales de construcción,78459.92,2024-04-09,False,False,78459.92,-0.1674552883723738,0.0,1.0,0.0,0.0,0.0,True
C000868,P0162,E11,F007,Comparación de Precios,Obra de rehabilitación vial,80507.09,2025-09-08,False,False,80507.09,-0.14679113504585464,0.0,1.0,0.0,0.0,0.0,True
C002779,P0209,E05,F047,Comparación de Precios,Suministro de combustible,30631.34,2023-01-09,False,False,30631.34,-0.6502374268902733,0.0,1.0,0.0,0.0,0.0,True
C000539,P0089,E01,F018,Comparación de Precios,Adquisición de equipos informáticos,96784.4,2024-06-08,False,False,96784.4,0.01751218592078893,0.0,1.0,0.0,0.0,0.0,True
C002745,P0184,E05,F037,Contratación Directa,Adquisición de materiales de construcción,19859.55,2024-11-04,False,False,19859.55,-0.7589679769477018,0.0,0.0,0.0,1.0,0.0,True
C900055,P0154,E16,F024,Contratación Directa,Servicio de capacitación,71277.94,2025-06-11,True,False,71277.94,-0.2399502623647604,0.0,0.0,0.0,1.0,0.0,True
C002723,P0143,E06,F006,Comparación de Precios,Adquisición de equipos informáticos,510906.53,2026-03-19,False,False,510906.53,4.197664879749198,0.0,1.0,0.0,0.0,0.0,True
C001371,P0061,E13,F058,Adjudicación Simplificada,Servicio de mantenimiento de infraestructura,43764.32,2025-12-20,False,False,43764.32,-0.5176730026587196,1.0,0.0,0.0,0.0,0.0,False
C001145,P0064,E17,F012,Concurso Público,Servicio de limpieza y vigilancia,75280.01,2024-06-26,False,False,75280.01,-0.199553329963708,0.0,0.0,1.0,0.0,0.0,False
C001031,P0096,E13,F056,Adjudicación Simplificada,Servicio de limpieza y vigilancia,31284.46,2024-08-13,False,False,31284.46,-0.643644827438046,1.0,0.0,0.0,0.0,0.0,False
C000372,P0034,E17,F012,Comparación de Precios,Adquisición de materiales de construcción,8494.59,2025-10-26,False,False,8494.59,-0.8736859905908079,0.0,1.0,0.0,0.0,0.0,True
C000667,P0021,E12,F021,Concurso Público,Servicio de transporte,371836.44,2025-02-09,False,False,371836.44,2.793890077025037,0.0,0.0,1.0,0.0,0.0,False
C000357,P0166,E07,F013,Comparación de Precios,Consultoría en ingeniería,16126.14,2026-04-30,False,False,16126.14,-0.7966530527698172,0.0,1.0,0.0,0.0,0.0,True
C000967,P0189,E14,F029,Licitación Pública,Servicio de transporte,249780.62,2023-10-20,False,False,249780.62,1.5618574764720665,0.0,0.0,0.0,0.0,1.0,False
C002831,P0141,E07,F036,Adjudicación Simplificada,Consultoría en ingeniería,3153.01,2026-04-11,False,False,3153.01,-0.9276039495907289,1.0,0.0,0.0,0.0,0.0,False
C002783,P0060,E08,F015,Comparación de Precios,Adquisición de materiales de construcción,119763.21,2025-09-19,False,False,119763.21,0.24946051121910431,0.0,1.0,0.0,0.0,0.0,True
C001353,P0038,E11,F007,Licitación Pública,Servicio de mantenimiento de infraestructura,35637.53,2023-08-02,False,False,35637.53,-0.5997048977199128,0.0,0.0,0.0,0.0,1.0,False
C001035,P0118,E09,F046,Adjudicación Simplificada,Adquisición de equipos informáticos,9773.32,2023-12-17,False,False,9773.32,-0.860778477886333,1.0,0.0,0.0,0.0,0.0,False
C000470,P0213,E03,F000,Comparación de Precios,Consultoría en ingeniería,14858.5,2024-01-28,False,False,14858.5,-0.8094486229094875,0.0,1.0,0.0,0.0,0.0,True
C003106,P0131,E07,F013,Comparación de Precios,Consultoría en ingeniería,64735.06,2025-04-03,False,False,64735.06,-0.305994154917414,0.0,1.0,0.0,0.0,0.0,True
C001396,P0141,E09,F034,Adjudicación Simplificada,Servicio de limpieza y vigilancia,125945.81,2026-01-16,False,False,125945.81,0.31186773404697754,1.0,0.0,0.0,0.0,0.0,False
C003142,P0071,E00,F041,Comparación de Precios,Servicio de transporte,1911.06,2026-03-21,False,False,1911.06,-0.940140204627619,0.0,1.0,0.0,0.0,0.0,True
C001549,P0195,E07,F036,Contratación Directa,Consultoría en ingeniería,85804.41,2025-03-31,False,False,85804.41,-0.09331993690420706,0.0,0.0,0.0,1.0,0.0,True
C001256,P0155,E15,F035,Comparación de Precios,Servicio de limpieza y vigilancia,88092.87,2025-08-21,False,False,88092.87,-0.07022020003740759,0.0,1.0,0.0,0.0,0.0,True
C002094,P0036,E04,F019,Licitación Pública,Obra de rehabilitación vial,39749.96,2023-03-29,False,False,39749.96,-0.5581939904359172,0.0,0.0,0.0,0.0,1.0,False
C001555,P0187,E01,F048,Comparación de Precios,Servicio de limpieza y vigilancia,177568.23,2025-09-01,False,False,177568.23,0.8329449293780786,0.0,1.0,0.0,0.0,0.0,True
C003100,P0081,E15,F035,Adjudicación Simplificada,Servicio de limpieza y vigilancia,173478.97,2025-08-13,False,False,173478.97,0.791667900293048,1.0,0.0,0.0,0.0,0.0,False
C001250,P0219,E01,F018,Comparación de Precios,Servicio de limpieza y vigilancia,61530.634999999995,2026-01-10,False,False,61530.634999999995,-0.3383396511504241,0.0,1.0,0.0,0.0,0.0,True
C001699,P0110,E12,F021,Concurso Público,Servicio de transporte,126332.97,2025-03-21,False,False,126332.97,0.3157757307457838,0.0,0.0,1.0,0.0,0.0,False
C001252,P0101,E14,F040,Comparación de Precios,Servicio de limpieza y vigilancia,34608.03,2023-06-19,False,False,34608.03,-0.6100966804490713,0.0,1.0,0.0,0.0,0.0,True
C003320,P0055,E12,F021,Adjudicación Simplificada,Servicio de limpieza y vigilancia,83095.02,2025-01-20,False,False,83095.02,-0.12066854516895194,1.0,0.0,0.0,0.0,0.0,False
C003340,P0203,E01,F048,Adjudicación Simplificada,Servicio de limpieza y vigilancia,38467.66,2023-12-15,False,False,38467.66,-0.5711375387541299,1.0,0.0,0.0,0.0,0.0,False
C000079,P0185,E09,F034,Licitación Pública,Servicio de limpieza y vigilancia,68287.76,2023-02-22,False,False,68287.76,-0.2701331675430755,0.0,0.0,0.0,0.0,1.0,False
C001172,P0179,E17,F003,Comparación de Precios,Servicio de limpieza y vigilancia,61530.634999999995,2024-03-31,False,False,61530.634999999995,-0.3383396511504241,0.0,1.0,0.0,0.0,0.0,True
C000814,P0120,E10,F004,Adjudicación Simplificada,Adquisición de materiales de construcción,37269.09,2023-06-15,False,False,37269.09,-0.5832359156610629,1.0,0.0,0.0,0.0,0.0,False
C001852,P0062,E00,F010,Adjudicación Simplificada,Adquisición de equipos informáticos,110650.9,2024-07-27,False,False,110650.9,0.1574807679643799,1.0,0.0,0.0,0.0,0.0,False
C002220,P0189,E05,F037,Licitación Pública,Obra de rehabilitación vial,31620.81,2026-04-18,False,False,31620.81,-0.6402497073594132,0.0,0.0,0.0,0.0,1.0,False
C002719,P0113,E01,F048,Comparación de Precios,Servicio de transporte,310520.54,2024-07-25,False,False,310520.54,2.174966802966939,0.0,1.0,0.0,0.0,0.0,True
C003151,P0185,E14,F016,Contratación Directa,Obra de rehabilitación vial,99861.08,2026-03-12,False,False,99861.08,0.048568222916561224,0.0,0.0,0.0,1.0,0.0,True
C002105,P0116,E03,F000,Concurso Público,Suministro de combustible,122840.52,2024-05-15,False,False,122840.52,0.28052290744083025,0.0,0.0,1.0,0.0,0.0,False
C000133,P0070,E14,F016,Comparación de Precios,Consultoría en ingeniería,93203.97,2023-10-04,False,False,93203.97,-0.018628708335608386,0.0,1.0,0.0,0.0,0.0,True
C001140,P0172,E17,F003,Comparación de Precios,Servicio de mantenimiento de infraestructura,24217.36,2025-12-29,False,False,24217.36,-0.7149802016247738,0.0,1.0,0.0,0.0,0.0,True
C000933,P0137,E12,F021,Concurso Público,Adquisición de materiales de construcción,41379.66,2026-04-02,False,False,41379.66,-0.541743783234645,0.0,0.0,1.0,0.0,0.0,False
C000928,P0004,E01,F017,Licitación Pública,Servicio de capacitación,55340.72,2025-11-01,False,False,55340.72,-0.40082071165742683,0.0,0.0,0.0,0.0,1.0,False
C000823,P0061,E09,F033,Adjudicación Simplificada,Servicio de capacitación,9083.71,2025-05-03,False,False,9083.71,-0.8677394077434043,1.0,0.0,0.0,0.0,0.0,False
C001531,P0162,E01,F048,Comparación de Precios,Servicio de limpieza y vigilancia,61530.634999999995,2025-04-22,False,False,61530.634999999995,-0.3383396511504241,0.0,1.0,0.0,0.0,0.0,True
C001214,P0096,E04,F019,Comparación de Precios,Suministro de combustible,403846.59,2023-03-29,False,False,403846.59,3.1170008336328805,0.0,1.0,0.0,0.0,0.0,True
C000504,P0035,E17,F012,Concurso Público,Servicio de limpieza y vigilancia,81535.95,2024-09-06,False,False,81535.95,-0.13640581248274433,0.0,0.0,1.0,0.0,0.0,False
C900058,P0154,E16,F024,Comparación de Precios,Servicio de capacitación,240767.88,2026-05-05,True,False,240767.88,1.470882793738316,0.0,1.0,0.0,0.0,0.0,True
C002395,P0053,E05,F001,Comparación de Precios,Consultoría en ingeniería,244614.58,2025-05-22,False,False,244614.58,1.5097114198910642,0.0,1.0,0.0,0.0,0.0,True
C001996,P0014,E14,F029,Comparación de Precios,Adquisición de equipos informáticos,72370.27,2023-06-30,False,False,72370.27,-0.22892427302183493,0.0,1.0,0.0,0.0,0.0,True
C002434,P0072,E00,F038,Adjudicación Simplificada,Servicio de transporte,34315.51,2025-02-14,False,False,34315.51,-0.6130493800934943,1.0,0.0,0.0,0.0,0.0,False
C001958,P0172,E15,F035,Adjudicación Simplificada,Suministro de combustible,131983.24,2025-07-11,False,False,131983.24,0.37280960952294023,1.0,0.0,0.0,0.0,0.0,False
C001384,P0191,E12,F021,Contratación Directa,Obra de rehabilitación vial,61114.75,2023-08-10,False,False,61114.75,-0.34253759827069225,0.0,0.0,0.0,1.0,0.0,True
C000894,P0213,E08,F028,Licitación Pública,Servicio de transporte,63679.01,2023-08-01,False,False,63679.01,-0.3166539335974799,0.0,0.0,0.0,0.0,1.0,False
C000828,P0182,E01,F048,Adjudicación Simplificada,Suministro de combustible,43516.45,2025-12-11,False,False,43516.45,-0.5201750047811835,1.0,0.0,0.0,0.0,0.0,False
C900002,P0168,E17,F003,Contratación Directa,Suministro de combustible,153239.77,2024-10-26,True,False,153239.77,0.5873732242250678,0.0,0.0,0.0,1.0,0.0,True
C002523,P0192,E12,F021,Adjudicación Simplificada,Obra de rehabilitación vial,38979.16,2025-09-04,False,False,38979.16,-0.5659744529202643,1.0,0.0,0.0,0.0,0.0,False
C001683,P0043,E07,F023,Comparación de Precios,Servicio de capacitación,91254.8,2024-05-24,False,False,91254.8,-0.038303648735991035,0.0,1.0,0.0,0.0,0.0,True
C003084,P0153,E07,F023,Concurso Público,Servicio de transporte,30066.6,2025-11-12,False,False,30066.6,-0.6559379177872767,0.0,0.0,1.0,0.0,0.0,False
C003064,P0128,E01,F017,Adjudicación Simplificada,Servicio de mantenimiento de infraestructura,37639.03,2023-04-25,False,False,37639.03,-0.5795017378049921,1.0,0.0,0.0,0.0,0.0,False
C800013,P0098,E02,F011,Adjudicación Simplificada,Servicio de transporte,141342.62,2024-08-28,False,True,141342.62,0.4672832796925681,1.0,0.0,0.0,0.0,0.0,False
C000652,P0034,E11,F007,Comparación de Precios,Servicio de mantenimiento de infraestructura,15394.05,2023-03-11,False,False,15394.05,-0.8040427761483404,0.0,1.0,0.0,0.0,0.0,True
C000172,P0027,E02,F025,Comparación de Precios,Servicio de transporte,192010.92,2026-05-01,False,False,192010.92,0.9787295787268797,0.0,1.0,0.0,0.0,0.0,True
C000038,P0204,E10,F004,Licitación Pública,Adquisición de materiales de construcción,12312.93,2023-04-22,False,False,12312.93,-0.8351436305460722,0.0,0.0,0.0,0.0,1.0,False
C003434,P0136,E08,F020,Adjudicación Simplificada,Consultoría en ingeniería,21996.36,2025-08-19,False,False,21996.36,-0.7373989966140513,1.0,0.0,0.0,0.0,0.0,False
C000713,P0196,E07,F013,Licitación Pública,Adquisición de bienes de oficina,111343.18,2023-07-28,False,False,111343.18,0.1644686488266838,0.0,0.0,0.0,0.0,1.0,False
C000090,P0001,E10,F008,Adjudicación Simplificada,Servicio de limpieza y vigilancia,61530.634999999995,2025-03-19,False,False,61530.634999999995,-0.3383396511504241,1.0,0.0,0.0,0.0,0.0,False
C900045,P0138,E00,F010,Contratación Directa,Servicio de mantenimiento de infraestructura,298473.16,2025-08-11,True,False,298473.16,2.0533604353947097,0.0,0.0,0.0,1.0,0.0,True
C001205,P0216,E02,F011,Contratación Directa,Adquisición de materiales de construcción,12060.91,2025-08-17,False,False,12060.91,-0.8376875228077552,0.0,0.0,0.0,1.0,0.0,True
C003339,P0134,E16,F057,Licitación Pública,Servicio de limpieza y vigilancia,61530.634999999995,2023-02-26,False,False,61530.634999999995,-0.3383396511504241,0.0,0.0,0.0,0.0,1.0,False
C003096,P0054,E12,F021,Comparación de Precios,Servicio de limpieza y vigilancia,56465.66,2024-12-12,False,False,56465.66,-0.3894655566663247,0.0,1.0,0.0,0.0,0.0,True
C001827,P0094,E08,F015,Adjudicación Simplificada,Servicio de limpieza y vigilancia,61530.634999999995,2026-01-09,False,False,61530.634999999995,-0.3383396511504241,1.0,0.0,0.0,0.0,0.0,False
C001155,P0116,E07,F036,Contratación Directa,Obra de rehabilitación vial,43837.82,2024-01-13,False,False,43837.82,-0.5169310929641172,0.0,0.0,0.0,1.0,0.0,True
C001324,P0135,E16,F042,Adjudicación Simplificada,Servicio de limpieza y vigilancia,61530.634999999995,2023-09-15,False,False,61530.634999999995,-0.3383396511504241,1.0,0.0,0.0,0.0,0.0,False
C000216,P0170,E15,F035,Licitación Pública,Adquisición de materiales de construcción,45699.6,2025-11-16,False,False,45699.6,-0.49813826804960265,0.0,0.0,0.0,0.0,1.0,False
C000510,P0211,E06,F039,Adjudicación Simplificada,Servicio de capacitación,110883.5,2025-12-04,False,False,110883.5,0.1598286345625366,1.0,0.0,0.0,0.0,0.0,False
C001680,P0145,E03,F000,Adjudicación Simplificada,Adquisición de equipos informáticos,87338.52,2023-01-10,False,False,87338.52,-0.07783461606629603,1.0,0.0,0.0,0.0,0.0,False
C000499,P0187,E02,F011,Licitación Pública,Suministro de combustible,47172.37,2025-08-16,False,False,47172.37,-0.4832721137513774,0.0,0.0,0.0,0.0,1.0,False
C002989,P0033,E08,F005,Licitación Pública,Consultoría en ingeniería,31876.76,2023-07-03,False,False,31876.76,-0.6376661456405904,0.0,0.0,0.0,0.0,1.0,False
C001856,P0088,E16,F057,Adjudicación Simplificada,Obra de rehabilitación vial,286584.45,2024-11-03,False,False,286584.45,1.9333556843019715,1.0,0.0,0.0,0.0,0.0,False
C001388,P0118,E00,F038,Concurso Público,Servicio de transporte,186433.49,2023-05-17,False,False,186433.49,0.9224309475980881,0.0,0.0,1.0,0.0,0.0,False
C001519,P0125,E00,F041,Comparación de Precios,Consultoría en ingeniería,37722.31,2026-06-09,False,False,37722.31,-0.578661108697965,0.0,1.0,0.0,0.0,0.0,True
C002386,P0029,E04,F030,Comparación de Precios,Obra de rehabilitación vial,74728.66,2023-10-10,False,False,74728.66,-0.20511866207417084,0.0,1.0,0.0,0.0,0.0,True
C003264,P0182,E05,F052,Licitación Pública,Servicio de limpieza y vigilancia,71799.48,2023-11-13,False,False,71799.48,-0.23468583267601317,0.0,0.0,0.0,0.0,1.0,False
C002076,P0021,E12,F050,Licitación Pública,Suministro de combustible,134283.38,2024-04-10,False,False,134283.38,0.3960272444201203,0.0,0.0,0.0,0.0,1.0,False
C001540,P0087,E08,F028,Comparación de Precios,Servicio de mantenimiento de infraestructura,95437.33,2023-11-20,False,False,95437.33,0.003914848610475656,0.0,1.0,0.0,0.0,0.0,True
C001217,P0052,E11,F007,Concurso Público,Adquisición de equipos informáticos,36569.72,2023-07-12,False,False,36569.72,-0.59029536305037,0.0,0.0,1.0,0.0,0.0,False
C002681,P0179,E02,F025,Adjudicación Simplificada,Suministro de combustible,25770.94,2023-08-10,False,False,25770.94,-0.699298350422864,1.0,0.0,0.0,0.0,0.0,False
C003438,P0211,E01,F048,Licitación Pública,Adquisición de bienes de oficina,93047.87,2025-02-20,False,False,93047.87,-0.0202043832108116,0.0,0.0,0.0,0.0,1.0,False
C001416,P0009,E08,F015,Concurso Público,Servicio de mantenimiento de infraestructura,175542.31,2026-06-29,False,False,175542.31,0.8124952737523797,0.0,0.0,1.0,0.0,0.0,False
C002217,P0214,E04,F030,Comparación de Precios,Suministro de combustible,17973.98,2025-10-26,False,False,17973.98,-0.7780009383470409,0.0,1.0,0.0,0.0,0.0,True
C003016,P0043,E17,F031,Comparación de Precios,Adquisición de equipos informáticos,87778.4,2025-08-31,False,False,87778.4,-0.07339446318926625,0.0,1.0,0.0,0.0,0.0,True
C001676,P0081,E06,F006,Licitación Pública,Servicio de capacitación,32536.26,2024-06-05,False,False,32536.26,-0.6310091464080697,0.0,0.0,0.0,0.0,1.0,False
C001197,P0145,E01,F048,Adjudicación Simplificada,Servicio de capacitación,216895.35,2023-02-22,False,False,216895.35,1.2299132503140138,1.0,0.0,0.0,0.0,0.0,False
C001542,P0164,E13,F055,Adjudicación Simplificada,Suministro de combustible,33093.63,2024-02-23,False,False,33093.63,-0.6253830483607156,1.0,0.0,0.0,0.0,0.0,False
C002539,P0053,E01,F017,Adjudicación Simplificada,Obra de rehabilitación vial,39419.45,2025-10-04,False,False,39419.45,-0.5615301614993599,1.0,0.0,0.0,0.0,0.0,False
C000953,P0004,E09,F043,Comparación de Precios,Obra de rehabilitación vial,6278.11,2025-04-13,False,False,6278.11,-0.8960591606573696,0.0,1.0,0.0,0.0,0.0,True
C002635,P0005,E07,F013,Concurso Público,Adquisición de materiales de construcción,63722.07,2024-06-05,False,False,63722.07,-0.31621928555054685,0.0,0.0,1.0,0.0,0.0,False
C000750,P0174,E12,F021,Concurso Público,Servicio de transporte,25691.05,2023-07-17,False,False,25691.05,-0.7001047608378543,0.0,0.0,1.0,0.0,0.0,False
C002705,P0161,E02,F025,Adjudicación Simplificada,Obra de rehabilitación vial,39436.18,2025-04-27,False,False,39436.18,-0.561361288721255,1.0,0.0,0.0,0.0,0.0,False
C000234,P0017,E03,F000,Comparación de Precios,Servicio de mantenimiento de infraestructura,30509.32,2024-03-14,False,False,30509.32,-0.6514690979234078,0.0,1.0,0.0,0.0,0.0,True
C000732,P0172,E17,F012,Comparación de Precios,Adquisición de bienes de oficina,45338.13,2023-01-27,False,False,45338.13,-0.5017869496456289,0.0,1.0,0.0,0.0,0.0,True
C800018,P0008,E15,F035,Adjudicación Simplificada,Servicio de limpieza y vigilancia,65943.58,2026-03-07,False,True,65943.58,-0.29379534261644974,1.0,0.0,0.0,0.0,0.0,False
C001156,P0131,E16,F042,Adjudicación Simplificada,Consultoría en ingeniería,462694.94,2025-11-11,False,False,462694.94,3.7110166346717115,1.0,0.0,0.0,0.0,0.0,False
C003083,P0082,E10,F026,Comparación de Precios,Adquisición de equipos informáticos,411902.79,2025-08-21,False,False,411902.79,3.1983201925669715,0.0,1.0,0.0,0.0,0.0,True
C002445,P0029,E05,F047,Adjudicación Simplificada,Adquisición de equipos informáticos,19165.67,2023-02-22,False,False,19165.67,-0.7659720082251263,1.0,0.0,0.0,0.0,0.0,False
C001209,P0125,E00,F041,Contratación Directa,Adquisición de bienes de oficina,22578.73,2024-06-11,False,False,22578.73,-0.7315205483304379,0.0,0.0,0.0,1.0,0.0,True
C001065,P0136,E05,F047,Comparación de Precios,Consultoría en ingeniería,26592.91,2026-04-12,False,False,26592.91,-0.6910013774749413,0.0,1.0,0.0,0.0,0.0,True
C002156,P0100,E08,F028,Adjudicación Simplificada,Servicio de mantenimiento de infraestructura,155722.92,2023-10-14,False,False,155722.92,0.6124381637917606,1.0,0.0,0.0,0.0,0.0,False
C001062,P0138,E13,F058,Concurso Público,Servicio de limpieza y vigilancia,15091.68,2023-03-10,False,False,15091.68,-0.8070949017858495,0.0,0.0,1.0,0.0,0.0,False
C002616,P0195,E09,F033,Licitación Pública,Adquisición de materiales de construcción,32195.24,2025-06-24,False,False,32195.24,-0.6344514055108357,0.0,0.0,0.0,0.0,1.0,False
C001167,P0160,E09,F033,Adjudicación Simplificada,Adquisición de materiales de construcción,87804.77,2023-10-17,False,False,87804.77,-0.07312828416005983,1.0,0.0,0.0,0.0,0.0,False
C001492,P0047,E02,F025,Comparación de Precios,Adquisición de bienes de oficina,17466.72,2024-02-19,False,False,17466.72,-0.7831212255808367,0.0,1.0,0.0,0.0,0.0,True
C002938,P0168,E00,F010,Adjudicación Simplificada,Servicio de limpieza y vigilancia,68471.29,2025-02-22,False,False,68471.29,-0.2682806139886486,1.0,0.0,0.0,0.0,0.0,False
C002962,P0217,E14,F016,Adjudicación Simplificada,Servicio de mantenimiento de infraestructura,24111.33,2024-03-13,False,False,24111.33,-0.7160504694467968,1.0,0.0,0.0,0.0,0.0,False
C000884,P0037,E13,F058,Adjudicación Simplificada,Adquisición de materiales de construcción,33989.63,2025-10-12,False,False,33989.63,-0.6163388158931817,1.0,0.0,0.0,0.0,0.0,False
C000143,P0087,E09,F034,Contratación Directa,Adquisición de materiales de construcción,216930.24,2024-12-24,False,False,216930.24,1.2302654303037373,0.0,0.0,0.0,1.0,0.0,True
C900031,P0000,E15,F035,Contratación Directa,Adquisición de bienes de oficina,253938.45,2024-03-20,True,False,253938.45,1.6038266517851092,0.0,0.0,0.0,1.0,0.0,True
C000850,P0029,E03,F000,Comparación de Precios,Adquisición de equipos informáticos,358935.71,2026-01-29,False,False,358935.71,2.663669986488333,0.0,1.0,0.0,0.0,0.0,True
C002782,P0181,E13,F058,Comparación de Precios,Servicio de mantenimiento de infraestructura,86439.75,2025-11-08,False,False,86439.75,-0.08690680894000741,0.0,1.0,0.0,0.0,0.0,True
C000717,P0096,E17,F012,Adjudicación Simplificada,Servicio de limpieza y vigilancia,68749.41,2025-06-10,False,False,68749.41,-0.2654732680803109,1.0,0.0,0.0,0.0,0.0,False
C003411,P0135,E17,F031,Adjudicación Simplificada,Servicio de mantenimiento de infraestructura,189660.2,2025-06-12,False,False,189660.2,0.9550013888316999,1.0,0.0,0.0,0.0,0.0,False
C002502,P0041,E03,F000,Contratación Directa,Servicio de transporte,131513.17,2023-10-06,False,False,131513.17,0.3680647185006038,0.0,0.0,0.0,1.0,0.0,True
C000264,P0208,E01,F018,Adjudicación Simplificada,Adquisición de equipos informáticos,90397.47,2026-05-28,False,False,90397.47,-0.046957545858078945,1.0,0.0,0.0,0.0,0.0,False
C000075,P0098,E01,F048,Adjudicación Simplificada,Adquisición de materiales de construcción,95328.13,2023-07-03,False,False,95328.13,0.0028125827784950034,1.0,0.0,0.0,0.0,0.0,False
C002492,P0111,E16,F042,Licitación Pública,Servicio de transporte,25240.04,2023-05-05,False,False,25240.04,-0.7046572600400669,0.0,0.0,0.0,0.0,1.0,False
C000395,P0213,E16,F002,Adjudicación Simplificada,Adquisición de bienes de oficina,103970.11,2025-12-20,False,False,103970.11,0.09004481056842553,1.0,0.0,0.0,0.0,0.0,False
C003124,P0171,E04,F053,Comparación de Precios,Obra de rehabilitación vial,49079.84,2024-07-18,False,False,49079.84,-0.46401809354507534,0.0,1.0,0.0,0.0,0.0,True
C002224,P0169,E15,F035,Adjudicación Simplificada,Servicio de mantenimiento de infraestructura,15925.02,2024-02-14,False,False,15925.02,-0.7986831599504761,1.0,0.0,0.0,0.0,0.0,False
C003360,P0165,E05,F047,Comparación de Precios,Servicio de transporte,12059.94,2025-03-03,False,False,12059.94,-0.837697313996922,0.0,1.0,0.0,0.0,0.0,True
C000396,P0206,E01,F018,Adjudicación Simplificada,Obra de rehabilitación vial,166933.04,2024-10-02,False,False,166933.04,0.725593221011571,1.0,0.0,0.0,0.0,0.0,False
C001365,P0028,E17,F012,Comparación de Precios,Suministro de combustible,38130.48,2025-04-02,False,False,38130.48,-0.5745410368606064,0.0,1.0,0.0,0.0,0.0,True
C002994,P0162,E12,F050,Adjudicación Simplificada,Consultoría en ingeniería,37687.75,2024-05-08,False,False,37687.75,-0.57900995766457,1.0,0.0,0.0,0.0,0.0,False
C001903,P0060,E02,F025,Adjudicación Simplificada,Obra de rehabilitación vial,160274.22,2024-03-14,False,False,160274.22,0.6583790290032411,1.0,0.0,0.0,0.0,0.0,False
C000595,P0194,E06,F039,Licitación Pública,Consultoría en ingeniería,65806.24,2025-07-06,False,False,65806.24,-0.29518165387436385,0.0,0.0,0.0,0.0,1.0,False
C002109,P0159,E10,F026,Concurso Público,Servicio de limpieza y vigilancia,115152.16,2026-04-26,False,False,115152.16,0.20291652894296391,0.0,0.0,1.0,0.0,0.0,False
C001296,P0146,E06,F039,Adjudicación Simplificada,Adquisición de equipos informáticos,105842.55,2024-04-27,False,False,105842.55,0.10894523762368113,1.0,0.0,0.0,0.0,0.0,False
C001821,P0024,E14,F029,Adjudicación Simplificada,Adquisición de equipos informáticos,271003.29,2023-07-28,False,False,271003.29,1.7760793080142043,1.0,0.0,0.0,0.0,0.0,False
C000872,P0193,E08,F020,Adjudicación Simplificada,Suministro de combustible,30021.54,2023-07-15,False,False,30021.54,-0.6563927538531105,1.0,0.0,0.0,0.0,0.0,False
C003109,P0084,E12,F021,Adjudicación Simplificada,Servicio de capacitación,23848.0,2025-05-31,False,False,23848.0,-0.7187085249553634,1.0,0.0,0.0,0.0,0.0,False
C003493,P0004,E14,F016,Licitación Pública,Suministro de combustible,28022.65,2025-04-16,False,False,28022.65,-0.6765695684033656,0.0,0.0,0.0,0.0,1.0,False
C002326,P0031,E04,F053,Comparación de Precios,Obra de rehabilitación vial,49975.66,2026-05-08,False,False,49975.66,-0.45497567799924254,0.0,1.0,0.0,0.0,0.0,True
C001548,P0116,E12,F021,Comparación de Precios,Servicio de capacitación,49388.53,2024-05-03,False,False,49388.53,-0.4609021737678398,0.0,1.0,0.0,0.0,0.0,True
C000036,P0037,E11,F007,Adjudicación Simplificada,Adquisición de equipos informáticos,110057.86,2024-08-17,False,False,110057.86,0.15149461659993102,1.0,0.0,0.0,0.0,0.0,False
C002710,P0204,E08,F028,Concurso Público,Adquisición de bienes de oficina,52801.27,2024-11-14,False,False,52801.27,-0.4264539439561754,0.0,0.0,1.0,0.0,0.0,False
C003026,P0102,E01,F018,Comparación de Precios,Adquisición de materiales de construcción,32927.98,2023-09-14,False,False,32927.98,-0.6270551210261697,0.0,1.0,0.0,0.0,0.0,True
C002143,P0082,E15,F035,Comparación de Precios,Servicio de limpieza y vigilancia,26418.78,2024-11-25,False,False,26418.78,-0.6927590473405347,0.0,1.0,0.0,0.0,0.0,True
C003280,P0170,E01,F017,Adjudicación Simplificada,Consultoría en ingeniería,56397.34,2024-06-24,False,False,56397.34,-0.39015517939197425,1.0,0.0,0.0,0.0,0.0,False
C000977,P0169,E13,F058,Comparación de Precios,Servicio de limpieza y vigilancia,89871.6,2025-06-16,False,False,89871.6,-0.05226568260774631,0.0,1.0,0.0,0.0,0.0,True
C001571,P0191,E09,F046,Contratación Directa,Adquisición de bienes de oficina,16433.3,2026-03-28,False,False,16433.3,-0.7935525768270407,0.0,0.0,0.0,1.0,0.0,True
C001122,P0081,E05,F037,Licitación Pública,Servicio de mantenimiento de infraestructura,48010.8,2024-03-02,False,False,48010.8,-0.47480899340790156,0.0,0.0,0.0,0.0,1.0,False
C002786,P0173,E11,F054,Adjudicación Simplificada,Suministro de combustible,8708.52,2025-01-02,False,False,8708.52,-0.8715265791490896,1.0,0.0,0.0,0.0,0.0,False
C002239,P0011,E17,F012,Contratación Directa,Servicio de transporte,46335.85,2023-10-24,False,False,46335.85,-0.4917159545368031,0.0,0.0,0.0,1.0,0.0,True
C002967,P0044,E02,F025,Comparación de Precios,Consultoría en ingeniería,58861.6,2023-09-09,False,False,58861.6,-0.36528091566379917,0.0,1.0,0.0,0.0,0.0,True
C002504,P0014,E01,F048,Comparación de Precios,Servicio de mantenimiento de infraestructura,100690.2,2025-01-31,False,False,100690.2,0.05693736803205406,0.0,1.0,0.0,0.0,0.0,True
C001892,P0208,E05,F045,Comparación de Precios,Consultoría en ingeniería,124003.93,2024-03-14,False,False,124003.93,0.2922663789754881,0.0,1.0,0.0,0.0,0.0,True
C000675,P0203,E13,F055,Comparación de Precios,Servicio de capacitación,86656.38,2026-03-30,False,False,86656.38,-0.08472014367277315,0.0,1.0,0.0,0.0,0.0,True
C002808,P0205,E11,F007,Licitación Pública,Obra de rehabilitación vial,274606.63,2026-01-02,False,False,274606.63,1.81245145602711,0.0,0.0,0.0,0.0,1.0,False
C000728,P0096,E07,F013,Adjudicación Simplificada,Adquisición de bienes de oficina,61697.98,2025-08-29,False,False,61697.98,-0.3366504691389514,1.0,0.0,0.0,0.0,0.0,False
C000412,P0113,E00,F038,Adjudicación Simplificada,Adquisición de materiales de construcción,26734.71,2023-05-08,False,False,26734.71,-0.6895700469348784,1.0,0.0,0.0,0.0,0.0,False
C001516,P0124,E10,F026,Comparación de Precios,Adquisición de materiales de construcción,12512.37,2023-11-14,False,False,12512.37,-0.8331304813012901,0.0,1.0,0.0,0.0,0.0,True
C001649,P0139,E00,F038,Comparación de Precios,Servicio de mantenimiento de infraestructura,178184.28,2025-04-09,False,False,178184.28,0.8391633438999805,0.0,1.0,0.0,0.0,0.0,True
C000825,P0141,E10,F026,Licitación Pública,Adquisición de equipos informáticos,355480.95,2023-07-03,False,False,355480.95,2.628797606399564,0.0,0.0,0.0,0.0,1.0,False
C000616,P0034,E11,F007,Concurso Público,Suministro de combustible,34989.6,2026-06-17,False,False,34989.6,-0.6062451092630926,0.0,0.0,1.0,0.0,0.0,False
C000114,P0192,E02,F025,Adjudicación Simplificada,Consultoría en ingeniería,91143.33,2025-10-07,False,False,91143.33,-0.03942882796942407,1.0,0.0,0.0,0.0,0.0,False
C000417,P0112,E01,F048,Adjudicación Simplificada,Servicio de limpieza y vigilancia,354046.25,2024-01-07,False,False,354046.25,2.6143157310411143,1.0,0.0,0.0,0.0,0.0,False
C001625,P0137,E09,F043,Licitación Pública,Servicio de transporte,46478.19,2024-11-24,False,False,46478.19,-0.49027917323163706,0.0,0.0,0.0,0.0,1.0,False
C002652,P0117,E09,F033,Comparación de Precios,Servicio de limpieza y vigilancia,50094.8,2023-03-30,False,False,50094.8,-0.4537730777133252,0.0,1.0,0.0,0.0,0.0,True
C900026,P0000,E15,F035,Contratación Directa,Adquisición de bienes de oficina,361170.45,2026-02-26,True,False,361170.45,2.6862274731674582,0.0,0.0,0.0,1.0,0.0,True
C000089,P0133,E04,F019,Adjudicación Simplificada,Suministro de combustible,72256.21,2023-07-01,False,False,72256.21,-0.23007559573974443,1.0,0.0,0.0,0.0,0.0,False
C002896,P0167,E02,F044,Contratación Directa,Servicio de mantenimiento de infraestructura,131220.08,2023-06-12,False,False,131220.08,0.3651062652707939,0.0,0.0,0.0,1.0,0.0,True
C003138,P0051,E17,F003,Adjudicación Simplificada,Adquisición de materiales de construcción,38249.06,2026-03-27,False,False,38249.06,-0.5733440892199814,1.0,0.0,0.0,0.0,0.0,False
C002082,P0214,E01,F048,Concurso Público,Adquisición de materiales de construcción,245780.31,2025-03-23,False,False,245780.31,1.5214783095276467,0.0,0.0,1.0,0.0,0.0,False
C000753,P0053,E02,F011,Comparación de Precios,Servicio de transporte,152725.95,2023-12-26,False,False,152725.95,0.5821867202892776,0.0,1.0,0.0,0.0,0.0,True
C002546,P0095,E02,F044,Adjudicación Simplificada,Servicio de mantenimiento de infraestructura,185837.39,2024-07-18,False,False,185837.39,0.9164139085647213,1.0,0.0,0.0,0.0,0.0,False
C001630,P0199,E07,F023,Adjudicación Simplificada,Servicio de mantenimiento de infraestructura,64296.77,2025-09-08,False,False,64296.77,-0.3104182583194178,1.0,0.0,0.0,0.0,0.0,False
C000011,P0182,E01,F017,Comparación de Precios,Servicio de limpieza y vigilancia,6993.32,2024-11-08,False,False,6993.32,-0.8888398241583687,0.0,1.0,0.0,0.0,0.0,True
C002444,P0084,E06,F006,Adjudicación Simplificada,Adquisición de materiales de construcción,16313.91,2024-06-26,False,False,16313.91,-0.7947577006153207,1.0,0.0,0.0,0.0,0.0,False
C000284,P0186,E11,F054,Comparación de Precios,Servicio de limpieza y vigilancia,48561.74,2024-06-23,False,False,48561.74,-0.4692477998413134,0.0,1.0,0.0,0.0,0.0,True
C001066,P0188,E04,F030,Concurso Público,Obra de rehabilitación vial,21633.78,2025-06-30,False,False,21633.78,-0.7410588825605674,0.0,0.0,1.0,0.0,0.0,False
C001191,P0160,E01,F018,Licitación Pública,Servicio de limpieza y vigilancia,17122.48,2025-03-03,False,False,17122.48,-0.786595987394033,0.0,0.0,0.0,0.0,1.0,False
C001440,P0081,E09,F034,Contratación Directa,Consultoría en ingeniería,45421.99,2025-02-15,False,False,45421.99,-0.5009404660131206,0.0,0.0,0.0,1.0,0.0,True
C003365,P0049,E13,F058,Adjudicación Simplificada,Consultoría en ingeniería,34240.29,2023-11-09,False,False,34240.29,-0.6138086514843513,1.0,0.0,0.0,0.0,0.0,False
C003363,P0219,E12,F050,Adjudicación Simplificada,Servicio de capacitación,47037.21,2025-05-30,False,False,47037.21,-0.48463642006868984,1.0,0.0,0.0,0.0,0.0,False
C002738,P0202,E03,F000,Adjudicación Simplificada,Consultoría en ingeniería,36108.54,2023-05-26,False,False,36108.54,-0.5949505183286927,1.0,0.0,0.0,0.0,0.0,False
C003249,P0075,E05,F037,Adjudicación Simplificada,Servicio de limpieza y vigilancia,61530.634999999995,2023-08-17,False,False,61530.634999999995,-0.3383396511504241,1.0,0.0,0.0,0.0,0.0,False
C001568,P0075,E06,F006,Licitación Pública,Servicio de limpieza y vigilancia,61530.634999999995,2025-02-12,False,False,61530.634999999995,-0.3383396511504241,0.0,0.0,0.0,0.0,1.0,False
C002427,P0189,E09,F027,Comparación de Precios,Adquisición de equipos informáticos,48726.4,2024-08-04,False,False,48726.4,-0.467585720245215,0.0,1.0,0.0,0.0,0.0,True
C002737,P0120,E16,F057,Licitación Pública,Suministro de combustible,66362.31,2025-01-02,False,False,66362.31,-0.28956867803929526,0.0,0.0,0.0,0.0,1.0,False
C003087,P0033,E17,F012,Comparación de Precios,Consultoría en ingeniería,150878.7,2023-12-08,False,False,150878.7,0.563540561332077,0.0,1.0,0.0,0.0,0.0,True
C001687,P0020,E07,F013,Adjudicación Simplificada,Adquisición de materiales de construcción,68455.2,2024-08-07,False,False,68455.2,-0.26844302660070507,1.0,0.0,0.0,0.0,0.0,False
C000851,P0093,E17,F012,Licitación Pública,Adquisición de bienes de oficina,116137.04,2023-10-31,False,False,116137.04,0.21285791697044673,0.0,0.0,0.0,0.0,1.0,False
C002207,P0145,E08,F014,Adjudicación Simplificada,Adquisición de bienes de oficina,1283021.03,2024-08-26,False,False,534351.0878000001,4.434314467742205,1.0,0.0,0.0,0.0,0.0,False
C000895,P0108,E01,F048,Licitación Pública,Suministro de combustible,10253.6,2024-12-05,False,False,10253.6,-0.8559305270275079,0.0,0.0,0.0,0.0,1.0,False
C000496,P0054,E03,F000,Adjudicación Simplificada,Servicio de transporte,82784.01,2024-02-25,False,False,82784.01,-0.12380788304811241,1.0,0.0,0.0,0.0,0.0,False
C002305,P0178,E11,F049,Comparación de Precios,Suministro de combustible,164386.17,2023-10-24,False,False,164386.17,0.6998850911627006,0.0,1.0,0.0,0.0,0.0,True
C001782,P0051,E09,F027,Concurso Público,Adquisición de equipos informáticos,64584.41,2025-05-07,False,False,64584.41,-0.3075148174411126,0.0,0.0,1.0,0.0,0.0,False
C000335,P0067,E17,F003,Adjudicación Simplificada,Servicio de capacitación,192824.97,2025-12-30,False,False,192824.97,0.9869466071199554,1.0,0.0,0.0,0.0,0.0,False
C002839,P0005,E02,F044,Comparación de Precios,Servicio de limpieza y vigilancia,290312.08,2024-05-21,False,False,290312.08,1.9709824167494636,0.0,1.0,0.0,0.0,0.0,True
C000515,P0198,E16,F042,Adjudicación Simplificada,Suministro de combustible,162030.41,2026-05-18,False,False,162030.41,0.6761060274598909,1.0,0.0,0.0,0.0,0.0,False
C001348,P0118,E06,F006,Adjudicación Simplificada,Adquisición de equipos informáticos,15801.41,2023-12-18,False,False,15801.41,-0.7999308804586367,1.0,0.0,0.0,0.0,0.0,False
C001015,P0170,E01,F018,Adjudicación Simplificada,Adquisición de equipos informáticos,34516.17,2023-06-08,False,False,34516.17,-0.6110239161571825,1.0,0.0,0.0,0.0,0.0,False
C002816,P0023,E02,F011,Adjudicación Simplificada,Servicio de capacitación,50154.53,2024-12-02,False,False,50154.53,-0.45317016252885445,1.0,0.0,0.0,0.0,0.0,False
C003373,P0022,E00,F010,Adjudicación Simplificada,Adquisición de bienes de oficina,60796.19,2023-03-27,False,False,60796.19,-0.3457531459212029,1.0,0.0,0.0,0.0,0.0,False
C003367,P0184,E11,F049,Licitación Pública,Servicio de transporte,22374.31,2024-08-31,False,False,22374.31,-0.733583965742283,0.0,0.0,0.0,0.0,1.0,False
C002809,P0201,E00,F041,Adjudicación Simplificada,Suministro de combustible,15817.99,2024-06-10,False,False,15817.99,-0.7997635217819494,1.0,0.0,0.0,0.0,0.0,False
C003081,P0182,E09,F046,Contratación Directa,Suministro de combustible,10978.63,2023-10-15,False,False,10978.63,-0.8486120673557044,0.0,0.0,0.0,1.0,0.0,True
C001781,P0166,E03,F000,Adjudicación Simplificada,Consultoría en ingeniería,49888.41,2024-12-27,False,False,49888.41,-0.45585638032378756,1.0,0.0,0.0,0.0,0.0,False
C002569,P0139,E14,F040,Adjudicación Simplificada,Servicio de transporte,176032.26,2024-08-30,False,False,176032.26,0.8174408336825898,1.0,0.0,0.0,0.0,0.0,False
C001785,P0150,E17,F031,Adjudicación Simplificada,Obra de rehabilitación vial,85648.11,2023-12-26,False,False,85648.11,-0.09489763058130032,1.0,0.0,0.0,0.0,0.0,False
C002070,P0156,E05,F037,Adjudicación Simplificada,Obra de rehabilitación vial,92270.05,2024-11-02,False,False,92270.05,-0.0280557056415003,1.0,0.0,0.0,0.0,0.0,False
C000356,P0102,E03,F000,Concurso Público,Adquisición de materiales de construcción,26376.96,2023-11-29,False,False,26376.96,-0.6931811788157493,0.0,0.0,1.0,0.0,0.0,False
C003424,P0032,E01,F048,Adjudicación Simplificada,Servicio de limpieza y vigilancia,114583.82,2026-01-24,False,False,114583.82,0.19717969961193924,1.0,0.0,0.0,0.0,0.0,False
C001312,P0029,E00,F041,Adjudicación Simplificada,Servicio de mantenimiento de infraestructura,81958.24,2026-02-05,False,False,81958.24,-0.13214321323194644,1.0,0.0,0.0,0.0,0.0,False
C001635,P0139,E17,F012,Comparación de Precios,Adquisición de materiales de construcción,258829.91,2025-08-14,False,False,258829.91,1.6532010952512286,0.0,1.0,0.0,0.0,0.0,True
C000550,P0074,E15,F035,Comparación de Precios,Adquisición de materiales de construcción,111768.41,2023-08-05,False,False,111768.41,0.1687609244652658,0.0,1.0,0.0,0.0,0.0,True
C002388,P0102,E09,F033,Adjudicación Simplificada,Adquisición de materiales de construcción,55937.88,2024-05-27,False,False,55937.88,-0.39479297297404237,1.0,0.0,0.0,0.0,0.0,False
C002479,P0123,E02,F051,Contratación Directa,Servicio de limpieza y vigilancia,37952.57,2023-08-25,False,False,37952.57,-0.5763368620819223,0.0,0.0,0.0,1.0,0.0,True
C002521,P0171,E11,F054,Licitación Pública,Servicio de limpieza y vigilancia,18933.55,2025-11-19,False,False,18933.55,-0.7683150296987468,0.0,0.0,0.0,0.0,1.0,False
C002265,P0054,E09,F046,Comparación de Precios,Adquisición de materiales de construcción,88682.56,2023-06-22,False,False,88682.56,-0.06426786360461738,0.0,1.0,0.0,0.0,0.0,True
C002959,P0086,E08,F005,Comparación de Precios,Servicio de mantenimiento de infraestructura,233079.05,2023-06-21,False,False,233079.05,1.3932716710560078,0.0,1.0,0.0,0.0,0.0,True
C001227,P0137,E04,F030,Concurso Público,Servicio de limpieza y vigilancia,61530.634999999995,2024-01-02,False,False,61530.634999999995,-0.3383396511504241,0.0,0.0,1.0,0.0,0.0,False
C003214,P0173,E00,F038,Contratación Directa,Servicio de transporte,117706.79,2025-08-03,False,False,117706.79,0.22870298830516905,0.0,0.0,0.0,1.0,0.0,True
C000957,P0144,E02,F025,Comparación de Precios,Adquisición de bienes de oficina,157745.86,2026-03-01,False,False,157745.86,0.632857739269297,0.0,1.0,0.0,0.0,0.0,True
C001773,P0194,E16,F042,Comparación de Precios,Servicio de mantenimiento de infraestructura,11642.07,2024-06-11,False,False,11642.07,-0.8419152977259493,0.0,1.0,0.0,0.0,0.0,True
C002141,P0004,E08,F005,Adjudicación Simplificada,Adquisición de materiales de construcción,27855.56,2023-03-16,False,False,27855.56,-0.6782561764424284,1.0,0.0,0.0,0.0,0.0,False
C001008,P0105,E03,F000,Adjudicación Simplificada,Adquisición de equipos informáticos,95570.06,2026-06-01,False,False,95570.06,0.005254626484823564,1.0,0.0,0.0,0.0,0.0,False
C001092,P0050,E07,F023,Adjudicación Simplificada,Adquisición de equipos informáticos,9682.17,2025-02-21,False,False,9682.17,-0.8616985468477344,1.0,0.0,0.0,0.0,0.0,False
C003206,P0083,E05,F045,Licitación Pública,Adquisición de bienes de oficina,21012.1,2026-01-29,False,False,21012.1,-0.7473341263556751,0.0,0.0,0.0,0.0,1.0,False
C002744,P0104,E06,F039,Comparación de Precios,Servicio de limpieza y vigilancia,61530.634999999995,2024-07-04,False,False,61530.634999999995,-0.3383396511504241,0.0,1.0,0.0,0.0,0.0,True
C000996,P0104,E00,F010,Licitación Pública,Servicio de capacitación,80879.41,2026-06-23,False,False,80879.41,-0.14303293344729187,0.0,0.0,0.0,0.0,1.0,False
C001679,P0203,E17,F012,Adjudicación Simplificada,Obra de rehabilitación vial,50401.68,2023-09-06,False,False,50401.68,-0.4506754280931949,1.0,0.0,0.0,0.0,0.0,False
C000153,P0125,E06,F039,Adjudicación Simplificada,Servicio de capacitación,157786.46,2025-01-04,False,False,157786.46,0.6332675560529822,1.0,0.0,0.0,0.0,0.0,False
C900003,P0168,E17,F003,Comparación de Precios,Suministro de combustible,377494.72,2025-09-16,True,False,377494.72,2.851004808817891,0.0,1.0,0.0,0.0,0.0,True
C002908,P0149,E00,F010,Adjudicación Simplificada,Servicio de mantenimiento de infraestructura,72830.7,2025-03-31,False,False,72830.7,-0.2242766882506,1.0,0.0,0.0,0.0,0.0,False
C002837,P0035,E03,F000,Contratación Directa,Adquisición de bienes de oficina,64550.45,2023-12-05,False,False,64550.45,-0.3078576100020473,0.0,0.0,0.0,1.0,0.0,True
C000580,P0116,E01,F017,Licitación Pública,Servicio de mantenimiento de infraestructura,20210.66,2023-04-29,False,False,20210.66,-0.7554238692895815,0.0,0.0,0.0,0.0,1.0,False
C001470,P0200,E10,F008,Contratación Directa,Servicio de transporte,47316.77,2025-03-31,False,False,47316.77,-0.4818145387867437,0.0,0.0,0.0,1.0,0.0,True
C000703,P0186,E10,F004,Adjudicación Simplificada,Servicio de transporte,188976.29,2024-10-08,False,False,188976.29,0.9480979948284957,1.0,0.0,0.0,0.0,0.0,False
C001212,P0131,E01,F018,Adjudicación Simplificada,Obra de rehabilitación vial,113030.08,2023-03-02,False,False,113030.08,0.18149623336851733,1.0,0.0,0.0,0.0,0.0,False
C000896,P0198,E10,F026,Adjudicación Simplificada,Consultoría en ingeniería,105339.17,2023-05-05,False,False,105339.17,0.10386411514655255,1.0,0.0,0.0,0.0,0.0,False
C000487,P0150,E11,F054,Adjudicación Simplificada,Adquisición de bienes de oficina,89767.86,2024-04-12,False,False,89767.86,-0.05331283514812801,1.0,0.0,0.0,0.0,0.0,False
C000559,P0079,E14,F040,Contratación Directa,Consultoría en ingeniería,57386.6,2024-09-12,False,False,57386.6,-0.38016957960309866,0.0,0.0,0.0,1.0,0.0,True
C001141,P0133,E05,F045,Adjudicación Simplificada,Servicio de capacitación,165433.27,2026-01-05,False,False,165433.27,0.7104545284581855,1.0,0.0,0.0,0.0,0.0,False
C001119,P0133,E10,F026,Contratación Directa,Servicio de mantenimiento de infraestructura,202797.51,2025-05-11,False,False,202797.51,1.0876095201241738,0.0,0.0,0.0,1.0,0.0,True
C002849,P0131,E00,F038,Adjudicación Simplificada,Servicio de transporte,72628.29,2026-05-16,False,False,72628.29,-0.22631981670344992,1.0,0.0,0.0,0.0,0.0,False
C000512,P0031,E00,F041,Concurso Público,Suministro de combustible,492320.27,2026-04-19,False,False,492320.27,4.010054995662117,0.0,0.0,1.0,0.0,0.0,False
C000633,P0061,E12,F050,Comparación de Precios,Consultoría en ingeniería,192773.29,2023-04-27,False,False,192773.29,0.9864249487115602,0.0,1.0,0.0,0.0,0.0,True
C003095,P0136,E16,F024,Adjudicación Simplificada,Consultoría en ingeniería,159180.33,2025-09-06,False,False,159180.33,0.647337293005573,1.0,0.0,0.0,0.0,0.0,False
C001664,P0025,E10,F008,Licitación Pública,Adquisición de materiales de construcción,5786.36,2026-04-26,False,False,5786.36,-0.9010228898045903,0.0,0.0,0.0,0.0,1.0,False
C001012,P0042,E10,F004,Adjudicación Simplificada,Adquisición de bienes de oficina,125819.67,2024-10-08,False,False,125819.67,0.31059447569490756,1.0,0.0,0.0,0.0,0.0,False
C001931,P0128,E15,F035,Comparación de Precios,Servicio de transporte,221695.69,2024-10-04,False,False,221695.69,1.2783679276390152,0.0,1.0,0.0,0.0,0.0,True
C001150,P0128,E02,F025,Comparación de Precios,Adquisición de materiales de construcción,22014.89,2024-07-24,False,False,22014.89,-0.7372119546189358,0.0,1.0,0.0,0.0,0.0,True
C002838,P0094,E13,F058,Concurso Público,Servicio de mantenimiento de infraestructura,77409.29,2023-09-07,False,False,77409.29,-0.17806035752121877,0.0,0.0,1.0,0.0,0.0,False
C003369,P0052,E12,F021,Concurso Público,Adquisición de materiales de construcción,135929.38,2023-09-08,False,False,135929.38,0.4126419839754335,0.0,0.0,1.0,0.0,0.0,False
C000116,P0179,E12,F021,Comparación de Precios,Adquisición de equipos informáticos,38738.63,2023-08-25,False,False,38738.63,-0.5684023650133625,0.0,1.0,0.0,0.0,0.0,True
C000740,P0218,E05,F045,Comparación de Precios,Adquisición de bienes de oficina,7923.22,2024-04-16,False,False,7923.22,-0.8794534047704672,0.0,1.0,0.0,0.0,0.0,True
C003316,P0095,E17,F012,Adjudicación Simplificada,Servicio de mantenimiento de infraestructura,76455.15,2024-01-24,False,False,76455.15,-0.18769145569819723,1.0,0.0,0.0,0.0,0.0,False
C001974,P0048,E02,F051,Adjudicación Simplificada,Obra de rehabilitación vial,85044.77,2026-01-18,False,False,85044.77,-0.10098775024308806,1.0,0.0,0.0,0.0,0.0,False
C001081,P0102,E09,F046,Contratación Directa,Obra de rehabilitación vial,492003.1,2025-10-03,False,False,492003.1,4.006853478684742,0.0,0.0,0.0,1.0,0.0,True
C001810,P0076,E16,F002,Concurso Público,Suministro de combustible,168302.21,2026-04-26,False,False,168302.21,0.7394136359307374,0.0,0.0,1.0,0.0,0.0,False
C000830,P0008,E13,F055,Licitación Pública,Adquisición de equipos informáticos,89623.8,2024-07-01,False,False,89623.8,-0.05476697814954866,0.0,0.0,0.0,0.0,1.0,False
C000119,P0009,E01,F017,Concurso Público,Suministro de combustible,22842.12,2024-08-03,False,False,22842.12,-0.7288618871813042,0.0,0.0,1.0,0.0,0.0,False
C000656,P0167,E02,F011,Adjudicación Simplificada,Obra de rehabilitación vial,41212.05,2025-04-10,False,False,41212.05,-0.5434356401586219,1.0,0.0,0.0,0.0,0.0,False
C003277,P0192,E10,F008,Concurso Público,Servicio de capacitación,43133.93,2024-05-21,False,False,43133.93,-0.5240361652761399,0.0,0.0,1.0,0.0,0.0,False
C003227,P0002,E17,F031,Adjudicación Simplificada,Suministro de combustible,43336.93,2024-01-04,False,False,43336.93,-0.5219870813577143,1.0,0.0,0.0,0.0,0.0,False
C900015,P0051,E08,F028,Contratación Directa,Adquisición de bienes de oficina,191012.42,2024-01-30,True,False,191012.42,0.9686507102906827,0.0,0.0,0.0,1.0,0.0,True
C000635,P0125,E08,F005,Adjudicación Simplificada,Servicio de limpieza y vigilancia,67090.62,2023-12-07,False,False,67090.62,-0.28221711001649447,1.0,0.0,0.0,0.0,0.0,False
C000369,P0161,E13,F056,Licitación Pública,Suministro de combustible,43161.09,2023-07-16,False,False,43161.09,-0.5237620119794679,0.0,0.0,0.0,0.0,1.0,False
C000268,P0009,E16,F024,Comparación de Precios,Suministro de combustible,16450.61,2023-05-30,False,False,16450.61,-0.7933778495234548,0.0,1.0,0.0,0.0,0.0,True
C002703,P0022,E15,F035,Adjudicación Simplificada,Servicio de limpieza y vigilancia,40153.1,2023-03-01,False,False,40153.1,-0.554124691466094,1.0,0.0,0.0,0.0,0.0,False
C002983,P0065,E02,F051,Licitación Pública,Servicio de limpieza y vigilancia,107761.23,2026-05-20,False,False,107761.23,0.12831241167592186,0.0,0.0,0.0,0.0,1.0,False
C002870,P0057,E17,F003,Concurso Público,Servicio de transporte,30327.73,2025-05-29,False,False,30327.73,-0.653302069099501,0.0,0.0,1.0,0.0,0.0,False
C002914,P0198,E09,F043,Comparación de Precios,Adquisición de materiales de construcción,10191.04,2024-09-21,False,False,10191.04,-0.8565620082587234,0.0,1.0,0.0,0.0,0.0,True
C000046,P0181,E08,F022,Adjudicación Simplificada,Servicio de limpieza y vigilancia,12072.94,2024-07-18,False,False,12072.94,-0.8375660918740672,1.0,0.0,0.0,0.0,0.0,False
C003333,P0032,E14,F040,Comparación de Precios,Servicio de mantenimiento de infraestructura,39452.73,2024-11-04,False,False,39452.73,-0.5611942328648514,0.0,1.0,0.0,0.0,0.0,True
C000991,P0098,E09,F034,Adjudicación Simplificada,Obra de rehabilitación vial,155535.27,2026-04-12,False,False,155535.27,0.610544022918398,1.0,0.0,0.0,0.0,0.0,False
C000876,P0103,E07,F023,Comparación de Precios,Servicio de limpieza y vigilancia,77378.09,2026-05-12,False,False,77378.09,-0.17837529061607035,0.0,1.0,0.0,0.0,0.0,True
C000773,P0060,E09,F043,Licitación Pública,Obra de rehabilitación vial,107065.79,2023-08-14,False,False,107065.79,0.12129263374375475,0.0,0.0,0.0,0.0,1.0,False
C001219,P0039,E08,F005,Adjudicación Simplificada,Servicio de capacitación,91648.38,2025-03-15,False,False,91648.38,-0.03433084849651338,1.0,0.0,0.0,0.0,0.0,False
C001126,P0192,E06,F039,Licitación Pública,Adquisición de bienes de oficina,298402.69,2025-10-16,False,False,298402.69,2.0526491105487423,0.0,0.0,0.0,0.0,1.0,False
C000004,P0111,E02,F025,Contratación Directa,Adquisición de equipos informáticos,17697.65,2023-09-12,False,False,17697.65,-0.7807902159784622,0.0,0.0,0.0,1.0,0.0,True
C003051,P0192,E15,F035,Comparación de Precios,Consultoría en ingeniería,7896.49,2023-02-16,False,False,7896.49,-0.8797232176430756,0.0,1.0,0.0,0.0,0.0,True
C001595,P0212,E08,F015,Comparación de Precios,Suministro de combustible,105493.16,2023-08-01,False,False,105493.16,0.10541849166181547,0.0,1.0,0.0,0.0,0.0,True
C002311,P0199,E17,F003,Comparación de Precios,Adquisición de materiales de construcción,47172.74,2024-09-04,False,False,47172.74,-0.48326837896788083,0.0,1.0,0.0,0.0,0.0,True
C003040,P0077,E06,F039,Comparación de Precios,Servicio de limpieza y vigilancia,73585.71,2025-02-12,False,False,73585.71,-0.2166556101754741,0.0,1.0,0.0,0.0,0.0,True
C003447,P0146,E12,F050,Adjudicación Simplificada,Servicio de limpieza y vigilancia,61530.634999999995,2025-05-21,False,False,61530.634999999995,-0.3383396511504241,1.0,0.0,0.0,0.0,0.0,False
C002491,P0152,E03,F000,Concurso Público,Adquisición de equipos informáticos,92031.08,2024-03-03,False,False,92031.08,-0.03046787107985584,0.0,0.0,1.0,0.0,0.0,False
C003050,P0175,E06,F039,Comparación de Precios,Servicio de capacitación,58350.85,2024-09-20,False,False,58350.85,-0.37043643099057694,0.0,1.0,0.0,0.0,0.0,True
C001077,P0143,E16,F002,Comparación de Precios,Adquisición de equipos informáticos,75061.24,2025-12-08,False,False,75061.24,-0.20176159641116592,0.0,1.0,0.0,0.0,0.0,True
C000837,P0030,E14,F016,Comparación de Precios,Adquisición de materiales de construcción,50534.6,2025-01-17,False,False,50534.6,-0.4493337323570514,0.0,1.0,0.0,0.0,0.0,True
C000681,P0064,E08,F014,Adjudicación Simplificada,Obra de rehabilitación vial,27543.6,2023-10-31,False,False,27543.6,-0.6814051036305667,1.0,0.0,0.0,0.0,0.0,False
C001715,P0109,E02,F051,Comparación de Precios,Servicio de limpieza y vigilancia,16604.94,2023-01-23,False,False,16604.94,-0.7918200410449788,0.0,1.0,0.0,0.0,0.0,True
C002352,P0001,E02,F051,Adjudicación Simplificada,Adquisición de materiales de construcción,47050.97,2024-03-09,False,False,47050.97,-0.4844975264986527,1.0,0.0,0.0,0.0,0.0,False
C002617,P0130,E11,F049,Comparación de Precios,Servicio de capacitación,106689.24,2026-04-26,False,False,106689.24,0.11749173448521709,0.0,1.0,0.0,0.0,0.0,True
C002361,P0207,E06,F039,Comparación de Precios,Servicio de capacitación,107743.27,2025-11-10,False,False,107743.27,0.12813112326619325,0.0,1.0,0.0,0.0,0.0,True
C002197,P0159,E05,F037,Adjudicación Simplificada,Adquisición de bienes de oficina,48472.73,2023-07-26,False,False,48472.73,-0.47014626762249095,1.0,0.0,0.0,0.0,0.0,False
C001148,P0174,E08,F005,Comparación de Precios,Obra de rehabilitación vial,32859.45,2024-03-17,False,False,32859.45,-0.6277468634938037,0.0,1.0,0.0,0.0,0.0,True
C000574,P0023,E15,F035,Comparación de Precios,Adquisición de bienes de oficina,41534.65,2026-03-02,False,False,41534.65,-0.5401793127099318,0.0,1.0,0.0,0.0,0.0,True
C000050,P0006,E16,F057,Concurso Público,Servicio de transporte,50030.52,2025-09-18,False,False,50030.52,-0.4544219206407952,0.0,0.0,1.0,0.0,0.0,False
C000853,P0142,E03,F000,Adjudicación Simplificada,Adquisición de materiales de construcción,231559.91,2024-06-11,False,False,231559.91,1.3779374575395693,1.0,0.0,0.0,0.0,0.0,False
C001982,P0004,E06,F039,Comparación de Precios,Suministro de combustible,218702.66,2024-04-13,False,False,218702.66,1.2481562545337666,0.0,1.0,0.0,0.0,0.0,True
C002774,P0015,E06,F006,Concurso Público,Adquisición de equipos informáticos,132027.5,2023-05-01,False,False,132027.5,0.3732563703812138,0.0,0.0,1.0,0.0,0.0,False
C001823,P0112,E03,F000,Contratación Directa,Servicio de mantenimiento de infraestructura,46922.38,2023-01-30,False,False,46922.38,-0.4857955151738761,0.0,0.0,0.0,1.0,0.0,True
C000833,P0112,E14,F016,Adjudicación Simplificada,Consultoría en ingeniería,205249.05,2024-05-08,False,False,205249.05,1.1123553880521397,1.0,0.0,0.0,0.0,0.0,False
C001115,P0184,E11,F054,Licitación Pública,Servicio de transporte,69440.33,2023-03-03,False,False,69440.33,-0.25849911507085954,0.0,0.0,0.0,0.0,1.0,False
C001166,P0056,E09,F043,Adjudicación Simplificada,Consultoría en ingeniería,37388.79,2023-06-04,False,False,37388.79,-0.5820276627298533,1.0,0.0,0.0,0.0,0.0,False
C002518,P0166,E04,F019,Comparación de Precios,Adquisición de bienes de oficina,248013.33,2023-12-16,False,False,248013.33,1.544018434510518,0.0,1.0,0.0,0.0,0.0,True
C001906,P0084,E01,F048,Licitación Pública,Adquisición de bienes de oficina,18530.09,2025-01-15,False,False,18530.09,-0.7723875587515941,0.0,0.0,0.0,0.0,1.0,False
C000971,P0148,E17,F012,Adjudicación Simplificada,Adquisición de materiales de construcción,49575.69,2025-12-29,False,False,49575.69,-0.4590129789591081,1.0,0.0,0.0,0.0,0.0,False
C002701,P0186,E13,F058,Adjudicación Simplificada,Adquisición de bienes de oficina,51829.16,2025-05-25,False,False,51829.16,-0.43626643148297706,1.0,0.0,0.0,0.0,0.0,False
C000399,P0081,E13,F055,Concurso Público,Adquisición de materiales de construcción,10730.43,2024-08-14,False,False,10730.43,-0.8511174005012868,0.0,0.0,1.0,0.0,0.0,False
C002559,P0109,E06,F039,Contratación Directa,Servicio de mantenimiento de infraestructura,121558.7,2024-01-20,False,False,121558.7,0.2675842042471536,0.0,0.0,0.0,1.0,0.0,True
C002368,P0066,E00,F038,Adjudicación Simplificada,Adquisición de materiales de construcción,55937.88,2023-07-10,False,False,55937.88,-0.39479297297404237,1.0,0.0,0.0,0.0,0.0,False
C000019,P0182,E14,F029,Adjudicación Simplificada,Servicio de limpieza y vigilancia,59879.19,2025-10-08,False,False,59879.19,-0.3550093525871945,1.0,0.0,0.0,0.0,0.0,False
C000684,P0123,E16,F057,Comparación de Precios,Servicio de mantenimiento de infraestructura,23915.71,2023-05-27,False,False,23915.71,-0.7180250595754787,0.0,1.0,0.0,0.0,0.0,True
C000035,P0019,E16,F057,Adjudicación Simplificada,Consultoría en ingeniería,30603.2,2024-10-26,False,False,30603.2,-0.6505214723162068,1.0,0.0,0.0,0.0,0.0,False
C002950,P0127,E00,F041,Licitación Pública,Obra de rehabilitación vial,48058.75,2025-06-01,False,False,48058.75,-0.4743249856547562,0.0,0.0,0.0,0.0,1.0,False
C003397,P0008,E17,F031,Adjudicación Simplificada,Servicio de transporte,381702.61,2023-12-16,False,False,381702.61,2.893479290244019,1.0,0.0,0.0,0.0,0.0,False
C002875,P0184,E14,F040,Contratación Directa,Suministro de combustible,13488.78,2025-04-03,False,False,13488.78,-0.8232745895338518,0.0,0.0,0.0,1.0,0.0,True
C000524,P0136,E11,F049,Contratación Directa,Servicio de capacitación,128302.91,2023-01-22,False,False,128302.91,0.33566032372245075,0.0,0.0,0.0,1.0,0.0,True
C002455,P0068,E03,F000,Concurso Público,Consultoría en ingeniería,26893.38,2024-01-21,False,False,26893.38,-0.6879684304553878,0.0,0.0,1.0,0.0,0.0,False
C000920,P0103,E12,F050,Comparación de Precios,Servicio de limpieza y vigilancia,498860.0,2024-03-22,False,False,498860.0,4.076067092085002,0.0,1.0,0.0,0.0,0.0,True
C001841,P0067,E02,F025,Comparación de Precios,Servicio de capacitación,106531.36,2024-12-21,False,False,106531.36,0.11589809227319223,0.0,1.0,0.0,0.0,0.0,True
C001890,P0012,E03,F000,Adjudicación Simplificada,Suministro de combustible,159051.4,2024-04-29,False,False,159051.4,0.6460358723671364,1.0,0.0,0.0,0.0,0.0,False
C000537,P0099,E02,F011,Adjudicación Simplificada,Obra de rehabilitación vial,76472.15,2026-02-13,False,False,76472.15,-0.18751985753754088,1.0,0.0,0.0,0.0,0.0,False
C002806,P0020,E05,F009,Adjudicación Simplificada,Servicio de mantenimiento de infraestructura,140732.08,2023-05-04,False,False,140732.08,0.46112048316273757,1.0,0.0,0.0,0.0,0.0,False
C001705,P0214,E11,F049,Adjudicación Simplificada,Obra de rehabilitación vial,40884.0,2025-01-07,False,False,40884.0,-0.5467469799588167,1.0,0.0,0.0,0.0,0.0,False
C900014,P0051,E08,F028,Comparación de Precios,Adquisición de bienes de oficina,261808.33,2024-08-06,True,False,261808.33,1.683265294878407,0.0,1.0,0.0,0.0,0.0,True
C003110,P0082,E06,F039,Comparación de Precios,Adquisición de materiales de construcción,80028.21,2023-01-11,False,False,80028.21,-0.15162495429144895,0.0,1.0,0.0,0.0,0.0,True
C000245,P0059,E13,F055,Adjudicación Simplificada,Adquisición de equipos informáticos,64683.825,2024-01-07,False,False,64683.825,-0.30651132149160387,1.0,0.0,0.0,0.0,0.0,False
C000784,P0083,E11,F049,Licitación Pública,Obra de rehabilitación vial,11524.41,2023-04-28,False,False,11524.41,-0.84310295887788,0.0,0.0,0.0,0.0,1.0,False
C001409,P0073,E11,F049,Concurso Público,Servicio de transporte,252542.74,2023-04-24,False,False,252542.74,1.5897383418551294,0.0,0.0,1.0,0.0,0.0,False
C002537,P0016,E15,F035,Comparación de Precios,Servicio de capacitación,75038.56,2025-02-07,False,False,75038.56,-0.20199052854550045,0.0,1.0,0.0,0.0,0.0,True
C000154,P0102,E16,F042,Concurso Público,Servicio de limpieza y vigilancia,61764.6,2024-05-17,False,False,61764.6,-0.33597800622936763,0.0,0.0,1.0,0.0,0.0,False
C003009,P0062,E04,F053,Licitación Pública,Suministro de combustible,58895.89,2024-09-16,False,False,58895.89,-0.3649347920797459,0.0,0.0,0.0,0.0,1.0,False
C001686,P0015,E11,F007,Adjudicación Simplificada,Servicio de transporte,127725.39,2023-01-02,False,False,127725.39,0.32983083138467156,1.0,0.0,0.0,0.0,0.0,False
C002901,P0170,E13,F056,Adjudicación Simplificada,Consultoría en ingeniería,128612.81,2026-03-05,False,False,128612.81,0.3387884572511211,1.0,0.0,0.0,0.0,0.0,False
C000625,P0157,E03,F000,Comparación de Precios,Servicio de transporte,6405.83,2023-12-22,False,False,6405.83,-0.8947699537703679,0.0,1.0,0.0,0.0,0.0,True
C002733,P0197,E09,F033,Adjudicación Simplificada,Adquisición de bienes de oficina,18452.01,2023-03-08,False,False,18452.01,-0.7731756990094792,1.0,0.0,0.0,0.0,0.0,False
C003451,P0044,E17,F031,Concurso Público,Servicio de limpieza y vigilancia,75541.93,2026-02-10,False,False,75541.93,-0.19690950700846646,0.0,0.0,1.0,0.0,0.0,False
C001346,P0114,E02,F051,Comparación de Precios,Adquisición de bienes de oficina,65516.18,2025-03-16,False,False,65516.18,-0.298109522255539,0.0,1.0,0.0,0.0,0.0,True
C000569,P0155,E16,F002,Adjudicación Simplificada,Consultoría en ingeniería,251696.21,2024-12-05,False,False,251696.21,1.5811934600351059,1.0,0.0,0.0,0.0,0.0,False
C900016,P0051,E08,F028,Contratación Directa,Adquisición de bienes de oficina,321981.16,2024-10-18,True,False,321981.16,2.2906504095540674,0.0,0.0,0.0,1.0,0.0,True
C001758,P0126,E10,F004,Adjudicación Simplificada,Servicio de capacitación,17525.46,2026-01-30,False,False,17525.46,-0.7825283034657219,1.0,0.0,0.0,0.0,0.0,False
C001816,P0111,E03,F000,Comparación de Precios,Servicio de capacitación,19702.18,2025-08-06,False,False,19702.18,-0.7605564712149069,0.0,1.0,0.0,0.0,0.0,True
C002065,P0074,E08,F005,Concurso Público,Servicio de capacitación,2290.98,2026-04-28,False,False,2290.98,-0.9363052885572335,0.0,0.0,1.0,0.0,0.0,False
C000127,P0156,E15,F035,Concurso Público,Servicio de limpieza y vigilancia,103646.24,2023-06-26,False,False,103646.24,0.08677566372773342,0.0,0.0,1.0,0.0,0.0,False
C900073,P0049,E16,F002,Contratación Directa,Servicio de mantenimiento de infraestructura,332236.35,2024-09-26,True,False,332236.35,2.394166394329434,0.0,0.0,0.0,1.0,0.0,True
C002006,P0063,E02,F011,Adjudicación Simplificada,Consultoría en ingeniería,189536.52,2026-01-16,False,False,189536.52,0.9537529617428776,1.0,0.0,0.0,0.0,0.0,False
C002975,P0086,E02,F051,Concurso Público,Servicio de limpieza y vigilancia,48090.49,2026-03-29,False,False,48090.49,-0.4740046017948014,0.0,0.0,1.0,0.0,0.0,False
C000980,P0110,E16,F042,Comparación de Precios,Servicio de limpieza y vigilancia,43698.25,2025-06-17,False,False,43698.25,-0.5183399138631057,0.0,1.0,0.0,0.0,0.0,True
C900069,P0049,E16,F002,Comparación de Precios,Servicio de mantenimiento de infraestructura,378165.53,2024-08-11,True,False,378165.53,2.857775971297296,0.0,1.0,0.0,0.0,0.0,True
C000190,P0145,E11,F054,Licitación Pública,Servicio de transporte,17416.74,2023-09-10,False,False,17416.74,-0.7836257241731663,0.0,0.0,0.0,0.0,1.0,False
C001139,P0210,E13,F058,Adjudicación Simplificada,Servicio de mantenimiento de infraestructura,7206.63,2024-04-27,False,False,7206.63,-0.8866866710025096,1.0,0.0,0.0,0.0,0.0,False
C000992,P0202,E13,F056,Licitación Pública,Servicio de transporte,20821.78,2024-08-31,False,False,20821.78,-0.7492552182342699,0.0,0.0,0.0,0.0,1.0,False
C000699,P0005,E01,F017,Adjudicación Simplificada,Servicio de mantenimiento de infraestructura,20429.02,2026-04-06,False,False,20429.02,-0.7532197413859981,1.0,0.0,0.0,0.0,0.0,False
C003278,P0059,E00,F038,Adjudicación Simplificada,Servicio de limpieza y vigilancia,28459.61,2024-05-10,False,False,28459.61,-0.6721588900339309,1.0,0.0,0.0,0.0,0.0,False
C000606,P0161,E09,F046,Comparación de Precios,Adquisición de bienes de oficina,158023.33,2026-01-13,False,False,158023.33,0.6356585240714919,0.0,1.0,0.0,0.0,0.0,True
C000180,P0061,E09,F046,Licitación Pública,Consultoría en ingeniería,150897.75,2025-10-15,False,False,150897.75,0.5637328522121065,0.0,0.0,0.0,0.0,1.0,False
C000301,P0015,E12,F021,Adjudicación Simplificada,Servicio de capacitación,82685.33,2025-08-12,False,False,82685.33,-0.1248039599006751,1.0,0.0,0.0,0.0,0.0,False
C002544,P0066,E03,F000,Comparación de Precios,Suministro de combustible,12425.73,2024-01-15,False,False,12425.73,-0.8340050262800703,0.0,1.0,0.0,0.0,0.0,True
C003334,P0029,E08,F014,Concurso Público,Obra de rehabilitación vial,86955.56,2024-12-11,False,False,86955.56,-0.08170021792541077,0.0,0.0,1.0,0.0,0.0,False
C001060,P0063,E12,F021,Comparación de Precios,Obra de rehabilitación vial,64034.75,2025-10-01,False,False,64034.75,-0.3130630906756044,0.0,1.0,0.0,0.0,0.0,True
C900071,P0049,E16,F002,Comparación de Precios,Servicio de mantenimiento de infraestructura,352819.96,2026-04-05,True,False,352819.96,2.601937548192217,0.0,1.0,0.0,0.0,0.0,True
C003453,P0144,E11,F049,Contratación Directa,Adquisición de equipos informáticos,34581.92,2024-09-25,False,False,34581.92,-0.6103602350358205,0.0,0.0,0.0,1.0,0.0,True
C002565,P0183,E06,F006,Adjudicación Simplificada,Suministro de combustible,93919.56,2024-12-19,False,False,93919.56,-0.01140553611301633,1.0,0.0,0.0,0.0,0.0,False
C001069,P0126,E11,F049,Licitación Pública,Obra de rehabilitación vial,48962.51,2025-05-28,False,False,48962.51,-0.46520242367388753,0.0,0.0,0.0,0.0,1.0,False
C002524,P0179,E06,F006,Comparación de Precios,Obra de rehabilitación vial,81356.87,2024-03-11,False,False,81356.87,-0.1382134476951171,0.0,1.0,0.0,0.0,0.0,True
C002205,P0072,E12,F050,Comparación de Precios,Adquisición de equipos informáticos,109384.76,2024-09-18,False,False,109384.76,0.1447003388388852,0.0,1.0,0.0,0.0,0.0,True
C001243,P0205,E00,F010,Comparación de Precios,Suministro de combustible,129441.15,2023-10-22,False,False,129441.15,0.3471497290392427,0.0,1.0,0.0,0.0,0.0,True
C000016,P0203,E05,F032,Comparación de Precios,Servicio de mantenimiento de infraestructura,92481.7,2023-07-18,False,False,92481.7,-0.025919308541329008,0.0,1.0,0.0,0.0,0.0,True
C003120,P0190,E05,F032,Comparación de Precios,Servicio de capacitación,288576.87,2024-12-28,False,False,288576.87,1.9534671906110825,0.0,1.0,0.0,0.0,0.0,True
C800002,P0066,E13,F056,Adjudicación Simplificada,Adquisición de bienes de oficina,321431.31,2024-03-11,False,True,321431.31,2.2851002184577807,1.0,0.0,0.0,0.0,0.0,False
C000546,P0063,E06,F006,Concurso Público,Servicio de capacitación,113542.92,2024-09-25,False,False,113542.92,0.18667284517504634,0.0,0.0,1.0,0.0,0.0,False
C000658,P0060,E12,F021,Licitación Pública,Servicio de capacitación,38132.59,2025-07-24,False,False,38132.59,-0.5745197385006663,0.0,0.0,0.0,0.0,1.0,False
C003419,P0115,E16,F002,Adjudicación Simplificada,Suministro de combustible,80322.38,2025-10-18,False,False,80322.38,-0.1486555995314329,1.0,0.0,0.0,0.0,0.0,False
C003067,P0033,E12,F050,Comparación de Precios,Adquisición de equipos informáticos,55422.48,2026-02-05,False,False,55422.48,-0.39999542544476435,0.0,1.0,0.0,0.0,0.0,True
C003283,P0104,E04,F030,Adjudicación Simplificada,Servicio de mantenimiento de infraestructura,22436.66,2024-01-29,False,False,22436.66,-0.7329546042530523,1.0,0.0,0.0,0.0,0.0,False
C001504,P0164,E13,F055,Comparación de Precios,Adquisición de bienes de oficina,101222.06,2025-04-13,False,False,101222.06,0.06230596789832921,0.0,1.0,0.0,0.0,0.0,True
C000959,P0117,E11,F049,Concurso Público,Adquisición de equipos informáticos,64683.825,2026-05-22,False,False,64683.825,-0.30651132149160387,0.0,0.0,1.0,0.0,0.0,False
C002926,P0049,E02,F051,Adjudicación Simplificada,Adquisición de bienes de oficina,185673.46,2024-10-13,False,False,185673.46,0.9147591975955215,1.0,0.0,0.0,0.0,0.0,False
C002331,P0208,E16,F057,Comparación de Precios,Servicio de transporte,17680.68,2023-09-06,False,False,17680.68,-0.780961511318835,0.0,1.0,0.0,0.0,0.0,True
C000797,P0192,E04,F053,Adjudicación Simplificada,Servicio de transporte,38969.22,2023-04-19,False,False,38969.22,-0.566074787374201,1.0,0.0,0.0,0.0,0.0,False
C000225,P0161,E05,F032,Adjudicación Simplificada,Servicio de limpieza y vigilancia,25315.15,2025-11-23,False,False,25315.15,-0.7038990989902493,1.0,0.0,0.0,0.0,0.0,False
C002074,P0060,E00,F010,Concurso Público,Consultoría en ingeniería,219104.43,2023-10-28,False,False,219104.43,1.2522117247106428,0.0,0.0,1.0,0.0,0.0,False
C001799,P0082,E12,F050,Licitación Pública,Servicio de mantenimiento de infraestructura,86207.78,2026-06-23,False,False,86207.78,-0.08924831631221034,0.0,0.0,0.0,0.0,1.0,False
C002485,P0035,E15,F035,Adjudicación Simplificada,Servicio de capacitación,818238.55,2025-12-20,False,False,534351.0878000001,4.434314467742205,1.0,0.0,0.0,0.0,0.0,False
C900054,P0154,E16,F024,Comparación de Precios,Servicio de limpieza y vigilancia,61530.634999999995,2024-08-06,True,False,61530.634999999995,-0.3383396511504241,0.0,1.0,0.0,0.0,0.0,True
C002277,P0079,E16,F057,Adjudicación Simplificada,Adquisición de equipos informáticos,238122.9,2025-03-27,False,False,238122.9,1.4441843406222696,1.0,0.0,0.0,0.0,0.0,False
C002085,P0029,E04,F030,Comparación de Precios,Consultoría en ingeniería,23861.23,2024-11-02,False,False,23861.23,-0.718574981210335,0.0,1.0,0.0,0.0,0.0,True
C001693,P0064,E08,F020,Comparación de Precios,Adquisición de bienes de oficina,58708.5,2023-11-30,False,False,58708.5,-0.3668263085106512,0.0,1.0,0.0,0.0,0.0,True
C002797,P0069,E17,F031,Licitación Pública,Servicio de mantenimiento de infraestructura,45538.24,2023-06-02,False,False,45538.24,-0.4997670374145148,0.0,0.0,0.0,0.0,1.0,False
C001045,P0205,E05,F032,Contratación Directa,Adquisición de materiales de construcción,17496.22,2025-02-04,False,False,17496.22,-0.7828234523020507,0.0,0.0,0.0,1.0,0.0,True
C000469,P0195,E01,F018,Comparación de Precios,Consultoría en ingeniería,24282.07,2024-01-08,False,False,24282.07,-0.7143270182732403,0.0,1.0,0.0,0.0,0.0,True
C000954,P0072,E16,F042,Adjudicación Simplificada,Servicio de capacitación,65443.05,2025-05-07,False,False,65443.05,-0.29884769716664467,1.0,0.0,0.0,0.0,0.0,False
C900072,P0049,E16,F002,Contratación Directa,Servicio de mantenimiento de infraestructura,149898.47,2024-04-10,True,False,149898.47,0.5536461104485382,0.0,0.0,0.0,1.0,0.0,True
C002735,P0212,E09,F034,Contratación Directa,Consultoría en ingeniería,89585.42,2025-11-02,False,False,89585.42,-0.05515438623225401,0.0,0.0,0.0,1.0,0.0,True
C900020,P0051,E08,F028,Comparación de Precios,Adquisición de bienes de oficina,275236.97,2024-05-10,True,False,275236.97,1.8188141139440575,0.0,1.0,0.0,0.0,0.0,True
C000639,P0051,E16,F024,Comparación de Precios,Suministro de combustible,82289.49,2024-05-11,False,False,82289.49,-0.12879957260151054,0.0,1.0,0.0,0.0,0.0,True
C003337,P0094,E00,F041,Contratación Directa,Suministro de combustible,18740.36,2023-10-31,False,False,18740.36,-0.7702650913844643,0.0,0.0,0.0,1.0,0.0,True
C001218,P0024,E01,F048,Contratación Directa,Servicio de mantenimiento de infraestructura,64483.6,2025-06-26,False,False,64483.6,-0.30853239453380465,0.0,0.0,0.0,1.0,0.0,True
C001158,P0093,E15,F035,Adjudicación Simplificada,Suministro de combustible,131743.37,2023-02-25,False,False,131743.37,0.3703883594760794,1.0,0.0,0.0,0.0,0.0,False
C001415,P0166,E16,F042,Adjudicación Simplificada,Consultoría en ingeniería,134201.42,2023-11-04,False,False,134201.42,0.3951999394055678,1.0,0.0,0.0,0.0,0.0,False
C003254,P0108,E17,F003,Comparación de Precios,Suministro de combustible,9421.54,2023-06-25,False,False,9421.54,-0.864329348530785,0.0,1.0,0.0,0.0,0.0,True
C001527,P0115,E09,F027,Adjudicación Simplificada,Adquisición de bienes de oficina,4179.87,2024-10-09,False,False,4179.87,-0.9172388150465194,1.0,0.0,0.0,0.0,0.0,False
C900004,P0168,E17,F003,Adjudicación Simplificada,Suministro de combustible,135801.78,2024-11-14,True,False,135801.78,0.4113539883695659,1.0,0.0,0.0,0.0,0.0,False
C001300,P0125,E02,F044,Concurso Público,Servicio de mantenimiento de infraestructura,32613.15,2024-09-28,False,False,32613.15,-0.6302330180214305,0.0,0.0,1.0,0.0,0.0,False
C003440,P0079,E09,F043,Licitación Pública,Servicio de transporte,60767.3,2026-04-29,False,False,60767.3,-0.3460447618542241,0.0,0.0,0.0,0.0,1.0,False
C002848,P0063,E05,F059,Comparación de Precios,Consultoría en ingeniería,42208.48,2026-04-07,False,False,42208.48,-0.5333776663219872,0.0,1.0,0.0,0.0,0.0,True
C001603,P0073,E00,F010,Adjudicación Simplificada,Obra de rehabilitación vial,77054.19,2025-06-29,False,False,77054.19,-0.18164474027704597,1.0,0.0,0.0,0.0,0.0,False
C000160,P0168,E05,F032,Comparación de Precios,Servicio de mantenimiento de infraestructura,75023.74,2026-06-10,False,False,75023.74,-0.20214012176555488,0.0,1.0,0.0,0.0,0.0,True
C001704,P0177,E10,F004,Adjudicación Simplificada,Servicio de capacitación,49547.13,2024-03-16,False,False,49547.13,-0.45930126386901077,1.0,0.0,0.0,0.0,0.0,False
C000956,P0046,E06,F006,Concurso Público,Suministro de combustible,84035.49,2025-01-27,False,False,84035.49,-0.11117543210116006,0.0,0.0,1.0,0.0,0.0,False
C003234,P0158,E11,F007,Contratación Directa,Consultoría en ingeniería,200569.47,2023-07-05,False,False,200569.47,1.0651196633083655,0.0,0.0,0.0,1.0,0.0,True
C002869,P0134,E05,F052,Adjudicación Simplificada,Servicio de limpieza y vigilancia,303895.35,2026-02-04,False,False,303895.35,2.1080920724964254,1.0,0.0,0.0,0.0,0.0,False
C003497,P0135,E06,F006,Adjudicación Simplificada,Servicio de limpieza y vigilancia,61530.634999999995,2025-07-05,False,False,61530.634999999995,-0.3383396511504241,1.0,0.0,0.0,0.0,0.0,False
C000877,P0160,E12,F021,Comparación de Precios,Servicio de limpieza y vigilancia,53474.47,2024-02-15,False,False,53474.47,-0.4196586567941846,0.0,1.0,0.0,0.0,0.0,True
C001919,P0213,E01,F017,Contratación Directa,Adquisición de bienes de oficina,61784.44,2025-05-12,False,False,61784.44,-0.3357777410818722,0.0,0.0,0.0,1.0,0.0,True
C002961,P0199,E17,F012,Adjudicación Simplificada,Consultoría en ingeniería,61610.14,2025-10-17,False,False,61610.14,-0.3375371269290722,1.0,0.0,0.0,0.0,0.0,False
C001884,P0167,E17,F012,Contratación Directa,Servicio de capacitación,27631.27,2026-01-17,False,False,27631.27,-0.6805201618220524,0.0,0.0,0.0,1.0,0.0,True
C002200,P0129,E01,F048,Licitación Pública,Consultoría en ingeniería,49134.96,2023-08-14,False,False,49134.96,-0.4634617117441708,0.0,0.0,0.0,0.0,1.0,False
C000098,P0203,E14,F016,Comparación de Precios,Adquisición de bienes de oficina,93723.04,2024-04-20,False,False,93723.04,-0.013389210850203583,0.0,1.0,0.0,0.0,0.0,True
C003395,P0065,E10,F026,Adjudicación Simplificada,Adquisición de equipos informáticos,59504.51,2023-03-10,False,False,59504.51,-0.3587913760480601,1.0,0.0,0.0,0.0,0.0,False
C002557,P0171,E15,F035,Comparación de Precios,Suministro de combustible,42529.32,2024-03-06,False,False,42529.32,-0.5301391043299297,0.0,1.0,0.0,0.0,0.0,True
C003183,P0217,E16,F057,Adjudicación Simplificada,Adquisición de bienes de oficina,6183.58,2023-12-01,False,False,6183.58,-0.8970133473707133,1.0,0.0,0.0,0.0,0.0,False
C000253,P0173,E00,F038,Adjudicación Simplificada,Suministro de combustible,58499.08,2024-04-21,False,False,58499.08,-0.3689401959697482,1.0,0.0,0.0,0.0,0.0,False
C000103,P0056,E10,F026,Comparación de Precios,Consultoría en ingeniería,299819.83,2025-09-21,False,False,299819.83,2.0669537351012433,0.0,1.0,0.0,0.0,0.0,True
C001445,P0145,E05,F047,Comparación de Precios,Servicio de capacitación,116092.82,2024-11-01,False,False,116092.82,0.2124115598725514,0.0,1.0,0.0,0.0,0.0,True
C001443,P0180,E00,F041,Concurso Público,Adquisición de materiales de construcción,25020.25,2025-03-12,False,False,25020.25,-0.7068758223771642,0.0,0.0,1.0,0.0,0.0,False
C001648,P0011,E02,F011,Adjudicación Simplificada,Adquisición de equipos informáticos,55858.31,2026-04-10,False,False,55858.31,-0.39559615330600856,1.0,0.0,0.0,0.0,0.0,False
C000586,P0140,E04,F019,Comparación de Precios,Servicio de limpieza y vigilancia,170425.28,2026-02-26,False,False,170425.28,0.7608439245745399,0.0,1.0,0.0,0.0,0.0,True
C000627,P0120,E01,F048,Concurso Público,Obra de rehabilitación vial,16764.98,2025-10-06,False,False,16764.98,-0.7902045957725412,0.0,0.0,1.0,0.0,0.0,False
C001696,P0145,E15,F035,Comparación de Precios,Consultoría en ingeniería,67401.35,2023-09-14,False,False,67401.35,-0.2790805984599801,0.0,1.0,0.0,0.0,0.0,True
C003191,P0174,E00,F041,Comparación de Precios,Adquisición de materiales de construcción,76238.79,2024-11-12,False,False,76238.79,-0.18987539558287983,0.0,1.0,0.0,0.0,0.0,True
C002101,P0181,E04,F030,Comparación de Precios,Adquisición de bienes de oficina,215119.65,2024-02-21,False,False,215119.65,1.2119893177329872,0.0,1.0,0.0,0.0,0.0,True
C002199,P0159,E04,F030,Concurso Público,Servicio de transporte,93154.8,2024-02-02,False,False,93154.8,-0.019125030780283186,0.0,0.0,1.0,0.0,0.0,False
C000403,P0148,E01,F048,Adjudicación Simplificada,Adquisición de equipos informáticos,25053.88,2024-08-29,False,False,25053.88,-0.7065363608393481,1.0,0.0,0.0,0.0,0.0,False
C001154,P0164,E13,F058,Contratación Directa,Adquisición de equipos informáticos,164519.01,2026-03-11,False,False,164519.01,0.7012259793780881,0.0,0.0,0.0,1.0,0.0,True
C002255,P0157,E10,F004,Comparación de Precios,Obra de rehabilitación vial,20940.64,2024-01-13,False,False,20940.64,-0.7480554442709986,0.0,1.0,0.0,0.0,0.0,True
C002863,P0056,E02,F011,Contratación Directa,Adquisición de materiales de construcción,46755.7,2024-02-29,False,False,46755.7,-0.4874779846690642,0.0,0.0,0.0,1.0,0.0,True
C001682,P0005,E13,F055,Comparación de Precios,Servicio de limpieza y vigilancia,61530.634999999995,2024-08-06,False,False,61530.634999999995,-0.3383396511504241,0.0,1.0,0.0,0.0,0.0,True
C003170,P0115,E10,F026,Comparación de Precios,Servicio de mantenimiento de infraestructura,61022.0,2024-03-18,False,False,61022.0,-0.3434738176472143,0.0,1.0,0.0,0.0,0.0,True
C002056,P0187,E03,F000,Adjudicación Simplificada,Adquisición de equipos informáticos,185862.48,2024-08-21,False,False,185862.48,0.9166671672618311,1.0,0.0,0.0,0.0,0.0,False
C003062,P0083,E06,F039,Licitación Pública,Servicio de limpieza y vigilancia,61530.634999999995,2023-09-16,False,False,61530.634999999995,-0.3383396511504241,0.0,0.0,0.0,0.0,1.0,False
C003415,P0076,E13,F056,Adjudicación Simplificada,Adquisición de equipos informáticos,143368.92,2025-05-09,False,False,143368.92,0.48773677104185814,1.0,0.0,0.0,0.0,0.0,False
C003108,P0101,E10,F026,Adjudicación Simplificada,Servicio de capacitación,53075.52,2024-03-29,False,False,53075.52,-0.42368566186441076,1.0,0.0,0.0,0.0,0.0,False
C000452,P0100,E17,F031,Comparación de Precios,Adquisición de materiales de construcción,112805.63,2026-03-22,False,False,112805.63,0.17923063294738123,0.0,1.0,0.0,0.0,0.0,True
C002301,P0108,E16,F002,Adjudicación Simplificada,Adquisición de equipos informáticos,64683.825,2026-02-11,False,False,64683.825,-0.30651132149160387,1.0,0.0,0.0,0.0,0.0,False
C001327,P0075,E12,F021,Licitación Pública,Servicio de capacitación,267913.72,2023-11-09,False,False,267913.72,1.7448931592366168,0.0,0.0,0.0,0.0,1.0,False
C002944,P0013,E01,F017,Licitación Pública,Suministro de combustible,39514.62,2025-12-17,False,False,39514.62,-0.5605695146199678,0.0,0.0,0.0,0.0,1.0,False
C002049,P0005,E12,F050,Comparación de Precios,Obra de rehabilitación vial,53994.54,2024-03-18,False,False,53994.54,-0.41440906529932936,0.0,1.0,0.0,0.0,0.0,True
C000880,P0120,E12,F050,Comparación de Precios,Adquisición de materiales de construcción,72867.25,2024-06-23,False,False,72867.25,-0.22390775220518883,0.0,1.0,0.0,0.0,0.0,True
C900000,P0168,E17,F003,Contratación Directa,Suministro de combustible,248680.79,2025-04-30,True,False,248680.79,1.5507557820582636,0.0,0.0,0.0,1.0,0.0,True
C000623,P0056,E03,F000,Contratación Directa,Adquisición de equipos informáticos,62391.23,2023-11-30,False,False,62391.23,-0.32965279708748063,0.0,0.0,0.0,1.0,0.0,True
C002393,P0168,E15,F035,Comparación de Precios,Servicio de transporte,96416.01,2023-10-21,False,False,96416.01,0.013793653779366193,0.0,1.0,0.0,0.0,0.0,True
C003328,P0150,E09,F046,Concurso Público,Servicio de capacitación,58679.44,2023-09-17,False,False,58679.44,-0.367119640425279,0.0,0.0,1.0,0.0,0.0,False
C001787,P0025,E09,F033,Adjudicación Simplificada,Suministro de combustible,82172.97,2024-09-25,False,False,82172.97,-0.12997572658266798,1.0,0.0,0.0,0.0,0.0,False
C000262,P0030,E14,F029,Adjudicación Simplificada,Adquisición de bienes de oficina,80252.55,2026-04-03,False,False,80252.55,-0.1493604642113524,1.0,0.0,0.0,0.0,0.0,False
C001634,P0110,E00,F010,Comparación de Precios,Servicio de limpieza y vigilancia,61530.634999999995,2024-07-20,False,False,61530.634999999995,-0.3383396511504241,0.0,1.0,0.0,0.0,0.0,True
C001438,P0003,E16,F002,Comparación de Precios,Consultoría en ingeniería,83424.44,2023-11-14,False,False,83424.44,-0.11734337657581023,0.0,1.0,0.0,0.0,0.0,True
C002198,P0199,E06,F039,Contratación Directa,Servicio de mantenimiento de infraestructura,75575.07,2024-09-10,False,False,75575.07,-0.19657499153528096,0.0,0.0,0.0,1.0,0.0,True
C001969,P0080,E02,F051,Adjudicación Simplificada,Servicio de mantenimiento de infraestructura,91592.36,2025-12-02,False,False,91592.36,-0.0348963149059233,1.0,0.0,0.0,0.0,0.0,False
C002520,P0056,E14,F040,Contratación Directa,Servicio de limpieza y vigilancia,34073.3,2025-12-04,False,False,34073.3,-0.6154942501224689,0.0,0.0,0.0,1.0,0.0,True
C001802,P0133,E14,F040,Contratación Directa,Servicio de transporte,237973.07,2024-11-15,False,False,237973.07,1.4426719551863203,0.0,0.0,0.0,1.0,0.0,True
C000640,P0214,E13,F055,Adjudicación Simplificada,Obra de rehabilitación vial,52836.4,2026-03-18,False,False,52836.4,-0.4260993414041838,1.0,0.0,0.0,0.0,0.0,False
C800012,P0098,E02,F011,Adjudicación Simplificada,Servicio de transporte,165751.24,2024-08-30,False,True,165751.24,0.7136641206431205,1.0,0.0,0.0,0.0,0.0,False
C002385,P0012,E12,F021,Comparación de Precios,Consultoría en ingeniería,51364.18,2024-07-31,False,False,51364.18,-0.4409599439972113,0.0,1.0,0.0,0.0,0.0,True
C002598,P0024,E06,F006,Concurso Público,Servicio de limpieza y vigilancia,36809.22,2024-09-18,False,False,36809.22,-0.5878778477870057,0.0,0.0,1.0,0.0,0.0,False
C003398,P0051,E01,F017,Comparación de Precios,Servicio de transporte,14699.63,2025-05-24,False,False,14699.63,-0.8110522581908681,0.0,1.0,0.0,0.0,0.0,True
C001959,P0096,E06,F006,Adjudicación Simplificada,Servicio de mantenimiento de infraestructura,60360.96,2024-08-31,False,False,60360.96,-0.3501463616542886,1.0,0.0,0.0,0.0,0.0,False
C002976,P0086,E02,F051,Comparación de Precios,Suministro de combustible,46134.06,2023-07-09,False,False,46134.06,-0.4937528247037938,0.0,1.0,0.0,0.0,0.0,True
C000488,P0058,E06,F039,Adjudicación Simplificada,Adquisición de equipos informáticos,187260.0,2025-09-04,False,False,187260.0,0.9307737473489156,1.0,0.0,0.0,0.0,0.0,False
C001843,P0188,E08,F020,Comparación de Precios,Adquisición de materiales de construcción,44527.15,2024-05-24,False,False,44527.15,-0.5099729894296919,0.0,1.0,0.0,0.0,0.0,True
C001734,P0213,E08,F028,Contratación Directa,Obra de rehabilitación vial,68419.5,2023-02-13,False,False,68419.5,-0.26880338273808335,0.0,0.0,0.0,1.0,0.0,True
C002911,P0218,E14,F029,Comparación de Precios,Servicio de transporte,67157.27,2024-01-29,False,False,67157.27,-0.28154434428662706,0.0,1.0,0.0,0.0,0.0,True
C003219,P0049,E08,F005,Contratación Directa,Obra de rehabilitación vial,217593.31,2023-05-13,False,False,217593.31,1.2369584651499959,0.0,0.0,0.0,1.0,0.0,True
C000146,P0144,E13,F058,Contratación Directa,Servicio de limpieza y vigilancia,78684.7,2024-04-03,False,False,78684.7,-0.1651863569281191,0.0,0.0,0.0,1.0,0.0,True
C001534,P0072,E17,F031,Adjudicación Simplificada,Consultoría en ingeniería,36811.94,2023-02-20,False,False,36811.94,-0.5878503920813007,1.0,0.0,0.0,0.0,0.0,False
C001986,P0076,E12,F021,Concurso Público,Obra de rehabilitación vial,94945.28,2025-04-27,False,False,94945.28,-0.001051908739580186,0.0,0.0,1.0,0.0,0.0,False
C001369,P0152,E02,F011,Adjudicación Simplificada,Servicio de limpieza y vigilancia,37144.89,2025-06-20,False,False,37144.89,-0.5844895916347992,1.0,0.0,0.0,0.0,0.0,False
C002450,P0113,E12,F050,Adjudicación Simplificada,Suministro de combustible,37373.07,2025-09-11,False,False,37373.07,-0.5821863405584132,1.0,0.0,0.0,0.0,0.0,False
C900022,P0051,E08,F028,Contratación Directa,Adquisición de bienes de oficina,67263.63,2024-02-10,True,False,67263.63,-0.2804707454414854,0.0,0.0,0.0,1.0,0.0,True
C003002,P0040,E17,F012,Adjudicación Simplificada,Adquisición de bienes de oficina,14303.97,2023-05-16,False,False,14303.97,-0.8150460539700025,1.0,0.0,0.0,0.0,0.0,False
C002811,P0188,E11,F049,Licitación Pública,Servicio de transporte,435694.01,2026-06-07,False,False,435694.01,3.438468992082864,0.0,0.0,0.0,0.0,1.0,False
C000659,P0093,E16,F002,Comparación de Precios,Obra de rehabilitación vial,30581.55,2023-02-24,False,False,30581.55,-0.6507400076208073,0.0,1.0,0.0,0.0,0.0,True
C001794,P0036,E15,F035,Adjudicación Simplificada,Servicio de capacitación,36558.25,2026-04-25,False,False,36558.25,-0.5904111413387657,1.0,0.0,0.0,0.0,0.0,False
C002511,P0124,E07,F036,Adjudicación Simplificada,Servicio de limpieza y vigilancia,14681.05,2023-02-25,False,False,14681.05,-0.8112398048864561,1.0,0.0,0.0,0.0,0.0,False
C000186,P0066,E03,F000,Comparación de Precios,Adquisición de materiales de construcción,360183.91,2025-07-31,False,False,360183.91,2.6762693290842874,0.0,1.0,0.0,0.0,0.0,True
C001147,P0008,E07,F023,Comparación de Precios,Adquisición de materiales de construcción,105894.74,2024-02-23,False,False,105894.74,0.1094720439768961,0.0,1.0,0.0,0.0,0.0,True
C003272,P0203,E00,F041,Adjudicación Simplificada,Servicio de capacitación,365978.32,2023-01-16,False,False,365978.32,2.734758158383621,1.0,0.0,0.0,0.0,0.0,False
C000608,P0106,E07,F036,Contratación Directa,Servicio de limpieza y vigilancia,179165.32,2025-01-26,False,False,179165.32,0.8490659709311741,0.0,0.0,0.0,1.0,0.0,True
C002191,P0217,E06,F039,Comparación de Precios,Obra de rehabilitación vial,327540.8,2024-10-10,False,False,327540.8,2.346769468254737,0.0,1.0,0.0,0.0,0.0,True
C002799,P0066,E11,F007,Adjudicación Simplificada,Servicio de mantenimiento de infraestructura,11823.33,2024-01-07,False,False,11823.33,-0.8400856575729747,1.0,0.0,0.0,0.0,0.0,False
C001930,P0019,E01,F018,Contratación Directa,Adquisición de equipos informáticos,1755.99,2026-06-20,False,False,1755.99,-0.9417054826730883,0.0,0.0,0.0,1.0,0.0,True
C003029,P0115,E01,F018,Concurso Público,Obra de rehabilitación vial,22180.33,2025-08-12,False,False,22180.33,-0.7355420016954662,0.0,0.0,1.0,0.0,0.0,False
C000197,P0187,E15,F035,Adjudicación Simplificada,Adquisición de materiales de construcción,158560.92,2024-09-17,False,False,158560.92,0.6410849626119179,1.0,0.0,0.0,0.0,0.0,False
C002931,P0214,E04,F019,Contratación Directa,Servicio de mantenimiento de infraestructura,42031.9,2026-05-19,False,False,42031.9,-0.535160066510734,0.0,0.0,0.0,1.0,0.0,True
C002327,P0013,E10,F008,Comparación de Precios,Suministro de combustible,351711.88,2024-06-30,False,False,351711.88,2.590752578200448,0.0,1.0,0.0,0.0,0.0,True
C000293,P0095,E05,F032,Contratación Directa,Obra de rehabilitación vial,29009.8,2025-06-18,False,False,29009.8,-0.6666052669744303,0.0,0.0,0.0,1.0,0.0,True
C000766,P0055,E03,F000,Contratación Directa,Consultoría en ingeniería,15937.21,2024-10-22,False,False,15937.21,-0.798560113975276,0.0,0.0,0.0,1.0,0.0,True
C000400,P0114,E10,F026,Concurso Público,Adquisición de materiales de construcción,297815.4,2025-04-17,False,False,297815.4,2.0467209997386333,0.0,0.0,1.0,0.0,0.0,False
C000122,P0050,E08,F015,Licitación Pública,Adquisición de equipos informáticos,120772.47,2024-06-13,False,False,120772.47,0.2596479911969872,0.0,0.0,0.0,0.0,1.0,False
C003255,P0035,E14,F040,Adjudicación Simplificada,Obra de rehabilitación vial,7547.54,2025-10-27,False,False,7547.54,-0.8832455222407832,1.0,0.0,0.0,0.0,0.0,False
C000202,P0144,E05,F009,Comparación de Precios,Servicio de transporte,31433.61,2024-04-12,False,False,31433.61,-0.642139305928523,0.0,1.0,0.0,0.0,0.0,True
C000835,P0094,E11,F054,Concurso Público,Servicio de mantenimiento de infraestructura,22754.31,2024-03-17,False,False,22754.31,-0.7297482421511414,0.0,0.0,1.0,0.0,0.0,False
C002294,P0007,E09,F043,Comparación de Precios,Consultoría en ingeniería,349883.72,2023-03-01,False,False,349883.72,2.5722991138836546,0.0,1.0,0.0,0.0,0.0,True
C001439,P0094,E00,F010,Licitación Pública,Suministro de combustible,78074.91,2025-03-29,False,False,78074.91,-0.1713415829508617,0.0,0.0,0.0,0.0,1.0,False
C001733,P0055,E10,F004,Comparación de Precios,Servicio de transporte,45114.67,2024-01-02,False,False,45114.67,-0.5040425569974091,0.0,1.0,0.0,0.0,0.0,True
C001695,P0067,E12,F050,Adjudicación Simplificada,Obra de rehabilitación vial,18304.93,2024-06-29,False,False,18304.93,-0.7746603259194399,1.0,0.0,0.0,0.0,0.0,False
C900011,P0168,E17,F003,Comparación de Precios,Suministro de combustible,180374.99,2024-11-21,True,False,180374.99,0.861276391343006,0.0,1.0,0.0,0.0,0.0,True
C001707,P0032,E14,F029,Comparación de Precios,Servicio de mantenimiento de infraestructura,141406.8,2026-05-19,False,False,141406.8,0.4679311132190929,0.0,1.0,0.0,0.0,0.0,True
C003495,P0105,E13,F056,Adjudicación Simplificada,Adquisición de materiales de construcción,44467.28,2025-07-17,False,False,44467.28,-0.5105773177754858,1.0,0.0,0.0,0.0,0.0,False
C001153,P0155,E15,F035,Adjudicación Simplificada,Servicio de capacitación,151092.06,2025-06-10,False,False,151092.06,0.5656942191884082,1.0,0.0,0.0,0.0,0.0,False
C001661,P0163,E05,F032,Licitación Pública,Suministro de combustible,66928.83,2024-06-16,False,False,66928.83,-0.28385021980547015,0.0,0.0,0.0,0.0,1.0,False
C002432,P0017,E02,F011,Comparación de Precios,Consultoría en ingeniería,35673.17,2023-03-02,False,False,35673.17,-0.5993451472231015,0.0,1.0,0.0,0.0,0.0,True
C003378,P0020,E13,F058,Comparación de Precios,Adquisición de bienes de oficina,47289.58,2026-02-22,False,False,47289.58,-0.4820889949036993,0.0,1.0,0.0,0.0,0.0,True
C001759,P0034,E01,F018,Adjudicación Simplificada,Consultoría en ingeniería,56415.51,2024-07-16,False,False,56415.51,-0.3899717712402609,1.0,0.0,0.0,0.0,0.0,False
C000854,P0118,E04,F019,Concurso Público,Adquisición de materiales de construcción,6393.74,2023-07-14,False,False,6393.74,-0.894891990344623,0.0,0.0,1.0,0.0,0.0,False
C001589,P0141,E11,F054,Licitación Pública,Obra de rehabilitación vial,109896.27,2024-05-24,False,False,109896.27,0.14986352561284536,0.0,0.0,0.0,0.0,1.0,False
C002267,P0049,E15,F035,Adjudicación Simplificada,Servicio de capacitación,238066.6,2023-01-04,False,False,238066.6,1.4436160478902138,1.0,0.0,0.0,0.0,0.0,False
C000641,P0045,E14,F016,Licitación Pública,Servicio de transporte,49235.87,2023-02-02,False,False,49235.87,-0.46244312525053366,0.0,0.0,0.0,0.0,1.0,False
C000001,P0080,E13,F055,Comparación de Precios,Servicio de capacitación,244111.86,2023-12-24,False,False,244111.86,1.5046369594601725,0.0,1.0,0.0,0.0,0.0,True
C002160,P0216,E10,F008,Adjudicación Simplificada,Servicio de transporte,63228.67,2023-01-18,False,False,63228.67,-0.3211996698133607,1.0,0.0,0.0,0.0,0.0,False
C000698,P0191,E08,F014,Comparación de Precios,Suministro de combustible,110811.44,2026-03-22,False,False,110811.44,0.15910126024154278,0.0,1.0,0.0,0.0,0.0,True
C900023,P0051,E08,F028,Comparación de Precios,Adquisición de bienes de oficina,155137.01,2024-05-05,True,False,155137.01,0.6065239827146929,0.0,1.0,0.0,0.0,0.0,True
C002999,P0172,E03,F000,Contratación Directa,Adquisición de materiales de construcción,66538.6,2023-02-23,False,False,66538.6,-0.28778920511328904,0.0,0.0,0.0,1.0,0.0,True
C001636,P0128,E11,F007,Contratación Directa,Servicio de limpieza y vigilancia,117358.36,2023-03-17,False,False,117358.36,0.22518593259237582,0.0,0.0,0.0,1.0,0.0,True
C003184,P0090,E13,F056,Concurso Público,Adquisición de materiales de construcción,84919.32,2024-12-23,False,False,84919.32,-0.10225404372863728,0.0,0.0,1.0,0.0,0.0,False
C001291,P0216,E01,F017,Adjudicación Simplificada,Adquisición de equipos informáticos,157210.68,2023-10-13,False,False,157210.68,0.6274556272916467,1.0,0.0,0.0,0.0,0.0,False
C003428,P0106,E12,F021,Adjudicación Simplificada,Consultoría en ingeniería,22376.33,2024-05-26,False,False,22376.33,-0.7335635758431932,1.0,0.0,0.0,0.0,0.0,False
C002489,P0088,E04,F053,Adjudicación Simplificada,Adquisición de equipos informáticos,34121.36,2023-08-13,False,False,34121.36,-0.6150091320282841,1.0,0.0,0.0,0.0,0.0,False
C001520,P0131,E11,F007,Licitación Pública,Servicio de capacitación,62579.18,2023-03-15,False,False,62579.18,-0.32775562801128316,0.0,0.0,0.0,0.0,1.0,False
C001853,P0177,E01,F017,Licitación Pública,Servicio de transporte,122022.43,2025-01-03,False,False,122022.43,0.2722650992495748,0.0,0.0,0.0,0.0,1.0,False
C001136,P0196,E13,F055,Comparación de Precios,Servicio de transporte,292219.71,2024-08-27,False,False,292219.71,1.990238051997278,0.0,1.0,0.0,0.0,0.0,True
C003304,P0011,E01,F018,Comparación de Precios,Servicio de limpieza y vigilancia,12014.8,2026-01-16,False,False,12014.8,-0.8381529575835118,0.0,1.0,0.0,0.0,0.0,True
C003479,P0145,E16,F042,Contratación Directa,Adquisición de materiales de construcción,27524.54,2025-03-30,False,False,27524.54,-0.6815974954506908,0.0,0.0,0.0,1.0,0.0,True
C001631,P0012,E06,F006,Adjudicación Simplificada,Adquisición de materiales de construcción,57253.4,2024-08-21,False,False,57253.4,-0.38151410166188826,1.0,0.0,0.0,0.0,0.0,False
C001998,P0216,E14,F040,Comparación de Precios,Servicio de limpieza y vigilancia,173134.56,2025-06-05,False,False,173134.56,0.7881914224982451,0.0,1.0,0.0,0.0,0.0,True
C000663,P0188,E12,F021,Concurso Público,Servicio de mantenimiento de infraestructura,59341.62,2025-02-02,False,False,59341.62,-0.3604355892474313,0.0,0.0,1.0,0.0,0.0,False
C000683,P0053,E08,F028,Adjudicación Simplificada,Consultoría en ingeniería,31418.11,2025-04-19,False,False,31418.11,-0.6422957630750037,1.0,0.0,0.0,0.0,0.0,False
C001257,P0171,E14,F029,Contratación Directa,Adquisición de bienes de oficina,11547.21,2024-09-19,False,False,11547.21,-0.8428728154624116,0.0,0.0,0.0,1.0,0.0,True
C003392,P0088,E01,F048,Licitación Pública,Suministro de combustible,184391.78,2025-05-04,False,False,184391.78,0.901821907563168,0.0,0.0,0.0,0.0,1.0,False
C000317,P0075,E17,F003,Adjudicación Simplificada,Suministro de combustible,124208.35,2026-06-12,False,False,124208.35,0.2943297963873333,1.0,0.0,0.0,0.0,0.0,False
C000648,P0049,E04,F019,Contratación Directa,Servicio de mantenimiento de infraestructura,39294.78,2025-11-11,False,False,39294.78,-0.5627885816575378,0.0,0.0,0.0,1.0,0.0,True
C001434,P0025,E15,F035,Adjudicación Simplificada,Servicio de transporte,73545.45,2025-07-23,False,False,73545.45,-0.2170619949959462,1.0,0.0,0.0,0.0,0.0,False
C001479,P0108,E11,F007,Adjudicación Simplificada,Consultoría en ingeniería,49949.94,2025-09-13,False,False,49949.94,-0.45523529592230616,1.0,0.0,0.0,0.0,0.0,False
C000709,P0008,E02,F051,Adjudicación Simplificada,Consultoría en ingeniería,7259.38,2024-03-30,False,False,7259.38,-0.8861542120040025,1.0,0.0,0.0,0.0,0.0,False
C001282,P0030,E12,F021,Adjudicación Simplificada,Adquisición de materiales de construcción,24050.75,2024-08-31,False,False,24050.75,-0.7166619645393004,1.0,0.0,0.0,0.0,0.0,False
C001768,P0043,E16,F057,Concurso Público,Adquisición de bienes de oficina,19371.62,2025-07-15,False,False,19371.62,-0.7638931469788222,0.0,0.0,1.0,0.0,0.0,False
C000972,P0110,E08,F020,Licitación Pública,Adquisición de equipos informáticos,101602.91,2026-01-09,False,False,101602.91,0.06615027139750367,0.0,0.0,0.0,0.0,1.0,False
C002675,P0092,E12,F050,Contratación Directa,Servicio de limpieza y vigilancia,11013.76,2023-03-10,False,False,11013.76,-0.8482574648037129,0.0,0.0,0.0,1.0,0.0,True
C002680,P0037,E11,F054,Comparación de Precios,Adquisición de equipos informáticos,189395.31,2023-04-14,False,False,189395.31,0.9523275866683907,0.0,1.0,0.0,0.0,0.0,True
C001306,P0038,E16,F002,Adjudicación Simplificada,Consultoría en ingeniería,329700.61,2023-06-08,False,False,329700.61,2.368570610805746,1.0,0.0,0.0,0.0,0.0,False
C001400,P0203,E00,F010,Adjudicación Simplificada,Adquisición de equipos informáticos,34227.94,2026-06-11,False,False,34227.94,-0.6139333125010634,1.0,0.0,0.0,0.0,0.0,False
C001408,P0144,E04,F019,Licitación Pública,Servicio de limpieza y vigilancia,778024.52,2023-11-30,False,False,534351.0878000001,4.434314467742205,0.0,0.0,0.0,0.0,1.0,False
C003296,P0090,E02,F011,Adjudicación Simplificada,Servicio de transporte,9897.47,2026-02-04,False,False,9897.47,-0.8595253066130691,1.0,0.0,0.0,0.0,0.0,False
C002237,P0024,E09,F033,Licitación Pública,Suministro de combustible,27382.9,2023-08-18,False,False,27382.9,-0.6830272109492415,0.0,0.0,0.0,0.0,1.0,False
C003302,P0055,E03,F000,Adjudicación Simplificada,Adquisición de materiales de construcción,49688.56,2024-07-30,False,False,49688.56,-0.45787366811244457,1.0,0.0,0.0,0.0,0.0,False
C001496,P0149,E05,F047,Licitación Pública,Servicio de transporte,196914.46,2025-04-12,False,False,196914.46,1.0282259578271593,0.0,0.0,0.0,0.0,1.0,False
C002038,P0173,E01,F017,Adjudicación Simplificada,Servicio de transporte,12439.52,2024-12-28,False,False,12439.52,-0.8338658298897497,1.0,0.0,0.0,0.0,0.0,False
C001529,P0216,E11,F049,Licitación Pública,Servicio de transporte,21871.98,2023-12-07,False,False,21871.98,-0.7386544895094886,0.0,0.0,0.0,0.0,1.0,False
C001663,P0109,E15,F035,Comparación de Precios,Servicio de capacitación,65727.925,2025-03-08,False,False,65727.925,-0.2959721662244698,0.0,1.0,0.0,0.0,0.0,True
C001354,P0056,E09,F027,Comparación de Precios,Suministro de combustible,162505.63,2023-11-01,False,False,162505.63,0.6809029026308969,0.0,1.0,0.0,0.0,0.0,True
C800027,P0067,E00,F038,Adjudicación Simplificada,Adquisición de equipos informáticos,161083.19,2024-11-03,False,True,161083.19,0.666544779828309,1.0,0.0,0.0,0.0,0.0,False
C900033,P0000,E15,F035,Contratación Directa,Adquisición de bienes de oficina,175580.7,2025-09-16,True,False,175580.7,0.8128827827751797,0.0,0.0,0.0,1.0,0.0,True
C001643,P0143,E08,F028,Contratación Directa,Servicio de limpieza y vigilancia,15634.67,2024-09-01,False,False,15634.67,-0.8016139555943919,0.0,0.0,0.0,1.0,0.0,True
C001051,P0219,E07,F023,Adjudicación Simplificada,Adquisición de equipos informáticos,42595.07,2024-07-18,False,False,42595.07,-0.5294754232085678,1.0,0.0,0.0,0.0,0.0,False
C000795,P0175,E13,F058,Adjudicación Simplificada,Adquisición de equipos informáticos,122895.91,2023-08-30,False,False,122895.91,0.28108201462428634,1.0,0.0,0.0,0.0,0.0,False
C002693,P0074,E07,F036,Comparación de Precios,Servicio de capacitación,126874.83,2025-02-09,False,False,126874.83,0.32124527070656267,0.0,1.0,0.0,0.0,0.0,True
C003060,P0063,E17,F003,Comparación de Precios,Servicio de capacitación,35688.44,2023-08-30,False,False,35688.44,-0.5991910116987943,0.0,1.0,0.0,0.0,0.0,True
C001597,P0095,E01,F048,Contratación Directa,Servicio de limpieza y vigilancia,74012.0,2026-04-02,False,False,74012.0,-0.21235263488687486,0.0,0.0,0.0,1.0,0.0,True
C002604,P0144,E14,F029,Contratación Directa,Servicio de transporte,31267.75,2024-08-22,False,False,31267.75,-0.6438134983359617,0.0,0.0,0.0,1.0,0.0,True
C002729,P0172,E04,F019,Adjudicación Simplificada,Suministro de combustible,88299.25,2024-02-17,False,False,88299.25,-0.06813699836703965,1.0,0.0,0.0,0.0,0.0,False
C002625,P0121,E13,F058,Contratación Directa,Adquisición de materiales de construcción,415028.64,2025-01-04,False,False,415028.64,3.2298725520074187,0.0,0.0,0.0,1.0,0.0,True
C001819,P0176,E10,F008,Adjudicación Simplificada,Adquisición de bienes de oficina,26462.29,2025-03-27,False,False,26462.29,-0.6923198569893491,1.0,0.0,0.0,0.0,0.0,False
C003157,P0080,E02,F011,Licitación Pública,Adquisición de equipos informáticos,94509.0,2026-05-06,False,False,94509.0,-0.005455723182588711,0.0,0.0,0.0,0.0,1.0,False
C003314,P0188,E05,F047,Adjudicación Simplificada,Servicio de mantenimiento de infraestructura,349493.79,2024-01-21,False,False,349493.79,2.568363156778671,1.0,0.0,0.0,0.0,0.0,False
C001722,P0172,E16,F024,Adjudicación Simplificada,Obra de rehabilitación vial,18723.49,2025-09-04,False,False,18723.49,-0.770435377323892,1.0,0.0,0.0,0.0,0.0,False
C001183,P0046,E02,F051,Adjudicación Simplificada,Obra de rehabilitación vial,161366.93,2026-06-28,False,False,161366.93,0.6694088540697576,1.0,0.0,0.0,0.0,0.0,False
C002572,P0088,E06,F039,Adjudicación Simplificada,Servicio de transporte,24971.74,2026-05-12,False,False,24971.74,-0.7073654827756017,1.0,0.0,0.0,0.0,0.0,False
C001059,P0041,E11,F049,Concurso Público,Servicio de limpieza y vigilancia,432343.36,2024-02-14,False,False,432343.36,3.404647499317973,0.0,0.0,1.0,0.0,0.0,False
C000540,P0146,E15,F035,Adjudicación Simplificada,Adquisición de equipos informáticos,57207.59,2023-02-10,False,False,57207.59,-0.3819765082348099,1.0,0.0,0.0,0.0,0.0,False
C003242,P0126,E01,F048,Comparación de Precios,Servicio de transporte,62649.24,2025-03-23,False,False,62649.24,-0.32704844170919006,0.0,1.0,0.0,0.0,0.0,True
C001678,P0024,E14,F016,Adjudicación Simplificada,Adquisición de bienes de oficina,80900.82,2024-11-05,False,False,80900.82,-0.14281682070495935,1.0,0.0,0.0,0.0,0.0,False
C002796,P0007,E07,F013,Concurso Público,Obra de rehabilitación vial,29569.08,2025-05-01,False,False,29569.08,-0.660959889369026,0.0,0.0,1.0,0.0,0.0,False
C003468,P0003,E12,F021,Comparación de Precios,Adquisición de materiales de construcción,55937.88,2026-03-02,False,False,55937.88,-0.39479297297404237,0.0,1.0,0.0,0.0,0.0,True
C002532,P0194,E11,F054,Adjudicación Simplificada,Adquisición de equipos informáticos,64683.825,2023-01-05,False,False,64683.825,-0.30651132149160387,1.0,0.0,0.0,0.0,0.0,False
C001757,P0209,E06,F039,Comparación de Precios,Suministro de combustible,19902.2,2023-01-14,False,False,19902.2,-0.7585374674446435,0.0,1.0,0.0,0.0,0.0,True
C001923,P0180,E05,F052,Comparación de Precios,Servicio de mantenimiento de infraestructura,204493.44,2024-02-27,False,False,204493.44,1.104728253571344,0.0,1.0,0.0,0.0,0.0,True
C000095,P0140,E17,F031,Licitación Pública,Servicio de limpieza y vigilancia,16629.45,2024-10-10,False,False,16629.45,-0.7915726368733502,0.0,0.0,0.0,0.0,1.0,False
C001020,P0054,E16,F002,Adjudicación Simplificada,Servicio de capacitación,2582.04,2025-11-05,False,False,2582.04,-0.9333673261666081,1.0,0.0,0.0,0.0,0.0,False
C000563,P0123,E13,F058,Adjudicación Simplificada,Adquisición de materiales de construcción,51204.29,2024-02-01,False,False,51204.29,-0.4425738751682314,1.0,0.0,0.0,0.0,0.0,False
C003312,P0104,E06,F039,Comparación de Precios,Adquisición de bienes de oficina,96186.25,2023-07-07,False,False,96186.25,0.011474454168048648,0.0,1.0,0.0,0.0,0.0,True
C002790,P0044,E17,F012,Comparación de Precios,Servicio de mantenimiento de infraestructura,5276.98,2024-03-28,False,False,5276.98,-0.9061645763384211,0.0,1.0,0.0,0.0,0.0,True
C000863,P0105,E16,F057,Adjudicación Simplificada,Servicio de limpieza y vigilancia,39825.76,2023-12-05,False,False,39825.76,-0.557428864519579,1.0,0.0,0.0,0.0,0.0,False
C001484,P0126,E00,F041,Adjudicación Simplificada,Obra de rehabilitación vial,48263.78,2026-01-03,False,False,48263.78,-0.47225541089714634,1.0,0.0,0.0,0.0,0.0,False
C002939,P0043,E00,F010,Licitación Pública,Obra de rehabilitación vial,80862.91,2026-06-09,False,False,80862.91,-0.14319948460322302,0.0,0.0,0.0,0.0,1.0,False
C001881,P0065,E03,F000,Comparación de Precios,Obra de rehabilitación vial,129379.11,2024-06-18,False,False,129379.11,0.34652349669294163,0.0,1.0,0.0,0.0,0.0,True
C001038,P0065,E10,F004,Contratación Directa,Servicio de mantenimiento de infraestructura,307559.92,2024-02-28,False,False,307559.92,2.145082276707977,0.0,0.0,0.0,1.0,0.0,True
C000206,P0215,E16,F024,Licitación Pública,Servicio de capacitación,51469.9,2025-10-05,False,False,51469.9,-0.4398928053181179,0.0,0.0,0.0,0.0,1.0,False
C000392,P0035,E10,F008,Concurso Público,Adquisición de equipos informáticos,20419.88,2024-12-25,False,False,20419.88,-0.7533120006323746,0.0,0.0,1.0,0.0,0.0,False
C002842,P0186,E16,F002,Adjudicación Simplificada,Suministro de combustible,228750.54,2026-02-13,False,False,228750.54,1.3495796502099762,1.0,0.0,0.0,0.0,0.0,False
C000870,P0096,E14,F029,Adjudicación Simplificada,Obra de rehabilitación vial,26744.45,2026-04-04,False,False,26744.45,-0.6894717312828319,1.0,0.0,0.0,0.0,0.0,False
C000397,P0162,E02,F044,Licitación Pública,Servicio de limpieza y vigilancia,61530.634999999995,2025-12-19,False,False,61530.634999999995,-0.3383396511504241,0.0,0.0,0.0,0.0,1.0,False
C002814,P0065,E04,F053,Adjudicación Simplificada,Adquisición de equipos informáticos,30792.44,2025-11-08,False,False,30792.44,-0.6486112819678183,1.0,0.0,0.0,0.0,0.0,False
C003457,P0105,E07,F013,Licitación Pública,Servicio de transporte,59340.19,2023-11-25,False,False,59340.19,-0.3604500236809453,0.0,0.0,0.0,0.0,1.0,False
C003289,P0123,E12,F021,Adjudicación Simplificada,Servicio de capacitación,291969.85,2024-08-06,False,False,291969.85,1.9877159627960075,1.0,0.0,0.0,0.0,0.0,False
C001028,P0156,E02,F025,Licitación Pública,Adquisición de materiales de construcción,38325.64,2024-08-02,False,False,38325.64,-0.5725710899762718,0.0,0.0,0.0,0.0,1.0,False
C002690,P0072,E07,F013,Adjudicación Simplificada,Adquisición de materiales de construcción,45474.87,2025-10-13,False,False,45474.87,-0.5004066947933848,1.0,0.0,0.0,0.0,0.0,False
C001485,P0019,E13,F056,Adjudicación Simplificada,Adquisición de materiales de construcción,3998.45,2023-06-04,False,False,3998.45,-0.919070070241006,1.0,0.0,0.0,0.0,0.0,False
C002660,P0009,E06,F039,Adjudicación Simplificada,Servicio de capacitación,15912.97,2024-07-02,False,False,15912.97,-0.7988047927643531,1.0,0.0,0.0,0.0,0.0,False
C000960,P0194,E08,F015,Comparación de Precios,Obra de rehabilitación vial,15924.56,2024-05-23,False,False,15924.56,-0.7986878031948234,0.0,1.0,0.0,0.0,0.0,True
C001570,P0113,E11,F049,Adjudicación Simplificada,Suministro de combustible,37812.12,2025-02-06,False,False,37812.12,-0.5777545657092271,1.0,0.0,0.0,0.0,0.0,False
C002773,P0133,E04,F053,Adjudicación Simplificada,Servicio de mantenimiento de infraestructura,28936.92,2026-06-03,False,False,28936.92,-0.6673409183831736,1.0,0.0,0.0,0.0,0.0,False
C001895,P0016,E15,F035,Contratación Directa,Adquisición de equipos informáticos,35123.02,2025-05-28,False,False,35123.02,-0.604898366522224,0.0,0.0,0.0,1.0,0.0,True
C002731,P0165,E13,F056,Adjudicación Simplificada,Servicio de limpieza y vigilancia,61530.634999999995,2025-09-01,False,False,61530.634999999995,-0.3383396511504241,1.0,0.0,0.0,0.0,0.0,False
C002146,P0025,E13,F055,Contratación Directa,Servicio de capacitación,213465.62,2025-02-02,False,False,213465.62,1.1952935232817874,0.0,0.0,0.0,1.0,0.0,True
C000804,P0023,E14,F040,Licitación Pública,Suministro de combustible,215947.99,2023-12-24,False,False,215947.99,1.2203505895211086,0.0,0.0,0.0,0.0,1.0,False
C001751,P0107,E04,F053,Adjudicación Simplificada,Servicio de limpieza y vigilancia,104047.33,2026-05-12,False,False,104047.33,0.09082426997818331,1.0,0.0,0.0,0.0,0.0,False
C002454,P0002,E14,F016,Comparación de Precios,Adquisición de bienes de oficina,60630.46,2024-11-06,False,False,60630.46,-0.34742602610741313,0.0,1.0,0.0,0.0,0.0,True
C000502,P0128,E12,F050,Adjudicación Simplificada,Servicio de mantenimiento de infraestructura,118662.42,2026-05-06,False,False,118662.42,0.2383491265562286,1.0,0.0,0.0,0.0,0.0,False
C003119,P0182,E08,F028,Adjudicación Simplificada,Servicio de limpieza y vigilancia,81712.02,2024-06-01,False,False,81712.02,-0.13462856023881717,1.0,0.0,0.0,0.0,0.0,False
C003104,P0113,E01,F048,Adjudicación Simplificada,Suministro de combustible,21462.69,2023-05-16,False,False,21462.69,-0.7427858666374315,1.0,0.0,0.0,0.0,0.0,False
C002977,P0005,E01,F018,Concurso Público,Suministro de combustible,80015.89,2024-10-26,False,False,80015.89,-0.15174931248787762,0.0,0.0,1.0,0.0,0.0,False
C000779,P0073,E03,F000,Adjudicación Simplificada,Servicio de mantenimiento de infraestructura,81552.51,2026-01-31,False,False,81552.51,-0.1362386556862462,1.0,0.0,0.0,0.0,0.0,False
C001863,P0091,E17,F012,Licitación Pública,Adquisición de bienes de oficina,9364.17,2025-11-13,False,False,9364.17,-0.8649084418529529,0.0,0.0,0.0,0.0,1.0,False
C000200,P0023,E04,F053,Adjudicación Simplificada,Adquisición de equipos informáticos,260931.86,2025-02-12,False,False,260931.86,1.6744181984154387,1.0,0.0,0.0,0.0,0.0,False
C002182,P0088,E05,F045,Licitación Pública,Servicio de limpieza y vigilancia,138606.84,2025-04-11,False,False,138606.84,0.4396682905184279,0.0,0.0,0.0,0.0,1.0,False
C003099,P0136,E13,F056,Comparación de Precios,Obra de rehabilitación vial,36331.41,2023-08-05,False,False,36331.41,-0.5927008664424882,0.0,1.0,0.0,0.0,0.0,True
C002088,P0204,E17,F003,Adjudicación Simplificada,Servicio de capacitación,26830.26,2024-11-09,False,False,26830.26,-0.6886055643318955,1.0,0.0,0.0,0.0,0.0,False
C003065,P0152,E05,F009,Concurso Público,Obra de rehabilitación vial,458766.21,2024-03-25,False,False,458766.21,3.6713599969237496,0.0,0.0,1.0,0.0,0.0,False
C002278,P0004,E04,F053,Licitación Pública,Consultoría en ingeniería,19062.9,2025-07-15,False,False,19062.9,-0.767009369576341,0.0,0.0,0.0,0.0,1.0,False
C001796,P0177,E07,F013,Concurso Público,Obra de rehabilitación vial,102883.84,2024-07-10,False,False,102883.84,0.0790799909227693,0.0,0.0,1.0,0.0,0.0,False
C000378,P0123,E09,F027,Adjudicación Simplificada,Adquisición de equipos informáticos,74576.81,2024-06-05,False,False,74576.81,-0.20665143740920996,1.0,0.0,0.0,0.0,0.0,False
C002336,P0136,E11,F049,Adjudicación Simplificada,Servicio de mantenimiento de infraestructura,11610.18,2023-11-04,False,False,11610.18,-0.8422371956873216,1.0,0.0,0.0,0.0,0.0,False
C000418,P0028,E08,F005,Licitación Pública,Suministro de combustible,293672.01,2023-12-06,False,False,293672.01,2.004897581922054,0.0,0.0,0.0,0.0,1.0,False
C001698,P0201,E08,F022,Adjudicación Simplificada,Servicio de transporte,13600.06,2024-04-07,False,False,13600.06,-0.8221513281622144,1.0,0.0,0.0,0.0,0.0,False
C000391,P0132,E08,F020,Concurso Público,Servicio de transporte,45870.91,2023-10-13,False,False,45870.91,-0.49640906329065926,0.0,0.0,1.0,0.0,0.0,False
C002640,P0095,E03,F000,Adjudicación Simplificada,Servicio de mantenimiento de infraestructura,12344.76,2024-10-04,False,False,12344.76,-0.834822338225267,1.0,0.0,0.0,0.0,0.0,False
C001522,P0184,E14,F016,Comparación de Precios,Servicio de transporte,78676.05,2026-01-07,False,False,78676.05,-0.16527367010986474,0.0,1.0,0.0,0.0,0.0,True
C001162,P0041,E14,F040,Concurso Público,Obra de rehabilitación vial,76050.94,2023-04-20,False,False,76050.94,-0.19177155525813222,0.0,0.0,1.0,0.0,0.0,False
C003134,P0100,E06,F039,Comparación de Precios,Servicio de transporte,66309.89,2024-10-30,False,False,66309.89,-0.29009780601468377,0.0,1.0,0.0,0.0,0.0,True
C001495,P0031,E02,F025,Adjudicación Simplificada,Consultoría en ingeniería,36673.29,2026-02-20,False,False,36673.29,-0.5892499264915949,1.0,0.0,0.0,0.0,0.0,False
C002695,P0032,E11,F049,Comparación de Precios,Servicio de capacitación,107761.48,2025-05-15,False,False,107761.48,0.12831493517828446,0.0,1.0,0.0,0.0,0.0,True
C002027,P0128,E00,F038,Comparación de Precios,Adquisición de materiales de construcción,205503.87,2023-09-06,False,False,205503.87,1.114927543540284,0.0,1.0,0.0,0.0,0.0,True
C001152,P0052,E04,F053,Adjudicación Simplificada,Consultoría en ingeniería,27371.73,2025-02-22,False,False,27371.73,-0.6831399610348022,1.0,0.0,0.0,0.0,0.0,False
C001367,P0019,E13,F058,Contratación Directa,Adquisición de bienes de oficina,61697.98,2024-03-21,False,False,61697.98,-0.3366504691389514,0.0,0.0,0.0,1.0,0.0,True
C002568,P0066,E07,F013,Adjudicación Simplificada,Adquisición de materiales de construcción,95096.73,2025-04-16,False,False,95096.73,0.00047682899167870725,1.0,0.0,0.0,0.0,0.0,False
C000064,P0139,E10,F008,Adjudicación Simplificada,Servicio de transporte,26020.27,2023-10-05,False,False,26020.27,-0.6967816110466026,1.0,0.0,0.0,0.0,0.0,False
C002062,P0107,E10,F026,Licitación Pública,Servicio de transporte,9288.91,2025-04-04,False,False,9288.91,-0.8656681170041879,0.0,0.0,0.0,0.0,1.0,False
C001180,P0165,E00,F010,Licitación Pública,Adquisición de materiales de construcción,185613.97,2023-07-02,False,False,185613.97,0.914158704973319,0.0,0.0,0.0,0.0,1.0,False
C003112,P0006,E11,F049,Adjudicación Simplificada,Adquisición de bienes de oficina,110169.97,2023-11-29,False,False,110169.97,0.1526262559994123,1.0,0.0,0.0,0.0,0.0,False
C000492,P0073,E04,F019,Licitación Pública,Adquisición de materiales de construcción,262882.42,2024-03-13,False,False,262882.42,1.6941071694889573,0.0,0.0,0.0,0.0,1.0,False
C000379,P0177,E12,F050,Adjudicación Simplificada,Servicio de limpieza y vigilancia,60535.52,2024-07-02,False,False,60535.52,-0.34838435136463153,1.0,0.0,0.0,0.0,0.0,False
C002235,P0069,E15,F035,Concurso Público,Obra de rehabilitación vial,38128.0,2024-04-23,False,False,38128.0,-0.5745660700040435,0.0,0.0,1.0,0.0,0.0,False
C000763,P0057,E08,F005,Comparación de Precios,Adquisición de bienes de oficina,85541.45,2023-11-01,False,False,85541.45,-0.0959742576292771,0.0,1.0,0.0,0.0,0.0,True
C002264,P0029,E12,F021,Licitación Pública,Obra de rehabilitación vial,61114.75,2024-12-31,False,False,61114.75,-0.34253759827069225,0.0,0.0,0.0,0.0,1.0,False
C000791,P0140,E08,F005,Adjudicación Simplificada,Servicio de mantenimiento de infraestructura,16469.3,2024-07-04,False,False,16469.3,-0.7931891924868274,1.0,0.0,0.0,0.0,0.0,False
C001076,P0047,E11,F049,Contratación Directa,Obra de rehabilitación vial,78590.11,2023-08-01,False,False,78590.11,-0.16614114928202978,0.0,0.0,0.0,1.0,0.0,True
C000878,P0195,E11,F054,Adjudicación Simplificada,Adquisición de materiales de construcción,72793.43,2024-02-10,False,False,72793.43,-0.2246528919828154,1.0,0.0,0.0,0.0,0.0,False
C000337,P0055,E05,F047,Concurso Público,Servicio de capacitación,88298.13,2024-08-02,False,False,88298.13,-0.06814830365762402,0.0,0.0,1.0,0.0,0.0,False
C002767,P0043,E03,F000,Licitación Pública,Servicio de limpieza y vigilancia,41328.0,2024-11-12,False,False,41328.0,-0.5422652397628512,0.0,0.0,0.0,0.0,1.0,False
C002343,P0133,E02,F025,Comparación de Precios,Servicio de mantenimiento de infraestructura,10745.02,2023-10-04,False,False,10745.02,-0.850970128903406,0.0,1.0,0.0,0.0,0.0,True
C001016,P0052,E06,F039,Comparación de Precios,Adquisición de materiales de construcción,919227.3,2025-05-19,False,False,534351.0878000001,4.434314467742205,0.0,1.0,0.0,0.0,0.0,True
C001275,P0212,E01,F017,Adjudicación Simplificada,Servicio de capacitación,76006.65,2025-12-17,False,False,76006.65,-0.19221861893668932,1.0,0.0,0.0,0.0,0.0,False
C000455,P0188,E09,F046,Comparación de Precios,Consultoría en ingeniería,99481.65,2025-01-24,False,False,99481.65,0.04473825291080629,0.0,1.0,0.0,0.0,0.0,True
C003342,P0184,E10,F008,Concurso Público,Adquisición de bienes de oficina,25306.71,2024-06-20,False,False,25306.71,-0.7039842924300105,0.0,0.0,1.0,0.0,0.0,False
C000815,P0205,E05,F052,Contratación Directa,Adquisición de equipos informáticos,112623.39,2025-03-03,False,False,112623.39,0.1773911006651453,0.0,0.0,0.0,1.0,0.0,True
C002317,P0086,E10,F004,Adjudicación Simplificada,Obra de rehabilitación vial,132550.24,2026-03-25,False,False,132550.24,0.3785329128813014,1.0,0.0,0.0,0.0,0.0,False
C000995,P0037,E01,F048,Concurso Público,Servicio de mantenimiento de infraestructura,13374.49,2023-06-08,False,False,13374.49,-0.8244282338739348,0.0,0.0,1.0,0.0,0.0,False
C001981,P0089,E04,F019,Comparación de Precios,Adquisición de equipos informáticos,101297.32,2023-04-24,False,False,101297.32,0.06306564304956434,0.0,1.0,0.0,0.0,0.0,True
C000201,P0063,E11,F049,Adjudicación Simplificada,Servicio de limpieza y vigilancia,93407.49,2024-06-07,False,False,93407.49,-0.016574375532268523,1.0,0.0,0.0,0.0,0.0,False
C000161,P0078,E11,F054,Licitación Pública,Suministro de combustible,79930.81,2026-04-16,False,False,79930.81,-0.15260811081191533,0.0,0.0,0.0,0.0,1.0,False
C001579,P0112,E11,F049,Comparación de Precios,Servicio de capacitación,6132.21,2025-05-03,False,False,6132.21,-0.8975318766361788,0.0,1.0,0.0,0.0,0.0,True
C002777,P0071,E15,F035,Adjudicación Simplificada,Adquisición de materiales de construcción,68425.66,2025-08-16,False,False,68425.66,-0.26874120363986903,1.0,0.0,0.0,0.0,0.0,False
C002449,P0039,E05,F045,Comparación de Precios,Consultoría en ingeniería,41794.51,2026-04-01,False,False,41794.51,-0.537556283414158,0.0,1.0,0.0,0.0,0.0,True
C000702,P0213,E05,F001,Comparación de Precios,Adquisición de equipos informáticos,25750.0,2024-12-03,False,False,25750.0,-0.6995097189807549,0.0,1.0,0.0,0.0,0.0,True
C001500,P0203,E02,F051,Licitación Pública,Servicio de capacitación,373734.27,2026-04-23,False,False,373734.27,2.813046790980238,0.0,0.0,0.0,0.0,1.0,False
C001129,P0137,E12,F050,Concurso Público,Adquisición de materiales de construcción,310672.03,2024-07-12,False,False,310672.03,2.1764959444585763,0.0,0.0,1.0,0.0,0.0,False
C002613,P0184,E17,F003,Comparación de Precios,Adquisición de materiales de construcción,197736.87,2025-01-09,False,False,197736.87,1.0365273721392403,0.0,1.0,0.0,0.0,0.0,True
C003461,P0075,E02,F044,Contratación Directa,Suministro de combustible,36651.99,2024-06-15,False,False,36651.99,-0.5894649288928878,0.0,0.0,0.0,1.0,0.0,True
C001021,P0119,E16,F002,Adjudicación Simplificada,Adquisición de equipos informáticos,273627.97,2023-03-25,False,False,273627.97,1.8025728527384082,1.0,0.0,0.0,0.0,0.0,False
C003073,P0072,E10,F008,Comparación de Precios,Adquisición de equipos informáticos,62074.3,2024-10-08,False,False,62074.3,-0.3328518915025872,0.0,1.0,0.0,0.0,0.0,True
C003459,P0180,E11,F054,Licitación Pública,Servicio de limpieza y vigilancia,190596.37,2024-11-13,False,False,190596.37,0.9644510976588551,0.0,0.0,0.0,0.0,1.0,False
C001585,P0117,E06,F039,Comparación de Precios,Obra de rehabilitación vial,105852.08,2023-03-05,False,False,105852.08,0.10904143353374317,0.0,1.0,0.0,0.0,0.0,True
C001955,P0061,E15,F035,Licitación Pública,Obra de rehabilitación vial,155768.77,2025-10-29,False,False,155768.77,0.61290097412506,0.0,0.0,0.0,0.0,1.0,False
C003152,P0122,E16,F057,Comparación de Precios,Servicio de transporte,98135.73,2026-03-04,False,False,98135.73,0.031152523711360885,0.0,1.0,0.0,0.0,0.0,True
C002253,P0024,E10,F026,Licitación Pública,Suministro de combustible,12191.6,2025-12-04,False,False,12191.6,-0.836368336712686,0.0,0.0,0.0,0.0,1.0,False
C000034,P0176,E03,F000,Adjudicación Simplificada,Suministro de combustible,113270.47,2025-10-11,False,False,113270.47,0.18392273230029238,1.0,0.0,0.0,0.0,0.0,False
C000775,P0189,E04,F030,Adjudicación Simplificada,Suministro de combustible,18208.73,2024-01-30,False,False,18208.73,-0.7756313696285659,1.0,0.0,0.0,0.0,0.0,False
C002556,P0000,E01,F018,Licitación Pública,Consultoría en ingeniería,66163.37,2023-10-22,False,False,66163.37,-0.2915767802793524,0.0,0.0,0.0,0.0,1.0,False
C003499,P0006,E10,F004,Comparación de Precios,Servicio de mantenimiento de infraestructura,53312.86,2026-01-24,False,False,53312.86,-0.42128994966145933,0.0,1.0,0.0,0.0,0.0,True
C001478,P0025,E03,F000,Concurso Público,Servicio de capacitación,41854.13,2024-02-10,False,False,41854.13,-0.5369544785707268,0.0,0.0,1.0,0.0,0.0,False
C003003,P0171,E03,F000,Licitación Pública,Obra de rehabilitación vial,119562.2,2026-03-24,False,False,119562.2,0.24743151437948482,0.0,0.0,0.0,0.0,1.0,False
C001390,P0100,E02,F011,Concurso Público,Obra de rehabilitación vial,76201.75,2024-05-19,False,False,76201.75,-0.19024927769292158,0.0,0.0,1.0,0.0,0.0,False
C002139,P0177,E06,F006,Contratación Directa,Adquisición de bienes de oficina,21424.13,2026-06-03,False,False,21424.13,-0.7431750916418379,0.0,0.0,0.0,1.0,0.0,True
C001363,P0123,E03,F000,Adjudicación Simplificada,Consultoría en ingeniería,20772.03,2024-03-02,False,False,20772.03,-0.7497573952044259,1.0,0.0,0.0,0.0,0.0,False
C002945,P0065,E11,F054,Contratación Directa,Adquisición de materiales de construcción,10670.71,2023-12-11,False,False,10670.71,-0.8517202147456631,0.0,0.0,0.0,1.0,0.0,True
C002612,P0083,E07,F023,Adjudicación Simplificada,Obra de rehabilitación vial,240228.33,2026-06-06,False,False,240228.33,1.4654365709393675,1.0,0.0,0.0,0.0,0.0,False
C003417,P0131,E04,F019,Adjudicación Simplificada,Servicio de transporte,56932.29,2023-09-18,False,False,56932.29,-0.38475538903649736,1.0,0.0,0.0,0.0,0.0,False
C002824,P0139,E02,F044,Concurso Público,Consultoría en ingeniería,101551.4,2026-03-20,False,False,101551.4,0.06563032897071487,0.0,0.0,1.0,0.0,0.0,False
C002041,P0170,E16,F042,Comparación de Precios,Servicio de mantenimiento de infraestructura,70186.78,2025-10-28,False,False,70186.78,-0.25096444171662896,0.0,1.0,0.0,0.0,0.0,True
C000241,P0213,E08,F014,Adjudicación Simplificada,Adquisición de materiales de construcción,83034.37,2025-01-16,False,False,83034.37,-0.12128074684211712,1.0,0.0,0.0,0.0,0.0,False
C002061,P0094,E11,F049,Adjudicación Simplificada,Servicio de capacitación,34748.71,2024-01-22,False,False,34748.71,-0.6086766551995929,1.0,0.0,0.0,0.0,0.0,False
C002363,P0085,E13,F056,Adjudicación Simplificada,Servicio de mantenimiento de infraestructura,45348.13,2026-06-28,False,False,45348.13,-0.5016860095511251,1.0,0.0,0.0,0.0,0.0,False
C000600,P0204,E10,F004,Licitación Pública,Servicio de transporte,336425.62,2024-08-07,False,False,336425.62,2.436452925299596,0.0,0.0,0.0,0.0,1.0,False
C002435,P0212,E06,F039,Licitación Pública,Adquisición de equipos informáticos,20866.7,2024-02-22,False,False,20866.7,-0.7488017953297591,0.0,0.0,0.0,0.0,1.0,False
C001297,P0209,E09,F046,Licitación Pública,Adquisición de equipos informáticos,13979.85,2025-05-21,False,False,13979.85,-0.8183177243130573,0.0,0.0,0.0,0.0,1.0,False
C002214,P0196,E09,F043,Concurso Público,Servicio de transporte,11452.16,2025-04-20,False,False,11452.16,-0.8438322510606695,0.0,0.0,1.0,0.0,0.0,False
C002888,P0167,E08,F015,Adjudicación Simplificada,Servicio de mantenimiento de infraestructura,34803.6,2023-03-15,False,False,34803.6,-0.608122595020862,1.0,0.0,0.0,0.0,0.0,False
C002068,P0122,E13,F055,Adjudicación Simplificada,Consultoría en ingeniería,57900.84,2024-10-22,False,False,57900.84,-0.3749788361833391,1.0,0.0,0.0,0.0,0.0,False
C000646,P0015,E09,F046,Comparación de Precios,Servicio de transporte,12735.74,2023-01-15,False,False,12735.74,-0.8308757824103603,0.0,1.0,0.0,0.0,0.0,True
C003202,P0011,E09,F034,Licitación Pública,Suministro de combustible,25756.8,2023-01-03,False,False,25756.8,-0.6994410797164923,0.0,0.0,0.0,0.0,1.0,False
C001528,P0074,E17,F031,Adjudicación Simplificada,Adquisición de bienes de oficina,395276.56,2023-11-17,False,False,395276.56,3.030494869822904,1.0,0.0,0.0,0.0,0.0,False
C002879,P0132,E00,F038,Concurso Público,Consultoría en ingeniería,33493.97,2023-09-14,False,False,33493.97,-0.6213420126173533,0.0,0.0,1.0,0.0,0.0,False
C001267,P0137,E07,F013,Adjudicación Simplificada,Servicio de transporte,69724.04,2024-07-23,False,False,69724.04,-0.2556353436496944,1.0,0.0,0.0,0.0,0.0,False
C001899,P0170,E10,F008,Comparación de Precios,Adquisición de materiales de construcción,16524.66,2023-06-12,False,False,16524.66,-0.7926303881236547,0.0,1.0,0.0,0.0,0.0,True
C000562,P0191,E07,F036,Contratación Directa,Servicio de limpieza y vigilancia,61530.634999999995,2024-05-09,False,False,61530.634999999995,-0.3383396511504241,0.0,0.0,0.0,1.0,0.0,True
C900057,P0154,E16,F024,Contratación Directa,Servicio de capacitación,247358.21,2024-04-08,True,False,247358.21,1.5374056470393898,0.0,0.0,0.0,1.0,0.0,True
C002734,P0143,E14,F016,Adjudicación Simplificada,Servicio de transporte,27661.13,2025-07-15,False,False,27661.13,-0.6802187546998643,1.0,0.0,0.0,0.0,0.0,False
C003005,P0215,E05,F047,Licitación Pública,Servicio de transporte,176234.15,2024-05-25,False,False,176234.15,0.8194787132505255,0.0,0.0,0.0,0.0,1.0,False
C000189,P0056,E08,F015,Licitación Pública,Servicio de mantenimiento de infraestructura,117017.55,2023-06-17,False,False,117017.55,0.22174579323159438,0.0,0.0,0.0,0.0,1.0,False
C001806,P0107,E15,F035,Concurso Público,Adquisición de materiales de construcción,508734.6,2025-07-15,False,False,508734.6,4.175741397803651,0.0,0.0,1.0,0.0,0.0,False
C000975,P0055,E03,F000,Comparación de Precios,Consultoría en ingeniería,56397.34,2023-03-31,False,False,56397.34,-0.39015517939197425,0.0,1.0,0.0,0.0,0.0,True
C002747,P0177,E02,F011,Adjudicación Simplificada,Servicio de transporte,59499.97,2023-04-11,False,False,59499.97,-0.3588372028509648,1.0,0.0,0.0,0.0,0.0,False
C900047,P0138,E00,F010,Contratación Directa,Servicio de mantenimiento de infraestructura,314246.68,2026-01-12,True,False,314246.68,2.2125784953403502,0.0,0.0,0.0,1.0,0.0,True
C002047,P0011,E03,F000,Licitación Pública,Servicio de limpieza y vigilancia,108570.83,2023-09-13,False,False,108570.83,0.13648452172694353,0.0,0.0,0.0,0.0,1.0,False
C002558,P0194,E05,F009,Concurso Público,Consultoría en ingeniería,23132.89,2024-10-03,False,False,23132.89,-0.7259268520534193,0.0,0.0,1.0,0.0,0.0,False
C001082,P0070,E07,F023,Adjudicación Simplificada,Servicio de mantenimiento de infraestructura,35846.64,2023-01-10,False,False,35846.64,-0.5975941394037454,1.0,0.0,0.0,0.0,0.0,False
C000474,P0131,E07,F013,Comparación de Precios,Servicio de transporte,5556.42,2023-04-11,False,False,5556.42,-0.903343906337609,0.0,1.0,0.0,0.0,0.0,True
C002904,P0019,E01,F017,Concurso Público,Obra de rehabilitación vial,20906.34,2023-04-13,False,False,20906.34,-0.7484016687951464,0.0,0.0,1.0,0.0,0.0,False
C000747,P0185,E10,F026,Adjudicación Simplificada,Servicio de mantenimiento de infraestructura,63829.94,2026-06-18,False,False,63829.94,-0.31513044475113516,1.0,0.0,0.0,0.0,0.0,False
C002300,P0126,E04,F030,Comparación de Precios,Consultoría en ingeniería,238736.22,2024-05-22,False,False,238736.22,1.4503751984983722,0.0,1.0,0.0,0.0,0.0,True
C000021,P0125,E04,F030,Adjudicación Simplificada,Adquisición de bienes de oficina,27915.65,2024-04-21,False,False,27915.65,-0.6776496274145555,1.0,0.0,0.0,0.0,0.0,False
C003385,P0214,E05,F001,Adjudicación Simplificada,Suministro de combustible,41873.29,2025-11-18,False,False,41873.29,-0.5367610773496576,1.0,0.0,0.0,0.0,0.0,False
C000459,P0119,E08,F015,Adjudicación Simplificada,Consultoría en ingeniería,9355.21,2025-06-07,False,False,9355.21,-0.8649988841776282,1.0,0.0,0.0,0.0,0.0,False
C001184,P0019,E13,F055,Adjudicación Simplificada,Adquisición de bienes de oficina,8638.63,2023-02-09,False,False,8638.63,-0.8722320494695761,1.0,0.0,0.0,0.0,0.0,False
C002324,P0092,E13,F056,Adjudicación Simplificada,Consultoría en ingeniería,33759.88,2025-09-18,False,False,33759.88,-0.6186579145644048,1.0,0.0,0.0,0.0,0.0,False
C000955,P0009,E10,F004,Comparación de Precios,Obra de rehabilitación vial,139237.87,2024-06-13,False,False,139237.87,0.44603791330189646,0.0,1.0,0.0,0.0,0.0,True
C001215,P0061,E11,F049,Contratación Directa,Servicio de limpieza y vigilancia,5684.22,2026-03-28,False,False,5684.22,-0.9020538919298513,0.0,0.0,0.0,1.0,0.0,True
C002433,P0126,E07,F013,Concurso Público,Servicio de limpieza y vigilancia,46224.74,2023-10-11,False,False,46224.74,-0.492837499926834,0.0,0.0,1.0,0.0,0.0,False
C002853,P0021,E02,F051,Adjudicación Simplificada,Consultoría en ingeniería,56397.34,2024-07-10,False,False,56397.34,-0.39015517939197425,1.0,0.0,0.0,0.0,0.0,False
C003485,P0210,E12,F050,Licitación Pública,Servicio de transporte,119411.53,2023-06-01,False,False,119411.53,0.2459106499755972,0.0,0.0,0.0,0.0,1.0,False
C001515,P0146,E07,F023,Adjudicación Simplificada,Adquisición de bienes de oficina,63906.03,2024-10-30,False,False,63906.03,-0.31436239157205637,1.0,0.0,0.0,0.0,0.0,False
C002391,P0219,E04,F030,Adjudicación Simplificada,Adquisición de materiales de construcción,13820.64,2024-09-24,False,False,13820.64,-0.8199247915576512,1.0,0.0,0.0,0.0,0.0,False
C000769,P0099,E04,F053,Comparación de Precios,Servicio de limpieza y vigilancia,71471.16,2024-12-16,False,False,71471.16,-0.2379998978587594,0.0,1.0,0.0,0.0,0.0,True
C003380,P0027,E17,F012,Concurso Público,Obra de rehabilitación vial,36526.11,2023-11-11,False,False,36526.11,-0.5907355628025007,0.0,0.0,1.0,0.0,0.0,False
C001685,P0033,E10,F008,Adjudicación Simplificada,Servicio de mantenimiento de infraestructura,33288.78,2024-03-02,False,False,33288.78,-0.6234132024164752,1.0,0.0,0.0,0.0,0.0,False
C000130,P0108,E12,F050,Comparación de Precios,Adquisición de bienes de oficina,361347.19,2024-08-07,False,False,361347.19,2.6880114883977173,0.0,1.0,0.0,0.0,0.0,True
C002919,P0162,E13,F056,Contratación Directa,Obra de rehabilitación vial,5814.95,2026-03-11,False,False,5814.95,-0.9007343020744042,0.0,0.0,0.0,1.0,0.0,True
C003171,P0034,E08,F020,Concurso Público,Servicio de limpieza y vigilancia,156438.49,2024-12-31,False,False,156438.49,0.6196611341341635,0.0,0.0,1.0,0.0,0.0,False
C003444,P0127,E00,F038,Adjudicación Simplificada,Servicio de mantenimiento de infraestructura,64023.43,2025-05-02,False,False,64023.43,-0.3131773548625826,1.0,0.0,0.0,0.0,0.0,False
C002135,P0140,E00,F010,Licitación Pública,Servicio de capacitación,37967.27,2024-03-05,False,False,37967.27,-0.5761884801430018,0.0,0.0,0.0,0.0,1.0,False
C001482,P0042,E09,F033,Contratación Directa,Servicio de mantenimiento de infraestructura,22800.63,2023-06-07,False,False,22800.63,-0.7292806876334,0.0,0.0,0.0,1.0,0.0,True
C000330,P0172,E11,F049,Concurso Público,Obra de rehabilitación vial,72578.29,2025-12-21,False,False,72578.29,-0.22682451717596855,0.0,0.0,1.0,0.0,0.0,False
C001238,P0170,E17,F031,Contratación Directa,Servicio de transporte,152463.74,2024-06-10,False,False,152463.74,0.5795399700712952,0.0,0.0,0.0,1.0,0.0,True
C000466,P0115,E10,F026,Licitación Pública,Servicio de transporte,69627.96,2025-06-23,False,False,69627.96,-0.25660517607768607,0.0,0.0,0.0,0.0,1.0,False
C002169,P0053,E15,F035,Comparación de Precios,Adquisición de materiales de construcción,139873.24,2023-01-28,False,False,139873.24,0.4524513440863796,0.0,1.0,0.0,0.0,0.0,True
C001638,P0079,E12,F050,Licitación Pública,Servicio de capacitación,227760.2,2024-03-24,False,False,227760.2,1.339583148890894,0.0,0.0,0.0,0.0,1.0,False
C003092,P0053,E12,F050,Licitación Pública,Adquisición de equipos informáticos,505301.75,2026-01-18,False,False,505301.75,4.1410901774619395,0.0,0.0,0.0,0.0,1.0,False
C001095,P0205,E15,F035,Adjudicación Simplificada,Suministro de combustible,67903.04,2024-06-15,False,False,67903.04,-0.2740165348588228,1.0,0.0,0.0,0.0,0.0,False
C001130,P0060,E11,F049,Adjudicación Simplificada,Servicio de mantenimiento de infraestructura,115149.46,2026-02-25,False,False,115149.46,0.20288927511744795,1.0,0.0,0.0,0.0,0.0,False
C001294,P0048,E17,F031,Comparación de Precios,Servicio de transporte,14375.87,2023-07-24,False,False,14375.87,-0.8143202946905208,0.0,1.0,0.0,0.0,0.0,True
C000860,P0039,E07,F023,Contratación Directa,Servicio de limpieza y vigilancia,44163.74,2025-11-02,False,False,44163.74,-0.5136412534040519,0.0,0.0,0.0,1.0,0.0,True
C900007,P0168,E17,F003,Comparación de Precios,Suministro de combustible,281702.15,2024-01-06,True,False,281702.15,1.8840737019624176,0.0,1.0,0.0,0.0,0.0,True
C003174,P0047,E11,F007,Adjudicación Simplificada,Servicio de mantenimiento de infraestructura,72058.19,2023-07-31,False,False,72058.19,-0.23207441149110722,1.0,0.0,0.0,0.0,0.0,False
