id_contrato,id_proveedor,id_entidad,id_funcionario,modalidad,objeto,categoria_principal,monto,fecha_contrato,es_favoritismo_real,es_fraccionamiento_real,escenario_sintetico
C001783,P0051,E09,F033,Adjudicación Simplificada,Servicio de mantenimiento de infraestructura,services,94925.8,2023-10-11,False,False,normal
C001929,P0076,E06,F039,Comparación de Precios,Suministro de combustible,goods,42388.63,2024-03-26,False,False,normal
C002917,P0144,E10,F008,Contratación Directa,Servicio de capacitación,services,109966.56,2023-10-21,False,False,normal
C000787,P0072,E02,F011,Adjudicación Simplificada,,works,24749.85,2025-05-05,False,False,normal
C000798,P0081,E11,F049,Adjudicación Simplificada,Adquisición de equipos informáticos,goods,97526.88,2023-01-17,False,False,normal
C001927,P0213,E13,F055,Comparación de Precios,Servicio de mantenimiento de infraestructura,services,45055.4,2025-09-29,False,False,normal
C003249,P0075,E05,F037,Contratación Directa,Adquisición de equipos informáticos,goods,127941.93,2024-11-07,False,False,normal
C000393,P0044,E16,F042,Licitación Pública,Adquisición de equipos informáticos,goods,111202.15,2026-04-01,False,False,normal
C003413,P0135,E17,F031,Comparación de Precios,Suministro de combustible,goods,171394.31,2024-02-04,False,False,normal
C700079,P0133,E04,F030,Licitación Pública,Obra de rehabilitación vial,works,,2026-05-31,False,False,hard_negative_concentracion_legitima
C001866,P0043,E00,F041,Comparación de Precios,Suministro de combustible,goods,565558.73,2026-04-04,False,False,normal
C000354,P0018,E13,F058,Contratación Directa,Servicio de capacitación,services,54673.21,2024-01-28,False,False,normal
C000256,P0041,E15,F035,Adjudicación Simplificada,Servicio de transporte,services,63163.48,2025-01-09,False,False,normal
C003341,P0203,E01,F048,Adjudicación Simplificada,Adquisición de materiales de construcción,goods,67240.32,2024-07-17,False,False,normal
C002441,P0082,E12,F021,Comparación de Precios,Suministro de combustible,goods,91398.17,2023-02-24,False,False,normal
C003269,P0173,E11,F049,Licitación Pública,Obra de rehabilitación vial,works,179145.26,2026-06-16,False,False,normal
C000179,P0063,E09,F043,Licitación Pública,Adquisición de equipos informáticos,goods,15294.65,2023-12-25,False,False,normal
C002019,P0083,E17,F031,Licitación Pública,,goods,66222.91,2023-06-22,False,False,normal
C002669,P0000,E05,F001,Adjudicación Simplificada,Servicio de limpieza y vigilancia,services,96185.54,2025-06-03,False,False,normal
C003045,P0061,E12,F050,Concurso Público,Consultoría en ingeniería,services,68013.09,2023-11-20,False,False,normal
C001513,P0104,E12,F021,Adjudicación Simplificada,Adquisición de bienes de oficina,goods,10279.24,2024-01-03,False,False,normal
C001694,P0064,E08,F005,Comparación de Precios,Obra de rehabilitación vial,works,58708.5,2023-11-30,False,False,normal
C001173,P0178,E00,F038,Adjudicación Simplificada,Adquisición de equipos informáticos,goods,231189.02,2023-12-06,False,False,normal
C002245,P0094,E00,F041,Comparación de Precios,Obra de rehabilitación vial,works,123500.85,2025-11-22,False,False,normal
C002460,P0186,E03,F000,Concurso Público,Suministro de combustible,goods,43100.82,2025-02-04,False,False,normal
C001064,P0176,E09,F027,Comparación de Precios,Servicio de capacitación,services,46837.99,2025-01-29,False,False,normal
C700083,P0201,E16,F002,Concurso Público,Adquisición de materiales de construcción,goods,734441.49,2025-11-15,False,False,hard_negative_concentracion_legitima
C000912,P0155,E16,F042,Adjudicación Simplificada,Obra de rehabilitación vial,works,173081.66,2024-12-09,False,False,normal
C001564,P0078,E12,F021,Adjudicación Simplificada,Servicio de limpieza y vigilancia,services,50228.97,2023-03-27,False,False,normal
C002283,P0031,E10,F026,Contratación Directa,Adquisición de materiales de construcción,goods,,2023-09-04,False,False,normal
C002778,P0210,E13,F058,Contratación Directa,Adquisición de materiales de construcción,goods,68835.32,2024-06-22,False,False,normal
C001174,P0182,E01,F018,Comparación de Precios,Servicio de capacitación,services,50147.57,2023-09-18,False,False,normal
C000093,P0143,E09,F034,Comparación de Precios,Suministro de combustible,goods,76805.85,2026-05-22,False,False,normal
C000109,P0075,E11,F049,Comparación de Precios,Servicio de transporte,services,58831.76,2024-06-20,False,False,normal
C003190,P0074,E11,F049,Contratación Directa,Servicio de transporte,services,13529.04,2025-06-17,False,False,normal
C002478,P0001,E15,F035,Adjudicación Simplificada,Servicio de limpieza y vigilancia,services,117380.22,2024-09-14,False,False,normal
C003010,P0001,E03,F000,Adjudicación Simplificada,Adquisición de bienes de oficina,goods,9172.35,2024-10-11,False,False,normal
C003390,P0045,E11,F007,Adjudicación Simplificada,Servicio de capacitación,services,13915.69,2026-02-21,False,False,normal
C000032,P0139,E17,F003,Comparación de Precios,Obra de rehabilitación vial,works,124339.96,2024-10-29,False,False,normal
C002384,P0170,E13,F056,Concurso Público,Consultoría en ingeniería,services,98193.29,2025-03-21,False,False,normal
C002227,P0197,E17,F003,Comparación de Precios,Adquisición de bienes de oficina,goods,17428.86,2026-02-04,False,False,normal
C000358,P0188,E12,F050,Comparación de Precios,Obra de rehabilitación vial,works,36616.44,2023-04-10,False,False,normal
C002867,P0188,E07,F036,Adjudicación Simplificada,Servicio de limpieza y vigilancia,services,16640.37,2025-05-06,False,False,normal
C003167,P0095,E05,F009,Adjudicación Simplificada,Servicio de capacitación,services,53499.82,2024-05-07,False,False,normal
C002942,P0065,E07,F013,Adjudicación Simplificada,Adquisición de equipos informáticos,goods,53665.26,2026-06-11,False,False,normal
C000551,P0099,E13,F058,Adjudicación Simplificada,Adquisición de bienes de oficina,goods,8832.74,2026-03-28,False,False,normal
C003361,P0111,E07,F013,Comparación de Precios,Servicio de transporte,services,61126.21,2023-10-26,False,False,normal
C003449,P0047,E05,F052,Licitación Pública,Obra de rehabilitación vial,works,25225.4,2025-05-21,False,False,normal
C000014,P0059,E09,F033,Comparación de Precios,Consultoría en ingeniería,services,375838.02,2026-05-08,False,False,normal
C002519,P0166,E04,F053,Adjudicación Simplificada,Consultoría en ingeniería,services,48248.51,2025-12-19,False,False,normal
C003074,P0111,E13,F056,Comparación de Precios,Adquisición de equipos informáticos,goods,45919.11,2024-07-02,False,False,normal
C001497,P0176,E07,F036,Comparación de Precios,Adquisición de bienes de oficina,goods,38654.82,2026-04-11,False,False,normal
C003072,P0192,E00,F038,Comparación de Precios,Servicio de mantenimiento de infraestructura,services,62884.4,2023-05-11,False,False,normal
C000443,P0011,E13,F056,Adjudicación Simplificada,Servicio de capacitación,services,58219.88,2023-03-05,False,False,normal
C002129,P0027,E05,F037,Comparación de Precios,Servicio de limpieza y vigilancia,services,101728.14,2025-08-21,False,False,normal
C001849,P0209,E01,F017,Contratación Directa,Servicio de limpieza y vigilancia,services,106268.74,2026-02-12,False,False,normal
C001937,P0048,E12,F050,Comparación de Precios,Servicio de transporte,services,9554.5,2023-12-16,False,False,normal
C002057,P0213,E06,F006,Comparación de Precios,Adquisición de equipos informáticos,goods,20784.43,2025-08-12,False,False,normal
C002403,P0081,E12,F050,Concurso Público,Adquisición de equipos informáticos,goods,16697.2,2024-01-13,False,False,normal
C000734,P0174,E08,F028,Adjudicación Simplificada,Servicio de limpieza y vigilancia,services,21013.25,2025-10-09,False,False,normal
C002892,P0188,E13,F056,Comparación de Precios,Adquisición de equipos informáticos,goods,60446.24,2024-03-11,False,False,normal
C001071,P0112,E01,F017,Comparación de Precios,Adquisición de equipos informáticos,goods,35276.12,2023-05-17,False,False,normal
C700089,P0054,E10,F026,Licitación Pública,Servicio de capacitación,services,81238.66,2025-04-01,False,False,hard_negative_concentracion_legitima
C002601,P0155,E05,F045,Adjudicación Simplificada,Obra de rehabilitación vial,works,20048.25,2025-10-01,False,False,normal
C000761,P0013,E08,F014,Comparación de Precios,Servicio de transporte,services,14856.09,2023-12-01,False,False,normal
C002665,P0052,E09,F043,Adjudicación Simplificada,Adquisición de materiales de construcción,goods,1013803.0,2024-01-09,False,False,normal
C002096,P0079,E00,F010,Adjudicación Simplificada,Adquisición de materiales de construcción,goods,30927.87,2025-03-27,False,False,normal
C002972,P0045,E01,F017,Licitación Pública,Servicio de transporte,services,334537.82,2025-07-30,False,False,normal
C003254,P0108,E17,F012,Concurso Público,Adquisición de bienes de oficina,goods,48726.97,2025-08-08,False,False,normal
C001467,P0152,E08,F014,Adjudicación Simplificada,Servicio de mantenimiento de infraestructura,services,51962.72,2023-01-22,False,False,normal
C000017,P0033,E05,F037,Licitación Pública,Servicio de capacitación,services,45872.11,2023-05-28,False,False,normal
C001558,P0209,E15,F035,Concurso Público,Servicio de transporte,services,38291.78,2026-06-19,False,False,normal
C002567,P0170,E03,F000,Adjudicación Simplificada,Servicio de capacitación,services,158843.78,2023-09-29,False,False,normal
C002369,P0066,E00,F010,Adjudicación Simplificada,Adquisición de equipos informáticos,goods,34626.56,2024-06-23,False,False,normal
C700046,P0165,E01,F048,Licitación Pública,Servicio de transporte,services,832461.73,2025-07-24,False,False,hard_negative_concentracion_legitima
C001494,P0115,E12,F050,Adjudicación Simplificada,Servicio de capacitación,services,15913.78,2023-06-08,False,False,normal
C001800,P0082,E12,F050,Comparación de Precios,Adquisición de materiales de construcción,goods,3304.38,2023-03-17,False,False,normal
C003456,P0029,E09,F034,Comparación de Precios,Servicio de limpieza y vigilancia,services,73994.75,2026-01-30,False,False,normal
C900058,P0064,E00,F010,Comparación de Precios,Obra de rehabilitación vial,works,210997.4,2024-01-14,True,False,favoritismo_sembrado
C001236,P0121,E13,F055,Contratación Directa,Servicio de transporte,services,167113.03,2026-06-08,False,False,normal
C002216,P0022,E12,F021,Contratación Directa,Adquisición de materiales de construcción,goods,9054.82,2023-07-11,False,False,normal
C002641,P0066,E03,F000,Licitación Pública,Servicio de capacitación,services,26087.71,2025-03-15,False,False,normal
C001840,P0144,E05,F059,Comparación de Precios,Servicio de transporte,services,19930.17,2023-03-15,False,False,normal
C000196,P0134,E15,F035,Adjudicación Simplificada,Suministro de combustible,goods,134011.2,2025-12-17,False,False,normal
C001022,P0201,E07,F036,Adjudicación Simplificada,Adquisición de bienes de oficina,goods,57394.01,2024-09-06,False,False,normal
C001811,P0076,E16,F042,Comparación de Precios,Adquisición de bienes de oficina,goods,118237.29,2023-11-15,False,False,normal
C001584,P0052,E00,F041,Comparación de Precios,Servicio de transporte,services,50478.66,2025-06-24,False,False,normal
C001726,P0111,E14,F016,Comparación de Precios,Adquisición de bienes de oficina,goods,71013.8,2024-04-07,False,False,normal
C001047,P0095,E11,F049,Contratación Directa,Servicio de limpieza y vigilancia,services,32570.07,2023-11-09,False,False,normal
C900041,P0074,E06,F039,Contratación Directa,Adquisición de bienes de oficina,goods,218967.97,2026-06-15,True,False,favoritismo_sembrado
C002667,P0162,E08,F005,Adjudicación Simplificada,Obra de rehabilitación vial,works,49546.34,2024-06-01,False,False,normal
C000402,P0020,E02,F044,Comparación de Precios,Consultoría en ingeniería,services,40958.86,2024-07-29,False,False,normal
C002526,P0002,E14,F016,Licitación Pública,Adquisición de bienes de oficina,goods,80812.67,2025-08-22,False,False,normal
C001114,P0054,E05,F001,Adjudicación Simplificada,Adquisición de materiales de construcción,goods,20966.96,2025-12-05,False,False,normal
C001503,P0164,E06,F006,Contratación Directa,Adquisición de equipos informáticos,goods,263084.32,2025-02-08,False,False,normal
C001490,P0156,E06,F006,Licitación Pública,Servicio de capacitación,services,10700.53,2024-06-04,False,False,normal
C001983,P0004,E06,F039,Comparación de Precios,Servicio de capacitación,services,,2024-04-13,False,False,normal
C001110,P0144,E04,F019,Adjudicación Simplificada,Adquisición de bienes de oficina,goods,136025.72,2023-04-23,False,False,normal
C001345,P0101,E02,F051,,Suministro de combustible,goods,114063.9,2026-06-16,False,False,normal
C001023,P0111,E16,F002,Adjudicación Simplificada,Servicio de transporte,services,47275.64,2024-07-13,False,False,normal
C000263,P0030,E03,F000,Concurso Público,Adquisición de equipos informáticos,goods,9154.6,2023-08-25,False,False,normal
C000211,P0046,E03,F000,Contratación Directa,Adquisición de equipos informáticos,goods,19983.5,2023-03-07,False,False,normal
C900062,P0064,E00,F041,Contratación Directa,Adquisición de equipos informáticos,goods,87449.42,2024-07-18,True,False,favoritismo_sembrado
C002978,P0088,E14,F016,Adjudicación Simplificada,Suministro de combustible,goods,67094.65,2025-03-01,False,False,normal
C002069,P0198,E03,F000,Comparación de Precios,Servicio de capacitación,services,73748.64,2023-12-23,False,False,normal
C000927,P0071,E11,F007,Adjudicación Simplificada,Suministro de combustible,goods,204704.95,2025-05-16,False,False,normal
C002528,P0083,E08,F005,Contratación Directa,Obra de rehabilitación vial,works,28931.3,2025-09-10,False,False,normal
C002943,P0190,E02,F011,Licitación Pública,Suministro de combustible,goods,188637.12,2025-06-13,False,False,normal
C003189,P0198,E04,F030,Licitación Pública,Consultoría en ingeniería,services,95135.55,2023-10-07,False,False,normal
C001037,P0088,E07,F036,Adjudicación Simplificada,Consultoría en ingeniería,services,91715.57,2023-08-17,False,False,normal
C000893,P0159,E16,F057,Contratación Directa,Servicio de mantenimiento de infraestructura,services,10761.73,2023-06-12,False,False,normal
C000120,P0013,E06,F039,Concurso Público,Adquisición de materiales de construcción,goods,104668.03,2025-06-09,False,False,normal
C001691,P0042,E14,F040,Comparación de Precios,Consultoría en ingeniería,services,31210.35,2023-02-28,False,False,normal
C002310,P0117,E06,F039,Adjudicación Simplificada,Adquisición de bienes de oficina,goods,32589.19,2023-10-08,False,False,normal
C001480,P0019,E13,F058,Adjudicación Simplificada,Servicio de capacitación,services,104060.58,2025-08-28,False,False,normal
C000315,P0049,E13,F058,Adjudicación Simplificada,Servicio de mantenimiento de infraestructura,services,40455.59,2025-09-08,False,False,normal
C002256,P0129,E09,F033,Contratación Directa,Adquisición de materiales de construcción,goods,,2025-12-11,False,False,normal
C000052,P0176,E10,F026,Comparación de Precios,Suministro de combustible,goods,30385.95,2023-11-01,False,False,normal
C002488,P0217,E09,F034,Comparación de Precios,,goods,75978.12,2026-05-08,False,False,normal
C003165,P0007,E01,F048,Licitación Pública,Obra de rehabilitación vial,works,38095.4,2023-03-23,False,False,normal
C002307,P0075,E15,F035,Contratación Directa,Servicio de limpieza y vigilancia,services,87621.08,2025-02-03,False,False,normal
C000026,P0058,E11,F007,Adjudicación Simplificada,Consultoría en ingeniería,services,83116.25,2023-06-28,False,False,normal
C001006,P0061,E00,F038,Comparación de Precios,Consultoría en ingeniería,services,86042.19,2023-01-07,False,False,normal
C002772,P0009,E17,F031,Comparación de Precios,Adquisición de equipos informáticos,goods,63385.55,2023-05-17,False,False,normal
C000948,P0030,E03,F000,Concurso Público,Servicio de capacitación,services,38465.89,2026-05-12,False,False,normal
C003292,P0008,E01,F017,Comparación de Precios,Servicio de transporte,services,48303.21,2025-02-07,False,False,normal
C000929,P0003,E16,F002,Adjudicación Simplificada,Servicio de mantenimiento de infraestructura,services,25628.88,2024-11-16,False,False,normal
C003474,P0094,E07,F023,Contratación Directa,Obra de rehabilitación vial,works,27136.25,2025-06-28,False,False,normal
C001061,P0173,E11,F007,Contratación Directa,Obra de rehabilitación vial,works,71311.96,2023-11-17,False,False,normal
C900038,P0156,E02,F051,Adjudicación Simplificada,Adquisición de materiales de construcción,goods,280647.2,2024-07-14,True,False,favoritismo_sembrado
C800022,P0204,E05,F037,Concurso Público Abreviado,Servicio de transporte,services,131554.32,2026-04-28,False,True,fraccionamiento_sembrado
C003231,P0156,E09,F043,Concurso Público,Servicio de mantenimiento de infraestructura,services,115652.73,2024-08-19,False,False,normal
C003195,P0136,E11,F007,Comparación de Precios,Consultoría en ingeniería,services,106082.25,2026-03-22,False,False,normal
C001263,P0194,E07,F013,Adjudicación Simplificada,Obra de rehabilitación vial,works,76781.75,2025-03-04,False,False,normal
C000322,P0043,E03,F000,Adjudicación Simplificada,,services,14966.32,2025-08-03,False,False,normal
C002382,P0009,E13,F055,Contratación Directa,Adquisición de equipos informáticos,goods,34323.51,2024-02-04,False,False,normal
C002633,P0096,E09,F043,Adjudicación Simplificada,Servicio de capacitación,services,244629.08,2025-12-26,False,False,normal
C000805,P0211,E16,F042,Adjudicación Simplificada,Servicio de mantenimiento de infraestructura,services,28537.7,2023-06-13,False,False,normal
C000149,P0097,E17,F003,Comparación de Precios,Servicio de capacitación,services,28200.87,2026-01-03,False,False,normal
C003433,P0062,E09,F027,Comparación de Precios,Adquisición de equipos informáticos,goods,25887.36,2026-05-01,False,False,normal
C003346,P0137,E07,F023,,Adquisición de equipos informáticos,goods,156153.39,2023-10-11,False,False,normal
C002297,P0196,E08,F014,Concurso Público,Obra de rehabilitación vial,works,11674.55,2025-10-05,False,False,normal
C001070,P0069,E01,F048,Adjudicación Simplificada,Servicio de mantenimiento de infraestructura,services,47350.05,2026-01-18,False,False,normal
C002522,P0171,E11,F049,,Suministro de combustible,goods,18933.55,2025-11-19,False,False,normal
C000718,P0024,E01,F017,Contratación Directa,Adquisición de materiales de construcción,goods,130461.01,2025-06-01,False,False,normal
C002164,P0033,E09,F034,Licitación Pública,Servicio de mantenimiento de infraestructura,services,35766.24,2024-09-30,False,False,normal
C001598,P0141,E16,F057,Licitación Pública,Servicio de mantenimiento de infraestructura,services,74696.35,2024-09-15,False,False,normal
C700005,P0178,E01,F017,Licitación Pública,Servicio de capacitación,services,873586.2,2026-01-03,False,False,hard_negative_concentracion_legitima
C000463,P0156,E06,F006,Contratación Directa,Adquisición de bienes de oficina,goods,159465.89,2025-10-18,False,False,normal
C000240,P0203,E16,F002,Comparación de Precios,Servicio de transporte,services,18322.25,2024-11-08,False,False,normal
C002885,P0108,E15,F035,Comparación de Precios,Adquisición de bienes de oficina,goods,447720.92,2026-03-20,False,False,normal
C003244,P0202,E07,F036,Adjudicación Simplificada,Servicio de limpieza y vigilancia,services,79843.28,2023-10-15,False,False,normal
C000033,P0030,E16,F057,Comparación de Precios,Adquisición de materiales de construcción,goods,271367.27,2026-05-08,False,False,normal
C003071,P0219,E09,F034,Adjudicación Simplificada,Adquisición de equipos informáticos,goods,19788.03,2024-05-24,False,False,normal
C000712,P0196,E07,F023,Comparación de Precios,Adquisición de bienes de oficina,goods,93173.82,2023-02-16,False,False,normal
C000527,P0038,E17,F012,Adjudicación Simplificada,Adquisición de equipos informáticos,goods,178199.67,2024-02-12,False,False,normal
C000184,P0008,E15,F035,Adjudicación Simplificada,Servicio de capacitación,services,83369.7,2025-08-10,False,False,normal
C001565,P0066,E11,F007,Contratación Directa,Servicio de limpieza y vigilancia,services,40404.73,2024-08-30,False,False,normal
C002419,P0025,E10,F026,Adjudicación Simplificada,Servicio de limpieza y vigilancia,services,77087.93,2023-08-21,False,False,normal
C003479,P0184,E12,F050,Adjudicación Simplificada,Suministro de combustible,goods,34454.2,2025-10-16,False,False,normal
C001720,P0006,E04,F019,Comparación de Precios,Adquisición de equipos informáticos,goods,135676.38,2024-02-25,False,False,normal
C002159,P0212,E15,F035,Adjudicación Simplificada,Servicio de capacitación,services,418935.59,2026-03-05,False,False,normal
C001483,P0080,E00,F038,Comparación de Precios,Suministro de combustible,goods,20053.38,2024-08-13,False,False,normal
C002921,P0147,E01,F017,Licitación Pública,Servicio de limpieza y vigilancia,services,58152.7,2023-10-29,False,False,normal
C002355,P0099,E10,F026,Comparación de Precios,Obra de rehabilitación vial,works,95383.86,2024-08-05,False,False,normal
C003137,P0025,E15,F035,Comparación de Precios,Servicio de mantenimiento de infraestructura,services,18997.42,2023-05-23,False,False,normal
C001894,P0033,E05,F009,Adjudicación Simplificada,Consultoría en ingeniería,services,21383.5,2025-12-10,False,False,normal
C002293,P0040,E11,F049,Adjudicación Simplificada,Consultoría en ingeniería,services,93879.3,2023-10-29,False,False,normal
C001414,P0167,E15,F035,Licitación Pública,Servicio de capacitación,services,113713.0,2025-09-30,False,False,normal
C002700,P0103,E09,F034,Adjudicación Simplificada,Obra de rehabilitación vial,works,112865.59,2026-01-14,False,False,normal
C001001,P0022,E07,F023,Comparación de Precios,Servicio de capacitación,services,17034.85,2024-05-14,False,False,normal
C002404,P0063,E11,F054,Adjudicación Simplificada,Suministro de combustible,goods,66223.03,2025-04-19,False,False,normal
C002003,P0006,E10,F026,Concurso Público,Adquisición de equipos informáticos,goods,22170.42,2024-11-26,False,False,normal
C000070,P0084,E09,F034,Licitación Pública,Servicio de transporte,services,116492.86,2026-01-13,False,False,normal
C001956,P0003,E15,F035,Comparación de Precios,Consultoría en ingeniería,services,120849.69,2023-06-30,False,False,normal
C001831,P0159,E10,F004,Adjudicación Simplificada,Consultoría en ingeniería,services,49242.62,2025-12-03,False,False,normal
C700036,P0062,E14,F016,Licitación Pública,Adquisición de equipos informáticos,goods,673328.68,2024-08-06,False,False,hard_negative_concentracion_legitima
C000807,P0143,E10,F008,Comparación de Precios,Servicio de mantenimiento de infraestructura,services,116797.6,2025-04-08,False,False,normal
C001593,P0070,E13,F055,Concurso Público,Obra de rehabilitación vial,works,1613399.67,2023-02-02,False,False,normal
C003018,P0126,E05,F009,Concurso Público,Suministro de combustible,goods,28683.24,2026-01-12,False,False,normal
C002172,P0118,E16,F042,Comparación de Precios,Servicio de transporte,services,155314.11,2024-02-24,False,False,normal
C002634,P0057,E07,F036,Contratación Directa,Suministro de combustible,goods,56981.72,2023-05-06,False,False,normal
C000670,P0012,E03,F000,Licitación Pública,Adquisición de bienes de oficina,goods,301336.37,2023-07-06,False,False,normal
C000410,P0003,E01,F018,Adjudicación Simplificada,Adquisición de equipos informáticos,goods,71013.49,2023-11-13,False,False,normal
C002406,P0036,E16,F057,Contratación Directa,Servicio de limpieza y vigilancia,services,119361.22,2026-05-27,False,False,normal
C001360,P0176,E01,F018,Licitación Pública,Servicio de mantenimiento de infraestructura,services,441735.19,2023-02-17,False,False,normal
C002117,P0186,E08,F028,Concurso Público,Adquisición de bienes de oficina,goods,22494.7,2025-10-19,False,False,normal
C003019,P0107,E17,F012,Adjudicación Simplificada,Obra de rehabilitación vial,works,47152.92,2024-02-27,False,False,normal
C001839,P0110,E12,F021,Adjudicación Simplificada,Servicio de mantenimiento de infraestructura,services,21917.76,2025-03-23,False,False,normal
C000605,P0161,E09,F027,Comparación de Precios,Suministro de combustible,goods,158023.33,2026-01-13,False,False,normal
C001221,P0180,E04,F019,Adjudicación Simplificada,Obra de rehabilitación vial,works,32210.45,2026-06-18,False,False,normal
C000937,P0160,E07,F013,Comparación de Precios,Adquisición de materiales de construcción,goods,128821.62,2026-05-08,False,False,normal
C002174,P0000,E11,F054,Adjudicación Simplificada,Servicio de capacitación,services,91538.24,2024-10-08,False,False,normal
C700044,P0165,E01,F018,Licitación Pública,Servicio de transporte,services,686455.87,2026-06-26,False,False,hard_negative_concentracion_legitima
C000170,P0171,E15,F035,Adjudicación Simplificada,Adquisición de bienes de oficina,goods,393239.8,2024-07-30,False,False,normal
C000538,P0019,E16,F024,Comparación de Precios,Adquisición de equipos informáticos,goods,96784.4,2024-06-03,False,False,normal
C000802,P0145,E07,F036,Comparación de Precios,Obra de rehabilitación vial,works,827765.28,2024-09-29,False,False,normal
C001340,P0115,E04,F053,Adjudicación Simplificada,Suministro de combustible,goods,252696.17,2026-06-21,False,False,normal
C001681,P0101,E03,F000,Adjudicación Simplificada,Obra de rehabilitación vial,works,87338.52,2023-01-10,False,False,normal
C000188,P0088,E03,F000,Adjudicación Simplificada,Obra de rehabilitación vial,works,112860.79,2024-03-12,False,False,normal
C000387,P0209,E10,F026,Adjudicación Simplificada,Suministro de combustible,goods,365460.89,2024-09-22,False,False,normal
C000012,P0205,E13,F058,Contratación Directa,Obra de rehabilitación vial,works,35261.98,2023-06-01,False,False,normal
C000299,P0105,E06,F039,Adjudicación Simplificada,Adquisición de materiales de construcción,goods,32328.58,2023-07-08,False,False,normal
C002319,P0117,E10,F026,Concurso Público,Servicio de capacitación,services,14588.77,2026-03-25,False,False,normal
C000478,P0072,E07,F013,Concurso Público,Suministro de combustible,goods,34664.18,2024-06-20,False,False,normal
C001624,P0092,E05,F001,Comparación de Precios,Consultoría en ingeniería,services,94866.38,2025-02-08,False,False,normal
C000366,P0113,E01,F048,Comparación de Precios,Adquisición de equipos informáticos,goods,119105.05,2024-09-06,False,False,normal
C700082,P0201,E16,F057,Licitación Pública,Adquisición de materiales de construcción,goods,118634.9,2026-05-10,False,False,hard_negative_concentracion_legitima
C700001,P0178,E01,F017,Adjudicación Simplificada,Servicio de capacitación,services,857630.85,2024-04-29,False,False,hard_negative_concentracion_legitima
C002748,P0136,E11,F054,Adjudicación Simplificada,,services,17733.25,2023-12-20,False,False,normal
C000368,P0020,E03,F000,Licitación Pública,Servicio de mantenimiento de infraestructura,services,78734.95,2024-04-12,False,False,normal
C700076,P0133,E04,F019,Licitación Pública,Obra de rehabilitación vial,works,807416.94,2026-01-25,False,False,hard_negative_concentracion_legitima
C003111,P0064,E06,F006,Adjudicación Simplificada,Adquisición de equipos informáticos,goods,102765.81,2024-05-02,False,False,normal
C001611,P0188,E13,F058,Adjudicación Simplificada,Servicio de transporte,services,24951.75,2026-02-20,False,False,normal
C700022,P0143,E06,F006,Concurso Público,Servicio de transporte,services,787476.36,2024-03-12,False,False,hard_negative_concentracion_legitima
C001754,P0100,E14,F016,Comparación de Precios,Servicio de limpieza y vigilancia,services,49485.63,2023-02-27,False,False,normal
C000752,P0121,E15,F035,Adjudicación Simplificada,Obra de rehabilitación vial,works,44214.07,2023-12-24,False,False,normal
C001798,P0050,E11,F049,,Servicio de mantenimiento de infraestructura,services,15005.22,2023-09-24,False,False,normal
C700086,P0201,E16,F042,Licitación Pública,Adquisición de materiales de construcción,goods,323520.09,2025-02-27,False,False,hard_negative_concentracion_legitima
C000879,P0129,E04,F030,Adjudicación Simplificada,Servicio de transporte,services,22817.01,2026-01-08,False,False,normal
C000134,P0004,E06,F039,Comparación de Precios,Servicio de limpieza y vigilancia,services,321842.19,2023-07-31,False,False,normal
C002661,P0122,E00,F041,Adjudicación Simplificada,Adquisición de bienes de oficina,goods,214657.11,2026-06-23,False,False,normal
C002091,P0017,E05,F059,Adjudicación Simplificada,Adquisición de equipos informáticos,goods,132901.69,2024-01-12,False,False,normal
C000229,P0124,E05,F047,Licitación Pública,Adquisición de equipos informáticos,goods,59240.54,2025-05-13,False,False,normal
C003488,P0058,E08,F028,Licitación Pública,Adquisición de equipos informáticos,goods,423847.13,2023-05-25,False,False,normal
C000439,P0169,E00,F041,Contratación Directa,Obra de rehabilitación vial,works,21009.14,2025-10-16,False,False,normal
C000621,P0074,E16,F024,Adjudicación Simplificada,Servicio de capacitación,services,14669.11,2026-06-20,False,False,normal
C002031,P0037,E07,F036,Adjudicación Simplificada,Servicio de mantenimiento de infraestructura,services,94091.37,2024-09-16,False,False,normal
C003285,P0152,E10,F004,Adjudicación Simplificada,Adquisición de equipos informáticos,goods,33515.41,2025-06-20,False,False,normal
C003138,P0049,E00,F010,Adjudicación Simplificada,Suministro de combustible,goods,38249.06,2025-10-10,False,False,normal
C002045,P0013,E09,F034,Contratación Directa,Suministro de combustible,goods,2452.13,2023-03-07,False,False,normal
C001175,P0082,E01,F048,Comparación de Precios,Servicio de mantenimiento de infraestructura,services,226358.03,2023-12-27,False,False,normal
C001613,P0113,E05,F009,Licitación Pública,Adquisición de materiales de construcción,goods,16938.18,2024-11-22,False,False,normal
C001563,P0129,E17,F003,Adjudicación Simplificada,Suministro de combustible,goods,27972.19,2024-05-06,False,False,normal
C002597,P0018,E11,F054,,Servicio de limpieza y vigilancia,services,216473.54,2026-06-23,False,False,normal
C002541,P0201,E11,F054,Licitación Pública,Servicio de transporte,services,53048.0,2025-06-28,False,False,normal
C002118,P0100,E01,F017,Comparación de Precios,Adquisición de equipos informáticos,goods,40418.03,2025-03-22,False,False,normal
C001011,P0103,E01,F048,Concurso Público,Servicio de limpieza y vigilancia,services,142728.95,2024-07-09,False,False,normal
C001171,P0006,E13,F055,Comparación de Precios,Adquisición de materiales de construcción,goods,89083.4,2026-03-24,False,False,normal
C002865,P0171,E02,F011,Contratación Directa,Suministro de combustible,goods,218875.51,2025-08-11,False,False,normal
C002471,P0183,E01,F048,Contratación Directa,Consultoría en ingeniería,services,417751.45,2023-11-12,False,False,normal
C002221,P0189,E05,F037,Adjudicación Simplificada,Adquisición de equipos informáticos,goods,47971.39,2023-01-14,False,False,normal
C000486,P0207,E10,F004,Adjudicación Simplificada,Servicio de transporte,services,63318.91,2023-05-24,False,False,normal
C700009,P0178,E01,F017,Adjudicación Simplificada,Servicio de capacitación,services,270405.8,2025-03-24,False,False,hard_negative_concentracion_legitima
C700027,P0180,E16,F042,Licitación Pública,Obra de rehabilitación vial,works,282324.17,2024-01-11,False,False,hard_negative_concentracion_legitima
C000051,P0200,E05,F001,Licitación Pública,Obra de rehabilitación vial,works,137244.47,2025-11-12,False,False,normal
C002637,P0065,E12,F050,Adjudicación Simplificada,Suministro de combustible,goods,106075.61,2024-10-23,False,False,normal
C001052,P0115,E08,F014,Contratación Directa,Adquisición de equipos informáticos,goods,25590.48,2023-03-15,False,False,normal
C000501,P0186,E01,F018,Comparación de Precios,Obra de rehabilitación vial,works,45537.71,2026-02-12,False,False,normal
C001295,P0218,E09,F027,Concurso Público,Adquisición de equipos informáticos,goods,57834.67,2026-05-21,False,False,normal
C000270,P0087,E10,F026,Licitación Pública,Adquisición de materiales de construcción,goods,10580.74,2024-07-21,False,False,normal
C003006,P0001,E17,F031,Contratación Directa,Adquisición de equipos informáticos,goods,141997.36,2025-06-22,False,False,normal
C001213,P0064,E09,F043,Licitación Pública,Adquisición de equipos informáticos,goods,22344.69,2025-09-27,False,False,normal
C000857,P0211,E14,F016,Comparación de Precios,Adquisición de equipos informáticos,goods,14268.05,2026-06-04,False,False,normal
C001765,P0127,E01,F048,Comparación de Precios,Obra de rehabilitación vial,works,40661.52,2023-06-10,False,False,normal
C002115,P0032,E13,F058,Licitación Pública,Servicio de mantenimiento de infraestructura,services,18614.16,2026-02-15,False,False,normal
C002784,P0072,E07,F023,Comparación de Precios,Adquisición de materiales de construcción,goods,15488.23,2024-07-30,False,False,normal
C001018,P0049,E03,F000,Comparación de Precios,Adquisición de bienes de oficina,goods,34898.94,2024-12-04,False,False,normal
C000183,P0115,E11,F049,Concurso Público,Suministro de combustible,goods,124939.27,2026-06-12,False,False,normal
C002287,P0172,E03,F000,Contratación Directa,Adquisición de bienes de oficina,goods,37365.72,2024-09-03,False,False,normal
C003317,P0072,E11,F049,Concurso Público,Adquisición de equipos informáticos,goods,100031.61,2024-09-07,False,False,normal
C002615,P0163,E14,F040,Concurso Público,Servicio de limpieza y vigilancia,services,,2026-04-10,False,False,normal
C001222,P0040,E07,F036,Adjudicación Simplificada,Consultoría en ingeniería,services,134873.99,2026-02-01,False,False,normal
C000139,P0040,E02,F025,Licitación Pública,Obra de rehabilitación vial,works,17148.82,2023-06-18,False,False,normal
C002251,P0185,E17,F012,Licitación Pública,Adquisición de bienes de oficina,goods,126147.48,2023-02-19,False,False,normal
C000599,P0204,E10,F004,Contratación Directa,Consultoría en ingeniería,services,8816.98,2023-02-16,False,False,normal
C001242,P0201,E12,F021,Comparación de Precios,Adquisición de bienes de oficina,goods,48234.4,2024-04-30,False,False,normal
C003425,P0197,E01,F048,Adjudicación Simplificada,Consultoría en ingeniería,services,92067.32,2024-06-12,False,False,normal
C700070,P0156,E02,F044,Licitación Pública,Servicio de mantenimiento de infraestructura,services,788454.79,2025-02-18,False,False,hard_negative_concentracion_legitima
C002181,P0062,E05,F001,Comparación de Precios,Servicio de mantenimiento de infraestructura,services,29685.43,2023-12-15,False,False,normal
C000438,P0098,E16,F057,Licitación Pública,Suministro de combustible,goods,29324.56,2023-06-20,False,False,normal
C001616,P0025,E08,F028,Adjudicación Simplificada,Consultoría en ingeniería,services,44816.67,2023-07-14,False,False,normal
C001159,P0069,E14,F029,Comparación de Precios,Adquisición de bienes de oficina,goods,47546.49,2023-07-05,False,False,normal
C000144,P0175,E00,F038,Adjudicación Simplificada,Adquisición de bienes de oficina,goods,31950.21,2024-10-25,False,False,normal
C003204,P0140,E08,F020,Comparación de Precios,Adquisición de bienes de oficina,goods,151243.43,2023-01-13,False,False,normal
C003158,P0073,E13,F056,Adjudicación Simplificada,Obra de rehabilitación vial,works,25295.93,2024-11-17,False,False,normal
C000298,P0167,E15,F035,Comparación de Precios,Adquisición de materiales de construcción,goods,26649.18,2025-08-16,False,False,normal
C001621,P0092,E01,F048,Comparación de Precios,Consultoría en ingeniería,services,195458.9,2025-12-25,False,False,normal
C000457,P0020,E11,F054,Comparación de Precios,,goods,60921.09,2026-04-27,False,False,normal
C003160,P0153,E12,F021,Comparación de Precios,Adquisición de bienes de oficina,goods,21216.55,2026-03-20,False,False,normal
C003125,P0065,E07,F036,Licitación Pública,,goods,81196.63,2025-10-17,False,False,normal
C001777,P0121,E07,F013,Comparación de Precios,Servicio de limpieza y vigilancia,services,14110.93,2023-02-26,False,False,normal
C001979,P0069,E01,F018,Adjudicación Simplificada,Servicio de transporte,services,73435.88,2024-02-24,False,False,normal
C000251,P0008,E00,F041,Adjudicación Simplificada,Obra de rehabilitación vial,works,48144.92,2025-05-18,False,False,normal
C001234,P0013,E01,F048,,Servicio de transporte,services,142141.52,2025-08-25,False,False,normal
C000655,P0167,E02,F044,Adjudicación Simplificada,Servicio de mantenimiento de infraestructura,services,41212.05,2025-04-10,False,False,normal
C000291,P0142,E14,F040,Adjudicación Simplificada,Adquisición de materiales de construcción,goods,53411.97,2025-09-24,False,False,normal
C001877,P0024,E08,F015,Adjudicación Simplificada,Servicio de capacitación,services,61555.14,2024-11-07,False,False,normal
C002623,P0100,E17,F031,Contratación Directa,Consultoría en ingeniería,services,30619.96,2023-02-06,False,False,normal
C000279,P0191,E11,F054,Concurso Público,Suministro de combustible,goods,43304.65,2024-03-29,False,False,normal
C003037,P0093,E16,F057,Adjudicación Simplificada,Servicio de limpieza y vigilancia,services,10503.43,2023-09-03,False,False,normal
C002628,P0100,E14,F040,Comparación de Precios,Servicio de limpieza y vigilancia,services,39678.83,2024-06-05,False,False,normal
C003011,P0028,E02,F025,Adjudicación Simplificada,Adquisición de bienes de oficina,goods,43833.5,2025-08-01,False,False,normal
C001426,P0207,E02,F044,Contratación Directa,Servicio de capacitación,services,22985.23,2024-07-13,False,False,normal
C000325,P0213,E01,F017,Adjudicación Simplificada,Adquisición de materiales de construcción,goods,14446.92,2023-08-10,False,False,normal
C000736,P0038,E07,F036,Adjudicación Simplificada,Suministro de combustible,goods,,2024-03-09,False,False,normal
C002577,P0180,E09,F033,Adjudicación Simplificada,Adquisición de equipos informáticos,goods,39651.87,2025-11-03,False,False,normal
C000534,P0030,E16,F057,Licitación Pública,Servicio de mantenimiento de infraestructura,services,9892.39,2024-03-28,False,False,normal
C000842,P0093,E05,F032,Comparación de Precios,Servicio de mantenimiento de infraestructura,services,18329.02,2026-05-08,False,False,normal
C700021,P0143,E06,F006,Licitación Pública,Servicio de transporte,services,687690.31,2025-11-20,False,False,hard_negative_concentracion_legitima
C000838,P0007,E09,F043,Adjudicación Simplificada,Adquisición de materiales de construcción,goods,5801.22,2024-09-26,False,False,normal
C001068,P0053,E08,F014,Licitación Pública,Servicio de capacitación,services,142653.91,2023-10-28,False,False,normal
C002881,P0015,E15,F035,Adjudicación Simplificada,Adquisición de equipos informáticos,goods,32531.0,2024-12-04,False,False,normal
C002576,P0041,E10,F004,Comparación de Precios,Consultoría en ingeniería,services,120281.85,2026-02-20,False,False,normal
C001778,P0065,E02,F025,Adjudicación Simplificada,Consultoría en ingeniería,services,214865.25,2025-08-21,False,False,normal
C003487,P0210,E12,F050,Contratación Directa,Obra de rehabilitación vial,works,163481.7,2023-01-04,False,False,normal
C000076,P0073,E16,F002,Concurso Público,Obra de rehabilitación vial,works,84511.7,2024-08-18,False,False,normal
C001334,P0179,E13,F058,Comparación de Precios,Suministro de combustible,goods,21949.96,2023-09-12,False,False,normal
C000414,P0062,E13,F058,Contratación Directa,Suministro de combustible,goods,35213.27,2025-10-01,False,False,normal
C001952,P0094,E07,F036,Adjudicación Simplificada,Adquisición de materiales de construcción,goods,37137.21,2023-12-03,False,False,normal
C001117,P0084,E11,F049,Contratación Directa,Servicio de capacitación,services,133491.88,2023-01-05,False,False,normal
C001313,P0205,E06,F006,,Adquisición de bienes de oficina,goods,81958.24,2023-05-19,False,False,normal
C001116,P0132,E04,F019,Adjudicación Simplificada,Servicio de mantenimiento de infraestructura,services,45580.62,2024-07-23,False,False,normal
C002022,P0215,E06,F039,Comparación de Precios,Adquisición de bienes de oficina,goods,49041.05,2025-10-01,False,False,normal
C001509,P0123,E16,F042,Adjudicación Simplificada,Servicio de transporte,services,350959.23,2023-03-28,False,False,normal
C002149,P0133,E03,F000,Licitación Pública,Consultoría en ingeniería,services,37215.76,2026-04-18,False,False,normal
C000495,P0174,E10,F026,Comparación de Precios,Consultoría en ingeniería,services,18302.91,2025-08-18,False,False,normal
C000321,P0030,E13,F056,Comparación de Precios,Adquisición de bienes de oficina,goods,5742.54,2023-10-29,False,False,normal
C000450,P0087,E06,F039,Comparación de Precios,Servicio de mantenimiento de infraestructura,services,109202.51,2023-11-29,False,False,normal
C003276,P0021,E15,F035,Adjudicación Simplificada,Adquisición de bienes de oficina,goods,48591.4,2026-02-18,False,False,normal
C900066,P0064,E00,F041,Contratación Directa,Obra de rehabilitación vial,works,280644.98,2024-09-23,True,False,favoritismo_sembrado
C000124,P0131,E04,F019,Adjudicación Simplificada,Servicio de limpieza y vigilancia,services,23792.21,2024-03-01,False,False,normal
C000314,P0088,E17,F003,Contratación Directa,Adquisición de materiales de construcción,goods,28894.01,2025-11-30,False,False,normal
C000810,P0205,E11,F007,Adjudicación Simplificada,Obra de rehabilitación vial,works,54134.24,2025-10-15,False,False,normal
C000305,P0198,E15,F035,Comparación de Precios,Servicio de limpieza y vigilancia,services,29293.57,2023-10-29,False,False,normal
C001074,P0099,E04,F019,Comparación de Precios,Servicio de mantenimiento de infraestructura,services,71706.4,2024-09-17,False,False,normal
C001041,P0094,E04,F019,Adjudicación Simplificada,,works,82855.36,2024-05-18,False,False,normal
C000408,P0097,E02,F044,Adjudicación Simplificada,Consultoría en ingeniería,services,44059.78,2024-06-12,False,False,normal
C001580,P0010,E09,F033,Comparación de Precios,Obra de rehabilitación vial,works,204321.76,2024-07-26,False,False,normal
C000700,P0162,E01,F048,Licitación Pública,Servicio de mantenimiento de infraestructura,services,77617.0,2023-05-10,False,False,normal
C002302,P0060,E12,F021,Licitación Pública,Servicio de transporte,services,164852.95,2024-07-25,False,False,normal
C000511,P0159,E15,F035,Adjudicación Simplificada,Adquisición de bienes de oficina,goods,282064.36,2024-02-26,False,False,normal
C001395,P0062,E16,F002,Adjudicación Simplificada,Adquisición de bienes de oficina,goods,185606.99,2026-03-29,False,False,normal
C000594,P0194,E06,F006,Licitación Pública,Servicio de capacitación,services,65806.24,2025-07-06,False,False,normal
C001738,P0156,E12,F021,Comparación de Precios,Servicio de transporte,services,54609.67,2023-07-25,False,False,normal
C000030,P0044,E08,F022,Adjudicación Simplificada,Obra de rehabilitación vial,works,63994.08,2023-04-03,False,False,normal
C000351,P0213,E02,F011,Comparación de Precios,Consultoría en ingeniería,services,35297.73,2026-02-26,False,False,normal
C000203,P0073,E00,F038,Comparación de Precios,Adquisición de bienes de oficina,goods,55417.12,2025-10-14,False,False,normal
C002124,P0063,E17,F012,Licitación Pública,Suministro de combustible,goods,341214.44,2023-06-29,False,False,normal
C001366,P0141,E17,F003,Comparación de Precios,Suministro de combustible,goods,38130.48,2026-04-07,False,False,normal
C000567,P0172,E13,F055,Adjudicación Simplificada,Servicio de transporte,services,45643.82,2023-06-24,False,False,normal
C000063,P0094,E05,F052,,Obra de rehabilitación vial,works,81953.58,2025-02-18,False,False,normal
C001320,P0023,E09,F033,Adjudicación Simplificada,Adquisición de equipos informáticos,goods,139155.17,2025-05-22,False,False,normal
C002299,P0214,E11,F054,Licitación Pública,Suministro de combustible,goods,430912.74,2025-04-24,False,False,normal
C001671,P0143,E17,F031,Licitación Pública,Suministro de combustible,goods,5575.98,2026-04-08,False,False,normal
C700002,P0178,E01,F048,Concurso Público,Servicio de capacitación,services,431661.24,2025-04-30,False,False,hard_negative_concentracion_legitima
C000156,P0128,E08,F028,Adjudicación Simplificada,Adquisición de materiales de construcción,goods,137452.25,2026-05-29,False,False,normal
C002722,P0202,E02,F051,Comparación de Precios,Obra de rehabilitación vial,works,56613.74,2023-10-26,False,False,normal
C003253,P0164,E00,F041,Adjudicación Simplificada,Servicio de mantenimiento de infraestructura,services,534552.95,2025-09-24,False,False,normal
C001957,P0207,E08,F014,Licitación Pública,Suministro de combustible,goods,18290.37,2024-01-20,False,False,normal
C000192,P0030,E04,F019,Contratación Directa,Adquisición de materiales de construcción,goods,82129.12,2023-12-28,False,False,normal
C002379,P0026,E00,F010,Adjudicación Simplificada,Adquisición de materiales de construcción,goods,18600.38,2026-06-13,False,False,normal
C003103,P0083,E14,F040,Comparación de Precios,Servicio de limpieza y vigilancia,services,35170.11,2023-06-10,False,False,normal
C000691,P0091,E03,F000,Adjudicación Simplificada,Adquisición de equipos informáticos,goods,91946.8,2024-11-11,False,False,normal
C001874,P0100,E16,F057,Comparación de Precios,Suministro de combustible,goods,59115.23,2025-06-04,False,False,normal
C003228,P0080,E07,F013,Adjudicación Simplificada,Servicio de transporte,services,13922.89,2024-12-01,False,False,normal
C000289,P0050,E10,F026,Licitación Pública,Consultoría en ingeniería,services,612791.36,2025-03-24,False,False,normal
C000166,P0159,E04,F019,Adjudicación Simplificada,Servicio de transporte,services,20409.48,2025-02-27,False,False,normal
C001769,P0043,E16,F042,Comparación de Precios,Adquisición de materiales de construcción,goods,4738.95,2023-08-18,False,False,normal
C000415,P0162,E17,F003,Adjudicación Simplificada,Suministro de combustible,goods,92411.79,2024-11-15,False,False,normal
C001370,P0030,E15,F035,Adjudicación Simplificada,Servicio de mantenimiento de infraestructura,services,37144.89,2025-06-01,False,False,normal
C003229,P0031,E07,F013,Adjudicación Simplificada,Servicio de capacitación,services,14317.86,2025-02-18,False,False,normal
C002749,P0046,E04,F019,Concurso Público,Adquisición de materiales de construcción,goods,108386.31,2025-07-24,False,False,normal
C003493,P0001,E12,F021,Comparación de Precios,Adquisición de bienes de oficina,goods,20510.05,2026-03-12,False,False,normal
C001135,P0034,E10,F026,Adjudicación Simplificada,Adquisición de equipos informáticos,goods,36875.33,2026-02-04,False,False,normal
C001501,P0115,E06,F039,,Adquisición de materiales de construcción,goods,108634.89,2025-06-06,False,False,normal
C000869,P0092,E11,F054,Licitación Pública,Obra de rehabilitación vial,works,46367.79,2023-08-12,False,False,normal
C003489,P0086,E10,F008,Adjudicación Simplificada,Servicio de mantenimiento de infraestructura,services,8194.58,2023-01-25,False,False,normal
C001789,P0176,E11,F007,Comparación de Precios,Adquisición de equipos informáticos,goods,15992.34,2025-05-02,False,False,normal
C002288,P0111,E04,F053,Licitación Pública,Adquisición de materiales de construcción,goods,56408.34,2023-01-30,False,False,normal
C002025,P0173,E12,F050,Adjudicación Simplificada,Servicio de mantenimiento de infraestructura,services,119194.82,2026-05-11,False,False,normal
C000194,P0056,E10,F004,Adjudicación Simplificada,Adquisición de materiales de construcción,goods,196346.14,2025-03-09,False,False,normal
C002042,P0170,E16,F002,Comparación de Precios,Servicio de capacitación,services,70186.78,2025-10-28,False,False,normal
C001003,P0061,E00,F010,Licitación Pública,Servicio de transporte,services,2771.02,2025-04-22,False,False,normal
C002090,P0057,E14,F029,Contratación Directa,Servicio de mantenimiento de infraestructura,services,35201.99,2024-11-21,False,False,normal
C700090,P0054,E10,F026,Concurso Público,Servicio de capacitación,services,438712.95,2025-07-02,False,False,hard_negative_concentracion_legitima
C000029,P0169,E15,F035,Adjudicación Simplificada,Adquisición de equipos informáticos,goods,342468.35,2024-02-23,False,False,normal
C001097,P0075,E13,F056,Comparación de Precios,Servicio de transporte,services,38316.46,2024-04-09,False,False,normal
C002232,P0082,E10,F008,Licitación Pública,Servicio de limpieza y vigilancia,services,114092.52,2024-11-19,False,False,normal
C900061,P0064,E00,F010,Comparación de Precios,Obra de rehabilitación vial,works,117576.69,2025-10-19,True,False,favoritismo_sembrado
C003349,P0047,E15,F035,Adjudicación Simplificada,Suministro de combustible,goods,47464.45,2023-03-18,False,False,normal
C002566,P0183,E06,F039,Adjudicación Simplificada,Adquisición de equipos informáticos,goods,15146.22,2024-06-22,False,False,normal
C002750,P0129,E14,F029,Contratación Directa,Adquisición de bienes de oficina,goods,80778.45,2023-10-13,False,False,normal
C000490,P0099,E10,F026,Comparación de Precios,Servicio de mantenimiento de infraestructura,services,12676.34,2024-07-11,False,False,normal
C002971,P0093,E02,F044,,Adquisición de equipos informáticos,goods,23495.09,2023-09-09,False,False,normal
C000790,P0104,E16,F002,Adjudicación Simplificada,Servicio de capacitación,services,16469.3,2025-03-25,False,False,normal
C000657,P0060,E12,F050,Licitación Pública,Servicio de mantenimiento de infraestructura,services,38132.59,2025-07-24,False,False,normal
C002688,P0090,E13,F055,Licitación Pública,Servicio de limpieza y vigilancia,services,76389.15,2025-05-18,False,False,normal
C002254,P0126,E14,F040,,Suministro de combustible,goods,44707.82,2023-01-29,False,False,normal
C001444,P0015,E01,F017,Comparación de Precios,Adquisición de bienes de oficina,goods,30892.74,2023-02-02,False,False,normal
C002381,P0068,E11,F049,Contratación Directa,Obra de rehabilitación vial,works,100977.68,2023-02-27,False,False,normal
C002421,P0094,E06,F039,Contratación Directa,Servicio de mantenimiento de infraestructura,services,9217.69,2023-02-17,False,False,normal
C003131,P0100,E16,F002,Adjudicación Simplificada,Adquisición de equipos informáticos,goods,16153.15,2024-06-05,False,False,normal
C000461,P0152,E04,F030,Comparación de Precios,Servicio de limpieza y vigilancia,services,65565.18,2024-01-05,False,False,normal
C002561,P0207,E07,F036,Adjudicación Simplificada,Consultoría en ingeniería,services,101338.19,2025-02-01,False,False,normal
C003271,P0073,E12,F050,Adjudicación Simplificada,Obra de rehabilitación vial,works,68500.19,2025-10-11,False,False,normal
C001080,P0172,E15,F035,Contratación Directa,Servicio de capacitación,services,81485.07,2024-09-13,False,False,normal
C000465,P0017,E00,F041,Comparación de Precios,Servicio de capacitación,services,65688.52,2026-03-28,False,False,normal
C000080,P0202,E08,F005,Concurso Público,Adquisición de equipos informáticos,goods,38232.29,2026-04-15,False,False,normal
C003347,P0079,E08,F014,Comparación de Precios,Adquisición de equipos informáticos,goods,30600.27,2023-05-16,False,False,normal
C000295,P0076,E10,F004,Concurso Público,Adquisición de materiales de construcción,goods,59076.25,2023-05-25,False,False,normal
C001551,P0192,E17,F003,Adjudicación Simplificada,Suministro de combustible,goods,381113.93,2024-07-08,False,False,normal
C000990,P0063,E05,F045,Adjudicación Simplificada,Servicio de capacitación,services,28319.65,2023-06-23,False,False,normal
C001592,P0086,E02,F011,Adjudicación Simplificada,Servicio de mantenimiento de infraestructura,services,42133.43,2024-05-08,False,False,normal
C002907,P0118,E02,F011,Licitación Pública,Adquisición de equipos informáticos,goods,60154.34,2026-04-10,False,False,normal
C003211,P0171,E17,F031,Comparación de Precios,Servicio de transporte,services,160255.22,2025-10-07,False,False,normal
C001511,P0159,E13,F058,Comparación de Precios,Servicio de transporte,services,54458.35,2025-06-30,False,False,normal
C002552,P0216,E10,F004,Concurso Público,Consultoría en ingeniería,services,74367.54,2023-10-29,False,False,normal
C001231,P0023,E17,F031,Adjudicación Simplificada,Adquisición de materiales de construcción,goods,98098.04,2023-11-04,False,False,normal
C002097,P0046,E11,F007,Licitación Pública,Obra de rehabilitación vial,works,60300.43,2025-11-13,False,False,normal
C001108,P0123,E00,F010,Comparación de Precios,Servicio de capacitación,services,40109.6,2024-02-16,False,False,normal
C001455,P0061,E08,F022,Licitación Pública,Adquisición de bienes de oficina,goods,44780.89,2024-03-13,False,False,normal
C900054,P0064,E00,F041,Adjudicación Simplificada,Obra de rehabilitación vial,works,273562.01,2026-03-25,True,False,favoritismo_sembrado
C001659,P0087,E02,F025,Comparación de Precios,Adquisición de bienes de oficina,goods,73621.33,2023-03-17,False,False,normal
C000564,P0182,E05,F009,Comparación de Precios,Consultoría en ingeniería,services,26191.52,2024-02-29,False,False,normal
C700049,P0165,E01,F017,Licitación Pública,Servicio de transporte,services,236155.65,2026-05-25,False,False,hard_negative_concentracion_legitima
C700019,P0143,E06,F039,Licitación Pública,Obra de rehabilitación vial,works,607091.77,2024-09-17,False,False,hard_negative_concentracion_legitima
C002020,P0196,E14,F040,Comparación de Precios,Adquisición de materiales de construcción,goods,97143.16,2025-07-11,False,False,normal
C001406,P0025,E10,F004,Comparación de Precios,Servicio de capacitación,services,103804.34,2023-02-27,False,False,normal
C001362,P0046,E13,F056,Comparación de Precios,Obra de rehabilitación vial,works,90219.42,2025-04-17,False,False,normal
C800019,P0204,E05,F037,Concurso Público Abreviado,Servicio de transporte,services,165784.84,2026-05-02,False,True,fraccionamiento_sembrado
C002194,P0078,E02,F051,Adjudicación Simplificada,Servicio de limpieza y vigilancia,services,44635.2,2024-07-24,False,False,normal
C001025,P0000,E07,F013,Licitación Pública,Obra de rehabilitación vial,works,32176.39,2024-07-23,False,False,normal
C002720,P0113,E01,F048,,Servicio de transporte,services,3058.26,2025-07-15,False,False,normal
C002066,P0125,E00,F038,Contratación Directa,Servicio de limpieza y vigilancia,services,38453.41,2023-09-17,False,False,normal
C000257,P0022,E06,F006,Adjudicación Simplificada,Servicio de mantenimiento de infraestructura,services,46578.64,2025-10-31,False,False,normal
C001106,P0048,E03,F000,Adjudicación Simplificada,Obra de rehabilitación vial,works,319474.16,2024-11-01,False,False,normal
C000682,P0053,E08,F014,Adjudicación Simplificada,Suministro de combustible,goods,31418.11,2025-04-19,False,False,normal
C002132,P0019,E10,F004,Comparación de Precios,Servicio de transporte,services,174785.16,2023-02-06,False,False,normal
C000785,P0010,E05,F037,Adjudicación Simplificada,Servicio de capacitación,services,68377.36,2023-02-01,False,False,normal
C001420,P0208,E08,F020,Adjudicación Simplificada,Servicio de mantenimiento de infraestructura,services,30925.09,2023-12-15,False,False,normal
C002380,P0040,E01,F018,Adjudicación Simplificada,Servicio de mantenimiento de infraestructura,services,68983.92,2024-07-02,False,False,normal
C002655,P0134,E13,F056,Comparación de Precios,Servicio de limpieza y vigilancia,services,54687.68,2025-01-24,False,False,normal
C002456,P0040,E13,F058,Adjudicación Simplificada,Servicio de mantenimiento de infraestructura,services,121629.35,2024-12-09,False,False,normal
C003454,P0163,E05,F032,Adjudicación Simplificada,Servicio de capacitación,services,252985.44,2023-02-18,False,False,normal
C002626,P0184,E11,F054,Adjudicación Simplificada,Obra de rehabilitación vial,works,3378.49,2026-06-12,False,False,normal
C000411,P0001,E13,F056,Adjudicación Simplificada,Servicio de transporte,services,27283.12,2023-07-04,False,False,normal
C000238,P0022,E17,F031,Adjudicación Simplificada,Adquisición de materiales de construcción,goods,130948.43,2024-07-18,False,False,normal
C002606,P0205,E12,F021,Licitación Pública,Servicio de mantenimiento de infraestructura,services,60988.99,2026-04-18,False,False,normal
C000839,P0088,E05,F037,Licitación Pública,Obra de rehabilitación vial,works,26611.83,2026-03-29,False,False,normal
C003016,P0043,E17,F012,Comparación de Precios,Suministro de combustible,goods,87778.4,2025-08-31,False,False,normal
C001767,P0023,E13,F055,Comparación de Precios,Adquisición de bienes de oficina,goods,35376.19,2023-01-16,False,False,normal
C000829,P0115,E09,F046,Contratación Directa,Adquisición de materiales de construcción,goods,26062.14,2026-03-25,False,False,normal
C001424,P0030,E14,F029,Comparación de Precios,Servicio de mantenimiento de infraestructura,services,88019.7,2025-01-15,False,False,normal
C000969,P0119,E13,F056,Comparación de Precios,Adquisición de bienes de oficina,goods,232858.01,2024-06-08,False,False,normal
C003377,P0147,E02,F051,Comparación de Precios,Adquisición de materiales de construcción,goods,28799.32,2025-10-21,False,False,normal
C002210,P0141,E05,F059,Adjudicación Simplificada,Servicio de capacitación,services,38936.29,2023-07-31,False,False,normal
C000174,P0201,E02,F011,Contratación Directa,Servicio de mantenimiento de infraestructura,services,198850.04,2024-02-15,False,False,normal
C000811,P0048,E15,F035,Adjudicación Simplificada,Servicio de capacitación,services,79386.84,2023-03-20,False,False,normal
C000214,P0125,E04,F053,Licitación Pública,Servicio de mantenimiento de infraestructura,services,41719.74,2024-01-28,False,False,normal
C000554,P0162,E10,F008,Adjudicación Simplificada,Adquisición de bienes de oficina,goods,136451.01,2024-12-24,False,False,normal
C000157,P0114,E03,F000,Adjudicación Simplificada,Adquisición de equipos informáticos,goods,57148.75,2023-06-13,False,False,normal
C000871,P0060,E06,F006,Adjudicación Simplificada,Servicio de limpieza y vigilancia,services,79494.37,2025-07-19,False,False,normal
C002980,P0124,E05,F059,Licitación Pública,Obra de rehabilitación vial,works,35461.36,2023-10-24,False,False,normal
C002086,P0029,E04,F019,Comparación de Precios,Adquisición de equipos informáticos,goods,23861.23,2024-11-02,False,False,normal
C000152,P0137,E11,F007,Contratación Directa,Servicio de limpieza y vigilancia,services,140264.55,2024-05-05,False,False,normal
C003080,P0208,E00,F041,Comparación de Precios,Servicio de transporte,services,94128.12,2024-07-22,False,False,normal
C001844,P0188,E08,F022,Comparación de Precios,Obra de rehabilitación vial,works,44527.15,2024-05-24,False,False,normal
C700032,P0062,E14,F016,Concurso Público,Adquisición de equipos informáticos,goods,324045.23,2024-02-18,False,False,hard_negative_concentracion_legitima
C000102,P0134,E12,F050,Concurso Público,Servicio de transporte,services,5362.68,2024-10-30,False,False,normal
C002138,P0053,E00,F038,Comparación de Precios,Adquisición de materiales de construcción,goods,154652.74,2025-02-28,False,False,normal
C002835,P0032,E17,F003,Comparación de Precios,Suministro de combustible,goods,66480.59,2023-11-11,False,False,normal
C001556,P0160,E13,F055,Adjudicación Simplificada,Servicio de limpieza y vigilancia,services,253786.95,2025-02-05,False,False,normal
C000239,P0088,E00,F010,Comparación de Precios,Consultoría en ingeniería,services,104771.85,2024-02-18,False,False,normal
C002342,P0072,E09,F034,Comparación de Precios,Adquisición de materiales de construcción,goods,69046.38,2025-02-16,False,False,normal
C000818,P0009,E01,F048,Adjudicación Simplificada,Obra de rehabilitación vial,works,16783.39,2025-03-24,False,False,normal
C000705,P0198,E14,F029,Adjudicación Simplificada,Consultoría en ingeniería,services,36663.53,2024-04-22,False,False,normal
C003463,P0053,E06,F039,Concurso Público,Suministro de combustible,goods,42426.34,2023-12-21,False,False,normal
C001545,P0172,E01,F017,Adjudicación Simplificada,Consultoría en ingeniería,services,58093.85,2025-11-23,False,False,normal
C001431,P0006,E10,F026,Comparación de Precios,Adquisición de bienes de oficina,goods,,2025-05-10,False,False,normal
C001842,P0067,E02,F044,Comparación de Precios,Servicio de limpieza y vigilancia,services,106531.36,2024-12-21,False,False,normal
C000978,P0060,E04,F053,Concurso Público,Adquisición de bienes de oficina,goods,87701.17,2025-11-04,False,False,normal
C700017,P0143,E06,F006,Adjudicación Simplificada,Servicio de transporte,services,80531.67,2026-05-14,False,False,hard_negative_concentracion_legitima
C002339,P0185,E01,F018,Adjudicación Simplificada,Servicio de transporte,services,102441.02,2025-01-10,False,False,normal
C000642,P0110,E15,F035,Adjudicación Simplificada,,services,113632.99,2023-12-11,False,False,normal
C000044,P0187,E02,F051,Licitación Pública,Consultoría en ingeniería,services,297822.92,2025-03-23,False,False,normal
C000045,P0119,E00,F010,Adjudicación Simplificada,Obra de rehabilitación vial,works,12061.1,2024-07-04,False,False,normal
C003181,P0054,E04,F053,Adjudicación Simplificada,Suministro de combustible,goods,62859.81,2025-05-04,False,False,normal
C000332,P0136,E05,F045,Licitación Pública,Adquisición de bienes de oficina,goods,79464.73,2025-08-27,False,False,normal
C000676,P0137,E17,F012,Comparación de Precios,Adquisición de bienes de oficina,goods,102481.12,2026-05-29,False,False,normal
C800009,P0219,E06,F039,Adjudicación Simplificada,Consultoría en ingeniería,services,146936.43,2024-10-31,False,True,fraccionamiento_sembrado
C000266,P0094,E07,F023,Adjudicación Simplificada,Servicio de mantenimiento de infraestructura,services,21324.31,2023-02-15,False,False,normal
C000544,P0205,E04,F053,Adjudicación Simplificada,Servicio de capacitación,services,92922.04,2024-12-29,False,False,normal
C003025,P0132,E10,F008,Licitación Pública,Adquisición de bienes de oficina,goods,87664.47,2024-04-17,False,False,normal
C002370,P0170,E01,F048,Adjudicación Simplificada,Servicio de limpieza y vigilancia,services,183668.48,2023-09-20,False,False,normal
C002257,P0077,E10,F008,Licitación Pública,Consultoría en ingeniería,services,209536.85,2023-08-28,False,False,normal
C001717,P0185,E16,F042,Contratación Directa,Servicio de mantenimiento de infraestructura,services,44931.9,2026-06-18,False,False,normal
C001626,P0125,E08,F022,Comparación de Precios,Servicio de mantenimiento de infraestructura,services,208783.3,2023-02-19,False,False,normal
C000058,P0081,E07,F013,Concurso Público,Servicio de mantenimiento de infraestructura,services,20542.43,2025-01-25,False,False,normal
C002969,P0057,E02,F044,Concurso Público,Servicio de limpieza y vigilancia,services,96476.4,2024-08-27,False,False,normal
C001647,P0192,E11,F054,Adjudicación Simplificada,Obra de rehabilitación vial,works,15059.4,2025-02-28,False,False,normal
C800025,P0019,E13,F058,Adjudicación Simplificada,Suministro de combustible,goods,211543.93,2024-08-01,False,True,fraccionamiento_sembrado
C001187,P0055,E15,F035,Comparación de Precios,Servicio de limpieza y vigilancia,services,126779.05,2023-10-18,False,False,normal
C002195,P0078,E02,F025,Comparación de Precios,Servicio de limpieza y vigilancia,services,185438.37,2024-12-21,False,False,normal
C003295,P0029,E08,F020,Adjudicación Simplificada,Adquisición de equipos informáticos,goods,33952.58,2026-04-09,False,False,normal
C002493,P0111,E16,F057,Licitación Pública,Servicio de capacitación,services,25240.04,2023-05-05,False,False,normal
C002372,P0015,E12,F021,Licitación Pública,Adquisición de materiales de construcción,goods,30219.19,2023-01-09,False,False,normal
C001510,P0111,E16,F042,Adjudicación Simplificada,Adquisición de equipos informáticos,goods,61682.2,2025-09-13,False,False,normal
C002928,P0217,E02,F051,Adjudicación Simplificada,Adquisición de equipos informáticos,goods,12818.21,2025-04-14,False,False,normal
C001078,P0184,E12,F050,Adjudicación Simplificada,Obra de rehabilitación vial,works,194723.88,2025-02-20,False,False,normal
C000309,P0124,E07,F036,Comparación de Precios,Adquisición de equipos informáticos,goods,446303.9,2024-12-05,False,False,normal
C002312,P0055,E06,F039,Comparación de Precios,Obra de rehabilitación vial,works,28603.4,2025-03-09,False,False,normal
C001514,P0064,E04,F030,Concurso Público,Suministro de combustible,goods,126046.82,2024-07-11,False,False,normal
C002663,P0000,E03,F000,Comparación de Precios,Servicio de limpieza y vigilancia,services,76740.63,2025-05-15,False,False,normal
C001188,P0056,E00,F041,Adjudicación Simplificada,Servicio de capacitación,services,146878.57,2023-08-07,False,False,normal
C000432,P0181,E06,F006,Adjudicación Simplificada,Consultoría en ingeniería,services,16545.51,2026-03-10,False,False,normal
C002218,P0214,E04,F053,Comparación de Precios,,goods,27234.42,2025-09-10,False,False,normal
C002186,P0098,E02,F011,Adjudicación Simplificada,Adquisición de bienes de oficina,goods,25903.11,2024-03-04,False,False,normal
C002059,P0090,E06,F039,Adjudicación Simplificada,Obra de rehabilitación vial,works,163968.17,2023-08-10,False,False,normal
C002536,P0091,E10,F004,Adjudicación Simplificada,Adquisición de equipos informáticos,goods,83315.13,2025-04-02,False,False,normal
C001675,P0219,E17,F012,Adjudicación Simplificada,Servicio de limpieza y vigilancia,services,45681.05,2025-05-04,False,False,normal
C002126,P0161,E03,F000,Licitación Pública,Adquisición de equipos informáticos,goods,21198.95,2024-03-21,False,False,normal
C002694,P0074,E07,F023,Comparación de Precios,Adquisición de materiales de construcción,goods,126874.83,2025-02-09,False,False,normal
C003061,P0040,E15,F035,Licitación Pública,Adquisición de equipos informáticos,goods,18325.01,2023-07-20,False,False,normal
C002396,P0191,E04,F019,Contratación Directa,Adquisición de materiales de construcción,goods,209822.92,2024-08-14,False,False,normal
C002884,P0162,E16,F042,Concurso Público,Servicio de mantenimiento de infraestructura,services,79078.0,2025-06-18,False,False,normal
C001909,P0064,E15,F035,Adjudicación Simplificada,Adquisición de materiales de construcción,goods,89699.02,2025-08-15,False,False,normal
C000573,P0017,E15,F035,Comparación de Precios,,services,41534.65,2026-03-02,False,False,normal
C003077,P0096,E10,F008,Comparación de Precios,Adquisición de materiales de construcción,goods,155545.33,2025-01-31,False,False,normal
C002249,P0113,E01,F018,Adjudicación Simplificada,Servicio de mantenimiento de infraestructura,services,137194.28,2024-04-04,False,False,normal
C001807,P0085,E15,F035,Comparación de Precios,Adquisición de equipos informáticos,goods,25119.22,2023-07-20,False,False,normal
C001820,P0176,E10,F026,Concurso Público,Obra de rehabilitación vial,works,48530.33,2024-08-29,False,False,normal
C000862,P0196,E00,F038,Comparación de Precios,Servicio de transporte,services,57520.98,2025-05-07,False,False,normal
C002107,P0125,E14,F040,Adjudicación Simplificada,Servicio de mantenimiento de infraestructura,services,43991.16,2025-01-17,False,False,normal
C001057,P0071,E16,F002,Comparación de Precios,Servicio de transporte,services,94011.85,2025-11-05,False,False,normal
C700092,P0054,E10,F008,Licitación Pública,Servicio de capacitación,services,437590.06,2024-05-27,False,False,hard_negative_concentracion_legitima
C001164,P0181,E07,F036,Adjudicación Simplificada,Servicio de limpieza y vigilancia,services,125573.02,2025-02-26,False,False,normal
C000889,P0087,E15,F035,Contratación Directa,Servicio de limpieza y vigilancia,services,6533.64,2025-06-28,False,False,normal
C001462,P0055,E05,F032,Comparación de Precios,,goods,10505.78,2025-04-28,False,False,normal
C000776,P0091,E02,F044,Licitación Pública,Servicio de transporte,services,8973.8,2026-01-27,False,False,normal
C001896,P0107,E15,F035,Adjudicación Simplificada,Adquisición de bienes de oficina,goods,69292.77,2025-04-17,False,False,normal
C001554,P0034,E12,F050,Comparación de Precios,Servicio de transporte,services,80845.36,2024-06-22,False,False,normal
C001338,P0161,E11,F049,Adjudicación Simplificada,Obra de rehabilitación vial,works,110590.06,2025-04-25,False,False,normal
C000346,P0049,E09,F043,Comparación de Precios,Servicio de transporte,services,17170.36,2024-11-29,False,False,normal
C002439,P0194,E01,F048,Comparación de Precios,Servicio de limpieza y vigilancia,services,37124.5,2024-10-13,False,False,normal
C001907,P0084,E01,F017,Licitación Pública,Adquisición de materiales de construcción,goods,18530.09,2025-01-15,False,False,normal
C001105,P0171,E02,F051,Comparación de Precios,Consultoría en ingeniería,services,80986.78,2026-04-01,False,False,normal
C000985,P0044,E13,F056,Comparación de Precios,Adquisición de bienes de oficina,goods,24258.38,2023-09-27,False,False,normal
C002889,P0167,E08,F020,Adjudicación Simplificada,Servicio de limpieza y vigilancia,services,38074.4,2024-05-12,False,False,normal
C700006,P0178,E01,F048,Licitación Pública,Suministro de combustible,goods,655744.74,2024-12-30,False,False,hard_negative_concentracion_legitima
C001361,P0135,E01,F018,Licitación Pública,Consultoría en ingeniería,services,44967.11,2024-05-17,False,False,normal
C001228,P0127,E11,F007,Adjudicación Simplificada,Suministro de combustible,goods,56097.04,2024-05-05,False,False,normal
C001032,P0101,E00,F038,Comparación de Precios,Servicio de limpieza y vigilancia,services,49266.3,2025-11-05,False,False,normal
C000178,P0165,E11,F049,Concurso Público,Adquisición de bienes de oficina,goods,68256.44,2025-10-09,False,False,normal
C003250,P0068,E15,F035,Concurso Público,Obra de rehabilitación vial,works,95823.95,2026-03-16,False,False,normal
C002860,P0107,E13,F056,Adjudicación Simplificada,Servicio de transporte,services,559463.32,2025-07-22,False,False,normal
C001149,P0032,E02,F051,Comparación de Precios,Servicio de capacitación,services,18247.83,2025-02-07,False,False,normal
C001795,P0126,E15,F035,Adjudicación Simplificada,Servicio de mantenimiento de infraestructura,services,36558.25,2026-04-25,False,False,normal
C000764,P0205,E03,F000,Licitación Pública,Adquisición de equipos informáticos,goods,43815.01,2023-11-12,False,False,normal
C002458,P0146,E07,F013,Comparación de Precios,Adquisición de materiales de construcción,goods,105650.23,2026-02-12,False,False,normal
C000173,P0211,E06,F006,Adjudicación Simplificada,Servicio de capacitación,services,153321.06,2024-04-30,False,False,normal
C002836,P0050,E04,F019,Comparación de Precios,Adquisición de bienes de oficina,goods,140723.46,2023-09-19,False,False,normal
C000331,P0015,E04,F019,Licitación Pública,Servicio de transporte,services,175930.33,2024-11-21,False,False,normal
C001947,P0165,E12,F021,Adjudicación Simplificada,Adquisición de materiales de construcción,goods,16151.75,2023-11-09,False,False,normal
C000430,P0172,E14,F016,Contratación Directa,Servicio de capacitación,services,57968.95,2023-04-04,False,False,normal
C001546,P0013,E10,F026,,Servicio de transporte,services,73514.0,2023-12-12,False,False,normal
C003404,P0058,E17,F012,Adjudicación Simplificada,Suministro de combustible,goods,33007.52,2024-01-09,False,False,normal
C000744,P0166,E16,F057,Concurso Público,Servicio de transporte,services,31214.12,2025-02-16,False,False,normal
C002998,P0140,E11,F054,Comparación de Precios,Consultoría en ingeniería,services,14849.79,2024-10-28,False,False,normal
C000479,P0127,E08,F005,Comparación de Precios,Servicio de transporte,services,78980.69,2024-04-25,False,False,normal
C002119,P0167,E06,F039,Comparación de Precios,Servicio de limpieza y vigilancia,services,19097.1,2023-12-03,False,False,normal
C000755,P0214,E03,F000,Comparación de Precios,Consultoría en ingeniería,services,143536.18,2023-01-21,False,False,normal
C900043,P0074,E06,F006,Comparación de Precios,Adquisición de bienes de oficina,goods,407115.58,2024-08-20,True,False,favoritismo_sembrado
C003471,P0024,E06,F006,Comparación de Precios,Obra de rehabilitación vial,works,104871.67,2025-10-21,False,False,normal
C002453,P0010,E02,F011,Contratación Directa,Adquisición de materiales de construcción,goods,54000.38,2023-05-20,False,False,normal
C900049,P0074,E06,F006,Adjudicación Simplificada,Adquisición de bienes de oficina,goods,122916.49,2024-08-02,True,False,favoritismo_sembrado
C001553,P0101,E00,F041,Licitación Pública,Servicio de limpieza y vigilancia,services,5680.7,2023-12-10,False,False,normal
C000324,P0088,E07,F013,Concurso Público,Obra de rehabilitación vial,works,20586.82,2026-03-24,False,False,normal
C000468,P0041,E07,F036,Comparación de Precios,Adquisición de bienes de oficina,goods,23778.1,2024-03-08,False,False,normal
C000561,P0191,E07,F036,Adjudicación Simplificada,Suministro de combustible,goods,54835.52,2025-05-28,False,False,normal
C700106,P0098,E11,F054,Concurso Público,Servicio de mantenimiento de infraestructura,services,459726.34,2025-10-23,False,False,hard_negative_concentracion_legitima
C001822,P0024,E14,F016,Comparación de Precios,Servicio de limpieza y vigilancia,services,105782.08,2024-05-25,False,False,normal
C000874,P0048,E03,F000,Adjudicación Simplificada,Servicio de mantenimiento de infraestructura,services,78693.93,2023-07-09,False,False,normal
C001350,P0010,E04,F019,Adjudicación Simplificada,Servicio de capacitación,services,4479.58,2025-12-25,False,False,normal
C000061,P0206,E11,F007,Adjudicación Simplificada,Adquisición de equipos informáticos,goods,84861.51,2023-07-09,False,False,normal
C001572,P0043,E04,F019,Concurso Público,Servicio de mantenimiento de infraestructura,services,39132.74,2023-09-30,False,False,normal
C002329,P0094,E11,F049,Adjudicación Simplificada,Suministro de combustible,goods,10706.83,2025-10-20,False,False,normal
C000254,P0012,E15,F035,Concurso Público,Servicio de capacitación,services,40353.25,2023-12-11,False,False,normal
C002506,P0071,E01,F018,Concurso Público,Consultoría en ingeniería,services,92402.02,2024-03-27,False,False,normal
C000803,P0017,E12,F050,Comparación de Precios,Obra de rehabilitación vial,works,15957.97,2025-08-25,False,False,normal
C001261,P0158,E15,F035,Concurso Público,Adquisición de equipos informáticos,goods,235877.38,2024-09-25,False,False,normal
C001235,P0098,E14,F040,Licitación Pública,Suministro de combustible,goods,184387.71,2024-11-23,False,False,normal
C000221,P0167,E17,F003,,Servicio de mantenimiento de infraestructura,services,165883.94,2023-02-26,False,False,normal
C001697,P0044,E15,F035,Comparación de Precios,Obra de rehabilitación vial,works,67401.35,2023-09-14,False,False,normal
C002877,P0111,E06,F006,Licitación Pública,Suministro de combustible,goods,28842.99,2024-05-25,False,False,normal
C000088,P0057,E05,F001,Comparación de Precios,Servicio de mantenimiento de infraestructura,services,103614.02,2024-06-20,False,False,normal
C002763,P0039,E02,F044,,Servicio de transporte,services,25440.24,2024-12-14,False,False,normal
C002632,P0082,E05,F047,Licitación Pública,Servicio de mantenimiento de infraestructura,services,175250.13,2025-01-14,False,False,normal
C000976,P0148,E00,F038,Comparación de Precios,Adquisición de equipos informáticos,goods,46775.47,2023-11-16,False,False,normal
C003265,P0061,E06,F039,Licitación Pública,Consultoría en ingeniería,services,30312.98,2025-12-13,False,False,normal
C002646,P0199,E04,F019,Adjudicación Simplificada,Servicio de limpieza y vigilancia,services,271907.91,2025-09-01,False,False,normal
C000436,P0161,E01,F048,Comparación de Precios,Adquisición de materiales de construcción,goods,135776.3,2023-06-05,False,False,normal
C003185,P0054,E12,F050,Concurso Público,Adquisición de equipos informáticos,goods,7295.51,2025-06-22,False,False,normal
C003335,P0029,E08,F020,Concurso Público,Servicio de limpieza y vigilancia,services,86955.56,2024-12-11,False,False,normal
C001891,P0042,E03,F000,Adjudicación Simplificada,Adquisición de bienes de oficina,goods,54787.99,2024-02-12,False,False,normal
C001652,P0144,E09,F027,Licitación Pública,Suministro de combustible,goods,15640.92,2023-06-30,False,False,normal
C001309,P0101,E06,F039,Adjudicación Simplificada,Servicio de transporte,services,319328.14,2025-11-16,False,False,normal
C002461,P0051,E08,F028,Licitación Pública,Obra de rehabilitación vial,works,84171.88,2023-10-12,False,False,normal
C001132,P0153,E09,F046,Adjudicación Simplificada,Servicio de mantenimiento de infraestructura,services,77919.01,2024-05-11,False,False,normal
C001211,P0216,E09,F034,,Adquisición de equipos informáticos,goods,44482.68,2024-07-30,False,False,normal
C000283,P0089,E08,F015,Comparación de Precios,Consultoría en ingeniería,services,61575.68,2024-02-20,False,False,normal
C000274,P0119,E09,F046,Comparación de Precios,Servicio de limpieza y vigilancia,services,204032.36,2026-02-21,False,False,normal
C700098,P0026,E00,F041,Adjudicación Simplificada,Adquisición de equipos informáticos,goods,457470.12,2024-06-06,False,False,hard_negative_concentracion_legitima
C002929,P0048,E16,F002,Comparación de Precios,Obra de rehabilitación vial,works,90630.71,2025-03-01,False,False,normal
C001094,P0201,E01,F048,Concurso Público,Servicio de limpieza y vigilancia,services,30842.55,2024-07-08,False,False,normal
C002845,P0022,E08,F020,Comparación de Precios,Consultoría en ingeniería,services,1114195.7,2023-02-04,False,False,normal
C000423,P0123,E07,F013,Contratación Directa,Servicio de limpieza y vigilancia,services,162195.05,2024-10-08,False,False,normal
C002780,P0166,E03,F000,Contratación Directa,Suministro de combustible,goods,49718.91,2023-07-19,False,False,normal
C001793,P0140,E06,F006,Adjudicación Simplificada,Servicio de transporte,services,189991.02,2026-05-11,False,False,normal
C000506,P0075,E13,F056,Comparación de Precios,Servicio de capacitación,services,79314.26,2023-12-31,False,False,normal
C001779,P0128,E10,F026,,Obra de rehabilitación vial,works,40334.23,2023-11-23,False,False,normal
C002498,P0113,E12,F021,Licitación Pública,Servicio de transporte,services,28910.96,2025-07-28,False,False,normal
C002685,P0066,E06,F006,Comparación de Precios,Consultoría en ingeniería,services,66280.52,2025-10-29,False,False,normal
C002534,P0132,E16,F024,Adjudicación Simplificada,Servicio de transporte,services,6926.47,2026-03-24,False,False,normal
C001157,P0006,E07,F013,Licitación Pública,Obra de rehabilitación vial,works,28673.69,2024-09-06,False,False,normal
C000549,P0074,E14,F040,Comparación de Precios,Servicio de transporte,services,111768.41,2023-08-05,False,False,normal
C000557,P0187,E14,F016,Adjudicación Simplificada,Servicio de capacitación,services,51270.3,2023-07-15,False,False,normal
C000817,P0062,E14,F029,Contratación Directa,Adquisición de equipos informáticos,goods,36434.64,2025-05-20,False,False,normal
C000602,P0069,E03,F000,Adjudicación Simplificada,Adquisición de bienes de oficina,goods,139131.43,2024-12-02,False,False,normal
C000442,P0189,E03,F000,Adjudicación Simplificada,Consultoría en ingeniería,services,104312.42,2026-02-14,False,False,normal
C001538,P0208,E12,F021,Comparación de Precios,Servicio de capacitación,services,54591.95,2024-06-28,False,False,normal
C000218,P0180,E09,F027,Adjudicación Simplificada,Adquisición de equipos informáticos,goods,217171.85,2023-04-29,False,False,normal
C001876,P0004,E09,F043,Contratación Directa,Obra de rehabilitación vial,works,50605.12,2023-11-28,False,False,normal
C003081,P0114,E17,F031,Comparación de Precios,Suministro de combustible,goods,57905.05,2025-11-08,False,False,normal
C003015,P0133,E08,F015,Contratación Directa,Suministro de combustible,goods,112637.55,2023-06-04,False,False,normal
C700037,P0062,E14,F029,Licitación Pública,Adquisición de equipos informáticos,goods,250972.4,2025-10-17,False,False,hard_negative_concentracion_legitima
C002018,P0204,E17,F012,Concurso Público,Obra de rehabilitación vial,works,12064.35,2023-01-13,False,False,normal
C003135,P0041,E13,F055,Comparación de Precios,Servicio de capacitación,services,167142.38,2024-02-05,False,False,normal
C002222,P0063,E02,F025,Adjudicación Simplificada,Servicio de capacitación,services,251423.26,2024-10-28,False,False,normal
C001344,P0169,E09,F027,Adjudicación Simplificada,Adquisición de equipos informáticos,goods,28781.73,2025-02-11,False,False,normal
C000921,P0044,E13,F055,Adjudicación Simplificada,Adquisición de bienes de oficina,goods,183896.43,2025-09-12,False,False,normal
C000897,P0038,E15,F035,Licitación Pública,Obra de rehabilitación vial,works,42121.8,2023-04-01,False,False,normal
C002580,P0217,E16,F002,Adjudicación Simplificada,Adquisición de bienes de oficina,goods,144706.26,2025-12-22,False,False,normal
C003336,P0210,E10,F026,Contratación Directa,Servicio de mantenimiento de infraestructura,services,26967.46,2025-06-27,False,False,normal
C003348,P0107,E06,F039,Licitación Pública,Servicio de limpieza y vigilancia,services,546822.56,2023-07-17,False,False,normal
C000905,P0155,E07,F013,Concurso Público,Adquisición de materiales de construcción,goods,,2025-10-26,False,False,normal
C001377,P0210,E11,F049,,Suministro de combustible,goods,101960.35,2025-07-16,False,False,normal
C800023,P0019,E13,F056,Adjudicación Simplificada,Suministro de combustible,goods,274260.54,2024-08-02,False,True,fraccionamiento_sembrado
C001034,P0111,E12,F021,Adjudicación Simplificada,Servicio de transporte,services,54508.3,2026-04-15,False,False,normal
C000578,P0132,E03,F000,Contratación Directa,Adquisición de materiales de construcción,goods,64058.72,2024-03-28,False,False,normal
C002112,P0059,E00,F041,Contratación Directa,Servicio de limpieza y vigilancia,services,33310.77,2025-08-13,False,False,normal
C003277,P0124,E07,F023,Concurso Público,Adquisición de materiales de construcción,goods,43133.93,2026-01-19,False,False,normal
C000000,P0053,E16,F002,Comparación de Precios,Suministro de combustible,goods,50035.14,2023-06-06,False,False,normal
C001766,P0126,E03,F000,Licitación Pública,Servicio de mantenimiento de infraestructura,services,15960.4,2024-08-13,False,False,normal
C700064,P0205,E17,F003,Concurso Público,Servicio de limpieza y vigilancia,services,288649.05,2024-11-29,False,False,hard_negative_concentracion_legitima
C001128,P0004,E17,F031,Adjudicación Simplificada,Servicio de transporte,services,49612.85,2025-08-28,False,False,normal
C000952,P0199,E10,F008,Adjudicación Simplificada,Servicio de mantenimiento de infraestructura,services,36871.7,2023-12-30,False,False,normal
C002920,P0100,E13,F056,Comparación de Precios,Obra de rehabilitación vial,works,11721.29,2025-05-01,False,False,normal
C000247,P0067,E09,F027,Comparación de Precios,Adquisición de bienes de oficina,goods,66000.22,2026-01-06,False,False,normal
C001233,P0146,E10,F026,Licitación Pública,Suministro de combustible,goods,99619.93,2023-02-26,False,False,normal
C001391,P0100,E02,F044,Concurso Público,Consultoría en ingeniería,services,76201.75,2024-05-19,False,False,normal
C002215,P0196,E09,F046,Concurso Público,Obra de rehabilitación vial,works,11452.16,2025-04-20,False,False,normal
C002398,P0068,E02,F044,Adjudicación Simplificada,Servicio de capacitación,services,5878.35,2024-05-29,False,False,normal
C000650,P0102,E17,F031,Licitación Pública,Servicio de mantenimiento de infraestructura,services,50493.02,2023-03-02,False,False,normal
C002347,P0166,E05,F037,Adjudicación Simplificada,Adquisición de bienes de oficina,goods,170241.16,2026-04-25,False,False,normal
C001017,P0041,E13,F055,Licitación Pública,Obra de rehabilitación vial,works,64052.26,2025-01-21,False,False,normal
C000175,P0116,E17,F012,Concurso Público,Adquisición de equipos informáticos,goods,3195.2,2023-07-01,False,False,normal
C000278,P0062,E15,F035,Concurso Público,Consultoría en ingeniería,services,49886.22,2026-05-30,False,False,normal
C003316,P0108,E14,F040,Adjudicación Simplificada,Servicio de capacitación,services,46317.08,2023-08-07,False,False,normal
C003105,P0084,E16,F002,Concurso Público,Servicio de mantenimiento de infraestructura,services,61691.24,2024-12-28,False,False,normal
C003162,P0041,E11,F049,,Servicio de capacitación,services,8489.59,2024-05-09,False,False,normal
C001339,P0093,E17,F012,Adjudicación Simplificada,Servicio de limpieza y vigilancia,services,140740.51,2024-05-15,False,False,normal
C002517,P0195,E01,F018,Licitación Pública,Adquisición de materiales de construcción,goods,178448.8,2023-06-18,False,False,normal
C001641,P0157,E12,F021,Concurso Público,Adquisición de materiales de construcción,goods,9345.15,2025-09-03,False,False,normal
C000416,P0073,E02,F011,Licitación Pública,Adquisición de materiales de construcción,goods,19713.7,2026-06-14,False,False,normal
C001123,P0016,E16,F042,,Servicio de mantenimiento de infraestructura,services,14239.29,2023-04-04,False,False,normal
C000217,P0005,E06,F006,Comparación de Precios,Servicio de mantenimiento de infraestructura,services,24484.43,2024-12-06,False,False,normal
C001702,P0042,E04,F030,Adjudicación Simplificada,Suministro de combustible,goods,30373.39,2025-10-23,False,False,normal
C000781,P0011,E05,F001,Concurso Público,Servicio de transporte,services,33821.91,2025-07-30,False,False,normal
C001452,P0108,E02,F044,Comparación de Precios,Servicio de transporte,services,19010.25,2024-02-11,False,False,normal
C002358,P0007,E05,F059,Comparación de Precios,Adquisición de materiales de construcción,goods,315279.19,2023-08-05,False,False,normal
C000693,P0140,E03,F000,Contratación Directa,Servicio de transporte,services,121072.9,2023-02-18,False,False,normal
C002179,P0007,E11,F007,Adjudicación Simplificada,Obra de rehabilitación vial,works,333982.84,2025-10-10,False,False,normal
C001255,P0145,E01,F018,Comparación de Precios,,works,76438.5,2024-12-29,False,False,normal
C003163,P0101,E06,F039,Adjudicación Simplificada,Suministro de combustible,goods,39579.22,2025-03-22,False,False,normal
C000449,P0014,E14,F029,Adjudicación Simplificada,Adquisición de bienes de oficina,goods,124429.23,2024-10-15,False,False,normal
C001204,P0042,E02,F044,Licitación Pública,Adquisición de materiales de construcción,goods,97119.88,2026-01-26,False,False,normal
C000376,P0066,E14,F040,Comparación de Precios,Consultoría en ingeniería,services,24931.57,2024-07-15,False,False,normal
C001315,P0073,E07,F036,Adjudicación Simplificada,Servicio de transporte,services,16992.52,2026-01-15,False,False,normal
C900016,P0022,E00,F010,Contratación Directa,Adquisición de bienes de oficina,goods,72765.94,2024-05-30,True,False,favoritismo_sembrado
C002341,P0109,E05,F045,Adjudicación Simplificada,Suministro de combustible,goods,14139.63,2025-11-07,False,False,normal
C000433,P0084,E06,F039,Adjudicación Simplificada,Adquisición de equipos informáticos,goods,89972.91,2024-03-08,False,False,normal
C000721,P0219,E14,F016,Adjudicación Simplificada,Obra de rehabilitación vial,works,46778.37,2024-08-26,False,False,normal
C000371,P0090,E11,F007,Concurso Público,Servicio de limpieza y vigilancia,services,96474.61,2025-08-27,False,False,normal
C003039,P0004,E06,F039,Adjudicación Simplificada,Obra de rehabilitación vial,works,188710.16,2025-06-09,False,False,normal
C002647,P0165,E04,F053,Licitación Pública,Adquisición de bienes de oficina,goods,55184.31,2024-07-30,False,False,normal
C000907,P0104,E14,F029,Comparación de Precios,Servicio de mantenimiento de infraestructura,services,53305.82,2024-10-11,False,False,normal
C000925,P0149,E00,F010,Concurso Público,Obra de rehabilitación vial,works,91016.66,2024-02-16,False,False,normal
C000644,P0040,E07,F013,Adjudicación Simplificada,Obra de rehabilitación vial,works,42867.93,2025-07-22,False,False,normal
C001258,P0166,E01,F048,Licitación Pública,Servicio de limpieza y vigilancia,services,36021.78,2024-10-17,False,False,normal
C002650,P0134,E11,F054,Adjudicación Simplificada,Servicio de capacitación,services,11786.74,2026-02-27,False,False,normal
C800028,P0052,E17,F003,Licitación Pública Abreviada,Adquisición de bienes de oficina,goods,98084.44,2025-09-09,False,True,fraccionamiento_sembrado
C001412,P0014,E12,F021,Adjudicación Simplificada,Suministro de combustible,goods,61712.8,2026-03-18,False,False,normal
C001288,P0032,E10,F008,Licitación Pública,Adquisición de materiales de construcción,goods,51537.47,2025-11-07,False,False,normal
C001281,P0023,E17,F012,Adjudicación Simplificada,Servicio de capacitación,services,71013.63,2024-11-06,False,False,normal
C003326,P0145,E06,F039,Comparación de Precios,Consultoría en ingeniería,services,17639.71,2026-06-04,False,False,normal
C000246,P0121,E11,F049,Adjudicación Simplificada,Servicio de limpieza y vigilancia,services,57610.59,2024-02-14,False,False,normal
C001721,P0174,E11,F007,Concurso Público,Servicio de limpieza y vigilancia,services,36549.32,2024-08-24,False,False,normal
C000505,P0012,E15,F035,Adjudicación Simplificada,Servicio de capacitación,services,31438.6,2023-03-04,False,False,normal
C002631,P0118,E13,F056,Concurso Público,Consultoría en ingeniería,services,15539.86,2024-08-03,False,False,normal
C003418,P0165,E03,F000,Licitación Pública,Servicio de capacitación,services,37971.86,2025-09-17,False,False,normal
C003206,P0083,E05,F001,Licitación Pública,Obra de rehabilitación vial,works,21012.1,2026-01-29,False,False,normal
C003192,P0164,E10,F008,Adjudicación Simplificada,Adquisición de equipos informáticos,goods,,2023-10-04,False,False,normal
C000999,P0194,E15,F035,Licitación Pública,Adquisición de equipos informáticos,goods,161935.86,2024-07-29,False,False,normal
C000932,P0196,E00,F010,Comparación de Precios,Adquisición de equipos informáticos,goods,159703.27,2025-06-01,False,False,normal
C001725,P0110,E07,F036,Concurso Público,Obra de rehabilitación vial,works,221081.21,2026-05-01,False,False,normal
C001614,P0199,E13,F056,Concurso Público,Servicio de capacitación,services,42682.5,2024-01-13,False,False,normal
C002847,P0059,E02,F051,Comparación de Precios,Servicio de transporte,services,21347.09,2024-12-08,False,False,normal
C003492,P0198,E02,F025,Contratación Directa,Servicio de mantenimiento de infraestructura,services,26412.68,2023-04-05,False,False,normal
C002764,P0118,E12,F050,Adjudicación Simplificada,Servicio de limpieza y vigilancia,services,154748.7,2023-09-18,False,False,normal
C700023,P0180,E16,F024,Concurso Público,Obra de rehabilitación vial,works,487515.23,2025-03-08,False,False,hard_negative_concentracion_legitima
C000543,P0201,E10,F026,Comparación de Precios,Servicio de transporte,services,225969.8,2024-03-23,False,False,normal
C003221,P0173,E11,F049,,Adquisición de equipos informáticos,goods,43088.77,2024-01-27,False,False,normal
C002399,P0162,E03,F000,Licitación Pública,Adquisición de bienes de oficina,goods,,2025-05-14,False,False,normal
C003036,P0172,E09,F027,Adjudicación Simplificada,Servicio de transporte,services,6507.94,2025-12-30,False,False,normal
C002389,P0072,E15,F035,Adjudicación Simplificada,Servicio de limpieza y vigilancia,services,43395.09,2023-09-23,False,False,normal
C001610,P0200,E08,F014,Licitación Pública,Consultoría en ingeniería,services,23097.12,2023-10-18,False,False,normal
C000612,P0150,E10,F008,Adjudicación Simplificada,Consultoría en ingeniería,services,20209.87,2025-01-20,False,False,normal
C003280,P0018,E11,F007,Concurso Público,Adquisición de bienes de oficina,goods,13873.57,2026-04-06,False,False,normal
C001056,P0026,E03,F000,Adjudicación Simplificada,Adquisición de materiales de construcción,goods,54381.89,2026-03-07,False,False,normal
C000881,P0033,E17,F003,Adjudicación Simplificada,Obra de rehabilitación vial,works,29010.88,2024-10-23,False,False,normal
C000485,P0107,E14,F016,Comparación de Precios,Servicio de transporte,services,77762.95,2024-09-30,False,False,normal
C003291,P0186,E03,F000,Adjudicación Simplificada,Servicio de limpieza y vigilancia,services,408519.49,2023-04-03,False,False,normal
C003264,P0065,E08,F022,Licitación Pública,Adquisición de bienes de oficina,goods,71799.48,2025-11-26,False,False,normal
C001468,P0105,E10,F008,Licitación Pública,Suministro de combustible,goods,31350.43,2024-01-09,False,False,normal
C000258,P0160,E11,F049,Adjudicación Simplificada,Suministro de combustible,goods,3721.96,2023-06-13,False,False,normal
C001992,P0119,E11,F049,Concurso Público,Adquisición de bienes de oficina,goods,288710.3,2023-06-17,False,False,normal
C002905,P0019,E01,F018,Concurso Público,,services,20906.34,2023-04-13,False,False,normal
C000746,P0111,E06,F039,,Adquisición de materiales de construcción,goods,43091.46,2024-07-05,False,False,normal
C003409,P0044,E11,F049,Licitación Pública,Adquisición de equipos informáticos,goods,70200.56,2024-11-23,False,False,normal
C002664,P0154,E02,F011,Licitación Pública,Obra de rehabilitación vial,works,116450.05,2023-06-02,False,False,normal
C002314,P0197,E13,F056,Licitación Pública,Suministro de combustible,goods,70256.72,2023-06-19,False,False,normal
C000209,P0175,E05,F047,Comparación de Precios,Obra de rehabilitación vial,works,204085.23,2023-05-16,False,False,normal
C003355,P0176,E08,F022,Contratación Directa,Servicio de mantenimiento de infraestructura,services,210654.25,2025-10-07,False,False,normal
C001586,P0034,E01,F048,Comparación de Precios,Adquisición de materiales de construcción,goods,,2023-06-19,False,False,normal
C000949,P0198,E05,F052,Adjudicación Simplificada,Servicio de transporte,services,375831.12,2025-11-26,False,False,normal
C002494,P0009,E12,F021,Comparación de Precios,Adquisición de equipos informáticos,goods,174000.25,2025-11-25,False,False,normal
C001954,P0016,E04,F030,Adjudicación Simplificada,Adquisición de bienes de oficina,goods,33349.11,2023-11-18,False,False,normal
C000596,P0060,E09,F046,Contratación Directa,Adquisición de materiales de construcción,goods,179938.55,2023-09-12,False,False,normal
C800012,P0119,E03,F000,Adjudicación Simplificada,Servicio de mantenimiento de infraestructura,services,172727.33,2024-01-25,False,True,fraccionamiento_sembrado
C003021,P0037,E05,F059,Adjudicación Simplificada,Suministro de combustible,goods,65857.75,2024-10-15,False,False,normal
C000296,P0196,E13,F058,Licitación Pública,Consultoría en ingeniería,services,13944.8,2023-12-14,False,False,normal
C000964,P0188,E08,F005,Licitación Pública,Consultoría en ingeniería,services,37631.18,2025-09-10,False,False,normal
C000507,P0137,E14,F040,Contratación Directa,Adquisición de materiales de construcción,goods,11527.65,2024-11-16,False,False,normal
C000007,P0145,E08,F014,Adjudicación Simplificada,Servicio de capacitación,services,29853.5,2026-05-04,False,False,normal
C002123,P0025,E08,F015,Adjudicación Simplificada,Adquisición de equipos informáticos,goods,42241.87,2026-04-07,False,False,normal
C002833,P0048,E16,F042,Adjudicación Simplificada,Adquisición de materiales de construcción,goods,28652.34,2023-08-18,False,False,normal
C002276,P0145,E08,F005,Comparación de Precios,Servicio de limpieza y vigilancia,services,167464.76,2025-05-10,False,False,normal
C001837,P0114,E12,F050,Comparación de Precios,Servicio de capacitación,services,215278.54,2024-01-16,False,False,normal
C002894,P0183,E01,F018,Comparación de Precios,Adquisición de equipos informáticos,goods,33827.47,2024-11-24,False,False,normal
C002691,P0072,E07,F023,Licitación Pública,Adquisición de bienes de oficina,goods,45286.57,2024-02-28,False,False,normal
C002965,P0035,E10,F008,Adjudicación Simplificada,Servicio de transporte,services,101060.31,2024-01-20,False,False,normal
C700072,P0156,E02,F044,Licitación Pública,Servicio de mantenimiento de infraestructura,services,853902.03,2024-07-15,False,False,hard_negative_concentracion_legitima
C002584,P0039,E12,F021,Adjudicación Simplificada,Servicio de mantenimiento de infraestructura,services,12720.07,2025-12-30,False,False,normal
C001073,P0132,E03,F000,Concurso Público,Servicio de limpieza y vigilancia,services,42933.31,2025-03-18,False,False,normal
C000794,P0159,E04,F053,Adjudicación Simplificada,Adquisición de equipos informáticos,goods,122895.91,2025-10-12,False,False,normal
C001029,P0108,E12,F050,Adjudicación Simplificada,,goods,224338.2,2023-01-22,False,False,normal
C001192,P0042,E03,F000,Licitación Pública,Adquisición de equipos informáticos,goods,297869.28,2025-03-19,False,False,normal
C000096,P0053,E05,F037,Comparación de Precios,Suministro de combustible,goods,214153.26,2023-10-11,False,False,normal
C000043,P0143,E02,F051,Comparación de Precios,Servicio de limpieza y vigilancia,services,138943.14,2024-06-24,False,False,normal
C900019,P0012,E01,F017,Adjudicación Simplificada,Servicio de transporte,services,82409.34,2025-03-15,True,False,favoritismo_sembrado
C003224,P0134,E15,F035,Comparación de Precios,Consultoría en ingeniería,services,360142.69,2024-10-29,False,False,normal
C003299,P0091,E08,F015,Concurso Público,Obra de rehabilitación vial,works,171860.06,2024-01-17,False,False,normal
C001272,P0063,E11,F049,Concurso Público,Servicio de capacitación,services,115991.84,2023-06-02,False,False,normal
C000025,P0212,E05,F052,Adjudicación Simplificada,Servicio de capacitación,services,47247.25,2025-05-25,False,False,normal
C001392,P0095,E13,F056,Adjudicación Simplificada,Servicio de capacitación,services,74566.0,2026-04-23,False,False,normal
C000679,P0153,E13,F055,Comparación de Precios,Consultoría en ingeniería,services,24124.96,2023-06-27,False,False,normal
C001780,P0131,E16,F042,,Adquisición de bienes de oficina,goods,117738.98,2024-10-25,False,False,normal
C002505,P0014,E01,F017,Adjudicación Simplificada,Servicio de transporte,services,14551.77,2026-02-20,False,False,normal
C003398,P0145,E14,F016,Comparación de Precios,Suministro de combustible,goods,156585.61,2026-06-14,False,False,normal
C001623,P0131,E06,F006,Adjudicación Simplificada,Servicio de limpieza y vigilancia,services,385575.45,2025-03-25,False,False,normal
C800008,P0219,E06,F006,Adjudicación Simplificada,Consultoría en ingeniería,services,215539.58,2024-10-30,False,True,fraccionamiento_sembrado
C001075,P0131,E06,F006,Concurso Público,Obra de rehabilitación vial,works,152812.81,2023-10-13,False,False,normal
C900053,P0064,E00,F041,Adjudicación Simplificada,Obra de rehabilitación vial,works,274853.96,2024-04-08,True,False,favoritismo_sembrado
C002206,P0072,E12,F021,Comparación de Precios,Obra de rehabilitación vial,works,109384.76,2024-09-18,False,False,normal
C000864,P0097,E01,F048,Contratación Directa,Adquisición de materiales de construcción,goods,31922.13,2024-09-18,False,False,normal
C001936,P0032,E02,F051,Comparación de Precios,Servicio de limpieza y vigilancia,services,28590.09,2025-02-03,False,False,normal
C000067,P0173,E05,F032,Adjudicación Simplificada,Consultoría en ingeniería,services,60254.89,2024-12-01,False,False,normal
C001973,P0191,E14,F029,Contratación Directa,Servicio de mantenimiento de infraestructura,services,42225.17,2025-06-01,False,False,normal
C002303,P0043,E07,F036,Comparación de Precios,Adquisición de materiales de construcción,goods,101710.98,2026-02-17,False,False,normal
C002228,P0114,E02,F011,Licitación Pública,Obra de rehabilitación vial,works,93274.8,2026-03-20,False,False,normal
C001882,P0079,E03,F000,Contratación Directa,Consultoría en ingeniería,services,37110.77,2026-06-14,False,False,normal
C002754,P0056,E00,F038,Comparación de Precios,Suministro de combustible,goods,45211.94,2024-09-14,False,False,normal
C000031,P0161,E05,F001,Contratación Directa,Servicio de mantenimiento de infraestructura,services,49481.24,2023-09-16,False,False,normal
C002322,P0157,E04,F019,Contratación Directa,Servicio de transporte,services,42264.42,2025-12-06,False,False,normal
C002672,P0043,E12,F050,Comparación de Precios,,services,255655.82,2026-04-23,False,False,normal
C002899,P0026,E06,F006,Comparación de Precios,Consultoría en ingeniería,services,30028.98,2025-11-16,False,False,normal
C000610,P0187,E04,F053,Comparación de Precios,Consultoría en ingeniería,services,289345.47,2023-02-13,False,False,normal
C001330,P0141,E05,F032,Adjudicación Simplificada,,services,36467.43,2025-07-14,False,False,normal
C000570,P0217,E01,F017,Comparación de Precios,Servicio de capacitación,services,205430.64,2023-09-29,False,False,normal
C003482,P0061,E01,F018,Adjudicación Simplificada,Obra de rehabilitación vial,works,24896.85,2023-09-07,False,False,normal
C000343,P0100,E17,F003,Comparación de Precios,Adquisición de bienes de oficina,goods,34968.0,2025-02-11,False,False,normal
C002657,P0168,E03,F000,Adjudicación Simplificada,Servicio de limpieza y vigilancia,services,63247.44,2026-03-05,False,False,normal
C001642,P0086,E01,F048,Adjudicación Simplificada,Consultoría en ingeniería,services,235813.51,2023-02-28,False,False,normal
C000678,P0016,E14,F016,Adjudicación Simplificada,Consultoría en ingeniería,services,138083.65,2023-02-13,False,False,normal
C700100,P0026,E00,F038,Adjudicación Simplificada,Adquisición de equipos informáticos,goods,145650.84,2026-01-19,False,False,hard_negative_concentracion_legitima
C002820,P0131,E09,F034,Comparación de Precios,Suministro de combustible,goods,77663.09,2024-03-04,False,False,normal
C003032,P0177,E15,F035,Adjudicación Simplificada,Adquisición de bienes de oficina,goods,9393.29,2024-04-04,False,False,normal
C002316,P0037,E17,F031,Comparación de Precios,Servicio de limpieza y vigilancia,services,71339.53,2024-05-29,False,False,normal
C001742,P0197,E07,F023,Comparación de Precios,Servicio de mantenimiento de infraestructura,services,50989.7,2026-03-28,False,False,normal
C700028,P0180,E16,F002,Licitación Pública,Obra de rehabilitación vial,works,545864.53,2025-06-03,False,False,hard_negative_concentracion_legitima
C002573,P0088,E06,F039,Comparación de Precios,Suministro de combustible,goods,19055.81,2024-07-30,False,False,normal
C001867,P0054,E14,F040,Licitación Pública,Servicio de mantenimiento de infraestructura,services,55019.98,2023-04-01,False,False,normal
C002994,P0162,E12,F021,Licitación Pública,Suministro de combustible,goods,52387.23,2024-06-22,False,False,normal
C002346,P0143,E02,F011,Concurso Público,Servicio de mantenimiento de infraestructura,services,21628.63,2026-01-26,False,False,normal
C000576,P0111,E10,F008,Contratación Directa,Suministro de combustible,goods,89349.41,2025-11-07,False,False,normal
C000809,P0004,E03,F000,Concurso Público,Consultoría en ingeniería,services,79288.97,2025-10-02,False,False,normal
C700075,P0133,E04,F030,Licitación Pública,Obra de rehabilitación vial,works,478680.11,2024-04-16,False,False,hard_negative_concentracion_legitima
C003001,P0071,E08,F015,Adjudicación Simplificada,,goods,3427.41,2025-11-17,False,False,normal
C002338,P0139,E17,F003,Licitación Pública,Consultoría en ingeniería,services,148851.96,2025-03-22,False,False,normal
C000528,P0023,E04,F030,Comparación de Precios,Adquisición de equipos informáticos,goods,34611.01,2024-12-01,False,False,normal
C000176,P0163,E14,F029,Concurso Público,Servicio de transporte,services,96522.3,2024-08-21,False,False,normal
C002954,P0133,E04,F019,Comparación de Precios,Adquisición de equipos informáticos,goods,242282.09,2024-03-14,False,False,normal
C000422,P0214,E09,F033,Adjudicación Simplificada,Suministro de combustible,goods,40258.89,2023-08-26,False,False,normal
C000680,P0064,E08,F020,Adjudicación Simplificada,Servicio de mantenimiento de infraestructura,services,27543.6,2023-10-31,False,False,normal
C002984,P0134,E10,F026,Adjudicación Simplificada,Servicio de capacitación,services,42382.84,2025-12-02,False,False,normal
C001743,P0179,E13,F058,Comparación de Precios,Consultoría en ingeniería,services,33619.21,2024-08-31,False,False,normal
C002826,P0101,E01,F017,Adjudicación Simplificada,Obra de rehabilitación vial,works,122639.01,2024-11-22,False,False,normal
C002589,P0159,E00,F038,Adjudicación Simplificada,Servicio de mantenimiento de infraestructura,services,,2025-08-30,False,False,normal
C002882,P0118,E04,F053,Adjudicación Simplificada,Servicio de capacitación,services,62758.87,2023-01-06,False,False,normal
C001113,P0134,E15,F035,Comparación de Precios,Adquisición de equipos informáticos,goods,7135.96,2025-04-07,False,False,normal
C002130,P0127,E07,F036,Adjudicación Simplificada,Obra de rehabilitación vial,works,18608.21,2024-07-09,False,False,normal
C000288,P0112,E01,F018,Adjudicación Simplificada,Adquisición de equipos informáticos,goods,85870.16,2025-07-25,False,False,normal
C001042,P0094,E02,F011,Comparación de Precios,Obra de rehabilitación vial,works,563452.21,2024-04-17,False,False,normal
C002447,P0198,E12,F021,Contratación Directa,Obra de rehabilitación vial,works,,2024-12-03,False,False,normal
C001322,P0094,E13,F055,Adjudicación Simplificada,Servicio de limpieza y vigilancia,services,48689.95,2024-05-02,False,False,normal
C001805,P0165,E00,F041,Comparación de Precios,Adquisición de bienes de oficina,goods,,2025-01-11,False,False,normal
C001200,P0213,E15,F035,Adjudicación Simplificada,Consultoría en ingeniería,services,18042.6,2023-03-24,False,False,normal
C000177,P0123,E12,F021,Adjudicación Simplificada,Servicio de limpieza y vigilancia,services,36900.11,2025-04-19,False,False,normal
C001498,P0174,E12,F050,Contratación Directa,Consultoría en ingeniería,services,272672.06,2024-08-28,False,False,normal
C003013,P0100,E01,F018,Adjudicación Simplificada,Suministro de combustible,goods,20890.06,2025-10-14,False,False,normal
C003469,P0148,E04,F019,Concurso Público,Suministro de combustible,goods,29246.6,2023-01-23,False,False,normal
C001657,P0088,E09,F034,Comparación de Precios,Adquisición de equipos informáticos,goods,15969.39,2023-02-15,False,False,normal
C000370,P0212,E01,F017,,Suministro de combustible,goods,93195.49,2024-05-19,False,False,normal
C001577,P0101,E01,F048,Comparación de Precios,Consultoría en ingeniería,services,152656.05,2025-06-13,False,False,normal
C000729,P0149,E06,F039,Adjudicación Simplificada,Adquisición de bienes de oficina,goods,12883.82,2025-08-23,False,False,normal
C000598,P0091,E09,F034,Licitación Pública,Servicio de mantenimiento de infraestructura,services,143526.89,2025-04-11,False,False,normal
C002244,P0123,E12,F021,Licitación Pública,Consultoría en ingeniería,services,155517.7,2025-06-03,False,False,normal
C001134,P0181,E06,F006,Concurso Público,Adquisición de equipos informáticos,goods,94973.21,2024-02-26,False,False,normal
C002387,P0113,E04,F053,Adjudicación Simplificada,Adquisición de materiales de construcción,goods,54250.36,2023-05-17,False,False,normal
C002114,P0147,E17,F031,Contratación Directa,Servicio de capacitación,services,95068.45,2025-11-23,False,False,normal
C001474,P0083,E13,F055,Contratación Directa,Consultoría en ingeniería,services,,2024-05-05,False,False,normal
C003442,P0147,E06,F006,Comparación de Precios,Adquisición de bienes de oficina,goods,75191.34,2025-04-11,False,False,normal
C000903,P0124,E14,F040,Contratación Directa,Consultoría en ingeniería,services,27819.14,2026-05-14,False,False,normal
C000141,P0186,E02,F051,Adjudicación Simplificada,Consultoría en ingeniería,services,25718.21,2023-08-25,False,False,normal
C002008,P0149,E15,F035,Adjudicación Simplificada,Adquisición de bienes de oficina,goods,141863.28,2023-09-30,False,False,normal
C000665,P0207,E02,F011,Comparación de Precios,Suministro de combustible,goods,206521.6,2023-03-24,False,False,normal
C001825,P0155,E00,F041,Comparación de Precios,Adquisición de bienes de oficina,goods,28689.02,2025-08-02,False,False,normal
C001993,P0180,E14,F029,Adjudicación Simplificada,Servicio de capacitación,services,34586.2,2023-12-10,False,False,normal
C000654,P0156,E04,F030,Adjudicación Simplificada,Servicio de limpieza y vigilancia,services,53155.21,2025-04-17,False,False,normal
C000471,P0152,E10,F004,Comparación de Precios,Consultoría en ingeniería,services,28435.02,2026-02-21,False,False,normal
C001151,P0078,E02,F025,Contratación Directa,Adquisición de equipos informáticos,goods,34564.17,2025-09-16,False,False,normal
C001084,P0135,E09,F033,Comparación de Precios,Servicio de limpieza y vigilancia,services,10624.62,2023-09-10,False,False,normal
C000759,P0137,E11,F049,Comparación de Precios,Adquisición de materiales de construcción,goods,113079.15,2026-02-21,False,False,normal
C001210,P0139,E10,F026,Adjudicación Simplificada,Consultoría en ingeniería,services,134158.85,2026-03-13,False,False,normal
C002697,P0201,E01,F048,Contratación Directa,Servicio de limpieza y vigilancia,services,105430.96,2026-02-25,False,False,normal
C002739,P0051,E00,F041,Contratación Directa,Suministro de combustible,goods,48440.19,2023-02-07,False,False,normal
C000069,P0110,E16,F042,Comparación de Precios,Servicio de transporte,services,92069.72,2024-10-25,False,False,normal
C700014,P0143,E06,F039,Licitación Pública,Servicio de transporte,services,639679.75,2025-07-28,False,False,hard_negative_concentracion_legitima
C003475,P0024,E02,F051,Adjudicación Simplificada,Adquisición de bienes de oficina,goods,20229.05,2023-03-26,False,False,normal
C000195,P0096,E09,F043,Licitación Pública,Servicio de limpieza y vigilancia,services,35315.68,2025-06-13,False,False,normal
C000532,P0082,E01,F017,Adjudicación Simplificada,Suministro de combustible,goods,60535.36,2024-08-29,False,False,normal
C002083,P0214,E01,F018,Contratación Directa,Adquisición de materiales de construcción,goods,70243.03,2023-09-28,False,False,normal
C002515,P0158,E16,F057,Contratación Directa,Suministro de combustible,goods,1467310.82,2023-05-15,False,False,normal
C002166,P0203,E02,F051,Comparación de Precios,Adquisición de bienes de oficina,goods,130672.33,2023-02-26,False,False,normal
C002429,P0065,E08,F014,Comparación de Precios,Suministro de combustible,goods,40123.34,2026-03-07,False,False,normal
C002252,P0216,E14,F040,Adjudicación Simplificada,Servicio de mantenimiento de infraestructura,services,18658.24,2026-03-07,False,False,normal
C003098,P0160,E13,F055,Adjudicación Simplificada,Servicio de capacitación,services,79836.45,2025-08-19,False,False,normal
C000227,P0057,E08,F014,Comparación de Precios,Obra de rehabilitación vial,works,12085.89,2024-06-18,False,False,normal
C002468,P0069,E06,F006,Licitación Pública,Adquisición de bienes de oficina,goods,62648.5,2026-05-04,False,False,normal
C000840,P0041,E03,F000,Contratación Directa,Servicio de transporte,services,42261.45,2023-09-29,False,False,normal
C000555,P0087,E08,F015,Adjudicación Simplificada,Consultoría en ingeniería,services,59422.77,2024-08-25,False,False,normal
C001507,P0067,E16,F002,Concurso Público,Servicio de mantenimiento de infraestructura,services,281140.95,2026-05-28,False,False,normal
C002792,P0086,E08,F014,Comparación de Precios,Suministro de combustible,goods,23655.36,2025-04-14,False,False,normal
C002620,P0002,E14,F016,,Servicio de mantenimiento de infraestructura,services,38898.25,2024-09-12,False,False,normal
C800029,P0052,E17,F012,Licitación Pública Abreviada,Adquisición de bienes de oficina,goods,148438.87,2025-09-13,False,True,fraccionamiento_sembrado
C002997,P0104,E17,F003,Adjudicación Simplificada,Servicio de transporte,services,35274.77,2026-04-27,False,False,normal
C002771,P0043,E06,F006,Adjudicación Simplificada,Servicio de capacitación,services,222768.08,2024-06-20,False,False,normal
C000847,P0127,E12,F021,Concurso Público,Servicio de mantenimiento de infraestructura,services,28123.29,2025-04-12,False,False,normal
C000631,P0056,E13,F055,Comparación de Precios,Adquisición de materiales de construcción,goods,75144.09,2024-07-26,False,False,normal
C001727,P0095,E12,F050,Comparación de Precios,Adquisición de equipos informáticos,goods,302034.31,2025-07-07,False,False,normal
C000883,P0112,E09,F033,Adjudicación Simplificada,Servicio de mantenimiento de infraestructura,services,14137.03,2023-01-26,False,False,normal
C000162,P0179,E07,F036,Contratación Directa,Adquisición de bienes de oficina,goods,34278.41,2024-10-26,False,False,normal
C000219,P0072,E10,F026,Adjudicación Simplificada,Consultoría en ingeniería,services,60101.87,2025-06-30,False,False,normal
C002189,P0193,E12,F050,Adjudicación Simplificada,Adquisición de bienes de oficina,goods,74154.72,2026-03-31,False,False,normal
C002760,P0072,E09,F034,Concurso Público,Servicio de mantenimiento de infraestructura,services,39726.17,2023-05-13,False,False,normal
C001373,P0164,E15,F035,Adjudicación Simplificada,Servicio de transporte,services,27783.69,2025-01-08,False,False,normal
C002474,P0025,E11,F054,Licitación Pública,Servicio de mantenimiento de infraestructura,services,59087.28,2024-03-22,False,False,normal
C003366,P0094,E06,F039,Comparación de Precios,Adquisición de materiales de construcción,goods,61724.98,2024-08-23,False,False,normal
C001587,P0206,E06,F006,Adjudicación Simplificada,Adquisición de materiales de construcción,goods,161178.3,2023-08-27,False,False,normal
C000547,P0135,E04,F019,Comparación de Precios,Adquisición de equipos informáticos,goods,22223.24,2025-06-29,False,False,normal
C001442,P0154,E02,F025,Adjudicación Simplificada,Suministro de combustible,goods,,2025-10-09,False,False,normal
C003212,P0033,E12,F021,Adjudicación Simplificada,Servicio de transporte,services,63466.07,2024-10-22,False,False,normal
C700103,P0026,E00,F038,,Adquisición de equipos informáticos,goods,,2026-06-10,False,False,hard_negative_concentracion_legitima
C000568,P0155,E16,F024,Adjudicación Simplificada,Adquisición de bienes de oficina,goods,251696.21,2024-12-05,False,False,normal
C700109,P0098,E11,F054,Adjudicación Simplificada,Servicio de mantenimiento de infraestructura,services,263619.49,2024-05-25,False,False,hard_negative_concentracion_legitima
C001356,P0083,E11,F007,Concurso Público,Consultoría en ingeniería,services,34202.85,2025-11-29,False,False,normal
C001403,P0035,E16,F042,Comparación de Precios,Consultoría en ingeniería,services,47192.41,2023-02-23,False,False,normal
C003043,P0058,E09,F046,Comparación de Precios,Adquisición de bienes de oficina,goods,178105.97,2025-01-06,False,False,normal
C002400,P0057,E17,F031,Adjudicación Simplificada,,goods,98981.59,2026-04-30,False,False,normal
C001862,P0086,E17,F003,Comparación de Precios,Servicio de capacitación,services,32624.96,2024-12-18,False,False,normal
C001833,P0084,E03,F000,Comparación de Precios,Servicio de limpieza y vigilancia,services,347338.36,2024-12-22,False,False,normal
C000611,P0192,E09,F027,Contratación Directa,Adquisición de bienes de oficina,goods,24592.82,2023-08-05,False,False,normal
C002741,P0214,E02,F051,Adjudicación Simplificada,Servicio de mantenimiento de infraestructura,services,6192.75,2025-07-01,False,False,normal
C002103,P0196,E03,F000,Licitación Pública,Servicio de capacitación,services,143983.76,2025-09-13,False,False,normal
C003395,P0196,E13,F058,Adjudicación Simplificada,Consultoría en ingeniería,services,29928.37,2023-03-25,False,False,normal
C001786,P0150,E17,F012,Adjudicación Simplificada,Servicio de transporte,services,85648.11,2023-12-26,False,False,normal
C000742,P0109,E10,F008,Contratación Directa,Adquisición de materiales de construcción,goods,101224.49,2025-10-30,False,False,normal
C000637,P0135,E12,F050,Concurso Público,Adquisición de materiales de construcción,goods,56766.24,2023-01-07,False,False,normal
C002930,P0006,E14,F016,Adjudicación Simplificada,Suministro de combustible,goods,18448.41,2023-02-01,False,False,normal
C003177,P0089,E09,F046,Licitación Pública,Adquisición de equipos informáticos,goods,26727.72,2024-03-02,False,False,normal
C000581,P0127,E12,F050,Adjudicación Simplificada,Servicio de capacitación,services,377473.49,2025-06-24,False,False,normal
C002113,P0050,E17,F031,Contratación Directa,Obra de rehabilitación vial,works,48572.24,2024-02-15,False,False,normal
C001739,P0179,E10,F004,Licitación Pública,Servicio de transporte,services,56122.94,2023-09-23,False,False,normal
C002990,P0065,E17,F003,Adjudicación Simplificada,Suministro de combustible,goods,73579.6,2024-02-20,False,False,normal
C000073,P0188,E14,F029,Concurso Público,Adquisición de materiales de construcción,goods,29159.03,2024-04-20,False,False,normal
C001284,P0104,E05,F009,Comparación de Precios,Servicio de capacitación,services,184722.57,2025-04-01,False,False,normal
C000048,P0184,E05,F001,Comparación de Precios,Adquisición de materiales de construcción,goods,30872.62,2023-05-16,False,False,normal
C000831,P0155,E14,F016,Adjudicación Simplificada,Adquisición de materiales de construcción,goods,39188.95,2024-11-07,False,False,normal
C001991,P0131,E09,F046,Adjudicación Simplificada,Consultoría en ingeniería,services,26944.28,2026-03-26,False,False,normal
C001163,P0041,E01,F018,Comparación de Precios,Servicio de mantenimiento de infraestructura,services,22367.12,2024-08-04,False,False,normal
C002481,P0172,E05,F032,Comparación de Precios,Servicio de limpieza y vigilancia,services,25396.78,2024-03-19,False,False,normal
C003301,P0171,E01,F017,Adjudicación Simplificada,Adquisición de materiales de construcción,goods,163396.76,2023-09-27,False,False,normal
C002605,P0144,E14,F016,Adjudicación Simplificada,Servicio de limpieza y vigilancia,services,16045.46,2025-06-06,False,False,normal
C001283,P0102,E05,F047,Comparación de Precios,Servicio de capacitación,services,102333.54,2023-01-12,False,False,normal
C000756,P0184,E08,F014,Comparación de Precios,Servicio de capacitación,services,47227.91,2024-01-27,False,False,normal
C001741,P0112,E14,F040,Comparación de Precios,Servicio de transporte,services,108763.49,2025-05-24,False,False,normal
C002686,P0217,E10,F008,Licitación Pública,Obra de rehabilitación vial,works,106373.82,2023-06-30,False,False,normal
C002196,P0008,E03,F000,Adjudicación Simplificada,Adquisición de equipos informáticos,goods,48189.73,2024-04-10,False,False,normal
C002547,P0095,E02,F044,Comparación de Precios,Obra de rehabilitación vial,works,133071.15,2024-08-04,False,False,normal
C002807,P0089,E16,F057,Contratación Directa,Servicio de mantenimiento de infraestructura,services,30393.55,2026-04-03,False,False,normal
C001268,P0055,E00,F038,Comparación de Precios,Suministro de combustible,goods,96033.37,2023-02-25,False,False,normal
C001861,P0063,E15,F035,Adjudicación Simplificada,Servicio de limpieza y vigilancia,services,60377.23,2024-01-12,False,False,normal
C001417,P0009,E08,F028,Adjudicación Simplificada,Servicio de limpieza y vigilancia,services,379435.48,2023-10-08,False,False,normal
C001537,P0031,E01,F017,Adjudicación Simplificada,Consultoría en ingeniería,services,161793.02,2026-01-31,False,False,normal
C002834,P0111,E07,F013,Contratación Directa,Adquisición de materiales de construcción,goods,136021.96,2023-08-09,False,False,normal
C003086,P0180,E03,F000,Adjudicación Simplificada,Servicio de transporte,services,182264.75,2025-09-28,False,False,normal
C001138,P0201,E17,F012,Comparación de Precios,Adquisición de materiales de construcción,goods,,2024-12-24,False,False,normal
C000572,P0217,E13,F055,Concurso Público,Adquisición de equipos informáticos,goods,8868.29,2024-11-10,False,False,normal
C001938,P0032,E07,F013,Adjudicación Simplificada,Servicio de mantenimiento de infraestructura,services,37934.17,2023-06-22,False,False,normal
C002957,P0046,E10,F004,Adjudicación Simplificada,Suministro de combustible,goods,11640.55,2023-10-15,False,False,normal
C001922,P0131,E04,F030,Comparación de Precios,Consultoría en ingeniería,services,61804.36,2023-07-20,False,False,normal
C002348,P0133,E00,F010,Adjudicación Simplificada,Adquisición de materiales de construcción,goods,9692.76,2024-08-08,False,False,normal
C700084,P0201,E16,F057,Licitación Pública,Adquisición de materiales de construcción,goods,124362.24,2026-05-19,False,False,hard_negative_concentracion_legitima
C002258,P0094,E02,F011,Comparación de Precios,Adquisición de equipos informáticos,goods,41924.55,2023-10-24,False,False,normal
C001027,P0219,E05,F059,Adjudicación Simplificada,Obra de rehabilitación vial,works,132619.98,2026-03-15,False,False,normal
C002353,P0001,E02,F051,Adjudicación Simplificada,Servicio de transporte,services,47050.97,2024-03-09,False,False,normal
C001104,P0121,E07,F036,Licitación Pública,Consultoría en ingeniería,services,12201.94,2024-12-06,False,False,normal
C002586,P0079,E14,F016,Adjudicación Simplificada,Servicio de transporte,services,37696.36,2025-06-29,False,False,normal
C900056,P0064,E00,F041,Comparación de Precios,Obra de rehabilitación vial,works,486242.5,2025-07-20,True,False,favoritismo_sembrado
C003128,P0080,E01,F048,Comparación de Precios,Obra de rehabilitación vial,works,26632.42,2024-12-06,False,False,normal
C001146,P0214,E17,F012,Contratación Directa,Consultoría en ingeniería,services,,2023-06-21,False,False,normal
C002268,P0192,E13,F055,Adjudicación Simplificada,Servicio de capacitación,services,,2024-10-27,False,False,normal
C002170,P0124,E04,F053,Licitación Pública,Adquisición de materiales de construcción,goods,42732.41,2023-07-18,False,False,normal
C003415,P0203,E08,F015,Adjudicación Simplificada,Servicio de limpieza y vigilancia,services,76341.32,2023-12-05,False,False,normal
C000259,P0026,E07,F036,Comparación de Precios,Servicio de mantenimiento de infraestructura,services,89675.6,2025-10-11,False,False,normal
C003262,P0045,E04,F053,Licitación Pública,Obra de rehabilitación vial,works,94964.89,2025-10-22,False,False,normal
C002538,P0050,E15,F035,Comparación de Precios,Adquisición de bienes de oficina,goods,190551.0,2025-07-12,False,False,normal
C003338,P0094,E00,F010,Adjudicación Simplificada,Obra de rehabilitación vial,works,361385.25,2025-04-11,False,False,normal
C000812,P0017,E17,F003,Contratación Directa,Adquisición de equipos informáticos,goods,1030231.81,2025-03-18,False,False,normal
C002658,P0009,E01,F048,Comparación de Precios,Servicio de mantenimiento de infraestructura,services,114443.29,2023-05-28,False,False,normal
C002178,P0157,E09,F027,Licitación Pública,Servicio de capacitación,services,33248.35,2025-07-20,False,False,normal
C002226,P0046,E10,F004,Contratación Directa,Consultoría en ingeniería,services,953052.62,2025-07-27,False,False,normal
C000965,P0173,E13,F056,Licitación Pública,Obra de rehabilitación vial,works,37586.99,2025-10-10,False,False,normal
C002864,P0164,E01,F048,Adjudicación Simplificada,Consultoría en ingeniería,services,231202.06,2025-02-14,False,False,normal
C700024,P0180,E16,F002,Licitación Pública,Adquisición de bienes de oficina,goods,819386.05,2024-10-13,False,False,hard_negative_concentracion_legitima
C002131,P0000,E14,F029,Adjudicación Simplificada,Obra de rehabilitación vial,works,11101.7,2024-09-14,False,False,normal
C003360,P0171,E11,F007,Contratación Directa,Obra de rehabilitación vial,works,40333.57,2023-10-05,False,False,normal
C002426,P0181,E00,F038,Comparación de Precios,Suministro de combustible,goods,57869.71,2024-09-21,False,False,normal
C001457,P0100,E02,F051,Concurso Público,Servicio de limpieza y vigilancia,services,43555.6,2024-09-22,False,False,normal
C001878,P0079,E15,F035,Licitación Pública,Servicio de capacitación,services,256963.38,2025-01-25,False,False,normal
C001569,P0134,E17,F012,Licitación Pública,Adquisición de equipos informáticos,goods,49988.59,2024-03-28,False,False,normal
C001801,P0006,E05,F059,Concurso Público,Servicio de limpieza y vigilancia,services,87056.99,2025-10-04,False,False,normal
C001352,P0211,E17,F031,Concurso Público,Adquisición de equipos informáticos,goods,20475.82,2023-05-04,False,False,normal
C003306,P0091,E00,F010,Licitación Pública,Consultoría en ingeniería,services,30869.68,2024-03-03,False,False,normal
C700012,P0143,E06,F006,Adjudicación Simplificada,Servicio de transporte,services,635613.97,2024-10-18,False,False,hard_negative_concentracion_legitima
C003403,P0203,E03,F000,Comparación de Precios,Servicio de limpieza y vigilancia,services,53869.79,2025-10-30,False,False,normal
C003117,P0115,E01,F048,Licitación Pública,Adquisición de bienes de oficina,goods,27070.63,2024-01-22,False,False,normal
C002670,P0036,E13,F058,Adjudicación Simplificada,Consultoría en ingeniería,services,53686.94,2025-03-16,False,False,normal
C001615,P0020,E13,F055,Contratación Directa,Adquisición de materiales de construcción,goods,,2025-01-29,False,False,normal
C000867,P0128,E02,F011,Comparación de Precios,Adquisición de equipos informáticos,goods,75704.7,2023-06-01,False,False,normal
C000926,P0163,E01,F018,Comparación de Precios,Adquisición de bienes de oficina,goods,191465.52,2025-12-07,False,False,normal
C001962,P0124,E13,F055,Contratación Directa,Obra de rehabilitación vial,works,9663.67,2026-06-03,False,False,normal
C002266,P0118,E11,F054,Comparación de Precios,Servicio de capacitación,services,275787.53,2024-04-07,False,False,normal
C002805,P0192,E00,F041,Adjudicación Simplificada,Servicio de capacitación,services,198220.52,2025-11-12,False,False,normal
C003209,P0046,E02,F025,Adjudicación Simplificada,Servicio de mantenimiento de infraestructura,services,84388.56,2023-05-03,False,False,normal
C000108,P0077,E01,F017,Licitación Pública,Adquisición de bienes de oficina,goods,25108.28,2026-05-13,False,False,normal
C001606,P0192,E00,F038,Comparación de Precios,Servicio de transporte,services,33840.63,2025-04-21,False,False,normal
C001620,P0093,E15,F035,Licitación Pública,Adquisición de bienes de oficina,goods,29161.25,2024-07-07,False,False,normal
C000210,P0160,E01,F017,Adjudicación Simplificada,Obra de rehabilitación vial,works,,2026-05-31,False,False,normal
C003344,P0152,E07,F013,Comparación de Precios,Adquisición de materiales de construcción,goods,60244.67,2025-02-24,False,False,normal
C000318,P0170,E04,F030,Adjudicación Simplificada,Adquisición de materiales de construcción,goods,13994.23,2025-09-11,False,False,normal
C000816,P0017,E05,F037,Contratación Directa,Consultoría en ingeniería,services,45160.18,2025-08-28,False,False,normal
C000997,P0042,E12,F021,Adjudicación Simplificada,Suministro de combustible,goods,9388.14,2023-09-14,False,False,normal
C000059,P0172,E08,F014,Adjudicación Simplificada,Servicio de capacitación,services,85984.46,2025-03-23,False,False,normal
C001091,P0112,E16,F057,Adjudicación Simplificada,Consultoría en ingeniería,services,85346.86,2025-03-06,False,False,normal
C001499,P0014,E05,F052,Concurso Público,Suministro de combustible,goods,5899.2,2023-09-25,False,False,normal
C001456,P0201,E10,F004,Contratación Directa,Servicio de capacitación,services,14042.18,2023-03-18,False,False,normal
C002374,P0172,E06,F006,Adjudicación Simplificada,Servicio de capacitación,services,21137.69,2024-05-20,False,False,normal
C002916,P0194,E03,F000,Adjudicación Simplificada,Servicio de mantenimiento de infraestructura,services,21327.03,2026-04-09,False,False,normal
C900001,P0016,E07,F036,Adjudicación Simplificada,Adquisición de materiales de construcción,goods,483938.94,2025-01-16,True,False,favoritismo_sembrado
C003329,P0150,E09,F034,Concurso Público,Suministro de combustible,goods,58679.44,2023-09-17,False,False,normal
C000765,P0043,E04,F019,Contratación Directa,Obra de rehabilitación vial,works,15937.21,2023-10-16,False,False,normal
C002208,P0145,E08,F005,Adjudicación Simplificada,Servicio de mantenimiento de infraestructura,services,1283021.03,2024-08-26,False,False,normal
C002766,P0120,E01,F017,Comparación de Precios,Servicio de capacitación,services,34586.74,2024-07-04,False,False,normal
C001044,P0151,E09,F043,Licitación Pública,Adquisición de equipos informáticos,goods,53532.44,2025-10-27,False,False,normal
C003180,P0027,E12,F050,,Consultoría en ingeniería,services,308064.83,2023-12-24,False,False,normal
C700003,P0178,E01,F018,,Servicio de capacitación,services,336535.17,2026-04-26,False,False,hard_negative_concentracion_legitima
C002009,P0134,E07,F023,Concurso Público,Suministro de combustible,goods,169056.67,2023-06-08,False,False,normal
C003179,P0144,E03,F000,Licitación Pública,Servicio de capacitación,services,35689.53,2024-06-05,False,False,normal
C000727,P0096,E07,F013,Adjudicación Simplificada,Servicio de limpieza y vigilancia,services,74273.39,2025-08-29,False,False,normal
C001055,P0074,E17,F031,Licitación Pública,,services,106859.46,2024-08-04,False,False,normal
C001791,P0044,E08,F014,Comparación de Precios,Suministro de combustible,goods,66111.17,2023-01-29,False,False,normal
C000220,P0080,E08,F015,Concurso Público,Servicio de limpieza y vigilancia,services,60750.34,2023-10-07,False,False,normal
C001808,P0145,E16,F024,Adjudicación Simplificada,Consultoría en ingeniería,services,715084.73,2025-09-12,False,False,normal
C000582,P0162,E01,F017,Comparación de Precios,Adquisición de equipos informáticos,goods,37709.23,2026-06-15,False,False,normal
C001850,P0104,E00,F038,Contratación Directa,Suministro de combustible,goods,12656.44,2023-10-14,False,False,normal
C001924,P0180,E05,F052,Comparación de Precios,Servicio de transporte,services,109060.59,2026-02-03,False,False,normal
C003238,P0179,E04,F019,Contratación Directa,Servicio de limpieza y vigilancia,services,17197.0,2025-04-28,False,False,normal
C000940,P0044,E10,F004,,Servicio de capacitación,services,38489.63,2025-08-28,False,False,normal
C000056,P0021,E00,F041,Comparación de Precios,Consultoría en ingeniería,services,15030.23,2024-10-11,False,False,normal
C000187,P0158,E10,F008,Comparación de Precios,Servicio de mantenimiento de infraestructura,services,136455.4,2024-10-11,False,False,normal
C002185,P0067,E14,F040,Adjudicación Simplificada,Adquisición de equipos informáticos,goods,10316.08,2023-09-27,False,False,normal
C001566,P0121,E04,F019,Comparación de Precios,Obra de rehabilitación vial,works,26712.49,2024-09-20,False,False,normal
C002140,P0139,E16,F024,Comparación de Precios,Obra de rehabilitación vial,works,48046.34,2026-01-01,False,False,normal
C003207,P0066,E05,F045,Comparación de Precios,Consultoría en ingeniería,services,31247.58,2023-09-04,False,False,normal
C002273,P0009,E17,F012,Comparación de Precios,Suministro de combustible,goods,40892.69,2023-02-07,False,False,normal
C001905,P0030,E06,F006,Licitación Pública,Adquisición de equipos informáticos,goods,73844.66,2025-02-09,False,False,normal
C001293,P0152,E05,F009,Comparación de Precios,Suministro de combustible,goods,34936.52,2023-11-04,False,False,normal
C000226,P0102,E06,F006,Licitación Pública,Adquisición de materiales de construcción,goods,18973.45,2024-04-19,False,False,normal
C001784,P0121,E14,F040,Concurso Público,Obra de rehabilitación vial,works,52507.65,2025-12-01,False,False,normal
C000535,P0042,E01,F018,Adjudicación Simplificada,Adquisición de materiales de construcción,goods,176725.32,2023-01-05,False,False,normal
C002585,P0049,E10,F026,Comparación de Precios,Servicio de mantenimiento de infraestructura,services,19613.26,2023-05-23,False,False,normal
C000697,P0191,E08,F028,Comparación de Precios,Consultoría en ingeniería,services,110811.44,2026-03-22,False,False,normal
C001536,P0128,E02,F025,Concurso Público,Suministro de combustible,goods,70432.22,2024-06-02,False,False,normal
C003359,P0108,E08,F020,Licitación Pública,Servicio de mantenimiento de infraestructura,services,293568.47,2025-12-06,False,False,normal
C000208,P0038,E14,F016,Adjudicación Simplificada,Servicio de capacitación,services,60385.58,2024-06-24,False,False,normal
C001278,P0098,E02,F044,Licitación Pública,Servicio de transporte,services,411419.95,2024-11-20,False,False,normal
C000565,P0217,E09,F034,Adjudicación Simplificada,Servicio de capacitación,services,50014.08,2023-01-16,False,False,normal
C000313,P0047,E11,F007,Concurso Público,Consultoría en ingeniería,services,29017.59,2025-03-14,False,False,normal
C000601,P0088,E04,F019,Licitación Pública,Servicio de mantenimiento de infraestructura,services,35057.49,2024-11-06,False,False,normal
C000233,P0021,E03,F000,Concurso Público,Servicio de transporte,services,36820.35,2024-10-27,False,False,normal
C001684,P0043,E07,F023,Licitación Pública,Adquisición de equipos informáticos,goods,94189.23,2026-01-06,False,False,normal
C003386,P0020,E08,F028,Contratación Directa,Servicio de limpieza y vigilancia,services,34389.49,2025-07-14,False,False,normal
C002989,P0033,E08,F014,Licitación Pública,Servicio de mantenimiento de infraestructura,services,31876.76,2023-07-03,False,False,normal
C002029,P0118,E03,F000,Comparación de Precios,Servicio de limpieza y vigilancia,services,49693.73,2025-02-10,False,False,normal
C000111,P0199,E05,F032,Comparación de Precios,Servicio de transporte,services,131248.01,2024-11-06,False,False,normal
C002177,P0023,E07,F036,Concurso Público,Servicio de limpieza y vigilancia,services,106840.67,2026-02-11,False,False,normal
C002656,P0019,E02,F011,Comparación de Precios,Consultoría en ingeniería,services,25693.13,2024-07-13,False,False,normal
C001749,P0018,E10,F026,Adjudicación Simplificada,Adquisición de materiales de construcción,goods,60886.24,2025-01-18,False,False,normal
C001089,P0154,E01,F018,Contratación Directa,Servicio de capacitación,services,120532.33,2024-12-13,False,False,normal
C001178,P0204,E03,F000,Adjudicación Simplificada,Suministro de combustible,goods,88223.25,2023-01-24,False,False,normal
C000472,P0160,E00,F041,Comparación de Precios,Suministro de combustible,goods,117611.8,2026-04-25,False,False,normal
C001860,P0063,E06,F039,Concurso Público,Consultoría en ingeniería,services,100626.35,2024-10-18,False,False,normal
C001161,P0047,E12,F050,Concurso Público,Servicio de mantenimiento de infraestructura,services,17057.41,2025-11-23,False,False,normal
C002582,P0020,E17,F003,Adjudicación Simplificada,Adquisición de bienes de oficina,goods,201749.98,2024-11-30,False,False,normal
C001788,P0025,E09,F046,Adjudicación Simplificada,Servicio de limpieza y vigilancia,services,82172.97,2024-09-25,False,False,normal
C000361,P0203,E02,F011,Contratación Directa,Obra de rehabilitación vial,works,27512.45,2024-12-15,False,False,normal
C000135,P0181,E05,F032,Comparación de Precios,Adquisición de materiales de construcción,goods,231104.47,2023-10-29,False,False,normal
C002289,P0133,E05,F059,Adjudicación Simplificada,Servicio de limpieza y vigilancia,services,7299.74,2026-04-21,False,False,normal
C001053,P0111,E03,F000,Comparación de Precios,Suministro de combustible,goods,42260.82,2025-06-27,False,False,normal
C003076,P0186,E10,F026,Adjudicación Simplificada,Servicio de capacitación,services,158662.82,2024-12-07,False,False,normal
C000022,P0023,E01,F017,Comparación de Precios,Servicio de transporte,services,10461.05,2025-12-04,False,False,normal
C003309,P0019,E15,F035,Comparación de Precios,Servicio de transporte,services,20876.43,2025-08-02,False,False,normal
C002810,P0157,E06,F039,Concurso Público,Adquisición de materiales de construcción,goods,16786.05,2026-01-31,False,False,normal
C001650,P0029,E11,F054,Comparación de Precios,Obra de rehabilitación vial,works,50938.5,2023-06-16,False,False,normal
C000695,P0052,E09,F034,Comparación de Precios,Adquisición de equipos informáticos,goods,65210.21,2026-05-05,False,False,normal
C000420,P0213,E09,F046,Adjudicación Simplificada,Suministro de combustible,goods,15780.43,2023-11-27,False,False,normal
C002440,P0129,E15,F035,Adjudicación Simplificada,Adquisición de equipos informáticos,goods,5264.03,2026-04-24,False,False,normal
C000460,P0153,E03,F000,Contratación Directa,Servicio de mantenimiento de infraestructura,services,48283.77,2023-12-01,False,False,normal
C001067,P0147,E01,F048,Concurso Público,Servicio de limpieza y vigilancia,services,72219.67,2023-03-23,False,False,normal
C000087,P0201,E07,F023,Concurso Público,Suministro de combustible,goods,147293.81,2025-03-15,False,False,normal
C000282,P0190,E11,F049,Adjudicación Simplificada,Obra de rehabilitación vial,works,25535.92,2026-04-25,False,False,normal
C001533,P0216,E01,F048,Adjudicación Simplificada,Suministro de combustible,goods,190765.63,2024-06-15,False,False,normal
C001450,P0105,E11,F049,Contratación Directa,Servicio de capacitación,services,66681.73,2024-03-11,False,False,normal
C002947,P0039,E02,F044,Concurso Público,Servicio de transporte,services,26145.7,2024-07-15,False,False,normal
C700018,P0143,E06,F006,Licitación Pública,Servicio de transporte,services,430893.53,2024-05-31,False,False,hard_negative_concentracion_legitima
C002607,P0127,E03,F000,Adjudicación Simplificada,Servicio de transporte,services,47063.85,2025-02-09,False,False,normal
C000859,P0143,E17,F031,Adjudicación Simplificada,Adquisición de equipos informáticos,goods,95772.16,2025-04-25,False,False,normal
C000533,P0119,E14,F016,Contratación Directa,Servicio de limpieza y vigilancia,services,355860.4,2025-03-02,False,False,normal
C003014,P0171,E01,F018,Concurso Público,Servicio de limpieza y vigilancia,services,292491.1,2024-02-07,False,False,normal
C002157,P0042,E04,F019,Comparación de Precios,Adquisición de materiales de construcción,goods,160219.92,2023-02-01,False,False,normal
C002333,P0042,E03,F000,Comparación de Precios,Servicio de transporte,services,52936.78,2024-10-14,False,False,normal
C002895,P0161,E16,F002,Adjudicación Simplificada,Obra de rehabilitación vial,works,77199.28,2025-11-26,False,False,normal
C002940,P0048,E11,F049,Adjudicación Simplificada,Suministro de combustible,goods,39029.84,2024-06-14,False,False,normal
C700008,P0178,E01,F048,Licitación Pública,Servicio de capacitación,services,472817.51,2025-04-13,False,False,hard_negative_concentracion_legitima
C002716,P0188,E08,F020,Adjudicación Simplificada,Obra de rehabilitación vial,works,208125.01,2024-08-13,False,False,normal
C900040,P0074,E06,F039,Adjudicación Simplificada,Adquisición de bienes de oficina,goods,476140.94,2024-07-17,True,False,favoritismo_sembrado
C001292,P0189,E05,F001,Concurso Público,Servicio de limpieza y vigilancia,services,9041.93,2023-07-21,False,False,normal
C001422,P0212,E01,F017,Adjudicación Simplificada,Servicio de transporte,services,18562.71,2026-04-21,False,False,normal
C001220,P0086,E10,F004,Comparación de Precios,Servicio de mantenimiento de infraestructura,services,60618.85,2025-10-13,False,False,normal
C900010,P0022,E00,F038,Contratación Directa,Adquisición de bienes de oficina,goods,451748.76,2025-08-22,True,False,favoritismo_sembrado
C002063,P0196,E06,F039,Adjudicación Simplificada,Adquisición de materiales de construcción,goods,308642.52,2023-03-08,False,False,normal
C000942,P0171,E02,F044,Comparación de Precios,Servicio de transporte,services,49603.08,2025-10-15,False,False,normal
C700062,P0205,E17,F012,Licitación Pública,Adquisición de bienes de oficina,goods,146366.62,2024-10-05,False,False,hard_negative_concentracion_legitima
C001459,P0138,E05,F001,Comparación de Precios,Adquisición de bienes de oficina,goods,3518.38,2025-03-10,False,False,normal
C002587,P0088,E14,F016,Adjudicación Simplificada,Suministro de combustible,goods,99633.66,2026-06-19,False,False,normal
C002827,P0209,E06,F039,Adjudicación Simplificada,Servicio de transporte,services,45606.98,2025-12-14,False,False,normal
C000887,P0127,E08,F005,Comparación de Precios,Adquisición de materiales de construcción,goods,173426.46,2023-01-09,False,False,normal
C002638,P0142,E12,F050,Adjudicación Simplificada,Consultoría en ingeniería,services,383512.45,2026-06-27,False,False,normal
C000685,P0026,E05,F059,Adjudicación Simplificada,Adquisición de equipos informáticos,goods,71476.2,2026-04-25,False,False,normal
C000413,P0183,E01,F048,Licitación Pública,Adquisición de materiales de construcción,goods,157183.7,2023-11-12,False,False,normal
C000789,P0183,E15,F035,Comparación de Precios,Servicio de transporte,services,123855.75,2025-10-30,False,False,normal
C002002,P0109,E12,F050,Adjudicación Simplificada,Servicio de mantenimiento de infraestructura,services,44594.43,2025-03-08,False,False,normal
C001237,P0113,E07,F036,Comparación de Precios,Servicio de mantenimiento de infraestructura,services,20851.01,2026-05-28,False,False,normal
C001672,P0103,E14,F029,Contratación Directa,Adquisición de materiales de construcción,goods,67367.14,2024-11-09,False,False,normal
C002844,P0061,E14,F016,Contratación Directa,Servicio de mantenimiento de infraestructura,services,160622.23,2023-06-01,False,False,normal
C001662,P0163,E05,F037,Licitación Pública,Servicio de limpieza y vigilancia,services,28418.7,2023-05-16,False,False,normal
C003331,P0195,E11,F054,Concurso Público,Adquisición de bienes de oficina,goods,60034.65,2023-04-17,False,False,normal
C000272,P0190,E01,F017,Comparación de Precios,Obra de rehabilitación vial,works,137189.86,2025-06-22,False,False,normal
C003198,P0148,E14,F016,Adjudicación Simplificada,Adquisición de materiales de construcción,goods,60754.73,2025-12-24,False,False,normal
C000521,P0120,E04,F053,Concurso Público,Suministro de combustible,goods,224696.15,2023-10-02,False,False,normal
C000522,P0169,E14,F029,Comparación de Precios,Servicio de limpieza y vigilancia,services,38822.97,2026-05-13,False,False,normal
C001653,P0186,E04,F030,Comparación de Precios,Obra de rehabilitación vial,works,,2023-07-24,False,False,normal
C000350,P0184,E00,F041,Adjudicación Simplificada,Servicio de transporte,services,113662.72,2023-06-13,False,False,normal
C001487,P0076,E04,F053,Comparación de Precios,Obra de rehabilitación vial,works,100186.05,2024-10-12,False,False,normal
C001609,P0173,E02,F025,Licitación Pública,Consultoría en ingeniería,services,44350.75,2024-12-02,False,False,normal
C002883,P0182,E14,F016,Contratación Directa,Adquisición de materiales de construcción,goods,35572.67,2023-03-16,False,False,normal
C001336,P0058,E09,F027,Comparación de Precios,Adquisición de bienes de oficina,goods,22485.41,2023-01-08,False,False,normal
C000651,P0034,E11,F007,Comparación de Precios,Consultoría en ingeniería,services,15394.05,2023-03-11,False,False,normal
C001251,P0159,E09,F046,Comparación de Precios,Servicio de limpieza y vigilancia,services,185272.1,2023-04-22,False,False,normal
C003362,P0136,E04,F019,Adjudicación Simplificada,Servicio de transporte,services,32008.69,2025-05-11,False,False,normal
C003431,P0019,E13,F056,Adjudicación Simplificada,Obra de rehabilitación vial,works,57601.95,2025-03-05,False,False,normal
C002246,P0162,E12,F021,Comparación de Precios,Adquisición de materiales de construcción,goods,120134.84,2025-07-13,False,False,normal
C001688,P0020,E07,F013,Adjudicación Simplificada,Consultoría en ingeniería,services,117034.2,2024-07-16,False,False,normal
C001632,P0103,E15,F035,Licitación Pública,Adquisición de bienes de oficina,goods,9752.1,2023-07-25,False,False,normal
C001670,P0037,E17,F003,Adjudicación Simplificada,Adquisición de materiales de construcción,goods,31863.88,2023-08-02,False,False,normal
C000168,P0187,E12,F050,Adjudicación Simplificada,Servicio de mantenimiento de infraestructura,services,101662.46,2026-01-20,False,False,normal
C003436,P0085,E11,F049,Comparación de Precios,Consultoría en ingeniería,services,10499.52,2024-06-02,False,False,normal
C000962,P0117,E05,F059,Comparación de Precios,Adquisición de materiales de construcción,goods,11742.88,2024-10-31,False,False,normal
C000945,P0049,E12,F021,Adjudicación Simplificada,Adquisición de materiales de construcción,goods,62533.02,2026-04-12,False,False,normal
C000462,P0212,E10,F004,Comparación de Precios,Consultoría en ingeniería,services,92749.32,2024-10-28,False,False,normal
C001945,P0005,E11,F007,Concurso Público,Servicio de mantenimiento de infraestructura,services,43195.77,2024-09-29,False,False,normal
C000328,P0005,E04,F053,Adjudicación Simplificada,Servicio de mantenimiento de infraestructura,services,1103772.76,2024-05-29,False,False,normal
C002644,P0180,E07,F023,Adjudicación Simplificada,Servicio de limpieza y vigilancia,services,17827.48,2025-02-26,False,False,normal
C002093,P0107,E04,F030,Adjudicación Simplificada,Adquisición de equipos informáticos,goods,70035.54,2024-01-09,False,False,normal
C000367,P0212,E10,F026,Adjudicación Simplificada,Adquisición de equipos informáticos,goods,80947.19,2024-06-27,False,False,normal
C003199,P0089,E06,F006,Comparación de Precios,Obra de rehabilitación vial,works,31171.29,2025-10-12,False,False,normal
C002800,P0015,E12,F050,Contratación Directa,Servicio de capacitación,services,58530.34,2026-02-19,False,False,normal
C003364,P0142,E03,F000,Contratación Directa,Adquisición de equipos informáticos,goods,59289.6,2024-07-02,False,False,normal
C001506,P0121,E08,F015,Concurso Público,Servicio de capacitación,services,56163.05,2024-10-20,False,False,normal
C000772,P0117,E14,F029,Licitación Pública,Servicio de capacitación,services,107065.79,2023-12-19,False,False,normal
C002356,P0038,E08,F015,Adjudicación Simplificada,Servicio de transporte,services,54225.22,2025-02-23,False,False,normal
C003315,P0076,E15,F035,Licitación Pública,Consultoría en ingeniería,services,83322.68,2025-02-08,False,False,normal
C002912,P0098,E08,F005,Adjudicación Simplificada,Servicio de transporte,services,32864.85,2023-07-07,False,False,normal
C000498,P0107,E09,F033,Concurso Público,Suministro de combustible,goods,40627.97,2023-05-17,False,False,normal
C003136,P0138,E10,F026,Comparación de Precios,Servicio de capacitación,services,19941.71,2023-08-26,False,False,normal
C000435,P0110,E16,F057,Adjudicación Simplificada,Adquisición de bienes de oficina,goods,95589.65,2024-11-09,False,False,normal
C000365,P0210,E16,F042,Contratación Directa,Adquisición de equipos informáticos,goods,258423.57,2023-06-03,False,False,normal
C700034,P0062,E14,F029,Adjudicación Simplificada,Adquisición de equipos informáticos,goods,142266.35,2025-03-02,False,False,hard_negative_concentracion_legitima
C000276,P0019,E07,F036,Comparación de Precios,Servicio de mantenimiento de infraestructura,services,23960.85,2023-04-09,False,False,normal
C002452,P0019,E06,F006,Licitación Pública,Adquisición de materiales de construcción,goods,34962.04,2024-10-18,False,False,normal
C002073,P0146,E14,F016,,Adquisición de equipos informáticos,goods,28450.78,2024-11-10,False,False,normal
C002608,P0115,E15,F035,Comparación de Precios,Servicio de transporte,services,72304.07,2025-09-13,False,False,normal
C000407,P0041,E04,F053,Licitación Pública,Servicio de mantenimiento de infraestructura,services,75992.38,2024-08-03,False,False,normal
C003115,P0112,E04,F019,Adjudicación Simplificada,Adquisición de materiales de construcción,goods,407145.87,2025-12-18,False,False,normal
C002599,P0024,E06,F006,Concurso Público,Adquisición de equipos informáticos,goods,36809.22,2024-09-18,False,False,normal
C000844,P0087,E01,F018,Licitación Pública,Adquisición de bienes de oficina,goods,21452.61,2024-02-07,False,False,normal
C001651,P0016,E17,F003,Licitación Pública,Obra de rehabilitación vial,works,17402.62,2024-04-03,False,False,normal
C001421,P0054,E16,F002,Adjudicación Simplificada,Servicio de mantenimiento de infraestructura,services,56525.4,2026-03-23,False,False,normal
C001966,P0017,E05,F001,Comparación de Precios,Adquisición de materiales de construcción,goods,36117.22,2023-02-10,False,False,normal
C001925,P0127,E09,F034,Adjudicación Simplificada,Adquisición de materiales de construcción,goods,28199.35,2025-01-17,False,False,normal
C001764,P0139,E09,F046,Concurso Público,Suministro de combustible,goods,14993.75,2024-02-01,False,False,normal
C003372,P0156,E01,F017,Concurso Público,Adquisición de equipos informáticos,goods,75833.26,2023-08-26,False,False,normal
C001703,P0164,E01,F048,Comparación de Precios,Consultoría en ingeniería,services,236393.99,2024-01-11,False,False,normal
C000855,P0053,E07,F023,Adjudicación Simplificada,Servicio de mantenimiento de infraestructura,services,88891.62,2023-08-30,False,False,normal
C001402,P0103,E13,F055,Adjudicación Simplificada,Adquisición de materiales de construcción,goods,159569.33,2025-07-12,False,False,normal
C000078,P0176,E03,F000,Licitación Pública,Servicio de transporte,services,243731.23,2026-06-17,False,False,normal
C000944,P0192,E06,F039,Adjudicación Simplificada,Servicio de limpieza y vigilancia,services,83805.02,2023-07-28,False,False,normal
C000199,P0205,E05,F059,Comparación de Precios,Servicio de transporte,services,48821.76,2023-10-25,False,False,normal
C003480,P0009,E09,F034,Adjudicación Simplificada,Servicio de mantenimiento de infraestructura,services,46521.78,2025-04-23,False,False,normal
C001429,P0091,E16,F057,Comparación de Precios,Adquisición de materiales de construcción,goods,12119.52,2026-04-24,False,False,normal
C000801,P0145,E06,F006,Comparación de Precios,Consultoría en ingeniería,services,20948.62,2025-03-15,False,False,normal
C002229,P0159,E07,F036,Adjudicación Simplificada,Adquisición de equipos informáticos,goods,77838.27,2024-01-08,False,False,normal
C002024,P0168,E13,F055,Adjudicación Simplificada,Suministro de combustible,goods,189310.83,2023-10-08,False,False,normal
C003332,P0157,E10,F026,Licitación Pública,Obra de rehabilitación vial,works,5116.83,2025-03-09,False,False,normal
C000231,P0103,E16,F057,Comparación de Precios,Adquisición de bienes de oficina,goods,126769.0,2024-08-30,False,False,normal
C002956,P0141,E01,F048,Licitación Pública,Adquisición de bienes de oficina,goods,77423.28,2023-05-12,False,False,normal
C001729,P0086,E11,F054,,Obra de rehabilitación vial,works,270159.71,2025-11-04,False,False,normal
C002548,P0048,E13,F058,Comparación de Precios,Servicio de capacitación,services,17247.41,2023-09-06,False,False,normal
C003218,P0129,E01,F017,Concurso Público,Suministro de combustible,goods,241279.47,2023-07-05,False,False,normal
C003091,P0100,E04,F019,Adjudicación Simplificada,Adquisición de materiales de construcción,goods,20971.04,2023-11-13,False,False,normal
C900045,P0074,E06,F006,Contratación Directa,Adquisición de bienes de oficina,goods,407265.57,2026-05-26,True,False,favoritismo_sembrado
C003078,P0196,E12,F050,Adjudicación Simplificada,Suministro de combustible,goods,11953.02,2025-09-08,False,False,normal
C001407,P0092,E08,F015,Comparación de Precios,Consultoría en ingeniería,services,35158.52,2026-06-18,False,False,normal
C700038,P0062,E14,F040,Concurso Público,Adquisición de equipos informáticos,goods,475114.73,2026-04-29,False,False,hard_negative_concentracion_legitima
C001143,P0057,E04,F053,Adjudicación Simplificada,Servicio de limpieza y vigilancia,services,10500.77,2023-04-29,False,False,normal
C003353,P0083,E12,F021,Licitación Pública,Adquisición de materiales de construcción,goods,72212.2,2025-12-15,False,False,normal
C000191,P0165,E16,F002,Contratación Directa,Servicio de transporte,services,63080.9,2026-01-16,False,False,normal
C000104,P0120,E02,F051,Concurso Público,Consultoría en ingeniería,services,106890.6,2025-05-11,False,False,normal
C003151,P0185,E14,F029,Adjudicación Simplificada,Consultoría en ingeniería,services,80840.04,2025-03-16,False,False,normal
C002168,P0038,E15,F035,Adjudicación Simplificada,Servicio de capacitación,services,302318.02,2025-06-03,False,False,normal
C003287,P0060,E00,F041,Adjudicación Simplificada,Obra de rehabilitación vial,works,21424.59,2025-05-08,False,False,normal
C001539,P0134,E14,F016,Adjudicación Simplificada,Consultoría en ingeniería,services,17968.94,2024-05-18,False,False,normal
C001419,P0155,E17,F031,Adjudicación Simplificada,Servicio de limpieza y vigilancia,services,111809.12,2023-03-06,False,False,normal
C001869,P0110,E06,F039,Adjudicación Simplificada,Servicio de capacitación,services,9690.05,2025-08-09,False,False,normal
C001465,P0131,E05,F009,Licitación Pública,Consultoría en ingeniería,services,55481.47,2024-04-07,False,False,normal
C002825,P0117,E03,F000,Adjudicación Simplificada,Suministro de combustible,goods,134829.25,2026-04-25,False,False,normal
C002900,P0040,E00,F041,Adjudicación Simplificada,Servicio de transporte,services,47880.41,2025-08-15,False,False,normal
C001226,P0131,E17,F031,,Consultoría en ingeniería,services,18871.62,2026-05-22,False,False,normal
C001987,P0076,E12,F050,Adjudicación Simplificada,Servicio de mantenimiento de infraestructura,services,40871.93,2023-10-03,False,False,normal
C002242,P0112,E10,F008,Adjudicación Simplificada,Adquisición de bienes de oficina,goods,28057.75,2023-09-20,False,False,normal
C001656,P0208,E03,F000,Adjudicación Simplificada,Obra de rehabilitación vial,works,24060.76,2026-02-07,False,False,normal
C900005,P0016,E07,F023,Contratación Directa,Adquisición de materiales de construcción,goods,166418.67,2024-05-12,True,False,favoritismo_sembrado
C002962,P0173,E06,F006,Adjudicación Simplificada,Adquisición de materiales de construcción,goods,24111.33,2026-06-17,False,False,normal
C001423,P0189,E05,F032,Comparación de Precios,Consultoría en ingeniería,services,35005.55,2023-11-03,False,False,normal
C003113,P0170,E00,F041,Adjudicación Simplificada,Consultoría en ingeniería,services,267849.53,2024-09-05,False,False,normal
C000994,P0059,E05,F047,Licitación Pública,Servicio de capacitación,services,250565.87,2025-04-07,False,False,normal
C000464,P0020,E08,F015,Licitación Pública,Adquisición de bienes de oficina,goods,60553.21,2024-12-18,False,False,normal
C001298,P0088,E10,F008,Comparación de Precios,Adquisición de bienes de oficina,goods,175081.92,2025-04-04,False,False,normal
C001270,P0142,E00,F041,Contratación Directa,Consultoría en ingeniería,services,188598.87,2025-07-26,False,False,normal
C002973,P0182,E12,F050,Licitación Pública,Obra de rehabilitación vial,works,,2023-11-20,False,False,normal
C001950,P0052,E17,F031,Comparación de Precios,Adquisición de materiales de construcción,goods,15306.04,2024-06-03,False,False,normal
C002236,P0145,E04,F030,Contratación Directa,Servicio de capacitación,services,192765.79,2026-01-18,False,False,normal
C001454,P0170,E10,F004,Comparación de Precios,Adquisición de equipos informáticos,goods,179755.3,2024-04-15,False,False,normal
C000212,P0149,E05,F052,Comparación de Precios,Adquisición de materiales de construcción,goods,220480.62,2024-05-18,False,False,normal
C001036,P0098,E06,F006,Contratación Directa,Adquisición de materiales de construcción,goods,106441.13,2026-06-05,False,False,normal
C700087,P0054,E10,F004,Concurso Público,Servicio de capacitación,services,516456.29,2025-05-04,False,False,hard_negative_concentracion_legitima
C000900,P0078,E12,F021,Licitación Pública,Consultoría en ingeniería,services,29543.66,2024-07-27,False,False,normal
C001578,P0193,E17,F003,Comparación de Precios,Servicio de mantenimiento de infraestructura,services,156554.15,2023-09-09,False,False,normal
C001446,P0082,E09,F027,Comparación de Precios,Suministro de combustible,goods,164476.67,2025-02-04,False,False,normal
C000741,P0084,E17,F003,,Servicio de capacitación,services,173565.82,2023-02-07,False,False,normal
C003434,P0196,E16,F057,Licitación Pública,Suministro de combustible,goods,75677.01,2025-07-27,False,False,normal
C002866,P0093,E08,F015,Concurso Público,Obra de rehabilitación vial,works,26389.41,2024-05-12,False,False,normal
C001961,P0213,E05,F047,Adjudicación Simplificada,Servicio de mantenimiento de infraestructura,services,244759.34,2024-08-28,False,False,normal
C001206,P0148,E17,F003,Comparación de Precios,Servicio de capacitación,services,218808.61,2025-12-21,False,False,normal
C000509,P0130,E01,F017,Comparación de Precios,Servicio de limpieza y vigilancia,services,181674.09,2023-10-10,False,False,normal
C000597,P0100,E13,F058,Adjudicación Simplificada,Adquisición de bienes de oficina,goods,106230.07,2024-06-12,False,False,normal
C001588,P0058,E06,F006,Licitación Pública,Consultoría en ingeniería,services,72722.48,2025-11-23,False,False,normal
C000981,P0067,E15,F035,Licitación Pública,Servicio de mantenimiento de infraestructura,services,145339.31,2025-11-14,False,False,normal
C002742,P0176,E14,F029,Adjudicación Simplificada,Adquisición de bienes de oficina,goods,28631.83,2024-02-19,False,False,normal
C003260,P0176,E16,F002,Comparación de Precios,Servicio de capacitación,services,96309.56,2023-12-18,False,False,normal
C000518,P0185,E12,F021,Comparación de Precios,Consultoría en ingeniería,services,26171.22,2023-03-13,False,False,normal
C001289,P0118,E03,F000,Adjudicación Simplificada,Adquisición de bienes de oficina,goods,95462.89,2025-05-01,False,False,normal
C000767,P0035,E06,F039,Comparación de Precios,Servicio de limpieza y vigilancia,services,152897.48,2024-02-14,False,False,normal
C003411,P0174,E14,F040,Comparación de Precios,Consultoría en ingeniería,services,117874.56,2025-04-26,False,False,normal
C000421,P0028,E02,F025,Comparación de Precios,Adquisición de equipos informáticos,goods,73527.19,2024-02-25,False,False,normal
C000123,P0094,E05,F045,Comparación de Precios,Adquisición de equipos informáticos,goods,54383.77,2025-09-23,False,False,normal
C003217,P0146,E09,F033,Adjudicación Simplificada,Adquisición de bienes de oficina,goods,296134.97,2023-07-04,False,False,normal
C002298,P0186,E10,F008,Concurso Público,Adquisición de materiales de construcción,goods,37002.43,2025-09-02,False,False,normal
C000819,P0051,E12,F021,Adjudicación Simplificada,Servicio de capacitación,services,81068.38,2023-12-28,False,False,normal
C000100,P0199,E06,F006,Contratación Directa,Adquisición de bienes de oficina,goods,38535.98,2024-07-20,False,False,normal
C003257,P0066,E15,F035,Comparación de Precios,Adquisición de materiales de construcción,goods,100627.87,2024-11-26,False,False,normal
C003422,P0142,E07,F013,Licitación Pública,Servicio de mantenimiento de infraestructura,services,26407.4,2023-02-13,False,False,normal
C002859,P0027,E13,F055,Contratación Directa,Servicio de transporte,services,70491.8,2023-08-12,False,False,normal
C003235,P0016,E03,F000,Comparación de Precios,Suministro de combustible,goods,52373.96,2023-12-31,False,False,normal
C001103,P0089,E17,F012,Contratación Directa,Adquisición de bienes de oficina,goods,46260.69,2023-05-16,False,False,normal
C002501,P0172,E05,F001,Comparación de Precios,Consultoría en ingeniería,services,149440.32,2025-03-04,False,False,normal
C002728,P0051,E11,F007,Licitación Pública,Servicio de mantenimiento de infraestructura,services,12042.87,2024-01-20,False,False,normal
C002958,P0103,E02,F011,Adjudicación Simplificada,Obra de rehabilitación vial,works,108776.33,2024-02-17,False,False,normal
C001517,P0209,E04,F019,Licitación Pública,Servicio de transporte,services,110368.42,2024-12-17,False,False,normal
C002798,P0140,E02,F044,Adjudicación Simplificada,Adquisición de equipos informáticos,goods,40354.11,2025-08-10,False,False,normal
C003066,P0124,E00,F041,Comparación de Precios,Servicio de capacitación,services,33747.65,2026-02-24,False,False,normal
C002855,P0048,E01,F018,Comparación de Precios,Adquisición de equipos informáticos,goods,48109.44,2024-12-31,False,False,normal
C000982,P0149,E10,F026,Comparación de Precios,Adquisición de bienes de oficina,goods,35716.76,2025-08-08,False,False,normal
C000456,P0130,E11,F007,Contratación Directa,Adquisición de bienes de oficina,goods,499390.38,2025-01-20,False,False,normal
C002752,P0167,E14,F040,Adjudicación Simplificada,Adquisición de bienes de oficina,goods,48164.76,2025-12-15,False,False,normal
C002624,P0133,E07,F013,Comparación de Precios,Adquisición de bienes de oficina,goods,138984.28,2026-02-14,False,False,normal
C000381,P0121,E13,F055,,Suministro de combustible,goods,31522.51,2023-01-27,False,False,normal
C003452,P0134,E00,F010,Comparación de Precios,Suministro de combustible,goods,189815.18,2025-08-15,False,False,normal
C002037,P0190,E07,F036,Licitación Pública,Servicio de mantenimiento de infraestructura,services,45660.79,2025-06-16,False,False,normal
C003451,P0121,E04,F019,Adjudicación Simplificada,Servicio de capacitación,services,69704.06,2025-06-09,False,False,normal
C001010,P0178,E15,F035,Adjudicación Simplificada,Consultoría en ingeniería,services,44680.65,2023-04-21,False,False,normal
C001378,P0136,E16,F057,Comparación de Precios,Adquisición de materiales de construcción,goods,139861.29,2025-09-24,False,False,normal
C800021,P0204,E05,F047,Concurso Público Abreviado,Servicio de transporte,services,180172.41,2026-04-29,False,True,fraccionamiento_sembrado
C000662,P0188,E12,F021,Licitación Pública,Servicio de mantenimiento de infraestructura,services,10664.18,2023-08-23,False,False,normal
C001461,P0092,E06,F006,Adjudicación Simplificada,Servicio de limpieza y vigilancia,services,47274.84,2023-06-14,False,False,normal
C001949,P0198,E03,F000,Comparación de Precios,Adquisición de equipos informáticos,goods,134782.19,2024-03-05,False,False,normal
C003354,P0110,E16,F002,Adjudicación Simplificada,Consultoría en ingeniería,services,13107.52,2024-01-14,False,False,normal
C002098,P0122,E11,F049,Comparación de Precios,Suministro de combustible,goods,40834.71,2023-11-10,False,False,normal
C002776,P0088,E07,F023,Comparación de Precios,Adquisición de equipos informáticos,goods,68402.02,2026-02-27,False,False,normal
C002897,P0167,E02,F011,Contratación Directa,Servicio de capacitación,services,131220.08,2023-06-12,False,False,normal
C002812,P0089,E06,F006,Comparación de Precios,Adquisición de materiales de construcción,goods,57449.32,2024-03-09,False,False,normal
C002903,P0103,E07,F023,Adjudicación Simplificada,Servicio de transporte,services,67705.63,2025-06-16,False,False,normal
C000845,P0205,E17,F012,Licitación Pública,Consultoría en ingeniería,services,89478.08,2023-08-29,False,False,normal
C000542,P0059,E13,F055,Concurso Público,Adquisición de bienes de oficina,goods,251451.69,2024-09-22,False,False,normal
C700026,P0180,E16,F002,Adjudicación Simplificada,Obra de rehabilitación vial,works,271564.24,2024-08-16,False,False,hard_negative_concentracion_legitima
C002364,P0085,E13,F055,Adjudicación Simplificada,Adquisición de equipos informáticos,goods,45348.13,2026-06-28,False,False,normal
C001846,P0102,E00,F038,Comparación de Precios,Servicio de limpieza y vigilancia,services,69732.06,2023-06-12,False,False,normal
C001196,P0090,E15,F035,Comparación de Precios,Servicio de limpieza y vigilancia,services,75831.63,2025-12-07,False,False,normal
C001102,P0025,E16,F002,Contratación Directa,Adquisición de bienes de oficina,goods,42478.11,2026-03-28,False,False,normal
C002483,P0166,E15,F035,Contratación Directa,Servicio de limpieza y vigilancia,services,61486.17,2023-04-28,False,False,normal
C700078,P0133,E04,F030,Licitación Pública,Obra de rehabilitación vial,works,140431.71,2024-12-06,False,False,hard_negative_concentracion_legitima
C002535,P0027,E10,F026,Adjudicación Simplificada,Servicio de mantenimiento de infraestructura,services,40589.86,2023-12-05,False,False,normal
C001582,P0123,E00,F010,Adjudicación Simplificada,Adquisición de materiales de construcción,goods,57403.08,2023-03-11,False,False,normal
C003114,P0199,E04,F030,Comparación de Precios,Adquisición de equipos informáticos,goods,166323.14,2026-06-19,False,False,normal
C003408,P0171,E14,F040,Adjudicación Simplificada,Adquisición de equipos informáticos,goods,61617.31,2026-06-12,False,False,normal
C001048,P0064,E12,F050,Concurso Público,Servicio de capacitación,services,34671.58,2024-02-15,False,False,normal
C700010,P0178,E01,F048,Concurso Público,Servicio de capacitación,services,871862.16,2025-11-10,False,False,hard_negative_concentracion_legitima
C001660,P0146,E13,F056,Adjudicación Simplificada,Adquisición de bienes de oficina,goods,170802.7,2024-06-13,False,False,normal
C002832,P0051,E13,F058,Adjudicación Simplificada,Servicio de capacitación,services,44462.82,2024-10-17,False,False,normal
C001885,P0167,E17,F012,Contratación Directa,Obra de rehabilitación vial,works,27631.27,2026-01-17,False,False,normal
C000237,P0025,E01,F018,Licitación Pública,Adquisición de bienes de oficina,goods,225247.64,2025-03-01,False,False,normal
C002781,P0186,E05,F045,Concurso Público,Consultoría en ingeniería,services,60642.02,2025-05-22,False,False,normal
C002446,P0092,E02,F011,Adjudicación Simplificada,Adquisición de equipos informáticos,goods,85101.86,2026-05-18,False,False,normal
C001133,P0176,E04,F030,Comparación de Precios,Adquisición de bienes de oficina,goods,15258.41,2025-08-17,False,False,normal
C002414,P0133,E07,F023,Adjudicación Simplificada,Adquisición de equipos informáticos,goods,190068.81,2023-12-23,False,False,normal
C002529,P0210,E09,F046,Concurso Público,Adquisición de bienes de oficina,goods,523092.96,2026-01-15,False,False,normal
C000163,P0055,E02,F025,Comparación de Precios,Adquisición de bienes de oficina,goods,30454.31,2023-07-24,False,False,normal
C003450,P0206,E15,F035,Adjudicación Simplificada,Adquisición de equipos informáticos,goods,13995.45,2023-11-02,False,False,normal
C000252,P0033,E06,F039,Adjudicación Simplificada,Adquisición de materiales de construcción,goods,132699.0,2024-07-30,False,False,normal
C002721,P0127,E11,F054,Adjudicación Simplificada,Servicio de transporte,services,37794.13,2024-07-25,False,False,normal
C002212,P0176,E05,F045,Comparación de Precios,Servicio de limpieza y vigilancia,services,102717.16,2023-08-04,False,False,normal
C003153,P0151,E12,F050,Contratación Directa,Servicio de transporte,services,282651.69,2023-08-11,False,False,normal
C000930,P0208,E13,F058,Comparación de Precios,Servicio de limpieza y vigilancia,services,74261.19,2025-09-04,False,False,normal
C001747,P0088,E17,F003,Comparación de Precios,Consultoría en ingeniería,services,23537.01,2024-06-09,False,False,normal
C002250,P0051,E00,F041,,Consultoría en ingeniería,services,129273.62,2024-03-06,False,False,normal
C002409,P0079,E16,F042,Comparación de Precios,Obra de rehabilitación vial,works,376976.48,2025-08-23,False,False,normal
C001532,P0145,E16,F002,Licitación Pública,Servicio de mantenimiento de infraestructura,services,114819.55,2023-09-09,False,False,normal
C001411,P0097,E00,F010,Adjudicación Simplificada,Obra de rehabilitación vial,works,9550.05,2024-08-25,False,False,normal
C002533,P0194,E11,F007,Adjudicación Simplificada,Servicio de transporte,services,63737.82,2024-01-20,False,False,normal
C900032,P0156,E02,F025,Contratación Directa,Adquisición de materiales de construcción,goods,176679.12,2024-10-01,True,False,favoritismo_sembrado
C001090,P0035,E03,F000,Adjudicación Simplificada,Adquisición de materiales de construcción,goods,45962.51,2023-09-26,False,False,normal
C003241,P0118,E03,F000,Adjudicación Simplificada,Servicio de limpieza y vigilancia,services,135812.44,2024-01-31,False,False,normal
C002619,P0195,E13,F056,Comparación de Precios,Servicio de limpieza y vigilancia,services,22454.29,2023-09-20,False,False,normal
C001181,P0031,E14,F040,Licitación Pública,Adquisición de equipos informáticos,goods,55248.78,2024-10-23,False,False,normal
C000593,P0095,E14,F029,Concurso Público,Servicio de limpieza y vigilancia,services,30912.96,2024-07-13,False,False,normal
C000677,P0032,E10,F026,Adjudicación Simplificada,Obra de rehabilitación vial,works,47689.69,2025-08-12,False,False,normal
C000041,P0205,E02,F044,Adjudicación Simplificada,Adquisición de bienes de oficina,goods,263406.97,2024-07-12,False,False,normal
C001602,P0107,E10,F026,Comparación de Precios,Servicio de mantenimiento de infraestructura,services,64459.8,2024-05-05,False,False,normal
C002213,P0002,E10,F026,Comparación de Precios,Servicio de mantenimiento de infraestructura,services,49616.81,2026-06-06,False,False,normal
C002378,P0154,E05,F047,Licitación Pública,Adquisición de bienes de oficina,goods,5819.56,2023-05-10,False,False,normal
C001677,P0081,E06,F006,Adjudicación Simplificada,Adquisición de equipos informáticos,goods,75394.5,2023-02-10,False,False,normal
C000243,P0129,E15,F035,Adjudicación Simplificada,Adquisición de bienes de oficina,goods,35207.82,2024-07-15,False,False,normal
C001124,P0167,E02,F051,Adjudicación Simplificada,Suministro de combustible,goods,15674.52,2023-11-06,False,False,normal
C002677,P0085,E02,F044,Adjudicación Simplificada,Suministro de combustible,goods,48925.37,2023-03-14,False,False,normal
C001583,P0149,E06,F006,Comparación de Precios,Suministro de combustible,goods,34655.84,2024-03-16,False,False,normal
C001351,P0068,E08,F014,Adjudicación Simplificada,Servicio de mantenimiento de infraestructura,services,26571.62,2024-07-31,False,False,normal
C000261,P0151,E08,F020,Contratación Directa,Adquisición de equipos informáticos,goods,58556.78,2023-07-28,False,False,normal
C001752,P0107,E04,F053,Comparación de Precios,Adquisición de materiales de construcción,goods,197140.4,2024-05-08,False,False,normal
C002078,P0158,E05,F045,Comparación de Precios,Suministro de combustible,goods,246785.2,2026-06-12,False,False,normal
C002891,P0090,E03,F000,Comparación de Precios,Suministro de combustible,goods,12761.66,2024-10-02,False,False,normal
C000834,P0088,E03,F000,Adjudicación Simplificada,,services,75433.74,2024-10-23,False,False,normal
C002846,P0159,E04,F030,Comparación de Precios,Adquisición de bienes de oficina,goods,42706.35,2025-09-29,False,False,normal
C002077,P0021,E12,F021,Licitación Pública,Suministro de combustible,goods,11946.48,2023-01-25,False,False,normal
C002787,P0002,E11,F054,Adjudicación Simplificada,Obra de rehabilitación vial,works,14996.83,2025-10-01,False,False,normal
C002328,P0210,E11,F049,Licitación Pública,Servicio de mantenimiento de infraestructura,services,36798.39,2024-08-19,False,False,normal
C000340,P0090,E01,F018,Adjudicación Simplificada,Servicio de capacitación,services,29771.88,2026-01-22,False,False,normal
C001618,P0152,E08,F028,Concurso Público,Servicio de mantenimiento de infraestructura,services,,2026-06-29,False,False,normal
C000748,P0036,E08,F020,Comparación de Precios,Adquisición de bienes de oficina,goods,258279.9,2025-06-18,False,False,normal
C003388,P0127,E01,F048,Comparación de Precios,Servicio de limpieza y vigilancia,services,18913.47,2023-12-05,False,False,normal
C000480,P0021,E13,F058,Comparación de Precios,Adquisición de equipos informáticos,goods,583868.14,2024-12-09,False,False,normal
C001436,P0056,E12,F021,Licitación Pública,Adquisición de equipos informáticos,goods,303132.15,2024-10-12,False,False,normal
C002913,P0117,E00,F041,Adjudicación Simplificada,Servicio de capacitación,services,39922.17,2023-11-28,False,False,normal
C001736,P0184,E01,F048,Adjudicación Simplificada,Obra de rehabilitación vial,works,57638.15,2025-05-14,False,False,normal
C000783,P0135,E17,F012,Licitación Pública,Obra de rehabilitación vial,works,11524.41,2024-05-01,False,False,normal
C003173,P0199,E16,F057,Adjudicación Simplificada,Obra de rehabilitación vial,works,30506.59,2025-03-26,False,False,normal
C001612,P0043,E10,F026,Adjudicación Simplificada,Suministro de combustible,goods,56075.45,2023-08-03,False,False,normal
C002423,P0214,E05,F009,Adjudicación Simplificada,Adquisición de materiales de construcción,goods,104137.55,2024-12-29,False,False,normal
C002966,P0025,E05,F009,Licitación Pública,,works,69423.17,2025-09-20,False,False,normal
C002543,P0060,E06,F006,Licitación Pública,Servicio de limpieza y vigilancia,services,22500.34,2025-04-12,False,False,normal
C002313,P0004,E13,F058,,Servicio de mantenimiento de infraestructura,services,25180.21,2024-09-04,False,False,normal
C001491,P0039,E14,F016,Concurso Público,Consultoría en ingeniería,services,,2024-02-28,False,False,normal
C001398,P0126,E15,F035,Adjudicación Simplificada,Consultoría en ingeniería,services,105176.89,2025-03-11,False,False,normal
C002436,P0191,E02,F025,Comparación de Precios,Servicio de mantenimiento de infraestructura,services,172310.6,2024-02-22,False,False,normal
C002614,P0184,E17,F031,Adjudicación Simplificada,Adquisición de bienes de oficina,goods,168879.95,2025-10-24,False,False,normal
C001770,P0109,E04,F019,Adjudicación Simplificada,Obra de rehabilitación vial,works,11032.01,2023-09-04,False,False,normal
C001271,P0103,E06,F039,Licitación Pública,Servicio de transporte,services,235801.24,2025-02-13,False,False,normal
C001728,P0011,E15,F035,Comparación de Precios,Servicio de capacitación,services,20246.16,2024-12-31,False,False,normal
C001127,P0030,E07,F013,Concurso Público,Suministro de combustible,goods,145805.26,2023-01-06,False,False,normal
C000626,P0120,E01,F048,Contratación Directa,Suministro de combustible,goods,31430.82,2023-07-24,False,False,normal
C000347,P0171,E09,F043,Concurso Público,Adquisición de equipos informáticos,goods,73396.62,2023-11-10,False,False,normal
C002184,P0213,E03,F000,Comparación de Precios,Servicio de capacitación,services,,2023-01-06,False,False,normal
C003406,P0078,E03,F000,Licitación Pública,Servicio de mantenimiento de infraestructura,services,198256.07,2025-05-14,False,False,normal
C001864,P0091,E17,F012,Comparación de Precios,Adquisición de equipos informáticos,goods,117562.11,2023-06-23,False,False,normal
C000979,P0046,E17,F003,Adjudicación Simplificada,Adquisición de materiales de construcción,goods,160520.04,2024-10-01,False,False,normal
C003186,P0027,E01,F048,Contratación Directa,Adquisición de equipos informáticos,goods,22317.31,2024-05-23,False,False,normal
C700020,P0143,E06,F039,Adjudicación Simplificada,Servicio de transporte,services,257856.0,2026-03-05,False,False,hard_negative_concentracion_legitima
C000911,P0211,E05,F047,Adjudicación Simplificada,Servicio de capacitación,services,19195.02,2026-02-06,False,False,normal
C002337,P0135,E05,F045,,Servicio de transporte,services,30509.73,2025-09-30,False,False,normal
C000632,P0061,E12,F050,Comparación de Precios,Servicio de capacitación,services,18588.98,2025-06-23,False,False,normal
C001512,P0156,E17,F031,Licitación Pública,Servicio de capacitación,services,58012.59,2024-06-30,False,False,normal
C000445,P0147,E17,F031,Comparación de Precios,Consultoría en ingeniería,services,82792.21,2025-01-07,False,False,normal
C000617,P0210,E14,F029,Concurso Público,Adquisición de bienes de oficina,goods,99858.92,2026-01-21,False,False,normal
C001871,P0174,E12,F050,Contratación Directa,Consultoría en ingeniería,services,16854.87,2023-07-05,False,False,normal
C002295,P0066,E00,F038,Adjudicación Simplificada,Suministro de combustible,goods,34406.44,2025-06-08,False,False,normal
C002761,P0111,E15,F035,Concurso Público,Servicio de capacitación,services,35664.91,2026-04-12,False,False,normal
C001732,P0011,E04,F019,,Obra de rehabilitación vial,works,111557.49,2023-02-25,False,False,normal
C001731,P0065,E12,F021,Licitación Pública,Adquisición de materiales de construcción,goods,92939.81,2024-12-12,False,False,normal
C003142,P0071,E00,F041,Adjudicación Simplificada,Adquisición de materiales de construcción,goods,142923.12,2025-09-15,False,False,normal
C003426,P0032,E01,F017,Adjudicación Simplificada,Adquisición de materiales de construcción,goods,114583.82,2026-01-24,False,False,normal
C001883,P0007,E17,F031,Adjudicación Simplificada,Consultoría en ingeniería,services,112635.21,2023-11-17,False,False,normal
C002176,P0219,E04,F019,Adjudicación Simplificada,Consultoría en ingeniería,services,10862.05,2024-01-09,False,False,normal
C000353,P0217,E01,F017,Licitación Pública,,goods,23376.11,2023-04-05,False,False,normal
C001232,P0188,E09,F027,Adjudicación Simplificada,Servicio de capacitación,services,721620.15,2025-08-14,False,False,normal
C000613,P0127,E09,F033,Adjudicación Simplificada,Servicio de capacitación,services,,2026-03-25,False,False,normal
C001432,P0152,E04,F030,Comparación de Precios,Adquisición de materiales de construcción,goods,207344.85,2024-07-08,False,False,normal
C001488,P0159,E17,F003,Contratación Directa,Adquisición de bienes de oficina,goods,52190.04,2024-03-08,False,False,normal
C002791,P0058,E11,F007,Concurso Público,Servicio de mantenimiento de infraestructura,services,43661.71,2024-08-25,False,False,normal
C800016,P0088,E02,F025,Licitación Pública Abreviada,Suministro de combustible,goods,125757.47,2025-11-22,False,True,fraccionamiento_sembrado
C002579,P0017,E09,F033,Contratación Directa,Servicio de capacitación,services,6049.3,2024-08-13,False,False,normal
C003483,P0109,E14,F016,Adjudicación Simplificada,Servicio de mantenimiento de infraestructura,services,50745.18,2024-11-18,False,False,normal
C000057,P0135,E00,F010,Comparación de Precios,Adquisición de bienes de oficina,goods,,2023-02-24,False,False,normal
C002759,P0031,E08,F022,Adjudicación Simplificada,Consultoría en ingeniería,services,7703.02,2026-05-17,False,False,normal
C002991,P0012,E05,F001,Comparación de Precios,Adquisición de materiales de construcción,goods,103765.88,2026-01-07,False,False,normal
C002704,P0040,E15,F035,Concurso Público,Servicio de mantenimiento de infraestructura,services,46127.74,2024-10-09,False,False,normal
C001253,P0213,E14,F040,Comparación de Precios,Servicio de transporte,services,130239.25,2025-08-25,False,False,normal
C003148,P0199,E00,F041,Licitación Pública,Adquisición de bienes de oficina,goods,798956.81,2026-04-27,False,False,normal
C002323,P0182,E03,F000,Adjudicación Simplificada,Adquisición de materiales de construcción,goods,18297.66,2024-08-13,False,False,normal
C002163,P0207,E09,F043,Contratación Directa,Adquisición de bienes de oficina,goods,70893.64,2023-08-02,False,False,normal
C001897,P0053,E05,F059,Licitación Pública,Servicio de capacitación,services,109746.95,2025-02-12,False,False,normal
C001644,P0084,E17,F003,Comparación de Precios,Obra de rehabilitación vial,works,117182.16,2025-04-07,False,False,normal
C001803,P0133,E14,F040,Contratación Directa,Adquisición de materiales de construcción,goods,237973.07,2024-11-15,False,False,normal
C003225,P0078,E16,F042,Comparación de Precios,Servicio de transporte,services,75210.9,2025-08-05,False,False,normal
C000560,P0039,E08,F005,Comparación de Precios,Servicio de transporte,services,43078.99,2026-04-19,False,False,normal
C000707,P0194,E02,F051,Adjudicación Simplificada,Servicio de capacitación,services,41060.72,2024-11-01,False,False,normal
C001425,P0050,E15,F035,Adjudicación Simplificada,Obra de rehabilitación vial,works,192529.25,2023-05-20,False,False,normal
C000424,P0057,E12,F050,Adjudicación Simplificada,Servicio de limpieza y vigilancia,services,406949.7,2024-03-29,False,False,normal
C001093,P0216,E09,F043,Adjudicación Simplificada,Servicio de capacitación,services,64866.24,2023-10-12,False,False,normal
C001376,P0020,E17,F031,Adjudicación Simplificada,Suministro de combustible,goods,47565.54,2026-01-24,False,False,normal
C000647,P0049,E04,F019,Contratación Directa,Consultoría en ingeniería,services,39294.78,2025-11-11,False,False,normal
C000072,P0069,E03,F000,Comparación de Precios,Adquisición de materiales de construcción,goods,42804.25,2024-07-11,False,False,normal
C001818,P0094,E05,F059,Adjudicación Simplificada,Adquisición de materiales de construcción,goods,35150.95,2023-02-16,False,False,normal
C003486,P0094,E17,F003,Comparación de Precios,Consultoría en ingeniería,services,210942.0,2023-06-27,False,False,normal
C002457,P0129,E14,F040,Comparación de Precios,Servicio de transporte,services,8037.33,2023-01-12,False,False,normal
C001005,P0167,E00,F038,Comparación de Precios,Servicio de limpieza y vigilancia,services,15607.75,2025-07-29,False,False,normal
C000620,P0213,E14,F040,Adjudicación Simplificada,Obra de rehabilitación vial,works,64771.29,2023-05-09,False,False,normal
C001427,P0136,E13,F056,Comparación de Precios,Servicio de capacitación,services,138264.36,2023-02-10,False,False,normal
C002893,P0076,E13,F055,Licitación Pública,Adquisición de equipos informáticos,goods,225524.7,2024-10-06,False,False,normal
C000553,P0054,E07,F013,Comparación de Precios,Servicio de capacitación,services,49192.75,2024-09-19,False,False,normal
C001601,P0017,E05,F001,Concurso Público,Servicio de mantenimiento de infraestructura,services,280424.01,2025-06-08,False,False,normal
C001637,P0028,E00,F038,Adjudicación Simplificada,Servicio de capacitación,services,38068.08,2025-05-06,False,False,normal
C003286,P0205,E09,F034,Adjudicación Simplificada,Servicio de capacitación,services,23567.8,2026-01-13,False,False,normal
C002092,P0155,E04,F019,Comparación de Precios,Consultoría en ingeniería,services,320430.08,2023-04-24,False,False,normal
C002367,P0047,E12,F050,Contratación Directa,Servicio de limpieza y vigilancia,services,80663.36,2025-11-16,False,False,normal
C000998,P0176,E15,F035,Licitación Pública,Servicio de capacitación,services,4048.08,2025-10-06,False,False,normal
C001873,P0054,E15,F035,Adjudicación Simplificada,Servicio de mantenimiento de infraestructura,services,26269.69,2025-05-09,False,False,normal
C002683,P0185,E09,F027,Adjudicación Simplificada,Adquisición de materiales de construcción,goods,181190.39,2024-01-04,False,False,normal
C002359,P0016,E00,F038,Comparación de Precios,Adquisición de materiales de construcción,goods,81123.81,2024-09-05,False,False,normal
C001397,P0141,E09,F033,Adjudicación Simplificada,Servicio de capacitación,services,125945.81,2026-01-16,False,False,normal
C003387,P0214,E05,F059,Adjudicación Simplificada,Adquisición de bienes de oficina,goods,41873.29,2025-11-18,False,False,normal
C001951,P0187,E12,F021,Adjudicación Simplificada,Consultoría en ingeniería,services,199262.46,2025-08-12,False,False,normal
C800010,P0219,E06,F006,Adjudicación Simplificada,Consultoría en ingeniería,services,177114.94,2024-11-01,False,True,fraccionamiento_sembrado
C002564,P0160,E17,F012,Adjudicación Simplificada,Servicio de limpieza y vigilancia,services,6619.5,2023-04-08,False,False,normal
C002545,P0211,E03,F000,Comparación de Precios,,services,12425.73,2024-01-15,False,False,normal
C000440,P0165,E06,F006,Adjudicación Simplificada,Adquisición de bienes de oficina,goods,98355.43,2025-04-21,False,False,normal
C000508,P0185,E01,F018,Comparación de Precios,Consultoría en ingeniería,services,35041.39,2024-02-27,False,False,normal
C001100,P0188,E03,F000,Adjudicación Simplificada,Adquisición de equipos informáticos,goods,78876.36,2023-07-30,False,False,normal
C000589,P0214,E15,F035,Comparación de Precios,Suministro de combustible,goods,145674.12,2026-06-05,False,False,normal
C800006,P0219,E06,F039,Adjudicación Simplificada,Consultoría en ingeniería,services,147633.39,2024-10-29,False,True,fraccionamiento_sembrado
C000649,P0085,E14,F040,Comparación de Precios,Suministro de combustible,goods,7748.63,2024-05-12,False,False,normal
C003374,P0004,E03,F000,Adjudicación Simplificada,Adquisición de equipos informáticos,goods,254985.84,2026-06-28,False,False,normal
C002153,P0143,E12,F021,Comparación de Precios,Obra de rehabilitación vial,works,29548.66,2023-09-12,False,False,normal
C700074,P0156,E02,F051,Licitación Pública,Servicio de mantenimiento de infraestructura,services,243411.52,2024-07-17,False,False,hard_negative_concentracion_legitima
C002010,P0082,E05,F047,Licitación Pública,Servicio de mantenimiento de infraestructura,services,86166.87,2024-05-27,False,False,normal
C001832,P0027,E11,F049,Licitación Pública,Adquisición de equipos informáticos,goods,90960.57,2025-01-29,False,False,normal
C000660,P0082,E13,F055,Concurso Público,Adquisición de bienes de oficina,goods,477687.16,2024-01-23,False,False,normal
C000630,P0170,E01,F018,,Servicio de limpieza y vigilancia,services,212173.57,2025-01-22,False,False,normal
C001921,P0111,E01,F018,Comparación de Precios,Servicio de mantenimiento de infraestructura,services,,2023-01-20,False,False,normal
C001249,P0164,E06,F039,Comparación de Precios,Servicio de transporte,services,5710.31,2025-10-19,False,False,normal
C001502,P0058,E11,F054,Comparación de Precios,Servicio de transporte,services,33060.84,2025-04-23,False,False,normal
C000482,P0001,E17,F031,Licitación Pública,Consultoría en ingeniería,services,784276.91,2025-06-21,False,False,normal
C003049,P0155,E07,F036,Contratación Directa,Adquisición de bienes de oficina,goods,83028.43,2025-10-15,False,False,normal
C003159,P0058,E08,F014,Adjudicación Simplificada,Adquisición de materiales de construcción,goods,371601.06,2026-06-14,False,False,normal
C001674,P0059,E00,F010,Comparación de Precios,Servicio de capacitación,services,48799.65,2024-10-24,False,False,normal
C002570,P0139,E14,F040,Adjudicación Simplificada,Adquisición de materiales de construcción,goods,176032.26,2024-08-30,False,False,normal
C002390,P0020,E03,F000,Contratación Directa,Adquisición de bienes de oficina,goods,23781.27,2023-03-07,False,False,normal
C002906,P0050,E08,F022,Concurso Público,Obra de rehabilitación vial,works,401699.79,2026-06-20,False,False,normal
C000856,P0009,E16,F024,Adjudicación Simplificada,Servicio de capacitación,services,60628.1,2024-12-22,False,False,normal
C001225,P0116,E00,F010,Concurso Público,Consultoría en ingeniería,services,110208.63,2023-06-15,False,False,normal
C001190,P0172,E07,F013,Licitación Pública,Servicio de transporte,services,30681.41,2025-01-24,False,False,normal
C002004,P0157,E00,F038,Adjudicación Simplificada,Suministro de combustible,goods,231271.38,2023-11-01,False,False,normal
C000530,P0135,E14,F040,Comparación de Precios,Obra de rehabilitación vial,works,85716.11,2025-05-13,False,False,normal
C002470,P0169,E15,F035,Licitación Pública,Adquisición de bienes de oficina,goods,140356.14,2024-09-05,False,False,normal
C000049,P0137,E02,F011,Comparación de Precios,Obra de rehabilitación vial,works,,2023-11-10,False,False,normal
C001552,P0099,E05,F037,Licitación Pública,Suministro de combustible,goods,42708.9,2025-04-29,False,False,normal
C000858,P0069,E03,F000,Comparación de Precios,Adquisición de equipos informáticos,goods,85076.8,2023-11-21,False,False,normal
C001557,P0184,E00,F038,Comparación de Precios,Suministro de combustible,goods,429005.84,2024-04-26,False,False,normal
C001072,P0049,E16,F042,Concurso Público,Adquisición de materiales de construcción,goods,99546.02,2024-02-01,False,False,normal
C000719,P0096,E09,F034,Comparación de Precios,Servicio de transporte,services,63840.1,2025-11-07,False,False,normal
C002878,P0171,E17,F012,Contratación Directa,Servicio de mantenimiento de infraestructura,services,243255.02,2025-03-07,False,False,normal
C003400,P0051,E01,F048,Comparación de Precios,Consultoría en ingeniería,services,14699.63,2025-05-24,False,False,normal
C002769,P0018,E07,F013,Contratación Directa,Suministro de combustible,goods,66105.66,2024-01-21,False,False,normal
C002794,P0044,E10,F008,Comparación de Precios,Obra de rehabilitación vial,works,48796.17,2024-10-17,False,False,normal
C003371,P0195,E14,F040,Concurso Público,Servicio de mantenimiento de infraestructura,services,135929.38,2023-09-08,False,False,normal
C002622,P0022,E17,F031,Adjudicación Simplificada,Servicio de capacitación,services,44323.68,2024-06-24,False,False,normal
C001971,P0023,E05,F059,Contratación Directa,Adquisición de equipos informáticos,goods,12505.02,2023-07-03,False,False,normal
C900055,P0064,E00,F010,Contratación Directa,Obra de rehabilitación vial,works,265207.14,2025-03-15,True,False,favoritismo_sembrado
C002758,P0187,E09,F033,Licitación Pública,Servicio de limpieza y vigilancia,services,174117.08,2025-05-20,False,False,normal
C001965,P0085,E15,F035,Comparación de Precios,Servicio de transporte,services,30174.46,2023-06-15,False,False,normal
C003334,P0032,E14,F029,Concurso Público,Servicio de transporte,services,91212.03,2025-09-08,False,False,normal
C003261,P0197,E01,F018,,Adquisición de equipos informáticos,goods,82502.28,2024-04-09,False,False,normal
C001898,P0040,E17,F012,Comparación de Precios,Adquisición de equipos informáticos,goods,89785.17,2023-06-12,False,False,normal
C002679,P0115,E14,F029,Licitación Pública,Adquisición de equipos informáticos,goods,143478.18,2025-06-19,False,False,normal
C003007,P0056,E17,F031,Licitación Pública,Adquisición de materiales de construcción,goods,,2026-01-25,False,False,normal
C002636,P0171,E00,F010,Adjudicación Simplificada,Adquisición de materiales de construcción,goods,9016.29,2026-04-22,False,False,normal
C001385,P0191,E12,F021,Comparación de Precios,Servicio de mantenimiento de infraestructura,services,127864.71,2025-04-20,False,False,normal
C001399,P0178,E15,F035,Concurso Público,Servicio de transporte,services,79366.34,2023-11-15,False,False,normal
C001195,P0160,E15,F035,Comparación de Precios,Servicio de transporte,services,43822.59,2024-03-13,False,False,normal
C003490,P0035,E10,F008,Licitación Pública,Consultoría en ingeniería,services,14445.51,2025-07-30,False,False,normal
C001475,P0018,E10,F008,Adjudicación Simplificada,Obra de rehabilitación vial,works,33186.2,2025-06-29,False,False,normal
C001814,P0206,E02,F011,Adjudicación Simplificada,Servicio de limpieza y vigilancia,services,57007.93,2025-11-29,False,False,normal
C003240,P0205,E17,F003,Concurso Público,Servicio de transporte,services,41222.09,2025-04-03,False,False,normal
C002154,P0001,E00,F038,Comparación de Precios,Adquisición de materiales de construcción,goods,294949.52,2024-05-24,False,False,normal
C000297,P0062,E14,F016,Adjudicación Simplificada,Servicio de mantenimiento de infraestructura,services,105167.87,2023-08-30,False,False,normal
C003053,P0090,E11,F007,Concurso Público,Servicio de limpieza y vigilancia,services,29340.77,2023-01-12,False,False,normal
C001264,P0021,E09,F046,Adjudicación Simplificada,Consultoría en ingeniería,services,188074.48,2026-01-20,False,False,normal
C001829,P0166,E02,F044,Licitación Pública,Servicio de limpieza y vigilancia,services,39673.88,2024-03-02,False,False,normal
C000958,P0004,E16,F042,Licitación Pública,Consultoría en ingeniería,services,12648.45,2023-05-23,False,False,normal
C001813,P0061,E12,F050,Adjudicación Simplificada,Adquisición de bienes de oficina,goods,208390.07,2023-01-04,False,False,normal
C900026,P0156,E02,F051,Comparación de Precios,Adquisición de materiales de construcción,goods,107048.71,2026-01-04,True,False,favoritismo_sembrado
C001667,P0155,E05,F047,Adjudicación Simplificada,Obra de rehabilitación vial,works,85043.06,2025-06-04,False,False,normal
C002234,P0210,E07,F013,Comparación de Precios,Servicio de capacitación,services,13971.89,2023-11-05,False,False,normal
C001374,P0102,E04,F030,Comparación de Precios,Servicio de capacitación,services,62096.43,2023-12-05,False,False,normal
C001286,P0054,E05,F001,Adjudicación Simplificada,Servicio de capacitación,services,27567.44,2023-12-08,False,False,normal
C002044,P0072,E07,F036,Adjudicación Simplificada,Servicio de mantenimiento de infraestructura,services,96514.6,2024-08-18,False,False,normal
C000349,P0104,E09,F027,Contratación Directa,Servicio de mantenimiento de infraestructura,services,166861.88,2024-07-27,False,False,normal
C001368,P0185,E06,F006,Contratación Directa,Adquisición de materiales de construcción,goods,349232.2,2023-03-29,False,False,normal
C001904,P0060,E02,F011,Concurso Público,Adquisición de equipos informáticos,goods,446276.34,2024-12-02,False,False,normal
C000643,P0036,E02,F051,Adjudicación Simplificada,Consultoría en ingeniería,services,36849.74,2026-03-12,False,False,normal
C002005,P0027,E03,F000,Adjudicación Simplificada,Servicio de mantenimiento de infraestructura,services,55702.39,2024-03-16,False,False,normal
C002689,P0118,E04,F030,Comparación de Precios,Servicio de capacitación,services,60525.29,2025-08-25,False,False,normal
C000669,P0137,E00,F041,Adjudicación Simplificada,Servicio de capacitación,services,16423.94,2025-11-20,False,False,normal
C003357,P0015,E03,F000,Adjudicación Simplificada,Consultoría en ingeniería,services,32980.51,2026-05-04,False,False,normal
C900047,P0074,E06,F006,Contratación Directa,Adquisición de bienes de oficina,goods,394474.42,2025-05-16,True,False,favoritismo_sembrado
C003026,P0102,E01,F048,Concurso Público,Servicio de capacitación,services,268996.03,2026-04-19,False,False,normal
C002949,P0115,E07,F023,Concurso Público,,goods,44604.28,2024-02-04,False,False,normal
C001179,P0042,E11,F007,Contratación Directa,Adquisición de equipos informáticos,goods,20740.55,2023-03-23,False,False,normal
C002309,P0113,E15,F035,Adjudicación Simplificada,Adquisición de materiales de construcción,goods,,2025-08-22,False,False,normal
C001600,P0118,E05,F001,Adjudicación Simplificada,Adquisición de materiales de construcción,goods,51953.74,2024-03-09,False,False,normal
C003396,P0150,E15,F035,,Adquisición de bienes de oficina,goods,108509.01,2025-06-11,False,False,normal
C003156,P0108,E07,F023,Adjudicación Simplificada,Servicio de transporte,services,69519.2,2024-08-24,False,False,normal
C003220,P0188,E17,F031,Adjudicación Simplificada,Consultoría en ingeniería,services,131579.98,2024-07-18,False,False,normal
C001357,P0064,E05,F059,Comparación de Precios,Servicio de limpieza y vigilancia,services,46062.44,2025-11-19,False,False,normal
C000786,P0092,E01,F018,Contratación Directa,Consultoría en ingeniería,services,29692.68,2023-04-14,False,False,normal
C003321,P0148,E06,F006,Contratación Directa,Consultoría en ingeniería,services,200019.81,2024-04-06,False,False,normal
C000140,P0145,E05,F059,Licitación Pública,Servicio de limpieza y vigilancia,services,162056.67,2025-12-03,False,False,normal
C000788,P0040,E12,F050,Comparación de Precios,Servicio de transporte,services,62712.12,2026-02-07,False,False,normal
C000323,P0141,E15,F035,Contratación Directa,Servicio de capacitación,services,87375.57,2023-07-30,False,False,normal
C003038,P0207,E03,F000,Adjudicación Simplificada,Servicio de capacitación,services,106460.45,2023-12-17,False,False,normal
C000714,P0209,E08,F005,Comparación de Precios,Consultoría en ingeniería,services,100303.76,2024-01-01,False,False,normal
C002013,P0165,E17,F003,Comparación de Precios,Consultoría en ingeniería,services,310432.76,2026-06-10,False,False,normal
C002392,P0123,E17,F003,Adjudicación Simplificada,,services,157337.43,2023-10-24,False,False,normal
C003420,P0049,E03,F000,Adjudicación Simplificada,Obra de rehabilitación vial,works,34404.15,2025-01-26,False,False,normal
C003416,P0055,E02,F011,Concurso Público,Servicio de transporte,services,12855.59,2025-06-02,False,False,normal
C003116,P0096,E17,F012,Concurso Público,Consultoría en ingeniería,services,113250.19,2024-09-24,False,False,normal
C003358,P0130,E05,F052,Comparación de Precios,Servicio de capacitación,services,177080.54,2025-08-16,False,False,normal
C000618,P0103,E03,F000,Adjudicación Simplificada,Servicio de mantenimiento de infraestructura,services,26434.93,2026-03-11,False,False,normal
C000406,P0077,E03,F000,Adjudicación Simplificada,Servicio de mantenimiento de infraestructura,services,45665.87,2026-02-03,False,False,normal
C001775,P0153,E07,F013,Adjudicación Simplificada,Adquisición de materiales de construcción,goods,34860.24,2025-02-15,False,False,normal
C002645,P0060,E16,F057,Concurso Público,Adquisición de bienes de oficina,goods,62034.24,2024-11-01,False,False,normal
C002285,P0087,E00,F038,Comparación de Precios,Adquisición de equipos informáticos,goods,24242.79,2026-02-22,False,False,normal
C001744,P0123,E15,F035,Comparación de Precios,Servicio de mantenimiento de infraestructura,services,253350.81,2024-03-01,False,False,normal
C002241,P0051,E16,F024,Adjudicación Simplificada,Adquisición de materiales de construcción,goods,211034.7,2023-05-13,False,False,normal
C000497,P0118,E09,F043,,Suministro de combustible,goods,42097.13,2023-09-09,False,False,normal
C700067,P0156,E02,F011,Adjudicación Simplificada,,services,737792.48,2026-06-27,False,False,hard_negative_concentracion_legitima
C000342,P0074,E13,F055,Contratación Directa,Consultoría en ingeniería,services,28969.1,2025-02-12,False,False,normal
C002676,P0092,E12,F021,Contratación Directa,Adquisición de materiales de construcción,goods,11013.76,2023-03-10,False,False,normal
C700031,P0180,E16,F042,Adjudicación Simplificada,Obra de rehabilitación vial,works,365623.15,2025-07-21,False,False,hard_negative_concentracion_legitima
C000782,P0019,E13,F055,Licitación Pública,Adquisición de equipos informáticos,goods,671860.18,2024-04-17,False,False,normal
C001323,P0121,E02,F044,Comparación de Precios,Servicio de capacitación,services,207240.92,2023-09-10,False,False,normal
C003146,P0134,E05,F047,Adjudicación Simplificada,Servicio de limpieza y vigilancia,services,57859.04,2025-01-15,False,False,normal
C003188,P0032,E13,F058,Adjudicación Simplificada,Servicio de transporte,services,255202.3,2025-06-09,False,False,normal
C000303,P0086,E08,F022,Comparación de Precios,Servicio de limpieza y vigilancia,services,441315.0,2023-11-04,False,False,normal
C003085,P0023,E14,F016,Licitación Pública,Servicio de transporte,services,,2026-02-04,False,False,normal
C002281,P0003,E09,F034,Contratación Directa,Servicio de capacitación,services,72765.71,2025-05-19,False,False,normal
C000664,P0012,E01,F048,Adjudicación Simplificada,Servicio de transporte,services,18737.21,2026-03-14,False,False,normal
C001177,P0014,E11,F007,Adjudicación Simplificada,Adquisición de equipos informáticos,goods,452520.98,2026-02-15,False,False,normal
C001244,P0205,E00,F041,Comparación de Precios,Servicio de mantenimiento de infraestructura,services,129441.15,2023-10-22,False,False,normal
C002259,P0096,E15,F035,Comparación de Precios,Adquisición de materiales de construcción,goods,28141.4,2024-02-26,False,False,normal
C800017,P0088,E02,F044,Licitación Pública Abreviada,Suministro de combustible,goods,214087.93,2025-11-26,False,True,fraccionamiento_sembrado
C002793,P0154,E10,F004,Adjudicación Simplificada,Servicio de mantenimiento de infraestructura,services,154463.29,2023-09-12,False,False,normal
C003303,P0107,E00,F038,Adjudicación Simplificada,Adquisición de equipos informáticos,goods,67424.5,2025-11-02,False,False,normal
C002408,P0107,E11,F049,Concurso Público,Servicio de transporte,services,58245.53,2026-06-14,False,False,normal
C000084,P0163,E13,F056,Adjudicación Simplificada,Servicio de limpieza y vigilancia,services,87995.23,2024-02-27,False,False,normal
C002726,P0078,E04,F053,Concurso Público,Servicio de transporte,services,41416.58,2024-10-03,False,False,normal
C000941,P0120,E00,F038,Concurso Público,Servicio de limpieza y vigilancia,services,64522.98,2024-03-01,False,False,normal
C000961,P0061,E15,F035,Comparación de Precios,Obra de rehabilitación vial,works,29970.99,2025-09-03,False,False,normal
C000841,P0046,E15,F035,Licitación Pública,Servicio de limpieza y vigilancia,services,60496.18,2025-12-28,False,False,normal
C900057,P0064,E00,F041,Contratación Directa,Obra de rehabilitación vial,works,289261.34,2024-03-19,True,False,favoritismo_sembrado
C002922,P0212,E05,F059,Concurso Público,,services,106150.01,2025-04-01,False,False,normal
C002121,P0120,E14,F016,Comparación de Precios,Servicio de transporte,services,24689.63,2024-12-08,False,False,normal
C002702,P0186,E13,F055,Adjudicación Simplificada,Adquisición de materiales de construcción,goods,51829.16,2025-05-25,False,False,normal
C001940,P0047,E03,F000,Adjudicación Simplificada,Servicio de capacitación,services,19352.41,2024-05-27,False,False,normal
C000290,P0108,E00,F041,Adjudicación Simplificada,Adquisición de equipos informáticos,goods,43237.13,2025-10-19,False,False,normal
C003251,P0138,E13,F056,Comparación de Precios,Adquisición de bienes de oficina,goods,44976.11,2025-09-02,False,False,normal
C900033,P0156,E02,F051,Contratación Directa,Adquisición de materiales de construcción,goods,264290.99,2026-01-31,True,False,favoritismo_sembrado
C001718,P0057,E00,F041,Adjudicación Simplificada,Suministro de combustible,goods,13103.05,2023-04-17,False,False,normal
C003100,P0067,E16,F002,Adjudicación Simplificada,Adquisición de materiales de construcción,goods,84322.13,2025-12-14,False,False,normal
C003350,P0077,E05,F009,Licitación Pública,Suministro de combustible,goods,31973.5,2025-03-13,False,False,normal
C000604,P0032,E02,F051,Contratación Directa,Servicio de mantenimiento de infraestructura,services,11334.92,2026-06-06,False,False,normal
C002510,P0098,E04,F019,Comparación de Precios,Adquisición de materiales de construcción,goods,90050.88,2026-06-17,False,False,normal
C000916,P0135,E06,F039,Comparación de Precios,Servicio de mantenimiento de infraestructura,services,89279.28,2023-06-15,False,False,normal
C002420,P0009,E14,F040,Comparación de Precios,Servicio de capacitación,services,15607.44,2026-01-26,False,False,normal
C002514,P0141,E04,F053,Adjudicación Simplificada,Adquisición de materiales de construcción,goods,17976.84,2024-04-29,False,False,normal
C001099,P0064,E10,F026,Contratación Directa,Servicio de transporte,services,400528.52,2023-01-30,False,False,normal
C001088,P0122,E07,F036,Comparación de Precios,Adquisición de equipos informáticos,goods,40707.24,2023-06-03,False,False,normal
C002588,P0033,E05,F045,Comparación de Precios,Servicio de mantenimiento de infraestructura,services,952138.78,2024-01-31,False,False,normal
C001977,P0044,E14,F029,Comparación de Precios,Adquisición de materiales de construcción,goods,17097.33,2026-03-31,False,False,normal
C000821,P0096,E14,F040,Licitación Pública,Servicio de mantenimiento de infraestructura,services,15616.78,2025-06-20,False,False,normal
C001960,P0096,E06,F006,Adjudicación Simplificada,Adquisición de equipos informáticos,goods,60360.96,2024-08-31,False,False,normal
C900020,P0012,E01,F017,Contratación Directa,Servicio de limpieza y vigilancia,services,295668.38,2025-01-14,True,False,favoritismo_sembrado
C002992,P0116,E02,F011,Comparación de Precios,Adquisición de equipos informáticos,goods,14726.96,2026-06-20,False,False,normal
C003034,P0186,E16,F042,Comparación de Precios,Adquisición de materiales de construcción,goods,16122.39,2025-05-26,False,False,normal
C001302,P0031,E09,F034,Contratación Directa,Adquisición de bienes de oficina,goods,225198.38,2024-04-29,False,False,normal
C001000,P0150,E02,F051,Adjudicación Simplificada,Consultoría en ingeniería,services,303636.69,2026-03-15,False,False,normal
C003046,P0086,E00,F038,Contratación Directa,Adquisición de materiales de construcción,goods,25622.6,2023-08-09,False,False,normal
C001505,P0130,E05,F045,Comparación de Precios,Adquisición de materiales de construcción,goods,120090.97,2025-08-16,False,False,normal
C001477,P0031,E11,F049,Adjudicación Simplificada,Servicio de capacitación,services,46596.52,2026-05-31,False,False,normal
C000018,P0182,E03,F000,Adjudicación Simplificada,Servicio de mantenimiento de infraestructura,services,164837.57,2023-03-10,False,False,normal
C000493,P0079,E13,F056,Adjudicación Simplificada,,services,22701.8,2023-01-14,False,False,normal
C001125,P0008,E06,F006,Licitación Pública,Obra de rehabilitación vial,works,604303.07,2024-01-09,False,False,normal
C001404,P0188,E10,F008,Comparación de Precios,Adquisición de equipos informáticos,goods,487726.76,2023-11-15,False,False,normal
C002902,P0170,E13,F056,Contratación Directa,Servicio de limpieza y vigilancia,services,83136.76,2024-05-21,False,False,normal
C002412,P0029,E09,F034,Comparación de Precios,Obra de rehabilitación vial,works,165064.09,2024-10-16,False,False,normal
C002270,P0012,E13,F058,Adjudicación Simplificada,Servicio de limpieza y vigilancia,services,64783.24,2024-08-27,False,False,normal
C002247,P0022,E07,F023,Adjudicación Simplificada,Adquisición de bienes de oficina,goods,65202.22,2024-06-23,False,False,normal
C001912,P0060,E13,F058,Adjudicación Simplificada,Adquisición de bienes de oficina,goods,79976.43,2024-11-16,False,False,normal
C000584,P0108,E17,F012,Adjudicación Simplificada,Adquisición de bienes de oficina,goods,26068.35,2023-03-20,False,False,normal
C002162,P0153,E04,F030,Concurso Público,Adquisición de equipos informáticos,goods,199284.71,2024-04-04,False,False,normal
C000687,P0042,E04,F019,Licitación Pública,Servicio de capacitación,services,22446.74,2024-01-16,False,False,normal
C002272,P0157,E05,F037,Comparación de Precios,Consultoría en ingeniería,services,80383.39,2025-09-12,False,False,normal
C002028,P0128,E00,F041,Comparación de Precios,Servicio de limpieza y vigilancia,services,205503.87,2023-09-06,False,False,normal
C001608,P0135,E09,F033,Comparación de Precios,Servicio de limpieza y vigilancia,services,26503.46,2024-11-02,False,False,normal
C700013,P0143,E06,F006,Adjudicación Simplificada,Obra de rehabilitación vial,works,162627.06,2024-03-21,False,False,hard_negative_concentracion_legitima
C900039,P0156,E02,F025,Contratación Directa,Adquisición de materiales de construcción,goods,383617.12,2026-01-23,True,False,favoritismo_sembrado
C001009,P0215,E13,F058,Adjudicación Simplificada,Adquisición de equipos informáticos,goods,37857.78,2024-07-21,False,False,normal
C002970,P0175,E02,F051,Adjudicación Simplificada,Adquisición de bienes de oficina,goods,121844.68,2025-01-14,False,False,normal
C000360,P0063,E10,F008,Contratación Directa,Consultoría en ingeniería,services,578182.13,2024-12-08,False,False,normal
C003149,P0158,E12,F050,Adjudicación Simplificada,Adquisición de equipos informáticos,goods,285688.77,2024-09-29,False,False,normal
C003378,P0208,E02,F025,Concurso Público,Adquisición de materiales de construcción,goods,164768.33,2025-11-05,False,False,normal
C002531,P0079,E12,F050,Comparación de Precios,Servicio de transporte,services,44244.32,2023-01-21,False,False,normal
C001310,P0099,E07,F036,Comparación de Precios,Adquisición de equipos informáticos,goods,50912.59,2023-01-08,False,False,normal
C001847,P0149,E07,F013,Comparación de Precios,Obra de rehabilitación vial,works,19209.85,2023-05-21,False,False,normal
C001910,P0148,E15,F035,Licitación Pública,Suministro de combustible,goods,38500.32,2024-04-03,False,False,normal
C002167,P0157,E04,F019,Adjudicación Simplificada,Consultoría en ingeniería,services,155516.94,2025-05-09,False,False,normal
C002463,P0171,E10,F008,Adjudicación Simplificada,Servicio de mantenimiento de infraestructura,services,65139.14,2023-07-16,False,False,normal
C000344,P0012,E08,F015,Comparación de Precios,Adquisición de equipos informáticos,goods,76722.29,2024-03-20,False,False,normal
C000986,P0201,E03,F000,Adjudicación Simplificada,Servicio de mantenimiento de infraestructura,services,15168.09,2024-02-27,False,False,normal
C003375,P0022,E00,F041,Comparación de Precios,Servicio de mantenimiento de infraestructura,services,152054.67,2024-02-11,False,False,normal
C000743,P0132,E09,F043,Comparación de Precios,Suministro de combustible,goods,243645.7,2024-07-22,False,False,normal
C002034,P0068,E00,F041,Comparación de Precios,Adquisición de equipos informáticos,goods,11288.77,2026-03-27,False,False,normal
C002269,P0051,E00,F038,Adjudicación Simplificada,Adquisición de materiales de construcción,goods,52483.62,2023-09-04,False,False,normal
C001745,P0012,E15,F035,Adjudicación Simplificada,Servicio de capacitación,services,51734.34,2024-09-22,False,False,normal
C000113,P0192,E02,F011,Adjudicación Simplificada,Servicio de limpieza y vigilancia,services,88230.07,2023-12-28,False,False,normal
C001437,P0066,E13,F056,,Servicio de mantenimiento de infraestructura,services,133308.11,2023-01-22,False,False,normal
C003399,P0008,E17,F003,Comparación de Precios,Obra de rehabilitación vial,works,90474.77,2024-03-26,False,False,normal
C001241,P0165,E13,F055,Comparación de Precios,Servicio de transporte,services,,2026-05-14,False,False,normal
C001142,P0207,E07,F036,Adjudicación Simplificada,Obra de rehabilitación vial,works,23005.86,2025-04-02,False,False,normal
C002233,P0101,E15,F035,Comparación de Precios,Suministro de combustible,goods,71749.53,2025-11-20,False,False,normal
C001216,P0141,E05,F009,Licitación Pública,Servicio de capacitación,services,34732.44,2025-02-23,False,False,normal
C001198,P0003,E11,F049,Adjudicación Simplificada,Servicio de capacitación,services,35065.41,2025-01-07,False,False,normal
C000085,P0169,E08,F022,Adjudicación Simplificada,Servicio de capacitación,services,44042.78,2025-12-23,False,False,normal
C001948,P0123,E10,F004,Adjudicación Simplificada,Consultoría en ingeniería,services,23219.56,2023-04-19,False,False,normal
C002542,P0079,E15,F035,Contratación Directa,Obra de rehabilitación vial,works,83367.99,2025-04-05,False,False,normal
C001381,P0207,E07,F036,Adjudicación Simplificada,Servicio de mantenimiento de infraestructura,services,27602.13,2023-10-27,False,False,normal
C001830,P0060,E07,F013,Adjudicación Simplificada,Servicio de capacitación,services,54054.76,2024-11-22,False,False,normal
C000668,P0008,E12,F021,Adjudicación Simplificada,Servicio de limpieza y vigilancia,services,55786.35,2026-01-11,False,False,normal
C001014,P0134,E04,F053,Adjudicación Simplificada,Suministro de combustible,goods,38866.51,2023-03-31,False,False,normal
C000128,P0136,E01,F018,Adjudicación Simplificada,Adquisición de materiales de construcción,goods,21576.87,2023-11-05,False,False,normal
C001364,P0123,E15,F035,Adjudicación Simplificada,Servicio de mantenimiento de infraestructura,services,20772.03,2023-12-09,False,False,normal
C002918,P0128,E03,F000,Adjudicación Simplificada,Servicio de transporte,services,50464.67,2026-01-13,False,False,normal
C003145,P0044,E06,F006,Comparación de Precios,Adquisición de bienes de oficina,goods,208509.91,2025-06-11,False,False,normal
C000891,P0066,E03,F000,Adjudicación Simplificada,Adquisición de materiales de construcción,goods,40310.06,2026-06-24,False,False,normal
C002383,P0208,E01,F018,Comparación de Precios,Adquisición de bienes de oficina,goods,25771.9,2026-04-20,False,False,normal
C001359,P0099,E11,F054,Adjudicación Simplificada,Adquisición de bienes de oficina,goods,255783.88,2023-08-24,False,False,normal
C000307,P0195,E11,F054,Comparación de Precios,Adquisición de equipos informáticos,goods,176112.63,2026-03-05,False,False,normal
C000383,P0004,E10,F004,Concurso Público,Servicio de transporte,services,14809.7,2025-12-19,False,False,normal
C000150,P0021,E14,F016,Comparación de Precios,Servicio de capacitación,services,42790.05,2023-09-18,False,False,normal
C001317,P0040,E00,F010,Adjudicación Simplificada,Adquisición de bienes de oficina,goods,58683.01,2025-10-31,False,False,normal
C001451,P0196,E07,F023,Adjudicación Simplificada,Suministro de combustible,goods,90533.32,2023-02-16,False,False,normal
C700051,P0165,E01,F017,Adjudicación Simplificada,Servicio de transporte,services,668851.87,2026-03-31,False,False,hard_negative_concentracion_legitima
C002415,P0199,E07,F023,Adjudicación Simplificada,Servicio de capacitación,services,38748.68,2024-03-10,False,False,normal
C000426,P0198,E03,F000,Adjudicación Simplificada,Adquisición de bienes de oficina,goods,128909.68,2024-12-21,False,False,normal
C000494,P0087,E17,F003,Licitación Pública,Consultoría en ingeniería,services,126684.75,2025-02-19,False,False,normal
C001207,P0130,E09,F033,Comparación de Precios,Servicio de limpieza y vigilancia,services,347238.27,2024-07-26,False,False,normal
C002666,P0136,E03,F000,Licitación Pública,Servicio de limpieza y vigilancia,services,276030.42,2024-05-09,False,False,normal
C002292,P0093,E14,F040,Licitación Pública,Adquisición de equipos informáticos,goods,59330.55,2025-02-18,False,False,normal
C001208,P0125,E17,F003,Adjudicación Simplificada,Consultoría en ingeniería,services,214183.98,2024-01-11,False,False,normal
C003122,P0055,E17,F031,Adjudicación Simplificada,Adquisición de bienes de oficina,goods,121004.19,2025-10-08,False,False,normal
C002986,P0131,E10,F004,Licitación Pública,Servicio de transporte,services,141603.54,2025-09-29,False,False,normal
C002709,P0024,E02,F051,,Adquisición de materiales de construcción,goods,157210.55,2023-04-24,False,False,normal
C001735,P0213,E08,F020,Contratación Directa,Suministro de combustible,goods,68419.5,2023-02-13,False,False,normal
C001239,P0170,E17,F031,Contratación Directa,Servicio de transporte,services,152463.74,2024-06-10,False,False,normal
C001918,P0059,E01,F017,Adjudicación Simplificada,Servicio de transporte,services,36556.51,2025-04-29,False,False,normal
C001988,P0042,E02,F044,Licitación Pública,Obra de rehabilitación vial,works,242153.73,2024-07-06,False,False,normal
C000275,P0100,E13,F056,Adjudicación Simplificada,Adquisición de equipos informáticos,goods,10382.75,2023-09-06,False,False,normal
C000489,P0080,E04,F019,Comparación de Precios,Servicio de transporte,services,260390.38,2023-07-11,False,False,normal
C002015,P0056,E09,F043,Licitación Pública,Obra de rehabilitación vial,works,86384.09,2024-09-12,False,False,normal
C001229,P0190,E06,F039,Concurso Público,Servicio de transporte,services,,2024-04-20,False,False,normal
C000690,P0141,E10,F026,Comparación de Precios,Servicio de mantenimiento de infraestructura,services,33736.32,2025-06-24,False,False,normal
C002014,P0104,E06,F039,Adjudicación Simplificada,Adquisición de materiales de construcción,goods,32958.29,2026-04-11,False,False,normal
C002464,P0003,E10,F004,Concurso Público,Adquisición de bienes de oficina,goods,434780.7,2023-08-11,False,False,normal
C003270,P0012,E10,F004,Adjudicación Simplificada,Servicio de limpieza y vigilancia,services,26054.64,2025-05-13,False,False,normal
C003194,P0055,E11,F007,Contratación Directa,Adquisición de equipos informáticos,goods,54418.96,2025-09-06,False,False,normal
C002717,P0187,E13,F056,Concurso Público,Servicio de limpieza y vigilancia,services,106098.18,2025-10-21,False,False,normal
C002562,P0113,E12,F021,Licitación Pública,Adquisición de bienes de oficina,goods,19014.48,2023-10-19,False,False,normal
C001058,P0022,E10,F008,Adjudicación Simplificada,Suministro de combustible,goods,90101.48,2025-07-18,False,False,normal
C000118,P0009,E01,F017,Licitación Pública,Consultoría en ingeniería,services,23976.85,2023-11-10,False,False,normal
C001024,P0162,E01,F017,Comparación de Precios,Servicio de capacitación,services,38251.47,2023-11-28,False,False,normal
C002801,P0118,E13,F055,Comparación de Precios,Suministro de combustible,goods,29616.72,2024-11-15,False,False,normal
C000281,P0145,E04,F030,Concurso Público,Servicio de capacitación,services,39385.43,2026-01-06,False,False,normal
C002171,P0110,E10,F004,Comparación de Precios,Adquisición de materiales de construcción,goods,35507.14,2023-01-14,False,False,normal
C001316,P0129,E00,F010,Comparación de Precios,Consultoría en ingeniería,services,108147.68,2024-06-24,False,False,normal
C002868,P0084,E09,F027,Comparación de Precios,Consultoría en ingeniería,services,9083.39,2025-06-17,False,False,normal
C000968,P0094,E05,F052,Comparación de Precios,Obra de rehabilitación vial,works,25163.45,2024-01-16,False,False,normal
C001665,P0025,E10,F026,Adjudicación Simplificada,Servicio de limpieza y vigilancia,services,19815.66,2023-01-04,False,False,normal
C002377,P0139,E10,F026,Adjudicación Simplificada,Consultoría en ingeniería,services,12709.12,2025-07-12,False,False,normal
C001953,P0198,E03,F000,Adjudicación Simplificada,Servicio de transporte,services,194358.9,2025-08-11,False,False,normal
C900024,P0012,E01,F018,Adjudicación Simplificada,Servicio de limpieza y vigilancia,services,288236.35,2025-08-27,True,False,favoritismo_sembrado
C000619,P0115,E12,F021,Concurso Público,Servicio de mantenimiento de infraestructura,services,31627.2,2023-07-06,False,False,normal
C003033,P0139,E17,F031,Adjudicación Simplificada,Adquisición de bienes de oficina,goods,64199.6,2024-11-24,False,False,normal
C000155,P0074,E12,F021,Concurso Público,Adquisición de bienes de oficina,goods,14153.27,2026-05-03,False,False,normal
C900002,P0016,E07,F036,Contratación Directa,Adquisición de bienes de oficina,goods,235925.21,2025-10-02,True,False,favoritismo_sembrado
C001655,P0081,E07,F023,Comparación de Precios,Adquisición de bienes de oficina,goods,33438.05,2026-03-01,False,False,normal
C002282,P0092,E16,F057,Adjudicación Simplificada,Servicio de transporte,services,49196.17,2025-12-28,False,False,normal
C000304,P0080,E03,F000,Adjudicación Simplificada,Consultoría en ingeniería,services,146620.84,2023-06-17,False,False,normal
C002401,P0204,E11,F007,Adjudicación Simplificada,Suministro de combustible,goods,5190.23,2026-05-15,False,False,normal
C003141,P0051,E04,F053,Adjudicación Simplificada,Servicio de transporte,services,,2025-09-02,False,False,normal
C002067,P0053,E09,F034,Contratación Directa,Servicio de mantenimiento de infraestructura,services,199192.56,2023-12-10,False,False,normal
C800026,P0052,E17,F003,Licitación Pública Abreviada,Adquisición de bienes de oficina,goods,151195.01,2025-09-17,False,True,fraccionamiento_sembrado
C002755,P0013,E02,F025,Adjudicación Simplificada,Suministro de combustible,goods,26023.13,2025-01-10,False,False,normal
C001307,P0159,E14,F016,Comparación de Precios,Servicio de mantenimiento de infraestructura,services,47344.25,2024-06-23,False,False,normal
C002071,P0156,E05,F037,Adjudicación Simplificada,Adquisición de equipos informáticos,goods,67555.88,2023-12-27,False,False,normal
C000575,P0202,E11,F049,Adjudicación Simplificada,Adquisición de materiales de construcción,goods,138050.8,2023-05-09,False,False,normal
C002413,P0004,E07,F023,Comparación de Precios,Adquisición de equipos informáticos,goods,101150.84,2026-06-24,False,False,normal
C003169,P0165,E00,F038,Licitación Pública,Adquisición de bienes de oficina,goods,128666.41,2025-01-01,False,False,normal
C003233,P0130,E16,F042,Adjudicación Simplificada,Adquisición de materiales de construcción,goods,56466.21,2026-01-04,False,False,normal
C001706,P0214,E11,F054,Contratación Directa,Servicio de limpieza y vigilancia,services,36984.17,2024-08-04,False,False,normal
C001299,P0151,E01,F048,Comparación de Precios,Adquisición de equipos informáticos,goods,130564.29,2026-05-14,False,False,normal
C000132,P0070,E14,F029,Contratación Directa,Servicio de mantenimiento de infraestructura,services,208911.35,2025-10-16,False,False,normal
C002023,P0085,E14,F040,Comparación de Precios,Consultoría en ingeniería,services,90389.2,2023-03-26,False,False,normal
C002963,P0006,E02,F051,Adjudicación Simplificada,Servicio de limpieza y vigilancia,services,142462.91,2024-05-12,False,False,normal
C001815,P0152,E02,F025,Adjudicación Simplificada,Adquisición de equipos informáticos,goods,26250.63,2025-05-01,False,False,normal
C000843,P0010,E02,F044,Comparación de Precios,Adquisición de bienes de oficina,goods,90886.87,2025-05-01,False,False,normal
C002053,P0006,E10,F026,Adjudicación Simplificada,Servicio de capacitación,services,20279.14,2024-06-04,False,False,normal
C001926,P0029,E10,F004,Concurso Público,Servicio de limpieza y vigilancia,services,50275.87,2024-06-05,False,False,normal
C000269,P0206,E00,F010,Adjudicación Simplificada,Servicio de transporte,services,36058.39,2026-01-16,False,False,normal
C000629,P0140,E11,F049,Concurso Público,Servicio de transporte,services,10229.57,2023-03-31,False,False,normal
C001033,P0100,E13,F056,,Servicio de capacitación,services,78066.61,2023-09-20,False,False,normal
C002144,P0080,E01,F018,,Adquisición de materiales de construcción,goods,187789.25,2024-06-08,False,False,normal
C000286,P0157,E16,F057,Concurso Público,Servicio de mantenimiento de infraestructura,services,25129.72,2025-01-21,False,False,normal
C001326,P0122,E03,F000,Comparación de Precios,Suministro de combustible,goods,49026.7,2024-06-09,False,False,normal
C002857,P0086,E17,F003,Concurso Público,Servicio de limpieza y vigilancia,services,44868.68,2023-10-11,False,False,normal
C000300,P0155,E06,F039,Comparación de Precios,Servicio de mantenimiento de infraestructura,services,42040.35,2024-06-23,False,False,normal
C002937,P0126,E05,F037,Licitación Pública,Adquisición de materiales de construcción,goods,143875.93,2025-05-19,False,False,normal
C003323,P0001,E15,F035,Comparación de Precios,Servicio de mantenimiento de infraestructura,services,87915.72,2025-04-03,False,False,normal
C001447,P0092,E04,F019,Comparación de Precios,Adquisición de equipos informáticos,goods,67373.68,2025-11-19,False,False,normal
C001472,P0128,E06,F039,Comparación de Precios,Adquisición de bienes de oficina,goods,51758.24,2024-08-15,False,False,normal
C002653,P0213,E12,F050,Licitación Pública,Adquisición de materiales de construcción,goods,157972.72,2024-12-05,False,False,normal
C002290,P0159,E00,F041,Concurso Público,Servicio de limpieza y vigilancia,services,36323.3,2023-08-07,False,False,normal
C002016,P0059,E05,F032,Adjudicación Simplificada,Consultoría en ingeniería,services,22097.71,2024-11-25,False,False,normal
C000065,P0092,E00,F038,Concurso Público,Consultoría en ingeniería,services,22877.49,2024-08-27,False,False,normal
C900050,P0074,E06,F039,Contratación Directa,Adquisición de bienes de oficina,goods,280159.48,2026-05-02,True,False,favoritismo_sembrado
C000890,P0088,E00,F038,Adjudicación Simplificada,Suministro de combustible,goods,17751.08,2024-11-15,False,False,normal
C002854,P0071,E05,F037,Adjudicación Simplificada,Servicio de limpieza y vigilancia,services,39527.64,2025-08-31,False,False,normal
C003214,P0173,E00,F041,Contratación Directa,Adquisición de equipos informáticos,goods,117706.79,2025-08-03,False,False,normal
C002330,P0016,E05,F001,Comparación de Precios,Adquisición de equipos informáticos,goods,6172.23,2024-06-27,False,False,normal
C001872,P0200,E08,F028,Adjudicación Simplificada,Consultoría en ingeniería,services,6738.91,2026-05-02,False,False,normal
C000230,P0131,E00,F041,Contratación Directa,Consultoría en ingeniería,services,110521.5,2025-12-07,False,False,normal
C000503,P0041,E01,F018,Adjudicación Simplificada,Servicio de capacitación,services,57239.8,2024-04-29,False,False,normal
C001859,P0171,E00,F041,Adjudicación Simplificada,Servicio de transporte,services,32907.28,2023-07-26,False,False,normal
C003351,P0077,E03,F000,Concurso Público,Servicio de limpieza y vigilancia,services,20427.79,2024-10-09,False,False,normal
C000380,P0187,E03,F000,Adjudicación Simplificada,Servicio de capacitación,services,,2023-05-14,False,False,normal
C001525,P0126,E04,F030,Licitación Pública,,goods,238741.14,2025-01-23,False,False,normal
C002127,P0102,E06,F006,Concurso Público,Servicio de transporte,services,16262.76,2024-06-25,False,False,normal
C001886,P0205,E13,F055,Concurso Público,Adquisición de bienes de oficina,goods,50101.14,2025-02-05,False,False,normal
C001004,P0154,E07,F013,Comparación de Precios,Servicio de mantenimiento de infraestructura,services,24384.75,2026-04-13,False,False,normal
C000836,P0045,E16,F024,Adjudicación Simplificada,Adquisición de bienes de oficina,goods,106740.39,2024-12-15,False,False,normal
C002202,P0143,E15,F035,Adjudicación Simplificada,Consultoría en ingeniería,services,59234.26,2026-01-29,False,False,normal
C000374,P0001,E13,F058,Adjudicación Simplificada,Suministro de combustible,goods,46127.82,2025-07-09,False,False,normal
C001916,P0182,E14,F016,Concurso Público,Consultoría en ingeniería,services,73633.64,2023-06-25,False,False,normal
C002602,P0212,E15,F035,Adjudicación Simplificada,Servicio de capacitación,services,164305.87,2023-05-18,False,False,normal
C002730,P0068,E17,F012,Adjudicación Simplificada,,services,156102.86,2023-11-16,False,False,normal
C000939,P0110,E09,F033,Concurso Público,Suministro de combustible,goods,325238.86,2023-07-07,False,False,normal
C001321,P0025,E01,F017,Contratación Directa,Adquisición de bienes de oficina,goods,120015.62,2025-02-25,False,False,normal
C002344,P0133,E02,F011,Comparación de Precios,Adquisición de equipos informáticos,goods,10745.02,2023-10-04,False,False,normal
C002553,P0198,E04,F053,Adjudicación Simplificada,Servicio de limpieza y vigilancia,services,35931.82,2025-05-05,False,False,normal
C000751,P0214,E07,F036,Licitación Pública,Adquisición de equipos informáticos,goods,8991.32,2024-08-09,False,False,normal
C000099,P0170,E12,F021,Comparación de Precios,Obra de rehabilitación vial,works,122249.6,2026-01-09,False,False,normal
C001543,P0085,E17,F012,Adjudicación Simplificada,Servicio de limpieza y vigilancia,services,25784.22,2024-09-24,False,False,normal
C002325,P0090,E09,F043,Adjudicación Simplificada,Obra de rehabilitación vial,works,68862.06,2025-07-31,False,False,normal
C000866,P0093,E02,F051,Comparación de Precios,Servicio de limpieza y vigilancia,services,21069.54,2025-08-18,False,False,normal
C001760,P0034,E01,F017,Adjudicación Simplificada,Obra de rehabilitación vial,works,56415.51,2024-07-16,False,False,normal
C000910,P0185,E12,F021,Adjudicación Simplificada,Adquisición de bienes de oficina,goods,15868.12,2026-03-28,False,False,normal
C002554,P0075,E16,F024,Comparación de Precios,Servicio de limpieza y vigilancia,services,12012.8,2023-07-25,False,False,normal
C001575,P0142,E13,F056,Contratación Directa,Servicio de mantenimiento de infraestructura,services,33713.58,2026-05-03,False,False,normal
C000529,P0005,E12,F021,Adjudicación Simplificada,Suministro de combustible,goods,97192.95,2023-12-01,False,False,normal
C001260,P0077,E03,F000,Adjudicación Simplificada,Servicio de limpieza y vigilancia,services,24956.52,2024-01-22,False,False,normal
C001826,P0115,E03,F000,Comparación de Precios,Servicio de capacitación,services,49331.22,2025-11-28,False,False,normal
C002271,P0204,E03,F000,Contratación Directa,Obra de rehabilitación vial,works,34047.48,2023-02-18,False,False,normal
C000636,P0081,E06,F006,Concurso Público,Adquisición de bienes de oficina,goods,245218.82,2023-06-14,False,False,normal
C001269,P0098,E11,F049,Adjudicación Simplificada,Servicio de capacitación,services,1439583.64,2024-12-28,False,False,normal
C000185,P0218,E13,F056,Contratación Directa,Consultoría en ingeniería,services,142993.67,2024-11-09,False,False,normal
C003057,P0167,E02,F051,Comparación de Precios,Servicio de limpieza y vigilancia,services,296333.61,2023-09-23,False,False,normal
C800011,P0119,E03,F000,Adjudicación Simplificada,Servicio de mantenimiento de infraestructura,services,170989.08,2024-01-28,False,True,fraccionamiento_sembrado
C003363,P0065,E16,F057,Licitación Pública,Adquisición de equipos informáticos,goods,59006.93,2025-01-03,False,False,normal
C000931,P0122,E07,F013,Licitación Pública,Servicio de transporte,services,45811.44,2025-01-17,False,False,normal
C001441,P0127,E15,F035,Comparación de Precios,Obra de rehabilitación vial,works,69295.25,2024-09-17,False,False,normal
C002260,P0195,E03,F000,Comparación de Precios,Servicio de limpieza y vigilancia,services,18383.52,2024-11-05,False,False,normal
C002822,P0000,E08,F028,Contratación Directa,Suministro de combustible,goods,178172.55,2023-09-05,False,False,normal
C001972,P0107,E04,F030,Licitación Pública,Adquisición de bienes de oficina,goods,238144.07,2023-02-07,False,False,normal
C001535,P0008,E17,F003,Adjudicación Simplificada,Adquisición de equipos informáticos,goods,10871.53,2026-02-10,False,False,normal
C000865,P0182,E08,F014,Adjudicación Simplificada,Obra de rehabilitación vial,works,37982.57,2025-12-20,False,False,normal
C002951,P0167,E12,F050,Comparación de Precios,Adquisición de bienes de oficina,goods,48717.86,2025-11-14,False,False,normal
C001273,P0120,E02,F044,Concurso Público,Adquisición de equipos informáticos,goods,185779.53,2026-06-07,False,False,normal
C002550,P0121,E00,F038,Adjudicación Simplificada,Obra de rehabilitación vial,works,71416.75,2026-06-10,False,False,normal
C002155,P0154,E16,F042,Adjudicación Simplificada,Suministro de combustible,goods,57391.25,2024-08-18,False,False,normal
C000607,P0106,E07,F023,Contratación Directa,Suministro de combustible,goods,179165.32,2025-01-26,False,False,normal
C003106,P0096,E06,F006,Comparación de Precios,,services,64735.06,2025-02-02,False,False,normal
C001712,P0060,E01,F017,Adjudicación Simplificada,Adquisición de bienes de oficina,goods,27196.28,2024-10-09,False,False,normal
C002610,P0114,E07,F023,Comparación de Precios,,goods,73393.67,2023-10-02,False,False,normal
C000151,P0217,E03,F000,Comparación de Precios,Suministro de combustible,goods,54540.64,2024-04-26,False,False,normal
C002603,P0106,E17,F031,Contratación Directa,Adquisición de bienes de oficina,goods,102730.38,2025-07-13,False,False,normal
C002639,P0016,E04,F053,Adjudicación Simplificada,Servicio de mantenimiento de infraestructura,services,74634.18,2024-08-21,False,False,normal
C002335,P0200,E00,F038,Adjudicación Simplificada,Adquisición de materiales de construcción,goods,78789.49,2024-11-07,False,False,normal
C003237,P0018,E11,F007,Comparación de Precios,Servicio de transporte,services,145935.75,2023-05-23,False,False,normal
C000731,P0172,E17,F003,Comparación de Precios,Obra de rehabilitación vial,works,75046.25,2026-04-11,False,False,normal
C002110,P0159,E10,F004,,Suministro de combustible,goods,15848.19,2023-08-03,False,False,normal
C002354,P0039,E12,F021,Comparación de Precios,Adquisición de materiales de construcción,goods,227823.42,2024-12-17,False,False,normal
C003365,P0069,E09,F043,Comparación de Precios,Servicio de limpieza y vigilancia,services,63086.34,2024-02-04,False,False,normal
C000023,P0198,E15,F035,Comparación de Precios,Servicio de transporte,services,37364.46,2025-01-09,False,False,normal
C003325,P0016,E01,F018,Comparación de Precios,Servicio de capacitación,services,83090.75,2025-06-04,False,False,normal
C000158,P0105,E00,F010,Contratación Directa,Adquisición de bienes de oficina,goods,9027.71,2026-05-09,False,False,normal
C001748,P0179,E09,F034,Adjudicación Simplificada,Consultoría en ingeniería,services,114548.7,2025-12-07,False,False,normal
C000861,P0086,E02,F044,Comparación de Precios,Adquisición de bienes de oficina,goods,56920.6,2024-02-04,False,False,normal
C002819,P0114,E11,F007,Comparación de Precios,Adquisición de materiales de construcción,goods,20517.83,2024-10-10,False,False,normal
C000902,P0039,E12,F021,Adjudicación Simplificada,Adquisición de equipos informáticos,goods,44165.09,2023-01-18,False,False,normal
C000352,P0064,E14,F016,Licitación Pública,Servicio de mantenimiento de infraestructura,services,14798.98,2024-04-30,False,False,normal
C001230,P0183,E15,F035,Licitación Pública,Adquisición de equipos informáticos,goods,31797.93,2023-01-20,False,False,normal
C003441,P0180,E10,F008,Adjudicación Simplificada,Adquisición de materiales de construcción,goods,16210.66,2025-07-09,False,False,normal
C000444,P0077,E02,F044,Adjudicación Simplificada,Adquisición de materiales de construcción,goods,174287.6,2024-12-22,False,False,normal
C900017,P0022,E00,F038,Contratación Directa,Adquisición de bienes de oficina,goods,436897.85,2026-06-28,True,False,favoritismo_sembrado
C000754,P0114,E07,F036,Adjudicación Simplificada,Servicio de capacitación,services,36354.11,2026-02-07,False,False,normal
C001737,P0070,E07,F036,Licitación Pública,Servicio de mantenimiento de infraestructura,services,56392.65,2023-12-26,False,False,normal
C000923,P0061,E14,F016,Contratación Directa,Servicio de transporte,services,200690.8,2025-11-04,False,False,normal
C001666,P0107,E09,F033,Licitación Pública,Servicio de capacitación,services,83992.32,2023-03-10,False,False,normal
C900059,P0064,E00,F010,Adjudicación Simplificada,Obra de rehabilitación vial,works,355342.38,2025-04-08,True,False,favoritismo_sembrado
C002762,P0016,E00,F041,Licitación Pública,Servicio de mantenimiento de infraestructura,services,65695.77,2025-07-05,False,False,normal
C000311,P0195,E15,F035,Adjudicación Simplificada,Servicio de mantenimiento de infraestructura,services,75883.56,2025-08-13,False,False,normal
C001375,P0074,E07,F023,Comparación de Precios,Servicio de capacitación,services,14024.3,2023-07-12,False,False,normal
C000548,P0167,E12,F050,Comparación de Precios,Servicio de transporte,services,161837.9,2025-01-03,False,False,normal
C002459,P0127,E17,F012,Adjudicación Simplificada,Servicio de transporte,services,24643.45,2024-10-10,False,False,normal
C001746,P0051,E08,F020,Adjudicación Simplificada,Servicio de mantenimiento de infraestructura,services,88612.36,2026-04-29,False,False,normal
C002768,P0213,E01,F018,Adjudicación Simplificada,Servicio de limpieza y vigilancia,services,25401.98,2026-04-02,False,False,normal
C003089,P0184,E17,F012,Comparación de Precios,Servicio de transporte,services,59179.44,2023-10-10,False,False,normal
C001835,P0092,E01,F017,Adjudicación Simplificada,Adquisición de materiales de construcción,goods,31853.44,2025-07-08,False,False,normal
C000306,P0138,E06,F039,Comparación de Precios,Adquisición de equipos informáticos,goods,16847.98,2024-08-24,False,False,normal
C000287,P0114,E08,F005,Adjudicación Simplificada,Servicio de capacitación,services,3116.24,2024-10-10,False,False,normal
C000694,P0095,E01,F018,Comparación de Precios,Servicio de mantenimiento de infraestructura,services,200438.52,2024-03-26,False,False,normal
C000308,P0156,E13,F055,Adjudicación Simplificada,Adquisición de bienes de oficina,goods,110999.57,2024-09-19,False,False,normal
C002718,P0049,E02,F044,Adjudicación Simplificada,Servicio de capacitación,services,50002.73,2024-12-16,False,False,normal
C001756,P0194,E10,F008,Comparación de Precios,Servicio de transporte,services,207979.05,2025-05-19,False,False,normal
C003126,P0163,E14,F040,Comparación de Precios,Servicio de capacitación,services,31956.98,2025-12-22,False,False,normal
C002350,P0152,E03,F000,Adjudicación Simplificada,Servicio de transporte,services,16518.98,2026-01-19,False,False,normal
C000749,P0178,E12,F021,Adjudicación Simplificada,Servicio de capacitación,services,47678.43,2025-07-23,False,False,normal
C001590,P0100,E11,F054,Comparación de Precios,Consultoría en ingeniería,services,100349.49,2025-04-21,False,False,normal
C001170,P0032,E17,F003,Adjudicación Simplificada,Adquisición de equipos informáticos,goods,258290.67,2024-03-26,False,False,normal
C001902,P0071,E09,F027,Licitación Pública,Servicio de capacitación,services,30663.15,2023-01-15,False,False,normal
C001266,P0101,E10,F004,Comparación de Precios,Servicio de mantenimiento de infraestructura,services,142512.05,2026-02-08,False,False,normal
C002609,P0200,E00,F010,Contratación Directa,Obra de rehabilitación vial,works,93902.61,2025-12-30,False,False,normal
C002815,P0177,E09,F034,Comparación de Precios,Servicio de capacitación,services,201457.55,2024-12-13,False,False,normal
C000908,P0068,E08,F005,Concurso Público,Servicio de transporte,services,87209.59,2023-12-17,False,False,normal
C002011,P0219,E16,F002,Adjudicación Simplificada,Suministro de combustible,goods,42814.09,2024-09-14,False,False,normal
C000086,P0026,E05,F052,Adjudicación Simplificada,Servicio de capacitación,services,24617.25,2023-01-28,False,False,normal
C003308,P0044,E07,F036,Comparación de Precios,Suministro de combustible,goods,109271.27,2025-11-06,False,False,normal
C001964,P0091,E16,F024,Comparación de Precios,Servicio de capacitación,services,30028.29,2024-08-29,False,False,normal
C003064,P0211,E10,F004,Comparación de Precios,Servicio de mantenimiento de infraestructura,services,529945.56,2023-09-11,False,False,normal
C000970,P0122,E13,F055,Contratación Directa,Adquisición de bienes de oficina,goods,21940.99,2025-07-13,False,False,normal
C000013,P0093,E06,F006,Comparación de Precios,Suministro de combustible,goods,13807.33,2025-04-11,False,False,normal
C000873,P0105,E12,F021,Comparación de Precios,Servicio de mantenimiento de infraestructura,services,31269.43,2024-07-11,False,False,normal
C001723,P0172,E16,F042,Adjudicación Simplificada,Servicio de limpieza y vigilancia,services,18723.49,2025-09-04,False,False,normal
C000808,P0028,E00,F010,Concurso Público,Consultoría en ingeniería,services,25319.17,2024-10-08,False,False,normal
C003256,P0076,E09,F034,Contratación Directa,Adquisición de materiales de construcción,goods,52088.26,2025-10-01,False,False,normal
C000514,P0084,E14,F040,Comparación de Precios,Servicio de transporte,services,22401.83,2025-09-12,False,False,normal
C002964,P0211,E17,F031,Adjudicación Simplificada,Adquisición de equipos informáticos,goods,165883.22,2024-07-09,False,False,normal
C000409,P0150,E07,F023,Adjudicación Simplificada,Adquisición de bienes de oficina,goods,129295.65,2025-08-27,False,False,normal
C003393,P0157,E00,F038,Comparación de Precios,Servicio de mantenimiento de infraestructura,services,13080.45,2023-04-26,False,False,normal
C001337,P0075,E10,F004,Comparación de Precios,Suministro de combustible,goods,54402.51,2024-12-29,False,False,normal
C001413,P0008,E13,F058,Licitación Pública,Servicio de mantenimiento de infraestructura,services,22350.9,2026-04-18,False,False,normal
C002924,P0123,E04,F019,Adjudicación Simplificada,Adquisición de materiales de construcción,goods,2928.39,2026-04-08,False,False,normal
C002411,P0041,E03,F000,Comparación de Precios,Suministro de combustible,goods,30492.72,2025-10-13,False,False,normal
C002465,P0047,E15,F035,Contratación Directa,Adquisición de materiales de construcción,goods,84779.47,2023-06-03,False,False,normal
C000458,P0187,E08,F014,Adjudicación Simplificada,Servicio de mantenimiento de infraestructura,services,103671.54,2024-08-19,False,False,normal
C000006,P0124,E07,F036,Adjudicación Simplificada,Servicio de mantenimiento de infraestructura,services,43145.22,2023-06-18,False,False,normal
C000382,P0196,E04,F019,Licitación Pública,Obra de rehabilitación vial,works,96290.8,2026-03-23,False,False,normal
C002230,P0074,E00,F038,Adjudicación Simplificada,Servicio de mantenimiento de infraestructura,services,23385.91,2024-03-24,False,False,normal
C002698,P0024,E16,F057,Contratación Directa,Suministro de combustible,goods,1047863.18,2023-05-03,False,False,normal
C001880,P0048,E06,F006,Comparación de Precios,Adquisición de equipos informáticos,goods,28551.78,2025-11-26,False,False,normal
C002046,P0005,E17,F012,,Servicio de limpieza y vigilancia,services,8339.62,2024-06-19,False,False,normal
C002765,P0146,E15,F035,Adjudicación Simplificada,Consultoría en ingeniería,services,24984.91,2023-02-05,False,False,normal
C001713,P0056,E00,F038,Comparación de Precios,Adquisición de materiales de construcción,goods,34808.21,2026-03-08,False,False,normal
C002507,P0073,E09,F043,Licitación Pública,Servicio de limpieza y vigilancia,services,25628.78,2023-11-18,False,False,normal
C002407,P0100,E08,F015,Comparación de Precios,Servicio de capacitación,services,209079.54,2026-04-10,False,False,normal
C900035,P0156,E02,F051,Contratación Directa,Adquisición de materiales de construcción,goods,453465.22,2026-02-02,True,False,favoritismo_sembrado
C001393,P0070,E01,F017,Comparación de Precios,Adquisición de equipos informáticos,goods,19645.63,2023-05-31,False,False,normal
C000552,P0167,E09,F033,Comparación de Precios,Servicio de mantenimiento de infraestructura,services,54839.41,2026-03-10,False,False,normal
C003438,P0094,E12,F050,Contratación Directa,Servicio de limpieza y vigilancia,services,33502.4,2024-06-04,False,False,normal
C000222,P0087,E14,F040,Licitación Pública,Adquisición de bienes de oficina,goods,34149.97,2026-06-17,False,False,normal
C001382,P0121,E03,F000,Comparación de Precios,Servicio de limpieza y vigilancia,services,52990.61,2023-12-22,False,False,normal
C001096,P0164,E17,F031,Adjudicación Simplificada,Adquisición de equipos informáticos,goods,84085.77,2023-01-23,False,False,normal
C003201,P0095,E15,F035,Comparación de Precios,Consultoría en ingeniería,services,3529.74,2025-03-29,False,False,normal
C000008,P0131,E08,F020,Contratación Directa,Adquisición de bienes de oficina,goods,20243.96,2025-07-11,False,False,normal
C000634,P0125,E08,F014,Licitación Pública,Servicio de mantenimiento de infraestructura,services,,2024-02-05,False,False,normal
C000316,P0149,E02,F051,Concurso Público,Consultoría en ingeniería,services,31735.36,2025-11-05,False,False,normal
C003266,P0127,E11,F054,Licitación Pública,Obra de rehabilitación vial,works,79966.3,2025-11-05,False,False,normal
C001328,P0151,E06,F006,Licitación Pública,Servicio de mantenimiento de infraestructura,services,267913.72,2024-03-12,False,False,normal
C000427,P0027,E08,F028,Comparación de Precios,Servicio de capacitación,services,63182.68,2023-11-01,False,False,normal
C002357,P0000,E11,F007,Adjudicación Simplificada,Adquisición de materiales de construcción,goods,189925.64,2024-06-18,False,False,normal
C000105,P0157,E06,F006,Comparación de Precios,Adquisición de equipos informáticos,goods,71108.37,2025-10-27,False,False,normal
C002084,P0047,E10,F004,Adjudicación Simplificada,Obra de rehabilitación vial,works,59700.46,2024-08-03,False,False,normal
C000142,P0087,E09,F043,Comparación de Precios,Servicio de capacitación,services,179868.2,2025-05-14,False,False,normal
C000121,P0050,E08,F015,Licitación Pública,Servicio de limpieza y vigilancia,services,120772.47,2024-06-13,False,False,normal
C001995,P0206,E10,F026,Concurso Público,Adquisición de materiales de construcción,goods,145807.79,2024-02-04,False,False,normal
C003055,P0081,E14,F016,Adjudicación Simplificada,Adquisición de materiales de construcción,goods,17141.2,2024-10-07,False,False,normal
C700040,P0062,E14,F040,,Adquisición de equipos informáticos,goods,148565.41,2024-11-29,False,False,hard_negative_concentracion_legitima
C001189,P0075,E08,F028,Adjudicación Simplificada,Obra de rehabilitación vial,works,43624.63,2024-08-31,False,False,normal
C003446,P0113,E09,F027,Comparación de Precios,Consultoría en ingeniería,services,32082.88,2025-04-06,False,False,normal
C003203,P0196,E08,F014,Contratación Directa,Suministro de combustible,goods,53771.41,2025-03-03,False,False,normal
C002706,P0161,E02,F025,Comparación de Precios,Servicio de limpieza y vigilancia,services,39268.67,2024-07-22,False,False,normal
C001689,P0144,E10,F026,Comparación de Precios,Servicio de transporte,services,276619.39,2023-01-05,False,False,normal
C000115,P0179,E12,F050,Comparación de Precios,Consultoría en ingeniería,services,37082.37,2026-02-25,False,False,normal
C002104,P0022,E08,F028,Contratación Directa,Adquisición de bienes de oficina,goods,434201.27,2023-09-25,False,False,normal
C003290,P0100,E15,F035,Comparación de Precios,Servicio de capacitación,services,202266.47,2025-04-04,False,False,normal
C001941,P0014,E10,F008,Licitación Pública,Adquisición de bienes de oficina,goods,80310.79,2024-08-26,False,False,normal
C700077,P0133,E04,F053,Licitación Pública,Adquisición de materiales de construcción,goods,281515.94,2025-02-04,False,False,hard_negative_concentracion_legitima
C003453,P0192,E02,F025,Comparación de Precios,Consultoría en ingeniería,services,111585.5,2024-01-14,False,False,normal
C002574,P0075,E02,F051,Concurso Público,Servicio de transporte,services,67516.46,2024-01-24,False,False,normal
C900031,P0156,E02,F025,Contratación Directa,Adquisición de materiales de construcción,goods,339528.58,2026-05-28,True,False,favoritismo_sembrado
C002981,P0087,E02,F051,Adjudicación Simplificada,Servicio de mantenimiento de infraestructura,services,147558.69,2024-07-06,False,False,normal
C002715,P0177,E09,F033,Comparación de Precios,Obra de rehabilitación vial,works,,2023-02-19,False,False,normal
C000672,P0121,E00,F038,Contratación Directa,Consultoría en ingeniería,services,72078.66,2025-06-12,False,False,normal
C003294,P0022,E11,F007,Contratación Directa,Servicio de limpieza y vigilancia,services,66189.08,2024-06-20,False,False,normal
C000091,P0198,E13,F056,Comparación de Precios,Obra de rehabilitación vial,works,44632.66,2025-07-08,False,False,normal
C001109,P0197,E15,F035,Adjudicación Simplificada,Adquisición de bienes de oficina,goods,53062.8,2025-09-09,False,False,normal
C700065,P0156,E02,F044,Adjudicación Simplificada,Servicio de mantenimiento de infraestructura,services,515091.74,2026-04-01,False,False,hard_negative_concentracion_legitima
C000591,P0101,E08,F014,Contratación Directa,Servicio de capacitación,services,46895.23,2025-11-20,False,False,normal
C002147,P0047,E11,F049,Concurso Público,Adquisición de equipos informáticos,goods,46253.9,2024-04-24,False,False,normal
C003440,P0080,E11,F054,Contratación Directa,Adquisición de bienes de oficina,goods,31729.23,2024-10-16,False,False,normal
C003293,P0196,E04,F030,Adjudicación Simplificada,Adquisición de bienes de oficina,goods,73574.92,2025-06-29,False,False,normal
C000888,P0050,E12,F021,Adjudicación Simplificada,Adquisición de equipos informáticos,goods,90697.01,2024-11-02,False,False,normal
C002345,P0049,E14,F040,Adjudicación Simplificada,Adquisición de equipos informáticos,goods,31708.28,2025-03-06,False,False,normal
C003056,P0010,E16,F042,,Servicio de capacitación,services,140665.19,2024-04-25,False,False,normal
C001576,P0137,E06,F039,Comparación de Precios,Servicio de capacitación,services,111942.94,2024-09-07,False,False,normal
C002405,P0159,E14,F016,Adjudicación Simplificada,Obra de rehabilitación vial,works,436378.24,2024-10-06,False,False,normal
C001714,P0057,E08,F022,Concurso Público,Adquisición de bienes de oficina,goods,510297.18,2025-10-07,False,False,normal
C000213,P0164,E05,F047,Adjudicación Simplificada,Consultoría en ingeniería,services,47078.08,2025-10-19,False,False,normal
C000778,P0046,E07,F023,Adjudicación Simplificada,Servicio de limpieza y vigilancia,services,81552.51,2023-06-14,False,False,normal
C002649,P0076,E17,F012,,Consultoría en ingeniería,services,69146.82,2025-04-30,False,False,normal
C001448,P0056,E15,F035,Comparación de Precios,Suministro de combustible,goods,94016.86,2026-04-30,False,False,normal
C002753,P0096,E03,F000,Comparación de Precios,Obra de rehabilitación vial,works,13263.42,2024-09-20,False,False,normal
C000800,P0176,E05,F001,Comparación de Precios,Consultoría en ingeniería,services,64839.66,2023-10-11,False,False,normal
C003048,P0007,E00,F038,Contratación Directa,Consultoría en ingeniería,services,218416.77,2024-01-29,False,False,normal
C002803,P0075,E02,F011,Contratación Directa,Suministro de combustible,goods,7114.23,2023-11-20,False,False,normal
C002513,P0016,E02,F011,Adjudicación Simplificada,Servicio de mantenimiento de infraestructura,services,89047.96,2025-11-11,False,False,normal
C001567,P0088,E11,F054,Comparación de Precios,Servicio de mantenimiento de infraestructura,services,32847.06,2023-04-26,False,False,normal
C900011,P0022,E00,F010,Comparación de Precios,Adquisición de bienes de oficina,goods,203542.64,2024-10-07,True,False,favoritismo_sembrado
C003284,P0067,E12,F050,Concurso Público,Servicio de mantenimiento de infraestructura,services,60980.33,2023-07-13,False,False,normal
C001518,P0166,E15,F035,Comparación de Precios,Servicio de mantenimiento de infraestructura,services,28029.57,2025-09-29,False,False,normal
C002802,P0092,E07,F023,Comparación de Precios,Obra de rehabilitación vial,works,10691.63,2024-06-28,False,False,normal
C003343,P0184,E10,F026,Concurso Público,Adquisición de equipos informáticos,goods,152370.28,2023-08-25,False,False,normal
C001343,P0134,E11,F007,Licitación Pública,Adquisición de materiales de construcción,goods,143893.81,2025-12-07,False,False,normal
C000273,P0079,E11,F054,Licitación Pública,Servicio de transporte,services,86209.4,2024-01-19,False,False,normal
C001812,P0163,E01,F017,Contratación Directa,Adquisición de equipos informáticos,goods,31650.8,2026-01-06,False,False,normal
C000071,P0012,E15,F035,Adjudicación Simplificada,Servicio de transporte,services,94274.46,2024-09-14,False,False,normal
C000720,P0113,E14,F029,Adjudicación Simplificada,Adquisición de equipos informáticos,goods,9085.43,2023-11-18,False,False,normal
C001740,P0115,E02,F044,Comparación de Precios,Adquisición de equipos informáticos,goods,47337.98,2023-01-19,False,False,normal
C001087,P0212,E14,F016,Comparación de Precios,Servicio de transporte,services,172234.1,2026-02-13,False,False,normal
C000394,P0112,E09,F027,Comparación de Precios,Suministro de combustible,goods,37427.59,2023-09-08,False,False,normal
C000583,P0187,E09,F033,Contratación Directa,Obra de rehabilitación vial,works,47327.62,2024-03-05,False,False,normal
C700085,P0201,E16,F057,Licitación Pública,Adquisición de materiales de construcción,goods,551963.59,2024-10-21,False,False,hard_negative_concentracion_legitima
C002480,P0123,E02,F044,Licitación Pública,Servicio de transporte,services,25785.2,2025-05-22,False,False,normal
C002487,P0153,E17,F031,Comparación de Precios,Adquisición de materiales de construcción,goods,53104.28,2023-10-29,False,False,normal
C000500,P0021,E13,F055,Comparación de Precios,Servicio de transporte,services,99155.5,2026-02-22,False,False,normal
C002503,P0176,E03,F000,Contratación Directa,Servicio de mantenimiento de infraestructura,services,131513.17,2023-10-06,False,False,normal
C003107,P0123,E04,F053,Comparación de Precios,Obra de rehabilitación vial,works,173217.27,2025-08-19,False,False,normal
C002495,P0139,E16,F024,Adjudicación Simplificada,Suministro de combustible,goods,279982.36,2024-12-25,False,False,normal
C800003,P0137,E00,F010,Concurso Público Abreviado,Servicio de mantenimiento de infraestructura,services,217203.02,2026-03-31,False,True,fraccionamiento_sembrado
C003382,P0027,E17,F031,Comparación de Precios,Servicio de limpieza y vigilancia,services,356028.74,2023-09-14,False,False,normal
C001967,P0171,E05,F045,Adjudicación Simplificada,Obra de rehabilitación vial,works,48871.17,2026-04-18,False,False,normal
C002428,P0114,E16,F024,Adjudicación Simplificada,Servicio de limpieza y vigilancia,services,250479.66,2024-08-04,False,False,normal
C002148,P0183,E11,F007,Licitación Pública,Consultoría en ingeniería,services,46754.21,2024-11-28,False,False,normal
C001763,P0216,E08,F005,Licitación Pública,Adquisición de materiales de construcción,goods,274019.28,2024-09-15,False,False,normal
C003319,P0097,E05,F001,Adjudicación Simplificada,Servicio de transporte,services,241612.75,2023-05-14,False,False,normal
C001259,P0108,E09,F034,Comparación de Precios,Adquisición de materiales de construcción,goods,140038.16,2024-06-18,False,False,normal
C002629,P0131,E14,F029,Contratación Directa,Consultoría en ingeniería,services,73273.72,2023-06-28,False,False,normal
C002304,P0185,E07,F023,Adjudicación Simplificada,Adquisición de materiales de construcción,goods,53171.23,2023-06-20,False,False,normal
C002334,P0083,E10,F004,Contratación Directa,Adquisición de bienes de oficina,goods,15206.8,2024-01-21,False,False,normal
C000205,P0033,E03,F000,Adjudicación Simplificada,Suministro de combustible,goods,993720.1,2026-01-24,False,False,normal
C000733,P0165,E05,F001,Contratación Directa,Adquisición de materiales de construcción,goods,35924.16,2025-10-08,False,False,normal
C001176,P0059,E17,F003,Adjudicación Simplificada,Adquisición de equipos informáticos,goods,31104.39,2025-11-20,False,False,normal
C000526,P0000,E05,F037,Adjudicación Simplificada,Servicio de capacitación,services,59739.56,2023-03-01,False,False,normal
C002898,P0113,E06,F006,Comparación de Precios,Suministro de combustible,goods,9223.8,2023-05-29,False,False,normal
C000915,P0063,E15,F035,Comparación de Precios,Servicio de transporte,services,64809.99,2026-05-31,False,False,normal
C000898,P0023,E14,F016,Comparación de Precios,Servicio de transporte,services,61687.33,2025-02-23,False,False,normal
C000377,P0128,E16,F057,Adjudicación Simplificada,Suministro de combustible,goods,19588.0,2025-03-23,False,False,normal
C002678,P0044,E16,F042,Licitación Pública,Servicio de mantenimiento de infraestructura,services,43864.06,2023-07-29,False,False,normal
C001559,P0098,E10,F004,Comparación de Precios,Servicio de limpieza y vigilancia,services,125528.03,2024-12-29,False,False,normal
C003288,P0002,E13,F055,Licitación Pública,Consultoría en ingeniería,services,190057.13,2025-09-02,False,False,normal
C001963,P0155,E06,F006,Adjudicación Simplificada,Consultoría en ingeniería,services,37052.74,2024-12-12,False,False,normal
C003307,P0160,E09,F046,Adjudicación Simplificada,Adquisición de bienes de oficina,goods,45295.26,2025-09-13,False,False,normal
C000348,P0097,E06,F039,Contratación Directa,Suministro de combustible,goods,5852.53,2026-03-30,False,False,normal
C000386,P0197,E12,F021,Contratación Directa,Servicio de mantenimiento de infraestructura,services,32331.82,2023-09-08,False,False,normal
C000198,P0073,E11,F054,Comparación de Precios,Servicio de transporte,services,103011.35,2023-11-08,False,False,normal
C900013,P0022,E00,F010,Contratación Directa,Adquisición de bienes de oficina,goods,238528.87,2024-10-16,True,False,favoritismo_sembrado
C001709,P0079,E08,F005,Contratación Directa,Obra de rehabilitación vial,works,6621.2,2024-07-13,False,False,normal
C001050,P0154,E06,F039,Comparación de Precios,Servicio de limpieza y vigilancia,services,13385.0,2023-05-19,False,False,normal
C000590,P0182,E04,F053,Comparación de Precios,Consultoría en ingeniería,services,345465.32,2026-01-02,False,False,normal
C000519,P0141,E09,F046,,Adquisición de materiales de construcción,goods,,2024-08-13,False,False,normal
C002490,P0088,E04,F019,Adjudicación Simplificada,Suministro de combustible,goods,70687.29,2025-01-17,False,False,normal
C001628,P0039,E10,F026,Adjudicación Simplificada,Servicio de limpieza y vigilancia,services,25566.98,2025-11-04,False,False,normal
C002988,P0057,E16,F057,Licitación Pública,Consultoría en ingeniería,services,260867.86,2026-02-24,False,False,normal
C002512,P0124,E07,F023,Adjudicación Simplificada,Obra de rehabilitación vial,works,14681.05,2023-02-25,False,False,normal
C000429,P0218,E12,F021,Concurso Público,Obra de rehabilitación vial,works,87525.69,2024-03-11,False,False,normal
C001083,P0024,E09,F027,Comparación de Precios,Adquisición de bienes de oficina,goods,98761.64,2025-09-24,False,False,normal
C002183,P0007,E05,F047,Concurso Público,Servicio de mantenimiento de infraestructura,services,54619.81,2025-11-10,False,False,normal
C002043,P0170,E06,F006,Comparación de Precios,Suministro de combustible,goods,71335.5,2023-05-02,False,False,normal
C000207,P0104,E04,F053,Contratación Directa,Consultoría en ingeniería,services,14792.72,2025-06-26,False,False,normal
C000491,P0001,E02,F011,Comparación de Precios,Servicio de capacitación,services,953062.62,2023-03-02,False,False,normal
C800027,P0052,E17,F012,Licitación Pública Abreviada,Adquisición de bienes de oficina,goods,135167.92,2025-09-09,False,True,fraccionamiento_sembrado
C001809,P0070,E16,F042,Adjudicación Simplificada,Adquisición de materiales de construcción,goods,49179.49,2024-08-25,False,False,normal
C002102,P0181,E04,F053,Comparación de Precios,Servicio de capacitación,services,125692.03,2025-10-30,False,False,normal
C700096,P0054,E10,F004,Adjudicación Simplificada,Servicio de mantenimiento de infraestructura,services,792667.69,2025-05-15,False,False,hard_negative_concentracion_legitima
C000792,P0156,E04,F019,Comparación de Precios,Servicio de capacitación,services,45524.61,2025-08-23,False,False,normal
C003063,P0196,E07,F023,Adjudicación Simplificada,Adquisición de equipos informáticos,goods,39766.59,2026-02-17,False,False,normal
C002668,P0133,E10,F026,Contratación Directa,Servicio de mantenimiento de infraestructura,services,209544.33,2025-04-03,False,False,normal
C001186,P0201,E09,F043,Concurso Público,Servicio de limpieza y vigilancia,services,34543.84,2024-08-10,False,False,normal
C001980,P0079,E10,F004,Licitación Pública,Servicio de transporte,services,53231.5,2023-02-26,False,False,normal
C001185,P0193,E16,F057,Adjudicación Simplificada,Adquisición de materiales de construcción,goods,409883.08,2023-07-02,False,False,normal
C001550,P0001,E07,F013,Comparación de Precios,Obra de rehabilitación vial,works,127942.19,2026-05-04,False,False,normal
C002375,P0022,E15,F035,Concurso Público,Adquisición de bienes de oficina,goods,15897.07,2023-07-07,False,False,normal
C001915,P0174,E00,F038,Comparación de Precios,Adquisición de materiales de construcción,goods,27698.51,2025-10-22,False,False,normal
C002321,P0177,E01,F017,Adjudicación Simplificada,Suministro de combustible,goods,64587.41,2025-12-11,False,False,normal
C002746,P0034,E16,F002,Adjudicación Simplificada,Servicio de transporte,services,27293.6,2025-02-07,False,False,normal
C001530,P0050,E00,F010,Licitación Pública,Obra de rehabilitación vial,works,96594.85,2023-09-25,False,False,normal
C001410,P0073,E11,F054,Concurso Público,Obra de rehabilitación vial,works,252542.74,2023-04-24,False,False,normal
C001476,P0186,E13,F056,Adjudicación Simplificada,Consultoría en ingeniería,services,,2024-04-23,False,False,normal
C700053,P0205,E17,F012,Licitación Pública,Servicio de limpieza y vigilancia,services,496027.41,2025-11-29,False,False,hard_negative_concentracion_legitima
C002935,P0197,E08,F028,Comparación de Precios,Servicio de transporte,services,187997.94,2025-04-19,False,False,normal
C001797,P0177,E07,F036,Concurso Público,Servicio de mantenimiento de infraestructura,services,102883.84,2024-07-10,False,False,normal
C000083,P0142,E11,F049,Comparación de Precios,Servicio de capacitación,services,73378.65,2025-05-05,False,False,normal
C001978,P0017,E00,F038,Comparación de Precios,Obra de rehabilitación vial,works,45384.72,2024-03-05,False,False,normal
C002910,P0020,E03,F000,Licitación Pública,Adquisición de materiales de construcción,goods,63058.83,2025-10-11,False,False,normal
C001999,P0216,E14,F029,Comparación de Precios,Servicio de transporte,services,173134.56,2025-06-05,False,False,normal
C002740,P0131,E05,F037,Adjudicación Simplificada,Suministro de combustible,goods,22176.06,2023-05-08,False,False,normal
C000020,P0009,E15,F035,Concurso Público,Servicio de capacitación,services,998574.32,2023-10-19,False,False,normal
C002080,P0214,E10,F004,Contratación Directa,Adquisición de materiales de construcción,goods,49228.39,2023-06-20,False,False,normal
C001627,P0150,E06,F006,Concurso Público,Adquisición de bienes de oficina,goods,40276.93,2023-12-17,False,False,normal
C002571,P0140,E07,F013,Comparación de Precios,Servicio de mantenimiento de infraestructura,services,55472.1,2024-08-28,False,False,normal
C900022,P0012,E01,F017,Contratación Directa,Servicio de limpieza y vigilancia,services,,2025-03-22,True,False,favoritismo_sembrado
C001405,P0175,E14,F029,Contratación Directa,Servicio de transporte,services,14087.66,2025-05-19,False,False,normal
C003245,P0099,E02,F051,Licitación Pública,Servicio de transporte,services,142620.12,2024-01-21,False,False,normal
C001730,P0062,E01,F017,Adjudicación Simplificada,Servicio de mantenimiento de infraestructura,services,,2023-10-04,False,False,normal
C001562,P0030,E15,F035,Licitación Pública,Servicio de limpieza y vigilancia,services,13894.87,2023-01-08,False,False,normal
C800018,P0204,E05,F059,Concurso Público Abreviado,Servicio de transporte,services,144231.53,2026-04-27,False,True,fraccionamiento_sembrado
C003320,P0166,E16,F024,Comparación de Precios,Suministro de combustible,goods,415836.78,2025-05-04,False,False,normal
C700057,P0205,E17,F003,Licitación Pública,Servicio de limpieza y vigilancia,services,140772.71,2026-01-28,False,False,hard_negative_concentracion_legitima
C000973,P0202,E01,F017,Licitación Pública,Servicio de limpieza y vigilancia,services,135682.12,2025-05-22,False,False,normal
C001710,P0057,E06,F006,Comparación de Precios,Consultoría en ingeniería,services,12972.85,2025-07-06,False,False,normal
C002416,P0030,E02,F025,Concurso Público,Adquisición de materiales de construcción,goods,7342.82,2025-06-26,False,False,normal
C001098,P0198,E00,F038,Comparación de Precios,Obra de rehabilitación vial,works,184751.1,2023-10-23,False,False,normal
C000886,P0172,E01,F018,,Obra de rehabilitación vial,works,142317.68,2024-08-24,False,False,normal
C002240,P0150,E01,F048,Comparación de Precios,Adquisición de equipos informáticos,goods,100984.25,2025-03-13,False,False,normal
C003368,P0019,E06,F006,Contratación Directa,Adquisición de materiales de construcción,goods,137179.16,2023-01-19,False,False,normal
C700059,P0205,E17,F031,Adjudicación Simplificada,Servicio de limpieza y vigilancia,services,700263.82,2026-05-02,False,False,hard_negative_concentracion_legitima
C000737,P0184,E12,F050,Contratación Directa,Adquisición de bienes de oficina,goods,318418.31,2024-12-19,False,False,normal
C001453,P0207,E06,F039,Adjudicación Simplificada,Adquisición de bienes de oficina,goods,127109.2,2026-02-04,False,False,normal
C002915,P0077,E13,F058,Adjudicación Simplificada,Servicio de transporte,services,110196.19,2024-09-21,False,False,normal
C003268,P0171,E13,F056,Comparación de Precios,Servicio de mantenimiento de infraestructura,services,66561.86,2026-02-07,False,False,normal
C000906,P0118,E15,F035,Contratación Directa,,goods,40920.04,2026-06-07,False,False,normal
C002223,P0019,E04,F019,Concurso Público,Servicio de limpieza y vigilancia,services,32048.19,2023-06-11,False,False,normal
C002727,P0197,E04,F053,Concurso Público,Consultoría en ingeniería,services,47424.38,2023-09-01,False,False,normal
C000947,P0052,E09,F033,Adjudicación Simplificada,Obra de rehabilitación vial,works,66180.62,2024-11-24,False,False,normal
C002318,P0179,E12,F050,Adjudicación Simplificada,Consultoría en ingeniería,services,32946.98,2023-07-12,False,False,normal
C002473,P0200,E03,F000,Comparación de Precios,Servicio de capacitación,services,7507.85,2024-07-13,False,False,normal
C000715,P0113,E11,F007,Contratación Directa,,services,38410.97,2026-04-12,False,False,normal
C002462,P0110,E16,F042,Adjudicación Simplificada,Servicio de limpieza y vigilancia,services,89310.62,2023-10-09,False,False,normal
C000686,P0008,E08,F014,Licitación Pública,Obra de rehabilitación vial,works,29376.37,2025-10-22,False,False,normal
C003161,P0018,E17,F003,Comparación de Precios,Adquisición de equipos informáticos,goods,297214.61,2025-02-24,False,False,normal
C003324,P0176,E07,F036,Comparación de Precios,Suministro de combustible,goods,177483.66,2024-06-04,False,False,normal
C900065,P0064,E00,F041,Contratación Directa,Adquisición de materiales de construcción,goods,448170.34,2025-12-27,True,False,favoritismo_sembrado
C000885,P0084,E00,F038,Adjudicación Simplificada,Adquisición de bienes de oficina,goods,89241.66,2024-08-28,False,False,normal
C000917,P0219,E16,F002,Comparación de Precios,Suministro de combustible,goods,163277.4,2023-09-09,False,False,normal
C002284,P0091,E10,F008,Contratación Directa,Servicio de capacitación,services,168415.61,2023-09-07,False,False,normal
C002340,P0172,E15,F035,Comparación de Precios,Servicio de transporte,services,64138.73,2023-08-29,False,False,normal
C001265,P0059,E01,F018,Adjudicación Simplificada,Servicio de mantenimiento de infraestructura,services,75122.32,2025-03-31,False,False,normal
C000483,P0019,E15,F035,Licitación Pública,Adquisición de bienes de oficina,goods,36672.33,2024-11-25,False,False,normal
C003263,P0168,E13,F055,,Servicio de mantenimiento de infraestructura,services,33618.47,2024-07-31,False,False,normal
C900042,P0074,E06,F039,Contratación Directa,Adquisición de bienes de oficina,goods,349804.6,2024-02-11,True,False,favoritismo_sembrado
C000277,P0183,E03,F000,Licitación Pública,Suministro de combustible,goods,95055.15,2025-02-20,False,False,normal
C000988,P0188,E05,F059,Licitación Pública,Suministro de combustible,goods,29701.69,2023-10-05,False,False,normal
C001245,P0084,E00,F010,Comparación de Precios,Adquisición de materiales de construcción,goods,96055.66,2025-08-27,False,False,normal
C000571,P0079,E13,F056,Concurso Público,Servicio de transporte,services,68952.22,2025-09-25,False,False,normal
C001435,P0024,E10,F004,Licitación Pública,Servicio de transporte,services,70802.63,2024-09-28,False,False,normal
C000993,P0039,E08,F014,Adjudicación Simplificada,Servicio de mantenimiento de infraestructura,services,169270.55,2025-03-06,False,False,normal
C002099,P0145,E00,F010,Contratación Directa,Obra de rehabilitación vial,works,43474.18,2023-12-01,False,False,normal
C002095,P0036,E04,F030,Licitación Pública,Servicio de mantenimiento de infraestructura,services,39749.96,2023-03-29,False,False,normal
C000585,P0140,E04,F019,Comparación de Precios,Consultoría en ingeniería,services,170425.28,2026-02-26,False,False,normal
C001349,P0043,E12,F050,Adjudicación Simplificada,Servicio de limpieza y vigilancia,services,15801.41,2024-07-10,False,False,normal
C001007,P0053,E08,F015,Comparación de Precios,Adquisición de materiales de construcción,goods,42062.15,2025-07-16,False,False,normal
C000674,P0203,E13,F058,Contratación Directa,Servicio de limpieza y vigilancia,services,116823.28,2026-03-15,False,False,normal
C000447,P0128,E14,F016,Comparación de Precios,Servicio de limpieza y vigilancia,services,894468.63,2023-12-03,False,False,normal
C002111,P0164,E15,F035,Comparación de Precios,Adquisición de materiales de construcción,goods,273284.57,2025-09-28,False,False,normal
C003035,P0037,E07,F036,Contratación Directa,Adquisición de materiales de construcción,goods,39052.36,2025-01-05,False,False,normal
C002064,P0211,E04,F030,,Obra de rehabilitación vial,works,77401.29,2026-01-02,False,False,normal
C002932,P0043,E03,F000,Adjudicación Simplificada,Suministro de combustible,goods,73141.83,2026-05-19,False,False,normal
C002320,P0035,E01,F048,Comparación de Precios,Adquisición de bienes de oficina,goods,46188.53,2024-12-09,False,False,normal
C001690,P0141,E09,F027,Comparación de Precios,Servicio de transporte,services,26693.56,2024-01-03,False,False,normal
C003058,P0128,E14,F029,Adjudicación Simplificada,,goods,330368.24,2024-10-30,False,False,normal
C001247,P0017,E00,F010,Comparación de Precios,Obra de rehabilitación vial,works,158758.2,2026-03-08,False,False,normal
C001985,P0121,E16,F057,Adjudicación Simplificada,Servicio de transporte,services,35408.0,2024-02-08,False,False,normal
C000294,P0111,E14,F016,Adjudicación Simplificada,Servicio de limpieza y vigilancia,services,14369.51,2025-07-28,False,False,normal
C001547,P0034,E17,F012,Licitación Pública,Servicio de capacitación,services,72390.94,2024-12-20,False,False,normal
C002012,P0099,E06,F006,,Adquisición de bienes de oficina,goods,82675.32,2025-07-31,False,False,normal
C000588,P0203,E07,F036,Contratación Directa,Servicio de mantenimiento de infraestructura,services,143196.84,2024-01-03,False,False,normal
C002840,P0079,E13,F056,Comparación de Precios,Adquisición de equipos informáticos,goods,144084.02,2024-05-21,False,False,normal
C000425,P0143,E08,F015,Comparación de Precios,Adquisición de equipos informáticos,goods,115895.31,2023-12-06,False,False,normal
C001054,P0063,E08,F028,Comparación de Precios,Obra de rehabilitación vial,works,12623.1,2023-08-18,False,False,normal
C003079,P0003,E09,F027,Comparación de Precios,Consultoría en ingeniería,services,16154.91,2025-06-23,False,False,normal
C000556,P0172,E02,F051,Comparación de Precios,Adquisición de equipos informáticos,goods,30195.37,2025-04-14,False,False,normal
C003140,P0161,E11,F054,Adjudicación Simplificada,Servicio de transporte,services,246862.98,2023-01-18,False,False,normal
C003282,P0095,E14,F040,Contratación Directa,Consultoría en ingeniería,services,670276.88,2023-06-11,False,False,normal
C003279,P0014,E00,F038,Adjudicación Simplificada,Servicio de limpieza y vigilancia,services,135618.82,2024-06-13,False,False,normal
C002509,P0094,E12,F050,Contratación Directa,Servicio de transporte,services,316457.06,2026-01-16,False,False,normal
C001193,P0054,E07,F013,Contratación Directa,Consultoría en ingeniería,services,79802.54,2024-07-01,False,False,normal
C001716,P0109,E02,F011,Adjudicación Simplificada,Servicio de transporte,services,48779.12,2025-08-10,False,False,normal
C002516,P0078,E14,F040,Comparación de Precios,Adquisición de bienes de oficina,goods,46914.27,2023-11-26,False,False,normal
C003339,P0205,E15,F035,Concurso Público,Adquisición de equipos informáticos,goods,281863.8,2025-12-20,False,False,normal
C002279,P0051,E17,F031,Licitación Pública,Obra de rehabilitación vial,works,19062.9,2023-01-25,False,False,normal
C001285,P0010,E15,F035,Comparación de Precios,Consultoría en ingeniería,services,22173.94,2025-12-25,False,False,normal
C003208,P0135,E09,F046,Comparación de Precios,Obra de rehabilitación vial,works,153496.15,2025-04-01,False,False,normal
C003093,P0191,E14,F029,Comparación de Precios,Adquisición de equipos informáticos,goods,66184.93,2026-06-03,False,False,normal
C003008,P0067,E12,F021,Adjudicación Simplificada,Servicio de capacitación,services,47798.42,2026-02-13,False,False,normal
C002087,P0194,E16,F024,,Servicio de transporte,services,56049.37,2024-04-05,False,False,normal
C001889,P0101,E16,F002,Adjudicación Simplificada,Obra de rehabilitación vial,works,64822.23,2025-08-07,False,False,normal
C001591,P0176,E06,F006,Licitación Pública,Servicio de capacitación,services,34955.45,2025-09-12,False,False,normal
C003267,P0007,E08,F028,Adjudicación Simplificada,Servicio de transporte,services,27367.25,2023-02-24,False,False,normal
C002618,P0130,E11,F054,Adjudicación Simplificada,Adquisición de equipos informáticos,goods,115956.58,2025-11-26,False,False,normal
C002985,P0183,E17,F003,Comparación de Precios,Consultoría en ingeniería,services,444836.69,2023-06-08,False,False,normal
C001137,P0192,E17,F012,Comparación de Precios,Obra de rehabilitación vial,works,55086.91,2025-11-18,False,False,normal
C002366,P0146,E12,F050,Comparación de Precios,Adquisición de equipos informáticos,goods,98636.89,2026-05-18,False,False,normal
C800007,P0219,E06,F039,Adjudicación Simplificada,Consultoría en ingeniería,services,180349.38,2024-10-28,False,True,fraccionamiento_sembrado
C700004,P0178,E01,F017,Adjudicación Simplificada,Servicio de capacitación,services,366534.54,2026-06-23,False,False,hard_negative_concentracion_legitima
C001711,P0088,E16,F024,Licitación Pública,Servicio de transporte,services,34562.09,2025-05-12,False,False,normal
C003143,P0085,E10,F026,Concurso Público,Consultoría en ingeniería,services,112191.83,2024-08-21,False,False,normal
C000453,P0202,E08,F028,Licitación Pública,Adquisición de materiales de construcción,goods,10837.57,2023-04-22,False,False,normal
C000913,P0166,E14,F029,Adjudicación Simplificada,Adquisición de bienes de oficina,goods,28390.37,2026-06-27,False,False,normal
C002813,P0123,E10,F004,Comparación de Precios,Servicio de capacitación,services,80490.25,2023-06-10,False,False,normal
C001199,P0213,E05,F047,Contratación Directa,Adquisición de bienes de oficina,goods,156140.46,2025-03-04,False,False,normal
C001274,P0068,E05,F009,Comparación de Precios,Consultoría en ingeniería,services,9713.21,2023-10-13,False,False,normal
C000037,P0108,E14,F016,Comparación de Precios,,services,108110.2,2025-02-04,False,False,normal
C000974,P0078,E08,F020,Comparación de Precios,Servicio de mantenimiento de infraestructura,services,57690.01,2023-12-17,False,False,normal
C000983,P0147,E17,F012,Adjudicación Simplificada,Obra de rehabilitación vial,works,92139.08,2025-09-08,False,False,normal
C002475,P0180,E11,F007,Concurso Público,Suministro de combustible,goods,390173.34,2024-08-13,False,False,normal
C001418,P0002,E04,F030,Licitación Pública,Adquisición de bienes de oficina,goods,42343.23,2024-06-25,False,False,normal
C001560,P0074,E01,F048,Concurso Público,Adquisición de equipos informáticos,goods,83843.5,2024-08-14,False,False,normal
C000039,P0147,E13,F058,Comparación de Precios,Consultoría en ingeniería,services,75689.97,2024-03-01,False,False,normal
C001486,P0214,E04,F019,Concurso Público,Adquisición de materiales de construcción,goods,134828.53,2024-05-26,False,False,normal
C002687,P0025,E02,F025,Licitación Pública,Consultoría en ingeniería,services,12181.61,2025-04-14,False,False,normal
C000169,P0073,E12,F021,Concurso Público,Consultoría en ingeniería,services,25159.6,2023-04-05,False,False,normal
C001355,P0020,E03,F000,Comparación de Precios,Servicio de capacitación,services,25775.71,2024-03-28,False,False,normal
C002211,P0023,E03,F000,Adjudicación Simplificada,Consultoría en ingeniería,services,64461.66,2024-07-06,False,False,normal
C003328,P0180,E14,F040,Licitación Pública,Servicio de limpieza y vigilancia,services,131699.58,2026-01-27,False,False,normal
C002431,P0147,E12,F021,Adjudicación Simplificada,Consultoría en ingeniería,services,17400.59,2024-04-27,False,False,normal
C002442,P0116,E12,F021,Adjudicación Simplificada,Obra de rehabilitación vial,works,264595.24,2024-11-30,False,False,normal
C001640,P0036,E08,F014,Concurso Público,Suministro de combustible,goods,,2023-08-30,False,False,normal
C001290,P0052,E16,F024,Adjudicación Simplificada,Servicio de limpieza y vigilancia,services,39612.11,2024-11-04,False,False,normal
C001380,P0124,E15,F035,Contratación Directa,Adquisición de equipos informáticos,goods,49357.22,2024-03-20,False,False,normal
C001933,P0209,E03,F000,Licitación Pública,Adquisición de materiales de construcción,goods,128970.93,2024-12-01,False,False,normal
C000579,P0116,E01,F017,Licitación Pública,Consultoría en ingeniería,services,20210.66,2023-04-29,False,False,normal
C002030,P0216,E07,F023,Comparación de Precios,Adquisición de equipos informáticos,goods,16374.68,2023-05-25,False,False,normal
C000892,P0076,E02,F044,Comparación de Precios,Servicio de capacitación,services,64722.02,2025-05-16,False,False,normal
C000780,P0172,E16,F057,Adjudicación Simplificada,Adquisición de materiales de construcción,goods,362576.44,2024-01-16,False,False,normal
C000159,P0051,E15,F035,Adjudicación Simplificada,Servicio de mantenimiento de infraestructura,services,53991.39,2023-11-19,False,False,normal
C000002,P0171,E05,F032,Adjudicación Simplificada,Suministro de combustible,goods,50846.02,2026-05-25,False,False,normal
C003205,P0142,E17,F031,Adjudicación Simplificada,Servicio de mantenimiento de infraestructura,services,149817.16,2025-03-19,False,False,normal
C000849,P0046,E00,F010,Adjudicación Simplificada,Servicio de capacitación,services,20819.67,2024-07-08,False,False,normal
C002225,P0023,E15,F035,Adjudicación Simplificada,Adquisición de materiales de construcción,goods,15925.02,2024-02-14,False,False,normal
C001596,P0094,E17,F003,Adjudicación Simplificada,Servicio de limpieza y vigilancia,services,200629.54,2023-12-20,False,False,normal
C001776,P0003,E16,F057,Comparación de Precios,Suministro de combustible,goods,54735.01,2023-03-26,False,False,normal
C001913,P0088,E14,F016,Contratación Directa,Obra de rehabilitación vial,works,82910.65,2025-07-22,False,False,normal
C001043,P0177,E13,F055,Licitación Pública,Adquisición de bienes de oficina,goods,147240.98,2023-06-09,False,False,normal
C001544,P0148,E13,F055,Adjudicación Simplificada,Suministro de combustible,goods,243764.06,2023-12-03,False,False,normal
C003367,P0008,E09,F033,Contratación Directa,Suministro de combustible,goods,356417.06,2026-03-10,False,False,normal
C000053,P0213,E12,F050,Comparación de Precios,Servicio de transporte,services,177942.81,2025-11-12,False,False,normal
C700071,P0156,E02,F044,Licitación Pública,Servicio de mantenimiento de infraestructura,services,662661.97,2024-06-30,False,False,hard_negative_concentracion_legitima
C001911,P0004,E01,F018,Adjudicación Simplificada,Consultoría en ingeniería,services,711704.55,2026-05-09,False,False,normal
C002486,P0145,E15,F035,Adjudicación Simplificada,Servicio de mantenimiento de infraestructura,services,28501.13,2024-12-04,False,False,normal
C000824,P0185,E02,F011,Licitación Pública,Servicio de limpieza y vigilancia,services,371342.1,2025-01-12,False,False,normal
C003311,P0165,E05,F047,Comparación de Precios,Suministro de combustible,goods,32559.74,2025-06-29,False,False,normal
C001389,P0118,E00,F041,Concurso Público,Servicio de capacitación,services,186433.49,2023-05-17,False,False,normal
C003031,P0068,E14,F029,Adjudicación Simplificada,Obra de rehabilitación vial,works,56835.29,2024-05-04,False,False,normal
C002591,P0203,E13,F056,Licitación Pública,Adquisición de equipos informáticos,goods,71146.48,2023-07-29,False,False,normal
C001607,P0017,E02,F051,Adjudicación Simplificada,Adquisición de bienes de oficina,goods,125360.13,2026-05-06,False,False,normal
C001594,P0100,E17,F031,Licitación Pública,Adquisición de bienes de oficina,goods,148607.15,2024-02-22,False,False,normal
C000771,P0067,E08,F005,Comparación de Precios,,services,10893.27,2023-12-02,False,False,normal
C001868,P0001,E03,F000,Adjudicación Simplificada,Servicio de capacitación,services,269197.72,2025-12-14,False,False,normal
C001085,P0209,E10,F026,,Servicio de transporte,services,42724.32,2023-08-12,False,False,normal
C003083,P0132,E10,F026,Adjudicación Simplificada,Consultoría en ingeniería,services,37864.61,2024-12-21,False,False,normal
C001325,P0132,E06,F039,Adjudicación Simplificada,Suministro de combustible,goods,67578.01,2023-04-19,False,False,normal
C001463,P0119,E14,F040,Comparación de Precios,Servicio de capacitación,services,192926.85,2025-12-25,False,False,normal
C000806,P0151,E00,F010,Licitación Pública,,services,50082.56,2023-05-09,False,False,normal
C002274,P0079,E10,F004,Adjudicación Simplificada,Obra de rehabilitación vial,works,29034.54,2025-11-23,False,False,normal
C002757,P0126,E15,F035,Licitación Pública,Servicio de mantenimiento de infraestructura,services,38093.33,2026-05-09,False,False,normal
C002108,P0080,E17,F012,Contratación Directa,Consultoría en ingeniería,services,68267.94,2026-04-18,False,False,normal
C002630,P0038,E06,F039,Comparación de Precios,Obra de rehabilitación vial,works,16126.31,2025-08-25,False,False,normal
C900030,P0156,E02,F025,Contratación Directa,Adquisición de materiales de construcción,goods,456629.65,2024-06-05,True,False,favoritismo_sembrado
C000963,P0001,E13,F055,Adjudicación Simplificada,Servicio de mantenimiento de infraestructura,services,20426.33,2023-01-31,False,False,normal
C000398,P0159,E09,F034,Adjudicación Simplificada,Adquisición de equipos informáticos,goods,33419.17,2023-06-16,False,False,normal
C003472,P0182,E05,F052,Licitación Pública,Consultoría en ingeniería,services,189454.36,2025-03-15,False,False,normal
C000704,P0080,E04,F019,Adjudicación Simplificada,Adquisición de equipos informáticos,goods,,2024-03-24,False,False,normal
C000431,P0058,E16,F024,Licitación Pública,Obra de rehabilitación vial,works,8285.41,2023-02-20,False,False,normal
C000292,P0169,E03,F000,Adjudicación Simplificada,Servicio de transporte,services,85589.63,2025-03-16,False,False,normal
C700000,P0178,E01,F048,Concurso Público,,services,102613.93,2026-05-02,False,False,hard_negative_concentracion_legitima
C000145,P0144,E13,F056,Contratación Directa,Servicio de transporte,services,78684.7,2024-04-03,False,False,normal
C002033,P0154,E01,F018,Licitación Pública,Obra de rehabilitación vial,works,171255.64,2023-08-17,False,False,normal
C002600,P0090,E13,F058,Comparación de Precios,Servicio de transporte,services,106946.52,2025-06-15,False,False,normal
C001165,P0068,E07,F013,Contratación Directa,Servicio de limpieza y vigilancia,services,108045.87,2024-02-20,False,False,normal
C002050,P0170,E00,F038,Adjudicación Simplificada,Adquisición de bienes de oficina,goods,9396.15,2024-10-08,False,False,normal
C002829,P0184,E11,F049,Concurso Público,Suministro de combustible,goods,332260.39,2026-01-17,False,False,normal
C000339,P0078,E07,F023,Adjudicación Simplificada,Servicio de limpieza y vigilancia,services,197084.85,2023-10-11,False,False,normal
C002238,P0053,E06,F039,Comparación de Precios,Servicio de limpieza y vigilancia,services,,2023-10-07,False,False,normal
C000265,P0128,E04,F030,Comparación de Precios,Adquisición de bienes de oficina,goods,48348.74,2024-04-04,False,False,normal
C002880,P0061,E06,F006,Licitación Pública,Obra de rehabilitación vial,works,120996.73,2023-11-07,False,False,normal
C001771,P0132,E10,F008,Adjudicación Simplificada,Servicio de limpieza y vigilancia,services,107309.03,2024-01-13,False,False,normal
C000271,P0174,E05,F009,Adjudicación Simplificada,Servicio de limpieza y vigilancia,services,19399.68,2023-09-13,False,False,normal
C000696,P0105,E08,F005,Comparación de Precios,Servicio de transporte,services,23990.75,2023-02-03,False,False,normal
C900063,P0064,E00,F041,Comparación de Precios,Obra de rehabilitación vial,works,439620.58,2024-11-24,True,False,favoritismo_sembrado
C000244,P0139,E07,F023,Comparación de Precios,Servicio de transporte,services,50434.74,2026-03-28,False,False,normal
C003477,P0051,E17,F031,Contratación Directa,Consultoría en ingeniería,services,19014.19,2024-02-16,False,False,normal
C000476,P0168,E03,F000,Adjudicación Simplificada,Servicio de mantenimiento de infraestructura,services,37968.75,2025-12-11,False,False,normal
C002032,P0191,E16,F024,Comparación de Precios,Servicio de limpieza y vigilancia,services,113455.13,2023-03-24,False,False,normal
C003144,P0207,E08,F020,Contratación Directa,Servicio de capacitación,services,51174.55,2025-01-17,False,False,normal
C002682,P0179,E02,F051,Adjudicación Simplificada,Adquisición de equipos informáticos,goods,25770.94,2023-08-10,False,False,normal
C000813,P0138,E13,F055,Licitación Pública,Adquisición de equipos informáticos,goods,280533.8,2024-11-17,False,False,normal
C001914,P0124,E13,F058,Contratación Directa,,services,25105.04,2024-05-27,False,False,normal
C003123,P0008,E17,F031,Adjudicación Simplificada,Obra de rehabilitación vial,works,49012.55,2023-06-24,False,False,normal
C900036,P0156,E02,F025,Contratación Directa,Adquisición de materiales de construcción,goods,392135.02,2024-06-29,True,False,favoritismo_sembrado
C001804,P0054,E13,F056,Adjudicación Simplificada,,works,214694.99,2025-08-27,False,False,normal
C002673,P0032,E17,F012,Licitación Pública,Consultoría en ingeniería,services,14131.81,2023-02-10,False,False,normal
C000250,P0186,E11,F049,Comparación de Precios,,goods,32093.2,2026-06-03,False,False,normal
C000545,P0013,E06,F006,Concurso Público,Servicio de limpieza y vigilancia,services,113542.92,2025-01-21,False,False,normal
C000738,P0135,E14,F029,Adjudicación Simplificada,,services,57506.75,2026-05-05,False,False,normal
C000310,P0043,E12,F050,Comparación de Precios,Consultoría en ingeniería,services,23617.31,2025-05-02,False,False,normal
C001131,P0101,E04,F053,Adjudicación Simplificada,Suministro de combustible,goods,35937.7,2025-04-13,False,False,normal
C001449,P0042,E08,F028,Adjudicación Simplificada,Adquisición de bienes de oficina,goods,127791.62,2025-12-13,False,False,normal
C700091,P0054,E10,F008,Licitación Pública,Servicio de capacitación,services,505389.79,2025-08-10,False,False,hard_negative_concentracion_legitima
C000015,P0014,E01,F018,Licitación Pública,Servicio de transporte,services,337289.75,2025-01-28,False,False,normal
C003246,P0171,E03,F000,Comparación de Precios,Servicio de transporte,services,38229.56,2025-04-27,False,False,normal
C002594,P0049,E11,F049,Licitación Pública,Adquisición de equipos informáticos,goods,377848.94,2023-02-02,False,False,normal
C002974,P0130,E08,F005,Contratación Directa,Consultoría en ingeniería,services,65173.51,2024-08-02,False,False,normal
C000363,P0072,E17,F012,Comparación de Precios,Consultoría en ingeniería,services,38124.62,2023-02-17,False,False,normal
C000182,P0101,E13,F055,Adjudicación Simplificada,Adquisición de materiales de construcción,goods,93322.14,2025-04-22,False,False,normal
C001194,P0204,E15,F035,Concurso Público,Suministro de combustible,goods,107464.73,2024-01-26,False,False,normal
C002484,P0153,E12,F050,Adjudicación Simplificada,Adquisición de bienes de oficina,goods,37924.06,2025-10-05,False,False,normal
C001121,P0119,E13,F058,Concurso Público,Consultoría en ingeniería,services,30165.93,2023-11-25,False,False,normal
C700093,P0054,E10,F026,Licitación Pública,Servicio de capacitación,services,826440.34,2026-05-10,False,False,hard_negative_concentracion_legitima
C001182,P0132,E11,F054,Concurso Público,Adquisición de bienes de oficina,goods,99131.99,2023-03-14,False,False,normal
C002712,P0099,E02,F051,Adjudicación Simplificada,Obra de rehabilitación vial,works,75706.57,2026-01-26,False,False,normal
C000614,P0103,E12,F050,Licitación Pública,Adquisición de materiales de construcción,goods,8999.77,2024-02-15,False,False,normal
C001466,P0078,E17,F003,Contratación Directa,Adquisición de bienes de oficina,goods,97697.0,2025-09-11,False,False,normal
C000401,P0187,E06,F039,Contratación Directa,Servicio de mantenimiento de infraestructura,services,16737.08,2023-11-05,False,False,normal
C000934,P0215,E11,F054,Licitación Pública,Servicio de transporte,services,142596.68,2025-08-08,False,False,normal
C003096,P0180,E06,F039,Concurso Público,Consultoría en ingeniería,services,89744.24,2025-06-14,False,False,normal
C002437,P0185,E15,F035,Concurso Público,Adquisición de bienes de oficina,goods,59250.84,2024-10-25,False,False,normal
C000726,P0054,E17,F031,Adjudicación Simplificada,Adquisición de equipos informáticos,goods,21599.29,2023-04-07,False,False,normal
C000826,P0078,E14,F040,Comparación de Precios,Adquisición de equipos informáticos,goods,123278.55,2026-01-26,False,False,normal
C001521,P0015,E16,F024,Comparación de Precios,Servicio de mantenimiento de infraestructura,services,52640.52,2025-09-14,False,False,normal
C000136,P0031,E02,F044,Concurso Público,Adquisición de materiales de construcción,goods,63601.09,2025-06-03,False,False,normal
C000628,P0144,E08,F005,Comparación de Precios,Servicio de transporte,services,194499.5,2023-09-26,False,False,normal
C000334,P0163,E09,F027,Comparación de Precios,Suministro de combustible,goods,37765.02,2025-11-12,False,False,normal
C000390,P0114,E11,F054,Comparación de Precios,Adquisición de materiales de construcción,goods,166793.65,2026-01-08,False,False,normal
C003176,P0112,E13,F055,Licitación Pública,Adquisición de materiales de construcción,goods,47927.79,2025-09-08,False,False,normal
C001817,P0120,E03,F000,Comparación de Precios,Servicio de capacitación,services,19702.18,2025-08-06,False,False,normal
C003327,P0115,E16,F042,Comparación de Precios,Servicio de capacitación,services,355741.49,2023-05-28,False,False,normal
C000710,P0076,E05,F032,Adjudicación Simplificada,Servicio de mantenimiento de infraestructura,services,175125.45,2025-01-16,False,False,normal
C001039,P0073,E13,F058,Licitación Pública,Servicio de mantenimiento de infraestructura,services,69898.0,2025-11-20,False,False,normal
C002422,P0124,E15,F035,Comparación de Precios,Obra de rehabilitación vial,works,33562.96,2025-09-24,False,False,normal
C003197,P0103,E10,F026,Licitación Pública,Adquisición de equipos informáticos,goods,33088.72,2025-09-25,False,False,normal
C001561,P0110,E00,F010,Comparación de Precios,Servicio de mantenimiento de infraestructura,services,,2024-11-26,False,False,normal
C003402,P0058,E11,F007,Comparación de Precios,Adquisición de equipos informáticos,goods,99356.25,2024-03-21,False,False,normal
C003101,P0164,E09,F043,Comparación de Precios,Servicio de transporte,services,29338.25,2024-03-20,False,False,normal
C001112,P0066,E08,F028,Comparación de Precios,Adquisición de bienes de oficina,goods,60206.23,2026-06-18,False,False,normal
C001223,P0080,E03,F000,,Servicio de limpieza y vigilancia,services,26740.45,2024-01-04,False,False,normal
C002466,P0093,E06,F006,Adjudicación Simplificada,Servicio de mantenimiento de infraestructura,services,56304.66,2025-08-23,False,False,normal
C001508,P0059,E17,F031,Contratación Directa,Servicio de capacitación,services,238548.39,2023-01-26,False,False,normal
C001750,P0168,E04,F019,Adjudicación Simplificada,Servicio de capacitación,services,59384.29,2025-06-24,False,False,normal
C003313,P0032,E16,F042,Adjudicación Simplificada,Adquisición de bienes de oficina,goods,80802.87,2023-08-20,False,False,normal
C000338,P0211,E14,F016,Comparación de Precios,Adquisición de equipos informáticos,goods,651447.31,2025-07-10,False,False,normal
C000215,P0014,E09,F034,Licitación Pública,Consultoría en ingeniería,services,28287.82,2023-03-09,False,False,normal
C001341,P0008,E07,F036,Comparación de Precios,Adquisición de bienes de oficina,goods,103136.36,2024-11-04,False,False,normal
C003095,P0125,E12,F021,Adjudicación Simplificada,Adquisición de materiales de construcción,goods,76798.7,2024-09-07,False,False,normal
C003465,P0188,E14,F029,Adjudicación Simplificada,Adquisición de bienes de oficina,goods,35452.49,2023-06-18,False,False,normal
C002477,P0043,E04,F053,Licitación Pública,Adquisición de materiales de construcción,goods,101478.93,2024-08-28,False,False,normal
C003278,P0006,E10,F008,Adjudicación Simplificada,Servicio de limpieza y vigilancia,services,33094.99,2023-06-27,False,False,normal
C002499,P0020,E05,F001,Adjudicación Simplificada,Suministro de combustible,goods,41227.29,2024-06-19,False,False,normal
C000101,P0113,E00,F010,Licitación Pública,Suministro de combustible,goods,35120.76,2025-05-14,False,False,normal
C002648,P0219,E00,F010,Adjudicación Simplificada,Servicio de limpieza y vigilancia,services,333176.44,2026-03-12,False,False,normal
C000171,P0118,E09,F046,Licitación Pública,Servicio de limpieza y vigilancia,services,60235.47,2024-07-08,False,False,normal
C000107,P0201,E07,F013,Licitación Pública,Adquisición de equipos informáticos,goods,317390.33,2024-09-26,False,False,normal
C002592,P0015,E16,F024,Comparación de Precios,Servicio de capacitación,services,53267.09,2025-01-23,False,False,normal
C800013,P0119,E03,F000,Adjudicación Simplificada,Servicio de mantenimiento de infraestructura,services,180328.08,2024-01-20,False,True,fraccionamiento_sembrado
C002714,P0201,E06,F039,Concurso Público,Servicio de limpieza y vigilancia,services,17697.54,2024-09-28,False,False,normal
C002575,P0144,E10,F026,Comparación de Precios,Adquisición de equipos informáticos,goods,15442.47,2023-09-16,False,False,normal
C002351,P0128,E13,F056,Licitación Pública,Servicio de transporte,services,128764.69,2023-04-15,False,False,normal
C900028,P0156,E02,F051,Adjudicación Simplificada,Adquisición de materiales de construcción,goods,456995.53,2025-01-18,True,False,favoritismo_sembrado
C002476,P0202,E09,F034,Adjudicación Simplificada,Consultoría en ingeniería,services,113842.92,2024-02-24,False,False,normal
C003090,P0184,E00,F038,Adjudicación Simplificada,Servicio de capacitación,services,165912.5,2025-02-13,False,False,normal
C003297,P0194,E15,F035,Adjudicación Simplificada,Adquisición de equipos informáticos,goods,194955.76,2025-09-10,False,False,normal
C003172,P0111,E07,F036,,Consultoría en ingeniería,services,86103.8,2026-05-12,False,False,normal
C001040,P0180,E14,F016,Comparación de Precios,Servicio de mantenimiento de infraestructura,services,41914.56,2025-04-05,False,False,normal
C002120,P0058,E15,F035,Comparación de Precios,Adquisición de materiales de construcción,goods,76180.29,2026-05-17,False,False,normal
C001524,P0195,E09,F043,Comparación de Precios,Adquisición de bienes de oficina,goods,89288.74,2024-08-02,False,False,normal
C003154,P0041,E17,F003,Comparación de Precios,Adquisición de equipos informáticos,goods,52807.07,2026-05-23,False,False,normal
C002248,P0060,E06,F039,Concurso Público,Adquisición de materiales de construcción,goods,21690.32,2025-09-24,False,False,normal
C000481,P0015,E10,F004,Licitación Pública,Obra de rehabilitación vial,works,199326.77,2023-08-06,False,False,normal
C002627,P0161,E12,F050,Concurso Público,Suministro de combustible,goods,14476.51,2025-08-16,False,False,normal
C002732,P0040,E05,F001,Licitación Pública,Adquisición de materiales de construcción,goods,60474.1,2023-01-06,False,False,normal
C001762,P0006,E04,F030,Adjudicación Simplificada,Suministro de combustible,goods,26562.43,2024-04-17,False,False,normal
C003012,P0033,E01,F048,Contratación Directa,Consultoría en ingeniería,services,53219.74,2026-01-24,False,False,normal
C003129,P0050,E13,F058,Adjudicación Simplificada,Adquisición de materiales de construcción,goods,494005.35,2024-11-22,False,False,normal
C002555,P0028,E15,F035,Adjudicación Simplificada,Suministro de combustible,goods,11579.78,2025-03-23,False,False,normal
C002525,P0179,E06,F006,Adjudicación Simplificada,Servicio de mantenimiento de infraestructura,services,14354.85,2025-08-24,False,False,normal
C000405,P0185,E09,F027,Comparación de Precios,Servicio de limpieza y vigilancia,services,44964.74,2024-07-23,False,False,normal
C000757,P0195,E04,F030,Adjudicación Simplificada,Servicio de limpieza y vigilancia,services,76225.56,2023-06-29,False,False,normal
C002417,P0066,E07,F013,Comparación de Precios,Suministro de combustible,goods,609400.14,2025-09-22,False,False,normal
C000097,P0176,E09,F033,,Servicio de capacitación,services,93723.04,2026-03-25,False,False,normal
C001333,P0134,E11,F054,Comparación de Precios,Consultoría en ingeniería,services,142065.52,2025-04-09,False,False,normal
C002936,P0207,E03,F000,Concurso Público,Adquisición de bienes de oficina,goods,48682.38,2024-12-23,False,False,normal
C003495,P0004,E14,F029,Concurso Público,Adquisición de bienes de oficina,goods,76455.99,2023-03-11,False,False,normal
C002430,P0177,E10,F026,Adjudicación Simplificada,Servicio de capacitación,services,10759.31,2026-02-05,False,False,normal
C002058,P0195,E09,F033,Concurso Público,Servicio de transporte,services,75634.19,2025-11-09,False,False,normal
C002596,P0153,E10,F008,Licitación Pública,Adquisición de bienes de oficina,goods,63479.95,2025-03-26,False,False,normal
C000148,P0113,E06,F006,Comparación de Precios,Adquisición de equipos informáticos,goods,88959.27,2025-08-04,False,False,normal
C000028,P0150,E06,F006,,Servicio de mantenimiento de infraestructura,services,107221.84,2024-01-14,False,False,normal
C002527,P0188,E02,F044,Comparación de Precios,Suministro de combustible,goods,12912.36,2025-10-15,False,False,normal
C800005,P0137,E00,F038,Concurso Público Abreviado,Servicio de mantenimiento de infraestructura,services,271753.62,2026-04-03,False,True,fraccionamiento_sembrado
C000692,P0104,E11,F007,Adjudicación Simplificada,Obra de rehabilitación vial,works,166189.31,2023-07-24,False,False,normal
C001386,P0114,E03,F000,Licitación Pública,Servicio de transporte,services,146359.08,2023-12-18,False,False,normal
C001845,P0206,E14,F016,Comparación de Precios,Adquisición de equipos informáticos,goods,18423.88,2023-08-08,False,False,normal
C002530,P0150,E16,F002,Licitación Pública,Servicio de mantenimiento de infraestructura,services,95395.33,2024-05-25,False,False,normal
C001599,P0109,E02,F025,Comparación de Precios,Servicio de capacitación,services,129792.45,2024-04-03,False,False,normal
C000701,P0213,E05,F037,Comparación de Precios,Adquisición de bienes de oficina,goods,25750.0,2024-12-03,False,False,normal
C001708,P0032,E14,F029,Concurso Público,Adquisición de equipos informáticos,goods,15800.59,2025-10-23,False,False,normal
C000454,P0075,E11,F007,Adjudicación Simplificada,Suministro de combustible,goods,20382.19,2025-07-29,False,False,normal
C002040,P0172,E07,F023,Comparación de Precios,Adquisición de bienes de oficina,goods,34576.28,2024-12-14,False,False,normal
C002583,P0165,E07,F013,Adjudicación Simplificada,Adquisición de bienes de oficina,goods,106883.43,2024-08-29,False,False,normal
C002315,P0014,E12,F050,Comparación de Precios,Suministro de combustible,goods,104988.78,2024-03-15,False,False,normal
C000609,P0033,E09,F043,Adjudicación Simplificada,Servicio de capacitación,services,51270.44,2025-11-15,False,False,normal
C000167,P0090,E03,F000,Adjudicación Simplificada,Obra de rehabilitación vial,works,32139.22,2026-01-26,False,False,normal
C000730,P0178,E00,F038,Licitación Pública,Obra de rehabilitación vial,works,32589.72,2023-07-22,False,False,normal
C002659,P0095,E05,F045,Comparación de Precios,Consultoría en ingeniería,services,258497.77,2023-08-03,False,False,normal
C700030,P0180,E16,F002,Licitación Pública,Obra de rehabilitación vial,works,697418.17,2024-09-13,False,False,hard_negative_concentracion_legitima
C002451,P0105,E16,F002,Adjudicación Simplificada,Servicio de limpieza y vigilancia,services,122316.27,2023-08-06,False,False,normal
C001622,P0033,E12,F050,,,goods,34893.67,2023-03-03,False,False,normal
C000587,P0104,E07,F023,Adjudicación Simplificada,,goods,176135.64,2023-11-22,False,False,normal
C001401,P0203,E00,F038,Adjudicación Simplificada,Consultoría en ingeniería,services,34227.94,2026-06-11,False,False,normal
C001700,P0110,E12,F050,Adjudicación Simplificada,Adquisición de bienes de oficina,goods,50655.0,2023-08-14,False,False,normal
C002696,P0032,E11,F049,Comparación de Precios,Obra de rehabilitación vial,works,107761.48,2025-05-15,False,False,normal
C002909,P0149,E00,F010,Adjudicación Simplificada,Servicio de mantenimiento de infraestructura,services,72830.7,2025-03-31,False,False,normal
C001379,P0109,E04,F030,Comparación de Precios,Servicio de transporte,services,68644.7,2024-02-23,False,False,normal
C002089,P0204,E17,F012,Adjudicación Simplificada,Adquisición de bienes de oficina,goods,26830.26,2024-11-09,False,False,normal
C002175,P0188,E05,F032,Contratación Directa,Servicio de transporte,services,54683.6,2023-05-18,False,False,normal
C002662,P0111,E03,F000,Comparación de Precios,Servicio de mantenimiento de infraestructura,services,58709.75,2024-05-15,False,False,normal
C002611,P0012,E03,F000,Licitación Pública,Servicio de limpieza y vigilancia,services,59615.76,2023-09-21,False,False,normal
C002996,P0118,E12,F050,Adjudicación Simplificada,Servicio de limpieza y vigilancia,services,24566.18,2025-11-23,False,False,normal
C000441,P0058,E08,F028,Adjudicación Simplificada,Adquisición de equipos informáticos,goods,63748.33,2024-05-16,False,False,normal
C002051,P0037,E04,F019,Comparación de Precios,Obra de rehabilitación vial,works,86588.84,2024-12-28,False,False,normal
C001301,P0100,E14,F016,Adjudicación Simplificada,Servicio de capacitación,services,97016.42,2023-06-01,False,False,normal
C003127,P0112,E02,F044,Comparación de Precios,Adquisición de equipos informáticos,goods,175626.04,2026-02-21,False,False,normal
C001304,P0118,E03,F000,Licitación Pública,Obra de rehabilitación vial,works,36238.41,2023-06-03,False,False,normal
C000236,P0176,E07,F036,Comparación de Precios,Consultoría en ingeniería,services,4222.96,2025-08-19,False,False,normal
C000520,P0154,E04,F019,Comparación de Precios,Adquisición de bienes de oficina,goods,51297.09,2023-01-27,False,False,normal
C000735,P0090,E09,F033,Adjudicación Simplificada,Adquisición de equipos informáticos,goods,9337.16,2024-12-06,False,False,normal
C003273,P0042,E10,F004,Adjudicación Simplificada,Adquisición de bienes de oficina,goods,67990.13,2023-05-24,False,False,normal
C002106,P0165,E03,F000,Contratación Directa,Servicio de capacitación,services,77955.5,2023-09-07,False,False,normal
C000592,P0108,E17,F003,Adjudicación Simplificada,Obra de rehabilitación vial,works,,2023-08-31,False,False,normal
C001303,P0188,E14,F029,Comparación de Precios,Adquisición de bienes de oficina,goods,71504.9,2025-08-27,False,False,normal
C001387,P0092,E07,F013,Contratación Directa,Consultoría en ingeniería,services,142142.48,2023-09-10,False,False,normal
C002402,P0022,E14,F016,Adjudicación Simplificada,Servicio de transporte,services,38110.46,2023-06-23,False,False,normal
C002743,P0095,E11,F054,,Adquisición de equipos informáticos,goods,46893.87,2023-10-16,False,False,normal
C003443,P0111,E13,F056,Comparación de Precios,Servicio de capacitación,services,29011.93,2024-01-29,False,False,normal
C000904,P0056,E10,F026,Licitación Pública,Adquisición de equipos informáticos,goods,238678.38,2026-05-30,False,False,normal
C003132,P0070,E10,F004,Concurso Público,Servicio de transporte,services,34595.89,2026-03-21,False,False,normal
C001279,P0030,E00,F041,Adjudicación Simplificada,Adquisición de materiales de construcción,goods,53906.98,2025-10-15,False,False,normal
C002952,P0163,E03,F000,Comparación de Precios,Suministro de combustible,goods,388729.6,2023-08-10,False,False,normal
C700055,P0205,E17,F003,Adjudicación Simplificada,Adquisición de equipos informáticos,goods,310804.23,2025-03-19,False,False,hard_negative_concentracion_legitima
C002308,P0080,E13,F058,Concurso Público,Servicio de mantenimiento de infraestructura,services,14763.27,2023-03-08,False,False,normal
C002934,P0050,E07,F036,Contratación Directa,Servicio de limpieza y vigilancia,services,36841.18,2024-10-17,False,False,normal
C003030,P0172,E15,F035,Licitación Pública,Adquisición de equipos informáticos,goods,46239.96,2025-05-05,False,False,normal
C002927,P0043,E06,F006,Contratación Directa,,works,119666.52,2024-10-13,False,False,normal
C000706,P0022,E02,F044,Contratación Directa,Servicio de mantenimiento de infraestructura,services,26410.12,2024-10-03,False,False,normal
C003258,P0082,E13,F056,Comparación de Precios,Servicio de limpieza y vigilancia,services,68630.48,2025-02-14,False,False,normal
C000745,P0116,E14,F029,Comparación de Precios,Adquisición de materiales de construcción,goods,,2025-01-30,False,False,normal
C001939,P0065,E10,F026,Comparación de Precios,Servicio de mantenimiento de infraestructura,services,61701.88,2024-02-14,False,False,normal
C002425,P0176,E12,F050,Concurso Público,Suministro de combustible,goods,116868.95,2024-10-28,False,False,normal
C000513,P0216,E06,F006,Licitación Pública,Servicio de capacitación,services,167306.22,2023-02-17,False,False,normal
C000081,P0051,E00,F010,Adjudicación Simplificada,Obra de rehabilitación vial,works,188680.93,2024-01-08,False,False,normal
C001308,P0100,E06,F006,Licitación Pública,,goods,196200.3,2023-06-08,False,False,normal
C700068,P0156,E02,F044,Licitación Pública,Servicio de mantenimiento de infraestructura,services,234192.56,2026-05-17,False,False,hard_negative_concentracion_legitima
C000914,P0020,E12,F021,Licitación Pública,Servicio de transporte,services,83836.5,2026-04-13,False,False,normal
C003407,P0175,E12,F021,,Adquisición de bienes de oficina,goods,68426.36,2025-08-12,False,False,normal
C003391,P0169,E01,F018,Concurso Público,Suministro de combustible,goods,47761.49,2024-10-21,False,False,normal
C000774,P0054,E07,F023,Adjudicación Simplificada,Consultoría en ingeniería,services,18208.73,2026-01-01,False,False,normal
C000329,P0087,E15,F035,Licitación Pública,Obra de rehabilitación vial,works,106660.12,2025-09-30,False,False,normal
C002054,P0168,E14,F016,Comparación de Precios,Suministro de combustible,goods,321017.04,2025-09-10,False,False,normal
C002001,P0006,E00,F038,Adjudicación Simplificada,Adquisición de materiales de construcción,goods,81802.77,2024-06-08,False,False,normal
C000943,P0170,E10,F008,Adjudicación Simplificada,Consultoría en ingeniería,services,33033.34,2024-08-29,False,False,normal
C000822,P0195,E14,F040,Adjudicación Simplificada,Adquisición de bienes de oficina,goods,23474.7,2024-12-08,False,False,normal
C000909,P0032,E06,F006,Adjudicación Simplificada,Consultoría en ingeniería,services,228249.85,2023-08-27,False,False,normal
C000181,P0109,E14,F029,Comparación de Precios,Obra de rehabilitación vial,works,22032.81,2024-06-12,False,False,normal
C000164,P0162,E09,F033,Adjudicación Simplificada,Adquisición de materiales de construcción,goods,88405.7,2023-05-22,False,False,normal
C001523,P0087,E09,F043,Comparación de Precios,Adquisición de materiales de construcción,goods,15084.69,2023-08-30,False,False,normal
C000451,P0129,E05,F032,Adjudicación Simplificada,Servicio de mantenimiento de infraestructura,services,35541.68,2025-07-05,False,False,normal
C001311,P0125,E14,F016,Adjudicación Simplificada,Servicio de limpieza y vigilancia,services,63108.58,2025-07-03,False,False,normal
C001111,P0077,E01,F017,Adjudicación Simplificada,Adquisición de bienes de oficina,goods,13749.48,2024-01-29,False,False,normal
C003373,P0044,E05,F059,Adjudicación Simplificada,Servicio de limpieza y vigilancia,services,67993.38,2024-08-24,False,False,normal
C001287,P0139,E10,F008,Comparación de Precios,Servicio de limpieza y vigilancia,services,120696.7,2025-03-11,False,False,normal
C000327,P0176,E16,F042,Adjudicación Simplificada,Servicio de capacitación,services,57378.3,2023-12-06,False,False,normal
C001790,P0185,E11,F054,Adjudicación Simplificada,Suministro de combustible,goods,206146.67,2024-08-06,False,False,normal
C003275,P0083,E10,F026,Adjudicación Simplificada,Servicio de limpieza y vigilancia,services,71074.87,2025-10-25,False,False,normal
C002007,P0063,E02,F011,Adjudicación Simplificada,Servicio de mantenimiento de infraestructura,services,189536.52,2026-01-16,False,False,normal
C001858,P0031,E00,F041,Adjudicación Simplificada,Servicio de mantenimiento de infraestructura,services,55667.01,2026-03-18,False,False,normal
C000312,P0133,E04,F030,Adjudicación Simplificada,Servicio de transporte,services,26816.16,2026-04-12,False,False,normal
C000832,P0100,E01,F048,Adjudicación Simplificada,Servicio de transporte,services,285030.35,2023-07-21,False,False,normal
C001201,P0062,E04,F053,Adjudicación Simplificada,Obra de rehabilitación vial,works,31996.07,2024-03-16,False,False,normal
C002843,P0217,E07,F036,Adjudicación Simplificada,Consultoría en ingeniería,services,249440.12,2024-09-05,False,False,normal
C002424,P0186,E03,F000,Adjudicación Simplificada,Servicio de mantenimiento de infraestructura,services,104196.75,2025-05-25,False,False,normal
C002134,P0077,E04,F030,Comparación de Precios,Consultoría en ingeniería,services,50027.72,2023-08-23,False,False,normal
C002209,P0194,E17,F003,Comparación de Precios,Adquisición de materiales de construcción,goods,42315.42,2024-09-09,False,False,normal
C002852,P0016,E01,F018,Adjudicación Simplificada,Suministro de combustible,goods,109107.57,2025-01-31,False,False,normal
C001481,P0062,E03,F000,Adjudicación Simplificada,Obra de rehabilitación vial,works,33085.27,2025-07-16,False,False,normal
C000777,P0104,E16,F057,Contratación Directa,Suministro de combustible,goods,15716.34,2023-11-16,False,False,normal
C000799,P0036,E16,F002,Adjudicación Simplificada,Consultoría en ingeniería,services,430852.65,2026-06-14,False,False,normal
C000054,P0008,E15,F035,Concurso Público,Adquisición de equipos informáticos,goods,231789.73,2024-11-30,False,False,normal
C001920,P0213,E01,F018,Comparación de Precios,Consultoría en ingeniería,services,22768.29,2025-05-16,False,False,normal
C900012,P0022,E00,F010,Contratación Directa,Servicio de capacitación,services,448517.04,2024-07-01,True,False,favoritismo_sembrado
C002654,P0011,E16,F042,Comparación de Precios,Servicio de limpieza y vigilancia,services,14778.56,2023-06-04,False,False,normal
C001701,P0012,E02,F011,Comparación de Precios,Adquisición de materiales de construcción,goods,55194.29,2023-05-01,False,False,normal
C002161,P0085,E15,F035,Adjudicación Simplificada,Adquisición de equipos informáticos,goods,95964.5,2025-08-16,False,False,normal
C003467,P0015,E06,F006,Licitación Pública,Obra de rehabilitación vial,works,103757.71,2023-10-09,False,False,normal
C000987,P0141,E06,F039,Contratación Directa,Suministro de combustible,goods,36307.7,2025-08-09,False,False,normal
C002651,P0130,E17,F003,Contratación Directa,Servicio de capacitación,services,68763.92,2023-06-24,False,False,normal
C001394,P0116,E06,F039,Comparación de Precios,Obra de rehabilitación vial,works,,2025-05-04,False,False,normal
C000768,P0160,E04,F030,Comparación de Precios,Consultoría en ingeniería,services,71471.16,2024-03-11,False,False,normal
C003421,P0115,E16,F024,Adjudicación Simplificada,Servicio de mantenimiento de infraestructura,services,104245.51,2024-11-10,False,False,normal
C000285,P0035,E03,F000,Concurso Público,Obra de rehabilitación vial,works,115227.02,2024-07-08,False,False,normal
C003252,P0193,E06,F039,Comparación de Precios,Servicio de capacitación,services,494768.84,2023-10-15,False,False,normal
C000428,P0199,E05,F059,Contratación Directa,Servicio de transporte,services,32770.39,2024-06-14,False,False,normal
C002332,P0209,E08,F028,,Servicio de limpieza y vigilancia,services,69266.83,2025-01-27,False,False,normal
C002079,P0212,E12,F050,Comparación de Precios,Suministro de combustible,goods,56448.68,2024-04-01,False,False,normal
C000722,P0051,E05,F037,Comparación de Precios,Obra de rehabilitación vial,works,128555.3,2025-03-02,False,False,normal
C000951,P0008,E05,F032,Comparación de Precios,Adquisición de equipos informáticos,goods,46635.99,2024-02-06,False,False,normal
C002262,P0094,E14,F029,Comparación de Precios,Adquisición de bienes de oficina,goods,99962.26,2023-12-17,False,False,normal
C000989,P0094,E02,F025,Contratación Directa,Servicio de transporte,services,23930.7,2025-10-30,False,False,normal
C003448,P0143,E14,F029,Contratación Directa,,goods,85770.67,2024-04-24,False,False,normal
C002500,P0101,E02,F044,Adjudicación Simplificada,Adquisición de bienes de oficina,goods,74849.74,2023-07-20,False,False,normal
C000326,P0102,E03,F000,Adjudicación Simplificada,Adquisición de equipos informáticos,goods,72784.84,2023-09-28,False,False,normal
C001383,P0214,E00,F010,Adjudicación Simplificada,Servicio de limpieza y vigilancia,services,128174.84,2025-06-17,False,False,normal
C001724,P0067,E17,F012,Contratación Directa,Servicio de transporte,services,262506.68,2024-04-03,False,False,normal
C001086,P0087,E05,F037,Comparación de Precios,Servicio de capacitación,services,183975.87,2023-11-10,False,False,normal
C000341,P0134,E10,F026,Comparación de Precios,Servicio de limpieza y vigilancia,services,93903.29,2023-11-15,False,False,normal
C000147,P0075,E04,F030,Comparación de Precios,Consultoría en ingeniería,services,61642.69,2025-04-04,False,False,normal
C002872,P0087,E11,F007,Comparación de Precios,Servicio de limpieza y vigilancia,services,25345.19,2025-11-27,False,False,normal
C001107,P0008,E00,F041,Comparación de Precios,Consultoría en ingeniería,services,18204.56,2023-10-18,False,False,normal
C000848,P0108,E02,F051,Licitación Pública,Obra de rehabilitación vial,works,28973.64,2025-04-11,False,False,normal
C000966,P0041,E07,F023,Adjudicación Simplificada,Servicio de transporte,services,35127.79,2025-08-23,False,False,normal
C003027,P0077,E15,F035,Adjudicación Simplificada,Obra de rehabilitación vial,works,100399.93,2026-06-04,False,False,normal
C002203,P0024,E13,F056,Comparación de Precios,Suministro de combustible,goods,84821.99,2026-06-29,False,False,normal
C000661,P0059,E01,F048,Contratación Directa,Adquisición de bienes de oficina,goods,12442.86,2023-03-28,False,False,normal
C001002,P0060,E15,F035,Concurso Público,Obra de rehabilitación vial,works,28736.59,2026-06-20,False,False,normal
C002876,P0183,E15,F035,Licitación Pública,Suministro de combustible,goods,10692.96,2025-03-04,False,False,normal
C003097,P0072,E16,F042,Adjudicación Simplificada,Servicio de limpieza y vigilancia,services,53671.07,2026-03-14,False,False,normal
C900044,P0074,E06,F006,Adjudicación Simplificada,Adquisición de equipos informáticos,goods,127446.33,2026-06-21,True,False,favoritismo_sembrado
C003274,P0114,E16,F002,Licitación Pública,Consultoría en ingeniería,services,20740.32,2024-03-29,False,False,normal
C001879,P0140,E08,F005,Licitación Pública,Suministro de combustible,goods,286579.27,2024-10-31,False,False,normal
C003481,P0134,E13,F056,Concurso Público,Servicio de transporte,services,30703.04,2023-04-09,False,False,normal
C001203,P0203,E04,F053,Concurso Público,Servicio de mantenimiento de infraestructura,services,23422.57,2026-01-14,False,False,normal
C001990,P0197,E15,F035,Licitación Pública,Servicio de mantenimiento de infraestructura,services,21304.57,2023-09-22,False,False,normal
C000024,P0141,E14,F029,Licitación Pública,Obra de rehabilitación vial,works,46537.91,2025-09-20,False,False,normal
C003473,P0125,E01,F017,Licitación Pública,Suministro de combustible,goods,203368.22,2023-02-16,False,False,normal
C002496,P0053,E00,F038,Adjudicación Simplificada,Servicio de mantenimiento de infraestructura,services,84403.91,2024-09-02,False,False,normal
C003236,P0075,E17,F012,Licitación Pública,Obra de rehabilitación vial,works,132227.54,2025-12-15,False,False,normal
C002828,P0156,E06,F006,Licitación Pública,Servicio de mantenimiento de infraestructura,services,77312.01,2024-10-31,False,False,normal
C000875,P0151,E11,F049,Adjudicación Simplificada,Servicio de limpieza y vigilancia,services,95769.23,2026-03-01,False,False,normal
C003322,P0104,E15,F035,Concurso Público,Servicio de transporte,services,23925.04,2026-01-11,False,False,normal
C000938,P0070,E09,F033,Adjudicación Simplificada,Adquisición de materiales de construcción,goods,4725.8,2023-10-15,False,False,normal
C002394,P0196,E15,F035,Concurso Público,Servicio de limpieza y vigilancia,services,47473.26,2025-08-25,False,False,normal
C003082,P0085,E04,F030,Concurso Público,Consultoría en ingeniería,services,28636.71,2025-08-17,False,False,normal
C900060,P0064,E00,F041,Adjudicación Simplificada,Obra de rehabilitación vial,works,74409.65,2025-04-13,True,False,favoritismo_sembrado
C000385,P0002,E16,F042,Comparación de Precios,Servicio de mantenimiento de infraestructura,services,41324.95,2023-08-16,False,False,normal
C002821,P0007,E11,F007,Contratación Directa,Adquisición de materiales de construcción,goods,41864.57,2023-09-04,False,False,normal
C003084,P0092,E17,F012,Concurso Público,Adquisición de materiales de construcción,goods,30066.6,2025-06-07,False,False,normal
C002708,P0060,E17,F012,Concurso Público,Servicio de capacitación,services,14946.71,2025-03-12,False,False,normal
C002291,P0214,E10,F008,Adjudicación Simplificada,Consultoría en ingeniería,services,18333.99,2025-02-12,False,False,normal
C700016,P0143,E06,F006,Licitación Pública,Servicio de transporte,services,341249.53,2025-03-23,False,False,hard_negative_concentracion_legitima
C000936,P0112,E02,F011,Adjudicación Simplificada,Adquisición de equipos informáticos,goods,88840.63,2023-07-31,False,False,normal
C003178,P0151,E12,F021,Comparación de Precios,Adquisición de equipos informáticos,goods,29594.59,2026-05-21,False,False,normal
C002360,P0007,E09,F033,Comparación de Precios,Servicio de capacitación,services,67101.46,2025-06-24,False,False,normal
C900000,P0016,E07,F036,Adjudicación Simplificada,Adquisición de materiales de construcción,goods,480407.97,2026-02-10,True,False,favoritismo_sembrado
C001332,P0152,E02,F011,Concurso Público,Adquisición de equipos informáticos,goods,300571.51,2024-08-15,False,False,normal
C001934,P0124,E01,F048,Licitación Pública,Servicio de capacitación,services,71754.48,2024-05-12,False,False,normal
C000935,P0096,E14,F016,Adjudicación Simplificada,Servicio de capacitación,services,84343.01,2026-01-27,False,False,normal
C002418,P0123,E12,F050,Comparación de Precios,Servicio de capacitación,services,16121.2,2023-08-19,False,False,normal
C000566,P0055,E16,F024,Adjudicación Simplificada,Servicio de transporte,services,42303.16,2023-11-21,False,False,normal
C001854,P0177,E01,F048,Licitación Pública,Consultoría en ingeniería,services,122022.43,2025-01-03,False,False,normal
C002979,P0100,E09,F027,Comparación de Precios,Adquisición de equipos informáticos,goods,27312.6,2025-02-28,False,False,normal
C002467,P0028,E14,F016,Comparación de Precios,Suministro de combustible,goods,193725.86,2025-02-25,False,False,normal
C001645,P0103,E16,F042,Licitación Pública,Servicio de limpieza y vigilancia,services,205968.52,2025-05-12,False,False,normal
C900046,P0074,E06,F006,Contratación Directa,Adquisición de bienes de oficina,goods,101889.71,2026-03-11,True,False,favoritismo_sembrado
C001792,P0199,E12,F021,Adjudicación Simplificada,Servicio de capacitación,services,89757.99,2025-05-06,False,False,normal
C001430,P0164,E10,F004,Adjudicación Simplificada,Obra de rehabilitación vial,works,,2023-08-16,False,False,normal
C002850,P0212,E09,F034,Comparación de Precios,Obra de rehabilitación vial,works,27403.12,2023-08-31,False,False,normal
C001013,P0076,E01,F017,Adjudicación Simplificada,Servicio de capacitación,services,53333.89,2025-08-10,False,False,normal
C001928,P0173,E00,F010,Comparación de Precios,Adquisición de bienes de oficina,goods,191359.01,2026-03-06,False,False,normal
C002770,P0109,E09,F033,Comparación de Precios,Consultoría en ingeniería,services,213805.24,2025-04-20,False,False,normal
C000126,P0042,E15,F035,Licitación Pública,Adquisición de materiales de construcción,goods,49628.92,2023-07-11,False,False,normal
C002578,P0211,E14,F029,Licitación Pública,Consultoría en ingeniería,services,99470.14,2023-05-18,False,False,normal
C001347,P0186,E00,F038,Comparación de Precios,Servicio de mantenimiento de infraestructura,services,65516.18,2023-02-11,False,False,normal
C000355,P0114,E11,F054,Adjudicación Simplificada,Adquisición de equipos informáticos,goods,149436.08,2025-06-28,False,False,normal
C000827,P0214,E08,F014,Comparación de Precios,Consultoría en ingeniería,services,20838.68,2023-02-20,False,False,normal
C001639,P0136,E16,F002,Licitación Pública,Servicio de limpieza y vigilancia,services,326665.42,2023-02-15,False,False,normal
C000984,P0040,E01,F048,Concurso Público,Obra de rehabilitación vial,works,325711.16,2026-05-24,False,False,normal
C002188,P0136,E06,F039,Adjudicación Simplificada,Obra de rehabilitación vial,works,157792.46,2023-08-18,False,False,normal
C003139,P0136,E16,F024,Adjudicación Simplificada,Consultoría en ingeniería,services,63373.22,2023-05-24,False,False,normal
C002443,P0146,E01,F048,Comparación de Precios,Servicio de transporte,services,81389.67,2025-02-20,False,False,normal
C000362,P0016,E12,F050,Adjudicación Simplificada,Obra de rehabilitación vial,works,17734.76,2024-07-24,False,False,normal
C002349,P0179,E14,F040,Contratación Directa,Servicio de capacitación,services,37755.65,2025-12-18,False,False,normal
C000345,P0091,E15,F035,Licitación Pública,Servicio de limpieza y vigilancia,services,12425.07,2026-04-21,False,False,normal
C003259,P0060,E03,F000,Adjudicación Simplificada,Servicio de mantenimiento de infraestructura,services,56397.34,2024-03-02,False,False,normal
C003130,P0050,E10,F004,Adjudicación Simplificada,Suministro de combustible,goods,35027.54,2024-09-17,False,False,normal
C000711,P0129,E12,F050,Contratación Directa,Servicio de limpieza y vigilancia,services,79011.14,2024-04-19,False,False,normal
C002540,P0053,E01,F018,,Consultoría en ingeniería,services,117438.13,2024-09-28,False,False,normal
C000010,P0095,E13,F056,Comparación de Precios,Servicio de transporte,services,82092.75,2025-04-26,False,False,normal
C002968,P0194,E02,F025,Adjudicación Simplificada,Servicio de mantenimiento de infraestructura,services,65242.18,2023-03-21,False,False,normal
C002116,P0111,E13,F056,Adjudicación Simplificada,Adquisición de equipos informáticos,goods,18769.91,2023-03-13,False,False,normal
C001834,P0124,E07,F013,Adjudicación Simplificada,Servicio de capacitación,services,330003.3,2025-05-03,False,False,normal
C000793,P0145,E08,F020,Concurso Público,Servicio de capacitación,services,235014.27,2023-10-08,False,False,normal
C003412,P0022,E10,F008,Adjudicación Simplificada,Consultoría en ingeniería,services,65943.58,2024-09-28,False,False,normal
C000094,P0213,E14,F040,Adjudicación Simplificada,Adquisición de materiales de construcción,goods,11478.61,2024-01-15,False,False,normal
C000129,P0108,E12,F021,Comparación de Precios,Servicio de transporte,services,361347.19,2024-08-07,False,False,normal
C002371,P0102,E08,F022,Adjudicación Simplificada,Servicio de transporte,services,250044.11,2025-03-04,False,False,normal
C002862,P0185,E14,F040,Licitación Pública,Servicio de capacitación,services,37726.6,2023-02-13,False,False,normal
C700088,P0054,E10,F026,Concurso Público,Servicio de capacitación,services,80041.51,2025-10-04,False,False,hard_negative_concentracion_legitima
C002263,P0217,E10,F026,Adjudicación Simplificada,Servicio de transporte,services,24398.88,2023-11-09,False,False,normal
C001900,P0170,E10,F004,Concurso Público,Obra de rehabilitación vial,works,61680.6,2026-01-09,False,False,normal
C002699,P0180,E09,F033,Adjudicación Simplificada,Servicio de transporte,services,42191.21,2026-01-02,False,False,normal
C003379,P0034,E08,F005,Comparación de Precios,Suministro de combustible,goods,79592.57,2026-05-15,False,False,normal
C001932,P0192,E15,F035,Comparación de Precios,Servicio de capacitación,services,221695.69,2024-10-04,False,False,normal
C002643,P0037,E12,F021,Comparación de Precios,Servicio de limpieza y vigilancia,services,34869.73,2026-03-17,False,False,normal
C001865,P0209,E04,F053,Adjudicación Simplificada,Obra de rehabilitación vial,works,48107.77,2024-06-26,False,False,normal
C001658,P0126,E09,F034,Comparación de Precios,Adquisición de equipos informáticos,goods,74184.72,2026-02-18,False,False,normal
C000516,P0218,E11,F049,Concurso Público,Servicio de capacitación,services,135854.96,2025-05-15,False,False,normal
C001857,P0088,E16,F002,Contratación Directa,Servicio de transporte,services,39415.93,2026-02-06,False,False,normal
C002243,P0108,E13,F056,Licitación Pública,Adquisición de bienes de oficina,goods,21178.13,2023-08-17,False,False,normal
C001277,P0186,E09,F034,Comparación de Precios,Servicio de capacitación,services,1980.86,2023-02-05,False,False,normal
C700073,P0156,E02,F025,Licitación Pública,Servicio de mantenimiento de infraestructura,services,896103.21,2024-11-29,False,False,hard_negative_concentracion_legitima
C000950,P0176,E00,F041,Concurso Público,,services,106652.67,2024-03-18,False,False,normal
C001120,P0024,E02,F051,Adjudicación Simplificada,Servicio de transporte,services,206664.07,2025-08-13,False,False,normal
C002204,P0155,E16,F042,Adjudicación Simplificada,Obra de rehabilitación vial,works,75160.42,2023-09-19,False,False,normal
C000419,P0010,E14,F016,Adjudicación Simplificada,Servicio de capacitación,services,96432.92,2025-07-20,False,False,normal
C000922,P0138,E16,F002,Comparación de Precios,Adquisición de bienes de oficina,goods,52413.71,2024-10-25,False,False,normal
C002711,P0204,E08,F005,Concurso Público,Suministro de combustible,goods,52801.27,2024-11-14,False,False,normal
C000477,P0014,E00,F010,Licitación Pública,Suministro de combustible,goods,67973.08,2024-05-29,False,False,normal
C002035,P0011,E08,F014,Adjudicación Simplificada,Adquisición de equipos informáticos,goods,97929.8,2025-02-11,False,False,normal
C002684,P0089,E16,F024,Comparación de Precios,Servicio de limpieza y vigilancia,services,36246.37,2024-11-29,False,False,normal
C001692,P0026,E16,F042,Adjudicación Simplificada,Servicio de capacitación,services,113698.3,2023-02-05,False,False,normal
C002725,P0116,E00,F010,Contratación Directa,Servicio de limpieza y vigilancia,services,244482.15,2023-08-08,False,False,normal
C001471,P0079,E00,F038,Comparación de Precios,Servicio de transporte,services,44104.72,2023-02-19,False,False,normal
C001202,P0032,E12,F021,Adjudicación Simplificada,Consultoría en ingeniería,services,13260.15,2026-03-31,False,False,normal
C002438,P0217,E03,F000,Concurso Público,Obra de rehabilitación vial,works,172674.18,2025-05-25,False,False,normal
C001669,P0008,E09,F034,Comparación de Precios,Suministro de combustible,goods,131774.28,2023-10-01,False,False,normal
C003427,P0210,E10,F008,Comparación de Precios,Servicio de limpieza y vigilancia,services,38028.64,2024-06-15,False,False,normal
C001970,P0080,E02,F011,Comparación de Precios,Adquisición de materiales de construcción,goods,308748.66,2024-06-30,False,False,normal
C002151,P0057,E01,F017,Comparación de Precios,Adquisición de materiales de construcción,goods,127102.18,2023-09-18,False,False,normal
C000820,P0186,E16,F024,Contratación Directa,Servicio de limpieza y vigilancia,services,150949.28,2024-04-28,False,False,normal
C001997,P0014,E14,F029,Comparación de Precios,Adquisición de equipos informáticos,goods,72370.27,2023-06-30,False,False,normal
C700043,P0165,E01,F048,Licitación Pública,Servicio de transporte,services,646016.26,2024-07-10,False,False,hard_negative_concentracion_legitima
C001248,P0150,E14,F029,Adjudicación Simplificada,Adquisición de equipos informáticos,goods,8136.31,2025-04-01,False,False,normal
C002707,P0194,E07,F023,Licitación Pública,Servicio de capacitación,services,23542.85,2025-05-02,False,False,normal
C003281,P0030,E04,F053,Comparación de Precios,Adquisición de equipos informáticos,goods,158294.5,2025-02-01,False,False,normal
C002190,P0156,E01,F018,,Servicio de capacitación,services,59682.76,2025-12-08,False,False,normal
C003222,P0028,E05,F037,Comparación de Precios,Obra de rehabilitación vial,works,277890.71,2025-02-14,False,False,normal
C001046,P0131,E16,F024,Concurso Público,Servicio de mantenimiento de infraestructura,services,142400.3,2026-03-17,False,False,normal
C001888,P0190,E07,F013,Adjudicación Simplificada,Servicio de transporte,services,62715.26,2024-10-11,False,False,normal
C002469,P0115,E06,F039,Adjudicación Simplificada,,goods,49736.46,2025-09-07,False,False,normal
C000615,P0034,E11,F054,Concurso Público,Adquisición de bienes de oficina,goods,34989.6,2026-06-17,False,False,normal
C001318,P0195,E11,F007,Comparación de Precios,Servicio de limpieza y vigilancia,services,128554.5,2023-08-09,False,False,normal
C700063,P0205,E17,F003,Concurso Público,Servicio de limpieza y vigilancia,services,468536.37,2026-06-04,False,False,hard_negative_concentracion_legitima
C700101,P0026,E00,F041,Licitación Pública,Adquisición de equipos informáticos,goods,859270.25,2026-05-23,False,False,hard_negative_concentracion_legitima
C900004,P0016,E07,F023,Contratación Directa,Adquisición de materiales de construcción,goods,312555.94,2024-05-08,True,False,favoritismo_sembrado
C002136,P0096,E11,F007,Contratación Directa,Adquisición de bienes de oficina,goods,112916.01,2024-01-04,False,False,normal
C003022,P0196,E02,F011,Contratación Directa,Servicio de limpieza y vigilancia,services,6783.93,2024-12-05,False,False,normal
C001772,P0204,E02,F011,Comparación de Precios,Adquisición de materiales de construcción,goods,26108.79,2025-10-15,False,False,normal
C900034,P0156,E02,F025,Comparación de Precios,Adquisición de materiales de construcción,goods,452080.4,2024-07-10,True,False,favoritismo_sembrado
C000131,P0213,E10,F008,Comparación de Precios,Adquisición de equipos informáticos,goods,186474.3,2025-07-25,False,False,normal
C000077,P0036,E02,F025,Comparación de Precios,Adquisición de materiales de construcción,goods,22693.88,2025-12-03,False,False,normal
C002052,P0015,E10,F026,Adjudicación Simplificada,Adquisición de materiales de construcción,goods,64924.35,2023-12-23,False,False,normal
C000724,P0033,E07,F023,Licitación Pública,Servicio de limpieza y vigilancia,services,63891.59,2024-11-05,False,False,normal
C001314,P0139,E15,F035,Adjudicación Simplificada,Adquisición de materiales de construcción,goods,44615.99,2026-03-25,False,False,normal
C001851,P0110,E11,F007,Adjudicación Simplificada,Servicio de capacitación,services,77588.14,2024-05-12,False,False,normal
C700108,P0098,E11,F049,,Servicio de mantenimiento de infraestructura,services,431991.25,2024-09-02,False,False,hard_negative_concentracion_legitima
C002823,P0057,E08,F020,Comparación de Precios,Servicio de capacitación,services,36817.78,2024-11-07,False,False,normal
C003054,P0177,E17,F031,Comparación de Precios,Adquisición de equipos informáticos,goods,33451.47,2026-05-08,False,False,normal
C001372,P0190,E06,F006,Adjudicación Simplificada,Adquisición de materiales de construcción,goods,43764.32,2023-05-21,False,False,normal
C001855,P0121,E14,F029,Comparación de Precios,Adquisición de materiales de construcción,goods,50018.23,2025-09-14,False,False,normal
C001319,P0125,E00,F038,Licitación Pública,Servicio de mantenimiento de infraestructura,services,116217.12,2023-04-17,False,False,normal
C002560,P0109,E06,F039,Comparación de Precios,Obra de rehabilitación vial,works,35941.03,2025-05-09,False,False,normal
C700050,P0165,E01,F017,Concurso Público,Servicio de transporte,services,460993.34,2025-12-28,False,False,hard_negative_concentracion_legitima
C002674,P0038,E09,F034,Comparación de Precios,Adquisición de bienes de oficina,goods,24326.68,2024-02-22,False,False,normal
C000375,P0205,E15,F035,Concurso Público,,goods,114068.95,2025-05-02,False,False,normal
C001908,P0116,E01,F048,Comparación de Precios,Adquisición de bienes de oficina,goods,8929.35,2023-02-20,False,False,normal
C000333,P0023,E02,F044,Adjudicación Simplificada,Suministro de combustible,goods,60372.07,2023-08-28,False,False,normal
C002775,P0165,E10,F008,Adjudicación Simplificada,,services,29255.89,2025-03-23,False,False,normal
C002830,P0103,E09,F033,Adjudicación Simplificada,Servicio de mantenimiento de infraestructura,services,34571.86,2024-01-02,False,False,normal
C002365,P0039,E12,F050,Adjudicación Simplificada,Servicio de capacitación,services,212954.33,2025-04-02,False,False,normal
C001604,P0181,E16,F024,Licitación Pública,Servicio de limpieza y vigilancia,services,24189.85,2023-08-24,False,False,normal
C001118,P0072,E02,F011,Adjudicación Simplificada,Servicio de transporte,services,85656.78,2024-02-05,False,False,normal
C003496,P0161,E00,F010,Comparación de Precios,Obra de rehabilitación vial,works,33699.25,2024-07-26,False,False,normal
C001943,P0004,E13,F058,Comparación de Precios,Servicio de limpieza y vigilancia,services,126842.32,2024-01-24,False,False,normal
C002817,P0030,E10,F004,Contratación Directa,Servicio de capacitación,services,36021.27,2023-12-07,False,False,normal
C002376,P0121,E01,F018,Adjudicación Simplificada,Adquisición de equipos informáticos,goods,23748.29,2025-01-15,False,False,normal
C003102,P0218,E04,F053,Adjudicación Simplificada,Adquisición de bienes de oficina,goods,91087.37,2026-04-10,False,False,normal
C001342,P0019,E12,F050,Comparación de Precios,Servicio de mantenimiento de infraestructura,services,56281.25,2025-06-22,False,False,normal
C000320,P0045,E15,F035,Adjudicación Simplificada,Adquisición de bienes de oficina,goods,103798.05,2023-09-23,False,False,normal
C001619,P0183,E16,F042,Comparación de Precios,Suministro de combustible,goods,,2025-04-06,False,False,normal
C003004,P0065,E07,F036,Adjudicación Simplificada,Obra de rehabilitación vial,works,7408.01,2026-03-19,False,False,normal
C002060,P0147,E13,F056,Comparación de Precios,Consultoría en ingeniería,services,27631.3,2024-12-21,False,False,normal
C002219,P0020,E14,F016,Adjudicación Simplificada,,works,136697.46,2024-09-15,False,False,normal
C001673,P0038,E17,F031,Adjudicación Simplificada,Consultoría en ingeniería,services,156741.89,2026-04-08,False,False,normal
C001942,P0109,E08,F020,Adjudicación Simplificada,Adquisición de equipos informáticos,goods,4421.4,2023-02-19,False,False,normal
C000260,P0160,E12,F050,Licitación Pública,Servicio de limpieza y vigilancia,services,87207.39,2024-10-08,False,False,normal
C002890,P0116,E11,F054,Adjudicación Simplificada,Servicio de mantenimiento de infraestructura,services,92503.83,2025-08-22,False,False,normal
C002039,P0173,E01,F048,Concurso Público,Consultoría en ingeniería,services,17907.98,2024-04-15,False,False,normal
C000689,P0075,E17,F031,Licitación Pública,Adquisición de materiales de construcción,goods,172569.07,2024-02-03,False,False,normal
C000901,P0018,E01,F048,Licitación Pública,Servicio de mantenimiento de infraestructura,services,22026.8,2023-11-23,False,False,normal
C002306,P0062,E12,F050,Adjudicación Simplificada,Adquisición de equipos informáticos,goods,41896.91,2025-09-24,False,False,normal
C002026,P0167,E10,F004,Adjudicación Simplificada,Adquisición de bienes de oficina,goods,249691.08,2024-09-01,False,False,normal
C000138,P0027,E10,F008,Comparación de Precios,Servicio de limpieza y vigilancia,services,48878.16,2026-02-18,False,False,normal
C001917,P0035,E08,F015,Concurso Público,Servicio de mantenimiento de infraestructura,services,232763.35,2023-01-18,False,False,normal
C001828,P0094,E08,F015,Adjudicación Simplificada,Adquisición de equipos informáticos,goods,533230.02,2026-01-09,False,False,normal
C001573,P0112,E14,F029,Licitación Pública,Servicio de mantenimiento de infraestructura,services,78738.22,2023-10-30,False,False,normal
C000319,P0148,E15,F035,Adjudicación Simplificada,Consultoría en ingeniería,services,6540.79,2023-01-06,False,False,normal
C000653,P0096,E12,F021,Comparación de Precios,Obra de rehabilitación vial,works,68810.51,2025-05-19,False,False,normal
C002137,P0084,E09,F027,Contratación Directa,Adquisición de equipos informáticos,goods,41374.48,2025-01-05,False,False,normal
C002851,P0208,E03,F000,Licitación Pública,Adquisición de materiales de construcción,goods,65511.99,2024-12-29,False,False,normal
C000558,P0079,E14,F016,Contratación Directa,Adquisición de materiales de construcción,goods,57386.6,2024-09-12,False,False,normal
C002187,P0024,E10,F026,Licitación Pública,Servicio de mantenimiento de infraestructura,services,52378.54,2023-04-09,False,False,normal
C000112,P0005,E11,F007,Concurso Público,Obra de rehabilitación vial,works,138110.3,2023-08-15,False,False,normal
C000531,P0087,E10,F008,Licitación Pública,Servicio de limpieza y vigilancia,services,74325.15,2023-02-22,False,False,normal
C000224,P0099,E17,F003,Concurso Público,Servicio de transporte,services,,2026-04-22,False,False,normal
C000723,P0062,E01,F048,,Servicio de transporte,services,47459.54,2023-05-21,False,False,normal
C003020,P0046,E01,F017,Licitación Pública,Servicio de mantenimiento de infraestructura,services,552380.44,2023-07-20,False,False,normal
C003166,P0219,E09,F033,,Servicio de transporte,services,21804.17,2025-07-11,False,False,normal
C001433,P0088,E16,F002,Adjudicación Simplificada,Consultoría en ingeniería,services,48885.23,2025-12-15,False,False,normal
C002373,P0179,E16,F057,Comparación de Precios,Consultoría en ingeniería,services,48286.45,2024-10-29,False,False,normal
C002861,P0153,E06,F006,Licitación Pública,Adquisición de bienes de oficina,goods,46672.75,2023-04-22,False,False,normal
C002946,P0162,E13,F058,Comparación de Precios,Consultoría en ingeniería,services,361494.63,2026-02-08,False,False,normal
C001458,P0094,E10,F004,Concurso Público,Obra de rehabilitación vial,works,171792.32,2026-01-31,False,False,normal
C003330,P0182,E11,F054,Licitación Pública,Servicio de transporte,services,23808.93,2025-11-02,False,False,normal
C000846,P0031,E07,F023,Licitación Pública,Adquisición de bienes de oficina,goods,36728.84,2026-05-02,False,False,normal
C000193,P0211,E13,F056,Comparación de Precios,Consultoría en ingeniería,services,41587.78,2025-01-13,False,False,normal
C001464,P0030,E11,F007,Adjudicación Simplificada,Suministro de combustible,goods,29578.67,2024-05-17,False,False,normal
C002621,P0079,E12,F021,Adjudicación Simplificada,Servicio de mantenimiento de infraestructura,services,54628.16,2025-11-06,False,False,normal
C000946,P0000,E00,F041,Adjudicación Simplificada,Consultoría en ingeniería,services,34819.02,2024-10-13,False,False,normal
C002021,P0215,E02,F051,Adjudicación Simplificada,Servicio de mantenimiento de infraestructura,services,21392.77,2024-02-23,False,False,normal
C002551,P0084,E05,F059,Comparación de Precios,Servicio de transporte,services,43377.15,2026-01-09,False,False,normal
C001629,P0098,E06,F039,Adjudicación Simplificada,Servicio de limpieza y vigilancia,services,78456.13,2024-03-29,False,False,normal
C000117,P0205,E14,F029,Licitación Pública,Servicio de capacitación,services,6299.48,2025-08-01,False,False,normal
C000645,P0015,E09,F046,Comparación de Precios,Suministro de combustible,goods,12735.74,2023-01-15,False,False,normal
C001870,P0073,E13,F056,Contratación Directa,Obra de rehabilitación vial,works,25753.01,2024-12-30,False,False,normal
C000003,P0038,E16,F002,Licitación Pública,Adquisición de bienes de oficina,goods,113998.3,2026-05-21,False,False,normal
C000074,P0111,E12,F021,Comparación de Precios,Servicio de mantenimiento de infraestructura,services,673615.68,2024-07-27,False,False,normal
C001755,P0018,E08,F014,Concurso Público,Suministro de combustible,goods,88917.0,2025-12-04,False,False,normal
C000467,P0155,E01,F017,Comparación de Precios,Servicio de capacitación,services,79006.83,2024-09-15,False,False,normal
C000005,P0005,E15,F035,Comparación de Precios,Servicio de transporte,services,61736.55,2025-07-01,False,False,normal
C001246,P0049,E05,F009,Adjudicación Simplificada,Obra de rehabilitación vial,works,11086.94,2023-01-23,False,False,normal
C000919,P0045,E07,F023,Adjudicación Simplificada,Adquisición de equipos informáticos,goods,82313.57,2024-01-17,False,False,normal
C002595,P0005,E12,F050,Licitación Pública,Servicio de limpieza y vigilancia,services,81459.87,2026-05-05,False,False,normal
C000228,P0034,E06,F006,Adjudicación Simplificada,Servicio de capacitación,services,90896.06,2023-07-27,False,False,normal
C001063,P0011,E15,F035,Adjudicación Simplificada,Servicio de limpieza y vigilancia,services,260334.8,2026-04-06,False,False,normal
C002590,P0211,E12,F021,,Servicio de limpieza y vigilancia,services,162375.87,2024-03-18,False,False,normal
C000242,P0144,E08,F014,Concurso Público,Servicio de mantenimiento de infraestructura,services,282626.11,2025-10-15,False,False,normal
C002804,P0088,E15,F035,Concurso Público,Obra de rehabilitación vial,works,71685.98,2024-10-16,False,False,normal
C001160,P0015,E10,F008,Contratación Directa,Servicio de capacitación,services,54335.92,2025-07-28,False,False,normal
C003094,P0069,E03,F000,Comparación de Precios,Servicio de transporte,services,11023.21,2024-07-25,False,False,normal
C002751,P0212,E10,F008,Comparación de Precios,Adquisición de materiales de construcción,goods,91321.23,2024-08-26,False,False,normal
C002563,P0035,E13,F058,Comparación de Precios,Servicio de capacitación,services,30980.91,2023-12-28,False,False,normal
C002671,P0157,E05,F001,Adjudicación Simplificada,Adquisición de materiales de construcción,goods,44988.41,2024-11-16,False,False,normal
C001526,P0157,E00,F041,Comparación de Precios,Servicio de limpieza y vigilancia,services,56406.04,2023-11-07,False,False,normal
C001605,P0096,E15,F035,Comparación de Precios,Adquisición de materiales de construcción,goods,165323.97,2026-03-12,False,False,normal
C003439,P0190,E10,F004,Licitación Pública,Obra de rehabilitación vial,works,197185.43,2023-11-14,False,False,normal
C800002,P0085,E06,F006,Concurso Público Abreviado,Servicio de capacitación,services,378594.32,2026-04-29,False,True,fraccionamiento_sembrado
C002858,P0066,E16,F002,Adjudicación Simplificada,Servicio de transporte,services,22472.43,2023-12-04,False,False,normal
C003133,P0178,E03,F000,Comparación de Precios,Adquisición de equipos informáticos,goods,19350.57,2025-07-30,False,False,normal
C001989,P0006,E12,F050,Adjudicación Simplificada,Adquisición de materiales de construcción,goods,258465.46,2024-03-04,False,False,normal
C002887,P0042,E01,F048,Adjudicación Simplificada,Adquisición de equipos informáticos,goods,64536.72,2025-09-01,False,False,normal
C002362,P0207,E06,F039,Licitación Pública,Obra de rehabilitación vial,works,36350.77,2025-10-04,False,False,normal
C001975,P0048,E02,F044,Adjudicación Simplificada,Servicio de transporte,services,85044.77,2026-01-18,False,False,normal
C001761,P0034,E16,F002,Adjudicación Simplificada,Servicio de limpieza y vigilancia,services,59453.72,2023-06-12,False,False,normal
C001305,P0113,E08,F022,Comparación de Precios,Servicio de transporte,services,185730.39,2024-10-21,False,False,normal
C001541,P0055,E13,F058,Comparación de Precios,Servicio de transporte,services,21459.4,2026-04-12,False,False,normal
C003210,P0027,E16,F042,Adjudicación Simplificada,Suministro de combustible,goods,32029.85,2025-01-13,False,False,normal
C002472,P0218,E01,F018,Comparación de Precios,Servicio de limpieza y vigilancia,services,314649.84,2023-03-11,False,False,normal
C002642,P0146,E16,F057,Adjudicación Simplificada,Suministro de combustible,goods,13937.7,2026-03-21,False,False,normal
C000622,P0103,E03,F000,Contratación Directa,Consultoría en ingeniería,services,62391.23,2023-11-30,False,False,normal
C002873,P0024,E10,F008,Licitación Pública,Servicio de capacitación,services,9174.8,2023-05-18,False,False,normal
C001493,P0077,E09,F033,Licitación Pública,Servicio de limpieza y vigilancia,services,43253.81,2024-10-22,False,False,normal
C000110,P0215,E09,F033,Comparación de Precios,Servicio de capacitación,services,10876.37,2024-12-16,False,False,normal
C002275,P0189,E04,F053,Adjudicación Simplificada,Servicio de capacitación,services,36751.86,2025-08-23,False,False,normal
C002788,P0126,E11,F049,Adjudicación Simplificada,Servicio de capacitación,services,,2024-09-19,False,False,normal
C001169,P0160,E03,F000,Adjudicación Simplificada,Adquisición de materiales de construcción,goods,96790.86,2023-06-12,False,False,normal
C003023,P0041,E03,F000,Adjudicación Simplificada,Suministro de combustible,goods,102797.03,2025-04-28,False,False,normal
C000232,P0104,E06,F039,Concurso Público,Consultoría en ingeniería,services,23705.61,2023-02-04,False,False,normal
C000066,P0129,E06,F039,Contratación Directa,Servicio de capacitación,services,72065.14,2025-02-25,False,False,normal
C003337,P0044,E00,F038,Adjudicación Simplificada,Consultoría en ingeniería,services,6910.18,2024-10-22,False,False,normal
C002072,P0082,E04,F030,Comparación de Precios,Consultoría en ingeniería,services,60259.78,2025-02-13,False,False,normal
C002192,P0210,E10,F008,Comparación de Precios,Adquisición de materiales de construcción,goods,340286.24,2025-11-27,False,False,normal
C000536,P0044,E03,F000,Adjudicación Simplificada,Servicio de mantenimiento de infraestructura,services,76472.15,2024-07-29,False,False,normal
C000125,P0072,E04,F019,Licitación Pública,Adquisición de materiales de construcción,goods,19544.79,2026-04-02,False,False,normal
C002133,P0081,E08,F014,Comparación de Precios,Adquisición de bienes de oficina,goods,,2025-02-12,False,False,normal
C001254,P0151,E14,F029,Licitación Pública,Servicio de mantenimiento de infraestructura,services,42947.68,2023-06-19,False,False,normal
C003052,P0020,E15,F035,Contratación Directa,Servicio de mantenimiento de infraestructura,services,166539.57,2025-04-30,False,False,normal
C001976,P0066,E14,F016,Comparación de Precios,Servicio de capacitación,services,101862.93,2026-06-20,False,False,normal
C003024,P0053,E06,F006,Comparación de Precios,Servicio de capacitación,services,30986.28,2023-03-20,False,False,normal
C002856,P0058,E08,F022,Adjudicación Simplificada,Adquisición de equipos informáticos,goods,29703.64,2024-10-20,False,False,normal
C002075,P0060,E00,F010,Comparación de Precios,Servicio de mantenimiento de infraestructura,services,1518895.01,2023-07-20,False,False,normal
C000484,P0051,E15,F035,Adjudicación Simplificada,Adquisición de materiales de construcción,goods,86626.24,2023-12-30,False,False,normal
C001654,P0005,E17,F003,Comparación de Precios,Servicio de limpieza y vigilancia,services,13611.5,2024-02-17,False,False,normal
C003300,P0134,E07,F036,Licitación Pública,Adquisición de bienes de oficina,goods,50919.7,2026-01-04,False,False,normal
C002789,P0196,E07,F023,Adjudicación Simplificada,Adquisición de materiales de construcción,goods,98664.7,2023-06-22,False,False,normal
C002955,P0174,E17,F003,Comparación de Precios,Adquisición de materiales de construcción,goods,580396.02,2026-01-14,False,False,normal
C001774,P0194,E16,F002,Comparación de Precios,Adquisición de materiales de construcción,goods,11642.07,2024-06-11,False,False,normal
C002410,P0134,E01,F018,Adjudicación Simplificada,Suministro de combustible,goods,161850.44,2024-03-09,False,False,normal
C000918,P0014,E01,F017,Adjudicación Simplificada,Consultoría en ingeniería,services,25767.45,2023-04-06,False,False,normal
C001646,P0194,E00,F038,Adjudicación Simplificada,Servicio de limpieza y vigilancia,services,230802.59,2025-05-06,False,False,normal
C001026,P0102,E08,F005,Adjudicación Simplificada,Adquisición de equipos informáticos,goods,105553.23,2024-12-04,False,False,normal
C001030,P0051,E09,F027,Concurso Público,Servicio de limpieza y vigilancia,services,20022.39,2025-05-16,False,False,normal
C000882,P0140,E09,F043,Contratación Directa,Suministro de combustible,goods,29935.88,2023-06-30,False,False,normal
C001335,P0062,E06,F039,Licitación Pública,Suministro de combustible,goods,121124.77,2024-06-23,False,False,normal
C002736,P0020,E14,F040,Comparación de Precios,Obra de rehabilitación vial,works,45493.22,2023-02-24,False,False,normal
C002713,P0218,E02,F025,Comparación de Precios,Servicio de limpieza y vigilancia,services,94749.32,2025-03-21,False,False,normal
C000364,P0103,E13,F056,Contratación Directa,Suministro de combustible,goods,80572.76,2024-09-28,False,False,normal
C002125,P0109,E13,F055,Concurso Público,Servicio de transporte,services,14674.27,2023-03-06,False,False,normal
C000027,P0074,E10,F008,Adjudicación Simplificada,Consultoría en ingeniería,services,43108.47,2024-07-07,False,False,normal
C000473,P0191,E04,F030,Adjudicación Simplificada,Adquisición de equipos informáticos,goods,83449.38,2024-12-15,False,False,normal
C000525,P0171,E10,F004,Licitación Pública,Servicio de mantenimiento de infraestructura,services,53405.97,2024-04-26,False,False,normal
C000725,P0094,E12,F050,Adjudicación Simplificada,Suministro de combustible,goods,42397.43,2026-02-24,False,False,normal
C000055,P0187,E11,F049,Comparación de Precios,Adquisición de bienes de oficina,goods,24633.59,2023-07-18,False,False,normal
C000638,P0051,E16,F057,Comparación de Precios,Servicio de limpieza y vigilancia,services,82289.49,2024-05-11,False,False,normal
C000302,P0060,E07,F013,Adjudicación Simplificada,Servicio de transporte,services,83307.17,2023-10-23,False,False,normal
C003216,P0152,E12,F050,Comparación de Precios,Suministro de combustible,goods,12913.62,2023-04-19,False,False,normal
C001276,P0018,E15,F035,Comparación de Precios,Suministro de combustible,goods,25024.61,2024-02-15,False,False,normal
C003248,P0020,E09,F027,Concurso Público,Servicio de capacitación,services,36321.02,2025-10-19,False,False,normal
C000624,P0134,E03,F000,Contratación Directa,Adquisición de materiales de construcción,goods,85593.53,2026-01-21,False,False,normal
C002055,P0031,E01,F048,Adjudicación Simplificada,Obra de rehabilitación vial,works,181489.05,2024-12-10,False,False,normal
C001280,P0030,E10,F008,Adjudicación Simplificada,Obra de rehabilitación vial,works,56706.94,2025-07-06,False,False,normal
C001049,P0079,E06,F039,Adjudicación Simplificada,Servicio de transporte,services,199920.12,2023-07-11,False,False,normal
C000336,P0086,E10,F026,Comparación de Precios,Servicio de transporte,services,213818.49,2025-10-01,False,False,normal
C000047,P0119,E13,F055,Comparación de Precios,Adquisición de materiales de construcción,goods,63218.58,2025-05-23,False,False,normal
C000106,P0117,E13,F055,Adjudicación Simplificada,Adquisición de equipos informáticos,goods,10607.63,2023-03-18,False,False,normal
C002397,P0068,E06,F039,Licitación Pública,Consultoría en ingeniería,services,238576.89,2026-03-30,False,False,normal
C001079,P0044,E09,F046,Concurso Público,Adquisición de bienes de oficina,goods,25467.67,2025-07-15,False,False,normal
C002286,P0140,E16,F042,Adjudicación Simplificada,Servicio de mantenimiento de infraestructura,services,136980.69,2023-06-15,False,False,normal
C002261,P0067,E02,F011,Comparación de Precios,Servicio de mantenimiento de infraestructura,services,17196.51,2025-08-20,False,False,normal
C001144,P0116,E13,F056,Licitación Pública,Adquisición de materiales de construcción,goods,56369.63,2023-02-18,False,False,normal
C002941,P0014,E04,F053,Adjudicación Simplificada,Suministro de combustible,goods,26365.68,2024-10-12,False,False,normal
C002296,P0018,E15,F035,Licitación Pública,Suministro de combustible,goods,46799.46,2024-11-09,False,False,normal
C001836,P0216,E13,F058,Adjudicación Simplificada,Servicio de transporte,services,86516.18,2025-10-12,False,False,normal
C001753,P0003,E15,F035,Adjudicación Simplificada,Servicio de capacitación,services,78746.45,2025-01-24,False,False,normal
C001101,P0076,E12,F021,Contratación Directa,Servicio de transporte,services,56059.63,2024-03-09,False,False,normal
C001968,P0131,E14,F040,Adjudicación Simplificada,Adquisición de equipos informáticos,goods,18929.86,2025-08-13,False,False,normal
C002795,P0031,E16,F024,Adjudicación Simplificada,Servicio de limpieza y vigilancia,services,109086.94,2025-02-13,False,False,normal
C003384,P0063,E11,F007,Comparación de Precios,,services,4373.2,2025-02-01,False,False,normal
C000523,P0198,E16,F057,Contratación Directa,Adquisición de bienes de oficina,goods,7850.88,2025-11-23,False,False,normal
C002280,P0195,E05,F052,Adjudicación Simplificada,Adquisición de materiales de construcción,goods,56088.9,2026-04-21,False,False,normal
C002692,P0013,E08,F022,Comparación de Precios,Adquisición de bienes de oficina,goods,30144.36,2023-07-28,False,False,normal
C001428,P0141,E09,F033,Adjudicación Simplificada,Servicio de transporte,services,347357.89,2025-02-12,False,False,normal
C002581,P0068,E15,F035,Comparación de Precios,Servicio de transporte,services,33897.19,2024-11-07,False,False,normal
C003215,P0184,E00,F038,Adjudicación Simplificada,Adquisición de equipos informáticos,goods,71821.88,2023-07-06,False,False,normal
C000603,P0090,E05,F001,Comparación de Precios,Consultoría en ingeniería,services,21349.81,2025-06-21,False,False,normal
C001489,P0127,E01,F017,Comparación de Precios,Adquisición de equipos informáticos,goods,106930.44,2025-11-30,False,False,normal
C002886,P0096,E17,F012,Adjudicación Simplificada,Suministro de combustible,goods,60035.47,2024-06-29,False,False,normal
C900009,P0022,E00,F038,Adjudicación Simplificada,Adquisición de bienes de oficina,goods,216636.31,2024-03-20,True,False,favoritismo_sembrado
C000060,P0119,E04,F019,Adjudicación Simplificada,Suministro de combustible,goods,174071.67,2023-11-25,False,False,normal
C003392,P0093,E17,F003,Adjudicación Simplificada,,goods,41976.04,2024-06-26,False,False,normal
C000671,P0031,E15,F035,Adjudicación Simplificada,Servicio de mantenimiento de infraestructura,services,30737.82,2025-02-14,False,False,normal
C000092,P0016,E08,F005,Comparación de Precios,Servicio de transporte,services,,2025-04-08,False,False,normal
C000666,P0021,E12,F021,Licitación Pública,Consultoría en ingeniería,services,19268.54,2023-08-29,False,False,normal
C001887,P0180,E12,F021,Adjudicación Simplificada,Servicio de limpieza y vigilancia,services,41191.57,2023-11-23,False,False,normal
C000280,P0013,E02,F011,Adjudicación Simplificada,Suministro de combustible,goods,77335.38,2023-09-06,False,False,normal
C001719,P0010,E00,F041,Comparación de Precios,Obra de rehabilitación vial,works,27244.19,2023-06-11,False,False,normal
C000359,P0099,E13,F058,Comparación de Precios,Consultoría en ingeniería,services,31058.54,2026-06-10,False,False,normal
C000899,P0149,E04,F019,Adjudicación Simplificada,Servicio de mantenimiento de infraestructura,services,103478.83,2025-08-30,False,False,normal
C001935,P0206,E05,F009,Contratación Directa,Adquisición de materiales de construcción,goods,31189.6,2024-05-19,False,False,normal
C001994,P0069,E17,F031,Adjudicación Simplificada,Servicio de limpieza y vigilancia,services,17366.08,2024-10-25,False,False,normal
C002841,P0159,E09,F033,Licitación Pública,Obra de rehabilitación vial,works,238085.41,2024-01-24,False,False,normal
C000760,P0085,E14,F016,Comparación de Precios,Suministro de combustible,goods,93687.03,2024-09-09,False,False,normal
C002158,P0001,E15,F035,Concurso Público,Adquisición de equipos informáticos,goods,116275.63,2023-04-05,False,False,normal
C003232,P0151,E15,F035,Concurso Público,Servicio de transporte,services,43676.67,2025-11-05,False,False,normal
C000042,P0208,E03,F000,Comparación de Precios,Servicio de capacitación,services,139300.0,2026-04-09,False,False,normal
C002173,P0049,E16,F024,Comparación de Precios,Adquisición de bienes de oficina,goods,59624.05,2023-09-15,False,False,normal
C000204,P0133,E12,F021,Adjudicación Simplificada,Adquisición de materiales de construcción,goods,12175.8,2024-01-01,False,False,normal
C001473,P0182,E09,F033,Adjudicación Simplificada,Servicio de limpieza y vigilancia,services,4915.11,2024-10-02,False,False,normal
C002100,P0011,E12,F021,Licitación Pública,Adquisición de materiales de construcción,goods,33903.72,2024-12-09,False,False,normal
C002593,P0161,E11,F049,Adjudicación Simplificada,Consultoría en ingeniería,services,,2026-01-25,False,False,normal
C000068,P0211,E09,F034,Comparación de Precios,Servicio de limpieza y vigilancia,services,65612.41,2023-06-13,False,False,normal
C001875,P0208,E12,F050,Adjudicación Simplificada,Suministro de combustible,goods,22541.47,2023-09-19,False,False,normal
C002925,P0003,E12,F021,Contratación Directa,Adquisición de bienes de oficina,goods,38280.47,2024-08-16,False,False,normal
C002231,P0091,E01,F017,Comparación de Precios,Adquisición de materiales de construcción,goods,42007.44,2023-01-03,False,False,normal
C000137,P0058,E02,F011,Licitación Pública,Suministro de combustible,goods,361335.14,2025-01-07,False,False,normal
C000796,P0055,E12,F050,Adjudicación Simplificada,Consultoría en ingeniería,services,38969.22,2026-01-23,False,False,normal
C002180,P0088,E14,F029,Concurso Público,Obra de rehabilitación vial,works,57961.77,2023-05-24,False,False,normal
C002128,P0134,E06,F006,Comparación de Precios,Adquisición de bienes de oficina,goods,45948.18,2024-09-30,False,False,normal
C000758,P0056,E14,F040,Licitación Pública,Adquisición de equipos informáticos,goods,47503.24,2025-08-08,False,False,normal
C000541,P0066,E00,F041,Comparación de Precios,Servicio de limpieza y vigilancia,services,7442.57,2024-02-02,False,False,normal
C001019,P0008,E01,F018,Contratación Directa,Consultoría en ingeniería,services,12517.36,2024-07-19,False,False,normal
C900029,P0156,E02,F025,Contratación Directa,Adquisición de materiales de construcción,goods,463532.52,2026-06-28,True,False,favoritismo_sembrado
C000165,P0169,E13,F055,Comparación de Precios,Adquisición de bienes de oficina,goods,469910.8,2023-09-21,False,False,normal
C000248,P0123,E03,F000,Comparación de Precios,Adquisición de materiales de construcción,goods,53343.16,2024-11-02,False,False,normal
C001331,P0060,E15,F035,Concurso Público,Consultoría en ingeniería,services,43741.72,2026-05-05,False,False,normal
C002017,P0098,E17,F003,Licitación Pública,Adquisición de materiales de construcción,goods,249146.28,2024-03-25,False,False,normal
C000446,P0031,E15,F035,Adjudicación Simplificada,Servicio de mantenimiento de infraestructura,services,139567.56,2023-10-17,False,False,normal
C002482,P0077,E01,F048,Licitación Pública,Servicio de transporte,services,50256.56,2023-06-21,False,False,normal
C001358,P0106,E01,F048,Comparación de Precios,Suministro de combustible,goods,48327.47,2023-11-10,False,False,normal
C002145,P0144,E02,F051,Comparación de Precios,Consultoría en ingeniería,services,30266.09,2025-06-03,False,False,normal
C001329,P0213,E09,F027,Adjudicación Simplificada,Consultoría en ingeniería,services,5020.29,2023-05-12,False,False,normal
C002785,P0060,E09,F046,Comparación de Precios,Adquisición de materiales de construcción,goods,28763.25,2023-12-26,False,False,normal
C700094,P0054,E10,F004,Licitación Pública,Servicio de capacitación,services,428994.75,2024-04-23,False,False,hard_negative_concentracion_legitima
C002150,P0088,E01,F017,Contratación Directa,Servicio de mantenimiento de infraestructura,services,41436.31,2023-03-03,False,False,normal
C000434,P0049,E10,F004,Comparación de Precios,Adquisición de bienes de oficina,goods,166442.84,2024-03-24,False,False,normal
C002122,P0088,E09,F034,Adjudicación Simplificada,Adquisición de bienes de oficina,goods,221788.69,2023-05-20,False,False,normal
C000577,P0035,E17,F003,Comparación de Precios,Consultoría en ingeniería,services,121361.93,2025-10-17,False,False,normal
C003028,P0026,E04,F030,Adjudicación Simplificada,Servicio de mantenimiento de infraestructura,services,20623.81,2023-07-02,False,False,normal
C700042,P0165,E01,F018,Adjudicación Simplificada,Servicio de transporte,services,266512.54,2025-02-04,False,False,hard_negative_concentracion_legitima
C003383,P0139,E04,F053,Adjudicación Simplificada,Consultoría en ingeniería,services,,2025-04-22,False,False,normal
C002448,P0108,E02,F025,Adjudicación Simplificada,Suministro de combustible,goods,116845.75,2023-08-22,False,False,normal
C001848,P0212,E10,F004,Comparación de Precios,Adquisición de bienes de oficina,goods,50675.84,2024-10-02,False,False,normal
C000762,P0219,E00,F038,Comparación de Precios,Adquisición de equipos informáticos,goods,85541.45,2026-01-14,False,False,normal
C000388,P0162,E13,F055,Licitación Pública,Servicio de limpieza y vigilancia,services,248228.84,2024-09-07,False,False,normal
C000235,P0012,E06,F039,Adjudicación Simplificada,Consultoría en ingeniería,services,145329.53,2024-04-01,False,False,normal
C003213,P0019,E00,F038,Adjudicación Simplificada,Consultoría en ingeniería,services,30402.81,2023-01-28,False,False,normal
C001984,P0140,E16,F002,,Servicio de capacitación,services,260556.17,2026-06-23,False,False,normal
C000267,P0145,E08,F005,Comparación de Precios,Suministro de combustible,goods,149631.41,2024-10-28,False,False,normal
C000770,P0165,E03,F000,Adjudicación Simplificada,Servicio de mantenimiento de infraestructura,services,105708.89,2026-05-16,False,False,normal
C002165,P0206,E12,F021,Licitación Pública,Adquisición de bienes de oficina,goods,41760.82,2024-02-26,False,False,normal
C000437,P0177,E13,F058,Comparación de Precios,Adquisición de materiales de construcción,goods,9816.85,2024-01-29,False,False,normal
C000673,P0127,E04,F019,Concurso Público,Servicio de capacitación,services,104465.97,2024-11-16,False,False,normal
C000249,P0204,E14,F016,Contratación Directa,Suministro de combustible,goods,278442.17,2025-02-01,False,False,normal
C002201,P0028,E03,F000,Comparación de Precios,Adquisición de bienes de oficina,goods,106917.19,2025-12-05,False,False,normal
C001574,P0042,E05,F052,Adjudicación Simplificada,Servicio de transporte,services,427041.09,2026-06-15,False,False,normal
C002142,P0205,E16,F024,Adjudicación Simplificada,Consultoría en ingeniería,services,59913.56,2026-05-10,False,False,normal
C002081,P0199,E17,F012,Comparación de Precios,Adquisición de materiales de construcción,goods,49992.47,2024-05-21,False,False,normal
C003227,P0002,E17,F012,Adjudicación Simplificada,Adquisición de materiales de construcción,goods,78597.23,2024-02-22,False,False,normal
C003164,P0212,E14,F016,Concurso Público,Suministro de combustible,goods,638980.48,2026-01-01,False,False,normal
C003381,P0114,E12,F021,Concurso Público,Servicio de mantenimiento de infraestructura,services,10556.14,2023-07-21,False,False,normal
C000448,P0084,E06,F039,Licitación Pública,Servicio de capacitación,services,23325.91,2023-08-19,False,False,normal
C001469,P0091,E15,F035,Concurso Público,Consultoría en ingeniería,services,131442.35,2023-12-06,False,False,normal
C000716,P0096,E17,F003,Licitación Pública,Servicio de capacitación,services,177629.4,2023-12-09,False,False,normal
C002948,P0020,E07,F023,Licitación Pública,Adquisición de equipos informáticos,goods,129882.67,2023-08-05,False,False,normal
C003223,P0201,E13,F055,Contratación Directa,Consultoría en ingeniería,services,21293.06,2023-06-24,False,False,normal
C002048,P0128,E15,F035,Concurso Público,Adquisición de bienes de oficina,goods,65676.23,2025-12-02,False,False,normal
C001901,P0169,E07,F013,Licitación Pública,Adquisición de materiales de construcción,goods,187207.33,2025-09-26,False,False,normal
C003070,P0111,E11,F054,Comparación de Precios,Servicio de capacitación,services,33910.91,2023-03-10,False,False,normal
C001168,P0197,E09,F033,Comparación de Precios,Servicio de transporte,services,23274.42,2025-01-27,False,False,normal
C000082,P0003,E13,F055,Concurso Público,Adquisición de equipos informáticos,goods,26206.7,2025-12-25,False,False,normal
C003401,P0049,E10,F008,Contratación Directa,Adquisición de bienes de oficina,goods,6842.8,2023-10-02,False,False,normal
C002724,P0002,E08,F014,Comparación de Precios,Suministro de combustible,goods,6939.85,2023-09-27,False,False,normal
C001460,P0115,E07,F023,Adjudicación Simplificada,Servicio de transporte,services,46243.66,2023-01-28,False,False,normal
C002818,P0011,E08,F028,Licitación Pública,Adquisición de materiales de construcción,goods,17995.72,2024-02-26,False,False,normal
C001893,P0208,E05,F052,Licitación Pública,Obra de rehabilitación vial,works,15872.0,2026-06-04,False,False,normal
C001668,P0215,E06,F006,Comparación de Precios,Servicio de limpieza y vigilancia,services,67518.77,2024-06-21,False,False,normal
C002756,P0161,E03,F000,Licitación Pública,Suministro de combustible,goods,22262.19,2024-06-02,False,False,normal
C002000,P0134,E04,F030,Contratación Directa,Servicio de limpieza y vigilancia,services,20036.17,2023-12-26,False,False,normal
C000475,P0000,E07,F013,Adjudicación Simplificada,Servicio de limpieza y vigilancia,services,131842.93,2023-12-17,False,False,normal
C000517,P0007,E08,F020,Comparación de Precios,Servicio de mantenimiento de infraestructura,services,135822.5,2025-05-21,False,False,normal
C000404,P0030,E13,F055,Adjudicación Simplificada,Adquisición de materiales de construcción,goods,,2025-07-22,False,False,normal
C000384,P0148,E04,F030,Licitación Pública,Adquisición de equipos informáticos,goods,166724.64,2025-03-10,False,False,normal
C002987,P0023,E17,F012,Adjudicación Simplificada,Suministro de combustible,goods,172994.77,2023-04-02,False,False,normal
C002152,P0096,E01,F017,Adjudicación Simplificada,Adquisición de bienes de oficina,goods,56418.71,2025-09-06,False,False,normal
C001633,P0058,E08,F022,Licitación Pública,Suministro de combustible,goods,45255.17,2025-05-06,False,False,normal
C700104,P0098,E11,F007,Adjudicación Simplificada,Servicio de mantenimiento de infraestructura,services,640592.38,2024-05-15,False,False,hard_negative_concentracion_legitima
C000688,P0104,E01,F048,,Adquisición de bienes de oficina,goods,26322.11,2024-03-08,False,False,normal
C003000,P0118,E10,F008,Licitación Pública,Obra de rehabilitación vial,works,46074.87,2025-11-14,False,False,normal
C002874,P0044,E02,F011,Adjudicación Simplificada,Adquisición de equipos informáticos,goods,63924.72,2024-01-19,False,False,normal
C001240,P0065,E16,F002,Comparación de Precios,Servicio de limpieza y vigilancia,services,29254.27,2023-12-18,False,False,normal
C000062,P0028,E16,F002,Licitación Pública,Adquisición de equipos informáticos,goods,70276.35,2023-04-30,False,False,normal
C000852,P0147,E04,F019,Adjudicación Simplificada,,goods,12150.49,2023-06-18,False,False,normal
C003394,P0088,E01,F048,,Adquisición de materiales de construcción,goods,43072.97,2023-01-07,False,False,normal
C003044,P0032,E04,F019,Adjudicación Simplificada,Consultoría en ingeniería,services,33608.19,2025-03-12,False,False,normal
C001262,P0151,E02,F044,Adjudicación Simplificada,Adquisición de equipos informáticos,goods,45751.24,2023-11-13,False,False,normal
C000223,P0201,E03,F000,Comparación de Precios,Adquisición de equipos informáticos,goods,261176.99,2024-05-16,False,False,normal
C002193,P0087,E10,F004,Adjudicación Simplificada,Servicio de limpieza y vigilancia,services,2743.75,2024-09-18,False,False,normal
C000373,P0063,E04,F030,Adjudicación Simplificada,Adquisición de materiales de construcción,goods,37717.25,2023-11-16,False,False,normal
C001824,P0067,E03,F000,Licitación Pública,Servicio de capacitación,services,93329.04,2025-03-11,False,False,normal
C003121,P0045,E09,F043,Adjudicación Simplificada,Servicio de capacitación,services,10320.6,2024-08-25,False,False,normal
C700045,P0165,E01,F018,Adjudicación Simplificada,Consultoría en ingeniería,services,895441.61,2024-09-16,False,False,hard_negative_concentracion_legitima
C003200,P0168,E01,F017,Comparación de Precios,Suministro de combustible,goods,67881.55,2025-06-18,False,False,normal
C003310,P0196,E10,F008,Licitación Pública,Consultoría en ingeniería,services,24720.31,2025-02-11,False,False,normal
C002871,P0165,E15,F035,Contratación Directa,Consultoría en ingeniería,services,29447.85,2023-08-14,False,False,normal
C000009,P0092,E02,F011,Adjudicación Simplificada,Adquisición de materiales de construcción,goods,25508.24,2026-05-17,False,False,normal
C002497,P0060,E08,F014,Adjudicación Simplificada,Obra de rehabilitación vial,works,39193.91,2023-12-13,False,False,normal
C001944,P0075,E10,F008,Comparación de Precios,Servicio de mantenimiento de infraestructura,services,184792.02,2025-10-19,False,False,normal
C001838,P0156,E03,F000,Comparación de Precios,Consultoría en ingeniería,services,23950.99,2026-04-29,False,False,normal
C000708,P0008,E02,F011,Adjudicación Simplificada,Servicio de transporte,services,27824.85,2024-02-24,False,False,normal
C000255,P0047,E02,F044,Comparación de Precios,Adquisición de equipos informáticos,goods,12386.73,2025-10-07,False,False,normal
C001617,P0043,E01,F017,Adjudicación Simplificada,Servicio de capacitación,services,19504.67,2023-12-27,False,False,normal
C000389,P0004,E12,F021,Contratación Directa,Servicio de limpieza y vigilancia,services,20670.03,2024-07-14,False,False,normal
C001581,P0166,E06,F039,Comparación de Precios,Adquisición de bienes de oficina,goods,142638.38,2023-09-25,False,False,normal
C000924,P0187,E14,F040,Comparación de Precios,Adquisición de bienes de oficina,goods,103003.21,2024-05-21,False,False,normal
C003424,P0078,E01,F018,Comparación de Precios,Obra de rehabilitación vial,works,12784.47,2025-08-05,False,False,normal
C003405,P0059,E10,F008,Comparación de Precios,Obra de rehabilitación vial,works,8438.91,2025-06-28,False,False,normal
C002508,P0099,E12,F021,Adjudicación Simplificada,Servicio de mantenimiento de infraestructura,services,11409.97,2025-08-28,False,False,normal
C002036,P0123,E15,F035,Adjudicación Simplificada,Adquisición de bienes de oficina,goods,20452.55,2026-04-09,False,False,normal
C002953,P0099,E04,F030,Licitación Pública,Servicio de limpieza y vigilancia,services,79519.62,2023-10-10,False,False,normal
C001224,P0034,E14,F016,Comparación de Precios,Adquisición de materiales de construcción,goods,94391.16,2024-10-29,False,False,normal
C002549,P0177,E16,F057,Adjudicación Simplificada,Servicio de capacitación,services,154444.42,2023-03-28,False,False,normal
C001946,P0182,E04,F053,Licitación Pública,Servicio de capacitación,services,120073.07,2023-04-14,False,False,normal
C000739,P0134,E15,F035,Licitación Pública,Servicio de capacitación,services,41853.78,2023-10-22,False,False,normal
C000040,P0174,E11,F049,Adjudicación Simplificada,Consultoría en ingeniería,services,51404.32,2026-05-11,False,False,normal
C000868,P0179,E13,F058,Concurso Público,Obra de rehabilitación vial,works,81855.65,2024-05-29,False,False,normal
C002779,P0209,E05,F059,Comparación de Precios,Adquisición de materiales de construcción,goods,30631.34,2023-01-09,False,False,normal
C000539,P0184,E07,F036,Adjudicación Simplificada,Adquisición de equipos informáticos,goods,57207.59,2024-09-17,False,False,normal
C002745,P0184,E05,F045,Comparación de Precios,Adquisición de equipos informáticos,goods,32198.67,2025-05-31,False,False,normal
C003088,P0058,E05,F059,Adjudicación Simplificada,Adquisición de materiales de construcción,goods,21166.1,2023-06-24,False,False,normal
C002723,P0170,E03,F000,Concurso Público,Adquisición de equipos informáticos,goods,34364.86,2025-03-01,False,False,normal
C001371,P0193,E06,F006,Contratación Directa,Adquisición de materiales de construcción,goods,4159.22,2023-11-01,False,False,normal
C001145,P0064,E17,F031,Adjudicación Simplificada,Servicio de capacitación,services,110913.7,2023-08-23,False,False,normal
C001031,P0166,E15,F035,Adjudicación Simplificada,Servicio de capacitación,services,32164.08,2024-07-05,False,False,normal
C000372,P0034,E17,F031,Comparación de Precios,Servicio de capacitación,services,8494.59,2025-10-26,False,False,normal
C000667,P0144,E05,F047,Comparación de Precios,Suministro de combustible,goods,108155.01,2024-09-01,False,False,normal
C000357,P0166,E07,F013,Comparación de Precios,Servicio de mantenimiento de infraestructura,services,16126.14,2026-04-30,False,False,normal
C000967,P0189,E14,F040,Licitación Pública,Servicio de capacitación,services,249780.62,2023-10-20,False,False,normal
C002831,P0059,E02,F044,Comparación de Precios,Servicio de transporte,services,142253.07,2023-06-12,False,False,normal
C002783,P0060,E08,F020,Comparación de Precios,Servicio de limpieza y vigilancia,services,81393.42,2026-06-09,False,False,normal
C001353,P0092,E01,F048,Comparación de Precios,Obra de rehabilitación vial,works,30160.65,2025-05-03,False,False,normal
C001035,P0158,E03,F000,Adjudicación Simplificada,Consultoría en ingeniería,services,36685.9,2024-09-30,False,False,normal
C000470,P0213,E05,F009,Contratación Directa,Servicio de mantenimiento de infraestructura,services,153674.75,2025-06-22,False,False,normal
C003193,P0069,E16,F024,Contratación Directa,Servicio de capacitación,services,188492.41,2026-06-20,False,False,normal
C001396,P0090,E02,F044,Licitación Pública,Suministro de combustible,goods,102417.97,2024-07-17,False,False,normal
C003230,P0197,E05,F059,Concurso Público,Adquisición de materiales de construcción,goods,68651.05,2025-12-01,False,False,normal
C001549,P0097,E10,F026,Concurso Público,Servicio de limpieza y vigilancia,services,34168.89,2025-09-01,False,False,normal
C001256,P0091,E07,F036,Comparación de Precios,Servicio de transporte,services,82256.27,2025-02-11,False,False,normal
C002094,P0153,E12,F021,Licitación Pública,Servicio de transporte,services,142814.17,2024-10-31,False,False,normal
C001555,P0174,E07,F036,Comparación de Precios,Adquisición de bienes de oficina,goods,177568.23,2024-03-22,False,False,normal
C003187,P0107,E12,F050,Comparación de Precios,Obra de rehabilitación vial,works,44419.45,2026-06-16,False,False,normal
C001250,P0070,E17,F003,Licitación Pública,Servicio de capacitación,services,107455.02,2025-05-02,False,False,normal
C001699,P0201,E08,F028,Adjudicación Simplificada,Obra de rehabilitación vial,works,13600.06,2024-04-07,False,False,normal
C001252,P0028,E03,F000,Concurso Público,Adquisición de equipos informáticos,goods,12173.6,2026-01-10,False,False,normal
C003414,P0090,E08,F028,Adjudicación Simplificada,Consultoría en ingeniería,services,50760.83,2025-07-24,False,False,normal
C003435,P0129,E00,F041,,Adquisición de bienes de oficina,goods,61277.4,2026-04-05,False,False,normal
C002933,P0058,E06,F006,Licitación Pública,Obra de rehabilitación vial,works,63495.26,2025-10-17,False,False,normal
C000079,P0072,E15,F035,Comparación de Precios,Servicio de limpieza y vigilancia,services,77515.16,2023-04-13,False,False,normal
C001172,P0179,E17,F012,Contratación Directa,Consultoría en ingeniería,services,271615.72,2026-03-29,False,False,normal
C000814,P0062,E06,F006,Adjudicación Simplificada,Servicio de capacitación,services,28068.08,2025-03-22,False,False,normal
C001852,P0067,E13,F056,Comparación de Precios,Servicio de limpieza y vigilancia,services,116613.3,2025-10-08,False,False,normal
C002220,P0079,E15,F035,Adjudicación Simplificada,Consultoría en ingeniería,services,24406.26,2025-11-04,False,False,normal
C002719,P0033,E06,F006,Licitación Pública,Obra de rehabilitación vial,works,9529.44,2023-07-04,False,False,normal
C003239,P0112,E14,F016,Adjudicación Simplificada,Servicio de mantenimiento de infraestructura,services,52767.69,2023-01-20,False,False,normal
C002105,P0039,E08,F022,Comparación de Precios,Consultoría en ingeniería,services,78696.8,2024-03-17,False,False,normal
C000133,P0139,E09,F033,Licitación Pública,Adquisición de equipos informáticos,goods,84186.63,2025-07-28,False,False,normal
C001140,P0172,E17,F003,Comparación de Precios,,services,24217.36,2025-12-29,False,False,normal
C000933,P0137,E12,F050,Concurso Público,Adquisición de equipos informáticos,goods,41379.66,2026-04-02,False,False,normal
C000928,P0004,E01,F048,Adjudicación Simplificada,Consultoría en ingeniería,services,113639.35,2023-02-01,False,False,normal
C000823,P0124,E05,F001,Contratación Directa,Consultoría en ingeniería,services,87125.79,2023-11-25,False,False,normal
C001531,P0039,E09,F027,Comparación de Precios,Obra de rehabilitación vial,works,64621.78,2023-10-10,False,False,normal
C001214,P0143,E05,F037,Concurso Público,Suministro de combustible,goods,134253.79,2025-03-11,False,False,normal
C000504,P0035,E17,F003,Adjudicación Simplificada,Adquisición de equipos informáticos,goods,24650.1,2023-09-16,False,False,normal
C900052,P0074,E06,F039,Adjudicación Simplificada,Adquisición de bienes de oficina,goods,454528.72,2024-05-10,True,False,favoritismo_sembrado
C002395,P0083,E15,F035,Licitación Pública,Servicio de mantenimiento de infraestructura,services,21840.11,2023-01-29,False,False,normal
C001996,P0083,E14,F040,Adjudicación Simplificada,,goods,13007.8,2026-06-09,False,False,normal
C002434,P0061,E04,F030,Adjudicación Simplificada,Servicio de capacitación,services,69915.75,2023-10-11,False,False,normal
C001958,P0030,E16,F002,Licitación Pública,Obra de rehabilitación vial,works,51722.61,2023-05-30,False,False,normal
C001384,P0147,E06,F039,Adjudicación Simplificada,Consultoría en ingeniería,services,147866.47,2024-10-16,False,False,normal
C000894,P0213,E08,F022,Licitación Pública,Suministro de combustible,goods,63679.01,2023-08-01,False,False,normal
C000828,P0092,E14,F016,,Suministro de combustible,goods,28317.93,2024-09-08,False,False,normal
C700105,P0098,E11,F049,Adjudicación Simplificada,Servicio de mantenimiento de infraestructura,services,333527.03,2026-06-15,False,False,hard_negative_concentracion_legitima
C002523,P0011,E04,F019,Licitación Pública,Servicio de capacitación,services,33012.04,2026-02-20,False,False,normal
C001683,P0005,E13,F056,Comparación de Precios,Adquisición de bienes de oficina,goods,43606.89,2024-08-06,False,False,normal
C800015,P0088,E02,F011,Licitación Pública Abreviada,Suministro de combustible,goods,180084.44,2025-11-25,False,True,fraccionamiento_sembrado
C003150,P0016,E03,F000,Contratación Directa,Adquisición de materiales de construcción,goods,239160.58,2026-06-03,False,False,normal
C800024,P0019,E13,F055,Adjudicación Simplificada,Suministro de combustible,goods,304136.43,2024-07-31,False,True,fraccionamiento_sembrado
C000652,P0167,E17,F003,Contratación Directa,Adquisición de materiales de construcción,goods,17509.39,2025-03-28,False,False,normal
C000172,P0019,E03,F000,Comparación de Precios,Suministro de combustible,goods,81602.9,2024-09-07,False,False,normal
C000038,P0158,E14,F016,Contratación Directa,Servicio de mantenimiento de infraestructura,services,139606.63,2026-03-21,False,False,normal
C700035,P0062,E14,F016,Licitación Pública,Servicio de capacitación,services,660812.44,2024-10-29,False,False,hard_negative_concentracion_legitima
C000713,P0159,E06,F006,Licitación Pública,Servicio de capacitación,services,103803.37,2024-11-02,False,False,normal
C000090,P0156,E09,F046,Contratación Directa,Obra de rehabilitación vial,works,208553.31,2026-06-10,False,False,normal
C900037,P0156,E02,F051,Contratación Directa,Obra de rehabilitación vial,works,220193.42,2024-11-23,True,False,favoritismo_sembrado
C001205,P0076,E12,F050,Adjudicación Simplificada,Servicio de capacitación,services,56785.79,2023-05-17,False,False,normal
C002923,P0211,E16,F002,Comparación de Precios,Servicio de mantenimiento de infraestructura,services,45777.53,2023-10-20,False,False,normal
C003041,P0165,E13,F056,Adjudicación Simplificada,Servicio de transporte,services,190024.03,2024-01-19,False,False,normal
C003352,P0103,E00,F010,Contratación Directa,Obra de rehabilitación vial,works,97109.97,2025-08-07,False,False,normal
C001827,P0197,E02,F011,Concurso Público,Adquisición de equipos informáticos,goods,33709.44,2023-07-25,False,False,normal
C001155,P0116,E07,F023,Contratación Directa,Adquisición de materiales de construcción,goods,43837.82,2024-01-13,False,False,normal
C001324,P0194,E13,F058,Comparación de Precios,Adquisición de equipos informáticos,goods,55974.83,2023-02-25,False,False,normal
C000216,P0021,E15,F035,Contratación Directa,Adquisición de materiales de construcción,goods,,2023-02-14,False,False,normal
C000510,P0211,E06,F039,Adjudicación Simplificada,Servicio de capacitación,services,110883.5,2025-12-04,False,False,normal
C001680,P0203,E17,F012,Adjudicación Simplificada,Servicio de capacitación,services,50401.68,2023-09-06,False,False,normal
C000499,P0187,E02,F051,Licitación Pública,Adquisición de bienes de oficina,goods,47172.37,2025-08-16,False,False,normal
C003047,P0077,E12,F021,Adjudicación Simplificada,,goods,33038.57,2024-06-01,False,False,normal
C001856,P0064,E13,F058,Comparación de Precios,Adquisición de bienes de oficina,goods,128327.72,2024-11-19,False,False,normal
C001388,P0132,E02,F011,Comparación de Precios,Servicio de limpieza y vigilancia,services,50461.6,2025-08-26,False,False,normal
C001519,P0125,E00,F010,Comparación de Precios,Suministro de combustible,goods,37722.31,2026-06-09,False,False,normal
C002386,P0111,E14,F016,Adjudicación Simplificada,Adquisición de equipos informáticos,goods,178419.1,2024-07-31,False,False,normal
C003356,P0091,E10,F004,Comparación de Precios,Adquisición de equipos informáticos,goods,16039.1,2026-03-30,False,False,normal
C002076,P0182,E17,F012,Adjudicación Simplificada,Consultoría en ingeniería,services,117398.47,2025-01-03,False,False,normal
C001540,P0050,E08,F015,Licitación Pública,Servicio de transporte,services,28764.05,2026-06-21,False,False,normal
C001217,P0135,E06,F039,Licitación Pública,Adquisición de materiales de construcción,goods,108008.03,2023-11-01,False,False,normal
C002681,P0037,E11,F054,Licitación Pública,Suministro de combustible,goods,516173.5,2025-07-06,False,False,normal
C700039,P0062,E14,F040,Adjudicación Simplificada,Servicio de capacitación,services,446922.51,2024-11-06,False,False,hard_negative_concentracion_legitima
C002993,P0140,E01,F017,Comparación de Precios,Adquisición de bienes de oficina,goods,60683.58,2024-01-06,False,False,normal
C001416,P0166,E16,F002,Adjudicación Simplificada,Obra de rehabilitación vial,works,134201.42,2023-11-04,False,False,normal
C002217,P0165,E05,F001,Comparación de Precios,Obra de rehabilitación vial,works,67330.31,2024-05-16,False,False,normal
C700066,P0156,E02,F025,Licitación Pública,Servicio de mantenimiento de infraestructura,services,417920.54,2026-04-23,False,False,hard_negative_concentracion_legitima
C001676,P0152,E14,F040,Adjudicación Simplificada,Adquisición de bienes de oficina,goods,152682.08,2025-04-26,False,False,normal
C001197,P0105,E03,F000,Licitación Pública,Obra de rehabilitación vial,works,20226.82,2024-04-16,False,False,normal
C001542,P0166,E11,F007,Adjudicación Simplificada,Adquisición de materiales de construcción,goods,33093.63,2025-08-09,False,False,normal
C002960,P0202,E02,F025,Concurso Público,Adquisición de materiales de construcción,goods,33881.84,2023-05-03,False,False,normal
C002539,P0169,E09,F027,Licitación Pública,,services,10884.93,2023-03-09,False,False,normal
C000953,P0004,E09,F027,Comparación de Precios,Adquisición de materiales de construcción,goods,89960.85,2025-12-10,False,False,normal
C002635,P0168,E02,F025,Adjudicación Simplificada,Servicio de mantenimiento de infraestructura,services,73615.37,2023-09-23,False,False,normal
C000750,P0194,E09,F034,Adjudicación Simplificada,Servicio de capacitación,services,15045.53,2023-10-15,False,False,normal
C002705,P0160,E00,F041,,Servicio de mantenimiento de infraestructura,services,44300.39,2023-07-17,False,False,normal
C000234,P0029,E03,F000,Comparación de Precios,Adquisición de bienes de oficina,goods,30509.32,2024-03-14,False,False,normal
C000732,P0056,E01,F018,Comparación de Precios,Adquisición de materiales de construcción,goods,55632.42,2024-05-08,False,False,normal
C800020,P0204,E05,F009,Concurso Público Abreviado,Servicio de transporte,services,199450.77,2026-05-05,False,True,fraccionamiento_sembrado
C001156,P0131,E16,F024,Adjudicación Simplificada,Obra de rehabilitación vial,works,32013.71,2024-06-15,False,False,normal
C003283,P0053,E03,F000,Adjudicación Simplificada,Adquisición de materiales de construcción,goods,11638.88,2024-02-01,False,False,normal
C002445,P0114,E06,F039,Adjudicación Simplificada,Adquisición de materiales de construcción,goods,67409.03,2023-05-17,False,False,normal
C002982,P0081,E06,F006,Adjudicación Simplificada,Adquisición de materiales de construcción,goods,29941.05,2025-08-15,False,False,normal
C001209,P0134,E07,F036,Adjudicación Simplificada,Adquisición de equipos informáticos,goods,50964.09,2026-03-10,False,False,normal
C001065,P0127,E11,F007,Comparación de Precios,Obra de rehabilitación vial,works,8541.52,2026-01-25,False,False,normal
C002156,P0200,E00,F038,Adjudicación Simplificada,Servicio de transporte,services,66717.17,2024-09-25,False,False,normal
C001062,P0193,E14,F040,Contratación Directa,Servicio de limpieza y vigilancia,services,107004.12,2024-05-23,False,False,normal
C002616,P0133,E00,F038,Licitación Pública,Consultoría en ingeniería,services,66227.97,2025-05-28,False,False,normal
C001167,P0160,E09,F034,Concurso Público,Servicio de limpieza y vigilancia,services,22141.14,2024-03-28,False,False,normal
C001492,P0199,E03,F000,,Servicio de transporte,services,111711.66,2024-08-14,False,False,normal
C002938,P0001,E08,F014,Adjudicación Simplificada,,services,117888.71,2024-06-29,False,False,normal
C002995,P0024,E17,F003,Licitación Pública,Servicio de transporte,services,30313.5,2023-08-25,False,False,normal
C003042,P0130,E02,F011,Comparación de Precios,Servicio de limpieza y vigilancia,services,106678.76,2024-05-25,False,False,normal
C000884,P0037,E13,F058,Adjudicación Simplificada,Adquisición de materiales de construcción,goods,33989.63,2025-10-12,False,False,normal
C000143,P0157,E04,F053,Adjudicación Simplificada,Adquisición de materiales de construcción,goods,74401.49,2026-04-17,False,False,normal
C900023,P0012,E01,F018,Contratación Directa,Servicio de limpieza y vigilancia,services,119225.16,2025-11-26,True,False,favoritismo_sembrado
C000850,P0102,E03,F000,Comparación de Precios,Servicio de mantenimiento de infraestructura,services,358935.71,2026-01-29,False,False,normal
C002782,P0181,E13,F055,Comparación de Precios,Adquisición de materiales de construcción,goods,86439.75,2025-11-08,False,False,normal
C000717,P0142,E04,F019,Comparación de Precios,Suministro de combustible,goods,186330.03,2025-12-22,False,False,normal
C700011,P0143,E06,F039,Adjudicación Simplificada,Servicio de transporte,services,106227.86,2026-06-12,False,False,hard_negative_concentracion_legitima
C002502,P0067,E15,F035,Contratación Directa,Servicio de mantenimiento de infraestructura,services,107535.77,2024-09-16,False,False,normal
C000264,P0208,E01,F017,Comparación de Precios,Servicio de capacitación,services,384421.47,2024-05-31,False,False,normal
C000075,P0068,E13,F058,Comparación de Precios,Adquisición de equipos informáticos,goods,44474.74,2025-05-27,False,False,normal
C002492,P0179,E03,F000,Adjudicación Simplificada,Obra de rehabilitación vial,works,20429.51,2023-11-13,False,False,normal
C000395,P0213,E16,F002,Licitación Pública,Consultoría en ingeniería,services,3238.42,2024-12-03,False,False,normal
C700080,P0133,E04,F053,Licitación Pública,Obra de rehabilitación vial,works,135772.19,2024-07-13,False,False,hard_negative_concentracion_legitima
C002224,P0025,E05,F059,Licitación Pública,Adquisición de bienes de oficina,goods,52773.03,2026-03-01,False,False,normal
C003455,P0166,E13,F058,Adjudicación Simplificada,Obra de rehabilitación vial,works,75069.18,2024-12-30,False,False,normal
C000396,P0206,E01,F018,Adjudicación Simplificada,Obra de rehabilitación vial,works,166933.04,2024-10-02,False,False,normal
C001365,P0195,E06,F039,Comparación de Precios,Servicio de limpieza y vigilancia,services,85423.47,2025-07-07,False,False,normal
C003075,P0210,E00,F038,Adjudicación Simplificada,Servicio de capacitación,services,205861.23,2024-02-05,False,False,normal
C001903,P0048,E10,F004,Adjudicación Simplificada,Adquisición de equipos informáticos,goods,94677.86,2023-10-23,False,False,normal
C000595,P0083,E06,F006,Comparación de Precios,Obra de rehabilitación vial,works,262916.13,2024-07-04,False,False,normal
C002109,P0063,E07,F013,Adjudicación Simplificada,Consultoría en ingeniería,services,58834.65,2023-06-30,False,False,normal
C001296,P0183,E06,F006,Contratación Directa,Servicio de limpieza y vigilancia,services,59201.91,2023-06-22,False,False,normal
C001821,P0154,E17,F012,Concurso Público,Adquisición de bienes de oficina,goods,114616.74,2024-01-17,False,False,normal
C000872,P0065,E15,F035,Contratación Directa,Suministro de combustible,goods,109304.81,2024-11-19,False,False,normal
C003196,P0031,E00,F038,Adjudicación Simplificada,Servicio de capacitación,services,30634.11,2023-02-11,False,False,normal
C700095,P0054,E10,F026,Adjudicación Simplificada,Servicio de capacitación,services,485681.84,2024-05-09,False,False,hard_negative_concentracion_legitima
C002326,P0170,E01,F048,Adjudicación Simplificada,Consultoría en ingeniería,services,15130.91,2024-06-13,False,False,normal
C001548,P0149,E10,F004,Comparación de Precios,Adquisición de materiales de construcción,goods,49388.53,2024-11-09,False,False,normal
C000036,P0104,E00,F038,Adjudicación Simplificada,Servicio de capacitación,services,64346.23,2026-03-20,False,False,normal
C002710,P0048,E12,F050,Contratación Directa,Servicio de capacitación,services,48460.3,2025-03-13,False,False,normal
C003109,P0156,E09,F034,Adjudicación Simplificada,Servicio de limpieza y vigilancia,services,87677.74,2025-02-20,False,False,normal
C002143,P0152,E11,F049,Adjudicación Simplificada,Servicio de limpieza y vigilancia,services,11534.61,2023-04-19,False,False,normal
C003155,P0122,E02,F025,Adjudicación Simplificada,Adquisición de equipos informáticos,goods,16328.84,2023-05-08,False,False,normal
C000977,P0087,E09,F027,Comparación de Precios,Adquisición de materiales de construcción,goods,707289.99,2026-06-26,False,False,normal
C001571,P0191,E09,F027,Contratación Directa,Servicio de transporte,services,16433.3,2026-03-28,False,False,normal
C001122,P0081,E05,F009,Licitación Pública,Adquisición de equipos informáticos,goods,48010.8,2024-03-02,False,False,normal
C002786,P0173,E11,F054,Adjudicación Simplificada,Adquisición de materiales de construcción,goods,8708.52,2025-01-02,False,False,normal
C002239,P0039,E11,F049,Licitación Pública,Servicio de limpieza y vigilancia,services,45461.8,2024-05-18,False,False,normal
C002967,P0025,E00,F038,Adjudicación Simplificada,Servicio de transporte,services,20765.72,2026-04-11,False,False,normal
C002504,P0095,E03,F000,Licitación Pública,Adquisición de materiales de construcción,goods,26007.79,2025-12-12,False,False,normal
C001892,P0028,E11,F007,Adjudicación Simplificada,Obra de rehabilitación vial,works,77944.08,2024-01-19,False,False,normal
C000675,P0018,E15,F035,Licitación Pública,Adquisición de equipos informáticos,goods,35365.54,2023-01-05,False,False,normal
C002808,P0205,E11,F049,Concurso Público,Servicio de limpieza y vigilancia,services,14631.23,2023-05-07,False,False,normal
C003068,P0063,E03,F000,Adjudicación Simplificada,Servicio de mantenimiento de infraestructura,services,375453.16,2025-08-20,False,False,normal
C000728,P0008,E03,F000,Adjudicación Simplificada,Adquisición de bienes de oficina,goods,61697.98,2023-07-09,False,False,normal
C000412,P0113,E00,F041,Adjudicación Simplificada,Obra de rehabilitación vial,works,15363.6,2024-03-16,False,False,normal
C001516,P0178,E09,F034,Comparación de Precios,Servicio de capacitación,services,12512.37,2025-06-17,False,False,normal
C001649,P0096,E02,F011,Comparación de Precios,Adquisición de bienes de oficina,goods,,2024-01-13,False,False,normal
C000825,P0090,E17,F003,Comparación de Precios,Obra de rehabilitación vial,works,36575.4,2023-01-03,False,False,normal
C000616,P0062,E03,F000,Adjudicación Simplificada,Obra de rehabilitación vial,works,146356.21,2024-11-18,False,False,normal
C000114,P0139,E10,F008,Adjudicación Simplificada,Adquisición de materiales de construcción,goods,209342.09,2025-01-21,False,False,normal
C000417,P0112,E01,F017,Adjudicación Simplificada,Servicio de transporte,services,354046.25,2024-01-07,False,False,normal
C003069,P0103,E14,F029,Adjudicación Simplificada,Servicio de limpieza y vigilancia,services,14272.11,2024-12-15,False,False,normal
C001625,P0137,E09,F046,Licitación Pública,Adquisición de materiales de construcción,goods,46478.19,2024-11-24,False,False,normal
C003017,P0203,E10,F008,,Servicio de capacitación,services,58372.64,2025-03-08,False,False,normal
C002652,P0070,E02,F051,Adjudicación Simplificada,Servicio de limpieza y vigilancia,services,93067.07,2026-01-12,False,False,normal
C900018,P0012,E01,F017,Comparación de Precios,Servicio de limpieza y vigilancia,services,270638.63,2026-05-06,True,False,favoritismo_sembrado
C000089,P0131,E05,F045,Adjudicación Simplificada,Servicio de mantenimiento de infraestructura,services,24350.44,2023-01-10,False,False,normal
C002896,P0205,E16,F057,Contratación Directa,Servicio de transporte,services,53383.19,2023-09-11,False,False,normal
C003226,P0050,E15,F035,,Adquisición de materiales de construcción,goods,303096.63,2025-07-28,False,False,normal
C002082,P0146,E07,F013,Concurso Público,Servicio de capacitación,services,16827.93,2025-02-18,False,False,normal
C000753,P0175,E05,F059,Comparación de Precios,Adquisición de bienes de oficina,goods,7062.11,2024-09-27,False,False,normal
C002546,P0119,E15,F035,Adjudicación Simplificada,Servicio de transporte,services,75024.76,2024-05-28,False,False,normal
C001630,P0199,E07,F023,Comparación de Precios,Servicio de limpieza y vigilancia,services,32347.84,2024-10-03,False,False,normal
C000011,P0182,E01,F017,Concurso Público,Consultoría en ingeniería,services,50885.54,2025-10-13,False,False,normal
C002444,P0052,E02,F025,Adjudicación Simplificada,Adquisición de materiales de construcción,goods,658102.99,2023-05-01,False,False,normal
C000284,P0118,E13,F056,Adjudicación Simplificada,Servicio de mantenimiento de infraestructura,services,71776.63,2023-08-22,False,False,normal
C001066,P0050,E17,F031,Comparación de Precios,Obra de rehabilitación vial,works,7984.72,2023-10-30,False,False,normal
C001191,P0160,E01,F017,Licitación Pública,Adquisición de equipos informáticos,goods,17122.48,2025-03-03,False,False,normal
C001440,P0153,E03,F000,Contratación Directa,Servicio de limpieza y vigilancia,services,127493.61,2025-03-10,False,False,normal
C003462,P0116,E15,F035,Comparación de Precios,Obra de rehabilitación vial,works,33167.89,2025-09-13,False,False,normal
C003460,P0136,E03,F000,Comparación de Precios,Adquisición de materiales de construcción,goods,393785.36,2025-11-12,False,False,normal
C002738,P0202,E10,F004,Adjudicación Simplificada,Servicio de mantenimiento de infraestructura,services,36108.54,2023-05-26,False,False,normal
C003340,P0134,E16,F057,Licitación Pública,Suministro de combustible,goods,38255.53,2023-02-26,False,False,normal
C001568,P0075,E06,F039,Comparación de Precios,Servicio de limpieza y vigilancia,services,217703.96,2023-01-08,False,False,normal
C002427,P0139,E07,F036,Adjudicación Simplificada,Consultoría en ingeniería,services,15752.16,2023-11-24,False,False,normal
C002737,P0212,E11,F049,Licitación Pública,Suministro de combustible,goods,66362.31,2026-03-08,False,False,normal
C800030,P0052,E17,F012,Licitación Pública Abreviada,Adquisición de bienes de oficina,goods,142059.37,2025-09-14,False,True,fraccionamiento_sembrado
C001687,P0015,E11,F054,Adjudicación Simplificada,,services,127725.39,2023-01-02,False,False,normal
C000851,P0093,E17,F031,Adjudicación Simplificada,Servicio de capacitación,services,13064.92,2023-04-13,False,False,normal
C002207,P0005,E00,F010,Adjudicación Simplificada,Obra de rehabilitación vial,works,15972.94,2025-05-30,False,False,normal
C000895,P0108,E01,F017,Comparación de Precios,Suministro de combustible,goods,103812.86,2023-04-14,False,False,normal
C000496,P0115,E03,F000,Adjudicación Simplificada,Consultoría en ingeniería,services,200639.4,2024-12-10,False,False,normal
C002305,P0015,E02,F025,Contratación Directa,Consultoría en ingeniería,services,55298.64,2026-06-21,False,False,normal
C001782,P0053,E03,F000,Adjudicación Simplificada,Adquisición de materiales de construcción,goods,49888.41,2024-12-27,False,False,normal
C000335,P0217,E07,F013,Adjudicación Simplificada,Servicio de mantenimiento de infraestructura,services,53147.76,2024-10-06,False,False,normal
C002839,P0198,E03,F000,Licitación Pública,Servicio de capacitación,services,46478.06,2026-06-08,False,False,normal
C003087,P0199,E17,F031,Adjudicación Simplificada,Servicio de limpieza y vigilancia,services,,2025-02-04,False,False,normal
C000515,P0042,E03,F000,Comparación de Precios,Adquisición de equipos informáticos,goods,64222.77,2023-03-07,False,False,normal
C001348,P0198,E11,F007,Concurso Público,Servicio de capacitación,services,114004.44,2024-03-18,False,False,normal
C001015,P0013,E04,F030,Adjudicación Simplificada,Consultoría en ingeniería,services,30760.42,2024-05-29,False,False,normal
C002816,P0023,E02,F044,Contratación Directa,,services,51158.59,2024-02-20,False,False,normal
C003470,P0194,E14,F029,Comparación de Precios,Obra de rehabilitación vial,works,64129.17,2025-08-22,False,False,normal
C003464,P0215,E12,F021,Adjudicación Simplificada,Servicio de capacitación,services,49413.66,2023-11-07,False,False,normal
C002809,P0201,E00,F041,Adjudicación Simplificada,Adquisición de materiales de construcción,goods,15817.99,2024-06-10,False,False,normal
C003168,P0068,E11,F054,Comparación de Precios,Adquisición de bienes de oficina,goods,555964.38,2023-12-08,False,False,normal
C001781,P0137,E15,F035,Comparación de Precios,Consultoría en ingeniería,services,466036.68,2025-03-17,False,False,normal
C002569,P0066,E07,F036,Comparación de Precios,Adquisición de bienes de oficina,goods,36661.32,2024-05-09,False,False,normal
C001785,P0151,E17,F003,Adjudicación Simplificada,Adquisición de materiales de construcción,goods,20566.48,2025-01-25,False,False,normal
C002070,P0039,E09,F034,Comparación de Precios,Servicio de mantenimiento de infraestructura,services,17764.38,2024-05-21,False,False,normal
C000356,P0015,E03,F000,Comparación de Precios,Adquisición de equipos informáticos,goods,66926.51,2023-08-05,False,False,normal
C700025,P0180,E16,F057,Licitación Pública,Obra de rehabilitación vial,works,411776.65,2025-10-29,False,False,hard_negative_concentracion_legitima
C001312,P0119,E07,F013,Concurso Público,Servicio de mantenimiento de infraestructura,services,73376.91,2025-12-19,False,False,normal
C001635,P0125,E01,F048,Concurso Público,Servicio de capacitación,services,23458.58,2026-06-09,False,False,normal
C000550,P0218,E15,F035,Adjudicación Simplificada,Adquisición de bienes de oficina,goods,122149.07,2024-05-17,False,False,normal
C002388,P0148,E12,F021,Adjudicación Simplificada,Servicio de transporte,services,53636.4,2024-09-21,False,False,normal
C002479,P0102,E12,F050,Adjudicación Simplificada,Servicio de transporte,services,117183.87,2024-04-03,False,False,normal
C002521,P0056,E14,F029,Adjudicación Simplificada,Servicio de transporte,services,27662.75,2025-05-30,False,False,normal
C002265,P0154,E02,F011,Licitación Pública,Consultoría en ingeniería,services,10392.96,2023-06-18,False,False,normal
C002959,P0025,E10,F008,Comparación de Precios,Adquisición de equipos informáticos,goods,233079.05,2023-09-10,False,False,normal
C001227,P0191,E11,F054,Adjudicación Simplificada,Servicio de capacitación,services,68361.82,2024-04-06,False,False,normal
C003305,P0037,E06,F039,Comparación de Precios,Servicio de transporte,services,116549.13,2024-02-14,False,False,normal
C003059,P0125,E03,F000,Comparación de Precios,Adquisición de bienes de oficina,goods,158122.42,2024-01-04,False,False,normal
C000957,P0144,E02,F051,Concurso Público,,services,93742.76,2026-06-19,False,False,normal
C001773,P0087,E06,F006,Adjudicación Simplificada,Consultoría en ingeniería,services,27434.21,2025-07-14,False,False,normal
C002141,P0053,E01,F018,Licitación Pública,Adquisición de materiales de construcción,goods,629268.87,2026-01-31,False,False,normal
C001008,P0092,E06,F006,Adjudicación Simplificada,Obra de rehabilitación vial,works,44568.53,2026-02-07,False,False,normal
C003118,P0104,E04,F019,Adjudicación Simplificada,Servicio de transporte,services,28249.87,2023-12-26,False,False,normal
C001092,P0082,E04,F019,Adjudicación Simplificada,Servicio de capacitación,services,26112.82,2026-04-17,False,False,normal
C003447,P0119,E00,F010,Contratación Directa,Adquisición de materiales de construcción,goods,41202.04,2024-09-08,False,False,normal
C002744,P0104,E06,F039,Comparación de Precios,Obra de rehabilitación vial,works,16343.21,2024-07-04,False,False,normal
C000996,P0104,E00,F038,Adjudicación Simplificada,Adquisición de bienes de oficina,goods,19799.61,2023-02-19,False,False,normal
C001679,P0024,E14,F016,Concurso Público,Consultoría en ingeniería,services,70143.4,2025-01-07,False,False,normal
C000153,P0132,E07,F023,Adjudicación Simplificada,Adquisición de bienes de oficina,goods,148538.78,2026-04-08,False,False,normal
C003147,P0022,E00,F041,Concurso Público,Adquisición de equipos informáticos,goods,402448.81,2024-12-12,False,False,normal
C003437,P0078,E09,F046,Comparación de Precios,Suministro de combustible,goods,126954.39,2025-08-12,False,False,normal
C002908,P0051,E06,F039,Adjudicación Simplificada,Consultoría en ingeniería,services,22990.46,2026-05-08,False,False,normal
C002837,P0193,E10,F026,Concurso Público,Servicio de transporte,services,14166.98,2023-11-04,False,False,normal
C000580,P0077,E11,F007,Contratación Directa,Consultoría en ingeniería,services,33343.61,2023-10-04,False,False,normal
C001470,P0200,E10,F026,Adjudicación Simplificada,Servicio de capacitación,services,51866.45,2025-05-14,False,False,normal
C000703,P0014,E10,F026,Adjudicación Simplificada,Consultoría en ingeniería,services,84288.73,2023-04-13,False,False,normal
C001212,P0120,E16,F024,Licitación Pública,Servicio de capacitación,services,20719.03,2024-12-11,False,False,normal
C000896,P0198,E10,F004,Adjudicación Simplificada,Servicio de transporte,services,105339.17,2023-05-05,False,False,normal
C000487,P0150,E11,F054,Adjudicación Simplificada,Suministro de combustible,goods,559269.22,2023-12-02,False,False,normal
C000559,P0208,E09,F033,Comparación de Precios,Servicio de mantenimiento de infraestructura,services,187251.79,2024-05-01,False,False,normal
C001141,P0133,E05,F047,Adjudicación Simplificada,Servicio de capacitación,services,557816.95,2024-02-28,False,False,normal
C001119,P0133,E10,F004,Licitación Pública,Adquisición de materiales de construcción,goods,37117.17,2025-05-19,False,False,normal
C002849,P0000,E03,F000,Comparación de Precios,Suministro de combustible,goods,29857.14,2024-10-04,False,False,normal
C000512,P0031,E00,F038,Adjudicación Simplificada,Adquisición de materiales de construcción,goods,33629.25,2023-09-04,False,False,normal
C000633,P0095,E10,F004,Adjudicación Simplificada,Servicio de limpieza y vigilancia,services,4836.3,2025-01-26,False,False,normal
C003182,P0153,E06,F006,Licitación Pública,Consultoría en ingeniería,services,196754.1,2024-03-20,False,False,normal
C001664,P0111,E15,F035,Comparación de Precios,,goods,73947.51,2025-03-08,False,False,normal
C001012,P0124,E16,F002,Adjudicación Simplificada,,goods,125819.67,2023-09-05,False,False,normal
C001931,P0019,E01,F018,Contratación Directa,Servicio de limpieza y vigilancia,services,1755.99,2026-06-20,False,False,normal
C001150,P0128,E02,F051,Comparación de Precios,Servicio de limpieza y vigilancia,services,22014.89,2024-07-24,False,False,normal
C002838,P0019,E11,F007,Contratación Directa,Servicio de transporte,services,76245.31,2024-09-09,False,False,normal
C003466,P0178,E02,F025,Comparación de Precios,Servicio de capacitación,services,193346.1,2023-01-20,False,False,normal
C000116,P0070,E03,F000,Contratación Directa,Servicio de capacitación,services,39152.76,2023-05-11,False,False,normal
C000740,P0166,E12,F021,Comparación de Precios,Adquisición de materiales de construcción,goods,68638.05,2024-05-15,False,False,normal
C003410,P0021,E14,F040,Comparación de Precios,Servicio de limpieza y vigilancia,services,79198.09,2023-01-30,False,False,normal
C001974,P0150,E08,F005,Adjudicación Simplificada,Servicio de transporte,services,185964.91,2026-02-09,False,False,normal
C001081,P0081,E10,F026,Comparación de Precios,Suministro de combustible,goods,61437.16,2024-02-17,False,False,normal
C001810,P0127,E01,F017,Concurso Público,Servicio de capacitación,services,94567.1,2024-05-11,False,False,normal
C000830,P0191,E00,F010,Concurso Público,Adquisición de equipos informáticos,goods,78240.31,2025-07-26,False,False,normal
C000119,P0173,E04,F019,Licitación Pública,Servicio de capacitación,services,21358.1,2025-03-21,False,False,normal
C000656,P0073,E02,F051,Adjudicación Simplificada,Suministro de combustible,goods,162082.17,2024-02-27,False,False,normal
C003389,P0062,E07,F023,Concurso Público,,goods,55965.4,2023-11-12,False,False,normal
C003318,P0172,E14,F040,Comparación de Precios,Consultoría en ingeniería,services,53169.37,2024-07-09,False,False,normal
C900007,P0016,E07,F036,Adjudicación Simplificada,Adquisición de materiales de construcción,goods,275384.08,2024-04-11,True,False,favoritismo_sembrado
C000635,P0001,E15,F035,Adjudicación Simplificada,Servicio de transporte,services,81180.92,2025-02-07,False,False,normal
C000369,P0161,E13,F058,Adjudicación Simplificada,,services,51633.58,2023-02-11,False,False,normal
C000268,P0009,E16,F024,Comparación de Precios,Servicio de limpieza y vigilancia,services,85188.97,2026-04-09,False,False,normal
C002703,P0103,E07,F023,Concurso Público,Obra de rehabilitación vial,works,273791.68,2024-08-08,False,False,normal
C002983,P0065,E02,F025,Licitación Pública,Servicio de transporte,services,107761.23,2026-05-20,False,False,normal
C002870,P0099,E07,F036,Comparación de Precios,Servicio de transporte,services,70602.7,2025-02-11,False,False,normal
C002914,P0123,E17,F031,Adjudicación Simplificada,Servicio de limpieza y vigilancia,services,38505.34,2023-03-20,False,False,normal
C000046,P0100,E05,F032,Adjudicación Simplificada,Suministro de combustible,goods,101132.6,2024-07-18,False,False,normal
C003428,P0092,E17,F031,Contratación Directa,Adquisición de materiales de construcción,goods,173751.22,2024-11-04,False,False,normal
C000991,P0062,E11,F007,Comparación de Precios,Servicio de capacitación,services,51041.14,2026-03-21,False,False,normal
C000876,P0103,E07,F013,Comparación de Precios,Servicio de capacitación,services,77378.09,2026-05-12,False,False,normal
C000773,P0096,E11,F007,Comparación de Precios,Servicio de mantenimiento de infraestructura,services,17050.68,2023-10-30,False,False,normal
C001219,P0112,E07,F013,Comparación de Precios,Obra de rehabilitación vial,works,35830.26,2023-08-20,False,False,normal
C001126,P0192,E06,F006,Licitación Pública,Servicio de capacitación,services,298402.69,2025-10-16,False,False,normal
C000004,P0111,E02,F051,Adjudicación Simplificada,Consultoría en ingeniería,services,24880.7,2025-06-04,False,False,normal
C003051,P0051,E00,F041,Comparación de Precios,Servicio de transporte,services,,2023-02-14,False,False,normal
C001595,P0212,E08,F028,Comparación de Precios,Servicio de limpieza y vigilancia,services,105493.16,2023-08-01,False,False,normal
C003124,P0201,E06,F039,Comparación de Precios,Consultoría en ingeniería,services,49079.84,2025-04-07,False,False,normal
C002311,P0089,E02,F025,Concurso Público,Adquisición de bienes de oficina,goods,185530.47,2026-03-18,False,False,normal
C003040,P0209,E06,F039,Contratación Directa,Suministro de combustible,goods,,2024-05-19,False,False,normal
C700048,P0165,E01,F048,Licitación Pública,Servicio de transporte,services,505406.7,2024-07-31,False,False,hard_negative_concentracion_legitima
C002491,P0205,E15,F035,Adjudicación Simplificada,Servicio de mantenimiento de infraestructura,services,68228.28,2023-10-11,False,False,normal
C003050,P0212,E09,F043,Comparación de Precios,Adquisición de materiales de construcción,goods,72208.68,2024-10-02,False,False,normal
C001077,P0036,E13,F058,Adjudicación Simplificada,Obra de rehabilitación vial,works,42244.41,2023-02-25,False,False,normal
C000837,P0020,E01,F048,Adjudicación Simplificada,Servicio de mantenimiento de infraestructura,services,15021.86,2023-10-28,False,False,normal
C000681,P0114,E02,F025,Concurso Público,Servicio de mantenimiento de infraestructura,services,56864.82,2023-05-08,False,False,normal
C001715,P0010,E13,F058,Contratación Directa,Servicio de transporte,services,32674.83,2025-06-11,False,False,normal
C002352,P0024,E13,F056,Contratación Directa,Obra de rehabilitación vial,works,58761.38,2024-08-22,False,False,normal
C002617,P0195,E09,F043,Licitación Pública,Servicio de limpieza y vigilancia,services,32195.24,2025-06-24,False,False,normal
C002361,P0087,E08,F015,Adjudicación Simplificada,Adquisición de equipos informáticos,goods,91446.17,2025-04-28,False,False,normal
C002197,P0215,E07,F013,Adjudicación Simplificada,Consultoría en ingeniería,services,9605.3,2023-08-20,False,False,normal
C001148,P0174,E08,F020,Comparación de Precios,Adquisición de bienes de oficina,goods,32859.45,2024-03-17,False,False,normal
C000574,P0153,E15,F035,Contratación Directa,Servicio de capacitación,services,69260.52,2024-07-11,False,False,normal
C000050,P0031,E04,F053,Concurso Público,Adquisición de equipos informáticos,goods,40386.82,2025-09-18,False,False,normal
C000853,P0157,E03,F000,Adjudicación Simplificada,Obra de rehabilitación vial,works,231559.91,2024-06-11,False,False,normal
C001982,P0089,E04,F030,Adjudicación Simplificada,Adquisición de bienes de oficina,goods,8172.26,2026-06-20,False,False,normal
C002774,P0015,E06,F006,Concurso Público,Consultoría en ingeniería,services,132027.5,2023-05-01,False,False,normal
C001823,P0073,E03,F000,Adjudicación Simplificada,Servicio de capacitación,services,16529.18,2025-05-07,False,False,normal
C000833,P0104,E09,F046,Adjudicación Simplificada,Adquisición de bienes de oficina,goods,48498.15,2026-01-09,False,False,normal
C001115,P0184,E11,F054,Concurso Público,Adquisición de materiales de construcción,goods,179002.33,2023-03-01,False,False,normal
C001166,P0056,E09,F033,Adjudicación Simplificada,Obra de rehabilitación vial,works,37388.79,2023-06-04,False,False,normal
C002518,P0055,E02,F044,Adjudicación Simplificada,Servicio de transporte,services,13585.78,2024-07-02,False,False,normal
C001906,P0077,E00,F038,Licitación Pública,Servicio de mantenimiento de infraestructura,services,44712.47,2025-07-06,False,False,normal
C000971,P0148,E17,F031,Adjudicación Simplificada,,services,49575.69,2025-12-29,False,False,normal
C002701,P0167,E02,F051,Licitación Pública,Servicio de transporte,services,91572.4,2023-02-01,False,False,normal
C000399,P0081,E13,F058,Concurso Público,Adquisición de bienes de oficina,goods,39990.93,2023-08-12,False,False,normal
C002559,P0194,E05,F032,Concurso Público,Servicio de mantenimiento de infraestructura,services,23132.89,2024-10-03,False,False,normal
C002368,P0112,E10,F008,Comparación de Precios,Consultoría en ingeniería,services,230833.65,2023-10-11,False,False,normal
C000019,P0182,E14,F016,Adjudicación Simplificada,Servicio de limpieza y vigilancia,services,59879.19,2025-10-08,False,False,normal
C000684,P0065,E15,F035,Comparación de Precios,Servicio de capacitación,services,62274.86,2024-03-16,False,False,normal
C000035,P0020,E10,F008,Concurso Público,Adquisición de bienes de oficina,goods,190101.24,2025-02-25,False,False,normal
C002950,P0148,E05,F045,Licitación Pública,Adquisición de bienes de oficina,goods,48058.75,2025-03-20,False,False,normal
C003497,P0105,E13,F055,Licitación Pública,Adquisición de equipos informáticos,goods,122783.22,2024-06-18,False,False,normal
C002875,P0026,E06,F039,Licitación Pública,Adquisición de materiales de construcción,goods,33454.89,2023-06-13,False,False,normal
C000524,P0113,E11,F054,Licitación Pública,Obra de rehabilitación vial,works,368253.56,2026-03-06,False,False,normal
C002455,P0199,E00,F010,Concurso Público,Servicio de transporte,services,48838.89,2026-01-23,False,False,normal
C000920,P0103,E12,F021,Comparación de Precios,Servicio de transporte,services,240280.02,2025-06-29,False,False,normal
C001841,P0061,E01,F017,Contratación Directa,Consultoría en ingeniería,services,24252.34,2025-12-11,False,False,normal
C001890,P0118,E07,F013,Adjudicación Simplificada,Adquisición de bienes de oficina,goods,140170.33,2023-01-19,False,False,normal
C000537,P0171,E11,F049,Licitación Pública,Servicio de transporte,services,25085.43,2025-07-24,False,False,normal
C002806,P0020,E05,F047,Comparación de Precios,Consultoría en ingeniería,services,17565.31,2023-02-02,False,False,normal
C001705,P0177,E10,F008,Adjudicación Simplificada,Consultoría en ingeniería,services,49547.13,2024-03-16,False,False,normal
C900006,P0016,E07,F023,Comparación de Precios,Adquisición de materiales de construcción,goods,385569.74,2026-04-28,True,False,favoritismo_sembrado
C003110,P0155,E06,F006,Licitación Pública,Servicio de transporte,services,237861.1,2024-02-29,False,False,normal
C003247,P0101,E14,F016,Comparación de Precios,Suministro de combustible,goods,43763.39,2024-11-24,False,False,normal
C000245,P0059,E13,F056,Adjudicación Simplificada,Servicio de limpieza y vigilancia,services,26986.42,2024-01-07,False,False,normal
C003175,P0199,E11,F007,Adjudicación Simplificada,Servicio de mantenimiento de infraestructura,services,102959.7,2024-09-18,False,False,normal
C000784,P0173,E11,F049,Comparación de Precios,,goods,114132.2,2023-12-28,False,False,normal
C001409,P0144,E04,F030,Comparación de Precios,Adquisición de bienes de oficina,goods,53018.78,2023-01-27,False,False,normal
C002537,P0189,E00,F038,Comparación de Precios,Suministro de combustible,goods,203549.57,2023-01-21,False,False,normal
C000154,P0079,E06,F006,Licitación Pública,Servicio de limpieza y vigilancia,services,83833.09,2024-01-28,False,False,normal
C003009,P0062,E04,F053,Licitación Pública,Servicio de transporte,services,58895.89,2024-09-16,False,False,normal
C001686,P0033,E10,F026,Adjudicación Simplificada,Servicio de limpieza y vigilancia,services,14864.3,2025-04-15,False,False,normal
C002901,P0034,E08,F005,Adjudicación Simplificada,Suministro de combustible,goods,11890.18,2023-08-07,False,False,normal
C000625,P0157,E13,F056,Licitación Pública,Adquisición de bienes de oficina,goods,21595.49,2024-09-26,False,False,normal
C002733,P0082,E04,F053,Adjudicación Simplificada,Servicio de capacitación,services,18452.01,2023-04-30,False,False,normal
C700052,P0165,E01,F018,Adjudicación Simplificada,Servicio de transporte,services,427372.27,2026-06-12,False,False,hard_negative_concentracion_legitima
C001346,P0185,E05,F047,Adjudicación Simplificada,Servicio de mantenimiento de infraestructura,services,180086.49,2026-03-25,False,False,normal
C000569,P0101,E04,F053,Adjudicación Simplificada,Servicio de capacitación,services,286581.87,2023-08-20,False,False,normal
C900008,P0016,E07,F023,Comparación de Precios,Adquisición de materiales de construcción,goods,193955.01,2025-05-02,True,False,favoritismo_sembrado
C001758,P0209,E06,F039,Comparación de Precios,Adquisición de materiales de construcción,goods,19902.2,2023-01-14,False,False,normal
C001816,P0065,E14,F016,Licitación Pública,Servicio de transporte,services,26052.22,2026-06-13,False,False,normal
C002065,P0140,E07,F023,Comparación de Precios,Adquisición de materiales de construcción,goods,37545.6,2024-09-03,False,False,normal
C000127,P0019,E00,F010,Concurso Público,Suministro de combustible,goods,134189.5,2023-07-15,False,False,normal
C800001,P0085,E06,F006,Concurso Público Abreviado,Servicio de capacitación,services,289340.14,2026-04-27,False,True,fraccionamiento_sembrado
C002006,P0160,E03,F000,Comparación de Precios,Suministro de combustible,goods,345234.48,2024-08-22,False,False,normal
C002975,P0086,E02,F025,Concurso Público,Suministro de combustible,goods,48090.49,2026-03-29,False,False,normal
C000980,P0192,E05,F052,Adjudicación Simplificada,Adquisición de bienes de oficina,goods,26449.47,2023-07-27,False,False,normal
C900064,P0064,E00,F041,Adjudicación Simplificada,Obra de rehabilitación vial,works,63665.67,2024-10-11,True,False,favoritismo_sembrado
C000190,P0004,E11,F054,Concurso Público,Servicio de limpieza y vigilancia,services,36288.47,2024-02-21,False,False,normal
C001139,P0210,E13,F055,Comparación de Precios,Adquisición de materiales de construcción,goods,56769.77,2024-01-22,False,False,normal
C000992,P0024,E16,F042,Comparación de Precios,Servicio de capacitación,services,20821.78,2025-03-05,False,False,normal
C000699,P0116,E14,F029,Contratación Directa,Suministro de combustible,goods,125653.3,2024-09-11,False,False,normal
C003370,P0066,E15,F035,,Consultoría en ingeniería,services,56717.9,2025-01-12,False,False,normal
C000606,P0092,E11,F007,Comparación de Precios,Servicio de capacitación,services,75408.28,2024-05-04,False,False,normal
C000180,P0013,E05,F037,Licitación Pública,Servicio de transporte,services,45125.57,2024-08-07,False,False,normal
C000301,P0172,E08,F020,Comparación de Precios,Consultoría en ingeniería,services,18370.86,2025-08-12,False,False,normal
C002544,P0199,E07,F013,Comparación de Precios,Servicio de capacitación,services,103124.0,2025-06-20,False,False,normal
C003429,P0018,E05,F052,Comparación de Precios,,goods,282852.24,2025-02-06,False,False,normal
C001060,P0070,E11,F054,Adjudicación Simplificada,Adquisición de equipos informáticos,goods,56061.06,2026-01-07,False,False,normal
C003484,P0111,E10,F004,Comparación de Precios,Consultoría en ingeniería,services,40491.94,2023-11-26,False,False,normal
C700054,P0205,E17,F031,Licitación Pública,Servicio de limpieza y vigilancia,services,364899.43,2025-06-26,False,False,hard_negative_concentracion_legitima
C002565,P0045,E02,F011,Adjudicación Simplificada,Servicio de capacitación,services,267732.57,2024-03-10,False,False,normal
C001069,P0127,E00,F010,Contratación Directa,Servicio de limpieza y vigilancia,services,61362.23,2025-10-29,False,False,normal
C002524,P0192,E12,F050,Adjudicación Simplificada,Adquisición de equipos informáticos,goods,38979.16,2025-09-04,False,False,normal
C002205,P0137,E08,F015,Adjudicación Simplificada,Servicio de limpieza y vigilancia,services,10995.5,2025-04-20,False,False,normal
C001243,P0067,E15,F035,Contratación Directa,Adquisición de materiales de construcción,goods,150441.59,2026-02-18,False,False,normal
C003243,P0066,E10,F026,Comparación de Precios,Servicio de transporte,services,120893.85,2024-09-26,False,False,normal
C000016,P0203,E05,F009,Comparación de Precios,Servicio de limpieza y vigilancia,services,92481.7,2023-07-18,False,False,normal
C003120,P0063,E16,F024,Comparación de Precios,Adquisición de equipos informáticos,goods,288576.87,2026-01-08,False,False,normal
C800004,P0137,E00,F038,Concurso Público Abreviado,Servicio de mantenimiento de infraestructura,services,187808.06,2026-03-29,False,True,fraccionamiento_sembrado
C000546,P0195,E08,F020,Adjudicación Simplificada,Servicio de transporte,services,26480.75,2025-03-15,False,False,normal
C000658,P0093,E16,F002,Licitación Pública,Servicio de mantenimiento de infraestructura,services,43661.0,2026-02-23,False,False,normal
C003333,P0214,E09,F033,Comparación de Precios,Servicio de capacitación,services,142009.32,2024-03-15,False,False,normal
C003067,P0202,E02,F044,Comparación de Precios,Servicio de capacitación,services,173708.06,2026-02-12,False,False,normal
C003376,P0215,E03,F000,Comparación de Precios,Obra de rehabilitación vial,works,23617.82,2025-03-02,False,False,normal
C001504,P0178,E01,F048,Adjudicación Simplificada,Adquisición de materiales de construcción,goods,83274.93,2023-04-26,False,False,normal
C000959,P0117,E11,F054,Comparación de Precios,Servicio de limpieza y vigilancia,services,6616.4,2023-10-31,False,False,normal
C002926,P0036,E12,F021,Concurso Público,Servicio de transporte,services,26907.93,2024-11-10,False,False,normal
C002331,P0192,E13,F056,Adjudicación Simplificada,Servicio de limpieza y vigilancia,services,303410.29,2025-10-07,False,False,normal
C000797,P0163,E15,F035,Adjudicación Simplificada,Adquisición de bienes de oficina,goods,60448.82,2024-10-14,False,False,normal
C000225,P0161,E05,F001,Adjudicación Simplificada,Consultoría en ingeniería,services,699012.63,2024-12-23,False,False,normal
C002074,P0170,E00,F038,Comparación de Precios,Servicio de mantenimiento de infraestructura,services,58502.6,2024-03-16,False,False,normal
C001799,P0001,E16,F002,Comparación de Precios,Servicio de transporte,services,67999.26,2024-12-31,False,False,normal
C002485,P0095,E16,F002,Comparación de Precios,Suministro de combustible,goods,23825.63,2023-10-19,False,False,normal
C900048,P0074,E06,F006,Contratación Directa,Adquisición de bienes de oficina,goods,292158.78,2024-03-18,True,False,favoritismo_sembrado
C002277,P0187,E09,F027,Contratación Directa,Servicio de capacitación,services,11628.57,2025-09-04,False,False,normal
C002085,P0040,E10,F008,Licitación Pública,Obra de rehabilitación vial,works,19532.09,2025-07-11,False,False,normal
C001693,P0161,E15,F035,Adjudicación Simplificada,Servicio de limpieza y vigilancia,services,49380.57,2026-04-17,False,False,normal
C002797,P0069,E17,F031,Licitación Pública,Servicio de transporte,services,10200.62,2023-02-14,False,False,normal
C001045,P0194,E09,F033,Comparación de Precios,Servicio de mantenimiento de infraestructura,services,127161.35,2023-12-13,False,False,normal
C000469,P0108,E12,F050,Comparación de Precios,Adquisición de bienes de oficina,goods,24282.07,2023-12-18,False,False,normal
C000954,P0072,E16,F042,Adjudicación Simplificada,Obra de rehabilitación vial,works,65443.05,2025-05-07,False,False,normal
C800000,P0085,E06,F006,Concurso Público Abreviado,Servicio de capacitación,services,376117.57,2026-04-28,False,True,fraccionamiento_sembrado
C002735,P0116,E13,F058,Contratación Directa,Servicio de capacitación,services,89585.42,2023-09-21,False,False,normal
C700060,P0205,E17,F012,Licitación Pública,Servicio de limpieza y vigilancia,services,610652.73,2024-01-24,False,False,hard_negative_concentracion_legitima
C000639,P0214,E13,F055,Contratación Directa,Consultoría en ingeniería,services,32529.45,2024-08-11,False,False,normal
C003432,P0162,E05,F047,Adjudicación Simplificada,Obra de rehabilitación vial,works,86064.15,2024-03-27,False,False,normal
C001218,P0039,E07,F036,Licitación Pública,Adquisición de materiales de construcción,goods,20117.39,2024-06-20,False,False,normal
C001158,P0209,E15,F035,Adjudicación Simplificada,Adquisición de equipos informáticos,goods,131743.37,2023-02-25,False,False,normal
C001415,P0044,E03,F000,Adjudicación Simplificada,Adquisición de materiales de construcción,goods,474681.16,2023-07-10,False,False,normal
C003345,P0124,E10,F026,Concurso Público,Consultoría en ingeniería,services,63374.92,2023-03-13,False,False,normal
C001527,P0115,E09,F027,Adjudicación Simplificada,Adquisición de bienes de oficina,goods,4179.87,2024-10-09,False,False,normal
C700107,P0098,E11,F007,Concurso Público,Servicio de mantenimiento de infraestructura,services,359002.45,2024-02-09,False,False,hard_negative_concentracion_legitima
C001300,P0168,E01,F018,Comparación de Precios,Servicio de limpieza y vigilancia,services,198624.32,2024-04-01,False,False,normal
C700041,P0165,E01,F018,Concurso Público,Servicio de transporte,services,665670.83,2024-08-11,False,False,hard_negative_concentracion_legitima
C002848,P0111,E00,F010,Adjudicación Simplificada,Servicio de limpieza y vigilancia,services,54732.93,2023-12-31,False,False,normal
C001603,P0073,E00,F038,Adjudicación Simplificada,Consultoría en ingeniería,services,77054.19,2025-06-29,False,False,normal
C000160,P0169,E05,F059,Comparación de Precios,Servicio de transporte,services,19710.27,2024-03-28,False,False,normal
C001704,P0006,E17,F031,,Suministro de combustible,goods,26058.86,2023-06-19,False,False,normal
C000956,P0046,E06,F039,Concurso Público,Servicio de limpieza y vigilancia,services,84035.49,2025-01-27,False,False,normal
C003234,P0158,E11,F049,Comparación de Precios,Servicio de mantenimiento de infraestructura,services,68780.21,2025-04-12,False,False,normal
C002869,P0184,E17,F012,Adjudicación Simplificada,Adquisición de equipos informáticos,goods,54889.54,2025-02-20,False,False,normal
C700099,P0026,E00,F010,Licitación Pública,Adquisición de equipos informáticos,goods,588168.63,2024-06-10,False,False,hard_negative_concentracion_legitima
C000877,P0160,E12,F050,Adjudicación Simplificada,Adquisición de bienes de oficina,goods,270687.32,2026-03-13,False,False,normal
C001919,P0202,E01,F048,Adjudicación Simplificada,Adquisición de materiales de construcción,goods,74040.43,2026-04-29,False,False,normal
C002961,P0087,E15,F035,Concurso Público,Suministro de combustible,goods,48071.25,2025-02-05,False,False,normal
C001884,P0160,E02,F044,Licitación Pública,Servicio de mantenimiento de infraestructura,services,164192.29,2025-03-31,False,False,normal
C002200,P0206,E12,F021,Adjudicación Simplificada,Servicio de mantenimiento de infraestructura,services,9656.49,2025-01-21,False,False,normal
C000098,P0209,E00,F010,Licitación Pública,Servicio de limpieza y vigilancia,services,75756.24,2025-08-31,False,False,normal
C003494,P0119,E04,F053,Comparación de Precios,Adquisición de equipos informáticos,goods,22179.17,2025-05-02,False,False,normal
C002557,P0000,E01,F018,Adjudicación Simplificada,Servicio de limpieza y vigilancia,services,86737.44,2023-04-12,False,False,normal
C003183,P0217,E16,F002,Adjudicación Simplificada,Adquisición de materiales de construcción,goods,6183.58,2023-12-01,False,False,normal
C003298,P0000,E00,F041,Adjudicación Simplificada,Servicio de mantenimiento de infraestructura,services,145064.43,2024-11-11,False,False,normal
C000253,P0173,E00,F041,Comparación de Precios,Servicio de capacitación,services,443968.73,2024-02-26,False,False,normal
C000103,P0187,E06,F039,Adjudicación Simplificada,Adquisición de materiales de construcción,goods,43893.26,2024-01-17,False,False,normal
C001445,P0127,E13,F058,Contratación Directa,Obra de rehabilitación vial,works,34190.37,2024-01-07,False,False,normal
C001443,P0130,E12,F021,Adjudicación Simplificada,Servicio de transporte,services,57084.22,2023-04-30,False,False,normal
C001648,P0196,E15,F035,Comparación de Precios,Consultoría en ingeniería,services,20649.84,2023-06-08,False,False,normal
C000586,P0009,E02,F011,Contratación Directa,Adquisición de bienes de oficina,goods,88565.36,2026-01-19,False,False,normal
C000627,P0030,E16,F024,Adjudicación Simplificada,Servicio de transporte,services,78969.72,2023-03-05,False,False,normal
C001696,P0067,E12,F050,Adjudicación Simplificada,Suministro de combustible,goods,18304.93,2024-06-29,False,False,normal
C003191,P0174,E00,F041,Comparación de Precios,Adquisición de materiales de construcción,goods,76238.79,2024-11-12,False,False,normal
C002101,P0134,E08,F005,Comparación de Precios,Servicio de mantenimiento de infraestructura,services,12089.2,2026-05-09,False,False,normal
C002199,P0139,E01,F018,Adjudicación Simplificada,Suministro de combustible,goods,163229.08,2025-10-08,False,False,normal
C000403,P0148,E01,F048,Licitación Pública,Obra de rehabilitación vial,works,442839.69,2024-03-09,False,False,normal
C001154,P0164,E13,F055,Concurso Público,Adquisición de materiales de construcción,goods,88182.32,2025-04-30,False,False,normal
C002255,P0066,E04,F053,Adjudicación Simplificada,Servicio de transporte,services,109045.12,2024-06-25,False,False,normal
C002863,P0035,E14,F016,Comparación de Precios,Adquisición de equipos informáticos,goods,166968.15,2023-06-09,False,False,normal
C001682,P0171,E07,F036,Concurso Público,Servicio de limpieza y vigilancia,services,37802.19,2024-06-27,False,False,normal
C003170,P0115,E10,F004,Comparación de Precios,Adquisición de materiales de construcción,goods,61022.0,2024-03-18,False,False,normal
C003468,P0061,E02,F051,Adjudicación Simplificada,Servicio de capacitación,services,54116.48,2026-04-23,False,False,normal
C002056,P0038,E17,F003,Concurso Público,Adquisición de bienes de oficina,goods,24902.6,2024-03-04,False,False,normal
C003062,P0151,E06,F006,Comparación de Precios,Servicio de transporte,services,11661.32,2024-05-19,False,False,normal
C700015,P0143,E06,F006,Licitación Pública,Servicio de transporte,services,229302.89,2026-01-24,False,False,hard_negative_concentracion_legitima
C003108,P0124,E08,F022,Adjudicación Simplificada,Adquisición de bienes de oficina,goods,53075.52,2024-08-11,False,False,normal
C000452,P0158,E12,F050,Adjudicación Simplificada,Servicio de mantenimiento de infraestructura,services,219950.62,2023-11-25,False,False,normal
C002301,P0056,E08,F022,Adjudicación Simplificada,Obra de rehabilitación vial,works,77878.73,2023-10-28,False,False,normal
C001327,P0117,E12,F050,,Servicio de mantenimiento de infraestructura,services,40336.12,2024-09-30,False,False,normal
C002944,P0031,E05,F001,Licitación Pública,Adquisición de bienes de oficina,goods,39514.62,2026-03-13,False,False,normal
C002049,P0000,E00,F038,Comparación de Precios,Servicio de capacitación,services,21563.26,2025-07-26,False,False,normal
C000880,P0120,E12,F050,Comparación de Precios,Suministro de combustible,goods,72867.25,2024-06-23,False,False,normal
C700102,P0026,E00,F038,Licitación Pública,,goods,750313.8,2025-08-28,False,False,hard_negative_concentracion_legitima
C000623,P0111,E16,F024,Contratación Directa,Suministro de combustible,goods,36864.72,2025-11-11,False,False,normal
C002393,P0207,E02,F011,Comparación de Precios,Adquisición de materiales de construcción,goods,72716.61,2025-07-01,False,False,normal
C003423,P0027,E10,F004,Comparación de Precios,Suministro de combustible,goods,201064.61,2023-05-09,False,False,normal
C001787,P0056,E07,F036,Adjudicación Simplificada,Servicio de transporte,services,41452.37,2025-08-21,False,False,normal
C000262,P0030,E14,F016,Adjudicación Simplificada,Obra de rehabilitación vial,works,80252.55,2026-04-03,False,False,normal
C001634,P0073,E13,F058,Contratación Directa,Suministro de combustible,goods,36929.62,2024-10-02,False,False,normal
C003369,P0210,E01,F018,Comparación de Precios,Servicio de limpieza y vigilancia,services,28047.27,2026-02-12,False,False,normal
C001438,P0177,E04,F030,Licitación Pública,Servicio de capacitación,services,30812.07,2023-12-15,False,False,normal
C002198,P0004,E01,F017,Concurso Público,Servicio de capacitación,services,31272.44,2026-03-02,False,False,normal
C001969,P0025,E01,F018,Comparación de Precios,Adquisición de bienes de oficina,goods,92818.87,2025-11-23,False,False,normal
C002520,P0161,E10,F004,Adjudicación Simplificada,Consultoría en ingeniería,services,44483.89,2024-06-18,False,False,normal
C001802,P0086,E01,F017,Adjudicación Simplificada,Adquisición de equipos informáticos,goods,67225.82,2023-03-08,False,False,normal
C000640,P0045,E14,F040,Licitación Pública,Consultoría en ingeniería,services,49235.87,2023-02-02,False,False,normal
C800014,P0088,E02,F011,Licitación Pública Abreviada,Suministro de combustible,goods,162160.4,2025-11-25,False,True,fraccionamiento_sembrado
C002385,P0133,E00,F041,Comparación de Precios,Consultoría en ingeniería,services,27054.17,2025-09-04,False,False,normal
C002598,P0143,E11,F054,Contratación Directa,,goods,177191.18,2023-08-13,False,False,normal
C003498,P0114,E02,F025,Adjudicación Simplificada,Adquisición de materiales de construcción,goods,141655.44,2025-03-13,False,False,normal
C001959,P0109,E15,F035,Licitación Pública,,goods,265588.67,2025-06-06,False,False,normal
C002976,P0086,E02,F044,Adjudicación Simplificada,Servicio de transporte,services,69212.19,2026-01-18,False,False,normal
C000488,P0058,E06,F006,Adjudicación Simplificada,Servicio de capacitación,services,187260.0,2025-09-04,False,False,normal
C001843,P0130,E17,F003,Licitación Pública,Servicio de capacitación,services,54314.19,2023-01-11,False,False,normal
C001734,P0055,E10,F026,Adjudicación Simplificada,Servicio de mantenimiento de infraestructura,services,101247.26,2026-04-05,False,False,normal
C002911,P0215,E05,F047,Adjudicación Simplificada,Consultoría en ingeniería,services,246897.08,2023-08-22,False,False,normal
C003219,P0049,E08,F015,Licitación Pública,Servicio de mantenimiento de infraestructura,services,177044.43,2025-04-07,False,False,normal
C000146,P0039,E17,F031,Comparación de Precios,Consultoría en ingeniería,services,82305.19,2023-09-12,False,False,normal
C001534,P0064,E09,F046,Concurso Público,Adquisición de equipos informáticos,goods,24938.3,2026-06-04,False,False,normal
C001986,P0132,E03,F000,,Servicio de limpieza y vigilancia,services,153668.28,2025-06-30,False,False,normal
C001369,P0156,E06,F039,Comparación de Precios,Adquisición de bienes de oficina,goods,160867.73,2023-07-20,False,False,normal
C002450,P0077,E04,F053,Comparación de Precios,Suministro de combustible,goods,290991.31,2024-10-20,False,False,normal
C900014,P0022,E00,F038,Contratación Directa,Adquisición de bienes de oficina,goods,216108.58,2025-01-05,True,False,favoritismo_sembrado
C003002,P0040,E17,F003,Adjudicación Simplificada,Obra de rehabilitación vial,works,14303.97,2023-05-16,False,False,normal
C002811,P0188,E11,F054,Licitación Pública,Servicio de capacitación,services,435694.01,2026-06-07,False,False,normal
C000659,P0111,E04,F053,Comparación de Precios,Adquisición de materiales de construcción,goods,71005.19,2023-04-01,False,False,normal
C001794,P0183,E13,F056,Concurso Público,Obra de rehabilitación vial,works,27643.93,2025-07-18,False,False,normal
C002511,P0036,E10,F004,Contratación Directa,Adquisición de materiales de construcción,goods,35212.15,2023-08-09,False,False,normal
C003397,P0065,E10,F008,Comparación de Precios,Servicio de transporte,services,17732.09,2024-01-16,False,False,normal
C000186,P0157,E06,F006,Comparación de Precios,,goods,53651.56,2026-02-15,False,False,normal
C001147,P0008,E07,F013,Adjudicación Simplificada,Servicio de capacitación,services,245882.22,2026-03-17,False,False,normal
C003272,P0001,E10,F026,Adjudicación Simplificada,Servicio de limpieza y vigilancia,services,365978.32,2026-03-28,False,False,normal
C000608,P0203,E01,F018,Comparación de Precios,Adquisición de equipos informáticos,goods,33937.57,2024-12-25,False,False,normal
C002191,P0151,E07,F013,Comparación de Precios,Consultoría en ingeniería,services,123406.56,2026-06-14,False,False,normal
C002799,P0066,E11,F054,Comparación de Precios,Consultoría en ingeniería,services,109975.78,2025-01-03,False,False,normal
C001930,P0189,E05,F045,,Servicio de capacitación,services,41326.17,2025-10-08,False,False,normal
C003029,P0115,E01,F017,Contratación Directa,Obra de rehabilitación vial,works,10182.42,2023-10-30,False,False,normal
C000197,P0070,E15,F035,Adjudicación Simplificada,Servicio de limpieza y vigilancia,services,120398.98,2024-07-18,False,False,normal
C002931,P0219,E00,F010,Comparación de Precios,Adquisición de equipos informáticos,goods,86599.83,2023-11-03,False,False,normal
C002327,P0056,E03,F000,Contratación Directa,Adquisición de equipos informáticos,goods,,2025-05-22,False,False,normal
C000293,P0204,E14,F040,Adjudicación Simplificada,Obra de rehabilitación vial,works,94817.19,2025-03-13,False,False,normal
C000766,P0003,E09,F046,Contratación Directa,Obra de rehabilitación vial,works,49674.24,2024-07-16,False,False,normal
C000400,P0114,E10,F026,Concurso Público,Suministro de combustible,goods,297815.4,2025-04-17,False,False,normal
C000122,P0000,E15,F035,Adjudicación Simplificada,Servicio de mantenimiento de infraestructura,services,17749.44,2023-02-07,False,False,normal
C003255,P0035,E14,F040,Adjudicación Simplificada,Adquisición de materiales de construcción,goods,7547.54,2025-10-27,False,False,normal
C000202,P0179,E03,F000,Comparación de Precios,Obra de rehabilitación vial,works,31433.61,2024-04-12,False,False,normal
C000835,P0107,E13,F055,Comparación de Precios,Adquisición de equipos informáticos,goods,510653.64,2023-12-14,False,False,normal
C002294,P0201,E16,F057,Adjudicación Simplificada,Servicio de capacitación,services,56686.89,2024-06-21,False,False,normal
C001439,P0044,E11,F054,Contratación Directa,Adquisición de bienes de oficina,goods,147831.1,2024-04-17,False,False,normal
C001733,P0137,E03,F000,Concurso Público,Adquisición de bienes de oficina,goods,72129.32,2024-10-09,False,False,normal
C001695,P0152,E17,F012,Licitación Pública,Suministro de combustible,goods,182888.63,2023-03-08,False,False,normal
C900003,P0016,E07,F036,Comparación de Precios,Adquisición de materiales de construcción,goods,140317.33,2026-01-02,True,False,favoritismo_sembrado
C001707,P0095,E16,F024,Comparación de Precios,Servicio de limpieza y vigilancia,services,116100.72,2026-03-21,False,False,normal
C700097,P0026,E00,F038,Licitación Pública,Adquisición de equipos informáticos,goods,398952.86,2025-05-02,False,False,hard_negative_concentracion_legitima
C001153,P0128,E15,F035,Adjudicación Simplificada,Adquisición de materiales de construcción,goods,151092.06,2025-06-10,False,False,normal
C001661,P0112,E06,F039,Comparación de Precios,Consultoría en ingeniería,services,127106.99,2024-11-30,False,False,normal
C002432,P0069,E07,F036,Concurso Público,,goods,61491.33,2025-08-01,False,False,normal
C003476,P0003,E15,F035,Comparación de Precios,Adquisición de equipos informáticos,goods,61408.15,2024-03-01,False,False,normal
C001759,P0126,E10,F008,Comparación de Precios,Adquisición de bienes de oficina,goods,,2024-01-24,False,False,normal
C000854,P0118,E04,F030,Adjudicación Simplificada,Servicio de limpieza y vigilancia,services,46905.55,2023-08-23,False,False,normal
C001589,P0141,E11,F054,Licitación Pública,Suministro de combustible,goods,109896.27,2024-05-24,False,False,normal
C002267,P0111,E06,F006,Adjudicación Simplificada,Servicio de mantenimiento de infraestructura,services,359472.11,2026-05-28,False,False,normal
C000641,P0135,E14,F040,,Obra de rehabilitación vial,works,73904.92,2024-09-24,False,False,normal
C000001,P0080,E13,F056,Comparación de Precios,Servicio de mantenimiento de infraestructura,services,244111.86,2023-12-24,False,False,normal
C002160,P0140,E03,F000,Concurso Público,Suministro de combustible,goods,81478.67,2026-06-09,False,False,normal
C000698,P0005,E01,F018,Licitación Pública,Consultoría en ingeniería,services,142880.11,2025-02-04,False,False,normal
C900015,P0022,E00,F010,Contratación Directa,Adquisición de bienes de oficina,goods,340773.1,2026-03-22,True,False,favoritismo_sembrado
C002999,P0204,E03,F000,,,goods,78490.42,2025-04-19,False,False,normal
C001636,P0161,E09,F033,Comparación de Precios,Obra de rehabilitación vial,works,137365.12,2026-05-15,False,False,normal
C003184,P0090,E13,F056,Comparación de Precios,Obra de rehabilitación vial,works,23209.71,2023-09-24,False,False,normal
C003458,P0090,E00,F038,Licitación Pública,Adquisición de equipos informáticos,goods,96695.33,2024-03-16,False,False,normal
C003457,P0015,E04,F019,Adjudicación Simplificada,,goods,50397.59,2023-06-21,False,False,normal
C001291,P0141,E07,F036,Licitación Pública,Consultoría en ingeniería,services,40836.83,2024-11-27,False,False,normal
C700029,P0180,E16,F002,Adjudicación Simplificada,Obra de rehabilitación vial,works,669790.1,2025-01-22,False,False,hard_negative_concentracion_legitima
C002489,P0106,E04,F019,Comparación de Precios,Servicio de capacitación,services,74408.21,2023-08-22,False,False,normal
C001520,P0131,E11,F054,Licitación Pública,Servicio de mantenimiento de infraestructura,services,,2023-03-11,False,False,normal
C001853,P0062,E00,F038,Comparación de Precios,Servicio de mantenimiento de infraestructura,services,185523.68,2023-10-23,False,False,normal
C001136,P0196,E13,F058,Comparación de Precios,Servicio de limpieza y vigilancia,services,292219.71,2024-08-27,False,False,normal
C003304,P0023,E10,F008,Adjudicación Simplificada,Adquisición de materiales de construcción,goods,305749.65,2023-04-10,False,False,normal
C700081,P0201,E16,F042,Licitación Pública,Adquisición de materiales de construcción,goods,845502.11,2025-06-02,False,False,hard_negative_concentracion_legitima
C001631,P0083,E03,F000,Comparación de Precios,Adquisición de materiales de construcción,goods,53178.66,2024-01-10,False,False,normal
C003445,P0023,E12,F021,Contratación Directa,Servicio de mantenimiento de infraestructura,services,16050.95,2025-10-19,False,False,normal
C001998,P0136,E10,F026,Contratación Directa,Suministro de combustible,goods,130667.47,2025-12-22,False,False,normal
C000663,P0177,E05,F001,Concurso Público,Servicio de limpieza y vigilancia,services,19755.69,2023-02-28,False,False,normal
C000683,P0123,E16,F042,Adjudicación Simplificada,Suministro de combustible,goods,18244.36,2026-03-18,False,False,normal
C001257,P0074,E11,F054,Comparación de Precios,Servicio de capacitación,services,34364.32,2024-04-13,False,False,normal
C003491,P0172,E08,F005,Comparación de Precios,Servicio de limpieza y vigilancia,services,29710.79,2025-06-28,False,False,normal
C000317,P0123,E06,F006,Adjudicación Simplificada,Suministro de combustible,goods,12245.35,2025-06-11,False,False,normal
C000648,P0069,E13,F058,Adjudicación Simplificada,Servicio de capacitación,services,172333.92,2023-09-19,False,False,normal
C001434,P0059,E02,F025,Comparación de Precios,Suministro de combustible,goods,178594.23,2023-07-23,False,False,normal
C001479,P0108,E11,F054,Comparación de Precios,Consultoría en ingeniería,services,43405.94,2024-04-29,False,False,normal
C000709,P0205,E10,F008,Contratación Directa,Servicio de capacitación,services,34297.56,2026-01-04,False,False,normal
C003430,P0055,E08,F020,Adjudicación Simplificada,Consultoría en ingeniería,services,19894.93,2024-12-18,False,False,normal
C001282,P0142,E10,F026,Comparación de Precios,Servicio de capacitación,services,12868.75,2023-11-06,False,False,normal
C001768,P0017,E15,F035,Adjudicación Simplificada,Adquisición de equipos informáticos,goods,28483.47,2023-10-15,False,False,normal
C000972,P0110,E08,F005,Contratación Directa,Servicio de capacitación,services,87374.84,2023-04-25,False,False,normal
C002675,P0159,E03,F000,Comparación de Precios,Servicio de capacitación,services,160490.39,2024-09-04,False,False,normal
C002680,P0114,E00,F010,Comparación de Precios,Adquisición de materiales de construcción,goods,43409.75,2023-01-22,False,False,normal
C001306,P0029,E16,F042,Comparación de Precios,Adquisición de materiales de construcción,goods,283102.6,2026-01-25,False,False,normal
C001400,P0103,E12,F021,Comparación de Precios,Servicio de capacitación,services,25392.78,2025-05-22,False,False,normal
C001408,P0161,E15,F035,Comparación de Precios,Adquisición de materiales de construcción,goods,46510.16,2026-03-05,False,False,normal
C003296,P0170,E04,F019,Comparación de Precios,Obra de rehabilitación vial,works,17212.87,2023-11-14,False,False,normal
C002237,P0082,E05,F001,Licitación Pública,Adquisición de bienes de oficina,goods,132652.64,2026-06-14,False,False,normal
C003302,P0173,E01,F017,Comparación de Precios,Obra de rehabilitación vial,works,34103.62,2023-11-16,False,False,normal
C001496,P0213,E13,F055,Licitación Pública,Obra de rehabilitación vial,works,39940.4,2024-09-06,False,False,normal
C003419,P0131,E04,F053,Licitación Pública,Adquisición de bienes de oficina,goods,56932.29,2023-09-18,False,False,normal
C002038,P0168,E09,F027,Comparación de Precios,Servicio de limpieza y vigilancia,services,84469.87,2024-10-11,False,False,normal
C001529,P0017,E04,F019,Contratación Directa,Servicio de capacitación,services,39356.49,2025-10-31,False,False,normal
C001663,P0036,E06,F039,Comparación de Precios,Adquisición de bienes de oficina,goods,101203.68,2024-04-30,False,False,normal
C001354,P0004,E17,F003,Licitación Pública,Obra de rehabilitación vial,works,35637.53,2023-07-02,False,False,normal
C700110,P0098,E11,F054,Adjudicación Simplificada,Servicio de mantenimiento de infraestructura,services,437625.57,2024-06-22,False,False,hard_negative_concentracion_legitima
C900025,P0012,E01,F017,Comparación de Precios,Servicio de limpieza y vigilancia,services,246252.68,2025-03-12,True,False,favoritismo_sembrado
C001643,P0073,E11,F054,Licitación Pública,Servicio de capacitación,services,73182.15,2024-08-11,False,False,normal
C001051,P0086,E12,F050,Concurso Público,Servicio de transporte,services,42595.07,2026-06-29,False,False,normal
C000795,P0005,E08,F028,Adjudicación Simplificada,Servicio de mantenimiento de infraestructura,services,406538.82,2023-05-23,False,False,normal
C002693,P0094,E01,F018,Comparación de Precios,Adquisición de materiales de construcción,goods,37686.61,2024-03-13,False,False,normal
C003060,P0189,E09,F027,Comparación de Precios,Consultoría en ingeniería,services,128275.71,2024-07-31,False,False,normal
C001597,P0095,E01,F018,Contratación Directa,Servicio de transporte,services,74012.0,2026-04-02,False,False,normal
C002604,P0211,E16,F024,Comparación de Precios,Adquisición de bienes de oficina,goods,257459.28,2023-11-04,False,False,normal
C002729,P0055,E14,F016,Adjudicación Simplificada,Servicio de capacitación,services,88299.25,2025-09-26,False,False,normal
C002625,P0077,E03,F000,Comparación de Precios,Consultoría en ingeniería,services,69313.31,2026-06-11,False,False,normal
C001819,P0107,E14,F040,Concurso Público,Suministro de combustible,goods,209286.77,2023-01-17,False,False,normal
C003157,P0080,E02,F051,Adjudicación Simplificada,Servicio de mantenimiento de infraestructura,services,29832.97,2023-05-01,False,False,normal
C003314,P0033,E00,F038,Licitación Pública,Servicio de transporte,services,135698.52,2025-08-03,False,False,normal
C001722,P0117,E11,F049,Licitación Pública,Adquisición de bienes de oficina,goods,44271.07,2026-03-08,False,False,normal
C001183,P0046,E02,F011,Adjudicación Simplificada,Suministro de combustible,goods,26187.41,2024-07-29,False,False,normal
C002572,P0083,E09,F033,Comparación de Precios,Consultoría en ingeniería,services,65113.32,2025-11-22,False,False,normal
C001059,P0193,E04,F030,Adjudicación Simplificada,Servicio de capacitación,services,15860.78,2024-08-28,False,False,normal
C000540,P0031,E00,F038,Concurso Público,Servicio de mantenimiento de infraestructura,services,98694.86,2025-02-22,False,False,normal
C003242,P0126,E01,F018,Licitación Pública,Servicio de transporte,services,53343.43,2025-07-08,False,False,normal
C001678,P0086,E17,F003,Adjudicación Simplificada,Consultoría en ingeniería,services,28317.69,2025-05-05,False,False,normal
C002796,P0007,E07,F023,Concurso Público,Adquisición de bienes de oficina,goods,29569.08,2025-05-01,False,False,normal
C700069,P0156,E02,F051,Adjudicación Simplificada,Servicio de mantenimiento de infraestructura,services,326417.06,2025-12-23,False,False,hard_negative_concentracion_legitima
C003478,P0061,E02,F025,Adjudicación Simplificada,Suministro de combustible,goods,44669.3,2024-10-24,False,False,normal
C002532,P0168,E08,F020,Adjudicación Simplificada,Servicio de limpieza y vigilancia,services,22117.14,2025-10-12,False,False,normal
C001757,P0215,E12,F021,Contratación Directa,Consultoría en ingeniería,services,71147.27,2024-12-02,False,False,normal
C001923,P0030,E08,F014,Contratación Directa,Adquisición de materiales de construcción,goods,80693.2,2024-06-26,False,False,normal
C000095,P0171,E00,F041,Comparación de Precios,Servicio de capacitación,services,76241.39,2024-09-16,False,False,normal
C001020,P0202,E16,F002,Adjudicación Simplificada,Servicio de mantenimiento de infraestructura,services,18044.54,2023-09-06,False,False,normal
C000563,P0037,E04,F030,Comparación de Precios,Servicio de limpieza y vigilancia,services,20798.02,2025-03-31,False,False,normal
C003312,P0075,E15,F035,Adjudicación Simplificada,Servicio de mantenimiento de infraestructura,services,345616.43,2025-04-16,False,False,normal
C002790,P0044,E17,F003,Comparación de Precios,Adquisición de equipos informáticos,goods,5276.98,2024-03-28,False,False,normal
C000863,P0105,E16,F042,Concurso Público,Adquisición de materiales de construcción,goods,61448.96,2023-11-28,False,False,normal
C001484,P0126,E00,F038,Licitación Pública,Adquisición de materiales de construcción,goods,174840.93,2024-12-13,False,False,normal
C002939,P0009,E13,F055,Licitación Pública,Obra de rehabilitación vial,works,80862.91,2023-09-08,False,False,normal
C001881,P0093,E11,F007,Adjudicación Simplificada,Obra de rehabilitación vial,works,30583.35,2024-06-07,False,False,normal
C001038,P0040,E14,F029,Adjudicación Simplificada,Suministro de combustible,goods,33405.53,2025-02-14,False,False,normal
C000206,P0215,E16,F042,Licitación Pública,Consultoría en ingeniería,services,92281.08,2023-03-30,False,False,normal
C000392,P0035,E10,F008,Concurso Público,Adquisición de equipos informáticos,goods,20419.88,2024-12-25,False,False,normal
C002842,P0190,E05,F045,Comparación de Precios,Adquisición de equipos informáticos,goods,129094.44,2026-03-18,False,False,normal
C000870,P0095,E07,F023,Concurso Público,Obra de rehabilitación vial,works,32144.37,2023-08-02,False,False,normal
C000397,P0162,E02,F044,Comparación de Precios,Obra de rehabilitación vial,works,8764.77,2023-04-06,False,False,normal
C002814,P0065,E04,F030,Adjudicación Simplificada,Servicio de transporte,services,15624.57,2024-05-01,False,False,normal
C700058,P0205,E17,F012,Licitación Pública,Servicio de limpieza y vigilancia,services,250811.43,2024-03-03,False,False,hard_negative_concentracion_legitima
C003289,P0089,E13,F058,Adjudicación Simplificada,Adquisición de materiales de construcción,goods,146378.11,2024-09-15,False,False,normal
C001028,P0035,E17,F003,Comparación de Precios,Servicio de transporte,services,54050.17,2023-06-24,False,False,normal
C002690,P0108,E06,F039,Adjudicación Simplificada,Obra de rehabilitación vial,works,77765.46,2023-02-17,False,False,normal
C001485,P0019,E13,F058,Adjudicación Simplificada,Obra de rehabilitación vial,works,3998.45,2023-06-04,False,False,normal
C002660,P0202,E17,F031,Concurso Público,Obra de rehabilitación vial,works,10903.66,2025-11-29,False,False,normal
C000960,P0194,E08,F020,Comparación de Precios,Adquisición de equipos informáticos,goods,15924.56,2024-05-23,False,False,normal
C001570,P0113,E11,F054,Contratación Directa,Servicio de capacitación,services,17800.19,2025-10-01,False,False,normal
C002773,P0133,E04,F030,Adjudicación Simplificada,Adquisición de materiales de construcción,goods,5676.19,2024-05-27,False,False,normal
C001895,P0059,E07,F023,Comparación de Precios,Servicio de limpieza y vigilancia,services,33981.04,2023-12-22,False,False,normal
C002731,P0165,E10,F008,Adjudicación Simplificada,Adquisición de materiales de construcción,goods,70862.65,2025-08-18,False,False,normal
C002146,P0081,E13,F056,Concurso Público,Servicio de capacitación,services,67726.53,2023-03-07,False,False,normal
C000804,P0061,E08,F028,Concurso Público,Servicio de transporte,services,50733.9,2025-05-28,False,False,normal
C001751,P0127,E11,F007,Comparación de Precios,Servicio de mantenimiento de infraestructura,services,38869.32,2024-07-14,False,False,normal
C002454,P0075,E06,F006,Comparación de Precios,Servicio de mantenimiento de infraestructura,services,178786.09,2023-01-18,False,False,normal
C000502,P0128,E12,F021,Contratación Directa,Servicio de transporte,services,32400.05,2024-02-16,False,False,normal
C003119,P0108,E05,F059,Adjudicación Simplificada,Obra de rehabilitación vial,works,11404.13,2024-03-07,False,False,normal
C003104,P0012,E07,F036,Adjudicación Simplificada,Servicio de mantenimiento de infraestructura,services,21462.69,2024-10-22,False,False,normal
C002977,P0005,E01,F048,Concurso Público,Servicio de capacitación,services,80015.89,2024-10-26,False,False,normal
C000779,P0185,E15,F035,Adjudicación Simplificada,Servicio de limpieza y vigilancia,services,26912.4,2025-02-18,False,False,normal
C001863,P0005,E17,F003,Contratación Directa,Servicio de capacitación,services,449282.15,2025-07-28,False,False,normal
C000200,P0105,E13,F056,Concurso Público,Servicio de mantenimiento de infraestructura,services,69552.87,2024-08-05,False,False,normal
C002182,P0177,E11,F007,Comparación de Precios,Suministro de combustible,goods,17410.63,2024-05-25,False,False,normal
C003099,P0194,E04,F030,Adjudicación Simplificada,Consultoría en ingeniería,services,226598.22,2025-05-01,False,False,normal
C002088,P0185,E15,F035,Licitación Pública,Suministro de combustible,goods,51344.44,2025-03-11,False,False,normal
C003065,P0042,E12,F021,Adjudicación Simplificada,Servicio de transporte,services,61663.99,2024-09-02,False,False,normal
C002278,P0174,E03,F000,Adjudicación Simplificada,Servicio de transporte,services,205471.02,2023-03-15,False,False,normal
C700061,P0205,E17,F003,,Servicio de limpieza y vigilancia,services,222876.96,2026-04-06,False,False,hard_negative_concentracion_legitima
C001796,P0172,E05,F032,Comparación de Precios,Suministro de combustible,goods,74225.27,2024-02-23,False,False,normal
C000378,P0123,E09,F027,Contratación Directa,Adquisición de bienes de oficina,goods,46225.83,2024-10-07,False,False,normal
C002336,P0109,E10,F004,Concurso Público,Suministro de combustible,goods,34238.73,2025-05-21,False,False,normal
C000418,P0028,E08,F014,Comparación de Precios,Adquisición de bienes de oficina,goods,70213.63,2023-03-07,False,False,normal
C001698,P0111,E05,F059,Adjudicación Simplificada,Adquisición de equipos informáticos,goods,20277.35,2023-10-12,False,False,normal
C000391,P0132,E08,F022,Licitación Pública,Obra de rehabilitación vial,works,33470.04,2023-11-10,False,False,normal
C002640,P0046,E12,F021,Adjudicación Simplificada,Servicio de capacitación,services,19933.14,2024-07-05,False,False,normal
C001522,P0184,E14,F040,Adjudicación Simplificada,Servicio de mantenimiento de infraestructura,services,193322.09,2025-07-26,False,False,normal
C001162,P0209,E16,F002,Concurso Público,Adquisición de materiales de construcción,goods,76050.94,2025-04-24,False,False,normal
C003134,P0074,E02,F044,Comparación de Precios,Adquisición de materiales de construcción,goods,89114.56,2023-11-16,False,False,normal
C001495,P0049,E06,F006,Licitación Pública,Servicio de mantenimiento de infraestructura,services,42458.03,2024-09-30,False,False,normal
C002695,P0048,E01,F018,Adjudicación Simplificada,Servicio de capacitación,services,59191.64,2023-01-17,False,False,normal
C002027,P0080,E08,F015,Comparación de Precios,Suministro de combustible,goods,235692.46,2025-03-07,False,False,normal
C001152,P0052,E04,F019,Adjudicación Simplificada,Servicio de transporte,services,27371.73,2025-02-22,False,False,normal
C001367,P0061,E11,F049,Concurso Público,Adquisición de materiales de construcción,goods,31519.69,2026-05-16,False,False,normal
C002568,P0145,E09,F027,Comparación de Precios,Obra de rehabilitación vial,works,32589.08,2023-01-31,False,False,normal
C000064,P0184,E02,F011,Adjudicación Simplificada,Adquisición de equipos informáticos,goods,19586.89,2026-03-20,False,False,normal
C002062,P0156,E08,F014,,Adquisición de materiales de construcción,goods,60473.2,2025-02-17,False,False,normal
C001180,P0165,E00,F041,Licitación Pública,Servicio de mantenimiento de infraestructura,services,185613.97,2023-07-02,False,False,normal
C003112,P0144,E16,F042,Adjudicación Simplificada,Suministro de combustible,goods,110169.97,2023-02-09,False,False,normal
C000492,P0073,E04,F053,Licitación Pública,Adquisición de bienes de oficina,goods,262882.42,2024-03-13,False,False,normal
C000379,P0177,E12,F021,Adjudicación Simplificada,Adquisición de materiales de construcción,goods,60535.52,2024-07-02,False,False,normal
C002235,P0151,E03,F000,Licitación Pública,Adquisición de materiales de construcción,goods,21541.93,2024-08-28,False,False,normal
C000763,P0149,E04,F019,Licitación Pública,Adquisición de equipos informáticos,goods,60632.03,2026-06-13,False,False,normal
C002264,P0078,E16,F057,Contratación Directa,Servicio de capacitación,services,69784.83,2024-06-27,False,False,normal
C000791,P0158,E02,F051,Comparación de Precios,Adquisición de equipos informáticos,goods,15583.04,2025-02-14,False,False,normal
C001076,P0124,E17,F012,Concurso Público,Servicio de limpieza y vigilancia,services,34845.72,2023-11-30,False,False,normal
C000878,P0195,E11,F054,Adjudicación Simplificada,Servicio de transporte,services,72793.43,2024-02-10,False,False,normal
C000337,P0063,E13,F058,Adjudicación Simplificada,Adquisición de materiales de construcción,goods,12491.74,2024-03-05,False,False,normal
C002767,P0088,E03,F000,Adjudicación Simplificada,Servicio de mantenimiento de infraestructura,services,102106.97,2023-04-15,False,False,normal
C002343,P0058,E06,F039,Comparación de Precios,Servicio de transporte,services,124172.42,2025-06-09,False,False,normal
C001016,P0075,E16,F042,Comparación de Precios,Servicio de mantenimiento de infraestructura,services,919227.3,2023-10-29,False,False,normal
C001275,P0083,E06,F006,Adjudicación Simplificada,Adquisición de equipos informáticos,goods,88268.35,2025-08-04,False,False,normal
C700033,P0062,E14,F016,Licitación Pública,Adquisición de equipos informáticos,goods,519845.64,2025-09-30,False,False,hard_negative_concentracion_legitima
C000455,P0041,E07,F023,Adjudicación Simplificada,Servicio de limpieza y vigilancia,services,96860.65,2026-02-20,False,False,normal
C003342,P0048,E02,F011,Comparación de Precios,Servicio de capacitación,services,13654.48,2025-01-25,False,False,normal
C000815,P0104,E11,F049,Adjudicación Simplificada,Obra de rehabilitación vial,works,11307.73,2025-03-03,False,False,normal
C002317,P0203,E17,F003,Concurso Público,Servicio de capacitación,services,47049.93,2024-08-27,False,False,normal
C000995,P0037,E01,F017,Concurso Público,Obra de rehabilitación vial,works,13374.49,2023-06-08,False,False,normal
C001981,P0155,E12,F050,Adjudicación Simplificada,Servicio de limpieza y vigilancia,services,11496.64,2024-08-26,False,False,normal
C000201,P0067,E11,F007,Adjudicación Simplificada,Consultoría en ingeniería,services,51344.59,2024-01-01,False,False,normal
C000161,P0015,E17,F012,Adjudicación Simplificada,Servicio de capacitación,services,38896.54,2023-06-25,False,False,normal
C001579,P0112,E11,F049,Comparación de Precios,Servicio de capacitación,services,6132.21,2025-05-03,False,False,normal
C002777,P0172,E15,F035,Adjudicación Simplificada,Servicio de limpieza y vigilancia,services,68425.66,2025-08-16,False,False,normal
C002449,P0173,E01,F048,Adjudicación Simplificada,Suministro de combustible,goods,138523.28,2023-11-03,False,False,normal
C000702,P0186,E10,F026,Comparación de Precios,Consultoría en ingeniería,services,57254.82,2024-06-02,False,False,normal
C001500,P0128,E14,F016,Contratación Directa,Suministro de combustible,goods,10647.01,2024-06-06,False,False,normal
C001129,P0137,E12,F050,Licitación Pública,Servicio de capacitación,services,107525.81,2023-08-23,False,False,normal
C002613,P0083,E07,F023,Adjudicación Simplificada,Servicio de capacitación,services,240228.33,2026-06-06,False,False,normal
C003461,P0007,E05,F032,Concurso Público,Suministro de combustible,goods,90239.5,2025-02-14,False,False,normal
C001021,P0203,E08,F014,Adjudicación Simplificada,Servicio de transporte,services,273627.97,2024-11-26,False,False,normal
C003073,P0065,E13,F056,Adjudicación Simplificada,Adquisición de bienes de oficina,goods,26473.5,2025-02-23,False,False,normal
C003459,P0171,E02,F044,Comparación de Precios,Servicio de mantenimiento de infraestructura,services,245516.56,2024-12-10,False,False,normal
C001585,P0117,E06,F039,Comparación de Precios,Obra de rehabilitación vial,works,105852.08,2023-03-05,False,False,normal
C001955,P0211,E13,F058,Adjudicación Simplificada,Adquisición de materiales de construcción,goods,590958.23,2024-04-29,False,False,normal
C003152,P0122,E16,F057,Comparación de Precios,Servicio de transporte,services,98135.73,2026-03-04,False,False,normal
C002253,P0021,E03,F000,Adjudicación Simplificada,Servicio de limpieza y vigilancia,services,59355.59,2026-02-07,False,False,normal
C000034,P0219,E08,F022,Comparación de Precios,Adquisición de materiales de construcción,goods,61869.47,2025-07-10,False,False,normal
C000775,P0118,E16,F002,Adjudicación Simplificada,Servicio de limpieza y vigilancia,services,131262.48,2024-10-02,False,False,normal
C002556,P0022,E03,F000,Contratación Directa,Adquisición de materiales de construcción,goods,79094.49,2025-10-14,False,False,normal
C003499,P0135,E06,F039,Comparación de Precios,Adquisición de equipos informáticos,goods,12970.88,2024-07-07,False,False,normal
C001478,P0122,E03,F000,Concurso Público,Servicio de mantenimiento de infraestructura,services,41854.13,2024-02-10,False,False,normal
C003003,P0144,E03,F000,Licitación Pública,Adquisición de materiales de construcción,goods,119562.2,2026-03-24,False,False,normal
C001390,P0115,E00,F010,Comparación de Precios,Adquisición de bienes de oficina,goods,210109.16,2023-09-06,False,False,normal
C002139,P0210,E02,F051,Adjudicación Simplificada,Consultoría en ingeniería,services,75562.72,2026-02-11,False,False,normal
C001363,P0153,E07,F013,Adjudicación Simplificada,Adquisición de materiales de construcción,goods,146078.23,2026-06-26,False,False,normal
C002945,P0182,E15,F035,Comparación de Precios,Obra de rehabilitación vial,works,657307.61,2026-03-19,False,False,normal
C002612,P0196,E06,F006,Adjudicación Simplificada,Adquisición de materiales de construcción,goods,132318.99,2023-11-02,False,False,normal
C003417,P0076,E13,F056,Adjudicación Simplificada,Adquisición de equipos informáticos,goods,34289.06,2024-04-01,False,False,normal
C002824,P0032,E01,F018,Concurso Público,Obra de rehabilitación vial,works,101551.4,2025-03-22,False,False,normal
C002041,P0141,E06,F039,Adjudicación Simplificada,Suministro de combustible,goods,57095.64,2023-10-17,False,False,normal
C000241,P0213,E08,F028,Adjudicación Simplificada,Consultoría en ingeniería,services,27105.02,2024-04-30,False,False,normal
C002061,P0041,E17,F012,Contratación Directa,Obra de rehabilitación vial,works,45771.74,2025-04-11,False,False,normal
C002363,P0217,E15,F035,Adjudicación Simplificada,Adquisición de materiales de construcción,goods,9565.81,2024-10-21,False,False,normal
C000600,P0095,E00,F010,Licitación Pública,Adquisición de bienes de oficina,goods,31750.67,2023-06-02,False,False,normal
C002435,P0063,E16,F024,Adjudicación Simplificada,Adquisición de equipos informáticos,goods,518462.89,2024-05-29,False,False,normal
C001297,P0182,E09,F043,Contratación Directa,Consultoría en ingeniería,services,254257.83,2024-03-05,False,False,normal
C002214,P0029,E04,F019,Contratación Directa,Obra de rehabilitación vial,works,34062.81,2026-05-06,False,False,normal
C002888,P0182,E15,F035,Adjudicación Simplificada,Consultoría en ingeniería,services,14549.34,2026-03-06,False,False,normal
C002068,P0045,E08,F022,Adjudicación Simplificada,Adquisición de materiales de construcción,goods,69551.84,2025-01-17,False,False,normal
C000646,P0074,E16,F002,Contratación Directa,Obra de rehabilitación vial,works,45688.57,2025-02-18,False,False,normal
C700056,P0205,E17,F003,Licitación Pública,Servicio de limpieza y vigilancia,services,452657.94,2024-06-08,False,False,hard_negative_concentracion_legitima
C003202,P0011,E09,F046,Licitación Pública,Adquisición de equipos informáticos,goods,25756.8,2023-01-03,False,False,normal
C001528,P0074,E17,F031,Licitación Pública,Servicio de transporte,services,44263.92,2024-09-07,False,False,normal
C002879,P0013,E06,F006,Comparación de Precios,Adquisición de bienes de oficina,goods,53075.64,2023-02-10,False,False,normal
C001267,P0211,E12,F050,Comparación de Precios,Servicio de mantenimiento de infraestructura,services,13248.33,2023-05-08,False,False,normal
C900027,P0156,E02,F025,Contratación Directa,Adquisición de materiales de construcción,goods,59606.4,2024-09-25,True,False,favoritismo_sembrado
C001899,P0179,E04,F053,Contratación Directa,Obra de rehabilitación vial,works,73507.64,2024-05-01,False,False,normal
C000562,P0123,E13,F058,Adjudicación Simplificada,Servicio de transporte,services,51204.29,2024-02-01,False,False,normal
C900051,P0074,E06,F006,Contratación Directa,Adquisición de bienes de oficina,goods,66755.29,2026-01-03,True,False,favoritismo_sembrado
C002734,P0072,E00,F038,Adjudicación Simplificada,Adquisición de materiales de construcción,goods,27661.13,2026-01-25,False,False,normal
C003005,P0215,E05,F052,Licitación Pública,Obra de rehabilitación vial,works,176234.15,2024-05-25,False,False,normal
C000189,P0181,E04,F019,Contratación Directa,Servicio de mantenimiento de infraestructura,services,41157.38,2025-07-24,False,False,normal
C001806,P0205,E17,F031,Comparación de Precios,Obra de rehabilitación vial,works,121603.87,2023-09-06,False,False,normal
C000975,P0101,E02,F025,Licitación Pública,Adquisición de materiales de construcción,goods,91514.08,2023-10-27,False,False,normal
C002747,P0177,E02,F051,Licitación Pública,Adquisición de bienes de oficina,goods,23137.64,2024-03-25,False,False,normal
C700047,P0165,E01,F048,Licitación Pública,,services,293729.0,2024-04-10,False,False,hard_negative_concentracion_legitima
C002047,P0120,E07,F013,Adjudicación Simplificada,Servicio de transporte,services,34302.63,2025-01-08,False,False,normal
C002558,P0017,E15,F035,Licitación Pública,Adquisición de materiales de construcción,goods,,2025-12-30,False,False,normal
C001082,P0134,E11,F054,Adjudicación Simplificada,Servicio de limpieza y vigilancia,services,22877.81,2024-07-08,False,False,normal
C000474,P0131,E07,F023,Comparación de Precios,Consultoría en ingeniería,services,27315.81,2026-02-20,False,False,normal
C900021,P0012,E01,F018,Contratación Directa,Servicio de limpieza y vigilancia,services,417584.19,2026-03-27,True,False,favoritismo_sembrado
C002904,P0005,E00,F041,Comparación de Precios,Adquisición de bienes de oficina,goods,38447.71,2023-09-20,False,False,normal
C000747,P0212,E06,F006,Licitación Pública,Servicio de transporte,services,57655.73,2023-02-03,False,False,normal
C002300,P0110,E13,F058,Adjudicación Simplificada,,services,43139.75,2024-02-09,False,False,normal
C000021,P0125,E04,F053,,Obra de rehabilitación vial,works,19684.53,2024-06-15,False,False,normal
C003385,P0069,E07,F023,Adjudicación Simplificada,Adquisición de materiales de construcción,goods,72198.49,2025-10-02,False,False,normal
C000459,P0013,E05,F037,Adjudicación Simplificada,Servicio de transporte,services,71182.85,2024-04-15,False,False,normal
C001184,P0086,E01,F018,Adjudicación Simplificada,Adquisición de bienes de oficina,goods,56524.54,2023-11-29,False,False,normal
C002324,P0113,E10,F008,Adjudicación Simplificada,Servicio de capacitación,services,137465.52,2024-06-24,False,False,normal
C000955,P0009,E10,F026,Adjudicación Simplificada,Servicio de limpieza y vigilancia,services,41663.85,2025-11-18,False,False,normal
C001215,P0213,E01,F018,Licitación Pública,Servicio de transporte,services,22339.8,2023-12-20,False,False,normal
C002433,P0105,E11,F007,Adjudicación Simplificada,Suministro de combustible,goods,37279.42,2023-05-31,False,False,normal
C002853,P0149,E06,F039,Comparación de Precios,Adquisición de equipos informáticos,goods,88053.73,2024-03-18,False,False,normal
C003485,P0218,E05,F047,Adjudicación Simplificada,Consultoría en ingeniería,services,67169.54,2024-05-07,False,False,normal
C001515,P0021,E07,F036,Adjudicación Simplificada,Obra de rehabilitación vial,works,36265.07,2024-12-21,False,False,normal
C002391,P0197,E09,F027,Comparación de Precios,Adquisición de equipos informáticos,goods,52767.62,2025-03-03,False,False,normal
C000769,P0194,E10,F004,Contratación Directa,Adquisición de materiales de construcción,goods,31286.45,2025-05-08,False,False,normal
C003380,P0020,E13,F056,Adjudicación Simplificada,Suministro de combustible,goods,85485.71,2025-07-14,False,False,normal
C001685,P0209,E14,F029,Licitación Pública,Servicio de transporte,services,49222.02,2026-03-23,False,False,normal
C000130,P0170,E02,F051,Adjudicación Simplificada,Servicio de transporte,services,44388.48,2025-12-27,False,False,normal
C002919,P0039,E09,F027,Adjudicación Simplificada,Adquisición de bienes de oficina,goods,172342.9,2025-07-26,False,False,normal
C003171,P0034,E08,F028,Comparación de Precios,Obra de rehabilitación vial,works,137523.07,2023-07-11,False,False,normal
C003444,P0059,E01,F018,Licitación Pública,Servicio de capacitación,services,307966.86,2024-08-06,False,False,normal
C002135,P0218,E06,F006,Licitación Pública,Adquisición de materiales de construcción,goods,303311.05,2023-08-13,False,False,normal
C001482,P0042,E09,F043,Concurso Público,Servicio de limpieza y vigilancia,services,11373.12,2025-03-20,False,False,normal
C000330,P0172,E11,F007,Comparación de Precios,Adquisición de equipos informáticos,goods,185730.56,2023-09-27,False,False,normal
C001238,P0167,E01,F017,Licitación Pública,Adquisición de materiales de construcción,goods,49642.41,2023-03-24,False,False,normal
C000466,P0166,E11,F049,Comparación de Precios,Adquisición de equipos informáticos,goods,75682.21,2025-12-10,False,False,normal
C002169,P0142,E02,F025,Concurso Público,Suministro de combustible,goods,569154.64,2024-03-17,False,False,normal
C001638,P0157,E12,F050,Comparación de Precios,Adquisición de equipos informáticos,goods,41560.36,2024-10-15,False,False,normal
C003092,P0068,E17,F031,Concurso Público,Adquisición de materiales de construcción,goods,81797.21,2025-12-10,False,False,normal
C001095,P0011,E07,F036,Adjudicación Simplificada,Servicio de limpieza y vigilancia,services,67903.04,2026-04-05,False,False,normal
C001130,P0060,E11,F007,Adjudicación Simplificada,Servicio de capacitación,services,115149.46,2026-02-25,False,False,normal
C001294,P0133,E06,F039,Adjudicación Simplificada,Obra de rehabilitación vial,works,26600.99,2025-07-30,False,False,normal
C000860,P0039,E07,F023,Contratación Directa,Servicio de capacitación,services,44163.74,2025-11-02,False,False,normal
C700007,P0178,E01,F048,Adjudicación Simplificada,Servicio de capacitación,services,414676.31,2026-02-28,False,False,hard_negative_concentracion_legitima
C003174,P0047,E11,F007,Adjudicación Simplificada,Servicio de mantenimiento de infraestructura,services,72058.19,2023-07-31,False,False,normal
