id_pago,id_contrato,fecha_devengado,fecha_girado,fecha_pagado,monto_devengado,monto_pagado,estado,escenario_sintetico
PG00000001,C003230,2026-01-05,2026-01-08,2026-01-21,68651.05,68651.05,PAGADO,completo
PG00000002,C700229,2026-03-28,2026-04-06,2026-04-21,51608.08,109347.1,PAGADO,parcial
PG00000003,C700229,2026-04-02,2026-04-07,2026-04-16,98289.84,40550.82,PAGADO,parcial
PG00000004,C900069,2025-05-14,2025-05-24,2025-06-05,141710.13,103964.74,PAGADO,parcial
PG00000005,C900069,2025-06-13,2025-06-14,2025-06-16,13193.48,50938.87,PAGADO,parcial
PG00000006,C000305,2023-12-08,2023-12-15,2023-12-19,22440.82,22440.82,PAGADO,parcial
PG00000007,C001652,2023-07-30,2023-08-07,2023-08-20,5807.56,5139.82,PAGADO,completo
PG00000008,C001652,2023-08-17,2023-08-21,2023-09-01,7615.55,4733.68,PAGADO,completo
PG00000009,C001652,2023-08-19,2023-08-29,2023-09-02,2217.81,5767.42,PAGADO,completo
PG00000010,C800077,2024-08-19,2024-08-24,2024-09-08,515603.11,662922.23,PAGADO,completo
PG00000011,C800077,2024-09-12,2024-09-16,2024-10-01,293697.42,271473.62,PAGADO,completo
PG00000012,C800077,2024-09-23,2024-10-01,2024-10-14,295113.98,170018.66,PAGADO,completo
PG00000013,C001116,2024-08-30,2024-09-01,2024-09-09,16101.06,6432.41,PAGADO,parcial
PG00000014,C001116,2024-09-24,2024-10-01,2024-10-19,11364.29,21032.94,PAGADO,parcial
PG00000015,C000693,2023-03-26,2023-04-04,2023-04-24,121072.9,121072.9,PAGADO,completo
PG00000016,C002607,2025-02-18,2025-02-26,2025-04-30,47063.85,47063.85,PAGADO,demorado
PG00000017,C001650,2023-06-27,2023-06-29,2023-07-10,9840.99,24561.86,PAGADO,completo
PG00000018,C001650,2023-08-07,2023-08-16,2023-08-29,4996.56,13033.94,PAGADO,completo
PG00000019,C001650,2023-08-08,2023-08-18,2023-08-31,36100.95,13342.7,PAGADO,completo
PG00000020,C900271,2025-10-26,2025-10-27,2025-11-01,289228.86,459366.94,PAGADO,completo
PG00000021,C900271,2025-10-16,2025-10-25,2025-10-28,287214.19,117076.11,PAGADO,completo
PG00000022,C002550,2026-06-26,2026-06-26,2026-07-07,10133.28,30879.17,PAGADO,completo
PG00000023,C002550,2026-07-12,2026-07-12,2026-07-14,12200.34,20713.78,PAGADO,completo
PG00000024,C002550,2026-08-07,2026-08-07,2026-08-07,49083.13,19823.8,PAGADO,completo
PG00000025,C002313,2024-10-18,2024-10-18,2024-10-20,11170.73,12628.05,PAGADO,parcial
PG00000026,C002313,2024-10-12,2024-10-16,2024-10-18,3515.28,2057.96,PAGADO,parcial
PG00000027,C000070,2026-02-01,2026-02-08,,73954.59,0.0,PENDIENTE,pendiente
PG00000028,C002117,2025-12-01,2025-12-04,2025-12-18,24233.07,24233.07,PAGADO,sobrepago_senal
PG00000029,C000144,2024-11-25,2024-12-03,2024-12-20,28496.23,28496.23,PAGADO,parcial
PG00000030,C001800,2023-04-24,2023-05-01,2023-05-04,3304.38,3304.38,PAGADO,completo
PG00000031,C000744,2025-03-11,2025-03-21,2025-03-30,6862.87,3267.52,PAGADO,completo
PG00000032,C000744,2025-04-06,2025-04-14,2025-04-15,8012.52,12292.81,PAGADO,completo
PG00000033,C000744,2025-04-11,2025-04-14,2025-04-25,16338.73,15653.79,PAGADO,completo
PG00000034,C001593,2023-02-13,2023-02-23,2023-02-27,844346.21,1048017.39,PAGADO,parcial
PG00000035,C001593,2023-03-03,2023-03-12,2023-03-30,460860.77,257189.59,PAGADO,parcial
PG00000036,C000544,2025-01-24,2025-01-26,2025-02-01,20838.51,51336.4,PAGADO,completo
PG00000037,C000544,2025-01-25,2025-01-31,2025-02-04,45605.33,21632.5,PAGADO,completo
PG00000038,C000544,2025-02-20,2025-02-20,2025-03-02,26478.2,19953.14,PAGADO,completo
PG00000039,C002387,2023-06-04,2023-06-04,2023-06-14,35404.44,37247.11,PAGADO,completo
PG00000040,C002387,2023-06-15,2023-06-20,2023-07-04,18845.92,17003.25,PAGADO,completo
PG00000041,C002011,2024-10-27,2024-11-06,2024-11-20,36575.3,23995.49,PAGADO,completo
PG00000042,C002011,2024-10-19,2024-10-21,2024-11-03,6238.79,18818.6,PAGADO,completo
PG00000043,C000351,2026-03-25,2026-04-01,2026-04-07,13514.75,11815.69,PAGADO,completo
PG00000044,C000351,2026-04-27,2026-05-03,2026-05-17,12432.74,14375.12,PAGADO,completo
PG00000045,C000351,2026-04-24,2026-04-27,2026-04-27,9350.24,9106.92,PAGADO,completo
PG00000046,C001688,2024-08-13,2024-08-20,2024-09-07,53121.45,15494.21,PAGADO,completo
PG00000047,C001688,2024-08-26,2024-09-04,2024-09-14,63912.75,101539.99,PAGADO,completo
PG00000048,C003029,2023-12-05,2023-12-12,2023-12-28,10182.42,10182.42,PAGADO,completo
PG00000049,C002476,2024-03-10,2024-03-13,2024-03-20,113842.92,113842.92,PAGADO,completo
PG00000050,C002083,2023-10-21,2023-10-27,2023-11-07,70243.03,70243.03,PAGADO,completo
PG00000051,C000505,2023-03-18,2023-03-18,2023-03-31,31438.6,31438.6,PAGADO,completo
PG00000052,C000166,2025-04-10,2025-04-16,2025-04-18,6495.43,8101.73,PAGADO,completo
PG00000053,C000166,2025-04-05,2025-04-08,2025-04-27,3719.93,9221.0,PAGADO,completo
PG00000054,C000166,2025-05-07,2025-05-09,2025-05-20,10194.12,3086.75,PAGADO,completo
PG00000055,C001902,2023-01-24,2023-02-03,2023-02-13,23248.97,5270.75,PAGADO,completo
PG00000056,C001902,2023-03-09,2023-03-13,2023-03-29,7414.18,25392.4,PAGADO,completo
PG00000057,C001602,2024-05-22,2024-05-26,2024-06-14,67943.9,67943.9,PAGADO,sobrepago_senal
PG00000058,C003244,2023-11-07,2023-11-10,2023-11-11,50840.87,59896.15,PAGADO,completo
PG00000059,C003244,2023-11-24,2023-11-30,2023-12-04,29002.41,19947.13,PAGADO,completo
PG00000060,C001675,2025-05-29,2025-05-29,2025-06-14,45681.05,45681.05,PAGADO,completo
PG00000061,C001966,2023-02-18,2023-02-24,2023-03-01,7608.16,15008.24,PAGADO,completo
PG00000062,C001966,2023-03-12,2023-03-18,2023-03-21,24886.92,12962.77,PAGADO,completo
PG00000063,C001966,2023-04-21,2023-04-24,2023-04-27,3622.14,8146.21,PAGADO,completo
PG00000064,C003416,2025-06-23,2025-06-24,2025-07-10,10009.05,10009.05,PAGADO,parcial
PG00000065,C001556,2025-03-09,2025-03-17,2025-03-19,253786.95,253786.95,PAGADO,completo
PG00000066,C001407,2026-06-24,2026-07-04,2026-07-07,27146.82,24708.82,PAGADO,parcial
PG00000067,C001407,2026-08-07,2026-08-07,2026-08-07,687.51,3125.51,PAGADO,parcial
PG00000068,C000109,2024-07-17,2024-07-26,2024-08-01,58831.76,58831.76,PAGADO,completo
PG00000069,C000463,2025-11-20,2025-11-28,2025-12-07,41150.76,26336.73,PAGADO,completo
PG00000070,C000463,2025-11-27,2025-12-01,2025-12-03,6562.46,44333.58,PAGADO,completo
PG00000071,C000463,2025-12-12,2025-12-19,2025-12-28,27992.42,5035.33,PAGADO,completo
PG00000072,C700200,2025-03-01,2025-03-09,2025-03-16,15818.12,82313.44,PAGADO,completo
PG00000073,C700200,2025-04-04,2025-04-12,2025-04-18,127162.41,52119.84,PAGADO,completo
PG00000074,C700200,2025-05-04,2025-05-13,2025-05-28,109522.93,118070.18,PAGADO,completo
PG00000075,C900016,2025-02-05,2025-02-13,2025-02-22,202971.87,69590.54,PAGADO,completo
PG00000076,C900016,2025-02-25,2025-02-26,2025-03-14,44874.37,208942.03,PAGADO,completo
PG00000077,C900016,2025-03-28,2025-04-06,2025-04-20,49726.22,19039.89,PAGADO,completo
PG00000078,C001213,2025-10-12,2025-10-17,2025-12-27,3233.99,7749.07,PAGADO,demorado
PG00000079,C001213,2025-10-26,2025-11-01,2026-01-05,19110.7,14595.62,PAGADO,demorado
PG00000080,C700094,2025-01-29,2025-02-07,2025-02-08,199826.85,197884.4,PAGADO,completo
PG00000081,C700094,2025-01-28,2025-02-04,2025-02-21,104071.02,106013.47,PAGADO,completo
PG00000082,C002252,2026-04-19,2026-04-24,2026-05-13,3792.2,9271.48,PAGADO,completo
PG00000083,C002252,2026-05-03,2026-05-10,2026-05-23,14866.04,9386.76,PAGADO,completo
PG00000084,C003399,2024-04-21,2024-04-22,2024-05-06,12991.04,34738.87,PAGADO,completo
PG00000085,C003399,2024-05-16,2024-05-18,2024-05-23,29430.83,36596.48,PAGADO,completo
PG00000086,C003399,2024-06-15,2024-06-22,2024-07-03,48052.9,19139.42,PAGADO,completo
PG00000087,C001534,2026-06-22,2026-06-25,2026-06-29,10326.45,11495.78,PAGADO,completo
PG00000088,C001534,2026-07-01,2026-07-01,2026-07-10,1634.66,9270.61,PAGADO,completo
PG00000089,C001534,2026-08-07,2026-08-07,2026-08-07,12977.19,4171.91,PAGADO,completo
PG00000090,C700037,2024-07-13,2024-07-13,2024-07-18,411296.81,411296.81,PAGADO,parcial
PG00000091,C002649,2025-05-11,2025-05-19,2025-06-08,69146.82,69146.82,PAGADO,completo
PG00000092,C001509,2023-04-19,2023-04-23,2023-04-29,64864.44,87804.27,PAGADO,completo
PG00000093,C001509,2023-05-22,2023-05-28,2023-06-02,78545.54,62191.25,PAGADO,completo
PG00000094,C001509,2023-06-15,2023-06-23,2023-07-10,207549.25,200963.71,PAGADO,completo
PG00000095,C001618,2026-07-22,2026-07-24,2026-08-07,93779.77,85504.22,PAGADO,demorado
PG00000096,C001618,2026-08-07,2026-08-07,2026-08-07,54441.0,62716.55,PAGADO,demorado
PG00000097,C002344,2023-10-25,2023-10-27,2023-11-06,2013.42,4166.38,PAGADO,parcial
PG00000098,C002344,2023-11-17,2023-11-26,2023-12-02,4539.21,2386.25,PAGADO,parcial
PG00000099,C001515,2025-01-03,2025-01-11,,17690.19,0.0,PENDIENTE,pendiente
PG00000100,C002069,2023-12-28,2024-01-03,2024-01-05,73748.64,73748.64,PAGADO,completo
PG00000101,C000211,2023-03-12,2023-03-14,2023-06-10,11995.72,14318.23,PAGADO,demorado
PG00000102,C000211,2023-05-01,2023-05-10,2023-08-13,7987.78,5665.27,PAGADO,demorado
PG00000103,C001945,2024-11-08,2024-11-17,2024-12-03,27407.06,16009.79,PAGADO,completo
PG00000104,C001945,2024-12-01,2024-12-02,2024-12-17,15788.71,27185.98,PAGADO,completo
PG00000105,C002530,2024-07-01,2024-07-10,2024-07-22,20877.28,29235.51,PAGADO,completo
PG00000106,C002530,2024-07-27,2024-07-28,2024-08-12,41098.02,56892.14,PAGADO,completo
PG00000107,C002530,2024-08-07,2024-08-08,2024-08-10,33420.03,9267.68,PAGADO,completo
PG00000108,C002138,2025-03-12,2025-03-19,2025-04-08,28263.47,22720.88,PAGADO,completo
PG00000109,C002138,2025-04-08,2025-04-12,2025-04-12,40781.02,90088.08,PAGADO,completo
PG00000110,C002138,2025-05-22,2025-05-29,2025-06-05,85608.25,41843.78,PAGADO,completo
PG00000111,C002801,2024-12-11,2024-12-19,2024-12-23,29616.72,29616.72,PAGADO,completo
PG00000112,C003022,2025-01-05,2025-01-07,,2421.01,0.0,PENDIENTE,pendiente
PG00000113,C001837,2024-01-22,2024-01-26,2024-02-04,119286.14,131215.79,PAGADO,completo
PG00000114,C001837,2024-03-03,2024-03-03,2024-03-23,95992.4,84062.75,PAGADO,completo
PG00000115,C700071,2024-04-10,2024-04-12,2024-05-01,505914.32,505914.32,PAGADO,parcial
PG00000116,C002483,2023-05-29,2023-06-02,2023-06-07,61486.17,61486.17,PAGADO,completo
PG00000117,C003137,2023-06-20,2023-06-30,2023-09-25,18997.42,18997.42,PAGADO,demorado
PG00000118,C800087,2026-05-10,2026-05-19,2026-05-26,16242.58,40949.36,PAGADO,completo
PG00000119,C800087,2026-06-01,2026-06-04,2026-06-05,93559.82,33108.92,PAGADO,completo
PG00000120,C800087,2026-06-16,2026-06-23,2026-07-12,62104.44,97848.56,PAGADO,completo
PG00000121,C001173,2024-01-20,2024-01-20,2024-01-29,78848.06,169013.23,PAGADO,completo
PG00000122,C001173,2024-01-02,2024-01-04,2024-01-14,152340.96,62175.79,PAGADO,completo
PG00000123,C700202,2024-03-26,2024-04-04,2024-04-10,773661.27,773661.27,PAGADO,completo
PG00000124,C001051,2026-08-07,2026-08-07,2026-08-07,7504.38,10215.73,PAGADO,parcial
PG00000125,C001051,2026-08-07,2026-08-07,2026-08-07,17594.9,14883.55,PAGADO,parcial
PG00000126,C001393,2023-07-04,2023-07-14,2023-08-03,16686.28,16686.28,PAGADO,parcial
PG00000127,C000494,2025-03-09,2025-03-13,,64013.27,0.0,PENDIENTE,pendiente
PG00000128,C002991,2026-01-28,2026-02-03,2026-04-17,8915.62,13094.68,PAGADO,demorado
PG00000129,C002991,2026-02-08,2026-02-17,2026-04-25,94850.26,90671.2,PAGADO,demorado
PG00000130,C002130,2024-08-13,2024-08-17,2024-09-06,18608.21,18608.21,PAGADO,completo
PG00000131,C800100,2024-02-18,2024-02-23,2024-03-09,48038.95,9069.9,PAGADO,completo
PG00000132,C800100,2024-04-11,2024-04-19,2024-04-20,66716.35,81310.66,PAGADO,completo
PG00000133,C800100,2024-04-19,2024-04-23,2024-04-28,34806.73,59181.47,PAGADO,completo
PG00000134,C900118,2026-06-10,2026-06-13,2026-08-07,17547.52,92550.35,PAGADO,demorado
PG00000135,C900118,2026-07-13,2026-07-20,2026-08-07,265032.68,190029.85,PAGADO,demorado
PG00000136,C000912,2025-01-09,2025-01-09,2025-01-22,173081.66,173081.66,PAGADO,completo
PG00000137,C002442,2024-12-31,2024-12-31,2025-01-02,208814.42,208814.42,PAGADO,parcial
PG00000138,C002884,2025-07-19,2025-07-19,2025-08-05,8158.65,27473.37,PAGADO,parcial
PG00000139,C002884,2025-07-27,2025-08-04,2025-08-17,55513.05,36198.33,PAGADO,parcial
PG00000140,C002408,2026-07-05,2026-07-06,2026-07-15,19704.58,23812.51,PAGADO,completo
PG00000141,C002408,2026-07-29,2026-07-30,2026-08-07,26067.73,12297.81,PAGADO,completo
PG00000142,C002408,2026-08-02,2026-08-02,2026-08-07,12473.22,22135.21,PAGADO,completo
PG00000143,C002135,2023-08-19,2023-08-29,2023-09-02,88679.66,132899.99,PAGADO,completo
PG00000144,C002135,2023-09-08,2023-09-11,2023-09-17,5169.84,97715.26,PAGADO,completo
PG00000145,C002135,2023-11-05,2023-11-12,2023-11-24,209461.55,72695.8,PAGADO,completo
PG00000146,C001876,2023-12-29,2023-12-31,2024-01-02,28490.2,33410.44,PAGADO,completo
PG00000147,C001876,2024-01-13,2024-01-22,2024-02-08,9084.29,5689.23,PAGADO,completo
PG00000148,C001876,2024-02-15,2024-02-15,2024-03-06,13030.63,11505.45,PAGADO,completo
PG00000149,C700234,2025-06-18,2025-06-24,2025-07-03,108009.03,175421.54,PAGADO,completo
PG00000150,C700234,2025-07-21,2025-07-28,2025-08-10,294702.41,227289.9,PAGADO,completo
PG00000151,C002812,2024-04-10,2024-04-10,2024-04-10,11638.76,7783.98,PAGADO,completo
PG00000152,C002812,2024-04-28,2024-05-08,2024-05-24,27218.01,31323.54,PAGADO,completo
PG00000153,C002812,2024-05-28,2024-06-06,2024-06-19,18592.55,18341.8,PAGADO,completo
PG00000154,C000810,2025-10-26,2025-10-31,2025-11-07,19691.84,34227.7,PAGADO,completo
PG00000155,C000810,2025-11-11,2025-11-12,2025-11-19,34442.4,19906.54,PAGADO,completo
PG00000156,C700033,2024-07-14,2024-07-19,2024-07-23,115200.18,156308.76,PAGADO,completo
PG00000157,C700033,2024-08-18,2024-08-26,2024-09-04,53292.54,12183.96,PAGADO,completo
PG00000158,C001582,2023-04-25,2023-04-25,2023-05-10,5043.89,9632.1,PAGADO,parcial
PG00000159,C001582,2023-04-27,2023-04-28,2023-05-03,38052.74,33464.53,PAGADO,parcial
PG00000160,C001833,2025-01-25,2025-02-04,2025-02-21,347338.36,347338.36,PAGADO,completo
PG00000161,C001784,2025-12-25,2026-01-01,,36500.75,0.0,PENDIENTE,pendiente
PG00000162,C000829,2026-05-04,2026-05-05,2026-05-21,14430.4,25022.78,PAGADO,completo
PG00000163,C000829,2026-04-25,2026-05-02,2026-05-07,11631.74,1039.36,PAGADO,completo
PG00000164,C000907,2024-10-25,2024-10-27,2024-10-28,21606.21,21920.1,PAGADO,completo
PG00000165,C000907,2024-11-28,2024-11-28,2024-12-10,15617.76,25921.67,PAGADO,completo
PG00000166,C000907,2024-12-05,2024-12-12,2024-12-25,16081.85,5464.05,PAGADO,completo
PG00000167,C000150,2023-10-15,2023-10-20,2023-11-02,42790.05,42790.05,PAGADO,completo
PG00000168,C000650,2023-03-12,2023-03-12,2023-03-17,28096.37,24444.14,PAGADO,completo
PG00000169,C000650,2023-04-29,2023-05-08,2023-05-08,22396.65,26048.88,PAGADO,completo
PG00000170,C000120,2025-07-02,2025-07-07,2025-09-03,104668.03,104668.03,PAGADO,demorado
PG00000171,C900295,2026-05-03,2026-05-04,2026-05-08,50153.57,29259.86,PAGADO,completo
PG00000172,C900295,2026-05-18,2026-05-19,2026-05-23,108079.04,164867.44,PAGADO,completo
PG00000173,C900295,2026-06-25,2026-07-05,2026-07-25,126635.13,90740.44,PAGADO,completo
PG00000174,C002741,2025-08-11,2025-08-20,2025-09-07,3275.81,552.74,PAGADO,completo
PG00000175,C002741,2025-08-19,2025-08-22,2025-08-30,1175.48,1099.83,PAGADO,completo
PG00000176,C002741,2025-08-19,2025-08-28,2025-09-12,1741.46,4540.18,PAGADO,completo
PG00000177,C002985,2023-06-21,2023-06-29,2023-07-03,444836.69,444836.69,PAGADO,completo
PG00000178,C900221,2025-04-07,2025-04-07,2025-04-26,416656.08,416656.08,PAGADO,completo
PG00000179,C000468,2024-04-14,2024-04-14,,12490.9,0.0,PENDIENTE,pendiente
PG00000180,C001025,2024-08-12,2024-08-16,2024-08-26,32176.39,32176.39,PAGADO,completo
PG00000181,C000879,2026-01-17,2026-01-27,2026-04-21,14521.98,14317.18,PAGADO,demorado
PG00000182,C000879,2026-02-11,2026-02-12,2026-05-13,8295.03,8499.83,PAGADO,demorado
PG00000183,C000096,2023-11-06,2023-11-08,2023-11-17,122263.15,60303.08,PAGADO,completo
PG00000184,C000096,2023-11-09,2023-11-09,2023-11-11,91890.11,153850.18,PAGADO,completo
PG00000185,C800013,2025-11-09,2025-11-19,,127458.24,0.0,PENDIENTE,pendiente
PG00000186,C900284,2026-01-25,2026-01-28,,236890.01,0.0,PENDIENTE,pendiente
PG00000187,C001829,2024-03-07,2024-03-17,2024-03-22,21246.99,19526.39,PAGADO,completo
PG00000188,C001829,2024-04-01,2024-04-07,2024-04-07,18426.89,20147.49,PAGADO,completo
PG00000189,C900197,2025-08-07,2025-08-12,2025-08-22,235691.22,148208.28,PAGADO,completo
PG00000190,C900197,2025-08-30,2025-09-03,2025-09-19,357875.5,445358.44,PAGADO,completo
PG00000191,C000149,2026-01-27,2026-01-28,,21949.56,0.0,PENDIENTE,pendiente
PG00000192,C002683,2024-02-14,2024-02-21,2024-02-24,136261.9,67778.37,PAGADO,completo
PG00000193,C002683,2024-02-10,2024-02-11,2024-03-01,44928.49,113412.02,PAGADO,completo
PG00000194,C700218,2025-09-08,2025-09-10,2025-09-19,288905.35,30489.11,PAGADO,completo
PG00000195,C700218,2025-10-21,2025-10-31,2025-11-18,84134.19,342550.43,PAGADO,completo
PG00000196,C900166,2025-11-13,2025-11-22,2025-11-28,46631.95,25739.32,PAGADO,completo
PG00000197,C900166,2026-01-04,2026-01-04,2026-01-14,148609.49,86728.34,PAGADO,completo
PG00000198,C900166,2026-01-14,2026-01-17,2026-01-20,18026.16,100799.94,PAGADO,completo
PG00000199,C002177,2026-03-05,2026-03-08,2026-05-12,106840.67,106840.67,PAGADO,demorado
PG00000200,C000999,2024-08-26,2024-09-04,2024-09-13,44605.24,44432.0,PAGADO,completo
PG00000201,C000999,2024-09-19,2024-09-22,2024-09-29,71123.68,105007.81,PAGADO,completo
PG00000202,C000999,2024-09-24,2024-10-03,2024-10-23,46206.94,12496.05,PAGADO,completo
PG00000203,C001864,2023-07-03,2023-07-05,,50979.97,0.0,PENDIENTE,pendiente
PG00000204,C001436,2024-11-24,2024-11-28,2024-12-02,255196.66,54744.55,PAGADO,completo
PG00000205,C001436,2024-12-04,2024-12-13,2024-12-15,47935.49,248387.6,PAGADO,completo
PG00000206,C000157,2023-07-28,2023-08-06,2023-11-10,12246.84,32120.32,PAGADO,demorado
PG00000207,C000157,2023-08-17,2023-08-23,2023-11-21,44901.91,25028.43,PAGADO,demorado
PG00000208,C002183,2025-11-22,2025-12-02,2025-12-20,10404.75,27409.15,PAGADO,completo
PG00000209,C002183,2025-12-31,2026-01-06,2026-01-17,44215.06,27210.66,PAGADO,completo
PG00000210,C700069,2026-04-13,2026-04-20,2026-05-03,203782.64,604567.79,PAGADO,completo
PG00000211,C700069,2026-05-04,2026-05-10,2026-05-30,663253.12,262467.97,PAGADO,completo
PG00000212,C000594,2025-08-02,2025-08-11,2025-08-14,31350.09,19743.52,PAGADO,completo
PG00000213,C000594,2025-08-15,2025-08-20,2025-09-04,25483.49,15743.54,PAGADO,completo
PG00000214,C000594,2025-09-19,2025-09-22,2025-10-07,8972.66,30319.18,PAGADO,completo
PG00000215,C000297,2023-09-27,2023-09-30,2023-11-28,75265.32,42488.81,PAGADO,demorado
PG00000216,C000297,2023-10-24,2023-10-26,2024-01-11,29902.55,62679.06,PAGADO,demorado
PG00000217,C000017,2023-06-12,2023-06-14,2023-06-26,2620.91,24634.32,PAGADO,completo
PG00000218,C000017,2023-07-24,2023-07-24,2023-08-08,43251.2,21237.79,PAGADO,completo
PG00000219,C000831,2024-12-17,2024-12-24,2025-01-02,39188.95,39188.95,PAGADO,completo
PG00000220,C001936,2025-03-18,2025-03-23,2025-03-29,24707.8,16851.22,PAGADO,completo
PG00000221,C001936,2025-03-11,2025-03-19,2025-04-05,3882.29,11738.87,PAGADO,completo
PG00000222,C750054,2025-12-29,2025-12-29,2026-01-14,42025.61,42025.61,PAGADO,parcial
PG00000223,C000555,2024-09-23,2024-09-30,2024-10-03,59422.77,59422.77,PAGADO,completo
PG00000224,C700031,2024-02-19,2024-02-28,2024-03-13,660812.44,660812.44,PAGADO,completo
PG00000225,C002323,2024-08-23,2024-08-31,2024-09-01,8562.19,8147.39,PAGADO,completo
PG00000226,C002323,2024-09-15,2024-09-23,2024-10-08,4511.93,5939.21,PAGADO,completo
PG00000227,C002323,2024-10-19,2024-10-19,2024-10-20,5223.54,4211.06,PAGADO,completo
PG00000228,C001507,2026-06-02,2026-06-03,2026-06-09,101968.97,76572.14,PAGADO,completo
PG00000229,C001507,2026-07-10,2026-07-14,2026-07-22,43822.68,180515.5,PAGADO,completo
PG00000230,C001507,2026-08-07,2026-08-07,2026-08-07,135349.3,24053.31,PAGADO,completo
PG00000231,C003497,2024-07-21,2024-07-28,2024-08-02,82011.09,43332.16,PAGADO,completo
PG00000232,C003497,2024-08-08,2024-08-11,2024-08-26,40772.13,79451.06,PAGADO,completo
PG00000233,C700162,2024-12-09,2024-12-16,,439588.63,0.0,PENDIENTE,pendiente
PG00000234,C003238,2025-05-12,2025-05-17,2025-07-26,4784.8,15328.89,PAGADO,demorado
PG00000235,C003238,2025-06-18,2025-06-25,2025-08-28,12412.2,1868.11,PAGADO,demorado
PG00000236,C002211,2024-08-06,2024-08-09,2024-08-22,56059.63,8444.02,PAGADO,completo
PG00000237,C002211,2024-08-11,2024-08-17,2024-08-18,8402.03,56017.64,PAGADO,completo
PG00000238,C000309,2024-12-20,2024-12-23,2024-12-24,138700.62,277603.58,PAGADO,parcial
PG00000239,C000309,2025-02-07,2025-02-08,2025-02-19,231228.97,92326.01,PAGADO,parcial
PG00000240,C002852,2025-03-03,2025-03-08,2025-03-21,83135.59,54051.47,PAGADO,completo
PG00000241,C002852,2025-03-20,2025-03-27,2025-04-03,25971.98,55056.1,PAGADO,completo
PG00000242,C900135,2025-09-27,2025-09-28,2025-10-09,53260.67,20743.76,PAGADO,completo
PG00000243,C900135,2025-10-07,2025-10-15,2025-10-22,10768.22,43277.26,PAGADO,completo
PG00000244,C900135,2025-10-08,2025-10-13,2025-10-27,17112.67,17120.54,PAGADO,completo
PG00000245,C000461,2024-01-11,2024-01-13,2024-02-01,46561.08,46053.57,PAGADO,completo
PG00000246,C000461,2024-02-12,2024-02-17,2024-03-02,19004.1,19511.61,PAGADO,completo
PG00000247,C800017,2025-02-18,2025-02-21,2025-03-04,247259.73,177811.6,PAGADO,completo
PG00000248,C800017,2025-04-02,2025-04-07,2025-04-19,41887.99,112521.5,PAGADO,completo
PG00000249,C800017,2025-04-05,2025-04-08,2025-04-18,96353.7,95168.32,PAGADO,completo
PG00000250,C003293,2025-07-24,2025-07-30,2025-10-09,70637.9,10362.86,PAGADO,demorado
PG00000251,C003293,2025-07-31,2025-08-10,2025-11-05,2937.02,63212.06,PAGADO,demorado
PG00000252,C001752,2024-06-17,2024-06-25,2024-07-09,40183.9,59381.05,PAGADO,parcial
PG00000253,C001752,2024-07-01,2024-07-09,2024-07-18,96097.4,76900.25,PAGADO,parcial
PG00000254,C700062,2024-11-07,2024-11-11,2024-11-18,79416.69,90033.36,PAGADO,completo
PG00000255,C700062,2024-11-05,2024-11-07,2024-11-09,297666.9,132011.22,PAGADO,completo
PG00000256,C700062,2024-11-22,2024-11-22,2024-11-27,75874.88,230913.89,PAGADO,completo
PG00000257,C001780,2024-11-11,2024-11-12,2024-11-14,35384.07,35140.26,PAGADO,completo
PG00000258,C001780,2024-12-06,2024-12-08,2024-12-27,82354.91,82598.72,PAGADO,completo
PG00000259,C800032,2025-02-17,2025-02-20,2025-03-11,24195.75,34199.95,PAGADO,completo
PG00000260,C800032,2025-02-21,2025-02-21,2025-02-23,32524.69,22520.49,PAGADO,completo
PG00000261,C003198,2026-01-09,2026-01-10,2026-01-21,51895.43,36692.19,PAGADO,sobrepago_senal
PG00000262,C003198,2026-01-22,2026-01-28,2026-02-03,12036.68,27239.92,PAGADO,sobrepago_senal
PG00000263,C001983,2024-05-13,2024-05-15,2024-05-26,218702.66,218702.66,PAGADO,completo
PG00000264,C000151,2024-05-07,2024-05-12,2024-05-12,17108.84,19775.75,PAGADO,parcial
PG00000265,C000151,2024-05-25,2024-05-27,2024-06-04,14893.0,12226.09,PAGADO,parcial
PG00000266,C001808,2025-10-10,2025-10-20,,513333.6,0.0,PENDIENTE,pendiente
PG00000267,C900236,2025-10-17,2025-10-19,2025-10-26,444515.55,196441.56,PAGADO,completo
PG00000268,C900236,2025-10-29,2025-11-08,2025-11-13,27984.93,276058.92,PAGADO,completo
PG00000269,C001157,2024-10-20,2024-10-21,2024-10-23,15878.07,15878.07,PAGADO,parcial
PG00000270,C002684,2024-12-09,2024-12-10,2024-12-15,22577.54,22577.54,PAGADO,parcial
PG00000271,C002986,2025-10-20,2025-10-24,2025-11-09,25674.07,33188.83,PAGADO,completo
PG00000272,C002986,2025-11-12,2025-11-12,2025-11-18,34418.1,72464.17,PAGADO,completo
PG00000273,C002986,2025-11-25,2025-11-30,2025-12-05,81511.37,35950.54,PAGADO,completo
PG00000274,C750051,2026-01-03,2026-01-10,2026-01-19,125273.65,50980.23,PAGADO,completo
PG00000275,C750051,2026-01-17,2026-01-26,2026-02-10,25430.94,99724.36,PAGADO,completo
PG00000276,C000497,2023-10-16,2023-10-16,2023-10-27,9724.7,8427.84,PAGADO,completo
PG00000277,C000497,2023-10-12,2023-10-12,2023-10-21,10394.57,20773.2,PAGADO,completo
PG00000278,C000497,2023-12-02,2023-12-04,2023-12-12,21977.86,12896.09,PAGADO,completo
PG00000279,C000457,2026-05-12,2026-05-21,2026-08-07,32834.55,13713.75,PAGADO,demorado
PG00000280,C000457,2026-06-19,2026-06-26,2026-08-07,28086.54,47207.34,PAGADO,demorado
PG00000281,C001586,2023-06-24,2023-06-28,2023-07-15,55354.61,24835.54,PAGADO,completo
PG00000282,C001586,2023-07-17,2023-07-25,2023-08-04,27296.28,12198.53,PAGADO,completo
PG00000283,C001586,2023-08-31,2023-09-04,2023-09-21,1875.33,47492.15,PAGADO,completo
PG00000284,C750001,2024-07-28,2024-08-02,2024-08-10,170386.92,170386.92,PAGADO,completo
PG00000285,C001612,2023-08-26,2023-08-26,2023-11-15,32229.16,18992.79,PAGADO,demorado
PG00000286,C001612,2023-09-03,2023-09-04,2023-12-02,23846.29,37082.66,PAGADO,demorado
PG00000287,C800108,2025-02-16,2025-02-21,2025-05-30,2232944.4,2232944.4,PAGADO,demorado
PG00000288,C003493,2026-04-07,2026-04-11,2026-04-24,5525.19,12476.4,PAGADO,parcial
PG00000289,C003493,2026-05-15,2026-05-21,2026-06-04,11950.09,4998.88,PAGADO,parcial
PG00000290,C000856,2025-01-24,2025-01-26,2025-02-07,33064.03,13208.35,PAGADO,parcial
PG00000291,C000856,2025-01-31,2025-02-10,2025-02-26,20651.51,40507.19,PAGADO,parcial
PG00000292,C002225,2024-03-09,2024-03-10,2024-03-20,15925.02,15925.02,PAGADO,completo
PG00000293,C002321,2026-01-07,2026-01-11,2026-01-13,30475.46,36655.84,PAGADO,completo
PG00000294,C002321,2026-02-05,2026-02-15,2026-02-19,34111.95,27931.57,PAGADO,completo
PG00000295,C000599,2023-03-24,2023-03-31,2023-04-19,208.42,2742.03,PAGADO,completo
PG00000296,C000599,2023-04-20,2023-04-28,2023-05-09,6845.61,2186.2,PAGADO,completo
PG00000297,C000599,2023-05-01,2023-05-10,2023-05-10,1762.95,3888.75,PAGADO,completo
PG00000298,C000179,2023-12-31,2024-01-05,,5553.66,0.0,PENDIENTE,pendiente
PG00000299,C003125,2025-11-14,2025-11-17,2025-12-07,68415.94,68415.94,PAGADO,parcial
PG00000300,C000238,2024-08-19,2024-08-24,2024-08-25,97387.27,97387.27,PAGADO,parcial
PG00000301,C900298,2024-03-06,2024-03-12,2024-03-12,38538.1,20453.77,PAGADO,completo
PG00000302,C900298,2024-04-08,2024-04-09,2024-04-11,12444.31,95462.37,PAGADO,completo
PG00000303,C900298,2024-05-03,2024-05-10,2024-05-21,90105.36,25171.63,PAGADO,completo
PG00000304,C000794,2025-11-15,2025-11-18,2026-02-22,43263.53,63553.24,PAGADO,demorado
PG00000305,C000794,2025-11-28,2025-12-06,2026-03-08,79632.38,59342.67,PAGADO,demorado
PG00000306,C000802,2024-10-16,2024-10-16,2024-11-02,343411.97,463154.76,PAGADO,completo
PG00000307,C000802,2024-11-24,2024-11-30,2024-12-05,484353.31,364610.52,PAGADO,completo
PG00000308,C001391,2024-06-27,2024-07-04,2024-07-12,53669.65,46679.73,PAGADO,completo
PG00000309,C001391,2024-07-07,2024-07-11,2024-07-15,22532.1,29522.02,PAGADO,completo
PG00000310,C000490,2024-07-21,2024-07-24,2024-08-03,12676.34,12676.34,PAGADO,completo
PG00000311,C000008,2025-08-09,2025-08-13,2025-08-13,20243.96,20243.96,PAGADO,completo
PG00000312,C900253,2026-05-08,2026-05-14,2026-07-13,182599.26,182599.26,PAGADO,demorado
PG00000313,C001973,2025-06-09,2025-06-15,2025-08-08,42225.17,42225.17,PAGADO,demorado
PG00000314,C003291,2023-04-14,2023-04-23,2023-04-25,200550.61,116984.59,PAGADO,completo
PG00000315,C003291,2023-05-29,2023-05-29,2023-06-04,207968.88,291534.9,PAGADO,completo
PG00000316,C001665,2023-01-14,2023-01-16,2023-04-30,4445.95,7214.26,PAGADO,demorado
PG00000317,C001665,2023-02-13,2023-02-15,2023-05-14,15369.71,12601.4,PAGADO,demorado
PG00000318,C000175,2023-08-08,2023-08-09,2023-08-18,886.6,1809.14,PAGADO,completo
PG00000319,C000175,2023-08-09,2023-08-18,2023-09-07,1233.59,909.18,PAGADO,completo
PG00000320,C000175,2023-09-21,2023-09-23,2023-10-06,1075.01,476.88,PAGADO,completo
PG00000321,C000270,2024-08-14,2024-08-22,2024-09-11,3099.92,7221.21,PAGADO,completo
PG00000322,C000270,2024-09-05,2024-09-14,2024-10-03,7480.82,3359.53,PAGADO,completo
PG00000323,C002796,2025-06-03,2025-06-04,2025-06-09,13372.16,5127.02,PAGADO,completo
PG00000324,C002796,2025-06-06,2025-06-10,2025-06-18,16196.92,24442.06,PAGADO,completo
PG00000325,C001787,2025-09-13,2025-09-19,2025-10-01,41452.37,41452.37,PAGADO,completo
PG00000326,C700208,2025-02-12,2025-02-18,2025-03-03,618504.46,618504.46,PAGADO,completo
PG00000327,C002696,2025-06-24,2025-06-25,2025-07-01,59065.52,19860.83,PAGADO,completo
PG00000328,C002696,2025-07-16,2025-07-17,2025-07-28,15398.93,53849.29,PAGADO,completo
PG00000329,C002696,2025-07-11,2025-07-15,2025-07-24,33297.03,34051.36,PAGADO,completo
PG00000330,C000691,2024-11-28,2024-12-07,2024-12-08,48163.24,52474.13,PAGADO,completo
PG00000331,C000691,2025-01-08,2025-01-18,2025-01-20,43783.56,39472.67,PAGADO,completo
PG00000332,C700103,2025-11-13,2025-11-18,2025-12-08,141158.56,644847.64,PAGADO,completo
PG00000333,C700103,2025-12-12,2025-12-12,2025-12-26,515662.78,49161.26,PAGADO,completo
PG00000334,C700103,2025-11-25,2025-11-26,2025-12-08,160434.84,123247.28,PAGADO,completo
PG00000335,C002110,2023-09-02,2023-09-05,2023-09-19,15848.19,15848.19,PAGADO,completo
PG00000336,C000568,2025-01-16,2025-01-18,2025-03-24,251696.21,251696.21,PAGADO,demorado
PG00000337,C001370,2025-07-09,2025-07-11,2025-07-16,6603.08,7257.23,PAGADO,completo
PG00000338,C001370,2025-07-07,2025-07-10,2025-07-11,24405.47,8828.44,PAGADO,completo
PG00000339,C001370,2025-07-20,2025-07-29,2025-08-14,6136.34,21059.22,PAGADO,completo
PG00000340,C000308,2024-10-15,2024-10-20,2024-10-23,95573.62,95573.62,PAGADO,parcial
PG00000341,C001001,2024-06-28,2024-07-04,2024-07-17,17034.85,17034.85,PAGADO,completo
PG00000342,C000438,2023-08-04,2023-08-04,2023-08-12,29324.56,29324.56,PAGADO,completo
PG00000343,C900063,2026-04-18,2026-04-23,2026-07-16,191640.27,191640.27,PAGADO,demorado
PG00000344,C003276,2026-02-24,2026-03-03,2026-03-18,41189.89,41189.89,PAGADO,parcial
PG00000345,C000843,2025-05-28,2025-06-04,2025-06-23,90886.87,90886.87,PAGADO,completo
PG00000346,C000721,2024-09-04,2024-09-10,2024-09-11,6889.55,32741.02,PAGADO,parcial
PG00000347,C000721,2024-10-22,2024-10-24,2024-10-27,34376.19,8524.72,PAGADO,parcial
PG00000348,C900176,2025-09-21,2025-10-01,2025-10-21,320904.28,7565.45,PAGADO,completo
PG00000349,C900176,2025-09-22,2025-09-24,2025-10-08,69598.8,382937.63,PAGADO,completo
PG00000350,C000315,2025-10-02,2025-10-09,2025-12-26,4317.14,25068.17,PAGADO,demorado
PG00000351,C000315,2025-10-15,2025-10-19,2026-01-04,36138.45,15387.42,PAGADO,demorado
PG00000352,C000915,2026-06-11,2026-06-12,2026-06-27,64809.99,64809.99,PAGADO,completo
PG00000353,C001767,2023-01-31,2023-02-07,2023-02-10,4447.34,8631.6,PAGADO,completo
PG00000354,C001767,2023-03-10,2023-03-20,2023-03-27,30928.85,26744.59,PAGADO,completo
PG00000355,C001532,2023-09-23,2023-09-29,2023-10-01,56677.49,37739.49,PAGADO,completo
PG00000356,C001532,2023-11-10,2023-11-20,2023-11-27,31626.59,29980.36,PAGADO,completo
PG00000357,C001532,2023-11-30,2023-12-07,2023-12-19,26515.47,47099.7,PAGADO,completo
PG00000358,C001255,2025-01-11,2025-01-13,2025-01-30,18445.71,18872.8,PAGADO,completo
PG00000359,C001255,2025-03-01,2025-03-10,2025-03-10,32243.58,31091.13,PAGADO,completo
PG00000360,C001255,2025-03-07,2025-03-14,2025-03-19,25016.35,25741.71,PAGADO,completo
PG00000361,C001104,2025-01-13,2025-01-15,,8071.39,0.0,PENDIENTE,pendiente
PG00000362,C000670,2023-08-13,2023-08-14,2023-08-19,60829.42,150380.69,PAGADO,completo
PG00000363,C000670,2023-08-23,2023-08-23,2023-08-26,240506.95,150955.68,PAGADO,completo
PG00000364,C002932,2026-05-31,2026-06-10,2026-06-29,56818.64,29939.33,PAGADO,sobrepago_senal
PG00000365,C002932,2026-06-16,2026-06-16,2026-06-18,21317.64,48196.95,PAGADO,sobrepago_senal
PG00000366,C002509,2026-02-15,2026-02-18,2026-02-20,316457.06,316457.06,PAGADO,completo
PG00000367,C001861,2024-02-03,2024-02-13,2024-02-26,63380.12,63380.12,PAGADO,sobrepago_senal
PG00000368,C001068,2023-11-02,2023-11-12,2023-11-16,142653.91,142653.91,PAGADO,completo
PG00000369,C000084,2024-04-06,2024-04-14,2024-06-20,87995.23,87995.23,PAGADO,demorado
PG00000370,C800011,2024-10-28,2024-11-03,2024-11-12,199153.62,199153.62,PAGADO,completo
PG00000371,C002381,2023-03-25,2023-03-26,2023-04-05,100977.68,100977.68,PAGADO,completo
PG00000372,C001228,2024-05-31,2024-06-06,2024-06-10,11372.65,15467.65,PAGADO,completo
PG00000373,C001228,2024-07-09,2024-07-16,2024-07-31,44724.39,40629.39,PAGADO,completo
PG00000374,C002844,2023-06-30,2023-07-03,2023-07-22,39273.21,100115.72,PAGADO,completo
PG00000375,C002844,2023-07-23,2023-08-02,2023-08-22,121349.02,60506.51,PAGADO,completo
PG00000376,C001751,2024-08-04,2024-08-09,2024-08-15,6034.31,19773.84,PAGADO,completo
PG00000377,C001751,2024-09-08,2024-09-14,2024-09-23,6014.9,8991.93,PAGADO,completo
PG00000378,C001751,2024-08-29,2024-09-08,2024-09-25,26820.11,10103.55,PAGADO,completo
PG00000379,C001807,2023-08-14,2023-08-15,2023-08-21,25119.22,25119.22,PAGADO,completo
PG00000380,C002174,2024-11-19,2024-11-19,,56372.01,0.0,PENDIENTE,pendiente
PG00000381,C002654,2023-06-19,2023-06-29,2023-07-06,3993.27,1352.4,PAGADO,completo
PG00000382,C002654,2023-07-25,2023-07-28,2023-08-13,3735.7,10299.96,PAGADO,completo
PG00000383,C002654,2023-08-16,2023-08-18,2023-09-07,7049.59,3126.2,PAGADO,completo
PG00000384,C900301,2025-06-26,2025-06-27,2025-07-06,46134.44,69276.17,PAGADO,completo
PG00000385,C900301,2025-07-14,2025-07-15,2025-07-24,33373.94,55918.02,PAGADO,completo
PG00000386,C900301,2025-07-08,2025-07-13,2025-07-29,60098.93,14413.12,PAGADO,completo
PG00000387,C001186,2024-09-21,2024-09-24,2024-09-24,17279.05,28872.78,PAGADO,completo
PG00000388,C001186,2024-10-14,2024-10-14,2024-10-26,17264.79,5671.06,PAGADO,completo
PG00000389,C700015,2025-12-17,2025-12-23,2026-01-11,132426.01,116342.64,PAGADO,completo
PG00000390,C700015,2026-01-17,2026-01-24,2026-01-27,145333.56,157612.11,PAGADO,completo
PG00000391,C700015,2026-01-05,2026-01-08,2026-01-17,63489.96,67294.78,PAGADO,completo
PG00000392,C001672,2024-12-01,2024-12-04,2024-12-21,25225.7,16042.47,PAGADO,completo
PG00000393,C001672,2024-12-14,2024-12-14,2024-12-14,42141.44,51324.67,PAGADO,completo
PG00000394,C001662,2023-05-22,2023-05-24,2023-05-26,28418.7,28418.7,PAGADO,completo
PG00000395,C000506,2024-02-05,2024-02-13,,48371.01,0.0,PENDIENTE,pendiente
PG00000396,C003112,2023-03-25,2023-03-29,2023-06-24,110169.97,110169.97,PAGADO,demorado
PG00000397,C003128,2025-01-18,2025-01-21,2025-01-26,26632.42,26632.42,PAGADO,completo
PG00000398,C003130,2024-09-29,2024-10-05,2024-10-05,18925.19,5056.64,PAGADO,completo
PG00000399,C003130,2024-10-22,2024-10-31,2024-11-14,4834.27,23716.86,PAGADO,completo
PG00000400,C003130,2024-12-08,2024-12-16,2025-01-03,11268.08,6254.04,PAGADO,completo
PG00000401,C700275,2026-08-05,2026-08-07,2026-08-07,530008.58,530008.58,PAGADO,completo
PG00000402,C001281,2024-11-29,2024-12-06,2024-12-11,19387.34,23773.47,PAGADO,completo
PG00000403,C001281,2024-12-01,2024-12-02,2024-12-14,26636.36,23979.6,PAGADO,completo
PG00000404,C001281,2025-01-11,2025-01-17,2025-01-24,24989.93,23260.56,PAGADO,completo
PG00000405,C000290,2025-10-28,2025-11-02,2025-11-20,43237.13,43237.13,PAGADO,completo
PG00000406,C001114,2025-12-15,2025-12-24,2026-01-01,9775.09,11113.21,PAGADO,completo
PG00000407,C001114,2026-01-06,2026-01-14,2026-01-21,526.54,2926.38,PAGADO,completo
PG00000408,C001114,2026-02-25,2026-03-01,2026-03-07,10665.33,6927.37,PAGADO,completo
PG00000409,C001954,2023-12-24,2023-12-30,2024-01-06,25554.63,14741.21,PAGADO,completo
PG00000410,C001954,2023-12-17,2023-12-19,2023-12-20,5376.28,1805.34,PAGADO,completo
PG00000411,C001954,2024-02-10,2024-02-13,2024-02-19,2418.2,16802.56,PAGADO,completo
PG00000412,C000184,2025-09-22,2025-09-23,,43038.98,0.0,PENDIENTE,pendiente
PG00000413,C002526,2025-08-29,2025-09-03,2025-09-15,6733.49,46546.86,PAGADO,completo
PG00000414,C002526,2025-10-26,2025-10-28,2025-11-01,21248.25,20077.67,PAGADO,completo
PG00000415,C002526,2025-10-18,2025-10-20,2025-10-27,52830.93,14188.14,PAGADO,completo
PG00000416,C800071,2025-05-11,2025-05-19,2025-06-07,1182968.91,1268143.82,PAGADO,completo
PG00000417,C800071,2025-06-24,2025-06-25,2025-06-29,525744.8,440569.89,PAGADO,completo
PG00000418,C001189,2024-09-29,2024-10-08,,25643.14,0.0,PENDIENTE,pendiente
PG00000419,C001835,2025-07-16,2025-07-17,2025-07-24,31853.44,31853.44,PAGADO,completo
PG00000420,C002905,2023-05-15,2023-05-17,2023-05-31,20906.34,20906.34,PAGADO,completo
PG00000421,C003435,2026-05-17,2026-05-26,2026-05-30,37968.79,15584.23,PAGADO,parcial
PG00000422,C003435,2026-05-20,2026-05-27,2026-06-04,10141.37,32525.93,PAGADO,parcial
PG00000423,C700166,2026-01-10,2026-01-10,2026-01-14,86045.05,69410.02,PAGADO,parcial
PG00000424,C700166,2026-01-27,2026-01-31,2026-02-13,41413.05,58048.08,PAGADO,parcial
PG00000425,C000803,2025-09-21,2025-09-26,2025-10-02,15957.97,15957.97,PAGADO,completo
PG00000426,C000188,2024-04-25,2024-05-05,2024-05-06,42748.16,35176.2,PAGADO,completo
PG00000427,C000188,2024-05-02,2024-05-02,2024-05-02,70112.63,77684.59,PAGADO,completo
PG00000428,C001747,2024-06-19,2024-06-21,2024-07-09,23537.01,23537.01,PAGADO,completo
PG00000429,C001488,2024-04-09,2024-04-13,2024-04-24,52190.04,52190.04,PAGADO,completo
PG00000430,C003204,2023-02-21,2023-02-26,2023-03-08,60049.58,57902.13,PAGADO,completo
PG00000431,C003204,2023-03-19,2023-03-23,2023-04-08,34254.44,49568.62,PAGADO,completo
PG00000432,C003204,2023-02-28,2023-03-01,2023-03-14,56939.41,43772.68,PAGADO,completo
PG00000433,C000023,2025-02-19,2025-02-23,,15775.53,0.0,PENDIENTE,pendiente
PG00000434,C001419,2023-03-29,2023-04-02,2023-06-29,111809.12,111809.12,PAGADO,demorado
PG00000435,C001448,2026-05-17,2026-05-23,2026-06-10,94016.86,94016.86,PAGADO,completo
PG00000436,C001406,2023-03-15,2023-03-17,2023-03-30,24496.12,33446.69,PAGADO,completo
PG00000437,C001406,2023-03-28,2023-04-06,2023-04-06,56012.22,37054.48,PAGADO,completo
PG00000438,C001406,2023-04-17,2023-04-24,2023-05-09,23296.0,33303.17,PAGADO,completo
PG00000439,C000809,2025-10-25,2025-10-27,2025-10-28,48995.55,48995.55,PAGADO,parcial
PG00000440,C000538,2024-06-25,2024-06-25,2024-06-29,96784.4,96784.4,PAGADO,completo
PG00000441,C002653,2024-12-29,2025-01-06,2025-01-26,25740.02,13230.2,PAGADO,completo
PG00000442,C002653,2024-12-31,2025-01-07,2025-01-19,110939.41,58250.0,PAGADO,completo
PG00000443,C002653,2025-01-27,2025-02-06,2025-02-08,21293.29,86492.52,PAGADO,completo
PG00000444,C900175,2025-12-12,2025-12-22,2026-01-09,442176.95,303998.23,PAGADO,completo
PG00000445,C900175,2026-01-04,2026-01-04,2026-01-17,47997.73,186176.45,PAGADO,completo
PG00000446,C000274,2026-03-29,2026-03-29,2026-04-09,155592.06,155592.06,PAGADO,parcial
PG00000447,C750010,2024-09-05,2024-09-11,2024-09-25,33106.24,35519.61,PAGADO,completo
PG00000448,C750010,2024-09-21,2024-09-21,2024-10-09,16563.34,14149.97,PAGADO,completo
PG00000449,C001292,2023-08-20,2023-08-22,2023-09-03,8600.32,6533.29,PAGADO,completo
PG00000450,C001292,2023-08-17,2023-08-20,2023-08-27,441.61,2508.64,PAGADO,completo
PG00000451,C002250,2024-03-27,2024-04-01,2024-04-17,59836.97,94281.17,PAGADO,completo
PG00000452,C002250,2024-04-30,2024-05-03,2024-05-19,56629.25,27464.77,PAGADO,completo
PG00000453,C002250,2024-04-22,2024-04-27,2024-05-01,12807.4,7527.68,PAGADO,completo
PG00000454,C000589,2026-06-18,2026-06-27,2026-06-29,32105.03,72344.3,PAGADO,completo
PG00000455,C000589,2026-08-07,2026-08-07,2026-08-07,39970.03,45258.29,PAGADO,completo
PG00000456,C000589,2026-08-07,2026-08-07,2026-08-07,73599.06,28071.53,PAGADO,completo
PG00000457,C001042,2024-05-27,2024-06-05,2024-06-25,269574.25,94639.3,PAGADO,completo
PG00000458,C001042,2024-06-08,2024-06-17,2024-07-05,293877.96,468812.91,PAGADO,completo
PG00000459,C002867,2025-06-19,2025-06-20,2025-06-23,5565.18,3424.12,PAGADO,completo
PG00000460,C002867,2025-07-02,2025-07-12,2025-07-16,9995.74,7168.37,PAGADO,completo
PG00000461,C002867,2025-07-15,2025-07-16,2025-08-04,1079.45,6047.88,PAGADO,completo
PG00000462,C000746,2024-08-17,2024-08-26,2024-09-07,26301.41,30738.78,PAGADO,completo
PG00000463,C000746,2024-09-01,2024-09-01,2024-09-10,16790.05,12352.68,PAGADO,completo
PG00000464,C750007,2024-03-06,2024-03-11,2024-03-17,19089.06,48055.14,PAGADO,completo
PG00000465,C750007,2024-03-25,2024-03-28,2024-03-28,120583.18,91617.1,PAGADO,completo
PG00000466,C000642,2024-01-03,2024-01-04,2024-01-04,43358.73,49772.19,PAGADO,parcial
PG00000467,C000642,2024-01-07,2024-01-16,2024-01-20,49443.13,43029.67,PAGADO,parcial
PG00000468,C001588,2025-12-28,2025-12-29,2026-01-11,49267.17,49267.17,PAGADO,parcial
PG00000469,C002465,2023-07-08,2023-07-17,2023-08-01,20329.3,57279.56,PAGADO,completo
PG00000470,C002465,2023-07-05,2023-07-11,2023-07-21,64450.17,27499.91,PAGADO,completo
PG00000471,C002480,2025-06-12,2025-06-18,2025-06-23,25785.2,25785.2,PAGADO,completo
PG00000472,C000807,2025-04-28,2025-05-06,2025-05-19,69017.2,62135.06,PAGADO,completo
PG00000473,C000807,2025-06-03,2025-06-13,2025-06-24,18273.29,19819.6,PAGADO,completo
PG00000474,C000807,2025-05-27,2025-06-01,2025-06-15,29507.11,34842.94,PAGADO,completo
PG00000475,C002753,2024-10-20,2024-10-27,2024-11-16,13263.42,13263.42,PAGADO,completo
PG00000476,C001437,2023-01-28,2023-02-05,2023-02-25,83400.43,47263.04,PAGADO,completo
PG00000477,C001437,2023-03-12,2023-03-17,2023-03-31,7915.08,37145.32,PAGADO,completo
PG00000478,C001437,2023-03-21,2023-03-28,2023-04-04,41992.6,48899.75,PAGADO,completo
PG00000479,C002699,2026-01-23,2026-01-25,2026-01-25,9759.25,7297.1,PAGADO,completo
PG00000480,C002699,2026-01-27,2026-01-29,2026-02-14,29466.59,24471.78,PAGADO,completo
PG00000481,C002699,2026-02-20,2026-03-01,2026-03-04,2965.37,10422.33,PAGADO,completo
PG00000482,C700146,2025-11-22,2025-11-28,2025-12-17,15424.68,87894.8,PAGADO,completo
PG00000483,C700146,2025-12-03,2025-12-10,2025-12-14,138107.27,65637.15,PAGADO,completo
PG00000484,C002887,2025-09-11,2025-09-16,2025-12-15,64536.72,64536.72,PAGADO,demorado
PG00000485,C003270,2025-06-19,2025-06-28,2025-07-17,17269.91,20141.37,PAGADO,completo
PG00000486,C003270,2025-06-11,2025-06-20,2025-07-10,8784.73,5913.27,PAGADO,completo
PG00000487,C001056,2026-03-26,2026-04-05,2026-06-08,54381.89,54381.89,PAGADO,demorado
PG00000488,C001421,2026-04-29,2026-05-09,2026-05-28,10232.43,9489.94,PAGADO,completo
PG00000489,C001421,2026-04-29,2026-05-09,2026-05-29,46292.97,47035.46,PAGADO,completo
PG00000490,C000838,2024-10-03,2024-10-08,2024-10-23,985.6,3627.52,PAGADO,completo
PG00000491,C000838,2024-11-15,2024-11-17,2024-11-26,4815.62,2173.7,PAGADO,completo
PG00000492,C001897,2025-03-04,2025-03-07,2025-03-17,73325.73,36362.98,PAGADO,completo
PG00000493,C001897,2025-04-03,2025-04-04,2025-04-10,32931.69,46620.73,PAGADO,completo
PG00000494,C001897,2025-04-16,2025-04-21,2025-05-10,3489.53,26763.24,PAGADO,completo
PG00000495,C000734,2025-11-21,2025-11-27,2025-11-29,21013.25,21013.25,PAGADO,completo
PG00000496,C001427,2023-02-21,2023-02-26,2023-03-06,138264.36,138264.36,PAGADO,completo
PG00000497,C002661,2026-07-29,2026-08-01,2026-08-07,149507.36,149507.36,PAGADO,parcial
PG00000498,C002186,2024-03-19,2024-03-19,2024-03-22,25903.11,25903.11,PAGADO,completo
PG00000499,C000196,2026-01-07,2026-01-12,2026-01-31,48585.19,28363.56,PAGADO,parcial
PG00000500,C000196,2026-01-24,2026-01-25,2026-02-04,52838.25,73059.88,PAGADO,parcial
PG00000501,C000371,2025-09-02,2025-09-12,2025-09-12,71978.01,45519.25,PAGADO,completo
PG00000502,C000371,2025-10-01,2025-10-04,2025-10-12,24496.6,50955.36,PAGADO,completo
PG00000503,C000220,2023-11-13,2023-11-19,2024-02-03,60750.34,60750.34,PAGADO,demorado
PG00000504,C002031,2024-10-30,2024-11-08,2024-11-12,39065.77,8981.84,PAGADO,completo
PG00000505,C002031,2024-11-01,2024-11-10,2024-11-26,55025.6,85109.53,PAGADO,completo
PG00000506,C000318,2025-10-07,2025-10-12,2025-10-14,4846.29,1651.59,PAGADO,completo
PG00000507,C000318,2025-11-10,2025-11-12,2025-11-26,9147.94,12342.64,PAGADO,completo
PG00000508,C001497,2026-04-30,2026-04-30,2026-05-13,38654.82,38654.82,PAGADO,completo
PG00000509,C001479,2024-05-25,2024-05-29,,28913.62,0.0,PENDIENTE,pendiente
PG00000510,C000949,2025-12-05,2025-12-09,2025-12-15,29729.93,147089.27,PAGADO,completo
PG00000511,C000949,2026-01-08,2026-01-16,2026-01-22,273666.05,96458.47,PAGADO,completo
PG00000512,C000949,2026-01-17,2026-01-20,2026-01-20,72435.14,132283.38,PAGADO,completo
PG00000513,C002610,2023-10-29,2023-11-08,2023-11-26,42216.69,41468.67,PAGADO,completo
PG00000514,C002610,2023-11-07,2023-11-07,2023-11-07,4886.24,21744.8,PAGADO,completo
PG00000515,C002610,2023-11-25,2023-12-05,2023-12-10,26290.74,10180.2,PAGADO,completo
PG00000516,C003482,2023-09-20,2023-09-26,2023-09-26,24896.85,24896.85,PAGADO,completo
PG00000517,C700283,2026-05-22,2026-05-23,,186217.41,0.0,PENDIENTE,pendiente
PG00000518,C002364,2026-07-26,2026-07-26,2026-08-07,45348.13,45348.13,PAGADO,completo
PG00000519,C001321,2025-03-13,2025-03-23,2025-04-08,72272.29,72272.29,PAGADO,parcial
PG00000520,C700067,2024-05-07,2024-05-15,2024-07-13,43776.59,73906.95,PAGADO,demorado
PG00000521,C700067,2024-05-30,2024-06-05,2024-08-06,131982.77,101852.41,PAGADO,demorado
PG00000522,C002024,2023-11-22,2023-11-24,2023-12-02,70580.2,107311.75,PAGADO,completo
PG00000523,C002024,2023-11-18,2023-11-19,2023-11-23,81278.44,37095.15,PAGADO,completo
PG00000524,C002024,2023-12-13,2023-12-22,2024-01-10,37452.19,44903.93,PAGADO,completo
PG00000525,C750019,2024-09-28,2024-10-01,2024-10-15,29796.54,29019.96,PAGADO,parcial
PG00000526,C750019,2024-10-12,2024-10-20,2024-10-25,89125.39,89901.97,PAGADO,parcial
PG00000527,C000296,2024-01-04,2024-01-10,2024-01-26,13944.8,13944.8,PAGADO,completo
PG00000528,C002633,2026-02-04,2026-02-06,2026-02-20,152320.67,150077.86,PAGADO,completo
PG00000529,C002633,2026-02-06,2026-02-07,2026-02-24,92308.41,94551.22,PAGADO,completo
PG00000530,C700073,2024-03-15,2024-03-17,2024-03-22,689097.76,689097.76,PAGADO,completo
PG00000531,C000314,2026-01-01,2026-01-06,2026-01-19,10302.18,7231.03,PAGADO,completo
PG00000532,C000314,2026-01-30,2026-02-05,2026-02-18,18591.83,21662.98,PAGADO,completo
PG00000533,C000432,2026-03-28,2026-04-07,2026-04-11,12049.95,12049.95,PAGADO,parcial
PG00000534,C001044,2025-11-29,2025-12-06,2025-12-19,35463.0,22093.46,PAGADO,completo
PG00000535,C001044,2025-12-14,2025-12-22,2026-01-02,18069.44,31438.98,PAGADO,completo
PG00000536,C000205,2026-02-01,2026-02-05,2026-02-13,528806.34,404660.65,PAGADO,completo
PG00000537,C000205,2026-03-22,2026-03-28,2026-04-12,464913.76,589059.45,PAGADO,completo
PG00000538,C000366,2024-09-18,2024-09-28,2024-10-01,119105.05,119105.05,PAGADO,completo
PG00000539,C800006,2024-11-06,2024-11-14,2024-11-30,208754.48,67044.05,PAGADO,completo
PG00000540,C800006,2024-11-24,2024-11-27,2024-12-13,110668.82,252379.25,PAGADO,completo
PG00000541,C800048,2025-12-25,2025-12-28,2026-01-13,1176671.79,84601.62,PAGADO,completo
PG00000542,C800048,2026-01-17,2026-01-26,2026-02-09,151965.28,1244035.45,PAGADO,completo
PG00000543,C000718,2025-06-21,2025-06-22,2025-06-30,111766.06,31744.29,PAGADO,completo
PG00000544,C000718,2025-06-27,2025-07-04,2025-07-22,18694.95,98716.72,PAGADO,completo
PG00000545,C900007,2024-05-25,2024-05-28,2024-09-04,332052.14,332052.14,PAGADO,demorado
PG00000546,C001749,2025-02-13,2025-02-17,2025-03-04,37714.91,21282.97,PAGADO,completo
PG00000547,C001749,2025-02-21,2025-02-23,2025-03-14,23171.33,39603.27,PAGADO,completo
PG00000548,C001174,2023-10-05,2023-10-09,2023-10-27,19229.81,18363.06,PAGADO,completo
PG00000549,C001174,2023-11-22,2023-11-25,2023-12-01,9483.25,19306.69,PAGADO,completo
PG00000550,C001174,2023-12-12,2023-12-21,2024-01-04,21434.51,12477.82,PAGADO,completo
PG00000551,C002602,2023-06-13,2023-06-18,2023-06-19,4259.52,50589.33,PAGADO,completo
PG00000552,C002602,2023-06-21,2023-06-30,2023-07-09,138476.76,39602.08,PAGADO,completo
PG00000553,C002602,2023-07-11,2023-07-16,2023-07-28,21569.59,74114.46,PAGADO,completo
PG00000554,C000410,2023-11-19,2023-11-29,2024-01-27,71013.49,71013.49,PAGADO,demorado
PG00000555,C700099,2026-02-24,2026-02-28,2026-03-09,178332.37,137233.02,PAGADO,completo
PG00000556,C700099,2026-02-19,2026-02-27,2026-03-14,32200.96,73300.31,PAGADO,completo
PG00000557,C001610,2023-11-20,2023-11-20,2023-12-10,12317.77,9314.68,PAGADO,completo
PG00000558,C001610,2023-12-11,2023-12-18,2024-01-02,10779.35,13782.44,PAGADO,completo
PG00000559,C000033,2026-05-14,2026-05-23,2026-05-23,183510.55,183510.55,PAGADO,parcial
PG00000560,C002598,2023-09-10,2023-09-16,2023-10-03,177191.18,177191.18,PAGADO,completo
PG00000561,C900306,2025-10-28,2025-10-30,2025-11-17,272056.0,272056.0,PAGADO,parcial
PG00000562,C002374,2024-06-12,2024-06-13,2024-06-20,8336.78,18688.7,PAGADO,completo
PG00000563,C002374,2024-06-25,2024-07-05,2024-07-21,12800.91,2448.99,PAGADO,completo
PG00000564,C000764,2023-12-20,2023-12-29,2024-01-16,19572.32,18895.79,PAGADO,completo
PG00000565,C000764,2023-12-30,2023-12-30,2024-01-08,21239.3,21002.14,PAGADO,completo
PG00000566,C000764,2024-01-28,2024-02-04,2024-02-16,34894.02,35807.71,PAGADO,completo
PG00000567,C000790,2025-05-02,2025-05-12,2025-08-15,9862.06,12893.52,PAGADO,demorado
PG00000568,C000790,2025-04-29,2025-04-30,2025-08-09,6607.24,3575.78,PAGADO,demorado
PG00000569,C900102,2025-09-09,2025-09-13,2025-09-24,300533.0,258549.28,PAGADO,completo
PG00000570,C900102,2025-08-31,2025-09-08,2025-09-12,264635.14,306618.86,PAGADO,completo
PG00000571,C900141,2026-05-24,2026-05-28,2026-06-06,125411.26,116095.39,PAGADO,completo
PG00000572,C900141,2026-07-08,2026-07-10,2026-07-12,105555.72,114871.59,PAGADO,completo
PG00000573,C000893,2023-07-05,2023-07-12,2023-08-01,9494.18,8568.01,PAGADO,sobrepago_senal
PG00000574,C000893,2023-08-14,2023-08-18,2023-08-31,1896.04,2822.21,PAGADO,sobrepago_senal
PG00000575,C002401,2026-05-27,2026-06-03,2026-06-21,3083.13,3821.0,PAGADO,completo
PG00000576,C002401,2026-07-11,2026-07-16,2026-07-19,2107.1,1369.23,PAGADO,completo
PG00000577,C700025,2024-09-14,2024-09-19,2024-10-01,545864.53,545864.53,PAGADO,completo
PG00000578,C002182,2024-06-18,2024-06-25,2024-07-06,17410.63,17410.63,PAGADO,completo
PG00000579,C000800,2023-11-02,2023-11-02,2023-11-22,22777.15,17946.46,PAGADO,completo
PG00000580,C000800,2023-11-08,2023-11-15,2023-11-18,38280.63,39416.41,PAGADO,completo
PG00000581,C000800,2023-12-01,2023-12-06,2023-12-14,3781.88,7476.79,PAGADO,completo
PG00000582,C002880,2023-12-03,2023-12-13,2023-12-13,120996.73,120996.73,PAGADO,completo
PG00000583,C000414,2025-11-04,2025-11-10,2025-11-16,8369.81,11926.38,PAGADO,completo
PG00000584,C000414,2025-11-17,2025-11-23,2025-12-08,11493.34,20527.47,PAGADO,completo
PG00000585,C000414,2025-11-24,2025-12-01,2025-12-18,15350.12,2759.42,PAGADO,completo
PG00000586,C900134,2026-01-16,2026-01-20,2026-01-24,148781.38,285531.93,PAGADO,completo
PG00000587,C900134,2026-01-31,2026-02-10,2026-02-24,208742.77,117031.24,PAGADO,completo
PG00000588,C900134,2026-03-16,2026-03-21,2026-03-31,202009.56,156970.54,PAGADO,completo
PG00000589,C001170,2024-04-29,2024-05-01,2024-05-17,32379.28,118658.5,PAGADO,completo
PG00000590,C001170,2024-05-23,2024-05-26,2024-05-27,225911.39,139632.17,PAGADO,completo
PG00000591,C001451,2023-04-02,2023-04-12,2023-04-23,90533.32,90533.32,PAGADO,completo
PG00000592,C000254,2024-01-14,2024-01-18,2024-01-19,27963.96,27963.96,PAGADO,parcial
PG00000593,C001377,2025-08-18,2025-08-18,2025-08-22,101960.35,101960.35,PAGADO,completo
PG00000594,C900276,2024-05-28,2024-06-04,2024-06-05,331140.12,331140.12,PAGADO,parcial
PG00000595,C700131,2025-01-24,2025-01-28,2025-02-08,75705.64,75705.64,PAGADO,completo
PG00000596,C900017,2024-10-18,2024-10-23,2024-11-01,445450.54,445450.54,PAGADO,sobrepago_senal
PG00000597,C000598,2025-05-14,2025-05-22,2025-05-31,35109.7,36106.6,PAGADO,completo
PG00000598,C000598,2025-05-27,2025-06-05,2025-06-07,14023.32,64556.32,PAGADO,completo
PG00000599,C000598,2025-06-10,2025-06-20,2025-07-04,94393.87,42863.97,PAGADO,completo
PG00000600,C003063,2026-02-25,2026-03-02,2026-03-11,9255.83,5037.31,PAGADO,completo
PG00000601,C003063,2026-04-05,2026-04-07,2026-04-13,25616.4,9250.33,PAGADO,completo
PG00000602,C003063,2026-04-03,2026-04-13,2026-04-22,4894.36,25478.95,PAGADO,completo
PG00000603,C002297,2025-10-19,2025-10-23,2025-10-30,11674.55,11674.55,PAGADO,completo
PG00000604,C700257,2024-11-01,2024-11-07,2024-11-23,347172.36,347172.36,PAGADO,completo
PG00000605,C003010,2024-11-13,2024-11-23,2024-12-11,4652.81,3998.45,PAGADO,completo
PG00000606,C003010,2024-11-25,2024-11-27,2024-12-04,860.8,3272.79,PAGADO,completo
PG00000607,C003010,2024-12-15,2024-12-19,2025-01-05,3658.74,1901.11,PAGADO,completo
PG00000608,C001937,2024-01-29,2024-02-06,2024-02-23,4050.38,6746.14,PAGADO,completo
PG00000609,C001937,2024-01-13,2024-01-21,2024-02-03,5504.12,2808.36,PAGADO,completo
PG00000610,C002148,2024-12-27,2025-01-01,2025-01-01,20130.85,18931.59,PAGADO,parcial
PG00000611,C002148,2025-01-05,2025-01-10,2025-01-19,12583.38,13782.64,PAGADO,parcial
PG00000612,C002532,2025-11-12,2025-11-16,2025-11-24,1158.15,14746.97,PAGADO,completo
PG00000613,C002532,2025-12-04,2025-12-13,2025-12-17,20958.99,7370.17,PAGADO,completo
PG00000614,C002451,2023-08-25,2023-09-04,2023-09-05,122316.27,122316.27,PAGADO,completo
PG00000615,C001641,2025-10-15,2025-10-16,2025-10-21,9345.15,9345.15,PAGADO,completo
PG00000616,C000964,2025-09-30,2025-10-10,2025-10-24,15724.31,18729.92,PAGADO,completo
PG00000617,C000964,2025-11-08,2025-11-12,2025-12-02,21906.87,18901.26,PAGADO,completo
PG00000618,C000093,2026-06-06,2026-06-08,2026-06-15,28009.02,33313.99,PAGADO,parcial
PG00000619,C000093,2026-07-18,2026-07-28,2026-08-06,18089.84,12784.87,PAGADO,parcial
PG00000620,C700126,2026-03-02,2026-03-12,2026-05-12,328162.87,201262.36,PAGADO,demorado
PG00000621,C700126,2026-03-02,2026-03-03,2026-05-08,146602.15,273502.66,PAGADO,demorado
PG00000622,C700088,2025-01-22,2025-01-31,2025-02-11,104584.39,138534.93,PAGADO,completo
PG00000623,C700088,2025-02-03,2025-02-11,2025-02-18,117432.32,83481.78,PAGADO,completo
PG00000624,C002016,2024-12-18,2024-12-22,2025-01-05,7810.61,8983.87,PAGADO,completo
PG00000625,C002016,2025-01-23,2025-01-31,2025-02-09,14287.1,13113.84,PAGADO,completo
PG00000626,C700048,2024-06-04,2024-06-10,2024-06-27,6200.23,4403.14,PAGADO,completo
PG00000627,C700048,2024-06-26,2024-07-03,2024-07-06,135011.07,113565.78,PAGADO,completo
PG00000628,C700048,2024-08-13,2024-08-14,2024-08-30,169592.93,192835.31,PAGADO,completo
PG00000629,C002778,2024-07-27,2024-07-30,2024-08-10,27514.02,24619.44,PAGADO,completo
PG00000630,C002778,2024-08-07,2024-08-17,2024-08-27,24996.35,34696.94,PAGADO,completo
PG00000631,C002778,2024-08-20,2024-08-28,2024-09-04,16324.95,9518.94,PAGADO,completo
PG00000632,C000897,2023-04-07,2023-04-16,2023-04-16,19670.06,24143.73,PAGADO,parcial
PG00000633,C000897,2023-05-18,2023-05-26,2023-05-26,11917.62,7443.95,PAGADO,parcial
PG00000634,C000298,2025-09-04,2025-09-10,2025-09-20,26649.18,26649.18,PAGADO,completo
PG00000635,C900277,2024-10-13,2024-10-13,2024-10-15,233787.82,39882.63,PAGADO,completo
PG00000636,C900277,2024-10-17,2024-10-23,2024-11-10,266349.78,205012.63,PAGADO,completo
PG00000637,C900277,2024-11-24,2024-12-02,2024-12-20,32118.25,287360.59,PAGADO,completo
PG00000638,C900270,2025-05-17,2025-05-21,2025-06-10,261660.97,287965.49,PAGADO,completo
PG00000639,C900270,2025-05-17,2025-05-22,2025-06-09,118148.3,91843.78,PAGADO,completo
PG00000640,C900073,2024-06-22,2024-06-26,2024-07-15,539987.75,539987.75,PAGADO,completo
PG00000641,C003173,2025-04-28,2025-05-03,2025-05-10,30506.59,30506.59,PAGADO,completo
PG00000642,C002519,2026-01-29,2026-02-05,2026-02-19,15824.75,46261.74,PAGADO,completo
PG00000643,C002519,2026-02-19,2026-02-24,2026-03-12,32423.76,1986.77,PAGADO,completo
PG00000644,C001288,2025-12-04,2025-12-06,2025-12-08,51537.47,51537.47,PAGADO,completo
PG00000645,C000621,2026-06-30,2026-07-07,2026-07-19,14669.11,14669.11,PAGADO,completo
PG00000646,C001859,2023-08-02,2023-08-07,2023-08-11,19759.91,22738.99,PAGADO,completo
PG00000647,C001859,2023-09-14,2023-09-19,2023-09-27,8354.12,3801.52,PAGADO,completo
PG00000648,C001859,2023-09-12,2023-09-18,2023-09-26,4793.25,6366.77,PAGADO,completo
PG00000649,C002392,2023-11-20,2023-11-21,2023-11-27,34999.33,66037.11,PAGADO,completo
PG00000650,C002392,2023-12-22,2023-12-31,2024-01-11,51921.56,78567.83,PAGADO,completo
PG00000651,C002392,2024-01-11,2024-01-14,2024-01-26,70416.54,12732.49,PAGADO,completo
PG00000652,C700207,2026-04-03,2026-04-10,2026-04-28,75705.64,75705.64,PAGADO,completo
PG00000653,C000551,2026-05-01,2026-05-03,2026-05-07,5470.44,3250.33,PAGADO,completo
PG00000654,C000551,2026-05-03,2026-05-12,2026-05-31,3362.3,5582.41,PAGADO,completo
PG00000655,C001498,2024-10-01,2024-10-05,2024-10-20,82153.12,27773.9,PAGADO,completo
PG00000656,C001498,2024-10-20,2024-10-20,2024-11-02,190518.94,244898.16,PAGADO,completo
PG00000657,C001872,2026-06-13,2026-06-21,2026-06-29,2021.35,788.91,PAGADO,parcial
PG00000658,C001872,2026-07-04,2026-07-08,2026-07-12,2980.25,4212.69,PAGADO,parcial
PG00000659,C001536,2024-07-01,2024-07-04,,25859.52,0.0,PENDIENTE,pendiente
PG00000660,C002857,2023-11-23,2023-12-02,2023-12-08,10047.44,15847.48,PAGADO,sobrepago_senal
PG00000661,C002857,2023-11-21,2023-11-30,2023-12-11,38280.12,32480.08,PAGADO,sobrepago_senal
PG00000662,C900064,2025-06-02,2025-06-06,2025-06-20,167889.97,167889.97,PAGADO,completo
PG00000663,C002822,2023-10-18,2023-10-18,2023-11-06,50785.39,89066.17,PAGADO,parcial
PG00000664,C002822,2023-10-14,2023-10-14,2023-10-27,56327.94,18047.16,PAGADO,parcial
PG00000665,C000759,2026-03-18,2026-03-24,2026-04-12,71042.99,57015.52,PAGADO,completo
PG00000666,C000759,2026-04-15,2026-04-24,2026-05-11,42036.16,56063.63,PAGADO,completo
PG00000667,C001627,2024-01-01,2024-01-06,2024-04-05,5435.08,14977.0,PAGADO,demorado
PG00000668,C001627,2024-01-21,2024-01-29,2024-05-03,34841.85,25299.93,PAGADO,demorado
PG00000669,C002223,2023-06-20,2023-06-25,2023-06-29,12743.12,4415.73,PAGADO,completo
PG00000670,C002223,2023-08-08,2023-08-15,2023-08-16,19305.07,27632.46,PAGADO,completo
PG00000671,C001615,2025-03-15,2025-03-22,2025-04-10,193009.96,193009.96,PAGADO,completo
PG00000672,C001344,2025-03-26,2025-04-05,2025-04-19,28781.73,28781.73,PAGADO,completo
PG00000673,C900032,2025-07-24,2025-07-27,2025-08-12,77934.22,84121.26,PAGADO,completo
PG00000674,C900032,2025-07-29,2025-07-31,2025-08-11,260877.29,103041.97,PAGADO,completo
PG00000675,C900032,2025-08-25,2025-09-03,2025-09-09,16462.63,168110.91,PAGADO,completo
PG00000676,C001210,2026-04-04,2026-04-06,2026-04-06,56529.23,28462.52,PAGADO,parcial
PG00000677,C001210,2026-05-05,2026-05-12,2026-05-17,61837.17,89903.88,PAGADO,parcial
PG00000678,C003100,2025-12-27,2026-01-01,2026-01-10,47860.57,12344.18,PAGADO,completo
PG00000679,C003100,2026-02-16,2026-02-17,2026-02-28,35478.92,28629.14,PAGADO,completo
PG00000680,C003100,2026-02-14,2026-02-20,2026-03-05,982.64,43348.81,PAGADO,completo
PG00000681,C000069,2024-11-12,2024-11-19,2024-11-24,23155.02,14580.81,PAGADO,completo
PG00000682,C000069,2024-12-29,2024-12-31,2025-01-16,68914.7,77488.91,PAGADO,completo
PG00000683,C002973,2023-12-23,2023-12-23,2024-01-01,61012.64,61012.64,PAGADO,completo
PG00000684,C900273,2024-03-01,2024-03-07,2024-03-16,4932.64,28185.6,PAGADO,completo
PG00000685,C900273,2024-03-26,2024-03-29,2024-04-03,26088.56,32817.8,PAGADO,completo
PG00000686,C900273,2024-04-17,2024-04-22,2024-04-30,44684.44,14702.24,PAGADO,completo
PG00000687,C750026,2024-03-10,2024-03-10,2024-03-10,54920.1,90909.07,PAGADO,completo
PG00000688,C750026,2024-03-11,2024-03-14,2024-03-27,101408.19,50661.77,PAGADO,completo
PG00000689,C750026,2024-03-20,2024-03-20,2024-03-31,52876.88,67634.33,PAGADO,completo
PG00000690,C001461,2023-07-23,2023-07-27,2023-07-28,15376.57,17389.99,PAGADO,completo
PG00000691,C001461,2023-07-26,2023-07-27,2023-08-15,31898.27,29884.85,PAGADO,completo
PG00000692,C000332,2025-10-09,2025-10-12,2025-10-16,79464.73,79464.73,PAGADO,completo
PG00000693,C001220,2025-11-12,2025-11-17,2025-11-24,20311.08,12739.93,PAGADO,completo
PG00000694,C001220,2025-11-14,2025-11-20,2025-11-22,6396.41,26630.9,PAGADO,completo
PG00000695,C001220,2025-12-29,2025-12-29,2026-01-07,33911.36,21248.02,PAGADO,completo
PG00000696,C000239,2024-02-26,2024-03-05,2024-03-17,62944.24,42742.48,PAGADO,completo
PG00000697,C000239,2024-04-16,2024-04-16,2024-04-25,6977.33,15519.69,PAGADO,completo
PG00000698,C000239,2024-05-04,2024-05-09,2024-05-11,34850.28,46509.68,PAGADO,completo
PG00000699,C000605,2026-01-27,2026-02-05,2026-02-05,158023.33,158023.33,PAGADO,completo
PG00000700,C001162,2025-05-15,2025-05-15,2025-05-16,76050.94,76050.94,PAGADO,completo
PG00000701,C002664,2023-07-16,2023-07-16,2023-07-21,86323.26,49891.72,PAGADO,parcial
PG00000702,C002664,2023-06-28,2023-07-05,2023-07-18,11657.23,48088.77,PAGADO,parcial
PG00000703,C001822,2024-07-06,2024-07-15,2024-07-16,44083.57,41648.07,PAGADO,parcial
PG00000704,C001822,2024-06-26,2024-06-29,2024-07-10,27797.63,30233.13,PAGADO,parcial
PG00000705,C002866,2024-05-21,2024-05-31,2024-06-16,5536.8,1398.15,PAGADO,parcial
PG00000706,C002866,2024-06-06,2024-06-10,2024-06-26,17399.39,21538.04,PAGADO,parcial
PG00000707,C800024,2024-03-22,2024-03-29,2024-04-17,122077.86,122077.86,PAGADO,completo
PG00000708,C003240,2025-04-25,2025-04-28,2025-06-18,17470.23,8264.65,PAGADO,demorado
PG00000709,C003240,2025-05-07,2025-05-14,2025-07-13,23751.86,32957.44,PAGADO,demorado
PG00000710,C001006,2023-01-30,2023-01-30,2023-02-04,86042.19,86042.19,PAGADO,completo
PG00000711,C000511,2024-03-05,2024-03-15,,136754.93,0.0,PENDIENTE,pendiente
PG00000712,C002440,2026-05-30,2026-05-30,2026-05-30,5264.03,5264.03,PAGADO,completo
PG00000713,C001703,2024-01-25,2024-01-31,2024-02-19,27469.07,35610.18,PAGADO,completo
PG00000714,C001703,2024-02-13,2024-02-19,2024-02-27,208924.92,200783.81,PAGADO,completo
PG00000715,C002179,2025-11-10,2025-11-16,2025-12-01,178848.9,181882.28,PAGADO,completo
PG00000716,C002179,2025-11-22,2025-11-28,2025-12-01,119341.58,75874.2,PAGADO,completo
PG00000717,C002179,2025-12-20,2025-12-26,2025-12-28,35792.36,76226.36,PAGADO,completo
PG00000718,C750072,2025-08-20,2025-08-25,2025-10-20,185767.89,185767.89,PAGADO,demorado
PG00000719,C002097,2025-11-20,2025-11-20,2025-12-06,60300.43,60300.43,PAGADO,completo
PG00000720,C002222,2024-11-26,2024-12-01,2024-12-17,218065.99,94664.26,PAGADO,completo
PG00000721,C002222,2024-12-28,2024-12-29,2025-01-04,33357.27,156759.0,PAGADO,completo
PG00000722,C000061,2023-07-23,2023-08-01,2023-08-02,84861.51,84861.51,PAGADO,completo
PG00000723,C002436,2024-03-22,2024-03-31,2024-04-19,45971.19,24740.46,PAGADO,completo
PG00000724,C002436,2024-04-02,2024-04-09,2024-04-14,24438.02,36367.6,PAGADO,completo
PG00000725,C002436,2024-04-19,2024-04-29,2024-05-12,101901.39,111202.54,PAGADO,completo
PG00000726,C000602,2025-01-15,2025-01-16,2025-01-26,6991.67,111992.1,PAGADO,completo
PG00000727,C000602,2025-01-16,2025-01-24,2025-01-29,42928.78,12404.92,PAGADO,completo
PG00000728,C000602,2025-02-22,2025-02-24,2025-02-28,89210.98,14734.41,PAGADO,completo
PG00000729,C000045,2024-08-11,2024-08-12,2024-08-15,12061.1,12061.1,PAGADO,completo
PG00000730,C002431,2024-05-19,2024-05-28,2024-05-28,455.1,2516.09,PAGADO,completo
PG00000731,C002431,2024-05-24,2024-05-26,2024-05-30,9025.35,10679.89,PAGADO,completo
PG00000732,C002431,2024-06-27,2024-07-07,2024-07-26,7920.14,4204.61,PAGADO,completo
PG00000733,C001578,2023-10-08,2023-10-16,2023-10-29,56702.1,84977.29,PAGADO,completo
PG00000734,C001578,2023-10-15,2023-10-25,2023-11-10,99852.05,71576.86,PAGADO,completo
PG00000735,C003275,2025-11-25,2025-11-29,2025-12-09,62571.29,62571.29,PAGADO,parcial
PG00000736,C002494,2025-12-24,2025-12-29,2026-01-03,30976.78,29368.16,PAGADO,completo
PG00000737,C002494,2026-01-11,2026-01-11,2026-01-22,143023.47,144632.09,PAGADO,completo
PG00000738,C000014,2026-05-23,2026-06-02,2026-07-20,375838.02,375838.02,PAGADO,demorado
PG00000739,C001746,2026-05-25,2026-05-31,,55020.43,0.0,PENDIENTE,pendiente
PG00000740,C002631,2024-08-27,2024-09-05,2024-11-19,8303.2,2537.34,PAGADO,demorado
PG00000741,C002631,2024-09-24,2024-10-03,2024-12-14,7236.66,13002.52,PAGADO,demorado
PG00000742,C003184,2023-09-30,2023-10-06,2023-10-08,8898.53,2948.72,PAGADO,completo
PG00000743,C003184,2023-11-03,2023-11-10,2023-11-18,4248.33,8695.6,PAGADO,completo
PG00000744,C003184,2023-11-28,2023-12-08,2023-12-16,10062.85,11565.39,PAGADO,completo
PG00000745,C700026,2024-07-05,2024-07-13,2024-07-15,208997.62,49193.1,PAGADO,completo
PG00000746,C700026,2024-07-26,2024-08-05,2024-08-23,344955.24,222156.68,PAGADO,completo
PG00000747,C700026,2024-07-11,2024-07-15,2024-07-17,115837.24,398440.32,PAGADO,completo
PG00000748,C003253,2025-11-06,2025-11-07,2025-11-21,169708.1,84144.15,PAGADO,completo
PG00000749,C003253,2025-10-19,2025-10-21,2025-11-06,170590.63,216368.67,PAGADO,completo
PG00000750,C003253,2025-12-05,2025-12-05,2025-12-12,194254.22,234040.13,PAGADO,completo
PG00000751,C003093,2026-06-08,2026-06-13,2026-06-23,48805.28,34272.59,PAGADO,completo
PG00000752,C003093,2026-07-11,2026-07-13,2026-08-01,17379.65,31912.34,PAGADO,completo
PG00000753,C001003,2025-05-06,2025-05-15,2025-05-21,878.19,811.67,PAGADO,completo
PG00000754,C001003,2025-06-13,2025-06-18,2025-06-19,1892.83,1959.35,PAGADO,completo
PG00000755,C900033,2025-08-24,2025-08-28,2025-09-13,585808.7,585808.7,PAGADO,completo
PG00000756,C003466,2023-03-01,2023-03-11,2023-03-22,193346.1,193346.1,PAGADO,completo
PG00000757,C001948,2023-06-02,2023-06-11,2023-06-16,14757.11,7527.92,PAGADO,completo
PG00000758,C001948,2023-06-01,2023-06-06,2023-06-14,8462.45,15691.64,PAGADO,completo
PG00000759,C002256,2026-01-23,2026-01-25,2026-01-28,8100.81,8100.81,PAGADO,parcial
PG00000760,C003268,2026-03-15,2026-03-15,2026-03-22,37071.85,31432.1,PAGADO,completo
PG00000761,C003268,2026-03-16,2026-03-18,2026-03-29,3680.33,14503.44,PAGADO,completo
PG00000762,C003268,2026-05-01,2026-05-10,2026-05-18,25809.68,20626.32,PAGADO,completo
PG00000763,C001038,2025-03-08,2025-03-14,2025-03-31,5450.68,14986.86,PAGADO,completo
PG00000764,C001038,2025-04-05,2025-04-15,2025-04-23,2812.34,5227.66,PAGADO,completo
PG00000765,C001038,2025-05-07,2025-05-12,2025-05-24,25142.51,13191.01,PAGADO,completo
PG00000766,C001720,2024-03-14,2024-03-16,2024-03-22,20387.81,44192.98,PAGADO,parcial
PG00000767,C001720,2024-04-16,2024-04-24,2024-04-26,76542.83,52737.66,PAGADO,parcial
PG00000768,C003341,2024-08-06,2024-08-12,2024-08-31,67240.32,67240.32,PAGADO,completo
PG00000769,C000720,2024-01-02,2024-01-07,2024-01-18,9085.43,9085.43,PAGADO,completo
PG00000770,C700038,2025-09-19,2025-09-29,2025-10-10,252506.7,422994.03,PAGADO,completo
PG00000771,C700038,2025-10-19,2025-10-24,2025-11-11,393509.56,223022.23,PAGADO,completo
PG00000772,C001022,2024-09-17,2024-09-21,2024-11-23,57394.01,57394.01,PAGADO,demorado
PG00000773,C003155,2023-05-29,2023-05-31,,6319.84,0.0,PENDIENTE,pendiente
PG00000774,C000051,2025-11-22,2025-12-02,2025-12-05,69238.41,78175.63,PAGADO,completo
PG00000775,C000051,2026-01-05,2026-01-13,2026-02-02,39811.09,12713.21,PAGADO,completo
PG00000776,C000051,2026-01-06,2026-01-10,2026-01-30,28194.97,46355.63,PAGADO,completo
PG00000777,C750086,2025-08-04,2025-08-06,2025-08-08,112063.64,112063.64,PAGADO,completo
PG00000778,C000776,2026-02-18,2026-02-20,2026-03-11,8973.8,8973.8,PAGADO,completo
PG00000779,C900114,2024-08-22,2024-08-24,2024-08-25,163804.92,36739.79,PAGADO,completo
PG00000780,C900114,2024-09-26,2024-10-04,2024-10-06,43887.58,170952.71,PAGADO,completo
PG00000781,C001061,2023-12-12,2023-12-20,2024-03-01,38427.88,41055.34,PAGADO,demorado
PG00000782,C001061,2023-12-24,2023-12-30,2024-02-27,32884.08,30256.62,PAGADO,demorado
PG00000783,C750057,2025-12-28,2026-01-07,2026-01-19,85085.11,75371.96,PAGADO,completo
PG00000784,C750057,2026-01-10,2026-01-15,2026-01-31,43980.27,70472.64,PAGADO,completo
PG00000785,C750057,2026-01-08,2026-01-14,2026-01-29,77444.44,60665.22,PAGADO,completo
PG00000786,C800046,2025-11-19,2025-11-28,2026-02-16,1327828.34,1327828.34,PAGADO,demorado
PG00000787,C001163,2024-09-15,2024-09-18,2024-09-29,15922.73,11122.26,PAGADO,parcial
PG00000788,C001163,2024-09-29,2024-10-06,2024-10-22,315.26,5115.73,PAGADO,parcial
PG00000789,C900130,2024-07-14,2024-07-22,2024-07-23,16186.68,3843.67,PAGADO,completo
PG00000790,C900130,2024-08-16,2024-08-22,2024-09-03,30114.89,23059.77,PAGADO,completo
PG00000791,C900130,2024-09-01,2024-09-09,2024-09-22,8374.88,27773.01,PAGADO,completo
PG00000792,C000798,2023-03-01,2023-03-05,2023-03-08,27066.83,43209.3,PAGADO,completo
PG00000793,C000798,2023-02-17,2023-02-18,2023-02-22,62330.43,3839.5,PAGADO,completo
PG00000794,C000798,2023-03-17,2023-03-20,2023-04-09,8129.62,50478.08,PAGADO,completo
PG00000795,C800107,2025-01-25,2025-01-31,2025-02-13,2119681.03,2119681.03,PAGADO,completo
PG00000796,C002287,2024-09-21,2024-09-30,2024-10-11,20808.07,21413.14,PAGADO,parcial
PG00000797,C002287,2024-10-11,2024-10-18,2024-11-05,10273.38,9668.31,PAGADO,parcial
PG00000798,C000393,2026-04-21,2026-04-26,2026-05-16,81850.53,81850.53,PAGADO,parcial
PG00000799,C002894,2024-12-08,2024-12-18,2025-01-03,33827.47,33827.47,PAGADO,completo
PG00000800,C002437,2024-11-15,2024-11-24,2024-11-25,32098.41,26843.05,PAGADO,completo
PG00000801,C002437,2024-12-21,2024-12-30,2025-01-15,22469.79,10997.4,PAGADO,completo
PG00000802,C002437,2025-01-05,2025-01-15,2025-02-02,4682.64,21410.39,PAGADO,completo
PG00000803,C700117,2024-11-01,2024-11-01,2024-12-28,366702.99,366702.99,PAGADO,demorado
PG00000804,C001397,2026-02-23,2026-03-03,,93884.71,0.0,PENDIENTE,pendiente
PG00000805,C000889,2025-07-17,2025-07-26,2025-08-01,6533.64,6533.64,PAGADO,completo
PG00000806,C002170,2023-08-06,2023-08-13,,20483.19,0.0,PENDIENTE,pendiente
PG00000807,C000530,2025-05-18,2025-05-26,2025-06-01,43248.26,46791.54,PAGADO,completo
PG00000808,C000530,2025-07-08,2025-07-09,2025-07-15,42467.85,38924.57,PAGADO,completo
PG00000809,C000751,2024-09-23,2024-10-03,2024-10-22,6129.86,5457.04,PAGADO,completo
PG00000810,C000751,2024-09-24,2024-09-24,2024-10-04,1434.44,691.21,PAGADO,completo
PG00000811,C000751,2024-10-13,2024-10-15,2024-10-15,1427.02,2843.07,PAGADO,completo
PG00000812,C900049,2026-06-23,2026-06-24,,232961.37,0.0,PENDIENTE,pendiente
PG00000813,C001178,2023-02-23,2023-02-28,2023-03-12,88223.25,88223.25,PAGADO,completo
PG00000814,C000287,2024-10-15,2024-10-17,2024-10-17,1194.46,2367.36,PAGADO,completo
PG00000815,C000287,2024-11-30,2024-11-30,2024-11-30,1921.78,748.88,PAGADO,completo
PG00000816,C003364,2024-08-16,2024-08-19,2024-08-21,59289.6,59289.6,PAGADO,completo
PG00000817,C001117,2023-01-21,2023-01-26,,98409.83,0.0,PENDIENTE,pendiente
PG00000818,C750076,2025-07-12,2025-07-18,2025-07-27,847106.84,404626.42,PAGADO,completo
PG00000819,C750076,2025-07-14,2025-07-14,2025-08-01,355353.25,492060.03,PAGADO,completo
PG00000820,C750076,2025-08-06,2025-08-12,2025-08-16,380795.11,686568.75,PAGADO,completo
PG00000821,C002329,2025-11-10,2025-11-11,2025-11-22,6604.93,6266.07,PAGADO,completo
PG00000822,C002329,2025-11-20,2025-11-28,2025-11-28,4101.9,4440.76,PAGADO,completo
PG00000823,C900048,2025-05-06,2025-05-09,2025-05-14,262955.8,348777.81,PAGADO,completo
PG00000824,C900048,2025-05-18,2025-05-28,2025-06-04,167965.06,82143.05,PAGADO,completo
PG00000825,C000132,2025-11-13,2025-11-17,2025-11-21,87600.81,17048.23,PAGADO,completo
PG00000826,C000132,2025-11-16,2025-11-24,2025-11-30,101894.38,156268.8,PAGADO,completo
PG00000827,C000132,2026-01-03,2026-01-03,2026-01-20,19416.16,35594.32,PAGADO,completo
PG00000828,C003487,2023-02-12,2023-02-16,2023-02-26,86394.91,86759.87,PAGADO,completo
PG00000829,C003487,2023-02-10,2023-02-12,2023-03-04,38287.05,39388.96,PAGADO,completo
PG00000830,C003487,2023-03-03,2023-03-03,2023-03-10,38799.74,37332.87,PAGADO,completo
PG00000831,C001187,2023-11-21,2023-11-29,2023-12-03,43442.5,17712.91,PAGADO,completo
PG00000832,C001187,2023-12-14,2023-12-19,2024-01-04,54562.29,47384.96,PAGADO,completo
PG00000833,C001187,2023-12-16,2023-12-20,2023-12-25,28774.26,61681.18,PAGADO,completo
PG00000834,C000471,2026-04-01,2026-04-09,2026-04-29,8606.94,13587.06,PAGADO,completo
PG00000835,C000471,2026-04-10,2026-04-17,2026-05-07,19828.08,14847.96,PAGADO,completo
PG00000836,C002406,2026-07-01,2026-07-06,2026-07-13,119361.22,119361.22,PAGADO,completo
PG00000837,C700151,2025-04-02,2025-04-04,2025-04-07,411671.77,517718.65,PAGADO,sobrepago_senal
PG00000838,C700151,2025-05-11,2025-05-17,2025-06-06,315451.51,209404.63,PAGADO,sobrepago_senal
PG00000839,C003162,2024-06-08,2024-06-11,2024-06-24,6382.32,3084.95,PAGADO,completo
PG00000840,C003162,2024-06-14,2024-06-17,2024-06-19,2107.27,5404.64,PAGADO,completo
PG00000841,C001537,2026-02-23,2026-02-27,2026-02-28,113722.58,113722.58,PAGADO,parcial
PG00000842,C000869,2023-09-22,2023-09-23,2023-10-03,46367.79,46367.79,PAGADO,completo
PG00000843,C750015,2024-07-12,2024-07-13,2024-08-01,40394.11,4161.33,PAGADO,parcial
PG00000844,C750015,2024-08-10,2024-08-18,2024-08-20,24021.37,60254.15,PAGADO,parcial
PG00000845,C000620,2023-05-28,2023-06-02,2023-06-07,50148.7,50148.7,PAGADO,parcial
PG00000846,C002028,2023-09-27,2023-09-29,2023-10-18,205503.87,205503.87,PAGADO,completo
PG00000847,C002659,2023-08-12,2023-08-22,2023-11-30,258497.77,258497.77,PAGADO,demorado
PG00000848,C900305,2025-12-30,2026-01-07,2026-01-25,81623.24,109974.13,PAGADO,completo
PG00000849,C900305,2025-12-29,2026-01-04,2026-01-21,117729.02,89910.88,PAGADO,completo
PG00000850,C900305,2026-02-16,2026-02-17,2026-02-28,212348.84,211816.09,PAGADO,completo
PG00000851,C001309,2025-12-05,2025-12-08,2025-12-09,319328.14,319328.14,PAGADO,completo
PG00000852,C700057,2025-12-12,2025-12-15,2025-12-22,792965.22,792965.22,PAGADO,completo
PG00000853,C002189,2026-05-05,2026-05-06,2026-08-07,28228.46,25663.97,PAGADO,demorado
PG00000854,C002189,2026-05-10,2026-05-19,2026-08-07,45926.26,48490.75,PAGADO,demorado
PG00000855,C001765,2023-07-20,2023-07-26,2023-10-20,40661.52,40661.52,PAGADO,demorado
PG00000856,C002289,2026-04-30,2026-05-01,,4826.39,0.0,PENDIENTE,pendiente
PG00000857,C001052,2023-04-20,2023-04-30,2023-05-14,25590.48,25590.48,PAGADO,completo
PG00000858,C003061,2023-08-24,2023-09-03,,6582.81,0.0,PENDIENTE,pendiente
PG00000859,C000733,2025-11-03,2025-11-10,,14375.39,0.0,PENDIENTE,pendiente
PG00000860,C001543,2024-10-03,2024-10-09,2024-10-22,8524.56,13879.81,PAGADO,completo
PG00000861,C001543,2024-11-20,2024-11-28,2024-12-12,17259.66,11904.41,PAGADO,completo
PG00000862,C002487,2023-12-09,2023-12-12,2024-01-01,11380.99,9916.31,PAGADO,completo
PG00000863,C002487,2023-11-26,2023-12-02,2023-12-02,23139.72,14483.59,PAGADO,completo
PG00000864,C002487,2023-12-22,2023-12-26,2023-12-28,18583.57,28704.38,PAGADO,completo
PG00000865,C002566,2024-08-04,2024-08-13,2024-08-21,5604.75,7853.04,PAGADO,completo
PG00000866,C002566,2024-08-12,2024-08-21,2024-08-30,9541.47,7293.18,PAGADO,completo
PG00000867,C003211,2025-11-13,2025-11-20,2025-11-24,87340.78,114463.16,PAGADO,completo
PG00000868,C003211,2025-11-19,2025-11-27,2025-12-07,72914.44,45792.06,PAGADO,completo
PG00000869,C750045,2025-06-20,2025-06-29,2025-07-01,123510.13,123510.13,PAGADO,completo
PG00000870,C000330,2023-11-06,2023-11-13,2023-11-13,129796.53,144479.75,PAGADO,completo
PG00000871,C000330,2023-11-15,2023-11-16,2023-12-05,55934.03,41250.81,PAGADO,completo
PG00000872,C001074,2024-10-29,2024-11-07,2024-11-08,32655.88,67741.99,PAGADO,completo
PG00000873,C001074,2024-10-20,2024-10-24,2024-10-27,43049.76,7963.65,PAGADO,completo
PG00000874,C700176,2026-02-22,2026-03-03,2026-03-16,53701.34,349714.33,PAGADO,parcial
PG00000875,C700176,2026-04-20,2026-04-25,2026-05-01,566975.96,270962.97,PAGADO,parcial
PG00000876,C002781,2025-06-07,2025-06-13,2025-06-17,9247.72,8258.62,PAGADO,completo
PG00000877,C002781,2025-07-19,2025-07-29,2025-08-14,22578.06,7651.52,PAGADO,completo
PG00000878,C002781,2025-07-30,2025-08-01,2025-08-19,28816.24,44731.88,PAGADO,completo
PG00000879,C002749,2025-09-01,2025-09-09,,68328.9,0.0,PENDIENTE,pendiente
PG00000880,C001653,2023-08-29,2023-09-01,2023-09-13,8875.21,6330.05,PAGADO,completo
PG00000881,C001653,2023-08-22,2023-08-28,2023-09-16,12831.84,13411.6,PAGADO,completo
PG00000882,C001653,2023-09-12,2023-09-19,2023-10-03,6177.62,8143.02,PAGADO,completo
PG00000883,C000134,2023-08-12,2023-08-22,2023-09-03,321842.19,321842.19,PAGADO,completo
PG00000884,C003258,2025-03-11,2025-03-19,2025-03-20,46571.36,46571.36,PAGADO,parcial
PG00000885,C000960,2024-06-04,2024-06-10,2024-06-14,6148.42,3236.89,PAGADO,completo
PG00000886,C000960,2024-07-18,2024-07-23,2024-07-26,7072.03,4964.68,PAGADO,completo
PG00000887,C000960,2024-08-09,2024-08-16,2024-08-29,2704.11,7722.99,PAGADO,completo
PG00000888,C003386,2025-07-21,2025-07-22,2025-08-11,10881.66,7270.65,PAGADO,completo
PG00000889,C003386,2025-08-11,2025-08-14,2025-08-30,10468.95,18322.37,PAGADO,completo
PG00000890,C003386,2025-09-24,2025-10-03,2025-10-13,13038.88,8796.47,PAGADO,completo
PG00000891,C001366,2026-04-27,2026-05-02,2026-05-04,38130.48,38130.48,PAGADO,completo
PG00000892,C800089,2025-10-13,2025-10-20,2025-10-23,4243.69,114669.25,PAGADO,completo
PG00000893,C800089,2025-10-28,2025-11-04,2025-11-06,63084.25,34843.74,PAGADO,completo
PG00000894,C800089,2025-12-08,2025-12-16,2026-01-02,139312.86,57127.81,PAGADO,completo
PG00000895,C002725,2023-09-09,2023-09-12,2023-09-29,101484.17,161511.55,PAGADO,completo
PG00000896,C002725,2023-09-05,2023-09-13,2023-10-03,142997.98,82970.6,PAGADO,completo
PG00000897,C700262,2026-05-07,2026-05-08,2026-05-08,13701.45,79700.46,PAGADO,parcial
PG00000898,C700262,2026-06-20,2026-06-22,2026-07-07,116428.21,50429.2,PAGADO,parcial
PG00000899,C002594,2023-03-17,2023-03-26,2023-04-15,377848.94,377848.94,PAGADO,completo
PG00000900,C001912,2024-12-09,2024-12-16,2024-12-19,79976.43,79976.43,PAGADO,completo
PG00000901,C001971,2023-08-17,2023-08-25,2023-09-10,12505.02,12505.02,PAGADO,completo
PG00000902,C001564,2023-04-03,2023-04-08,2023-06-24,12343.03,5655.6,PAGADO,demorado
PG00000903,C001564,2023-05-16,2023-05-26,2023-07-27,37885.94,44573.37,PAGADO,demorado
PG00000904,C002732,2023-01-29,2023-02-07,2023-02-11,37493.96,31179.71,PAGADO,completo
PG00000905,C002732,2023-03-04,2023-03-11,2023-03-31,14605.58,23947.87,PAGADO,completo
PG00000906,C002732,2023-03-18,2023-03-27,2023-04-11,8374.56,5346.52,PAGADO,completo
PG00000907,C002042,2025-11-23,2025-12-02,2025-12-10,70186.78,70186.78,PAGADO,completo
PG00000908,C000032,2024-11-16,2024-11-23,2024-11-26,58205.18,88983.52,PAGADO,completo
PG00000909,C000032,2024-12-10,2024-12-12,2025-01-01,66134.78,35356.44,PAGADO,completo
PG00000910,C000152,2024-05-12,2024-05-18,2024-05-22,47177.86,38921.77,PAGADO,parcial
PG00000911,C000152,2024-05-31,2024-06-09,2024-06-10,35891.16,44147.25,PAGADO,parcial
PG00000912,C001175,2024-01-16,2024-01-26,2024-02-10,127459.96,127459.96,PAGADO,parcial
PG00000913,C750064,2025-03-15,2025-03-22,2025-04-09,69239.52,20282.22,PAGADO,completo
PG00000914,C750064,2025-04-21,2025-04-30,2025-05-11,7940.19,56897.49,PAGADO,completo
PG00000915,C001882,2026-07-16,2026-07-21,2026-08-07,37110.77,37110.77,PAGADO,demorado
PG00000916,C001338,2025-05-05,2025-05-11,2025-05-23,110590.06,110590.06,PAGADO,completo
PG00000917,C001957,2024-02-12,2024-02-13,2024-03-04,18290.37,18290.37,PAGADO,completo
PG00000918,C001736,2025-06-05,2025-06-10,2025-06-21,30655.97,10830.59,PAGADO,completo
PG00000919,C001736,2025-07-17,2025-07-17,2025-07-29,20335.35,17123.28,PAGADO,completo
PG00000920,C001736,2025-07-12,2025-07-21,2025-07-24,6646.83,29684.28,PAGADO,completo
PG00000921,C003402,2024-03-31,2024-04-02,2024-06-15,99356.25,99356.25,PAGADO,demorado
PG00000922,C001263,2025-03-21,2025-03-24,,31332.16,0.0,PENDIENTE,pendiente
PG00000923,C700110,2026-02-17,2026-02-21,2026-04-11,383648.39,383648.39,PAGADO,demorado
PG00000924,C000888,2024-11-17,2024-11-25,2025-02-24,90697.01,90697.01,PAGADO,demorado
PG00000925,C700271,2024-02-07,2024-02-07,2024-02-11,122627.89,71434.26,PAGADO,completo
PG00000926,C700271,2024-03-08,2024-03-11,2024-03-21,176269.01,227462.64,PAGADO,completo
PG00000927,C002460,2025-02-14,2025-02-19,,30305.68,0.0,PENDIENTE,pendiente
PG00000928,C002589,2025-09-29,2025-09-30,2025-10-01,27126.41,27126.41,PAGADO,completo
PG00000929,C001222,2026-02-15,2026-02-21,2026-02-28,134873.99,134873.99,PAGADO,completo
PG00000930,C002471,2023-11-28,2023-12-08,2023-12-24,78997.27,144619.55,PAGADO,completo
PG00000931,C002471,2024-01-14,2024-01-20,2024-01-20,224198.44,198293.84,PAGADO,completo
PG00000932,C002471,2024-01-04,2024-01-07,2024-01-27,114555.74,74838.06,PAGADO,completo
PG00000933,C000229,2025-06-22,2025-06-24,2025-08-26,23126.57,48196.88,PAGADO,demorado
PG00000934,C000229,2025-07-11,2025-07-16,2025-09-29,36113.97,11043.66,PAGADO,demorado
PG00000935,C001149,2025-02-23,2025-02-23,2025-03-04,9339.07,11945.38,PAGADO,completo
PG00000936,C001149,2025-03-28,2025-03-30,2025-04-01,8908.76,6302.45,PAGADO,completo
PG00000937,C800082,2026-01-14,2026-01-24,2026-02-11,147651.75,87990.91,PAGADO,completo
PG00000938,C800082,2026-02-14,2026-02-18,2026-02-23,82035.34,141696.18,PAGADO,completo
PG00000939,C000408,2024-06-20,2024-06-20,,30123.77,0.0,PENDIENTE,pendiente
PG00000940,C000170,2024-08-19,2024-08-23,2024-09-09,371049.47,264689.94,PAGADO,completo
PG00000941,C000170,2024-09-21,2024-09-27,2024-10-09,22190.33,128549.86,PAGADO,completo
PG00000942,C002918,2026-02-14,2026-02-20,2026-03-08,7732.44,41436.21,PAGADO,sobrepago_senal
PG00000943,C002918,2026-02-16,2026-02-21,2026-03-08,45991.59,12287.82,PAGADO,sobrepago_senal
PG00000944,C002591,2023-09-01,2023-09-09,2023-09-11,25312.41,41741.79,PAGADO,completo
PG00000945,C002591,2023-09-21,2023-09-21,2023-10-03,13368.3,5456.14,PAGADO,completo
PG00000946,C002591,2023-09-24,2023-10-04,2023-10-19,32465.77,23948.55,PAGADO,completo
PG00000947,C003361,2023-11-20,2023-11-30,2023-12-14,20637.3,6432.62,PAGADO,completo
PG00000948,C003361,2023-12-18,2023-12-22,2023-12-23,27384.5,19789.92,PAGADO,completo
PG00000949,C003361,2024-01-12,2024-01-21,2024-02-01,13104.41,34903.67,PAGADO,completo
PG00000950,C750063,2025-02-26,2025-03-05,2025-03-09,67235.07,67235.07,PAGADO,parcial
PG00000951,C002103,2025-10-22,2025-10-27,2025-10-31,55632.01,18860.26,PAGADO,parcial
PG00000952,C002103,2025-11-03,2025-11-12,2025-11-13,38316.38,75088.13,PAGADO,parcial
PG00000953,C900145,2024-03-13,2024-03-22,2024-04-07,553016.89,553016.89,PAGADO,completo
PG00000954,C002405,2024-11-01,2024-11-03,2024-11-19,436378.24,436378.24,PAGADO,completo
PG00000955,C900087,2024-09-07,2024-09-15,2024-09-29,606697.09,606697.09,PAGADO,completo
PG00000956,C900106,2026-03-30,2026-03-31,2026-03-31,47557.89,73094.59,PAGADO,completo
PG00000957,C900106,2026-05-05,2026-05-09,2026-05-27,42465.73,16929.03,PAGADO,completo
PG00000958,C000043,2024-08-05,2024-08-10,2024-08-13,92425.8,23870.07,PAGADO,completo
PG00000959,C000043,2024-07-24,2024-07-26,2024-08-09,46517.34,115073.07,PAGADO,completo
PG00000960,C002651,2023-06-29,2023-07-02,2023-07-03,29276.52,38801.97,PAGADO,completo
PG00000961,C002651,2023-08-09,2023-08-16,2023-09-02,39487.4,29961.95,PAGADO,completo
PG00000962,C003307,2025-10-14,2025-10-21,2025-10-31,11123.16,7064.42,PAGADO,completo
PG00000963,C003307,2025-11-01,2025-11-10,2025-11-23,13409.54,25142.04,PAGADO,completo
PG00000964,C003307,2025-12-01,2025-12-11,2025-12-14,20762.56,13088.8,PAGADO,completo
PG00000965,C003165,2023-04-12,2023-04-13,2023-07-07,9594.62,18990.36,PAGADO,demorado
PG00000966,C003165,2023-05-15,2023-05-16,2023-08-05,28500.78,19105.04,PAGADO,demorado
PG00000967,C000643,2026-04-06,2026-04-14,2026-07-22,22235.34,5881.55,PAGADO,demorado
PG00000968,C000643,2026-05-02,2026-05-10,2026-08-07,14614.4,30968.19,PAGADO,demorado
PG00000969,C900082,2025-04-23,2025-04-25,2025-05-02,551952.02,276953.24,PAGADO,completo
PG00000970,C900082,2025-04-21,2025-04-23,2025-04-29,42112.01,219266.25,PAGADO,completo
PG00000971,C900082,2025-06-01,2025-06-08,2025-06-20,36958.91,134803.45,PAGADO,completo
PG00000972,C002422,2025-11-02,2025-11-08,,19451.84,0.0,PENDIENTE,pendiente
PG00000973,C000584,2023-03-28,2023-04-02,2023-04-17,27940.53,27940.53,PAGADO,sobrepago_senal
PG00000974,C000251,2025-06-04,2025-06-13,2025-06-21,19414.39,18311.49,PAGADO,completo
PG00000975,C000251,2025-07-21,2025-07-23,2025-07-24,28730.53,29833.43,PAGADO,completo
PG00000976,C002172,2024-03-02,2024-03-03,2024-03-21,66844.12,38046.1,PAGADO,completo
PG00000977,C002172,2024-04-05,2024-04-12,2024-04-18,64919.27,39292.76,PAGADO,completo
PG00000978,C002172,2024-04-25,2024-05-02,2024-05-19,23550.72,77975.25,PAGADO,completo
PG00000979,C001444,2023-03-16,2023-03-20,2023-03-24,12730.18,15447.36,PAGADO,parcial
PG00000980,C001444,2023-03-11,2023-03-18,2023-04-04,12972.7,10255.52,PAGADO,parcial
PG00000981,C900296,2025-05-30,2025-06-05,,459518.95,0.0,PENDIENTE,pendiente
PG00000982,C000969,2024-06-29,2024-07-03,2024-07-20,19927.51,80534.49,PAGADO,completo
PG00000983,C000969,2024-07-29,2024-07-29,2024-07-29,93139.56,110807.62,PAGADO,completo
PG00000984,C000969,2024-07-26,2024-08-04,2024-08-15,119790.94,41515.9,PAGADO,completo
PG00000985,C003027,2026-06-14,2026-06-18,2026-07-04,100399.93,100399.93,PAGADO,completo
PG00000986,C001322,2024-05-11,2024-05-14,2024-05-14,9764.12,6703.1,PAGADO,completo
PG00000987,C001322,2024-06-23,2024-06-26,2024-06-30,38925.83,41986.85,PAGADO,completo
PG00000988,C700215,2024-02-04,2024-02-05,,239385.43,0.0,PENDIENTE,pendiente
PG00000989,C000325,2023-09-09,2023-09-12,2023-11-14,9830.22,8441.5,PAGADO,demorado
PG00000990,C000325,2023-09-23,2023-10-01,2023-11-22,4616.7,6005.42,PAGADO,demorado
PG00000991,C001620,2024-08-14,2024-08-20,2024-08-26,5085.77,3337.37,PAGADO,completo
PG00000992,C001620,2024-08-31,2024-09-10,2024-09-26,3952.54,12347.69,PAGADO,completo
PG00000993,C001620,2024-09-03,2024-09-12,2024-09-13,20122.94,13476.19,PAGADO,completo
PG00000994,C002639,2024-09-26,2024-09-29,2024-10-17,28408.57,15125.27,PAGADO,parcial
PG00000995,C002639,2024-10-23,2024-10-31,2024-11-14,18016.61,31299.91,PAGADO,parcial
PG00000996,C002441,2023-03-30,2023-04-09,2023-04-13,25735.44,49724.78,PAGADO,completo
PG00000997,C002441,2023-04-01,2023-04-02,2023-04-11,65662.73,41673.39,PAGADO,completo
PG00000998,C700129,2025-07-23,2025-08-01,2025-08-09,188225.57,131909.76,PAGADO,completo
PG00000999,C700129,2025-07-23,2025-07-23,2025-07-26,128979.34,280911.11,PAGADO,completo
PG00001000,C700129,2025-07-29,2025-08-05,2025-08-07,160017.19,64401.23,PAGADO,completo
PG00001001,C001398,2025-03-23,2025-03-31,2025-04-02,24334.18,17626.95,PAGADO,completo
PG00001002,C001398,2025-04-19,2025-04-20,2025-04-25,80842.71,87549.94,PAGADO,completo
PG00001003,C001159,2023-07-28,2023-08-01,2023-08-10,12086.91,25721.72,PAGADO,completo
PG00001004,C001159,2023-08-31,2023-09-08,2023-09-16,30225.67,9799.89,PAGADO,completo
PG00001005,C001159,2023-08-20,2023-08-28,2023-09-03,5233.91,12024.88,PAGADO,completo
PG00001006,C000561,2025-07-12,2025-07-17,2025-07-25,53149.23,31082.1,PAGADO,completo
PG00001007,C000561,2025-07-17,2025-07-18,2025-08-03,1686.29,23753.42,PAGADO,completo
PG00001008,C002379,2026-07-13,2026-07-13,2026-07-30,18600.38,18600.38,PAGADO,completo
PG00001009,C800074,2025-08-07,2025-08-14,2025-11-27,139764.03,139764.03,PAGADO,demorado
PG00001010,C000755,2023-02-20,2023-02-24,,54264.2,0.0,PENDIENTE,pendiente
PG00001011,C002968,2023-05-04,2023-05-07,2023-05-13,41064.05,33951.25,PAGADO,completo
PG00001012,C002968,2023-05-24,2023-06-01,2023-06-03,24178.13,31290.93,PAGADO,completo
PG00001013,C001880,2025-12-11,2025-12-21,2026-02-28,28551.78,28551.78,PAGADO,demorado
PG00001014,C000099,2026-01-26,2026-01-29,2026-02-11,40185.05,57478.38,PAGADO,completo
PG00001015,C000099,2026-02-06,2026-02-14,2026-03-05,50569.7,37136.63,PAGADO,completo
PG00001016,C000099,2026-03-07,2026-03-13,2026-03-14,31494.85,27634.59,PAGADO,completo
PG00001017,C900036,2026-01-28,2026-02-05,2026-02-10,568771.67,568771.67,PAGADO,sobrepago_senal
PG00001018,C001260,2024-02-27,2024-03-05,2024-03-24,12338.02,2380.3,PAGADO,completo
PG00001019,C001260,2024-02-16,2024-02-20,2024-03-03,7229.36,13342.28,PAGADO,completo
PG00001020,C001260,2024-03-20,2024-03-21,2024-04-02,5389.14,9233.94,PAGADO,completo
PG00001021,C000683,2026-03-23,2026-03-29,2026-04-18,6322.07,3845.28,PAGADO,completo
PG00001022,C000683,2026-05-05,2026-05-08,2026-05-22,11922.29,14399.08,PAGADO,completo
PG00001023,C001830,2025-01-03,2025-01-08,2025-01-14,30363.67,10668.67,PAGADO,completo
PG00001024,C001830,2025-01-02,2025-01-11,2025-01-29,16087.17,20012.4,PAGADO,completo
PG00001025,C001830,2025-01-20,2025-01-29,2025-02-08,7603.92,23373.69,PAGADO,completo
PG00001026,C001626,2023-03-26,2023-03-27,2023-04-07,85101.82,98143.43,PAGADO,completo
PG00001027,C001626,2023-03-29,2023-03-30,2023-04-02,35590.26,81666.99,PAGADO,completo
PG00001028,C001626,2023-05-12,2023-05-22,2023-05-25,88091.22,28972.88,PAGADO,completo
PG00001029,C003185,2025-07-19,2025-07-26,2025-10-12,3176.44,1489.03,PAGADO,demorado
PG00001030,C003185,2025-08-07,2025-08-17,2025-10-25,4119.07,5806.48,PAGADO,demorado
PG00001031,C000495,2025-09-06,2025-09-14,2025-09-28,4946.24,8346.3,PAGADO,parcial
PG00001032,C000495,2025-10-18,2025-10-20,2025-11-03,9227.43,5827.37,PAGADO,parcial
PG00001033,C002720,2025-07-29,2025-07-29,,2329.9,0.0,PENDIENTE,pendiente
PG00001034,C700017,2025-01-31,2025-02-04,2025-02-13,271206.17,308018.19,PAGADO,completo
PG00001035,C700017,2025-03-22,2025-03-27,2025-04-07,328459.59,291647.57,PAGADO,completo
PG00001036,C001057,2025-11-23,2025-12-01,2025-12-07,10067.49,80657.37,PAGADO,completo
PG00001037,C001057,2026-01-08,2026-01-13,2026-01-31,83944.36,13354.48,PAGADO,completo
PG00001038,C002077,2023-02-16,2023-02-19,2023-02-22,12479.41,12479.41,PAGADO,sobrepago_senal
PG00001039,C001128,2025-09-27,2025-09-30,2025-10-06,8512.05,20204.88,PAGADO,completo
PG00001040,C001128,2025-10-03,2025-10-05,2025-10-05,36794.38,9713.21,PAGADO,completo
PG00001041,C001128,2025-11-10,2025-11-17,2025-12-06,4306.42,19694.76,PAGADO,completo
PG00001042,C000501,2026-03-10,2026-03-13,2026-03-18,45537.71,45537.71,PAGADO,completo
PG00001043,C800056,2025-06-07,2025-06-11,2025-06-15,54154.49,4259.97,PAGADO,completo
PG00001044,C800056,2025-05-28,2025-06-02,2025-06-05,36486.76,149408.3,PAGADO,completo
PG00001045,C800056,2025-07-12,2025-07-19,2025-07-22,75941.14,12914.12,PAGADO,completo
PG00001046,C002686,2023-08-01,2023-08-02,2023-08-03,106373.82,106373.82,PAGADO,completo
PG00001047,C002185,2023-11-11,2023-11-17,2023-11-19,10316.08,10316.08,PAGADO,completo
PG00001048,C000857,2026-07-07,2026-07-15,2026-07-29,3241.98,9922.43,PAGADO,completo
PG00001049,C000857,2026-07-02,2026-07-02,2026-07-05,2635.3,1723.03,PAGADO,completo
PG00001050,C000857,2026-08-07,2026-08-07,2026-08-07,8390.77,2622.59,PAGADO,completo
PG00001051,C000596,2023-10-24,2023-10-31,2023-11-07,52915.22,34487.4,PAGADO,completo
PG00001052,C000596,2023-10-10,2023-10-11,2023-10-14,80343.98,13114.21,PAGADO,completo
PG00001053,C000596,2023-12-05,2023-12-07,2023-12-22,46679.35,132336.94,PAGADO,completo
PG00001054,C003310,2025-03-18,2025-03-25,2025-04-02,3858.47,2470.95,PAGADO,completo
PG00001055,C003310,2025-03-31,2025-04-08,2025-04-24,6405.25,11941.75,PAGADO,completo
PG00001056,C003310,2025-05-07,2025-05-10,2025-05-23,14456.59,10307.61,PAGADO,completo
PG00001057,C002922,2025-04-29,2025-04-30,2025-05-11,9258.87,34915.47,PAGADO,completo
PG00001058,C002922,2025-05-29,2025-06-08,2025-06-18,65169.72,18351.57,PAGADO,completo
PG00001059,C002922,2025-06-03,2025-06-09,2025-06-18,31721.42,52882.97,PAGADO,completo
PG00001060,C001740,2023-02-02,2023-02-09,2023-02-18,50450.28,50450.28,PAGADO,sobrepago_senal
PG00001061,C001237,2026-06-12,2026-06-18,2026-06-27,20851.01,20851.01,PAGADO,completo
PG00001062,C001041,2024-06-14,2024-06-22,2024-06-26,36717.57,53382.26,PAGADO,parcial
PG00001063,C001041,2024-06-28,2024-07-04,2024-07-05,25137.74,8473.05,PAGADO,parcial
PG00001064,C001032,2025-12-12,2025-12-15,2026-01-01,11513.28,18849.67,PAGADO,completo
PG00001065,C001032,2025-12-04,2025-12-04,2025-12-06,30588.15,27222.38,PAGADO,completo
PG00001066,C001032,2025-12-26,2025-12-29,2026-01-08,7164.87,3194.25,PAGADO,completo
PG00001067,C000174,2024-03-04,2024-03-13,,125886.06,0.0,PENDIENTE,pendiente
PG00001068,C000217,2025-01-07,2025-01-11,2025-01-29,7099.13,3752.52,PAGADO,completo
PG00001069,C000217,2025-01-31,2025-01-31,2025-02-12,11383.39,10886.82,PAGADO,completo
PG00001070,C000217,2025-01-31,2025-02-01,2025-02-17,6001.91,9845.09,PAGADO,completo
PG00001071,C000618,2026-03-27,2026-04-06,2026-04-25,26434.93,26434.93,PAGADO,completo
PG00001072,C001476,2024-05-25,2024-06-04,2024-09-14,88654.22,88654.22,PAGADO,demorado
PG00001073,C002269,2023-09-10,2023-09-19,2023-12-13,52483.62,52483.62,PAGADO,demorado
PG00001074,C900294,2026-03-21,2026-03-31,,43848.46,0.0,PENDIENTE,pendiente
PG00001075,C001361,2024-06-30,2024-07-03,2024-08-27,44967.11,44967.11,PAGADO,demorado
PG00001076,C002229,2024-02-08,2024-02-15,2024-03-01,30014.75,30307.17,PAGADO,completo
PG00001077,C002229,2024-02-06,2024-02-07,2024-02-25,15158.22,11195.43,PAGADO,completo
PG00001078,C002229,2024-03-09,2024-03-11,2024-03-16,32665.3,36335.67,PAGADO,completo
PG00001079,C000990,2023-07-22,2023-07-30,2023-08-01,9869.74,10858.17,PAGADO,completo
PG00001080,C000990,2023-08-26,2023-08-27,2023-09-05,8144.06,3436.32,PAGADO,completo
PG00001081,C000990,2023-09-04,2023-09-10,2023-09-29,10305.85,14025.16,PAGADO,completo
PG00001082,C002835,2023-12-21,2023-12-24,2024-01-02,56021.34,56021.34,PAGADO,parcial
PG00001083,C002921,2023-11-13,2023-11-21,,37390.09,0.0,PENDIENTE,pendiente
PG00001084,C002585,2023-06-26,2023-06-28,,13280.07,0.0,PENDIENTE,pendiente
PG00001085,C001467,2023-02-20,2023-02-22,2023-02-24,51962.72,51962.72,PAGADO,completo
PG00001086,C000576,2025-11-14,2025-11-18,2025-12-06,54800.02,19188.46,PAGADO,completo
PG00001087,C000576,2026-01-10,2026-01-19,2026-02-02,7518.71,22193.63,PAGADO,completo
PG00001088,C000576,2026-01-08,2026-01-16,2026-01-31,27030.68,47967.32,PAGADO,completo
PG00001089,C000156,2026-07-06,2026-07-10,2026-08-07,137452.25,137452.25,PAGADO,demorado
PG00001090,C000908,2023-12-27,2023-12-28,2024-01-12,49622.49,65752.64,PAGADO,completo
PG00001091,C000908,2024-01-15,2024-01-16,2024-02-05,37587.1,21456.95,PAGADO,completo
PG00001092,C002023,2023-05-06,2023-05-08,2023-05-12,63986.42,9957.82,PAGADO,completo
PG00001093,C002023,2023-04-22,2023-04-27,2023-05-06,26402.78,80431.38,PAGADO,completo
PG00001094,C002474,2024-03-30,2024-04-01,2024-04-03,59087.28,59087.28,PAGADO,completo
PG00001095,C700011,2026-03-25,2026-03-27,2026-03-28,430394.51,430394.51,PAGADO,completo
PG00001096,C001557,2024-05-09,2024-05-17,2024-05-19,27092.48,229124.15,PAGADO,parcial
PG00001097,C001557,2024-06-02,2024-06-05,2024-06-21,242874.61,40842.94,PAGADO,parcial
PG00001098,C002244,2025-06-30,2025-07-09,2025-07-25,155517.7,155517.7,PAGADO,completo
PG00001099,C000095,2024-10-23,2024-11-01,2024-11-18,35967.86,11632.28,PAGADO,parcial
PG00001100,C000095,2024-10-21,2024-10-26,2024-11-03,24590.57,48926.15,PAGADO,parcial
PG00001101,C001351,2024-08-25,2024-08-27,2024-09-16,26571.62,26571.62,PAGADO,completo
PG00001102,C000240,2024-11-21,2024-11-23,2024-11-23,10421.49,9000.42,PAGADO,completo
PG00001103,C000240,2024-12-09,2024-12-14,2024-12-29,7900.76,9321.83,PAGADO,completo
PG00001104,C002341,2025-12-13,2025-12-22,2026-01-04,7147.9,6945.36,PAGADO,parcial
PG00001105,C002341,2026-01-09,2026-01-13,2026-01-18,1811.99,2014.53,PAGADO,parcial
PG00001106,C002578,2023-05-26,2023-05-28,2023-06-04,73112.33,73112.33,PAGADO,parcial
PG00001107,C002587,2026-07-21,2026-07-21,2026-07-25,99633.66,99633.66,PAGADO,completo
PG00001108,C001431,2025-06-15,2025-06-18,2025-07-02,73492.55,73492.55,PAGADO,completo
PG00001109,C900168,2025-12-14,2025-12-18,2026-01-03,202945.87,174216.4,PAGADO,completo
PG00001110,C900168,2026-01-19,2026-01-27,2026-02-14,325192.93,263409.73,PAGADO,completo
PG00001111,C900168,2026-02-05,2026-02-07,2026-02-15,104332.09,194844.76,PAGADO,completo
PG00001112,C003393,2023-05-17,2023-05-21,,6207.86,0.0,PENDIENTE,pendiente
PG00001113,C002233,2025-12-08,2025-12-18,2026-01-02,53004.35,53004.35,PAGADO,parcial
PG00001114,C000465,2026-04-04,2026-04-11,2026-04-22,33771.09,8751.63,PAGADO,completo
PG00001115,C000465,2026-05-04,2026-05-07,2026-05-27,31917.43,56936.89,PAGADO,completo
PG00001116,C002893,2024-11-09,2024-11-13,2024-11-26,91038.24,106344.38,PAGADO,completo
PG00001117,C002893,2024-12-08,2024-12-11,2024-12-24,21628.02,105245.13,PAGADO,completo
PG00001118,C002893,2024-12-28,2025-01-02,2025-01-20,112858.44,13935.19,PAGADO,completo
PG00001119,C001130,2026-03-20,2026-03-30,2026-04-01,115149.46,115149.46,PAGADO,completo
PG00001120,C001412,2026-04-19,2026-04-25,2026-05-13,15837.76,9005.69,PAGADO,completo
PG00001121,C001412,2026-04-30,2026-05-09,2026-05-19,45875.04,52707.11,PAGADO,completo
PG00001122,C900154,2025-03-02,2025-03-08,2025-03-10,331320.44,331320.44,PAGADO,completo
PG00001123,C001340,2026-07-09,2026-07-10,2026-07-25,48727.03,111718.81,PAGADO,completo
PG00001124,C001340,2026-08-07,2026-08-07,2026-08-07,44666.08,74281.43,PAGADO,completo
PG00001125,C001340,2026-08-07,2026-08-07,2026-08-07,159303.06,66695.93,PAGADO,completo
PG00001126,C002769,2024-02-27,2024-02-27,2024-03-02,14920.73,41197.53,PAGADO,completo
PG00001127,C002769,2024-02-21,2024-02-23,2024-02-28,51184.93,24908.13,PAGADO,completo
PG00001128,C002202,2026-02-18,2026-02-28,2026-03-09,59234.26,59234.26,PAGADO,completo
PG00001129,C001642,2023-03-26,2023-03-26,2023-04-01,27808.22,46001.53,PAGADO,completo
PG00001130,C001642,2023-05-01,2023-05-03,2023-05-21,105654.87,126404.25,PAGADO,completo
PG00001131,C001642,2023-04-14,2023-04-22,2023-04-28,102350.42,63407.73,PAGADO,completo
PG00001132,C003368,2023-02-11,2023-02-13,,62480.24,0.0,PENDIENTE,pendiente
PG00001133,C000177,2025-05-21,2025-05-26,,20439.86,0.0,PENDIENTE,pendiente
PG00001134,C002302,2024-08-05,2024-08-10,2024-08-16,164852.95,164852.95,PAGADO,completo
PG00001135,C001670,2023-08-18,2023-08-21,2023-09-05,31863.88,31863.88,PAGADO,completo
PG00001136,C800009,2024-10-21,2024-10-21,,158273.44,0.0,PENDIENTE,pendiente
PG00001137,C000731,2026-04-28,2026-05-06,2026-05-15,50919.62,41474.57,PAGADO,completo
PG00001138,C000731,2026-06-14,2026-06-22,2026-06-23,16890.61,19002.66,PAGADO,completo
PG00001139,C000731,2026-06-08,2026-06-11,2026-06-24,7236.02,14569.02,PAGADO,completo
PG00001140,C003133,2025-09-01,2025-09-10,2025-09-29,10789.66,11555.43,PAGADO,completo
PG00001141,C003133,2025-10-02,2025-10-08,2025-10-24,3824.82,5290.15,PAGADO,completo
PG00001142,C003133,2025-10-03,2025-10-13,2025-10-23,4736.09,2504.99,PAGADO,completo
PG00001143,C002533,2024-01-26,2024-02-05,2024-04-28,63737.82,63737.82,PAGADO,demorado
PG00001144,C002115,2026-03-11,2026-03-21,2026-04-04,4493.11,4738.03,PAGADO,completo
PG00001145,C002115,2026-04-10,2026-04-19,2026-04-21,6540.45,12333.97,PAGADO,completo
PG00001146,C002115,2026-04-08,2026-04-10,2026-04-15,7580.6,1542.16,PAGADO,completo
PG00001147,C000073,2024-05-25,2024-05-26,2024-06-14,6983.68,7990.67,PAGADO,completo
PG00001148,C000073,2024-06-10,2024-06-13,2024-06-30,22175.35,21168.36,PAGADO,completo
PG00001149,C002045,2023-04-02,2023-04-11,2023-07-06,1232.54,1312.78,PAGADO,demorado
PG00001150,C002045,2023-04-29,2023-05-01,2023-08-07,1219.59,1139.35,PAGADO,demorado
PG00001151,C001264,2026-02-03,2026-02-03,2026-02-17,66920.73,92177.26,PAGADO,completo
PG00001152,C001264,2026-02-25,2026-02-25,2026-02-28,121153.75,95897.22,PAGADO,completo
PG00001153,C001953,2025-09-17,2025-09-21,2025-09-24,171838.13,79700.8,PAGADO,completo
PG00001154,C001953,2025-09-24,2025-09-30,2025-10-09,22520.77,114658.1,PAGADO,completo
PG00001155,C002572,2025-12-17,2025-12-24,2026-01-06,22829.87,15949.28,PAGADO,completo
PG00001156,C002572,2026-01-02,2026-01-07,2026-01-10,19774.61,29222.05,PAGADO,completo
PG00001157,C002572,2026-02-08,2026-02-15,2026-02-25,22508.84,19941.99,PAGADO,completo
PG00001158,C001075,2023-10-26,2023-11-04,2023-11-16,99784.96,44995.15,PAGADO,parcial
PG00001159,C001075,2023-11-30,2023-12-04,2023-12-22,29900.96,84690.77,PAGADO,parcial
PG00001160,C001813,2023-02-12,2023-02-21,2023-03-01,122198.28,81597.98,PAGADO,completo
PG00001161,C001813,2023-02-24,2023-02-24,2023-03-06,86191.79,126792.09,PAGADO,completo
PG00001162,C003013,2025-11-07,2025-11-07,2026-01-10,17939.17,9709.12,PAGADO,demorado
PG00001163,C003013,2025-12-09,2025-12-14,2026-02-16,2950.89,11180.94,PAGADO,demorado
PG00001164,C002937,2025-05-24,2025-05-27,2025-05-29,101396.24,58274.99,PAGADO,completo
PG00001165,C002937,2025-07-23,2025-07-31,2025-08-11,42479.69,85600.94,PAGADO,completo
PG00001166,C000052,2023-12-02,2023-12-07,2024-02-26,30385.95,30385.95,PAGADO,demorado
PG00001167,C000402,2024-09-11,2024-09-15,2024-10-05,23016.44,22399.5,PAGADO,completo
PG00001168,C000402,2024-09-29,2024-09-30,2024-10-10,17942.42,18559.36,PAGADO,completo
PG00001169,C001921,2023-02-07,2023-02-14,2023-03-05,4106.87,6910.57,PAGADO,completo
PG00001170,C001921,2023-02-25,2023-02-25,2023-02-26,4262.73,1459.03,PAGADO,completo
PG00001171,C000436,2023-07-11,2023-07-17,2023-07-21,63871.76,24702.05,PAGADO,completo
PG00001172,C000436,2023-08-03,2023-08-07,2023-08-14,41207.87,46581.47,PAGADO,completo
PG00001173,C000436,2023-08-17,2023-08-18,2023-08-25,30696.67,64492.78,PAGADO,completo
PG00001174,C800008,2024-09-24,2024-10-04,2024-10-09,116213.08,102040.74,PAGADO,completo
PG00001175,C800008,2024-11-19,2024-11-21,2024-12-01,126674.43,140846.77,PAGADO,completo
PG00001176,C002552,2023-11-19,2023-11-25,2023-12-09,29386.33,67304.19,PAGADO,completo
PG00001177,C002552,2023-12-24,2024-01-01,2024-01-21,44981.21,7063.35,PAGADO,completo
PG00001178,C000564,2024-03-06,2024-03-15,2024-06-18,19110.46,10316.98,PAGADO,demorado
PG00001179,C000564,2024-04-18,2024-04-20,2024-07-16,7081.06,15874.54,PAGADO,demorado
PG00001180,C001572,2023-10-10,2023-10-11,2023-10-23,15004.57,18850.06,PAGADO,completo
PG00001181,C001572,2023-11-22,2023-12-01,2023-12-18,12519.86,18286.7,PAGADO,completo
PG00001182,C001572,2023-11-24,2023-11-25,2023-12-15,11608.31,1995.98,PAGADO,completo
PG00001183,C002936,2025-01-03,2025-01-07,2025-01-17,10002.13,42872.73,PAGADO,completo
PG00001184,C002936,2025-02-20,2025-02-26,2025-03-02,38680.25,5809.65,PAGADO,completo
PG00001185,C000026,2023-08-07,2023-08-14,2023-09-03,83116.25,83116.25,PAGADO,completo
PG00001186,C001295,2026-06-03,2026-06-05,2026-06-20,57834.67,57834.67,PAGADO,completo
PG00001187,C002144,2024-06-29,2024-07-07,2024-07-11,90997.6,71675.18,PAGADO,completo
PG00001188,C002144,2024-08-01,2024-08-03,2024-08-05,63345.86,35702.48,PAGADO,completo
PG00001189,C002144,2024-07-26,2024-07-30,2024-07-30,33445.79,80411.59,PAGADO,completo
PG00001190,C000214,2024-03-05,2024-03-09,2024-03-12,18825.09,9727.13,PAGADO,completo
PG00001191,C000214,2024-03-29,2024-03-29,2024-04-11,22894.65,31992.61,PAGADO,completo
PG00001192,C900050,2024-09-09,2024-09-19,2024-10-05,455788.96,455788.96,PAGADO,parcial
PG00001193,C003260,2024-01-05,2024-01-06,2024-01-07,19751.25,60684.84,PAGADO,completo
PG00001194,C003260,2024-01-16,2024-01-17,2024-01-19,76558.31,35624.72,PAGADO,completo
PG00001195,C003365,2024-03-11,2024-03-20,2024-04-07,63086.34,63086.34,PAGADO,completo
PG00001196,C002119,2024-01-11,2024-01-14,2024-01-27,14077.79,14077.79,PAGADO,parcial
PG00001197,C700228,2024-09-27,2024-09-29,2024-10-06,724854.33,724854.33,PAGADO,completo
PG00001198,C000787,2025-05-10,2025-05-19,2025-06-04,2399.34,12884.84,PAGADO,completo
PG00001199,C000787,2025-06-23,2025-06-29,2025-07-07,8361.89,4932.67,PAGADO,completo
PG00001200,C000787,2025-06-25,2025-07-03,2025-07-08,13988.62,6932.34,PAGADO,completo
PG00001201,C003083,2025-01-06,2025-01-09,2025-01-21,8333.77,12689.2,PAGADO,completo
PG00001202,C003083,2025-02-18,2025-02-24,2025-03-04,5406.03,13060.33,PAGADO,completo
PG00001203,C003083,2025-02-23,2025-02-28,2025-03-07,24124.81,12115.08,PAGADO,completo
PG00001204,C900142,2025-09-04,2025-09-08,2025-09-23,155332.03,176850.06,PAGADO,parcial
PG00001205,C900142,2025-09-02,2025-09-07,2025-09-12,70957.5,49439.47,PAGADO,parcial
PG00001206,C001017,2025-02-17,2025-02-17,2025-05-16,33530.32,32726.56,PAGADO,demorado
PG00001207,C001017,2025-02-15,2025-02-25,2025-06-01,30521.94,31325.7,PAGADO,demorado
PG00001208,C000321,2023-11-25,2023-12-03,2023-12-22,5742.54,5742.54,PAGADO,completo
PG00001209,C900009,2026-03-21,2026-03-26,2026-04-12,420048.58,420048.58,PAGADO,completo
PG00001210,C000676,2026-06-14,2026-06-22,2026-07-09,102481.12,102481.12,PAGADO,completo
PG00001211,C000655,2025-05-06,2025-05-15,2025-05-18,26968.08,12488.05,PAGADO,completo
PG00001212,C000655,2025-05-30,2025-06-04,2025-06-17,14243.97,28724.0,PAGADO,completo
PG00001213,C001743,2024-09-21,2024-09-23,2024-10-06,16666.43,4400.37,PAGADO,completo
PG00001214,C001743,2024-09-26,2024-09-29,2024-10-05,6421.82,9725.13,PAGADO,completo
PG00001215,C001743,2024-11-10,2024-11-11,2024-11-24,10530.96,19493.71,PAGADO,completo
PG00001216,C001513,2024-02-06,2024-02-13,2024-02-29,4170.2,2335.85,PAGADO,completo
PG00001217,C001513,2024-02-23,2024-03-02,2024-03-14,2632.18,5253.58,PAGADO,completo
PG00001218,C001513,2024-03-05,2024-03-10,2024-03-21,3476.86,2689.81,PAGADO,completo
PG00001219,C002647,2024-08-13,2024-08-21,2024-09-08,36997.62,36997.62,PAGADO,parcial
PG00001220,C000910,2026-05-06,2026-05-10,,27948.94,0.0,PENDIENTE,pendiente
PG00001221,C001345,2026-07-11,2026-07-13,2026-07-13,35180.73,81023.45,PAGADO,completo
PG00001222,C001345,2026-08-07,2026-08-07,2026-08-07,78883.17,33040.45,PAGADO,completo
PG00001223,C000527,2024-03-01,2024-03-03,2024-03-04,49208.0,23973.94,PAGADO,completo
PG00001224,C000527,2024-04-09,2024-04-16,2024-05-03,9412.06,16831.83,PAGADO,completo
PG00001225,C000527,2024-04-18,2024-04-21,2024-04-25,17085.58,34899.87,PAGADO,completo
PG00001226,C001456,2023-04-04,2023-04-04,,8364.89,0.0,PENDIENTE,pendiente
PG00001227,C000122,2023-03-05,2023-03-07,2023-05-15,17749.44,17749.44,PAGADO,demorado
PG00001228,C001164,2025-04-05,2025-04-15,2025-05-01,30538.37,52705.08,PAGADO,completo
PG00001229,C001164,2025-04-30,2025-05-04,2025-05-15,73525.6,14059.2,PAGADO,completo
PG00001230,C001164,2025-04-28,2025-05-03,2025-05-12,21509.05,58808.74,PAGADO,completo
PG00001231,C900186,2025-03-06,2025-03-12,2025-03-20,304626.5,304626.5,PAGADO,completo
PG00001232,C000044,2025-04-17,2025-04-24,2025-05-13,73525.34,92050.22,PAGADO,completo
PG00001233,C000044,2025-04-25,2025-04-26,2025-05-04,78680.94,65721.14,PAGADO,completo
PG00001234,C000044,2025-06-13,2025-06-20,2025-06-22,145616.64,140051.56,PAGADO,completo
PG00001235,C001027,2026-04-23,2026-04-23,2026-04-29,5333.31,36522.69,PAGADO,completo
PG00001236,C001027,2026-05-16,2026-05-20,2026-05-22,127286.67,96097.29,PAGADO,completo
PG00001237,C900005,2024-04-05,2024-04-07,2024-04-23,369272.99,43711.92,PAGADO,completo
PG00001238,C900005,2024-05-17,2024-05-21,2024-05-31,208464.45,534025.52,PAGADO,completo
PG00001239,C001047,2023-12-09,2023-12-15,2024-01-04,21004.33,21004.33,PAGADO,parcial
PG00001240,C000354,2024-03-12,2024-03-13,2024-03-31,54673.21,54673.21,PAGADO,completo
PG00001241,C003064,2023-09-19,2023-09-27,2023-10-10,134353.58,65058.84,PAGADO,parcial
PG00001242,C003064,2023-11-03,2023-11-09,2023-11-18,203074.56,272369.3,PAGADO,parcial
PG00001243,C700059,2024-03-24,2024-03-26,2024-04-07,45455.9,61881.32,PAGADO,completo
PG00001244,C700059,2024-05-09,2024-05-12,2024-05-14,31475.18,129333.36,PAGADO,completo
PG00001245,C700059,2024-05-10,2024-05-14,2024-05-19,170451.81,56168.21,PAGADO,completo
PG00001246,C001422,2026-05-11,2026-05-17,2026-06-06,18562.71,18562.71,PAGADO,completo
PG00001247,C001268,2023-03-07,2023-03-09,2023-03-19,65045.6,41393.86,PAGADO,completo
PG00001248,C001268,2023-04-27,2023-04-28,2023-05-14,30987.77,54639.51,PAGADO,completo
PG00001249,C003252,2023-11-16,2023-11-23,2023-12-01,494768.84,494768.84,PAGADO,completo
PG00001250,C003347,2023-06-11,2023-06-13,2023-06-17,10513.68,16088.3,PAGADO,completo
PG00001251,C003347,2023-06-14,2023-06-19,2023-07-05,20086.59,14511.97,PAGADO,completo
PG00001252,C000534,2024-04-07,2024-04-15,2024-04-29,9892.39,9892.39,PAGADO,completo
PG00001253,C900153,2025-09-17,2025-09-18,2025-09-20,440738.8,440738.8,PAGADO,completo
PG00001254,C001558,2026-07-07,2026-07-15,2026-07-24,9163.81,8850.89,PAGADO,completo
PG00001255,C001558,2026-07-23,2026-07-26,2026-08-07,4429.8,25869.97,PAGADO,completo
PG00001256,C001558,2026-08-07,2026-08-07,2026-08-07,24698.17,3570.92,PAGADO,completo
PG00001257,C750074,2025-01-25,2025-01-31,2025-02-04,103970.29,22044.34,PAGADO,completo
PG00001258,C750074,2025-02-28,2025-03-05,2025-03-07,75286.89,157212.84,PAGADO,completo
PG00001259,C900053,2024-10-05,2024-10-11,,352810.08,0.0,PENDIENTE,pendiente
PG00001260,C000256,2025-01-26,2025-02-03,2025-02-11,63163.48,63163.48,PAGADO,completo
PG00001261,C000978,2025-11-14,2025-11-24,2025-12-05,87701.17,87701.17,PAGADO,completo
PG00001262,C000862,2025-06-16,2025-06-24,,43686.0,0.0,PENDIENTE,pendiente
PG00001263,C700212,2024-08-29,2024-09-08,2024-09-24,37915.74,46682.01,PAGADO,completo
PG00001264,C700212,2024-10-17,2024-10-18,2024-11-03,109315.7,79941.21,PAGADO,completo
PG00001265,C700212,2024-11-04,2024-11-14,2024-11-15,21130.52,41738.74,PAGADO,completo
PG00001266,C001697,2023-10-09,2023-10-12,2023-10-27,28971.22,14866.35,PAGADO,completo
PG00001267,C001697,2023-11-09,2023-11-15,2023-11-29,38430.13,52535.0,PAGADO,completo
PG00001268,C000647,2025-12-24,2025-12-29,2026-01-07,18611.68,15122.93,PAGADO,completo
PG00001269,C000647,2025-12-13,2025-12-18,2026-01-01,18965.0,20859.36,PAGADO,completo
PG00001270,C000647,2026-01-18,2026-01-21,2026-02-09,1718.1,3312.49,PAGADO,completo
PG00001271,C002178,2025-08-24,2025-08-31,2025-09-08,23400.82,23400.82,PAGADO,parcial
PG00001272,C000705,2024-05-23,2024-06-02,2024-06-10,36663.53,36663.53,PAGADO,completo
PG00001273,C001320,2025-07-04,2025-07-10,2025-07-18,78983.32,78983.32,PAGADO,parcial
PG00001274,C000871,2025-08-10,2025-08-14,2025-09-03,48548.98,11458.6,PAGADO,completo
PG00001275,C000871,2025-08-24,2025-09-02,2025-09-16,30945.39,68035.77,PAGADO,completo
PG00001276,C002821,2023-09-20,2023-09-23,2023-11-27,29510.12,12576.42,PAGADO,demorado
PG00001277,C002821,2023-10-16,2023-10-23,2023-12-09,12354.45,29288.15,PAGADO,demorado
PG00001278,C000291,2025-10-15,2025-10-25,2025-11-02,27491.05,23732.04,PAGADO,completo
PG00001279,C000291,2025-10-30,2025-11-05,2025-11-20,25920.92,29679.93,PAGADO,completo
PG00001280,C001812,2026-02-10,2026-02-13,2026-02-20,31650.8,31650.8,PAGADO,completo
PG00001281,C001315,2026-02-07,2026-02-13,2026-02-15,10155.69,2169.93,PAGADO,completo
PG00001282,C001315,2026-02-09,2026-02-10,2026-02-21,3702.76,2300.5,PAGADO,completo
PG00001283,C001315,2026-04-10,2026-04-17,2026-04-20,3134.07,12522.09,PAGADO,completo
PG00001284,C002283,2023-09-09,2023-09-11,2023-09-25,48555.28,74809.87,PAGADO,parcial
PG00001285,C002283,2023-10-17,2023-10-24,2023-11-04,49757.5,23502.91,PAGADO,parcial
PG00001286,C001424,2025-02-10,2025-02-16,2025-02-26,13312.42,13814.87,PAGADO,completo
PG00001287,C001424,2025-03-21,2025-03-26,2025-04-12,38533.52,65437.79,PAGADO,completo
PG00001288,C001424,2025-04-08,2025-04-12,2025-04-16,36173.76,8767.04,PAGADO,completo
PG00001289,C001374,2024-01-10,2024-01-13,,29779.75,0.0,PENDIENTE,pendiente
PG00001290,C001657,2023-02-24,2023-03-02,,7969.1,0.0,PENDIENTE,pendiente
PG00001291,C900240,2024-01-29,2024-01-31,,144698.38,0.0,PENDIENTE,pendiente
PG00001292,C000263,2023-09-24,2023-10-04,2023-10-05,9154.6,9154.6,PAGADO,completo
PG00001293,C003089,2023-11-08,2023-11-13,2023-12-02,11338.17,33380.32,PAGADO,completo
PG00001294,C003089,2023-12-10,2023-12-15,2023-12-17,25599.21,9159.97,PAGADO,completo
PG00001295,C003089,2023-12-09,2023-12-14,2023-12-30,22242.06,16639.15,PAGADO,completo
PG00001296,C003433,2026-06-12,2026-06-20,2026-06-27,25887.36,25887.36,PAGADO,completo
PG00001297,C002168,2025-07-15,2025-07-16,2025-07-29,156706.07,94739.49,PAGADO,completo
PG00001298,C002168,2025-08-05,2025-08-06,2025-08-22,145611.95,207578.53,PAGADO,completo
PG00001299,C700159,2024-09-04,2024-09-06,2024-09-23,130576.82,30437.58,PAGADO,completo
PG00001300,C700159,2024-08-19,2024-08-26,2024-09-14,223009.16,226532.78,PAGADO,completo
PG00001301,C700159,2024-09-24,2024-09-26,2024-10-15,32266.25,128881.87,PAGADO,completo
PG00001302,C000056,2024-11-08,2024-11-13,2024-11-21,10502.85,7770.13,PAGADO,completo
PG00001303,C000056,2024-12-03,2024-12-03,2024-12-21,4527.38,7260.1,PAGADO,completo
PG00001304,C700053,2025-09-22,2025-09-23,2025-09-25,200751.7,107503.13,PAGADO,completo
PG00001305,C700053,2025-09-26,2025-09-27,2025-10-03,84330.38,177578.95,PAGADO,completo
PG00001306,C001995,2024-02-10,2024-02-19,,90352.17,0.0,PENDIENTE,pendiente
PG00001307,C001454,2024-05-27,2024-06-04,2024-06-16,161218.2,161218.2,PAGADO,parcial
PG00001308,C750036,2024-07-11,2024-07-16,2024-07-17,30407.31,3534.45,PAGADO,completo
PG00001309,C750036,2024-07-05,2024-07-06,2024-07-24,24424.95,69669.71,PAGADO,completo
PG00001310,C750036,2024-08-21,2024-08-26,2024-09-08,39605.09,21233.19,PAGADO,completo
PG00001311,C000680,2023-12-13,2023-12-14,2023-12-15,27543.6,27543.6,PAGADO,completo
PG00001312,C002736,2023-03-14,2023-03-21,2023-06-05,45493.22,45493.22,PAGADO,demorado
PG00001313,C000903,2026-06-03,2026-06-03,2026-06-12,29473.25,29473.25,PAGADO,sobrepago_senal
PG00001314,C001480,2025-09-03,2025-09-04,2025-09-08,58758.63,55294.01,PAGADO,completo
PG00001315,C001480,2025-10-02,2025-10-06,2025-10-21,30823.85,36738.02,PAGADO,completo
PG00001316,C001480,2025-11-19,2025-11-24,2025-12-08,14478.1,12028.55,PAGADO,completo
PG00001317,C900137,2025-01-08,2025-01-18,2025-01-22,47229.01,163491.35,PAGADO,completo
PG00001318,C900137,2025-02-11,2025-02-21,2025-02-22,447490.97,331228.63,PAGADO,completo
PG00001319,C900000,2026-06-11,2026-06-16,2026-06-17,66646.27,153351.02,PAGADO,completo
PG00001320,C900000,2026-07-01,2026-07-08,2026-07-24,41218.74,46657.67,PAGADO,completo
PG00001321,C900000,2026-07-21,2026-07-22,2026-07-30,124732.86,32589.18,PAGADO,completo
PG00001322,C002459,2024-11-21,2024-11-21,2024-11-27,13584.27,6495.34,PAGADO,completo
PG00001323,C002459,2024-12-07,2024-12-11,2024-12-21,3189.93,4143.12,PAGADO,completo
PG00001324,C002459,2024-12-03,2024-12-11,2024-12-13,7869.25,14004.99,PAGADO,completo
PG00001325,C000682,2025-05-20,2025-05-21,,11379.56,0.0,PENDIENTE,pendiente
PG00001326,C700001,2024-05-30,2024-05-30,2024-06-11,692298.68,692298.68,PAGADO,parcial
PG00001327,C002463,2023-07-23,2023-08-01,2023-08-17,24633.08,15607.17,PAGADO,completo
PG00001328,C002463,2023-09-11,2023-09-21,2023-09-22,34688.1,30303.65,PAGADO,completo
PG00001329,C002463,2023-09-28,2023-09-30,2023-10-11,5817.96,19228.32,PAGADO,completo
PG00001330,C003424,2025-08-21,2025-08-23,2025-08-27,4370.46,4564.36,PAGADO,completo
PG00001331,C003424,2025-09-15,2025-09-25,2025-10-15,2937.63,4803.44,PAGADO,completo
PG00001332,C003424,2025-10-07,2025-10-09,2025-10-15,5476.38,3416.67,PAGADO,completo
PG00001333,C800057,2025-06-04,2025-06-14,2025-06-29,152627.52,152627.52,PAGADO,completo
PG00001334,C900037,2025-11-13,2025-11-14,2025-11-26,629467.03,629467.03,PAGADO,completo
PG00001335,C002111,2025-10-23,2025-10-29,2025-11-04,35326.84,82747.74,PAGADO,completo
PG00001336,C002111,2025-11-25,2025-11-30,2025-12-16,237957.73,190536.83,PAGADO,completo
PG00001337,C001886,2025-02-12,2025-02-17,2025-02-21,44780.11,44780.11,PAGADO,parcial
PG00001338,C001073,2025-04-19,2025-04-19,2025-06-23,24497.3,28956.99,PAGADO,demorado
PG00001339,C001073,2025-04-17,2025-04-18,2025-06-18,18436.01,13976.32,PAGADO,demorado
PG00001340,C003235,2024-01-20,2024-01-29,2024-05-04,33361.32,13560.51,PAGADO,demorado
PG00001341,C003235,2024-02-08,2024-02-18,2024-05-28,19012.64,38813.45,PAGADO,demorado
PG00001342,C000012,2023-07-09,2023-07-10,,13715.63,0.0,PENDIENTE,pendiente
PG00001343,C001510,2025-09-20,2025-09-26,2025-09-26,3531.04,49607.6,PAGADO,completo
PG00001344,C001510,2025-11-01,2025-11-04,2025-11-17,58151.16,12074.6,PAGADO,completo
PG00001345,C000322,2025-09-13,2025-09-23,2025-09-30,8384.76,8384.76,PAGADO,parcial
PG00001346,C900083,2026-01-10,2026-01-12,2026-01-30,427166.06,427166.06,PAGADO,completo
PG00001347,C750034,2024-02-27,2024-02-28,2024-03-04,35890.86,37989.28,PAGADO,completo
PG00001348,C750034,2024-03-11,2024-03-15,2024-03-25,39814.78,37716.36,PAGADO,completo
PG00001349,C000736,2024-04-20,2024-04-23,2024-05-10,9598.47,4088.66,PAGADO,completo
PG00001350,C000736,2024-04-16,2024-04-18,2024-04-18,19748.74,25258.55,PAGADO,completo
PG00001351,C003339,2026-01-03,2026-01-08,2026-01-15,281863.8,281863.8,PAGADO,completo
PG00001352,C002053,2024-06-09,2024-06-16,2024-06-22,6958.4,8539.51,PAGADO,completo
PG00001353,C002053,2024-07-04,2024-07-08,2024-07-10,13320.74,11739.63,PAGADO,completo
PG00001354,C900241,2026-04-07,2026-04-10,2026-04-24,209582.33,209582.33,PAGADO,parcial
PG00001355,C700253,2026-04-10,2026-04-11,2026-04-29,157734.53,157734.53,PAGADO,completo
PG00001356,C003340,2023-03-20,2023-03-26,,30301.84,0.0,PENDIENTE,pendiente
PG00001357,C002618,2025-12-03,2025-12-10,2025-12-11,20240.64,73096.77,PAGADO,completo
PG00001358,C002618,2025-12-27,2026-01-02,2026-01-04,95715.94,42859.81,PAGADO,completo
PG00001359,C002019,2023-07-22,2023-07-29,2023-07-30,19724.07,20549.33,PAGADO,parcial
PG00001360,C002019,2023-08-18,2023-08-22,2023-08-25,28061.97,27236.71,PAGADO,parcial
PG00001361,C750030,2026-03-26,2026-04-05,2026-04-11,72768.42,29949.9,PAGADO,completo
PG00001362,C750030,2026-04-13,2026-04-18,2026-04-23,21902.37,64720.89,PAGADO,completo
PG00001363,C002520,2024-07-03,2024-07-13,2024-07-31,27360.7,27360.7,PAGADO,parcial
PG00001364,C800042,2024-10-01,2024-10-08,2024-10-13,41325.19,46868.38,PAGADO,completo
PG00001365,C800042,2024-11-08,2024-11-12,2024-11-26,79071.14,73527.95,PAGADO,completo
PG00001366,C002902,2024-06-04,2024-06-08,2024-06-09,57812.22,45984.3,PAGADO,completo
PG00001367,C002902,2024-07-04,2024-07-14,2024-07-25,9356.37,11210.17,PAGADO,completo
PG00001368,C002902,2024-07-22,2024-07-25,2024-07-29,15968.17,25942.29,PAGADO,completo
PG00001369,C002531,2023-02-10,2023-02-16,2023-03-05,28814.78,28814.78,PAGADO,parcial
PG00001370,C000690,2025-07-21,2025-07-25,2025-07-27,12846.48,25637.16,PAGADO,completo
PG00001371,C000690,2025-07-22,2025-07-28,2025-08-11,8154.26,2519.11,PAGADO,completo
PG00001372,C000690,2025-09-07,2025-09-13,2025-09-27,12735.58,5580.05,PAGADO,completo
PG00001373,C001146,2023-06-27,2023-06-28,2023-07-12,8706.51,14957.79,PAGADO,completo
PG00001374,C001146,2023-08-21,2023-08-30,2023-09-10,12354.76,6103.48,PAGADO,completo
PG00001375,C700119,2024-05-28,2024-05-31,2024-06-16,385455.13,385455.13,PAGADO,completo
PG00001376,C700113,2024-10-29,2024-11-06,2024-11-25,458740.26,458740.26,PAGADO,completo
PG00001377,C003355,2025-11-19,2025-11-19,2025-12-09,62702.97,37869.91,PAGADO,completo
PG00001378,C003355,2025-11-19,2025-11-26,2025-12-04,129989.68,22493.68,PAGADO,completo
PG00001379,C003355,2025-12-18,2025-12-23,2026-01-10,17961.6,150290.66,PAGADO,completo
PG00001380,C003245,2024-02-03,2024-02-12,2024-04-16,142620.12,142620.12,PAGADO,demorado
PG00001381,C002886,2024-07-27,2024-08-05,2024-08-12,62552.93,62552.93,PAGADO,sobrepago_senal
PG00001382,C003113,2024-09-22,2024-10-02,2024-10-20,204658.51,110149.17,PAGADO,completo
PG00001383,C003113,2024-11-09,2024-11-15,2024-11-30,63191.02,157700.36,PAGADO,completo
PG00001384,C001961,2024-09-18,2024-09-23,2024-10-11,119016.56,185378.7,PAGADO,completo
PG00001385,C001961,2024-10-13,2024-10-17,2024-11-03,125742.78,59380.64,PAGADO,completo
PG00001386,C002588,2024-03-12,2024-03-18,2024-03-29,342916.78,28358.91,PAGADO,completo
PG00001387,C002588,2024-03-08,2024-03-08,2024-03-09,439532.05,712959.81,PAGADO,completo
PG00001388,C002588,2024-03-30,2024-03-30,2024-04-17,169689.95,210820.06,PAGADO,completo
PG00001389,C000416,2026-07-13,2026-07-17,2026-07-18,19713.7,19713.7,PAGADO,completo
PG00001390,C001551,2024-08-15,2024-08-18,2024-09-04,381113.93,381113.93,PAGADO,completo
PG00001391,C002429,2026-04-03,2026-04-09,2026-04-23,40123.34,40123.34,PAGADO,completo
PG00001392,C000227,2024-06-29,2024-07-06,2024-10-08,12085.89,12085.89,PAGADO,demorado
PG00001393,C000811,2023-04-11,2023-04-15,2023-05-02,79386.84,79386.84,PAGADO,completo
PG00001394,C002722,2023-11-16,2023-11-24,,22036.18,0.0,PENDIENTE,pendiente
PG00001395,C002934,2024-11-17,2024-11-18,2024-12-01,6402.56,26240.28,PAGADO,completo
PG00001396,C002934,2024-11-20,2024-11-25,2024-11-27,30438.62,10600.9,PAGADO,completo
PG00001397,C002704,2024-11-09,2024-11-12,2024-12-01,33996.25,34627.92,PAGADO,completo
PG00001398,C002704,2024-11-17,2024-11-18,2024-11-24,12131.49,11499.82,PAGADO,completo
PG00001399,C001216,2025-03-21,2025-03-27,2025-04-06,34732.44,34732.44,PAGADO,completo
PG00001400,C002167,2025-05-23,2025-05-31,2025-06-02,124471.7,124471.7,PAGADO,parcial
PG00001401,C001180,2023-07-20,2023-07-24,2023-08-02,119489.45,68588.66,PAGADO,completo
PG00001402,C001180,2023-08-14,2023-08-18,2023-09-04,66124.52,117025.31,PAGADO,completo
PG00001403,C002907,2026-05-18,2026-05-28,2026-05-28,11195.08,32331.72,PAGADO,completo
PG00001404,C002907,2026-06-14,2026-06-24,2026-06-30,22821.7,16032.16,PAGADO,completo
PG00001405,C002907,2026-06-10,2026-06-20,2026-06-20,26137.56,11790.46,PAGADO,completo
PG00001406,C900303,2026-07-05,2026-07-11,2026-07-22,388174.07,388174.07,PAGADO,parcial
PG00001407,C001411,2024-09-28,2024-10-08,2024-10-12,2985.59,6186.95,PAGADO,completo
PG00001408,C001411,2024-10-01,2024-10-09,2024-10-12,4342.29,1531.99,PAGADO,completo
PG00001409,C001411,2024-11-17,2024-11-24,2024-12-05,2222.17,1831.11,PAGADO,completo
PG00001410,C900105,2024-04-22,2024-05-01,2024-07-17,200216.25,284144.96,PAGADO,demorado
PG00001411,C900105,2024-05-14,2024-05-18,2024-08-11,307702.8,223774.09,PAGADO,demorado
PG00001412,C001867,2023-04-10,2023-04-12,2023-04-21,105.01,20311.92,PAGADO,completo
PG00001413,C001867,2023-05-05,2023-05-15,2023-05-24,27300.3,22306.22,PAGADO,completo
PG00001414,C001867,2023-06-02,2023-06-05,2023-06-10,27614.67,12401.84,PAGADO,completo
PG00001415,C900075,2024-06-21,2024-06-24,2024-07-10,187399.09,67088.74,PAGADO,completo
PG00001416,C900075,2024-06-19,2024-06-25,2024-06-25,184758.05,121445.07,PAGADO,completo
PG00001417,C900075,2024-06-30,2024-07-06,2024-07-12,140595.22,324218.55,PAGADO,completo
PG00001418,C000183,2026-06-19,2026-06-29,2026-08-07,40018.41,16414.82,PAGADO,demorado
PG00001419,C000183,2026-08-07,2026-08-07,2026-08-07,84920.86,108524.45,PAGADO,demorado
PG00001420,C002673,2023-03-21,2023-03-25,2023-03-29,7437.79,4009.43,PAGADO,completo
PG00001421,C002673,2023-03-15,2023-03-20,2023-03-30,6694.02,10122.38,PAGADO,completo
PG00001422,C002630,2025-10-03,2025-10-09,2025-10-18,5103.8,6541.69,PAGADO,parcial
PG00001423,C002630,2025-09-27,2025-10-04,2025-10-19,4940.96,3503.07,PAGADO,parcial
PG00001424,C000486,2023-06-16,2023-06-23,2023-07-12,2336.59,22437.6,PAGADO,parcial
PG00001425,C000486,2023-07-07,2023-07-14,2023-07-22,49436.04,29335.03,PAGADO,parcial
PG00001426,C000937,2026-05-26,2026-05-28,2026-05-28,23437.16,58550.46,PAGADO,completo
PG00001427,C000937,2026-07-08,2026-07-14,2026-07-14,24600.8,23689.18,PAGADO,completo
PG00001428,C000937,2026-07-14,2026-07-14,2026-07-16,80783.66,46581.98,PAGADO,completo
PG00001429,C003438,2024-07-03,2024-07-12,2024-07-29,25480.4,4341.86,PAGADO,completo
PG00001430,C003438,2024-07-24,2024-07-31,2024-08-07,8022.0,29160.54,PAGADO,completo
PG00001431,C800084,2026-05-04,2026-05-12,2026-05-22,2339.21,54925.28,PAGADO,parcial
PG00001432,C800084,2026-06-23,2026-07-01,2026-07-17,116209.13,63623.06,PAGADO,parcial
PG00001433,C001820,2024-09-10,2024-09-19,2024-09-29,41209.39,24277.22,PAGADO,completo
PG00001434,C001820,2024-10-21,2024-10-31,2024-11-02,7320.94,24253.11,PAGADO,completo
PG00001435,C000139,2023-07-08,2023-07-13,2023-07-23,3349.09,6649.12,PAGADO,parcial
PG00001436,C000139,2023-07-29,2023-08-02,2023-08-12,7763.51,4463.48,PAGADO,parcial
PG00001437,C001659,2023-04-16,2023-04-18,2023-04-23,73621.33,73621.33,PAGADO,completo
PG00001438,C900051,2024-09-14,2024-09-17,2024-10-06,280025.22,185628.24,PAGADO,completo
PG00001439,C900051,2024-10-08,2024-10-17,2024-10-27,147225.45,241622.43,PAGADO,completo
PG00001440,C000266,2023-03-23,2023-03-27,2023-04-08,13166.99,54125.39,PAGADO,completo
PG00001441,C000266,2023-03-15,2023-03-19,2023-03-26,62538.65,21580.25,PAGADO,completo
PG00001442,C002527,2025-11-19,2025-11-19,,8592.0,0.0,PENDIENTE,pendiente
PG00001443,C700128,2025-03-02,2025-03-06,2025-03-15,821636.3,821636.3,PAGADO,completo
PG00001444,C000063,2025-02-26,2025-03-01,2025-03-06,6769.02,20488.66,PAGADO,completo
PG00001445,C000063,2025-04-11,2025-04-14,2025-04-16,12650.68,38044.51,PAGADO,completo
PG00001446,C000063,2025-05-03,2025-05-13,2025-05-17,62533.88,23420.41,PAGADO,completo
PG00001447,C001106,2024-11-10,2024-11-20,2024-12-03,319474.16,319474.16,PAGADO,completo
PG00001448,C001298,2025-05-15,2025-05-22,2025-05-24,39878.25,91643.35,PAGADO,completo
PG00001449,C001298,2025-05-30,2025-06-05,2025-06-12,52682.69,33093.73,PAGADO,completo
PG00001450,C001298,2025-06-03,2025-06-04,2025-06-08,82520.98,50344.84,PAGADO,completo
PG00001451,C002320,2025-01-17,2025-01-19,2025-04-03,46188.53,46188.53,PAGADO,demorado
PG00001452,C003193,2026-07-30,2026-08-01,2026-08-07,188492.41,188492.41,PAGADO,completo
PG00001453,C002994,2024-07-10,2024-07-15,2024-07-17,46099.28,19863.95,PAGADO,completo
PG00001454,C002994,2024-08-04,2024-08-04,2024-08-06,6287.95,32523.28,PAGADO,completo
PG00001455,C001161,2025-12-23,2026-01-02,2026-01-03,17057.41,17057.41,PAGADO,completo
PG00001456,C001727,2025-08-11,2025-08-20,2025-09-05,84180.89,100777.56,PAGADO,completo
PG00001457,C001727,2025-08-27,2025-08-31,2025-09-05,217853.42,201256.75,PAGADO,completo
PG00001458,C001034,2026-05-10,2026-05-14,2026-05-14,7002.56,3918.07,PAGADO,completo
PG00001459,C001034,2026-06-09,2026-06-09,2026-06-25,6641.95,30286.58,PAGADO,completo
PG00001460,C001034,2026-07-02,2026-07-12,2026-07-25,40863.79,20303.65,PAGADO,completo
PG00001461,C001253,2025-09-26,2025-09-27,2025-10-07,42135.05,76580.7,PAGADO,completo
PG00001462,C001253,2025-10-11,2025-10-20,2025-11-09,26845.35,24489.36,PAGADO,completo
PG00001463,C001253,2025-11-16,2025-11-22,2025-11-28,61258.85,29169.19,PAGADO,completo
PG00001464,C002345,2025-04-09,2025-04-15,2025-05-02,31708.28,31708.28,PAGADO,completo
PG00001465,C900157,2024-11-05,2024-11-07,2024-11-09,52104.99,220773.33,PAGADO,completo
PG00001466,C900157,2024-11-30,2024-12-04,2024-12-19,315601.47,146933.13,PAGADO,completo
PG00001467,C001991,2026-04-23,2026-04-26,2026-04-29,5081.36,17139.52,PAGADO,completo
PG00001468,C001991,2026-05-22,2026-05-29,2026-06-10,21862.92,9804.76,PAGADO,completo
PG00001469,C003057,2023-11-02,2023-11-12,2023-11-25,35875.43,82391.61,PAGADO,completo
PG00001470,C003057,2023-10-18,2023-10-25,2023-11-08,118848.84,86692.63,PAGADO,completo
PG00001471,C003057,2023-11-08,2023-11-14,2023-11-15,141609.34,127249.37,PAGADO,completo
PG00001472,C900217,2024-06-30,2024-07-02,2024-07-14,455079.02,455079.02,PAGADO,completo
PG00001473,C001860,2024-10-25,2024-10-30,,69199.71,0.0,PENDIENTE,pendiente
PG00001474,C900210,2025-04-30,2025-05-01,2025-05-07,630020.39,630020.39,PAGADO,completo
PG00001475,C003232,2025-11-16,2025-11-19,2025-12-01,20915.46,9544.99,PAGADO,completo
PG00001476,C003232,2025-12-07,2025-12-07,2025-12-12,11128.94,5734.11,PAGADO,completo
PG00001477,C003232,2026-01-19,2026-01-24,2026-01-26,11632.27,28397.57,PAGADO,completo
PG00001478,C002002,2025-03-19,2025-03-22,2025-03-28,12793.44,28440.97,PAGADO,completo
PG00001479,C002002,2025-04-30,2025-05-08,2025-05-28,31800.99,16153.46,PAGADO,completo
PG00001480,C001350,2025-12-30,2026-01-03,2026-01-04,591.57,832.83,PAGADO,completo
PG00001481,C001350,2026-02-21,2026-02-26,2026-03-06,3562.02,2059.78,PAGADO,completo
PG00001482,C001350,2026-03-18,2026-03-21,2026-03-29,325.99,1586.97,PAGADO,completo
PG00001483,C001609,2025-01-10,2025-01-16,2025-01-17,46933.36,46933.36,PAGADO,sobrepago_senal
PG00001484,C002540,2024-11-08,2024-11-10,2024-11-19,51011.94,89149.09,PAGADO,completo
PG00001485,C002540,2024-11-08,2024-11-09,2024-11-28,66426.19,28289.04,PAGADO,completo
PG00001486,C002407,2026-04-16,2026-04-21,2026-04-25,30460.74,179343.75,PAGADO,completo
PG00001487,C002407,2026-05-22,2026-05-27,2026-06-06,178618.8,29735.79,PAGADO,completo
PG00001488,C002409,2025-09-25,2025-10-04,2025-10-10,9358.82,23856.69,PAGADO,completo
PG00001489,C002409,2025-10-27,2025-10-27,2025-11-05,53950.05,36117.41,PAGADO,completo
PG00001490,C002409,2025-10-31,2025-11-06,2025-11-14,12396.77,15731.54,PAGADO,completo
PG00001491,C000279,2024-04-21,2024-04-21,,22909.98,0.0,PENDIENTE,pendiente
PG00001492,C002505,2026-03-09,2026-03-12,2026-03-23,14551.77,14551.77,PAGADO,completo
PG00001493,C003490,2025-09-05,2025-09-05,2025-09-07,14445.51,14445.51,PAGADO,completo
PG00001494,C003331,2023-05-14,2023-05-22,2023-05-28,60034.65,60034.65,PAGADO,completo
PG00001495,C000358,2023-04-15,2023-04-22,2023-04-30,36616.44,36616.44,PAGADO,completo
PG00001496,C003199,2025-11-02,2025-11-10,2025-11-26,2686.18,8070.12,PAGADO,completo
PG00001497,C003199,2025-11-15,2025-11-21,2025-11-24,4567.07,21109.64,PAGADO,completo
PG00001498,C003199,2025-12-12,2025-12-16,2025-12-20,23918.04,1991.53,PAGADO,completo
PG00001499,C000299,2023-07-31,2023-08-05,2023-08-16,9000.46,12447.17,PAGADO,completo
PG00001500,C000299,2023-09-08,2023-09-15,2023-09-28,6816.29,4099.16,PAGADO,completo
PG00001501,C000299,2023-09-13,2023-09-14,2023-09-15,16511.83,15782.25,PAGADO,completo
PG00001502,C002091,2024-02-05,2024-02-09,2024-02-17,132901.69,132901.69,PAGADO,completo
PG00001503,C001334,2023-09-22,2023-09-28,2023-10-09,21949.96,21949.96,PAGADO,completo
PG00001504,C001064,2025-02-22,2025-02-27,,32737.77,0.0,PENDIENTE,pendiente
PG00001505,C001684,2026-01-17,2026-01-27,2026-02-04,32031.36,43717.44,PAGADO,completo
PG00001506,C001684,2026-02-19,2026-02-26,2026-02-28,62157.87,50471.79,PAGADO,completo
PG00001507,C000761,2023-12-27,2024-01-04,2024-01-08,1552.14,2534.68,PAGADO,parcial
PG00001508,C000761,2024-01-28,2024-02-03,2024-02-09,7329.54,6347.0,PAGADO,parcial
PG00001509,C000881,2024-10-30,2024-11-01,2024-11-11,21682.89,21682.89,PAGADO,parcial
PG00001510,C002221,2023-02-08,2023-02-10,2023-02-10,10665.87,14877.43,PAGADO,completo
PG00001511,C002221,2023-03-13,2023-03-18,2023-03-25,12377.81,22879.28,PAGADO,completo
PG00001512,C002221,2023-03-06,2023-03-15,2023-04-04,24927.71,10214.68,PAGADO,completo
PG00001513,C000415,2024-11-25,2024-12-04,2024-12-12,22232.98,23129.23,PAGADO,completo
PG00001514,C000415,2024-12-11,2024-12-20,2025-01-08,61059.31,51852.02,PAGADO,completo
PG00001515,C000415,2025-01-09,2025-01-19,2025-01-31,9119.5,17430.54,PAGADO,completo
PG00001516,C000353,2023-05-19,2023-05-25,2023-06-14,23376.11,23376.11,PAGADO,completo
PG00001517,C001289,2025-05-24,2025-05-28,2025-05-30,66344.97,80123.02,PAGADO,completo
PG00001518,C001289,2025-06-12,2025-06-14,2025-06-25,29117.92,15339.87,PAGADO,completo
PG00001519,C700205,2024-02-01,2024-02-11,2024-02-15,664276.75,664276.75,PAGADO,completo
PG00001520,C800093,2024-05-13,2024-05-14,2024-07-28,151618.49,151618.49,PAGADO,demorado
PG00001521,C900125,2025-10-03,2025-10-13,2025-10-23,333075.0,333075.0,PAGADO,sobrepago_senal
PG00001522,C002807,2026-05-01,2026-05-08,2026-07-23,16455.07,13524.43,PAGADO,demorado
PG00001523,C002807,2026-05-06,2026-05-13,2026-08-05,13938.48,16869.12,PAGADO,demorado
PG00001524,C003453,2024-02-22,2024-02-24,2024-03-11,111585.5,111585.5,PAGADO,completo
PG00001525,C003179,2024-06-30,2024-06-30,2024-07-02,8523.53,17469.48,PAGADO,parcial
PG00001526,C003179,2024-07-19,2024-07-28,2024-08-02,14148.12,5202.17,PAGADO,parcial
PG00001527,C900160,2024-09-04,2024-09-14,2024-09-15,155825.91,114331.72,PAGADO,completo
PG00001528,C900160,2024-09-24,2024-10-03,2024-10-09,87646.04,129140.23,PAGADO,completo
PG00001529,C001392,2026-05-12,2026-05-22,2026-06-07,27996.3,18264.36,PAGADO,parcial
PG00001530,C001392,2026-05-21,2026-05-31,2026-06-12,13027.12,22759.06,PAGADO,parcial
PG00001531,C700141,2026-07-17,2026-07-27,2026-08-07,156460.52,64400.05,PAGADO,completo
PG00001532,C700141,2026-08-07,2026-08-07,2026-08-07,19028.92,116034.16,PAGADO,completo
PG00001533,C700141,2026-08-07,2026-08-07,2026-08-07,45634.99,40690.22,PAGADO,completo
PG00001534,C001589,2024-06-29,2024-07-07,2024-07-12,61604.36,26144.03,PAGADO,completo
PG00001535,C001589,2024-07-24,2024-07-27,2024-08-07,20815.28,37557.86,PAGADO,completo
PG00001536,C001589,2024-08-07,2024-08-10,2024-08-19,27476.63,46194.38,PAGADO,completo
PG00001537,C003172,2026-06-01,2026-06-04,2026-06-09,30996.36,50608.51,PAGADO,completo
PG00001538,C003172,2026-07-03,2026-07-11,2026-07-30,55107.44,35495.29,PAGADO,completo
PG00001539,C002279,2023-03-10,2023-03-18,2023-04-03,19062.9,19062.9,PAGADO,completo
PG00001540,C000108,2026-05-27,2026-06-05,2026-06-11,17396.72,7497.17,PAGADO,completo
PG00001541,C000108,2026-07-16,2026-07-24,2026-08-07,7711.56,17611.11,PAGADO,completo
PG00001542,C002672,2026-04-28,2026-04-29,2026-04-29,266863.27,266863.27,PAGADO,sobrepago_senal
PG00001543,C001978,2024-04-03,2024-04-07,2024-04-22,45384.72,45384.72,PAGADO,completo
PG00001544,C001643,2024-09-09,2024-09-18,2024-10-07,46038.21,17139.68,PAGADO,completo
PG00001545,C001643,2024-10-02,2024-10-03,2024-10-14,3745.9,14556.85,PAGADO,completo
PG00001546,C001643,2024-10-31,2024-11-07,2024-11-20,23398.04,41485.62,PAGADO,completo
PG00001547,C000058,2025-02-07,2025-02-08,2025-02-27,20542.43,20542.43,PAGADO,completo
PG00001548,C000076,2024-09-15,2024-09-17,2024-10-02,26718.92,10467.6,PAGADO,parcial
PG00001549,C000076,2024-10-05,2024-10-15,2024-10-17,20323.37,36574.69,PAGADO,parcial
PG00001550,C001020,2023-10-01,2023-10-10,2023-10-18,2590.06,1950.0,PAGADO,completo
PG00001551,C001020,2023-10-02,2023-10-04,2023-10-10,8036.49,4604.49,PAGADO,completo
PG00001552,C001020,2023-11-11,2023-11-14,2023-11-16,7417.99,11490.05,PAGADO,completo
PG00001553,C000368,2024-05-06,2024-05-15,2024-06-03,78734.95,78734.95,PAGADO,completo
PG00001554,C003003,2026-05-02,2026-05-12,,74297.23,0.0,PENDIENTE,pendiente
PG00001555,C000785,2023-03-16,2023-03-21,2023-04-01,48001.87,48001.87,PAGADO,parcial
PG00001556,C002067,2023-12-26,2023-12-27,2024-03-16,199192.56,199192.56,PAGADO,demorado
PG00001557,C001183,2024-09-07,2024-09-15,2024-09-24,3468.33,13263.29,PAGADO,completo
PG00001558,C001183,2024-09-06,2024-09-14,2024-09-26,10321.19,7746.45,PAGADO,completo
PG00001559,C001183,2024-09-29,2024-10-07,2024-10-24,12397.89,5177.67,PAGADO,completo
PG00001560,C002063,2023-03-16,2023-03-23,,111502.22,0.0,PENDIENTE,pendiente
PG00001561,C002348,2024-08-21,2024-08-26,2024-08-29,5662.26,5662.26,PAGADO,parcial
PG00001562,C750028,2026-03-15,2026-03-23,2026-04-12,49391.54,16802.0,PAGADO,completo
PG00001563,C750028,2026-03-29,2026-04-03,2026-04-12,17392.2,8786.44,PAGADO,completo
PG00001564,C750028,2026-04-08,2026-04-17,2026-04-17,17790.22,58985.52,PAGADO,completo
PG00001565,C900220,2025-08-12,2025-08-19,2025-09-01,73533.01,109300.91,PAGADO,completo
PG00001566,C900220,2025-08-13,2025-08-21,2025-08-28,352999.8,317231.9,PAGADO,completo
PG00001567,C002623,2023-03-16,2023-03-22,2023-03-26,13886.87,22810.87,PAGADO,completo
PG00001568,C002623,2023-03-14,2023-03-21,2023-04-03,16733.09,7809.09,PAGADO,completo
PG00001569,C002522,2025-12-21,2025-12-30,2026-01-18,10574.9,3725.66,PAGADO,completo
PG00001570,C002522,2025-12-25,2025-12-27,2026-01-06,4145.82,8108.0,PAGADO,completo
PG00001571,C002522,2026-01-08,2026-01-12,2026-01-15,4212.83,7099.89,PAGADO,completo
PG00001572,C900205,2025-07-29,2025-08-07,2025-08-27,34434.13,17993.67,PAGADO,completo
PG00001573,C900205,2025-08-24,2025-08-28,2025-09-14,41271.51,57711.97,PAGADO,completo
PG00001574,C001732,2023-03-03,2023-03-10,2023-03-10,13303.2,56235.78,PAGADO,completo
PG00001575,C001732,2023-04-07,2023-04-16,2023-04-18,79526.7,37338.76,PAGADO,completo
PG00001576,C001732,2023-04-15,2023-04-18,2023-04-23,18727.59,17982.95,PAGADO,completo
PG00001577,C001029,2023-03-03,2023-03-10,2023-03-22,35650.85,76562.27,PAGADO,parcial
PG00001578,C001029,2023-03-21,2023-03-24,2023-04-11,144069.38,103157.96,PAGADO,parcial
PG00001579,C001501,2025-07-20,2025-07-27,2025-08-14,65482.65,12766.24,PAGADO,completo
PG00001580,C001501,2025-07-13,2025-07-14,2025-07-18,43152.24,95868.65,PAGADO,completo
PG00001581,C700173,2024-03-25,2024-03-25,2024-04-12,424707.22,434434.73,PAGADO,completo
PG00001582,C700173,2024-04-09,2024-04-12,2024-04-29,224578.62,230685.89,PAGADO,completo
PG00001583,C700173,2024-05-14,2024-05-14,2024-05-29,213646.08,197811.3,PAGADO,completo
PG00001584,C000124,2024-04-03,2024-04-11,2024-04-21,14292.56,23054.91,PAGADO,completo
PG00001585,C000124,2024-05-01,2024-05-07,2024-05-12,9499.65,737.3,PAGADO,completo
PG00001586,C002748,2024-01-26,2024-01-31,2024-02-05,7721.81,7453.28,PAGADO,completo
PG00001587,C002748,2024-01-28,2024-02-02,2024-02-11,10011.44,10279.97,PAGADO,completo
PG00001588,C001084,2023-10-03,2023-10-04,2023-10-04,4018.19,3585.13,PAGADO,completo
PG00001589,C001084,2023-10-13,2023-10-23,2023-10-29,1762.87,5424.1,PAGADO,completo
PG00001590,C001084,2023-11-28,2023-12-05,2023-12-06,4843.56,1615.39,PAGADO,completo
PG00001591,C000817,2025-06-10,2025-06-19,2025-06-23,16966.82,12004.36,PAGADO,completo
PG00001592,C000817,2025-06-26,2025-06-30,2025-07-12,19467.82,24430.28,PAGADO,completo
PG00001593,C001885,2026-02-01,2026-02-07,2026-04-08,27631.27,27631.27,PAGADO,demorado
PG00001594,C002493,2023-06-06,2023-06-15,2023-06-26,25240.04,25240.04,PAGADO,completo
PG00001595,C002655,2025-02-20,2025-02-23,2025-02-24,21300.87,19040.53,PAGADO,completo
PG00001596,C002655,2025-03-16,2025-03-16,2025-03-30,8641.97,23666.92,PAGADO,completo
PG00001597,C002655,2025-04-05,2025-04-07,2025-04-16,24744.84,11980.23,PAGADO,completo
PG00001598,C002583,2024-09-12,2024-09-12,2024-09-21,106883.43,106883.43,PAGADO,completo
PG00001599,C000429,2024-03-29,2024-03-31,2024-04-12,58880.29,58880.29,PAGADO,parcial
PG00001600,C003070,2023-04-08,2023-04-14,2023-04-26,10722.95,13763.29,PAGADO,completo
PG00001601,C003070,2023-04-19,2023-04-22,2023-05-11,13747.43,16915.77,PAGADO,completo
PG00001602,C003070,2023-05-18,2023-05-24,2023-06-03,9440.53,3231.85,PAGADO,completo
PG00001603,C000665,2023-04-18,2023-04-23,,152547.7,0.0,PENDIENTE,pendiente
PG00001604,C001094,2024-07-26,2024-08-01,2024-08-06,9631.09,21604.24,PAGADO,completo
PG00001605,C001094,2024-08-11,2024-08-14,2024-08-21,3720.14,7987.38,PAGADO,completo
PG00001606,C001094,2024-09-07,2024-09-07,2024-09-14,17491.32,1250.93,PAGADO,completo
PG00001607,C002574,2024-02-16,2024-02-19,,53898.49,0.0,PENDIENTE,pendiente
PG00001608,C900072,2025-02-08,2025-02-09,2025-02-21,137032.92,332624.46,PAGADO,completo
PG00001609,C900072,2025-03-02,2025-03-12,2025-03-30,297391.27,101799.73,PAGADO,completo
PG00001610,C002206,2024-10-03,2024-10-09,2024-10-17,46842.57,54996.09,PAGADO,completo
PG00001611,C002206,2024-10-17,2024-10-22,2024-11-05,62542.19,54388.67,PAGADO,completo
PG00001612,C000442,2026-03-15,2026-03-16,2026-03-28,104312.42,104312.42,PAGADO,completo
PG00001613,C002596,2025-04-19,2025-04-26,2025-05-05,49734.79,49734.79,PAGADO,parcial
PG00001614,C001330,2025-08-21,2025-08-28,2025-09-06,75705.64,75705.64,PAGADO,completo
PG00001615,C700154,2026-04-09,2026-04-17,2026-04-18,603072.42,603072.42,PAGADO,completo
PG00001616,C000433,2024-03-24,2024-03-30,2024-04-08,53010.56,19954.91,PAGADO,completo
PG00001617,C000433,2024-04-30,2024-05-05,2024-05-12,36962.35,70018.0,PAGADO,completo
PG00001618,C900293,2024-02-20,2024-02-29,2024-03-12,104827.29,31386.81,PAGADO,completo
PG00001619,C900293,2024-04-05,2024-04-05,2024-04-12,240692.37,62503.49,PAGADO,completo
PG00001620,C900293,2024-04-17,2024-04-20,2024-04-29,155872.97,407502.33,PAGADO,completo
PG00001621,C001775,2025-03-08,2025-03-13,2025-03-21,27088.85,32930.21,PAGADO,completo
PG00001622,C001775,2025-04-19,2025-04-26,2025-05-02,7771.39,1930.03,PAGADO,completo
PG00001623,C000387,2024-10-04,2024-10-12,2024-10-13,365460.89,365460.89,PAGADO,completo
PG00001624,C000030,2023-05-13,2023-05-22,2023-05-27,28825.38,20699.81,PAGADO,completo
PG00001625,C000030,2023-06-05,2023-06-09,2023-06-16,35168.7,43294.27,PAGADO,completo
PG00001626,C002022,2025-10-26,2025-10-29,2025-10-29,22384.81,2163.58,PAGADO,completo
PG00001627,C002022,2025-11-05,2025-11-07,2025-11-12,26656.24,46877.47,PAGADO,completo
PG00001628,C001278,2024-12-03,2024-12-07,2024-12-25,187984.01,208138.49,PAGADO,completo
PG00001629,C001278,2024-12-19,2024-12-23,2025-01-11,223435.94,203281.46,PAGADO,completo
PG00001630,C000203,2025-11-26,2025-12-04,2025-12-22,33199.85,42873.79,PAGADO,completo
PG00001631,C000203,2025-12-01,2025-12-11,2025-12-12,22217.27,12543.33,PAGADO,completo
PG00001632,C002328,2024-09-21,2024-09-25,2024-12-09,15853.56,4871.04,PAGADO,demorado
PG00001633,C002328,2024-09-27,2024-10-06,2024-12-20,20944.83,31927.35,PAGADO,demorado
PG00001634,C003187,2026-07-10,2026-07-12,2026-07-24,15332.13,32295.49,PAGADO,completo
PG00001635,C003187,2026-08-07,2026-08-07,2026-08-07,29087.32,12123.96,PAGADO,completo
PG00001636,C001270,2025-08-28,2025-08-29,2025-09-14,188598.87,188598.87,PAGADO,completo
PG00001637,C800030,2025-02-20,2025-02-20,2025-03-01,182474.94,182474.94,PAGADO,completo
PG00001638,C000324,2026-04-04,2026-04-08,2026-04-12,10308.15,5455.85,PAGADO,completo
PG00001639,C000324,2026-04-18,2026-04-25,2026-04-25,2533.36,7041.55,PAGADO,completo
PG00001640,C000324,2026-05-09,2026-05-17,2026-05-20,7745.31,8089.42,PAGADO,completo
PG00001641,C002276,2025-06-24,2025-07-01,,100286.99,0.0,PENDIENTE,pendiente
PG00001642,C000805,2023-06-25,2023-06-30,2023-07-06,16834.44,8646.3,PAGADO,parcial
PG00001643,C000805,2023-07-27,2023-07-28,2023-08-01,8546.15,16734.29,PAGADO,parcial
PG00001644,C001204,2026-02-15,2026-02-24,2026-05-11,97119.88,97119.88,PAGADO,demorado
PG00001645,C750083,2026-05-03,2026-05-13,,955896.51,0.0,PENDIENTE,pendiente
PG00001646,C002325,2025-09-07,2025-09-11,2025-09-24,68862.06,68862.06,PAGADO,completo
PG00001647,C003095,2024-09-14,2024-09-24,2024-09-28,48371.43,52996.95,PAGADO,sobrepago_senal
PG00001648,C003095,2024-10-13,2024-10-18,2024-11-07,34336.74,29711.22,PAGADO,sobrepago_senal
PG00001649,C003011,2025-08-07,2025-08-15,2025-08-25,5788.29,26645.61,PAGADO,completo
PG00001650,C003011,2025-09-01,2025-09-07,2025-09-10,38045.21,17187.89,PAGADO,completo
PG00001651,C000478,2024-06-26,2024-07-01,2024-07-09,29164.37,10103.19,PAGADO,completo
PG00001652,C000478,2024-07-17,2024-07-18,2024-08-02,1218.59,9789.94,PAGADO,completo
PG00001653,C000478,2024-09-03,2024-09-09,2024-09-19,4281.22,14771.05,PAGADO,completo
PG00001654,C000426,2025-01-18,2025-01-26,2025-02-09,4714.13,26873.27,PAGADO,completo
PG00001655,C000426,2025-02-14,2025-02-19,2025-02-27,57681.54,24622.76,PAGADO,completo
PG00001656,C000426,2025-02-17,2025-02-26,2025-03-17,13309.97,24209.61,PAGADO,completo
PG00001657,C001898,2023-06-23,2023-07-02,2023-09-21,72641.07,42323.27,PAGADO,demorado
PG00001658,C001898,2023-07-21,2023-07-27,2023-10-19,17144.1,47461.9,PAGADO,demorado
PG00001659,C002609,2026-02-02,2026-02-12,2026-02-14,57642.6,57642.6,PAGADO,parcial
PG00001660,C000443,2023-03-18,2023-03-26,2023-03-29,42548.35,19120.92,PAGADO,completo
PG00001661,C000443,2023-04-23,2023-05-02,2023-05-20,15671.53,39098.96,PAGADO,completo
PG00001662,C001018,2025-01-17,2025-01-23,2025-01-26,29798.99,29798.99,PAGADO,parcial
PG00001663,C000668,2026-02-03,2026-02-13,2026-04-23,10720.08,27570.28,PAGADO,demorado
PG00001664,C000668,2026-02-05,2026-02-09,2026-04-07,45066.27,28216.07,PAGADO,demorado
PG00001665,C001235,2024-11-29,2024-12-02,2025-01-25,184387.71,184387.71,PAGADO,demorado
PG00001666,C002562,2023-10-31,2023-11-02,2023-11-15,4871.76,4332.49,PAGADO,completo
PG00001667,C002562,2023-11-20,2023-11-21,2023-12-11,14142.72,14681.99,PAGADO,completo
PG00001668,C001108,2024-03-15,2024-03-23,2024-04-12,23938.08,5372.23,PAGADO,completo
PG00001669,C001108,2024-04-01,2024-04-07,2024-04-10,16171.52,34737.37,PAGADO,completo
PG00001670,C000192,2024-01-26,2024-01-31,2024-02-01,82129.12,82129.12,PAGADO,completo
PG00001671,C002215,2025-05-15,2025-05-22,2025-05-25,11452.16,11452.16,PAGADO,completo
PG00001672,C000567,2023-08-05,2023-08-12,2023-08-13,47606.92,47606.92,PAGADO,sobrepago_senal
PG00001673,C001910,2024-05-07,2024-05-07,2024-05-22,32369.31,17109.3,PAGADO,completo
PG00001674,C001910,2024-06-07,2024-06-09,2024-06-11,6131.01,21391.02,PAGADO,completo
PG00001675,C003127,2026-03-31,2026-04-05,2026-04-25,175626.04,175626.04,PAGADO,completo
PG00001676,C000006,2023-06-29,2023-07-05,2023-07-13,21955.01,8074.03,PAGADO,parcial
PG00001677,C000006,2023-07-17,2023-07-26,2023-08-12,3045.68,16926.66,PAGADO,parcial
PG00001678,C000932,2025-06-29,2025-07-07,2025-07-13,16835.89,68956.86,PAGADO,completo
PG00001679,C000932,2025-08-02,2025-08-12,2025-08-19,142867.38,90746.41,PAGADO,completo
PG00001680,C800078,2024-07-23,2024-07-28,2024-08-15,1070443.62,873401.57,PAGADO,completo
PG00001681,C800078,2024-09-07,2024-09-15,2024-10-05,498199.63,695241.68,PAGADO,completo
PG00001682,C000439,2025-11-11,2025-11-11,2025-11-28,21009.14,21009.14,PAGADO,completo
PG00001683,C000289,2025-04-11,2025-04-13,2025-04-22,612791.36,612791.36,PAGADO,completo
PG00001684,C002210,2023-08-06,2023-08-12,,17925.36,0.0,PENDIENTE,pendiente
PG00001685,C800005,2024-10-18,2024-10-19,2024-11-08,23513.44,83556.58,PAGADO,completo
PG00001686,C800005,2024-11-05,2024-11-08,2024-11-18,66216.07,58339.93,PAGADO,completo
PG00001687,C800005,2024-12-09,2024-12-11,2024-12-17,248100.0,195933.0,PAGADO,completo
PG00001688,C002676,2023-04-11,2023-04-17,2023-04-23,2940.02,7020.78,PAGADO,completo
PG00001689,C002676,2023-05-10,2023-05-20,2023-06-05,7299.16,2445.98,PAGADO,completo
PG00001690,C002676,2023-05-10,2023-05-13,2023-05-17,774.58,1547.0,PAGADO,completo
PG00001691,C800039,2024-09-29,2024-10-05,2024-10-11,49284.82,65755.08,PAGADO,completo
PG00001692,C800039,2024-10-23,2024-10-25,2024-11-14,139343.09,122872.83,PAGADO,completo
PG00001693,C001176,2025-12-30,2026-01-06,2026-01-21,31104.39,31104.39,PAGADO,completo
PG00001694,C001744,2024-03-23,2024-03-26,2024-04-11,184351.32,184351.32,PAGADO,parcial
PG00001695,C002658,2023-07-10,2023-07-10,2023-07-28,51862.35,90562.42,PAGADO,completo
PG00001696,C002658,2023-07-03,2023-07-06,2023-07-23,62580.94,23880.87,PAGADO,completo
PG00001697,C003337,2024-12-01,2024-12-09,2024-12-10,1059.83,705.32,PAGADO,completo
PG00001698,C003337,2024-12-23,2024-12-25,2024-12-25,5850.35,6204.86,PAGADO,completo
PG00001699,C750080,2025-09-28,2025-10-01,2025-10-14,96471.61,21563.46,PAGADO,completo
PG00001700,C750080,2025-11-08,2025-11-14,2025-11-26,27120.59,89877.87,PAGADO,completo
PG00001701,C750080,2025-11-28,2025-12-01,2025-12-17,11408.64,23559.51,PAGADO,completo
PG00001702,C001468,2024-02-23,2024-02-25,2024-03-05,7456.06,14914.38,PAGADO,completo
PG00001703,C001468,2024-02-22,2024-02-29,2024-03-18,23894.37,16436.05,PAGADO,completo
PG00001704,C002423,2025-01-03,2025-01-09,2025-01-12,50419.89,5147.73,PAGADO,completo
PG00001705,C002423,2025-02-26,2025-02-28,2025-03-10,53717.66,98989.82,PAGADO,completo
PG00001706,C001907,2025-03-01,2025-03-04,2025-06-02,14722.34,7438.26,PAGADO,demorado
PG00001707,C001907,2025-02-23,2025-03-04,2025-06-05,3807.75,11091.83,PAGADO,demorado
PG00001708,C002992,2026-07-20,2026-07-22,2026-08-06,14726.96,14726.96,PAGADO,completo
PG00001709,C001024,2023-12-16,2023-12-21,2024-01-06,38251.47,38251.47,PAGADO,completo
PG00001710,C003224,2024-12-06,2024-12-06,2024-12-23,360142.69,360142.69,PAGADO,completo
PG00001711,C003305,2024-03-30,2024-04-05,2024-04-14,21764.73,22587.61,PAGADO,completo
PG00001712,C003305,2024-03-11,2024-03-18,2024-03-22,23092.88,35887.13,PAGADO,completo
PG00001713,C003305,2024-04-30,2024-04-30,2024-05-04,71691.52,58074.39,PAGADO,completo
PG00001714,C001413,2026-05-03,2026-05-13,2026-05-30,5502.88,2600.95,PAGADO,completo
PG00001715,C001413,2026-05-28,2026-05-28,2026-05-31,15122.52,7073.41,PAGADO,completo
PG00001716,C001413,2026-06-27,2026-06-30,2026-07-16,1725.5,12676.54,PAGADO,completo
PG00001717,C000194,2025-04-10,2025-04-13,2025-05-03,196346.14,196346.14,PAGADO,completo
PG00001718,C000450,2023-12-27,2024-01-01,2024-01-10,73464.21,89680.24,PAGADO,completo
PG00001719,C000450,2024-01-06,2024-01-16,2024-01-28,35738.3,19522.27,PAGADO,completo
PG00001720,C002010,2024-07-06,2024-07-16,2024-07-22,86166.87,86166.87,PAGADO,completo
PG00001721,C000865,2026-01-29,2026-02-07,2026-02-26,17102.23,6663.09,PAGADO,completo
PG00001722,C000865,2026-01-24,2026-01-27,2026-02-10,17316.49,4676.31,PAGADO,completo
PG00001723,C000865,2026-02-27,2026-03-09,2026-03-19,3563.85,26643.17,PAGADO,completo
PG00001724,C003229,2025-02-24,2025-02-24,2025-03-11,9420.56,2306.11,PAGADO,completo
PG00001725,C003229,2025-04-05,2025-04-05,2025-04-24,4897.3,12011.75,PAGADO,completo
PG00001726,C001429,2026-05-04,2026-05-14,2026-07-19,8577.11,2274.53,PAGADO,demorado
PG00001727,C001429,2026-06-21,2026-06-21,2026-08-07,3542.41,9844.99,PAGADO,demorado
PG00001728,C000029,2024-04-01,2024-04-05,2024-04-21,342468.35,342468.35,PAGADO,completo
PG00001729,C700179,2026-02-08,2026-02-18,2026-03-03,566608.7,58482.97,PAGADO,completo
PG00001730,C700179,2026-02-05,2026-02-09,2026-02-09,90425.62,591663.21,PAGADO,completo
PG00001731,C700179,2026-02-10,2026-02-18,2026-03-07,190252.93,197141.07,PAGADO,completo
PG00001732,C002078,2026-07-06,2026-07-10,2026-07-16,93213.19,60445.89,PAGADO,completo
PG00001733,C002078,2026-07-17,2026-07-23,2026-08-06,27793.4,44187.44,PAGADO,completo
PG00001734,C002078,2026-08-06,2026-08-07,2026-08-07,125778.61,142151.87,PAGADO,completo
PG00001735,C002416,2025-07-05,2025-07-12,2025-07-29,2313.66,2881.7,PAGADO,parcial
PG00001736,C002416,2025-08-13,2025-08-14,2025-08-17,2778.67,2210.63,PAGADO,parcial
PG00001737,C003403,2025-12-09,2025-12-15,2026-03-30,53869.79,53869.79,PAGADO,demorado
PG00001738,C002964,2024-08-08,2024-08-09,2024-08-24,165883.22,165883.22,PAGADO,completo
PG00001739,C900089,2024-12-04,2024-12-05,2025-03-04,297646.3,297646.3,PAGADO,demorado
PG00001740,C001113,2025-05-04,2025-05-14,2025-05-16,7135.96,7135.96,PAGADO,completo
PG00001741,C000657,2025-08-30,2025-09-07,2025-09-11,1938.37,31211.5,PAGADO,completo
PG00001742,C000657,2025-08-21,2025-08-25,2025-09-11,36194.22,6921.09,PAGADO,completo
PG00001743,C800047,2025-12-16,2025-12-23,2025-12-23,342080.64,581665.32,PAGADO,completo
PG00001744,C800047,2026-01-03,2026-01-13,2026-02-02,1058258.81,818674.13,PAGADO,completo
PG00001745,C001110,2023-05-09,2023-05-14,2023-05-27,18025.93,44652.89,PAGADO,completo
PG00001746,C001110,2023-06-04,2023-06-11,2023-06-24,77757.98,12644.53,PAGADO,completo
PG00001747,C001110,2023-07-09,2023-07-11,2023-07-19,40241.81,78728.3,PAGADO,completo
PG00001748,C003317,2024-09-26,2024-10-05,2024-10-19,100031.61,100031.61,PAGADO,completo
PG00001749,C002605,2025-07-03,2025-07-06,2025-07-12,630.63,4533.45,PAGADO,completo
PG00001750,C002605,2025-07-21,2025-07-26,2025-08-13,10651.06,4575.64,PAGADO,completo
PG00001751,C002605,2025-08-06,2025-08-16,2025-08-23,4763.77,6936.37,PAGADO,completo
PG00001752,C000293,2025-04-08,2025-04-14,2025-04-18,6720.75,44092.83,PAGADO,completo
PG00001753,C000293,2025-05-15,2025-05-25,2025-06-07,38033.41,27496.1,PAGADO,completo
PG00001754,C000293,2025-05-10,2025-05-11,2025-05-16,50063.03,23228.26,PAGADO,completo
PG00001755,C001502,2025-05-22,2025-05-27,2025-06-06,12301.14,8381.0,PAGADO,completo
PG00001756,C001502,2025-06-16,2025-06-24,2025-06-26,20371.85,13079.43,PAGADO,completo
PG00001757,C001502,2025-06-29,2025-07-01,2025-07-02,387.85,11600.41,PAGADO,completo
PG00001758,C001730,2023-10-10,2023-10-17,,45499.2,0.0,PENDIENTE,pendiente
PG00001759,C001221,2026-07-23,2026-07-29,2026-08-06,75705.64,75705.64,PAGADO,completo
PG00001760,C001694,2023-12-26,2023-12-29,2024-01-15,24454.19,9733.29,PAGADO,completo
PG00001761,C001694,2024-01-10,2024-01-19,2024-02-02,18361.79,17418.94,PAGADO,completo
PG00001762,C001694,2024-01-26,2024-02-05,2024-02-21,15892.52,31556.27,PAGADO,completo
PG00001763,C000222,2026-07-21,2026-07-27,2026-08-07,34149.97,34149.97,PAGADO,demorado
PG00001764,C002468,2026-06-03,2026-06-12,2026-06-26,66458.92,16308.16,PAGADO,completo
PG00001765,C002468,2026-07-06,2026-07-07,2026-07-21,6692.4,36367.26,PAGADO,completo
PG00001766,C002468,2026-06-22,2026-06-29,2026-07-18,2554.32,23030.22,PAGADO,completo
PG00001767,C001071,2023-06-15,2023-06-19,2023-06-21,30365.61,17184.2,PAGADO,completo
PG00001768,C001071,2023-07-08,2023-07-10,2023-07-17,4910.51,18091.92,PAGADO,completo
PG00001769,C000573,2026-04-10,2026-04-14,2026-05-02,27669.47,4173.82,PAGADO,completo
PG00001770,C000573,2026-04-01,2026-04-08,2026-04-17,9008.93,29342.22,PAGADO,completo
PG00001771,C000573,2026-04-20,2026-04-22,2026-05-12,4856.25,8018.61,PAGADO,completo
PG00001772,C002399,2025-05-29,2025-05-31,2025-08-13,137440.54,137440.54,PAGADO,demorado
PG00001773,C750039,2024-07-19,2024-07-25,2024-08-06,120994.89,71055.37,PAGADO,sobrepago_senal
PG00001774,C750039,2024-08-06,2024-08-06,2024-08-22,29913.08,79852.6,PAGADO,sobrepago_senal
PG00001775,C002615,2026-05-23,2026-05-30,2026-06-05,4360.31,14434.93,PAGADO,completo
PG00001776,C002615,2026-06-07,2026-06-12,2026-06-20,15546.01,5471.39,PAGADO,completo
PG00001777,C000812,2025-04-20,2025-04-22,2025-05-08,469340.62,437930.44,PAGADO,completo
PG00001778,C000812,2025-04-20,2025-04-29,2025-05-19,560891.19,592301.37,PAGADO,completo
PG00001779,C002481,2024-04-04,2024-04-05,2024-04-09,2869.9,12257.37,PAGADO,completo
PG00001780,C002481,2024-04-28,2024-05-05,2024-05-06,6576.36,3583.02,PAGADO,completo
PG00001781,C002481,2024-06-09,2024-06-10,2024-06-22,15950.52,9556.39,PAGADO,completo
PG00001782,C900260,2025-03-23,2025-03-26,2025-07-08,80875.5,127029.69,PAGADO,demorado
PG00001783,C900260,2025-05-01,2025-05-03,2025-08-09,111410.04,65255.85,PAGADO,demorado
PG00001784,C001621,2026-01-07,2026-01-11,2026-01-26,86445.38,104886.07,PAGADO,completo
PG00001785,C001621,2026-02-26,2026-03-01,2026-03-13,109013.52,90572.83,PAGADO,completo
PG00001786,C000418,2023-03-25,2023-04-03,2023-04-03,70213.63,70213.63,PAGADO,completo
PG00001787,C001590,2025-05-05,2025-05-11,2025-05-20,100349.49,100349.49,PAGADO,completo
PG00001788,C001569,2024-05-02,2024-05-10,2024-05-21,49988.59,49988.59,PAGADO,completo
PG00001789,C000080,2026-04-30,2026-05-03,2026-05-12,26331.93,26331.93,PAGADO,parcial
PG00001790,C000257,2025-11-24,2025-11-29,2025-12-14,10023.76,14946.89,PAGADO,completo
PG00001791,C000257,2025-11-29,2025-12-08,2025-12-10,33051.07,12061.13,PAGADO,completo
PG00001792,C000257,2026-01-19,2026-01-25,2026-02-03,3503.81,19570.62,PAGADO,completo
PG00001793,C000295,2023-06-11,2023-06-13,2023-06-16,26555.18,11237.61,PAGADO,sobrepago_senal
PG00001794,C000295,2023-07-20,2023-07-24,2023-07-29,34996.29,50313.86,PAGADO,sobrepago_senal
PG00001795,C002121,2024-12-22,2024-12-27,2025-03-12,24689.63,24689.63,PAGADO,demorado
PG00001796,C002678,2023-09-11,2023-09-13,2023-09-26,21247.08,6502.45,PAGADO,completo
PG00001797,C002678,2023-08-31,2023-09-02,2023-09-04,13439.14,18620.95,PAGADO,completo
PG00001798,C002678,2023-10-16,2023-10-21,2023-10-29,9177.84,18740.66,PAGADO,completo
PG00001799,C003205,2025-04-17,2025-04-21,2025-05-11,149817.16,149817.16,PAGADO,completo
PG00001800,C001965,2023-06-28,2023-06-30,2023-07-09,30174.46,30174.46,PAGADO,completo
PG00001801,C001862,2025-01-03,2025-01-12,2025-01-31,5380.7,20709.54,PAGADO,completo
PG00001802,C001862,2025-01-25,2025-01-25,2025-02-02,13152.98,3268.81,PAGADO,completo
PG00001803,C001862,2025-03-11,2025-03-14,2025-03-22,14091.28,8646.61,PAGADO,completo
PG00001804,C001258,2024-11-23,2024-11-27,2024-12-02,16305.82,29649.95,PAGADO,completo
PG00001805,C001258,2024-11-12,2024-11-19,2024-12-05,19715.96,6371.83,PAGADO,completo
PG00001806,C001378,2025-10-17,2025-10-23,2025-11-12,139861.29,139861.29,PAGADO,completo
PG00001807,C003375,2024-03-14,2024-03-17,2024-05-25,56560.46,55063.49,PAGADO,demorado
PG00001808,C003375,2024-03-29,2024-04-03,2024-06-19,95494.21,96991.18,PAGADO,demorado
PG00001809,C700106,2024-05-05,2024-05-15,2024-05-16,54227.63,142286.81,PAGADO,completo
PG00001810,C700106,2024-05-03,2024-05-06,2024-05-09,144887.37,56828.19,PAGADO,completo
PG00001811,C002488,2026-06-08,2026-06-09,2026-06-15,75978.12,75978.12,PAGADO,completo
PG00001812,C003450,2023-12-06,2023-12-15,2024-01-04,13995.45,13995.45,PAGADO,completo
PG00001813,C750005,2024-03-21,2024-03-21,2024-03-23,38391.18,47537.41,PAGADO,completo
PG00001814,C750005,2024-03-22,2024-03-25,2024-04-13,8776.55,18411.23,PAGADO,completo
PG00001815,C750005,2024-04-28,2024-04-29,2024-05-04,41232.29,22451.38,PAGADO,completo
PG00001816,C001188,2023-08-23,2023-09-02,2023-09-11,79774.12,16172.54,PAGADO,completo
PG00001817,C001188,2023-09-24,2023-09-30,2023-10-06,41841.83,51346.29,PAGADO,completo
PG00001818,C001188,2023-10-28,2023-11-05,2023-11-15,25262.62,79359.74,PAGADO,completo
PG00001819,C000376,2024-07-22,2024-07-23,2024-07-24,5888.41,2462.14,PAGADO,completo
PG00001820,C000376,2024-08-17,2024-08-26,2024-08-26,15068.66,9481.25,PAGADO,completo
PG00001821,C000376,2024-09-06,2024-09-12,2024-09-12,3974.5,12988.18,PAGADO,completo
PG00001822,C000712,2023-02-22,2023-02-23,2023-03-03,72467.17,72467.17,PAGADO,parcial
PG00001823,C003233,2026-01-14,2026-01-24,2026-02-04,19282.25,6653.78,PAGADO,completo
PG00001824,C003233,2026-03-07,2026-03-14,2026-03-29,11676.03,7071.91,PAGADO,completo
PG00001825,C003233,2026-03-28,2026-04-05,2026-04-21,25507.93,42740.52,PAGADO,completo
PG00001826,C001457,2024-10-15,2024-10-19,2024-10-28,10541.29,14183.19,PAGADO,completo
PG00001827,C001457,2024-11-03,2024-11-12,2024-11-22,26482.14,15179.85,PAGADO,completo
PG00001828,C001457,2024-11-08,2024-11-15,2024-12-03,6532.17,14192.56,PAGADO,completo
PG00001829,C001844,2024-06-19,2024-06-21,2024-06-27,7308.83,37203.54,PAGADO,completo
PG00001830,C001844,2024-07-19,2024-07-27,2024-08-04,37218.32,7323.61,PAGADO,completo
PG00001831,C002916,2026-05-22,2026-05-31,2026-06-01,4910.29,9383.3,PAGADO,completo
PG00001832,C002916,2026-05-27,2026-05-30,2026-06-09,12817.07,2453.81,PAGADO,completo
PG00001833,C002916,2026-06-27,2026-07-02,2026-07-20,3599.67,9489.92,PAGADO,completo
PG00001834,C002260,2024-12-06,2024-12-10,2024-12-24,15822.19,15822.19,PAGADO,parcial
PG00001835,C001554,2024-07-19,2024-07-29,2024-08-17,80845.36,80845.36,PAGADO,completo
PG00001836,C000842,2026-05-25,2026-05-28,2026-06-09,18329.02,18329.02,PAGADO,completo
PG00001837,C001055,2024-08-17,2024-08-21,2024-08-29,106859.46,106859.46,PAGADO,completo
PG00001838,C000449,2024-11-14,2024-11-16,2024-11-16,38968.39,26292.1,PAGADO,completo
PG00001839,C000449,2024-11-09,2024-11-18,2024-12-01,85460.84,98137.13,PAGADO,completo
PG00001840,C001533,2024-06-29,2024-06-30,2024-09-07,190765.63,190765.63,PAGADO,demorado
PG00001841,C750077,2025-06-16,2025-06-19,2025-07-04,226083.2,205201.19,PAGADO,completo
PG00001842,C750077,2025-07-23,2025-07-25,2025-07-31,226020.58,116952.86,PAGADO,completo
PG00001843,C750077,2025-07-27,2025-07-30,2025-08-15,171924.26,301873.99,PAGADO,completo
PG00001844,C003406,2025-06-20,2025-06-20,2025-07-04,46357.92,148134.07,PAGADO,sobrepago_senal
PG00001845,C003406,2025-06-30,2025-07-01,2025-07-09,158206.83,56430.68,PAGADO,sobrepago_senal
PG00001846,C000958,2023-05-28,2023-06-07,2023-06-26,12648.45,12648.45,PAGADO,completo
PG00001847,C001616,2023-07-21,2023-07-28,2023-10-22,30439.21,28391.46,PAGADO,demorado
PG00001848,C001616,2023-08-25,2023-08-30,2023-11-27,14377.46,16425.21,PAGADO,demorado
PG00001849,C002742,2024-03-04,2024-03-13,2024-05-08,8726.67,5563.31,PAGADO,demorado
PG00001850,C002742,2024-04-11,2024-04-14,2024-06-25,19905.16,23068.52,PAGADO,demorado
PG00001851,C001356,2026-01-08,2026-01-17,2026-01-17,22208.42,23066.33,PAGADO,completo
PG00001852,C001356,2025-12-25,2026-01-04,2026-01-18,11994.43,11136.52,PAGADO,completo
PG00001853,C000654,2025-05-12,2025-05-21,2025-05-23,22733.12,7000.45,PAGADO,sobrepago_senal
PG00001854,C000654,2025-05-12,2025-05-17,2025-06-03,33288.04,49020.71,PAGADO,sobrepago_senal
PG00001855,C002425,2024-11-09,2024-11-11,2024-11-27,88454.12,88454.12,PAGADO,parcial
PG00001856,C002155,2024-09-18,2024-09-24,2024-09-26,8149.15,37134.82,PAGADO,completo
PG00001857,C002155,2024-09-13,2024-09-23,2024-10-12,32872.92,5878.86,PAGADO,completo
PG00001858,C002155,2024-11-11,2024-11-19,2024-11-19,16369.18,14377.57,PAGADO,completo
PG00001859,C000411,2023-07-17,2023-07-18,2023-07-29,27283.12,27283.12,PAGADO,completo
PG00001860,C002714,2024-10-12,2024-10-20,2024-11-05,17697.54,17697.54,PAGADO,completo
PG00001861,C001512,2024-07-19,2024-07-23,2024-07-23,58012.59,58012.59,PAGADO,completo
PG00001862,C002268,2024-11-14,2024-11-17,2024-11-22,238066.6,238066.6,PAGADO,completo
PG00001863,C001402,2025-08-03,2025-08-07,2025-08-08,14242.73,132397.6,PAGADO,completo
PG00001864,C001402,2025-08-28,2025-09-07,2025-09-24,145326.6,27171.73,PAGADO,completo
PG00001865,C800081,2026-01-19,2026-01-23,2026-01-31,45631.98,36870.47,PAGADO,completo
PG00001866,C800081,2026-03-02,2026-03-06,2026-03-19,54702.72,30561.44,PAGADO,completo
PG00001867,C800081,2026-03-02,2026-03-12,2026-03-17,117104.93,150007.72,PAGADO,completo
PG00001868,C003274,2024-04-19,2024-04-19,2024-05-04,4125.46,1197.27,PAGADO,parcial
PG00001869,C003274,2024-04-24,2024-04-25,2024-05-06,8874.34,11802.53,PAGADO,parcial
PG00001870,C002650,2026-04-03,2026-04-03,2026-04-23,2704.57,2893.3,PAGADO,completo
PG00001871,C002650,2026-04-27,2026-04-27,2026-05-09,4210.29,2639.83,PAGADO,completo
PG00001872,C002650,2026-05-13,2026-05-16,2026-05-16,4871.88,6253.61,PAGADO,completo
PG00001873,C000430,2023-04-28,2023-05-06,2023-05-25,57968.95,57968.95,PAGADO,completo
PG00001874,C002218,2025-10-10,2025-10-14,2025-10-29,6422.66,16275.84,PAGADO,parcial
PG00001875,C002218,2025-10-24,2025-10-24,2025-10-26,13179.54,3326.36,PAGADO,parcial
PG00001876,C750024,2024-12-18,2024-12-22,2024-12-27,37118.96,41677.42,PAGADO,parcial
PG00001877,C750024,2025-01-03,2025-01-03,2025-01-16,40145.56,35587.1,PAGADO,parcial
PG00001878,C700041,2026-04-21,2026-04-29,2026-05-17,60338.66,63004.91,PAGADO,completo
PG00001879,C700041,2026-05-26,2026-05-27,2026-06-14,109953.24,107286.99,PAGADO,completo
PG00001880,C900171,2025-07-02,2025-07-02,2025-10-09,54643.41,32899.64,PAGADO,demorado
PG00001881,C900171,2025-07-22,2025-07-30,2025-11-15,44671.05,66414.82,PAGADO,demorado
PG00001882,C001929,2024-05-02,2024-05-10,2024-05-16,42388.63,42388.63,PAGADO,completo
PG00001883,C000102,2024-11-09,2024-11-16,,2420.87,0.0,PENDIENTE,pendiente
PG00001884,C900280,2025-05-31,2025-06-02,2025-06-15,230169.16,56426.17,PAGADO,completo
PG00001885,C900280,2025-07-01,2025-07-01,2025-07-09,145980.49,319723.48,PAGADO,completo
PG00001886,C700090,2025-08-29,2025-08-30,2025-10-15,754898.36,754898.36,PAGADO,demorado
PG00001887,C003346,2023-10-28,2023-11-05,2023-11-25,9071.52,31791.24,PAGADO,completo
PG00001888,C003346,2023-11-19,2023-11-25,2023-11-27,73454.09,41346.91,PAGADO,completo
PG00001889,C003346,2023-12-10,2023-12-14,2023-12-24,73627.78,83015.24,PAGADO,completo
PG00001890,C900139,2025-11-21,2025-12-01,,272926.6,0.0,PENDIENTE,pendiente
PG00001891,C700181,2025-04-14,2025-04-16,2025-05-01,461741.62,461741.62,PAGADO,completo
PG00001892,C900286,2026-05-05,2026-05-09,2026-05-17,223960.72,158210.71,PAGADO,completo
PG00001893,C900286,2026-05-03,2026-05-05,2026-05-19,176394.32,242144.33,PAGADO,completo
PG00001894,C001200,2023-04-09,2023-04-17,2023-05-05,2326.39,6034.79,PAGADO,completo
PG00001895,C001200,2023-05-06,2023-05-13,2023-05-16,1716.05,9018.05,PAGADO,completo
PG00001896,C001200,2023-05-31,2023-06-10,2023-06-21,14000.16,2989.76,PAGADO,completo
PG00001897,C800027,2024-03-07,2024-03-16,2024-03-29,171256.37,171256.37,PAGADO,completo
PG00001898,C002510,2026-07-28,2026-07-29,2026-08-06,90050.88,90050.88,PAGADO,completo
PG00001899,C001123,2023-05-09,2023-05-10,2023-05-25,6195.99,1778.7,PAGADO,completo
PG00001900,C001123,2023-05-11,2023-05-12,2023-05-29,4996.72,2795.39,PAGADO,completo
PG00001901,C001123,2023-06-06,2023-06-16,2023-06-16,3046.58,9665.2,PAGADO,completo
PG00001902,C002646,2025-09-09,2025-09-16,2025-09-23,250770.16,263325.68,PAGADO,completo
PG00001903,C002646,2025-10-04,2025-10-10,2025-10-25,21137.75,8582.23,PAGADO,completo
PG00001904,C001491,2024-03-19,2024-03-28,2024-06-24,369768.57,369768.57,PAGADO,demorado
PG00001905,C000818,2025-05-01,2025-05-01,2025-07-09,16783.39,16783.39,PAGADO,demorado
PG00001906,C001487,2024-11-23,2024-11-25,,71788.57,0.0,PENDIENTE,pendiente
PG00001907,C002307,2025-03-16,2025-03-18,2025-03-21,87621.08,87621.08,PAGADO,completo
PG00001908,C000816,2025-09-26,2025-10-06,2025-10-17,31613.39,24280.93,PAGADO,completo
PG00001909,C000816,2025-09-29,2025-10-01,2025-10-15,13546.79,20879.25,PAGADO,completo
PG00001910,C700085,2024-06-03,2024-06-10,2024-06-18,485681.84,485681.84,PAGADO,completo
PG00001911,C002996,2025-12-28,2025-12-29,2026-01-10,24566.18,24566.18,PAGADO,completo
PG00001912,C002864,2025-03-10,2025-03-20,2025-03-31,231202.06,231202.06,PAGADO,completo
PG00001913,C750032,2026-03-18,2026-03-22,2026-04-07,18970.06,72872.16,PAGADO,completo
PG00001914,C750032,2026-04-09,2026-04-12,2026-04-18,66820.39,12918.29,PAGADO,completo
PG00001915,C001814,2025-12-20,2025-12-21,2025-12-24,23146.85,32527.98,PAGADO,completo
PG00001916,C001814,2026-01-02,2026-01-02,2026-01-20,25690.92,14942.61,PAGADO,completo
PG00001917,C001814,2026-01-24,2026-01-25,2026-02-02,8170.16,9537.34,PAGADO,completo
PG00001918,C003188,2025-07-03,2025-07-05,2025-07-19,150229.44,125528.28,PAGADO,completo
PG00001919,C003188,2025-07-13,2025-07-16,2025-08-03,104972.86,129674.02,PAGADO,completo
PG00001920,C002740,2023-05-28,2023-06-02,2023-09-09,22176.06,22176.06,PAGADO,demorado
PG00001921,C000864,2024-09-29,2024-10-08,2024-12-07,10010.71,21997.36,PAGADO,demorado
PG00001922,C000864,2024-10-28,2024-11-02,2025-01-09,21911.42,9924.77,PAGADO,demorado
PG00001923,C001666,2023-03-28,2023-03-28,2023-04-16,83992.32,83992.32,PAGADO,completo
PG00001924,C002357,2024-07-25,2024-07-29,2024-08-06,85518.29,153153.75,PAGADO,completo
PG00001925,C002357,2024-08-08,2024-08-13,2024-08-27,104407.35,36771.89,PAGADO,completo
PG00001926,C000554,2025-01-08,2025-01-12,2025-01-12,101836.76,79120.21,PAGADO,completo
PG00001927,C000554,2025-02-26,2025-02-28,2025-03-11,34614.25,57330.8,PAGADO,completo
PG00001928,C002318,2023-07-28,2023-07-31,2023-08-16,32946.98,32946.98,PAGADO,completo
PG00001929,C001455,2024-04-12,2024-04-20,2024-05-05,44780.89,44780.89,PAGADO,completo
PG00001930,C001499,2023-10-09,2023-10-17,2023-12-10,870.97,3378.33,PAGADO,demorado
PG00001931,C001499,2023-10-20,2023-10-25,2023-12-25,5028.23,2520.87,PAGADO,demorado
PG00001932,C001417,2023-10-23,2023-10-27,2023-10-31,157089.37,289718.7,PAGADO,completo
PG00001933,C001417,2023-11-08,2023-11-15,2023-11-24,222346.11,89716.78,PAGADO,completo
PG00001934,C700120,2025-03-29,2025-04-05,,108540.8,0.0,PENDIENTE,pendiente
PG00001935,C002592,2025-01-29,2025-02-06,2025-02-12,40077.6,40077.6,PAGADO,parcial
PG00001936,C003316,2023-09-08,2023-09-13,2023-09-21,46317.08,46317.08,PAGADO,completo
PG00001937,C000866,2025-09-15,2025-09-23,2025-10-09,21069.54,21069.54,PAGADO,completo
PG00001938,C000752,2024-01-30,2024-02-06,2024-02-18,9707.34,6100.14,PAGADO,completo
PG00001939,C000752,2024-01-18,2024-01-28,2024-02-15,31370.81,7777.15,PAGADO,completo
PG00001940,C000752,2024-02-23,2024-02-25,2024-03-01,3135.92,30336.78,PAGADO,completo
PG00001941,C003437,2025-09-13,2025-09-16,2025-09-26,126954.39,126954.39,PAGADO,completo
PG00001942,C002090,2025-01-03,2025-01-09,2025-03-17,26703.65,5958.14,PAGADO,demorado
PG00001943,C002090,2024-12-19,2024-12-26,2025-03-03,8498.34,29243.85,PAGADO,demorado
PG00001944,C001788,2024-10-06,2024-10-10,,61583.61,0.0,PENDIENTE,pendiente
PG00001945,C003360,2023-11-05,2023-11-09,2023-11-25,5039.3,18933.35,PAGADO,completo
PG00001946,C003360,2023-12-04,2023-12-04,2023-12-17,21439.27,10220.8,PAGADO,completo
PG00001947,C003360,2023-12-27,2023-12-28,2023-12-29,13855.0,11179.42,PAGADO,completo
PG00001948,C000729,2025-10-03,2025-10-06,2025-10-22,10436.39,9084.22,PAGADO,completo
PG00001949,C000729,2025-10-14,2025-10-24,2025-10-28,2447.43,3799.6,PAGADO,completo
PG00001950,C001979,2024-03-11,2024-03-21,2024-03-29,18776.05,50890.81,PAGADO,completo
PG00001951,C001979,2024-04-22,2024-04-25,2024-05-07,19178.1,8539.12,PAGADO,completo
PG00001952,C001979,2024-04-21,2024-05-01,2024-05-15,35481.73,14005.95,PAGADO,completo
PG00001953,C002793,2023-10-14,2023-10-19,2023-10-27,154463.29,154463.29,PAGADO,completo
PG00001954,C800036,2024-09-27,2024-10-03,2024-10-07,221960.9,221960.9,PAGADO,completo
PG00001955,C003417,2024-05-04,2024-05-11,2024-05-13,14488.38,11463.4,PAGADO,parcial
PG00001956,C003417,2024-05-16,2024-05-18,2024-05-25,14756.76,17781.74,PAGADO,parcial
PG00001957,C003098,2025-09-08,2025-09-08,2025-09-08,37382.74,44982.88,PAGADO,completo
PG00001958,C003098,2025-10-03,2025-10-03,2025-10-22,42453.71,34853.57,PAGADO,completo
PG00001959,C000346,2024-12-12,2024-12-20,2025-01-09,17170.36,17170.36,PAGADO,completo
PG00001960,C002957,2023-11-27,2023-11-28,2023-12-01,3781.45,7031.09,PAGADO,completo
PG00001961,C002957,2023-11-30,2023-12-03,2023-12-06,3926.9,1747.11,PAGADO,completo
PG00001962,C002957,2024-01-05,2024-01-13,2024-01-23,3932.2,2862.35,PAGADO,completo
PG00001963,C900059,2024-12-15,2024-12-22,2025-01-02,313889.66,218399.69,PAGADO,completo
PG00001964,C900059,2025-01-06,2025-01-08,2025-01-13,193105.78,288595.75,PAGADO,completo
PG00001965,C000578,2024-04-04,2024-04-11,2024-04-15,21057.32,17077.11,PAGADO,completo
PG00001966,C000578,2024-04-29,2024-05-07,2024-05-26,14508.89,32311.0,PAGADO,completo
PG00001967,C000578,2024-06-02,2024-06-06,2024-06-25,28492.51,14670.61,PAGADO,completo
PG00001968,C700211,2025-12-31,2026-01-08,2026-01-09,99603.12,99603.12,PAGADO,completo
PG00001969,C002665,2024-02-22,2024-03-03,2024-03-07,730263.69,356365.52,PAGADO,completo
PG00001970,C002665,2024-03-01,2024-03-08,2024-03-24,283539.31,657437.48,PAGADO,completo
PG00001971,C001714,2025-10-20,2025-10-20,2025-12-12,510297.18,510297.18,PAGADO,demorado
PG00001972,C002029,2025-03-06,2025-03-07,2025-03-11,24775.38,24467.68,PAGADO,completo
PG00001973,C002029,2025-04-04,2025-04-04,2025-04-22,2423.3,15307.16,PAGADO,completo
PG00001974,C002029,2025-05-04,2025-05-12,2025-05-22,22495.05,9918.89,PAGADO,completo
PG00001975,C001545,2026-01-03,2026-01-11,,36096.48,0.0,PENDIENTE,pendiente
PG00001976,C000178,2025-10-20,2025-10-20,2026-01-24,56579.1,47130.77,PAGADO,demorado
PG00001977,C000178,2025-12-10,2025-12-19,2026-03-11,11677.34,21125.67,PAGADO,demorado
PG00001978,C700104,2025-09-06,2025-09-09,2025-09-12,178675.25,309078.34,PAGADO,completo
PG00001979,C700104,2025-09-07,2025-09-16,2025-09-30,477802.97,347399.88,PAGADO,completo
PG00001980,C001192,2025-03-28,2025-04-03,2025-04-12,73278.5,195620.62,PAGADO,completo
PG00001981,C001192,2025-04-16,2025-04-18,2025-04-19,137711.32,32430.13,PAGADO,completo
PG00001982,C001192,2025-06-09,2025-06-14,2025-06-21,86879.46,69818.53,PAGADO,completo
PG00001983,C001723,2025-10-10,2025-10-12,2025-10-13,18723.49,18723.49,PAGADO,completo
PG00001984,C001505,2025-09-12,2025-09-17,2025-09-19,79881.88,44776.19,PAGADO,completo
PG00001985,C001505,2025-10-16,2025-10-20,2025-11-06,15564.71,68081.83,PAGADO,completo
PG00001986,C001505,2025-10-28,2025-11-06,2025-11-21,24644.38,7232.95,PAGADO,completo
PG00001987,C000604,2026-07-12,2026-07-19,2026-08-06,9267.65,8302.65,PAGADO,completo
PG00001988,C000604,2026-07-22,2026-07-28,2026-08-07,2067.27,3032.27,PAGADO,completo
PG00001989,C800065,2024-02-29,2024-03-09,2024-03-09,9828.06,6533.96,PAGADO,completo
PG00001990,C800065,2024-04-05,2024-04-13,2024-04-19,28645.31,23071.5,PAGADO,completo
PG00001991,C800065,2024-04-24,2024-04-28,2024-05-08,23630.74,32498.65,PAGADO,completo
PG00001992,C000025,2025-06-13,2025-06-22,2025-06-22,1589.13,13236.05,PAGADO,completo
PG00001993,C000025,2025-06-23,2025-07-01,2025-07-01,14190.96,15362.29,PAGADO,completo
PG00001994,C000025,2025-08-02,2025-08-04,2025-08-24,31467.16,18648.91,PAGADO,completo
PG00001995,C900152,2024-02-19,2024-02-28,2024-03-11,37615.55,56443.07,PAGADO,completo
PG00001996,C900152,2024-03-18,2024-03-28,2024-04-13,90834.53,132838.94,PAGADO,completo
PG00001997,C900152,2024-03-20,2024-03-27,2024-04-12,124521.39,63689.46,PAGADO,completo
PG00001998,C002457,2023-02-05,2023-02-10,2023-02-23,6325.9,6325.9,PAGADO,parcial
PG00001999,C001293,2023-12-19,2023-12-21,2024-01-06,13000.98,6110.29,PAGADO,completo
PG00002000,C001293,2024-01-01,2024-01-10,2024-01-22,7793.66,19790.7,PAGADO,completo
PG00002001,C001293,2023-12-28,2024-01-04,2024-01-18,14141.88,9035.53,PAGADO,completo
PG00002002,C000173,2024-05-19,2024-05-29,2024-06-14,73594.16,130345.57,PAGADO,completo
PG00002003,C000173,2024-06-19,2024-06-19,2024-07-08,79726.9,22975.49,PAGADO,completo
PG00002004,C003452,2025-09-19,2025-09-22,2025-09-26,121635.41,64673.21,PAGADO,completo
PG00002005,C003452,2025-09-14,2025-09-17,2025-09-28,44301.94,16968.76,PAGADO,completo
PG00002006,C003452,2025-10-07,2025-10-09,2025-10-11,23877.83,108173.21,PAGADO,completo
PG00002007,C000331,2024-12-07,2024-12-08,2024-12-22,162772.65,21414.93,PAGADO,completo
PG00002008,C000331,2024-12-26,2024-12-31,2025-01-19,13157.68,154515.4,PAGADO,completo
PG00002009,C000342,2025-03-16,2025-03-18,2025-03-29,22314.69,22314.69,PAGADO,parcial
PG00002010,C001739,2023-10-12,2023-10-16,2023-12-16,34962.7,44887.02,PAGADO,demorado
PG00002011,C001739,2023-11-20,2023-11-25,2024-01-31,21160.24,11235.92,PAGADO,demorado
PG00002012,C001088,2023-07-08,2023-07-11,2023-07-20,28961.1,25259.3,PAGADO,completo
PG00002013,C001088,2023-07-03,2023-07-07,2023-07-21,11746.14,15447.94,PAGADO,completo
PG00002014,C000479,2024-05-15,2024-05-19,2024-06-07,16449.37,43304.07,PAGADO,completo
PG00002015,C000479,2024-06-27,2024-07-07,2024-07-19,36552.81,10699.35,PAGADO,completo
PG00002016,C000479,2024-06-25,2024-06-29,2024-07-16,25978.51,24977.27,PAGADO,completo
PG00002017,C000727,2025-10-03,2025-10-07,2025-12-16,47890.19,15020.94,PAGADO,demorado
PG00002018,C000727,2025-10-24,2025-10-26,2026-01-09,26383.2,59252.45,PAGADO,demorado
PG00002019,C003200,2025-07-03,2025-07-12,2025-07-19,67881.55,67881.55,PAGADO,completo
PG00002020,C000976,2023-12-05,2023-12-09,2023-12-26,32500.84,9785.05,PAGADO,completo
PG00002021,C000976,2023-12-20,2023-12-26,2024-01-05,14274.63,36990.42,PAGADO,completo
PG00002022,C002564,2023-05-22,2023-06-01,2023-06-09,1313.72,5417.8,PAGADO,completo
PG00002023,C002564,2023-05-03,2023-05-11,2023-05-19,5305.78,1201.7,PAGADO,completo
PG00002024,C001257,2024-04-27,2024-05-01,2024-05-16,6619.51,19623.09,PAGADO,completo
PG00002025,C001257,2024-05-21,2024-05-26,2024-06-11,6932.45,2654.37,PAGADO,completo
PG00002026,C001257,2024-06-07,2024-06-07,2024-06-10,20812.36,12086.86,PAGADO,completo
PG00002027,C001632,2023-08-04,2023-08-04,2023-10-20,9752.1,9752.1,PAGADO,demorado
PG00002028,C900052,2025-01-26,2025-01-30,2025-02-01,92003.26,126951.66,PAGADO,parcial
PG00002029,C900052,2025-03-20,2025-03-24,2025-03-27,118533.84,83585.44,PAGADO,parcial
PG00002030,C001592,2024-06-21,2024-06-26,2024-07-07,42133.43,42133.43,PAGADO,completo
PG00002031,C002254,2023-02-07,2023-02-10,2023-02-16,44707.82,44707.82,PAGADO,completo
PG00002032,C003164,2026-02-15,2026-02-24,2026-02-25,319765.48,315477.88,PAGADO,completo
PG00002033,C003164,2026-02-24,2026-02-28,2026-02-28,319215.0,323502.6,PAGADO,completo
PG00002034,C001815,2025-05-28,2025-06-02,,10944.78,0.0,PENDIENTE,pendiente
PG00002035,C003039,2025-06-14,2025-06-21,2025-06-28,188710.16,188710.16,PAGADO,completo
PG00002036,C002669,2025-06-22,2025-06-27,2025-07-11,80998.17,80998.17,PAGADO,sobrepago_senal
PG00002037,C002707,2025-05-30,2025-06-01,2025-06-03,20814.35,16283.39,PAGADO,completo
PG00002038,C002707,2025-07-05,2025-07-05,2025-07-15,2728.5,7259.46,PAGADO,completo
PG00002039,C001261,2024-10-13,2024-10-13,2024-12-15,235877.38,235877.38,PAGADO,demorado
PG00002040,C002358,2023-08-29,2023-09-04,2023-09-20,98775.33,211443.32,PAGADO,parcial
PG00002041,C002358,2023-10-07,2023-10-13,2023-10-23,178163.62,65495.63,PAGADO,parcial
PG00002042,C900104,2026-03-10,2026-03-17,2026-03-26,596951.18,596951.18,PAGADO,completo
PG00002043,C002095,2023-05-07,2023-05-09,2023-05-29,39749.96,39749.96,PAGADO,completo
PG00002044,C000067,2025-01-06,2025-01-09,2025-01-26,10035.84,33341.68,PAGADO,completo
PG00002045,C000067,2025-01-29,2025-01-31,2025-02-05,35327.58,13124.89,PAGADO,completo
PG00002046,C000067,2025-02-11,2025-02-16,2025-03-06,14891.47,13788.32,PAGADO,completo
PG00002047,C750050,2025-11-19,2025-11-29,2025-12-12,111390.59,136273.54,PAGADO,completo
PG00002048,C750050,2026-01-13,2026-01-15,2026-02-04,62869.66,37986.71,PAGADO,completo
PG00002049,C000221,2023-03-14,2023-03-15,2023-03-19,96696.29,46402.2,PAGADO,completo
PG00002050,C000221,2023-04-17,2023-04-18,2023-05-01,69187.65,119481.74,PAGADO,completo
PG00002051,C003168,2023-12-22,2023-12-26,2024-01-11,66630.29,132358.63,PAGADO,completo
PG00002052,C003168,2024-02-02,2024-02-02,2024-02-07,200692.53,334287.56,PAGADO,completo
PG00002053,C003168,2024-02-26,2024-03-06,2024-03-16,288641.56,89318.19,PAGADO,completo
PG00002054,C001323,2023-09-18,2023-09-28,2023-12-23,207240.92,207240.92,PAGADO,demorado
PG00002055,C003123,2023-07-03,2023-07-08,2023-07-15,49012.55,49012.55,PAGADO,completo
PG00002056,C000088,2024-07-14,2024-07-19,2024-07-26,42962.02,36988.71,PAGADO,completo
PG00002057,C000088,2024-07-29,2024-08-06,2024-08-15,28199.84,52505.57,PAGADO,completo
PG00002058,C000088,2024-08-22,2024-08-30,2024-09-02,32452.16,14119.74,PAGADO,completo
PG00002059,C003441,2025-08-03,2025-08-03,2025-08-22,9227.86,9227.86,PAGADO,parcial
PG00002060,C002098,2023-11-26,2023-12-01,2023-12-07,24499.76,24499.76,PAGADO,parcial
PG00002061,C003203,2025-03-30,2025-03-30,2025-04-05,13073.05,24530.73,PAGADO,parcial
PG00002062,C003203,2025-04-20,2025-04-25,2025-05-08,17731.8,6274.12,PAGADO,parcial
PG00002063,C001242,2024-06-02,2024-06-03,2024-06-08,30835.65,32383.9,PAGADO,completo
PG00002064,C001242,2024-05-27,2024-06-03,2024-06-12,17398.75,15850.5,PAGADO,completo
PG00002065,C002018,2023-01-22,2023-01-29,2023-02-14,5239.73,2846.28,PAGADO,completo
PG00002066,C002018,2023-02-11,2023-02-13,2023-02-19,2259.48,825.76,PAGADO,completo
PG00002067,C002018,2023-03-31,2023-04-05,2023-04-12,4565.14,8392.31,PAGADO,completo
PG00002068,C002282,2026-01-07,2026-01-07,2026-01-27,44061.07,16013.7,PAGADO,completo
PG00002069,C002282,2026-02-24,2026-03-05,2026-03-20,5135.1,33182.47,PAGADO,completo
PG00002070,C001207,2024-09-03,2024-09-03,2024-09-18,242352.01,189654.14,PAGADO,completo
PG00002071,C001207,2024-08-23,2024-08-27,2024-09-10,104886.26,157584.13,PAGADO,completo
PG00002072,C900291,2024-11-28,2024-11-29,2024-11-29,168688.85,168688.85,PAGADO,sobrepago_senal
PG00002073,C002970,2025-01-19,2025-01-21,2025-01-25,36540.33,27301.32,PAGADO,parcial
PG00002074,C002970,2025-03-04,2025-03-06,2025-03-15,40677.05,49916.06,PAGADO,parcial
PG00002075,C900070,2026-01-27,2026-02-05,2026-02-18,118834.59,134641.51,PAGADO,completo
PG00002076,C900070,2026-02-17,2026-02-23,2026-03-11,248256.95,232450.03,PAGADO,completo
PG00002077,C900193,2025-07-19,2025-07-28,,151739.43,0.0,PENDIENTE,pendiente
PG00002078,C001313,2023-06-27,2023-07-02,2023-07-17,50545.24,32001.59,PAGADO,parcial
PG00002079,C001313,2023-06-16,2023-06-20,2023-07-04,20334.66,38878.31,PAGADO,parcial
PG00002080,C001225,2023-07-05,2023-07-15,2023-07-15,110208.63,110208.63,PAGADO,completo
PG00002081,C002314,2023-07-25,2023-08-02,2023-08-07,33460.8,29454.63,PAGADO,completo
PG00002082,C002314,2023-08-06,2023-08-08,2023-08-10,5657.19,14210.86,PAGADO,completo
PG00002083,C002314,2023-09-08,2023-09-12,2023-09-29,31138.73,26591.23,PAGADO,completo
PG00002084,C002414,2024-01-09,2024-01-15,2024-01-19,190068.81,190068.81,PAGADO,completo
PG00002085,C001482,2025-04-20,2025-04-22,,5887.5,0.0,PENDIENTE,pendiente
PG00002086,C001096,2023-03-09,2023-03-13,2023-03-20,65615.4,12365.25,PAGADO,completo
PG00002087,C001096,2023-03-28,2023-04-04,2023-04-23,18470.37,71720.52,PAGADO,completo
PG00002088,C001842,2025-01-17,2025-01-21,2025-02-08,94685.51,94685.51,PAGADO,parcial
PG00002089,C002066,2023-10-18,2023-10-26,2023-10-31,38453.41,38453.41,PAGADO,completo
PG00002090,C002643,2026-04-20,2026-04-23,2026-05-03,1677.52,25782.09,PAGADO,parcial
PG00002091,C002643,2026-04-20,2026-04-27,2026-05-08,27690.77,3586.2,PAGADO,parcial
PG00002092,C000283,2024-03-01,2024-03-04,2024-03-14,19657.91,50039.68,PAGADO,completo
PG00002093,C000283,2024-04-09,2024-04-11,2024-04-15,41917.77,11536.0,PAGADO,completo
PG00002094,C001923,2024-07-19,2024-07-29,2024-08-02,62704.04,44300.84,PAGADO,completo
PG00002095,C001923,2024-07-31,2024-08-09,2024-08-18,17989.16,36392.36,PAGADO,completo
PG00002096,C002951,2025-12-19,2025-12-19,2025-12-31,48717.86,48717.86,PAGADO,completo
PG00002097,C700109,2024-11-27,2024-11-29,,302487.07,0.0,PENDIENTE,pendiente
PG00002098,C002312,2025-04-21,2025-04-30,2025-06-29,28603.4,28603.4,PAGADO,demorado
PG00002099,C000613,2026-04-27,2026-05-06,2026-05-22,3280.56,12197.72,PAGADO,completo
PG00002100,C000613,2026-05-13,2026-05-13,2026-05-13,60588.46,51671.3,PAGADO,completo
PG00002101,C002803,2023-12-24,2024-01-01,2024-01-09,3714.88,3667.02,PAGADO,parcial
PG00002102,C002803,2023-12-18,2023-12-19,2024-01-05,1509.0,1556.86,PAGADO,parcial
PG00002103,C001566,2024-10-08,2024-10-13,2024-10-29,9932.98,16480.36,PAGADO,completo
PG00002104,C001566,2024-11-22,2024-11-30,2024-11-30,7776.32,933.37,PAGADO,completo
PG00002105,C001566,2024-11-09,2024-11-12,2024-11-29,9003.19,9298.76,PAGADO,completo
PG00002106,C002340,2023-09-10,2023-09-12,2023-12-22,22297.32,29233.18,PAGADO,demorado
PG00002107,C002340,2023-09-25,2023-10-01,2024-01-08,41841.41,34905.55,PAGADO,demorado
PG00002108,C000423,2024-10-15,2024-10-21,2024-11-01,55045.94,145464.52,PAGADO,completo
PG00002109,C000423,2024-11-03,2024-11-06,2024-11-16,107149.11,16730.53,PAGADO,completo
PG00002110,C003379,2026-05-24,2026-05-31,2026-06-14,21098.93,46723.42,PAGADO,completo
PG00002111,C003379,2026-07-16,2026-07-21,2026-07-28,34414.19,20397.28,PAGADO,completo
PG00002112,C003379,2026-07-11,2026-07-11,2026-07-23,24079.45,12471.87,PAGADO,completo
PG00002113,C003259,2024-03-11,2024-03-18,2024-04-03,37113.8,37113.8,PAGADO,parcial
PG00002114,C750070,2025-08-27,2025-09-01,2025-09-14,170728.99,130856.63,PAGADO,completo
PG00002115,C750070,2025-09-06,2025-09-09,2025-09-16,34181.99,74054.35,PAGADO,completo
PG00002116,C000839,2026-04-20,2026-04-20,2026-04-25,18199.5,18199.5,PAGADO,parcial
PG00002117,C000500,2026-03-21,2026-03-25,2026-04-12,99155.5,99155.5,PAGADO,completo
PG00002118,C001434,2023-08-11,2023-08-17,2023-09-04,8281.01,8795.23,PAGADO,completo
PG00002119,C001434,2023-09-24,2023-10-03,2023-10-03,21143.97,4537.3,PAGADO,completo
PG00002120,C001434,2023-09-09,2023-09-19,2023-09-27,46280.66,62373.11,PAGADO,completo
PG00002121,C002915,2024-10-27,2024-11-04,2025-01-09,110196.19,110196.19,PAGADO,demorado
PG00002122,C000549,2023-09-14,2023-09-18,2023-09-18,116205.49,116205.49,PAGADO,sobrepago_senal
PG00002123,C000557,2023-08-28,2023-09-01,2023-09-11,16819.93,36693.99,PAGADO,completo
PG00002124,C000557,2023-08-19,2023-08-23,2023-08-31,34450.37,14576.31,PAGADO,completo
PG00002125,C003034,2025-06-21,2025-06-30,2025-07-17,5838.89,7156.34,PAGADO,completo
PG00002126,C003034,2025-07-27,2025-07-27,2025-07-29,10283.5,8966.05,PAGADO,completo
PG00002127,C002159,2026-03-24,2026-03-30,2026-04-14,279604.2,350207.74,PAGADO,completo
PG00002128,C002159,2026-05-08,2026-05-10,2026-05-16,139331.39,68727.85,PAGADO,completo
PG00002129,C000218,2023-06-05,2023-06-07,2023-06-12,86845.53,33299.17,PAGADO,completo
PG00002130,C000218,2023-05-29,2023-05-31,2023-06-20,79410.0,61425.9,PAGADO,completo
PG00002131,C000218,2023-07-05,2023-07-09,2023-07-25,50916.32,122446.78,PAGADO,completo
PG00002132,C002080,2023-07-31,2023-08-10,2023-08-30,21757.76,1382.42,PAGADO,completo
PG00002133,C002080,2023-07-15,2023-07-21,2023-07-21,14283.09,21214.55,PAGADO,completo
PG00002134,C002080,2023-09-07,2023-09-11,2023-09-26,13187.54,26631.42,PAGADO,completo
PG00002135,C001138,2025-01-13,2025-01-23,2025-01-28,8142.6,9213.22,PAGADO,completo
PG00002136,C001138,2025-01-29,2025-02-07,2025-02-14,13263.26,5552.4,PAGADO,completo
PG00002137,C001138,2025-03-03,2025-03-04,2025-03-17,3537.71,10177.95,PAGADO,completo
PG00002138,C000209,2023-06-23,2023-07-01,2023-07-17,124239.43,82263.29,PAGADO,completo
PG00002139,C000209,2023-06-20,2023-06-24,2023-07-07,79845.8,121821.94,PAGADO,completo
PG00002140,C001738,2023-08-22,2023-08-24,2023-09-02,20242.63,27822.07,PAGADO,completo
PG00002141,C001738,2023-08-25,2023-08-26,2023-09-05,34367.04,26787.6,PAGADO,completo
PG00002142,C001770,2023-09-14,2023-09-18,2023-09-28,11032.01,11032.01,PAGADO,completo
PG00002143,C750044,2024-05-02,2024-05-05,2024-05-17,153761.31,153761.31,PAGADO,parcial
PG00002144,C700034,2025-07-19,2025-07-25,2025-08-11,210098.62,139140.5,PAGADO,completo
PG00002145,C700034,2025-07-28,2025-08-05,2025-08-13,77484.72,134858.53,PAGADO,completo
PG00002146,C700034,2025-07-29,2025-07-31,2025-08-02,72267.8,85852.11,PAGADO,completo
PG00002147,C000948,2026-05-23,2026-05-31,2026-06-05,28092.89,28092.89,PAGADO,parcial
PG00002148,C001522,2025-09-05,2025-09-06,2025-09-19,35266.28,106862.54,PAGADO,completo
PG00002149,C001522,2025-08-30,2025-09-05,2025-09-06,158055.81,86459.55,PAGADO,completo
PG00002150,C000532,2024-09-18,2024-09-28,2024-10-02,60535.36,60535.36,PAGADO,completo
PG00002151,C700261,2026-03-22,2026-03-27,2026-03-27,114872.44,149206.65,PAGADO,completo
PG00002152,C700261,2026-03-19,2026-03-28,2026-04-11,200077.07,165742.86,PAGADO,completo
PG00002153,C002606,2026-04-24,2026-04-27,2026-05-16,32927.32,23460.52,PAGADO,completo
PG00002154,C002606,2026-06-10,2026-06-17,2026-06-25,28061.67,37528.47,PAGADO,completo
PG00002155,C002004,2023-12-05,2023-12-14,2023-12-15,118915.67,53576.28,PAGADO,completo
PG00002156,C002004,2024-01-03,2024-01-12,2024-01-12,72027.41,87327.59,PAGADO,completo
PG00002157,C002004,2024-01-24,2024-02-03,2024-02-11,40328.3,90367.51,PAGADO,completo
PG00002158,C002579,2024-09-11,2024-09-18,2024-09-18,4122.81,2132.81,PAGADO,completo
PG00002159,C002579,2024-09-21,2024-09-23,2024-09-27,1926.49,3916.49,PAGADO,completo
PG00002160,C900237,2026-03-12,2026-03-16,2026-03-31,163583.0,75885.88,PAGADO,completo
PG00002161,C900237,2026-02-23,2026-02-27,2026-03-19,86531.5,174228.62,PAGADO,completo
PG00002162,C900272,2025-04-29,2025-05-03,2025-05-13,484653.09,484653.09,PAGADO,completo
PG00002163,C700060,2026-01-13,2026-01-16,2026-01-21,860723.86,860723.86,PAGADO,completo
PG00002164,C000000,2023-06-19,2023-06-21,2023-07-01,51965.6,51965.6,PAGADO,sobrepago_senal
PG00002165,C700247,2025-04-13,2025-04-15,2025-04-28,59768.11,111752.85,PAGADO,completo
PG00002166,C700247,2025-05-05,2025-05-12,2025-05-28,313960.02,261975.28,PAGADO,completo
PG00002167,C800026,2024-03-09,2024-03-15,2024-03-15,76505.12,76505.12,PAGADO,parcial
PG00002168,C900242,2025-12-27,2025-12-27,,255387.12,0.0,PENDIENTE,pendiente
PG00002169,C002290,2023-09-12,2023-09-17,2023-10-05,21816.9,9119.1,PAGADO,completo
PG00002170,C002290,2023-09-29,2023-10-02,2023-10-12,4602.63,8209.54,PAGADO,completo
PG00002171,C002290,2023-10-02,2023-10-08,2023-10-11,9903.77,18994.66,PAGADO,completo
PG00002172,C001231,2023-12-02,2023-12-10,2023-12-29,98098.04,98098.04,PAGADO,completo
PG00002173,C000247,2026-01-19,2026-01-25,2026-01-27,36942.72,46403.28,PAGADO,completo
PG00002174,C000247,2026-03-11,2026-03-13,2026-03-15,10510.3,10889.41,PAGADO,completo
PG00002175,C000247,2026-02-28,2026-03-06,2026-03-24,18547.2,8707.53,PAGADO,completo
PG00002176,C002112,2025-09-17,2025-09-24,,47561.97,0.0,PENDIENTE,pendiente
PG00002177,C003352,2025-08-18,2025-08-27,2025-11-05,97109.97,97109.97,PAGADO,demorado
PG00002178,C003131,2024-07-20,2024-07-27,2024-08-16,13091.91,13091.91,PAGADO,parcial
PG00002179,C002702,2025-06-18,2025-06-26,2025-09-28,38123.36,47253.88,PAGADO,demorado
PG00002180,C002702,2025-07-02,2025-07-07,2025-09-28,13705.8,4575.28,PAGADO,demorado
PG00002181,C002636,2026-05-20,2026-05-23,2026-06-09,3989.0,3156.87,PAGADO,completo
PG00002182,C002636,2026-05-17,2026-05-27,2026-06-15,1465.66,4211.26,PAGADO,completo
PG00002183,C002636,2026-06-07,2026-06-09,2026-06-09,3561.63,1648.16,PAGADO,completo
PG00002184,C003212,2024-11-05,2024-11-07,2025-02-04,11538.2,46626.67,PAGADO,demorado
PG00002185,C003212,2024-12-07,2024-12-09,2025-03-07,51927.87,16839.4,PAGADO,demorado
PG00002186,C700052,2025-12-25,2025-12-27,2026-01-11,336341.91,336341.91,PAGADO,completo
PG00002187,C001438,2024-01-12,2024-01-22,2024-02-08,12680.11,15910.35,PAGADO,completo
PG00002188,C001438,2024-01-30,2024-02-08,2024-02-18,18131.96,14901.72,PAGADO,completo
PG00002189,C002281,2025-06-04,2025-06-11,2025-06-19,47743.72,47743.72,PAGADO,parcial
PG00002190,C002640,2024-08-12,2024-08-18,2024-08-28,12760.58,6625.69,PAGADO,completo
PG00002191,C002640,2024-09-03,2024-09-06,2024-09-07,4217.92,6013.24,PAGADO,completo
PG00002192,C002640,2024-09-25,2024-09-30,2024-10-16,2954.64,7294.21,PAGADO,completo
PG00002193,C003226,2025-09-02,2025-09-03,2025-09-06,226721.29,226721.29,PAGADO,parcial
PG00002194,C003257,2024-12-25,2024-12-27,2025-01-03,47721.27,35003.3,PAGADO,completo
PG00002195,C003257,2025-01-02,2025-01-09,2025-01-11,52906.6,65624.57,PAGADO,completo
PG00002196,C001395,2026-04-08,2026-04-09,2026-04-13,110666.61,152342.6,PAGADO,completo
PG00002197,C001395,2026-05-23,2026-05-24,2026-06-13,74940.38,33264.39,PAGADO,completo
PG00002198,C002666,2024-05-14,2024-05-15,2024-05-26,84385.21,54337.06,PAGADO,parcial
PG00002199,C002666,2024-07-04,2024-07-10,2024-07-30,85310.08,115358.23,PAGADO,parcial
PG00002200,C000278,2026-06-13,2026-06-16,2026-06-19,14941.05,24849.89,PAGADO,completo
PG00002201,C000278,2026-06-27,2026-07-02,2026-07-10,34945.17,25036.33,PAGADO,completo
PG00002202,C000952,2024-01-04,2024-01-07,2024-01-24,36871.7,36871.7,PAGADO,completo
PG00002203,C700020,2026-05-21,2026-05-28,2026-06-11,510149.11,353029.5,PAGADO,completo
PG00002204,C700020,2026-06-25,2026-07-05,2026-07-09,244388.22,401507.83,PAGADO,completo
PG00002205,C002037,2025-06-25,2025-07-04,2025-07-09,18852.99,13052.77,PAGADO,completo
PG00002206,C002037,2025-07-22,2025-07-28,2025-08-09,8945.83,23008.6,PAGADO,completo
PG00002207,C002037,2025-08-22,2025-09-01,2025-09-17,17861.97,9599.42,PAGADO,completo
PG00002208,C001960,2024-10-04,2024-10-11,2024-10-24,48415.05,48415.05,PAGADO,parcial
PG00002209,C003269,2026-07-24,2026-08-02,2026-08-07,179145.26,179145.26,PAGADO,demorado
PG00002210,C002854,2025-09-30,2025-10-08,,24799.39,0.0,PENDIENTE,pendiente
PG00002211,C001789,2025-05-23,2025-05-28,2025-08-14,1896.09,8496.19,PAGADO,demorado
PG00002212,C001789,2025-05-28,2025-06-02,2025-08-17,14096.25,7496.15,PAGADO,demorado
PG00002213,C900122,2025-12-16,2025-12-19,2025-12-31,194653.52,102783.92,PAGADO,completo
PG00002214,C900122,2025-12-24,2025-12-28,2026-01-06,61789.44,153659.04,PAGADO,completo
PG00002215,C002230,2024-03-31,2024-04-01,2024-04-17,10820.35,10158.42,PAGADO,parcial
PG00002216,C002230,2024-05-26,2024-06-02,2024-06-16,3189.23,3851.16,PAGADO,parcial
PG00002217,C000155,2026-05-21,2026-05-25,2026-05-30,14153.27,14153.27,PAGADO,completo
PG00002218,C000985,2023-10-02,2023-10-11,,13278.08,0.0,PENDIENTE,pendiente
PG00002219,C001299,2026-06-25,2026-07-04,2026-07-05,19959.43,123637.26,PAGADO,completo
PG00002220,C001299,2026-06-25,2026-06-30,2026-06-30,110604.86,6927.03,PAGADO,completo
PG00002221,C900297,2024-02-15,2024-02-25,2024-03-09,353243.58,135645.23,PAGADO,completo
PG00002222,C900297,2024-03-22,2024-03-30,2024-04-18,165947.27,383545.62,PAGADO,completo
PG00002223,C002191,2026-07-14,2026-07-17,2026-08-02,32620.74,11284.49,PAGADO,completo
PG00002224,C002191,2026-07-16,2026-07-22,2026-07-27,90785.82,112122.07,PAGADO,completo
PG00002225,C001832,2025-03-11,2025-03-19,,46795.86,0.0,PENDIENTE,pendiente
PG00002226,C001426,2024-08-04,2024-08-07,2024-08-12,19418.81,9561.95,PAGADO,sobrepago_senal
PG00002227,C001426,2024-08-13,2024-08-15,2024-08-26,5107.42,14964.28,PAGADO,sobrepago_senal
PG00002228,C001873,2025-06-14,2025-06-18,2025-06-21,19927.77,6181.27,PAGADO,parcial
PG00002229,C001873,2025-06-24,2025-06-28,2025-07-01,1974.25,15720.75,PAGADO,parcial
PG00002230,C002195,2025-01-17,2025-01-24,2025-05-01,84405.19,23076.27,PAGADO,demorado
PG00002231,C002195,2025-02-03,2025-02-05,2025-05-01,101033.18,162362.1,PAGADO,demorado
PG00002232,C001580,2024-09-04,2024-09-12,2024-09-25,45523.06,126783.91,PAGADO,completo
PG00002233,C001580,2024-09-23,2024-09-27,2024-10-04,106919.71,28691.9,PAGADO,completo
PG00002234,C001580,2024-09-19,2024-09-28,2024-10-03,51878.99,48845.95,PAGADO,completo
PG00002235,C002846,2025-11-03,2025-11-03,,28927.93,0.0,PENDIENTE,pendiente
PG00002236,C900101,2026-02-28,2026-03-02,2026-03-15,47892.67,16572.55,PAGADO,completo
PG00002237,C900101,2026-03-13,2026-03-21,2026-03-29,27812.97,59133.09,PAGADO,completo
PG00002238,C000700,2023-06-12,2023-06-18,2023-06-21,77617.0,77617.0,PAGADO,completo
PG00002239,C003025,2024-04-22,2024-05-02,2024-05-18,87664.47,87664.47,PAGADO,completo
PG00002240,C000644,2025-09-01,2025-09-10,2025-09-28,19093.43,3130.78,PAGADO,completo
PG00002241,C000644,2025-09-07,2025-09-16,2025-09-29,14904.19,19165.77,PAGADO,completo
PG00002242,C000644,2025-10-05,2025-10-07,2025-10-26,8870.31,20571.38,PAGADO,completo
PG00002243,C003494,2025-05-12,2025-05-16,2025-05-28,17068.84,17068.84,PAGADO,parcial
PG00002244,C000929,2024-12-17,2024-12-23,2024-12-30,3196.62,2475.59,PAGADO,completo
PG00002245,C000929,2024-12-14,2024-12-18,2024-12-24,13285.89,2198.62,PAGADO,completo
PG00002246,C000929,2025-01-08,2025-01-09,2025-01-14,9146.37,20954.67,PAGADO,completo
PG00002247,C900057,2024-05-22,2024-05-23,2024-06-08,77550.23,77550.23,PAGADO,completo
PG00002248,C002073,2024-12-04,2024-12-08,2024-12-13,6761.48,20338.97,PAGADO,completo
PG00002249,C002073,2025-01-11,2025-01-19,2025-02-01,21689.3,8111.81,PAGADO,completo
PG00002250,C900108,2024-11-21,2024-11-24,,164776.07,0.0,PENDIENTE,pendiente
PG00002251,C000246,2024-03-03,2024-03-06,2024-03-21,20811.43,42178.1,PAGADO,completo
PG00002252,C000246,2024-03-23,2024-03-30,2024-04-08,24192.47,6925.33,PAGADO,completo
PG00002253,C000246,2024-05-05,2024-05-11,2024-05-22,12606.69,8507.16,PAGADO,completo
PG00002254,C700244,2026-06-08,2026-06-09,,384442.47,0.0,PENDIENTE,pendiente
PG00002255,C000923,2025-12-08,2025-12-10,2025-12-26,63197.69,24926.5,PAGADO,completo
PG00002256,C000923,2026-01-01,2026-01-09,2026-01-11,51739.28,131024.68,PAGADO,completo
PG00002257,C000923,2026-01-20,2026-01-21,2026-01-21,85753.83,44739.62,PAGADO,completo
PG00002258,C001185,2023-08-06,2023-08-09,2023-08-10,409883.08,409883.08,PAGADO,completo
PG00002259,C900019,2025-01-04,2025-01-10,2025-01-22,59981.89,61421.2,PAGADO,completo
PG00002260,C900019,2025-02-02,2025-02-06,2025-02-22,105638.7,104199.39,PAGADO,completo
PG00002261,C002044,2024-09-13,2024-09-13,2024-09-16,96514.6,96514.6,PAGADO,completo
PG00002262,C002299,2025-05-02,2025-05-07,2025-05-24,430912.74,430912.74,PAGADO,completo
PG00002263,C001503,2025-02-26,2025-03-02,2025-03-03,263084.32,263084.32,PAGADO,completo
PG00002264,C002267,2026-06-21,2026-07-01,2026-07-14,343297.57,86851.74,PAGADO,completo
PG00002265,C002267,2026-07-19,2026-07-21,2026-07-29,16174.54,272620.37,PAGADO,completo
PG00002266,C800045,2025-12-21,2025-12-26,2026-01-11,256609.27,377472.06,PAGADO,completo
PG00002267,C800045,2025-12-29,2026-01-02,2026-01-05,400187.72,115600.84,PAGADO,completo
PG00002268,C800045,2026-01-30,2026-02-06,2026-02-07,269862.16,433586.25,PAGADO,completo
PG00002269,C002759,2026-06-26,2026-07-06,2026-07-14,1642.65,6251.33,PAGADO,completo
PG00002270,C002759,2026-06-16,2026-06-23,2026-07-13,6060.37,1451.69,PAGADO,completo
PG00002271,C002600,2025-06-20,2025-06-22,2025-07-11,25547.82,39047.86,PAGADO,parcial
PG00002272,C002600,2025-07-26,2025-08-01,2025-08-04,30176.51,16676.47,PAGADO,parcial
PG00002273,C000648,2023-10-23,2023-11-01,2023-11-06,144387.94,63197.86,PAGADO,sobrepago_senal
PG00002274,C000648,2023-11-07,2023-11-15,2023-11-21,39691.84,120881.92,PAGADO,sobrepago_senal
PG00002275,C000543,2024-05-07,2024-05-17,2024-05-31,89278.66,132886.89,PAGADO,completo
PG00002276,C000543,2024-05-16,2024-05-17,2024-06-04,73778.08,85129.12,PAGADO,completo
PG00002277,C000543,2024-06-15,2024-06-17,2024-07-07,62913.06,7953.79,PAGADO,completo
PG00002278,C800003,2025-05-31,2025-06-02,2025-06-19,137757.75,120202.48,PAGADO,completo
PG00002279,C800003,2025-06-06,2025-06-10,2025-06-27,33980.22,51535.49,PAGADO,completo
PG00002280,C001362,2025-05-29,2025-06-02,2025-06-12,90219.42,90219.42,PAGADO,completo
PG00002281,C750061,2025-05-15,2025-05-25,2025-06-10,156454.43,156454.43,PAGADO,completo
PG00002282,C000259,2025-10-26,2025-10-31,2026-01-31,9381.61,82853.84,PAGADO,demorado
PG00002283,C000259,2025-11-30,2025-12-05,2026-03-22,80293.99,6821.76,PAGADO,demorado
PG00002284,C001272,2023-06-30,2023-06-30,2023-07-17,24595.89,27828.31,PAGADO,completo
PG00002285,C001272,2023-07-30,2023-08-03,2023-08-14,63140.28,66273.26,PAGADO,completo
PG00002286,C001272,2023-08-23,2023-08-27,2023-08-31,28255.67,21890.27,PAGADO,completo
PG00002287,C900209,2025-07-14,2025-07-20,2025-09-12,187734.58,187734.58,PAGADO,demorado
PG00002288,C000927,2025-05-30,2025-06-05,2025-06-11,204704.95,204704.95,PAGADO,completo
PG00002289,C000612,2025-02-01,2025-02-05,2025-02-05,10122.71,16000.07,PAGADO,completo
PG00002290,C000612,2025-02-15,2025-02-23,2025-02-23,7264.11,1735.24,PAGADO,completo
PG00002291,C000612,2025-04-06,2025-04-10,2025-04-11,2823.05,2474.56,PAGADO,completo
PG00002292,C001023,2024-08-05,2024-08-11,2024-08-17,28538.97,29508.26,PAGADO,completo
PG00002293,C001023,2024-09-10,2024-09-18,2024-10-04,18736.67,17767.38,PAGADO,completo
PG00002294,C001450,2024-04-02,2024-04-04,2024-04-24,24167.73,11341.59,PAGADO,completo
PG00002295,C001450,2024-04-30,2024-05-08,2024-05-09,13003.72,17996.02,PAGADO,completo
PG00002296,C001450,2024-05-10,2024-05-16,2024-05-18,29510.28,37344.12,PAGADO,completo
PG00002297,C001152,2025-03-13,2025-03-13,2025-03-18,18411.13,18411.13,PAGADO,parcial
PG00002298,C000219,2025-07-17,2025-07-24,2025-08-05,4483.27,15561.11,PAGADO,completo
PG00002299,C000219,2025-08-04,2025-08-10,2025-08-10,26264.22,7046.68,PAGADO,completo
PG00002300,C000219,2025-09-14,2025-09-17,2025-09-17,29354.38,37494.08,PAGADO,completo
PG00002301,C700036,2026-07-09,2026-07-11,2026-07-29,148720.33,119167.76,PAGADO,completo
PG00002302,C700036,2026-08-07,2026-08-07,2026-08-07,16076.23,17983.92,PAGADO,completo
PG00002303,C700036,2026-08-07,2026-08-07,2026-08-07,116070.02,143714.9,PAGADO,completo
PG00002304,C000485,2024-10-20,2024-10-29,2024-10-29,77762.95,77762.95,PAGADO,completo
PG00002305,C002620,2024-10-16,2024-10-25,2024-11-07,7975.69,14855.63,PAGADO,completo
PG00002306,C002620,2024-11-04,2024-11-09,2024-11-29,30922.56,24042.62,PAGADO,completo
PG00002307,C001611,2026-04-06,2026-04-12,2026-04-28,11884.13,6282.12,PAGADO,completo
PG00002308,C001611,2026-04-15,2026-04-25,2026-05-08,10839.23,10703.21,PAGADO,completo
PG00002309,C001611,2026-04-11,2026-04-11,2026-04-28,2228.39,7966.42,PAGADO,completo
PG00002310,C000258,2023-07-02,2023-07-08,2023-07-12,3721.96,3721.96,PAGADO,completo
PG00002311,C003265,2026-01-20,2026-01-21,,19994.87,0.0,PENDIENTE,pendiente
PG00002312,C000386,2023-10-19,2023-10-22,2023-10-30,17352.08,17556.78,PAGADO,completo
PG00002313,C000386,2023-11-08,2023-11-18,2023-11-29,14979.74,14775.04,PAGADO,completo
PG00002314,C000847,2025-05-24,2025-05-25,2025-06-07,28123.29,28123.29,PAGADO,completo
PG00002315,C002909,2025-04-16,2025-04-24,2025-05-07,35767.76,16425.34,PAGADO,completo
PG00002316,C002909,2025-05-27,2025-06-05,2025-06-23,23258.44,1558.37,PAGADO,completo
PG00002317,C002909,2025-05-25,2025-05-28,2025-06-02,13804.5,54846.99,PAGADO,completo
PG00002318,C900267,2025-10-13,2025-10-16,2025-10-28,385579.04,309181.01,PAGADO,completo
PG00002319,C900267,2025-11-22,2025-11-24,2025-12-14,118307.79,194705.82,PAGADO,completo
PG00002320,C003239,2023-01-26,2023-02-01,2023-02-02,41732.46,33153.93,PAGADO,completo
PG00002321,C003239,2023-03-26,2023-03-28,2023-04-04,11035.23,19613.76,PAGADO,completo
PG00002322,C900042,2026-06-30,2026-07-08,2026-07-15,28628.38,35158.03,PAGADO,completo
PG00002323,C900042,2026-07-26,2026-07-30,2026-08-06,155355.86,148826.21,PAGADO,completo
PG00002324,C001777,2023-03-11,2023-03-15,2023-03-15,6202.28,3931.33,PAGADO,completo
PG00002325,C001777,2023-04-08,2023-04-18,2023-05-06,3049.61,5510.23,PAGADO,completo
PG00002326,C001777,2023-05-18,2023-05-23,2023-06-03,4859.04,4669.37,PAGADO,completo
PG00002327,C001233,2023-04-12,2023-04-20,2023-04-28,99619.93,99619.93,PAGADO,completo
PG00002328,C700029,2024-08-09,2024-08-10,2024-08-11,324045.23,324045.23,PAGADO,completo
PG00002329,C003231,2024-09-15,2024-09-20,2024-09-22,79526.87,107726.85,PAGADO,completo
PG00002330,C003231,2024-10-03,2024-10-10,2024-10-10,36125.86,7925.88,PAGADO,completo
PG00002331,C003207,2023-09-22,2023-10-02,2023-10-10,24546.63,24546.63,PAGADO,parcial
PG00002332,C003362,2025-06-17,2025-06-24,2025-06-30,5565.76,10559.1,PAGADO,completo
PG00002333,C003362,2025-06-19,2025-06-25,2025-07-03,26442.93,21449.59,PAGADO,completo
PG00002334,C003028,2023-07-20,2023-07-24,2023-07-27,6645.33,2320.56,PAGADO,completo
PG00002335,C003028,2023-08-12,2023-08-15,2023-09-02,11420.06,3691.46,PAGADO,completo
PG00002336,C003028,2023-08-16,2023-08-26,2023-09-15,2558.42,14611.79,PAGADO,completo
PG00002337,C001095,2026-05-17,2026-05-18,2026-07-29,57915.19,57671.66,PAGADO,demorado
PG00002338,C001095,2026-05-09,2026-05-19,2026-08-05,9987.85,10231.38,PAGADO,demorado
PG00002339,C003300,2026-01-15,2026-01-20,2026-02-03,32448.17,32448.17,PAGADO,parcial
PG00002340,C001878,2025-02-17,2025-02-24,2025-03-11,256963.38,256963.38,PAGADO,completo
PG00002341,C001483,2024-08-18,2024-08-24,2024-08-24,6514.58,9969.99,PAGADO,completo
PG00002342,C001483,2024-10-12,2024-10-14,2024-10-22,13538.8,10083.39,PAGADO,completo
PG00002343,C000507,2024-12-02,2024-12-04,2024-12-14,2959.48,4671.11,PAGADO,completo
PG00002344,C000507,2024-12-20,2024-12-29,2025-01-11,5022.76,4090.38,PAGADO,completo
PG00002345,C000507,2025-01-08,2025-01-14,2025-01-20,3545.41,2766.16,PAGADO,completo
PG00002346,C000007,2026-06-08,2026-06-17,2026-06-22,29853.5,29853.5,PAGADO,completo
PG00002347,C003448,2024-06-04,2024-06-08,2024-06-17,45799.84,3343.67,PAGADO,completo
PG00002348,C003448,2024-06-25,2024-06-28,2024-06-29,39970.83,82427.0,PAGADO,completo
PG00002349,C002301,2023-12-07,2023-12-14,2024-01-01,77878.73,77878.73,PAGADO,completo
PG00002350,C750008,2024-03-18,2024-03-25,2024-04-09,181450.39,181450.39,PAGADO,completo
PG00002351,C002359,2024-10-16,2024-10-19,2024-10-25,17094.51,56487.16,PAGADO,completo
PG00002352,C002359,2024-10-11,2024-10-17,2024-11-01,51838.1,4583.6,PAGADO,completo
PG00002353,C002359,2024-11-19,2024-11-26,2024-12-15,12191.2,20053.05,PAGADO,completo
PG00002354,C700023,2024-06-29,2024-07-02,2024-07-13,114326.19,137203.87,PAGADO,completo
PG00002355,C700023,2024-06-21,2024-07-01,2024-07-05,70349.63,272881.32,PAGADO,completo
PG00002356,C700023,2024-08-02,2024-08-06,2024-08-21,470553.32,245143.95,PAGADO,completo
PG00002357,C002855,2025-01-12,2025-01-14,2025-02-03,48109.44,48109.44,PAGADO,completo
PG00002358,C000378,2024-11-01,2024-11-09,2024-11-25,3646.48,11191.53,PAGADO,completo
PG00002359,C000378,2024-11-28,2024-11-30,2024-12-02,36255.67,24082.69,PAGADO,completo
PG00002360,C000378,2024-12-21,2024-12-21,2024-12-30,6323.68,10951.61,PAGADO,completo
PG00002361,C700169,2026-08-04,2026-08-07,2026-08-07,765083.63,765083.63,PAGADO,completo
PG00002362,C000678,2023-03-07,2023-03-14,2023-03-29,119318.37,119318.37,PAGADO,parcial
PG00002363,C900030,2025-03-08,2025-03-13,2025-03-13,343919.0,35548.31,PAGADO,completo
PG00002364,C900030,2025-03-02,2025-03-03,2025-03-08,44325.19,219494.11,PAGADO,completo
PG00002365,C900030,2025-04-18,2025-04-18,2025-05-04,14869.04,148070.81,PAGADO,completo
PG00002366,C001539,2024-07-02,2024-07-04,2024-07-06,12370.65,9923.43,PAGADO,completo
PG00002367,C001539,2024-07-09,2024-07-12,2024-07-18,2924.79,4976.92,PAGADO,completo
PG00002368,C001539,2024-07-16,2024-07-23,2024-08-10,2673.5,3068.59,PAGADO,completo
PG00002369,C001011,2024-08-22,2024-08-29,2024-09-09,126309.73,18986.82,PAGADO,completo
PG00002370,C001011,2024-08-26,2024-09-04,2024-09-18,16419.22,123742.13,PAGADO,completo
PG00002371,C002475,2024-09-24,2024-09-24,,164259.77,0.0,PENDIENTE,pendiente
PG00002372,C001606,2025-05-15,2025-05-24,2025-06-13,11214.51,9662.17,PAGADO,completo
PG00002373,C001606,2025-05-27,2025-06-02,2025-06-05,4835.69,20639.12,PAGADO,completo
PG00002374,C001606,2025-06-12,2025-06-18,2025-07-05,17790.43,3539.34,PAGADO,completo
PG00002375,C700195,2024-03-26,2024-03-28,2024-04-05,483378.11,483378.11,PAGADO,completo
PG00002376,C000065,2024-10-10,2024-10-20,2024-10-30,7920.37,1410.91,PAGADO,completo
PG00002377,C000065,2024-10-17,2024-10-25,2024-10-26,14330.21,14025.92,PAGADO,completo
PG00002378,C000065,2024-10-20,2024-10-29,2024-11-17,626.91,7440.66,PAGADO,completo
PG00002379,C001896,2025-05-06,2025-05-11,2025-05-11,22517.3,59066.21,PAGADO,completo
PG00002380,C001896,2025-06-20,2025-06-29,2025-07-10,46775.47,10226.56,PAGADO,completo
PG00002381,C003463,2024-01-27,2024-01-30,2024-02-17,26105.54,38067.99,PAGADO,completo
PG00002382,C003463,2024-02-08,2024-02-08,2024-02-14,16320.8,4358.35,PAGADO,completo
PG00002383,C003338,2025-05-01,2025-05-09,2025-05-27,221883.11,133885.11,PAGADO,completo
PG00002384,C003338,2025-05-12,2025-05-20,2025-05-20,139502.14,227500.14,PAGADO,completo
PG00002385,C003186,2024-05-30,2024-06-04,2024-06-10,12418.52,12418.52,PAGADO,parcial
PG00002386,C000679,2023-07-18,2023-07-20,2023-07-21,24124.96,24124.96,PAGADO,completo
PG00002387,C700007,2026-04-07,2026-04-15,2026-05-01,414676.31,414676.31,PAGADO,completo
PG00002388,C000781,2025-08-29,2025-09-01,2025-09-21,19607.68,10163.97,PAGADO,parcial
PG00002389,C000781,2025-09-25,2025-09-27,2025-09-28,32444.72,41888.43,PAGADO,parcial
PG00002390,C003043,2025-01-12,2025-01-19,2025-01-24,50043.45,99485.84,PAGADO,completo
PG00002391,C003043,2025-02-28,2025-03-02,2025-03-05,90219.69,46623.4,PAGADO,completo
PG00002392,C003043,2025-02-23,2025-02-23,2025-03-13,37842.83,31996.73,PAGADO,completo
PG00002393,C000627,2023-03-14,2023-03-23,2023-04-07,15494.69,33500.27,PAGADO,completo
PG00002394,C000627,2023-04-25,2023-04-26,2023-04-27,49471.72,9507.27,PAGADO,completo
PG00002395,C000627,2023-05-11,2023-05-12,2023-05-18,14003.31,35962.18,PAGADO,completo
PG00002396,C002771,2024-06-29,2024-07-08,2024-07-11,75705.64,75705.64,PAGADO,completo
PG00002397,C001818,2023-03-17,2023-03-18,2023-03-25,35150.95,35150.95,PAGADO,completo
PG00002398,C002810,2026-03-07,2026-03-09,2026-03-27,5228.55,14170.99,PAGADO,completo
PG00002399,C002810,2026-03-22,2026-03-31,2026-04-14,11557.5,2615.06,PAGADO,completo
PG00002400,C002691,2024-03-10,2024-03-11,2024-03-25,19991.44,13245.19,PAGADO,completo
PG00002401,C002691,2024-05-02,2024-05-07,2024-05-26,25295.13,32041.38,PAGADO,completo
PG00002402,C002426,2024-10-20,2024-10-29,,36460.89,0.0,PENDIENTE,pendiente
PG00002403,C000883,2023-02-25,2023-02-27,2023-03-13,6442.08,6944.24,PAGADO,completo
PG00002404,C000883,2023-02-24,2023-03-01,2023-03-20,7694.95,7192.79,PAGADO,completo
PG00002405,C001091,2025-04-11,2025-04-17,2025-04-18,54093.55,45317.7,PAGADO,completo
PG00002406,C001091,2025-04-22,2025-04-27,2025-05-12,21837.05,19655.33,PAGADO,completo
PG00002407,C001091,2025-04-26,2025-05-06,2025-05-06,9416.26,20373.83,PAGADO,completo
PG00002408,C000382,2026-04-15,2026-04-20,,35021.92,0.0,PENDIENTE,pendiente
PG00002409,C001538,2024-07-13,2024-07-17,2024-08-04,24728.01,26185.72,PAGADO,completo
PG00002410,C001538,2024-08-07,2024-08-09,2024-08-13,29863.94,28406.23,PAGADO,completo
PG00002411,C003210,2025-01-24,2025-02-03,2025-02-06,12899.33,23083.33,PAGADO,completo
PG00002412,C003210,2025-02-18,2025-02-23,2025-03-13,19130.52,8946.52,PAGADO,completo
PG00002413,C002978,2025-03-08,2025-03-08,2025-03-19,38886.13,43274.7,PAGADO,completo
PG00002414,C002978,2025-05-01,2025-05-07,2025-05-26,28208.52,23819.95,PAGADO,completo
PG00002415,C002754,2024-09-28,2024-09-28,2024-10-17,6737.41,14665.92,PAGADO,completo
PG00002416,C002754,2024-11-16,2024-11-19,2024-11-22,17533.12,11484.93,PAGADO,completo
PG00002417,C002754,2024-11-21,2024-12-01,2024-12-13,20941.41,19061.09,PAGADO,completo
PG00002418,C000031,2023-09-26,2023-10-01,2023-10-13,37644.83,27219.28,PAGADO,completo
PG00002419,C000031,2023-10-13,2023-10-23,2023-10-26,11836.41,22261.96,PAGADO,completo
PG00002420,C002462,2023-10-28,2023-11-04,2023-11-21,21764.76,58688.47,PAGADO,completo
PG00002421,C002462,2023-11-09,2023-11-18,2023-11-28,67545.86,30622.15,PAGADO,completo
PG00002422,C001967,2026-05-28,2026-06-04,2026-06-08,48871.17,48871.17,PAGADO,completo
PG00002423,C900092,2024-05-03,2024-05-13,2024-07-28,371555.04,371555.04,PAGADO,demorado
PG00002424,C000610,2023-03-17,2023-03-23,2023-04-10,116179.68,206483.35,PAGADO,completo
PG00002425,C000610,2023-04-18,2023-04-19,2023-04-20,173165.79,82862.12,PAGADO,completo
PG00002426,C000570,2023-10-26,2023-10-29,2023-11-05,141221.56,102723.78,PAGADO,sobrepago_senal
PG00002427,C000570,2023-10-29,2023-11-07,2023-11-10,74878.83,113376.61,PAGADO,sobrepago_senal
PG00002428,C002238,2023-11-04,2023-11-13,2024-01-04,191095.4,128703.88,PAGADO,demorado
PG00002429,C002238,2023-11-20,2023-11-30,2024-01-23,510755.6,573147.12,PAGADO,demorado
PG00002430,C000343,2025-03-09,2025-03-11,,15140.52,0.0,PENDIENTE,pendiente
PG00002431,C002216,2023-08-20,2023-08-26,,7130.95,0.0,PENDIENTE,pendiente
PG00002432,C002420,2026-02-07,2026-02-16,2026-02-20,11779.19,11779.19,PAGADO,parcial
PG00002433,C002319,2026-04-01,2026-04-11,2026-05-01,14588.77,14588.77,PAGADO,completo
PG00002434,C003430,2025-01-16,2025-01-25,2025-04-09,13639.02,12761.49,PAGADO,demorado
PG00002435,C003430,2025-01-26,2025-02-05,2025-04-08,6255.91,7133.44,PAGADO,demorado
PG00002436,C700188,2026-03-25,2026-03-27,2026-06-18,419382.49,404192.56,PAGADO,demorado
PG00002437,C700188,2026-03-15,2026-03-21,2026-06-22,255635.99,270825.92,PAGADO,demorado
PG00002438,C003481,2023-04-24,2023-04-27,2023-05-08,30703.04,30703.04,PAGADO,completo
PG00002439,C002877,2024-06-28,2024-07-07,2024-07-15,8027.79,6203.47,PAGADO,completo
PG00002440,C002877,2024-06-29,2024-07-06,2024-07-13,20815.2,22639.52,PAGADO,completo
PG00002441,C003163,2025-05-03,2025-05-06,2025-05-19,11197.53,31877.55,PAGADO,completo
PG00002442,C003163,2025-05-23,2025-05-27,2025-06-09,28381.69,7701.67,PAGADO,completo
PG00002443,C900080,2026-01-01,2026-01-07,2026-01-10,178596.56,178596.56,PAGADO,completo
PG00002444,C001135,2026-02-15,2026-02-20,2026-03-11,9349.39,20397.35,PAGADO,completo
PG00002445,C001135,2026-03-25,2026-03-30,2026-04-01,26334.55,9836.41,PAGADO,completo
PG00002446,C001135,2026-03-31,2026-04-02,2026-04-04,1191.39,6641.57,PAGADO,completo
PG00002447,C900112,2026-05-04,2026-05-04,2026-05-08,212918.72,212918.72,PAGADO,completo
PG00002448,C700111,2026-05-01,2026-05-07,2026-07-17,45335.35,9644.71,PAGADO,demorado
PG00002449,C700111,2026-05-23,2026-06-01,2026-08-05,30370.29,66060.93,PAGADO,demorado
PG00002450,C000841,2026-01-21,2026-01-21,2026-01-26,4290.37,31889.66,PAGADO,completo
PG00002451,C000841,2026-03-03,2026-03-07,2026-03-24,56205.81,28606.52,PAGADO,completo
PG00002452,C002843,2024-09-16,2024-09-24,2024-10-01,190494.52,120374.53,PAGADO,completo
PG00002453,C002843,2024-10-22,2024-10-30,2024-11-08,58945.6,129065.59,PAGADO,completo
PG00002454,C002127,2024-08-04,2024-08-07,2024-08-13,16262.76,16262.76,PAGADO,completo
PG00002455,C000965,2025-10-30,2025-10-31,2025-11-18,33243.16,21560.29,PAGADO,completo
PG00002456,C000965,2025-11-10,2025-11-10,2025-11-29,4343.83,16026.7,PAGADO,completo
PG00002457,C000528,2025-01-07,2025-01-15,2025-02-03,13726.49,28453.99,PAGADO,completo
PG00002458,C000528,2025-01-19,2025-01-24,2025-01-28,20884.52,6157.02,PAGADO,completo
PG00002459,C000176,2024-09-04,2024-09-12,2024-09-17,63219.86,42804.63,PAGADO,completo
PG00002460,C000176,2024-10-06,2024-10-08,2024-10-16,33302.44,53717.67,PAGADO,completo
PG00002461,C000422,2023-09-05,2023-09-09,2023-09-12,7295.76,15919.33,PAGADO,completo
PG00002462,C000422,2023-10-28,2023-11-07,2023-11-26,20230.93,3230.03,PAGADO,completo
PG00002463,C000422,2023-10-11,2023-10-21,2023-11-10,12732.2,21109.53,PAGADO,completo
PG00002464,C900245,2025-09-27,2025-10-02,2025-10-09,35300.64,206282.29,PAGADO,completo
PG00002465,C900245,2025-10-28,2025-11-01,2025-11-12,307013.56,136031.91,PAGADO,completo
PG00002466,C700168,2024-04-26,2024-04-29,2024-05-10,460422.82,460422.82,PAGADO,parcial
PG00002467,C002295,2025-06-17,2025-06-22,2025-06-30,3805.17,17276.7,PAGADO,completo
PG00002468,C002295,2025-07-27,2025-08-05,2025-08-07,24099.36,3029.08,PAGADO,completo
PG00002469,C002295,2025-08-20,2025-08-27,2025-09-09,6501.91,14100.66,PAGADO,completo
PG00002470,C000572,2024-11-28,2024-12-08,2024-12-27,2414.59,4733.52,PAGADO,completo
PG00002471,C000572,2024-12-14,2024-12-15,2024-12-29,6453.7,4134.77,PAGADO,completo
PG00002472,C002603,2025-08-14,2025-08-14,2025-08-29,102730.38,102730.38,PAGADO,completo
PG00002473,C000288,2025-08-26,2025-08-27,2025-08-29,58461.48,62456.92,PAGADO,completo
PG00002474,C000288,2025-09-15,2025-09-15,2025-09-30,27408.68,23413.24,PAGADO,completo
PG00002475,C001550,2026-06-10,2026-06-20,2026-06-30,127942.19,127942.19,PAGADO,completo
PG00002476,C001563,2024-05-30,2024-06-05,2024-06-20,27972.19,27972.19,PAGADO,completo
PG00002477,C900121,2024-06-06,2024-06-06,2024-06-10,581109.48,581109.48,PAGADO,completo
PG00002478,C900231,2025-11-14,2025-11-16,2026-03-01,54517.02,11571.5,PAGADO,demorado
PG00002479,C900231,2025-12-17,2025-12-22,2026-03-21,4653.15,47598.67,PAGADO,demorado
PG00002480,C900148,2025-06-08,2025-06-14,2025-09-21,89363.8,10018.72,PAGADO,demorado
PG00002481,C900148,2025-07-14,2025-07-17,2025-10-29,55916.57,135261.65,PAGADO,demorado
PG00002482,C003217,2023-08-14,2023-08-23,2023-09-05,296134.97,296134.97,PAGADO,completo
PG00002483,C002974,2024-08-25,2024-08-25,2024-09-11,17111.68,1846.54,PAGADO,completo
PG00002484,C002974,2024-10-03,2024-10-06,2024-10-17,13541.98,7192.32,PAGADO,completo
PG00002485,C002974,2024-10-22,2024-10-26,2024-10-31,34519.85,56134.65,PAGADO,completo
PG00002486,C002939,2023-10-20,2023-10-29,2023-11-10,80862.91,80862.91,PAGADO,completo
PG00002487,C001477,2026-07-01,2026-07-03,2026-07-06,46596.52,46596.52,PAGADO,completo
PG00002488,C001769,2023-08-29,2023-09-06,2023-09-14,4738.95,4738.95,PAGADO,completo
PG00002489,C002131,2024-09-23,2024-09-24,2024-10-01,11101.7,11101.7,PAGADO,completo
PG00002490,C000383,2026-01-02,2026-01-02,2026-01-13,3223.12,3262.98,PAGADO,completo
PG00002491,C000383,2026-01-20,2026-01-27,2026-02-11,4249.94,7342.16,PAGADO,completo
PG00002492,C000383,2026-03-14,2026-03-18,2026-03-27,7336.64,4204.56,PAGADO,completo
PG00002493,C700002,2025-06-10,2025-06-16,,248585.16,0.0,PENDIENTE,pendiente
PG00002494,C000370,2024-06-19,2024-06-23,2024-07-11,93195.49,93195.49,PAGADO,completo
PG00002495,C002181,2023-12-25,2023-12-29,2024-01-15,5463.29,3422.07,PAGADO,completo
PG00002496,C002181,2024-02-12,2024-02-21,2024-03-03,3179.14,15875.65,PAGADO,completo
PG00002497,C002181,2024-03-02,2024-03-02,2024-03-07,21043.0,10387.71,PAGADO,completo
PG00002498,C002114,2025-12-27,2025-12-31,,69665.98,0.0,PENDIENTE,pendiente
PG00002499,C900223,2024-12-09,2024-12-15,2025-01-03,390897.78,173275.57,PAGADO,completo
PG00002500,C900223,2024-12-06,2024-12-14,2025-01-03,122180.03,339802.24,PAGADO,completo
PG00002501,C001105,2026-04-27,2026-04-27,2026-04-29,31214.97,55988.19,PAGADO,completo
PG00002502,C001105,2026-05-07,2026-05-12,2026-05-26,12102.99,9930.71,PAGADO,completo
PG00002503,C001105,2026-06-22,2026-06-28,2026-07-13,37668.82,15067.88,PAGADO,completo
PG00002504,C001778,2025-09-16,2025-09-16,2025-09-22,174050.84,173640.31,PAGADO,completo
PG00002505,C001778,2025-09-18,2025-09-28,2025-10-06,40814.41,41224.94,PAGADO,completo
PG00002506,C001938,2023-08-02,2023-08-08,2023-08-28,11011.09,15244.16,PAGADO,completo
PG00002507,C001938,2023-07-18,2023-07-26,2023-07-27,25845.71,5434.39,PAGADO,completo
PG00002508,C001938,2023-08-21,2023-08-21,2023-09-02,1077.37,17255.62,PAGADO,completo
PG00002509,C003065,2024-09-22,2024-09-30,,21830.83,0.0,PENDIENTE,pendiente
PG00002510,C002542,2025-04-24,2025-05-01,2025-05-17,83367.99,83367.99,PAGADO,completo
PG00002511,C000141,2023-10-09,2023-10-18,2023-10-27,25718.21,25718.21,PAGADO,completo
PG00002512,C750016,2024-07-23,2024-07-28,2024-08-03,4651.84,61247.66,PAGADO,completo
PG00002513,C750016,2024-08-21,2024-08-23,2024-09-09,137196.62,80600.8,PAGADO,completo
PG00002514,C000491,2023-04-07,2023-04-08,2023-04-19,550788.82,550788.82,PAGADO,parcial
PG00002515,C000198,2023-12-18,2023-12-27,2024-01-13,14782.72,43707.73,PAGADO,completo
PG00002516,C000198,2024-01-05,2024-01-05,2024-01-16,25619.83,45641.57,PAGADO,completo
PG00002517,C000198,2024-01-28,2024-02-05,2024-02-13,62608.8,13662.05,PAGADO,completo
PG00002518,C002164,2024-11-10,2024-11-16,2024-12-04,23638.44,15815.05,PAGADO,completo
PG00002519,C002164,2024-10-30,2024-11-05,2024-11-23,12127.8,19951.19,PAGADO,completo
PG00002520,C001171,2026-05-03,2026-05-11,2026-05-25,89083.4,89083.4,PAGADO,completo
PG00002521,C001226,2026-06-29,2026-07-05,2026-07-22,5394.6,1456.49,PAGADO,completo
PG00002522,C001226,2026-06-16,2026-06-18,2026-06-30,5305.8,11055.44,PAGADO,completo
PG00002523,C001226,2026-07-31,2026-08-03,2026-08-07,8171.22,6359.69,PAGADO,completo
PG00002524,C001803,2024-12-22,2024-12-27,2025-01-14,237973.07,237973.07,PAGADO,completo
PG00002525,C003328,2026-02-19,2026-02-24,2026-02-24,131699.58,131699.58,PAGADO,completo
PG00002526,C001831,2026-01-09,2026-01-15,,24595.8,0.0,PENDIENTE,pendiente
PG00002527,C001877,2024-11-23,2024-11-26,2024-12-01,61555.14,61555.14,PAGADO,completo
PG00002528,C000195,2025-07-20,2025-07-27,2025-08-13,4239.23,11816.86,PAGADO,completo
PG00002529,C000195,2025-07-29,2025-08-03,2025-08-14,8421.67,17170.91,PAGADO,completo
PG00002530,C000195,2025-09-01,2025-09-02,2025-09-05,22654.78,6327.91,PAGADO,completo
PG00002531,C000874,2023-07-23,2023-07-28,2023-08-15,78693.93,78693.93,PAGADO,completo
PG00002532,C002755,2025-01-25,2025-01-26,2025-01-28,18013.88,18013.88,PAGADO,parcial
PG00002533,C900230,2024-10-06,2024-10-06,2024-10-07,138958.76,151974.73,PAGADO,completo
PG00002534,C900230,2024-11-23,2024-12-03,2024-12-07,226301.57,213285.6,PAGADO,completo
PG00002535,C001721,2024-09-24,2024-10-03,2024-10-18,36549.32,36549.32,PAGADO,completo
PG00002536,C000840,2023-10-21,2023-10-21,2023-11-04,42261.45,42261.45,PAGADO,completo
PG00002537,C000581,2025-07-07,2025-07-14,2025-07-25,313368.65,294975.96,PAGADO,sobrepago_senal
PG00002538,C000581,2025-08-15,2025-08-23,2025-08-23,80122.6,98515.29,PAGADO,sobrepago_senal
PG00002539,C900117,2024-07-03,2024-07-09,2024-07-21,144251.59,295076.55,PAGADO,completo
PG00002540,C900117,2024-07-14,2024-07-21,2024-08-03,461456.99,310632.03,PAGADO,completo
PG00002541,C001432,2024-07-16,2024-07-19,2024-08-02,27270.3,70538.57,PAGADO,completo
PG00002542,C001432,2024-09-01,2024-09-02,2024-09-09,116344.3,31456.88,PAGADO,completo
PG00002543,C001432,2024-09-13,2024-09-22,2024-10-06,63730.25,105349.4,PAGADO,completo
PG00002544,C000905,2025-11-21,2025-11-25,2026-01-15,51734.8,51734.8,PAGADO,demorado
PG00002545,C000631,2024-09-07,2024-09-09,2024-09-29,37029.08,21520.36,PAGADO,completo
PG00002546,C000631,2024-09-19,2024-09-23,2024-10-06,38115.01,53623.73,PAGADO,completo
PG00002547,C002285,2026-03-06,2026-03-06,2026-05-05,7235.68,21312.5,PAGADO,demorado
PG00002548,C002285,2026-03-30,2026-04-01,2026-06-14,17007.11,2930.29,PAGADO,demorado
PG00002549,C001634,2024-10-15,2024-10-19,2024-10-22,25107.52,13026.58,PAGADO,parcial
PG00002550,C001634,2024-10-27,2024-11-03,2024-11-11,4227.97,16308.91,PAGADO,parcial
PG00002551,C000162,2024-12-01,2024-12-07,2024-12-20,16499.58,2668.99,PAGADO,parcial
PG00002552,C000162,2024-12-26,2024-12-27,2025-01-02,4663.57,18494.16,PAGADO,parcial
PG00002553,C002342,2025-03-03,2025-03-05,2025-03-07,21273.12,3651.8,PAGADO,completo
PG00002554,C002342,2025-04-09,2025-04-19,2025-05-05,13360.07,32852.52,PAGADO,completo
PG00002555,C002342,2025-04-21,2025-04-23,2025-05-13,34413.19,32542.06,PAGADO,completo
PG00002556,C900281,2024-03-11,2024-03-15,2024-03-28,349893.95,349893.95,PAGADO,completo
PG00002557,C800023,2024-02-25,2024-02-26,2024-03-01,112379.41,30443.99,PAGADO,completo
PG00002558,C800023,2024-04-01,2024-04-11,2024-04-28,57685.74,139621.16,PAGADO,completo
PG00002559,C001840,2023-04-05,2023-04-15,2023-04-16,8360.59,3628.69,PAGADO,parcial
PG00002560,C001840,2023-04-30,2023-05-08,2023-05-21,9354.82,14086.72,PAGADO,parcial
PG00002561,C003023,2025-05-15,2025-05-16,2025-05-23,102797.03,102797.03,PAGADO,completo
PG00002562,C003126,2026-01-16,2026-01-26,2026-01-26,8641.51,13989.87,PAGADO,completo
PG00002563,C003126,2026-02-09,2026-02-17,2026-03-02,10604.89,16891.41,PAGADO,completo
PG00002564,C003126,2026-03-05,2026-03-13,2026-03-19,12710.58,1075.7,PAGADO,completo
PG00002565,C000925,2024-03-07,2024-03-08,2024-03-19,91016.66,91016.66,PAGADO,completo
PG00002566,C003151,2025-04-04,2025-04-09,2025-04-12,18234.7,52159.27,PAGADO,completo
PG00002567,C003151,2025-05-06,2025-05-06,2025-05-10,56407.09,24543.29,PAGADO,completo
PG00002568,C003151,2025-05-27,2025-06-01,2025-06-11,6198.25,4137.48,PAGADO,completo
PG00002569,C000547,2025-07-26,2025-07-30,2025-08-06,4183.63,9417.78,PAGADO,completo
PG00002570,C000547,2025-08-31,2025-09-09,2025-09-22,11334.78,9928.3,PAGADO,completo
PG00002571,C000547,2025-08-29,2025-08-29,2025-09-16,6704.83,2877.16,PAGADO,completo
PG00002572,C700164,2025-03-23,2025-04-02,,341068.18,0.0,PENDIENTE,pendiente
PG00002573,C002484,2025-11-02,2025-11-12,2025-11-12,17590.34,14659.74,PAGADO,completo
PG00002574,C002484,2025-11-11,2025-11-21,2025-11-25,7787.33,5844.36,PAGADO,completo
PG00002575,C002484,2025-12-27,2026-01-04,2026-01-19,12546.39,17419.96,PAGADO,completo
PG00002576,C002333,2024-10-19,2024-10-26,2025-01-04,28355.89,31303.89,PAGADO,demorado
PG00002577,C002333,2024-11-28,2024-11-30,2025-02-27,24580.89,21632.89,PAGADO,demorado
PG00002578,C001647,2025-03-22,2025-03-29,2025-03-30,6456.19,2305.34,PAGADO,completo
PG00002579,C001647,2025-04-25,2025-04-25,2025-04-30,3590.22,10586.54,PAGADO,completo
PG00002580,C001647,2025-05-12,2025-05-18,2025-05-20,5012.99,2167.52,PAGADO,completo
PG00002581,C003002,2023-06-01,2023-06-08,2023-06-13,14303.97,14303.97,PAGADO,completo
PG00002582,C002689,2025-08-30,2025-09-02,2025-09-17,6063.71,37974.05,PAGADO,completo
PG00002583,C002689,2025-09-30,2025-09-30,2025-10-06,34073.18,16338.26,PAGADO,completo
PG00002584,C002689,2025-11-08,2025-11-16,2025-11-17,20388.4,6212.98,PAGADO,completo
PG00002585,C000611,2023-09-04,2023-09-13,2023-09-18,9116.66,5001.52,PAGADO,completo
PG00002586,C000611,2023-10-03,2023-10-08,2023-10-13,15476.16,19591.3,PAGADO,completo
PG00002587,C001336,2023-02-02,2023-02-06,2023-02-10,22485.41,22485.41,PAGADO,completo
PG00002588,C002478,2024-10-18,2024-10-27,2024-11-06,117380.22,117380.22,PAGADO,completo
PG00002589,C000640,2023-02-27,2023-03-06,2023-03-20,42282.9,12676.77,PAGADO,completo
PG00002590,C000640,2023-03-15,2023-03-18,2023-03-20,6952.97,36559.1,PAGADO,completo
PG00002591,C700021,2025-08-08,2025-08-10,2025-08-13,68156.42,15185.12,PAGADO,completo
PG00002592,C700021,2025-10-05,2025-10-12,2025-10-25,14026.28,72217.3,PAGADO,completo
PG00002593,C700021,2025-10-06,2025-10-16,2025-11-05,61729.96,56510.24,PAGADO,completo
PG00002594,C900143,2025-06-10,2025-06-16,2025-06-29,609303.06,609303.06,PAGADO,completo
PG00002595,C003138,2025-11-08,2025-11-14,2025-12-03,38249.06,38249.06,PAGADO,completo
PG00002596,C000742,2025-12-02,2025-12-07,2025-12-09,101224.49,101224.49,PAGADO,completo
PG00002597,C000637,2023-02-17,2023-02-23,2023-03-13,56766.24,56766.24,PAGADO,completo
PG00002598,C001474,2024-05-28,2024-05-30,2024-06-03,87146.0,87146.0,PAGADO,parcial
PG00002599,C002580,2026-01-10,2026-01-15,2026-01-20,98572.61,98572.61,PAGADO,parcial
PG00002600,C002292,2025-03-25,2025-04-02,2025-04-15,79820.46,79820.46,PAGADO,sobrepago_senal
PG00002601,C002498,2025-08-12,2025-08-16,2025-11-04,13465.05,24459.72,PAGADO,demorado
PG00002602,C002498,2025-09-09,2025-09-09,2025-11-26,15445.91,4451.24,PAGADO,demorado
PG00002603,C001097,2024-04-29,2024-05-03,2024-05-23,32860.78,32860.78,PAGADO,parcial
PG00002604,C001915,2025-11-11,2025-11-19,2025-11-20,18595.26,24013.55,PAGADO,completo
PG00002605,C001915,2025-12-10,2025-12-17,2026-01-04,9103.25,3684.96,PAGADO,completo
PG00002606,C000048,2023-05-23,2023-05-27,2023-05-28,20468.96,14406.72,PAGADO,completo
PG00002607,C000048,2023-06-19,2023-06-19,2023-06-19,10403.66,16465.9,PAGADO,completo
PG00002608,C002727,2023-09-10,2023-09-18,2023-09-21,14466.39,1715.1,PAGADO,completo
PG00002609,C002727,2023-09-27,2023-10-01,2023-10-19,32957.99,45709.28,PAGADO,completo
PG00002610,C001745,2024-11-01,2024-11-04,2024-11-17,35069.59,35069.59,PAGADO,parcial
PG00002611,C000921,2025-10-25,2025-11-02,2025-11-09,123272.9,104065.89,PAGADO,completo
PG00002612,C000921,2025-11-05,2025-11-08,2025-11-20,60623.53,79830.54,PAGADO,completo
PG00002613,C003256,2025-10-13,2025-10-18,2025-11-07,6863.1,17373.58,PAGADO,completo
PG00002614,C003256,2025-11-23,2025-11-23,2025-12-02,27930.58,6718.2,PAGADO,completo
PG00002615,C003256,2025-12-05,2025-12-11,2025-12-25,17294.58,27996.48,PAGADO,completo
PG00002616,C900150,2025-04-14,2025-04-14,2025-05-01,106212.18,108082.9,PAGADO,completo
PG00002617,C900150,2025-05-06,2025-05-09,2025-05-27,86116.41,18264.75,PAGADO,completo
PG00002618,C900150,2025-05-31,2025-06-01,2025-06-09,86360.92,152341.86,PAGADO,completo
PG00002619,C003178,2026-06-25,2026-07-05,2026-07-15,19722.95,20165.25,PAGADO,completo
PG00002620,C003178,2026-07-22,2026-07-29,2026-07-29,641.94,1375.43,PAGADO,completo
PG00002621,C003178,2026-08-01,2026-08-07,2026-08-07,9229.7,8053.91,PAGADO,completo
PG00002622,C000756,2024-02-12,2024-02-13,2024-02-27,29662.81,29662.81,PAGADO,parcial
PG00002623,C900244,2026-05-21,2026-05-31,2026-06-13,189381.8,189381.8,PAGADO,completo
PG00002624,C003074,2024-07-21,2024-07-21,2024-08-03,12506.82,14256.53,PAGADO,completo
PG00002625,C003074,2024-08-30,2024-08-30,2024-09-15,18496.13,23685.8,PAGADO,completo
PG00002626,C003074,2024-08-23,2024-08-31,2024-09-06,14916.16,7976.78,PAGADO,completo
PG00002627,C001891,2024-03-04,2024-03-10,2024-03-19,18619.16,12193.92,PAGADO,completo
PG00002628,C001891,2024-04-14,2024-04-19,2024-04-21,36168.83,42594.07,PAGADO,completo
PG00002629,C002604,2023-11-25,2023-11-25,2023-12-09,87846.19,111943.05,PAGADO,completo
PG00002630,C002604,2023-11-29,2023-12-01,2023-12-21,169613.09,145516.23,PAGADO,completo
PG00002631,C002876,2025-03-12,2025-03-13,2025-03-26,10692.96,10692.96,PAGADO,completo
PG00002632,C002584,2026-01-07,2026-01-16,2026-02-04,6171.83,8602.04,PAGADO,completo
PG00002633,C002584,2026-01-28,2026-02-03,2026-02-08,6548.24,4118.03,PAGADO,completo
PG00002634,C003066,2026-04-08,2026-04-10,2026-04-22,17512.59,19968.42,PAGADO,completo
PG00002635,C003066,2026-04-27,2026-05-07,2026-05-10,7222.24,12350.84,PAGADO,completo
PG00002636,C003066,2026-05-03,2026-05-10,2026-05-17,9012.82,1428.39,PAGADO,completo
PG00002637,C000836,2024-12-31,2025-01-06,2025-03-28,13605.53,42741.75,PAGADO,demorado
PG00002638,C000836,2025-01-17,2025-01-24,2025-04-14,93134.86,63998.64,PAGADO,demorado
PG00002639,C003174,2023-08-15,2023-08-17,2023-09-06,14245.26,19284.03,PAGADO,completo
PG00002640,C003174,2023-09-01,2023-09-01,2023-09-03,34643.47,19898.19,PAGADO,completo
PG00002641,C003174,2023-10-16,2023-10-20,2023-10-29,23169.46,32875.97,PAGADO,completo
PG00002642,C003223,2023-07-12,2023-07-20,2023-07-26,9132.85,6640.06,PAGADO,completo
PG00002643,C003223,2023-08-03,2023-08-05,2023-08-16,12160.21,14653.0,PAGADO,completo
PG00002644,C002751,2024-09-15,2024-09-21,,56823.2,0.0,PENDIENTE,pendiente
PG00002645,C002858,2024-01-07,2024-01-08,2024-01-17,9358.49,4860.13,PAGADO,completo
PG00002646,C002858,2024-01-27,2024-01-30,2024-01-30,13113.94,17612.3,PAGADO,completo
PG00002647,C800098,2024-03-17,2024-03-20,2024-04-06,24218.91,13503.09,PAGADO,completo
PG00002648,C800098,2024-03-09,2024-03-14,2024-03-14,40654.42,50030.26,PAGADO,completo
PG00002649,C800098,2024-03-29,2024-04-02,2024-04-16,47325.28,48665.26,PAGADO,completo
PG00002650,C003148,2026-05-08,2026-05-16,2026-06-01,565408.48,643268.23,PAGADO,completo
PG00002651,C003148,2026-05-23,2026-05-24,2026-06-12,233548.33,155688.58,PAGADO,completo
PG00002652,C001718,2023-05-21,2023-05-31,2023-06-19,11676.82,11676.82,PAGADO,parcial
PG00002653,C001070,2026-02-09,2026-02-16,2026-02-16,21456.23,25298.51,PAGADO,completo
PG00002654,C001070,2026-02-26,2026-03-04,2026-03-09,25893.82,22051.54,PAGADO,completo
PG00002655,C900252,2024-06-30,2024-07-03,2024-07-15,67743.22,67743.22,PAGADO,parcial
PG00002656,C003046,2023-09-07,2023-09-16,2023-09-21,1302.46,6125.74,PAGADO,parcial
PG00002657,C003046,2023-09-10,2023-09-18,2023-10-08,21625.12,16801.84,PAGADO,parcial
PG00002658,C002456,2024-12-28,2025-01-02,2025-01-19,21354.55,88486.46,PAGADO,completo
PG00002659,C002456,2025-01-27,2025-02-04,2025-02-15,100274.8,33142.89,PAGADO,completo
PG00002660,C002757,2026-06-13,2026-06-22,2026-06-29,17166.31,11489.41,PAGADO,completo
PG00002661,C002757,2026-06-03,2026-06-09,2026-06-24,15604.14,18906.1,PAGADO,completo
PG00002662,C002757,2026-07-15,2026-07-18,2026-07-21,5322.88,7697.82,PAGADO,completo
PG00002663,C900196,2024-07-24,2024-07-28,2024-08-06,24217.95,40379.77,PAGADO,completo
PG00002664,C900196,2024-07-24,2024-07-27,2024-07-27,8738.11,38820.37,PAGADO,completo
PG00002665,C900196,2024-08-26,2024-08-29,2024-09-13,53494.37,7250.29,PAGADO,completo
PG00002666,C003088,2023-07-11,2023-07-17,2023-07-23,5723.65,11510.52,PAGADO,parcial
PG00002667,C003088,2023-08-02,2023-08-05,2023-08-12,8512.76,2725.89,PAGADO,parcial
PG00002668,C003412,2024-10-08,2024-10-14,2024-10-14,65943.58,65943.58,PAGADO,completo
PG00002669,C900074,2025-08-07,2025-08-10,2025-10-27,409235.4,409235.4,PAGADO,demorado
PG00002670,C001326,2024-07-15,2024-07-20,2024-07-20,49026.7,49026.7,PAGADO,completo
PG00002671,C003495,2023-04-11,2023-04-16,2023-05-04,76455.99,76455.99,PAGADO,completo
PG00002672,C700070,2024-08-20,2024-08-22,2024-08-24,138555.22,10650.25,PAGADO,completo
PG00002673,C700070,2024-10-08,2024-10-09,2024-10-28,56975.92,184880.89,PAGADO,completo
PG00002674,C002517,2023-07-02,2023-07-03,2023-07-20,39042.92,20129.0,PAGADO,completo
PG00002675,C002517,2023-08-10,2023-08-20,2023-09-02,78366.01,32677.97,PAGADO,completo
PG00002676,C002517,2023-08-25,2023-09-01,2023-09-11,61039.87,125641.83,PAGADO,completo
PG00002677,C800090,2025-10-01,2025-10-01,2025-10-12,48699.32,35438.63,PAGADO,completo
PG00002678,C800090,2025-10-20,2025-10-21,2025-10-31,108853.9,128129.14,PAGADO,completo
PG00002679,C800090,2025-11-27,2025-12-04,2025-12-24,38302.78,32288.23,PAGADO,completo
PG00002680,C900079,2025-10-21,2025-10-29,2026-01-27,275778.94,275778.94,PAGADO,demorado
PG00002681,C003282,2023-07-01,2023-07-11,2023-10-04,300901.16,284110.11,PAGADO,demorado
PG00002682,C003282,2023-08-02,2023-08-04,2023-10-20,369375.72,386166.77,PAGADO,demorado
PG00002683,C002943,2025-07-16,2025-07-16,2025-07-19,188637.12,188637.12,PAGADO,completo
PG00002684,C900138,2025-06-17,2025-06-21,2025-07-04,15296.14,32081.74,PAGADO,completo
PG00002685,C900138,2025-07-14,2025-07-23,2025-08-10,43867.3,27081.7,PAGADO,completo
PG00002686,C001702,2025-11-04,2025-11-11,2025-11-15,8392.36,27272.71,PAGADO,completo
PG00002687,C001702,2025-12-17,2025-12-26,2026-01-05,21981.03,3100.68,PAGADO,completo
PG00002688,C003091,2023-12-25,2023-12-28,,15412.63,0.0,PENDIENTE,pendiente
PG00002689,C001373,2025-01-18,2025-01-24,2025-01-24,21426.73,1858.93,PAGADO,completo
PG00002690,C001373,2025-02-02,2025-02-07,2025-02-14,6356.96,25924.76,PAGADO,completo
PG00002691,C700042,2024-10-23,2024-10-26,2024-10-27,93182.29,84987.47,PAGADO,parcial
PG00002692,C700042,2024-11-30,2024-12-06,2024-12-15,33722.6,41917.42,PAGADO,parcial
PG00002693,C002685,2025-11-14,2025-11-20,2025-11-27,55687.71,55687.71,PAGADO,parcial
PG00002694,C001598,2024-09-24,2024-09-25,,52275.49,0.0,PENDIENTE,pendiente
PG00002695,C000867,2023-06-26,2023-07-01,2023-07-12,9808.15,23384.98,PAGADO,completo
PG00002696,C000867,2023-07-31,2023-08-04,2023-08-13,34258.84,38752.8,PAGADO,completo
PG00002697,C000867,2023-08-01,2023-08-03,2023-08-03,31637.71,13566.92,PAGADO,completo
PG00002698,C000926,2025-12-26,2025-12-31,2026-01-04,54586.43,41999.37,PAGADO,completo
PG00002699,C000926,2026-01-08,2026-01-12,2026-01-20,62139.01,24496.49,PAGADO,completo
PG00002700,C000926,2026-03-02,2026-03-12,2026-03-30,74740.08,124969.66,PAGADO,completo
PG00002701,C001918,2025-06-03,2025-06-05,2025-06-17,36556.51,36556.51,PAGADO,completo
PG00002702,C000997,2023-10-01,2023-10-06,2023-10-26,9388.14,9388.14,PAGADO,completo
PG00002703,C001337,2025-01-13,2025-01-21,2025-01-31,8798.45,29697.33,PAGADO,completo
PG00002704,C001337,2025-02-04,2025-02-08,2025-02-17,31399.18,16226.11,PAGADO,completo
PG00002705,C001337,2025-03-10,2025-03-17,2025-03-30,14204.88,8479.07,PAGADO,completo
PG00002706,C003411,2025-06-07,2025-06-16,2025-06-17,65275.19,13540.86,PAGADO,completo
PG00002707,C003411,2025-05-23,2025-05-29,2025-06-06,37825.0,58139.65,PAGADO,completo
PG00002708,C003411,2025-07-04,2025-07-08,2025-07-12,14774.37,46194.05,PAGADO,completo
PG00002709,C001099,2023-03-16,2023-03-17,2023-04-02,321480.32,321480.32,PAGADO,parcial
PG00002710,C001132,2024-05-18,2024-05-25,2024-06-04,77919.01,77919.01,PAGADO,completo
PG00002711,C001728,2025-01-05,2025-01-12,2025-01-18,3632.03,15346.77,PAGADO,completo
PG00002712,C001728,2025-01-25,2025-02-02,2025-02-21,16614.13,4899.39,PAGADO,completo
PG00002713,C002338,2025-04-14,2025-04-20,,71450.0,0.0,PENDIENTE,pendiente
PG00002714,C000210,2026-06-28,2026-07-03,2026-07-11,174311.6,28438.67,PAGADO,completo
PG00002715,C000210,2026-07-14,2026-07-14,2026-07-23,11056.59,156929.52,PAGADO,completo
PG00002716,C003182,2024-04-04,2024-04-04,2024-04-10,196754.1,196754.1,PAGADO,completo
PG00002717,C002104,2023-10-13,2023-10-22,2023-10-31,207596.59,222357.27,PAGADO,completo
PG00002718,C002104,2023-10-24,2023-11-01,2023-11-15,147952.28,143863.47,PAGADO,completo
PG00002719,C002104,2023-12-03,2023-12-11,2023-12-31,78652.4,67980.53,PAGADO,completo
PG00002720,C000059,2025-03-31,2025-04-06,2025-06-13,40519.93,4844.3,PAGADO,demorado
PG00002721,C000059,2025-04-28,2025-05-04,2025-07-05,45464.53,81140.16,PAGADO,demorado
PG00002722,C001211,2024-09-11,2024-09-18,2024-10-01,44482.68,44482.68,PAGADO,completo
PG00002723,C002339,2025-02-08,2025-02-16,2025-02-19,94679.49,40698.24,PAGADO,completo
PG00002724,C002339,2025-03-16,2025-03-17,2025-04-02,7761.53,61742.78,PAGADO,completo
PG00002725,C001786,2024-01-30,2024-02-08,2024-04-27,85648.11,85648.11,PAGADO,demorado
PG00002726,C800050,2025-03-02,2025-03-10,,114990.02,0.0,PENDIENTE,pendiente
PG00002727,C003271,2025-11-10,2025-11-16,2025-11-29,39322.44,9047.11,PAGADO,parcial
PG00002728,C003271,2025-11-30,2025-12-06,2025-12-24,13966.68,44242.01,PAGADO,parcial
PG00002729,C000765,2023-11-13,2023-11-13,2023-11-29,6365.19,7563.46,PAGADO,completo
PG00002730,C000765,2023-11-18,2023-11-22,2023-12-11,3805.54,2206.89,PAGADO,completo
PG00002731,C000765,2024-01-01,2024-01-09,2024-01-28,5766.48,6166.86,PAGADO,completo
PG00002732,C002634,2023-06-17,2023-06-26,2023-07-04,52060.19,27901.04,PAGADO,completo
PG00002733,C002634,2023-06-19,2023-06-28,2023-07-03,4921.53,29080.68,PAGADO,completo
PG00002734,C002772,2023-06-26,2023-07-03,2023-07-13,66477.83,66477.83,PAGADO,sobrepago_senal
PG00002735,C001078,2025-03-17,2025-03-25,2025-03-25,194723.88,194723.88,PAGADO,completo
PG00002736,C003079,2025-07-09,2025-07-19,2025-07-20,4397.2,14103.47,PAGADO,completo
PG00002737,C003079,2025-08-08,2025-08-17,2025-08-20,11757.71,2051.44,PAGADO,completo
PG00002738,C003042,2024-06-09,2024-06-14,2024-06-16,75074.11,18739.01,PAGADO,completo
PG00002739,C003042,2024-07-15,2024-07-18,2024-07-22,12524.16,13956.26,PAGADO,completo
PG00002740,C003042,2024-07-26,2024-07-29,2024-08-11,19080.49,73983.49,PAGADO,completo
PG00002741,C002310,2023-10-15,2023-10-23,2023-11-07,23109.25,20091.4,PAGADO,completo
PG00002742,C002310,2023-11-10,2023-11-20,2023-11-26,3180.39,4616.32,PAGADO,completo
PG00002743,C002310,2023-12-24,2023-12-28,2024-01-06,6299.55,7881.47,PAGADO,completo
PG00002744,C001849,2026-03-11,2026-03-19,2026-04-07,106268.74,106268.74,PAGADO,completo
PG00002745,C002334,2024-02-20,2024-03-01,2024-03-10,15206.8,15206.8,PAGADO,completo
PG00002746,C000582,2026-07-24,2026-07-24,,28698.71,0.0,PENDIENTE,pendiente
PG00002747,C900247,2026-06-14,2026-06-15,2026-06-25,112247.13,112247.13,PAGADO,completo
PG00002748,C002236,2026-02-19,2026-03-01,2026-03-01,192765.79,192765.79,PAGADO,completo
PG00002749,C700163,2025-08-24,2025-08-26,2025-09-02,268836.52,534246.26,PAGADO,completo
PG00002750,C700163,2025-09-15,2025-09-23,2025-10-01,321663.63,56253.89,PAGADO,completo
PG00002751,C000940,2025-09-23,2025-09-27,2025-10-11,13781.3,12362.08,PAGADO,completo
PG00002752,C000940,2025-10-02,2025-10-07,2025-10-23,24708.33,26127.55,PAGADO,completo
PG00002753,C001080,2024-09-28,2024-09-28,2024-09-29,81485.07,81485.07,PAGADO,completo
PG00002754,C000187,2024-11-11,2024-11-13,2024-11-14,72321.58,98015.86,PAGADO,completo
PG00002755,C000187,2024-11-22,2024-11-27,2024-12-09,64133.82,38439.54,PAGADO,completo
PG00002756,C000941,2024-03-15,2024-03-18,2024-03-28,6236.47,31586.74,PAGADO,completo
PG00002757,C000941,2024-04-13,2024-04-17,2024-04-21,34064.14,24389.19,PAGADO,completo
PG00002758,C000941,2024-05-22,2024-06-01,2024-06-07,24222.37,8547.05,PAGADO,completo
PG00002759,C002614,2025-10-31,2025-11-03,2025-11-11,38837.35,143846.14,PAGADO,completo
PG00002760,C002614,2025-12-11,2025-12-17,2026-01-06,130042.6,25033.81,PAGADO,completo
PG00002761,C003021,2024-10-24,2024-10-26,2024-10-29,55519.8,55519.8,PAGADO,parcial
PG00002762,C002380,2024-08-10,2024-08-12,2024-08-31,68983.92,68983.92,PAGADO,completo
PG00002763,C800014,2025-12-06,2025-12-14,2025-12-26,57509.17,82367.25,PAGADO,completo
PG00002764,C800014,2025-12-19,2025-12-19,2026-01-07,162658.86,137800.78,PAGADO,completo
PG00002765,C003020,2023-08-29,2023-09-03,2023-09-21,103679.24,367743.8,PAGADO,completo
PG00002766,C003020,2023-08-20,2023-08-29,2023-09-04,413723.01,129389.34,PAGADO,completo
PG00002767,C003020,2023-10-04,2023-10-11,2023-10-22,34978.19,55247.3,PAGADO,completo
PG00002768,C002987,2023-04-22,2023-04-28,2023-05-17,78680.77,78680.77,PAGADO,sobrepago_senal
PG00002769,C002171,2023-01-29,2023-01-30,2023-02-14,14072.91,7437.73,PAGADO,completo
PG00002770,C002171,2023-02-15,2023-02-18,2023-02-25,19637.12,12099.74,PAGADO,completo
PG00002771,C002171,2023-03-19,2023-03-20,2023-04-08,1797.11,15969.67,PAGADO,completo
PG00002772,C000226,2024-04-25,2024-04-26,2024-04-30,10672.05,6811.1,PAGADO,completo
PG00002773,C000226,2024-05-14,2024-05-22,2024-06-07,2535.84,3475.02,PAGADO,completo
PG00002774,C000226,2024-06-24,2024-06-30,2024-07-09,5765.56,8687.33,PAGADO,completo
PG00002775,C700190,2025-09-06,2025-09-07,,91037.16,0.0,PENDIENTE,pendiente
PG00002776,C000535,2023-02-04,2023-02-06,2023-02-24,176725.32,176725.32,PAGADO,completo
PG00002777,C001552,2025-05-28,2025-06-05,2025-06-12,5959.07,20004.9,PAGADO,completo
PG00002778,C001552,2025-06-07,2025-06-13,2025-06-20,13025.92,14704.81,PAGADO,completo
PG00002779,C001552,2025-07-02,2025-07-10,2025-07-12,23723.91,7999.19,PAGADO,completo
PG00002780,C700138,2024-12-11,2024-12-14,2024-12-26,435014.93,224927.03,PAGADO,parcial
PG00002781,C700138,2025-01-07,2025-01-09,2025-01-25,230248.26,440336.16,PAGADO,parcial
PG00002782,C001404,2023-12-06,2023-12-09,2023-12-28,487726.76,487726.76,PAGADO,completo
PG00002783,C700256,2026-06-22,2026-06-28,2026-06-29,314059.16,147172.46,PAGADO,completo
PG00002784,C700256,2026-08-04,2026-08-07,2026-08-07,142312.47,131755.63,PAGADO,completo
PG00002785,C700256,2026-08-03,2026-08-07,2026-08-07,286696.37,464139.91,PAGADO,completo
PG00002786,C000697,2026-04-02,2026-04-03,2026-04-18,110811.44,110811.44,PAGADO,completo
PG00002787,C001972,2023-03-01,2023-03-09,2023-03-29,238144.07,238144.07,PAGADO,completo
PG00002788,C001717,2026-07-15,2026-07-25,2026-08-07,44931.9,44931.9,PAGADO,completo
PG00002789,C002316,2024-06-18,2024-06-22,2024-07-01,46296.08,46296.08,PAGADO,parcial
PG00002790,C003281,2025-02-15,2025-02-21,2025-02-21,81234.16,9528.42,PAGADO,completo
PG00002791,C003281,2025-04-04,2025-04-09,2025-04-22,77060.34,148766.08,PAGADO,completo
PG00002792,C000586,2026-02-27,2026-03-05,2026-03-09,65308.82,65308.82,PAGADO,parcial
PG00002793,C002980,2023-11-10,2023-11-12,2023-11-29,7583.37,9733.66,PAGADO,completo
PG00002794,C002980,2023-12-11,2023-12-12,2023-12-14,17586.02,11688.23,PAGADO,completo
PG00002795,C002980,2023-12-12,2023-12-14,2023-12-15,10291.97,14039.47,PAGADO,completo
PG00002796,C001400,2025-06-27,2025-06-30,2025-07-01,16432.29,15724.47,PAGADO,completo
PG00002797,C001400,2025-06-29,2025-07-06,2025-07-18,8960.49,9668.31,PAGADO,completo
PG00002798,C003262,2025-11-01,2025-11-03,2025-11-03,38423.08,20358.19,PAGADO,completo
PG00002799,C003262,2025-11-29,2025-12-04,2025-12-22,56541.81,74606.7,PAGADO,completo
PG00002800,C750029,2026-02-13,2026-02-19,2026-03-06,169800.61,169800.61,PAGADO,completo
PG00002801,C001037,2023-09-04,2023-09-09,2023-09-09,18248.57,52465.21,PAGADO,parcial
PG00002802,C001037,2023-10-13,2023-10-18,2023-11-03,38644.36,4427.72,PAGADO,parcial
PG00002803,C000208,2024-08-03,2024-08-11,2024-10-16,60385.58,60385.58,PAGADO,demorado
PG00002804,C003167,2024-06-14,2024-06-24,2024-07-06,5883.89,18922.18,PAGADO,completo
PG00002805,C003167,2024-06-19,2024-06-22,2024-06-26,13523.66,10210.66,PAGADO,completo
PG00002806,C003167,2024-07-27,2024-08-03,2024-08-16,34092.27,24366.98,PAGADO,completo
PG00002807,C000565,2023-01-28,2023-02-06,2023-02-20,50014.08,50014.08,PAGADO,completo
PG00002808,C000313,2025-03-21,2025-03-29,2025-04-12,13005.07,10311.76,PAGADO,completo
PG00002809,C000313,2025-04-20,2025-04-25,2025-05-11,16012.52,18705.83,PAGADO,completo
PG00002810,C000601,2024-12-11,2024-12-12,2024-12-22,35057.49,35057.49,PAGADO,completo
PG00002811,C000233,2024-11-06,2024-11-08,2024-11-15,6589.95,31265.71,PAGADO,completo
PG00002812,C000233,2024-11-26,2024-12-01,2024-12-02,30230.4,5554.64,PAGADO,completo
PG00002813,C001623,2025-04-14,2025-04-16,2025-07-01,385575.45,385575.45,PAGADO,demorado
PG00002814,C000931,2025-01-23,2025-01-28,,36086.88,0.0,PENDIENTE,pendiente
PG00002815,C700144,2024-04-29,2024-05-05,2024-05-13,342709.5,301106.87,PAGADO,completo
PG00002816,C700144,2024-05-21,2024-05-28,2024-05-28,109496.97,195398.68,PAGADO,completo
PG00002817,C700144,2024-05-06,2024-05-11,2024-05-13,69060.65,24761.57,PAGADO,completo
PG00002818,C700158,2026-01-16,2026-01-22,2026-01-30,600457.37,600457.37,PAGADO,parcial
PG00002819,C001941,2024-09-19,2024-09-25,2024-10-14,23338.49,36671.4,PAGADO,parcial
PG00002820,C001941,2024-10-07,2024-10-15,2024-10-24,27345.08,14012.17,PAGADO,parcial
PG00002821,C000111,2024-12-14,2024-12-22,2025-01-10,131248.01,131248.01,PAGADO,completo
PG00002822,C002656,2024-07-31,2024-08-08,2024-08-17,2727.9,2932.02,PAGADO,completo
PG00002823,C002656,2024-08-28,2024-09-04,2024-09-16,6414.06,9371.53,PAGADO,completo
PG00002824,C002656,2024-09-05,2024-09-13,2024-09-29,16551.17,13389.58,PAGADO,completo
PG00002825,C001089,2025-01-08,2025-01-13,2025-01-31,19163.54,55367.77,PAGADO,parcial
PG00002826,C001089,2025-01-30,2025-02-03,2025-02-09,85728.97,49524.74,PAGADO,parcial
PG00002827,C003105,2025-02-02,2025-02-09,2025-02-17,11022.09,28284.47,PAGADO,completo
PG00002828,C003105,2025-02-07,2025-02-13,2025-02-14,50669.15,33406.77,PAGADO,completo
PG00002829,C000230,2026-01-06,2026-01-09,2026-01-10,10854.21,99109.86,PAGADO,completo
PG00002830,C000230,2026-02-03,2026-02-07,2026-02-13,99667.29,11411.64,PAGADO,completo
PG00002831,C001905,2025-03-10,2025-03-14,2025-03-23,12320.21,20537.33,PAGADO,completo
PG00002832,C001905,2025-04-12,2025-04-13,2025-05-03,22535.45,38888.6,PAGADO,completo
PG00002833,C001905,2025-04-28,2025-05-06,2025-05-21,38989.0,14418.73,PAGADO,completo
PG00002834,C002570,2024-09-26,2024-09-28,2024-09-29,71108.55,43261.83,PAGADO,completo
PG00002835,C002570,2024-09-28,2024-10-08,2024-10-28,104923.71,132770.43,PAGADO,completo
PG00002836,C002929,2025-04-07,2025-04-08,2025-04-26,90630.71,90630.71,PAGADO,completo
PG00002837,C000472,2026-05-01,2026-05-05,2026-05-21,58092.28,2316.94,PAGADO,completo
PG00002838,C000472,2026-06-05,2026-06-07,2026-06-07,18914.74,48398.12,PAGADO,completo
PG00002839,C000472,2026-06-17,2026-06-18,2026-06-28,40604.78,66896.74,PAGADO,completo
PG00002840,C002330,2024-08-02,2024-08-08,2024-08-12,2402.9,2333.91,PAGADO,completo
PG00002841,C002330,2024-07-31,2024-08-01,2024-08-14,3769.33,3838.32,PAGADO,completo
PG00002842,C002370,2023-10-02,2023-10-07,2023-10-09,183668.48,183668.48,PAGADO,completo
PG00002843,C002728,2024-03-04,2024-03-06,2024-03-14,12858.31,12858.31,PAGADO,sobrepago_senal
PG00002844,C001729,2025-11-09,2025-11-11,2025-11-23,152969.73,152969.73,PAGADO,parcial
PG00002845,C800033,2025-02-06,2025-02-14,2025-02-28,55066.43,11387.2,PAGADO,completo
PG00002846,C800033,2025-02-15,2025-02-19,2025-03-07,27086.4,65164.94,PAGADO,completo
PG00002847,C800033,2025-03-20,2025-03-26,2025-04-13,27976.95,33577.64,PAGADO,completo
PG00002848,C002860,2025-08-19,2025-08-28,2025-09-07,205459.19,341889.42,PAGADO,completo
PG00002849,C002860,2025-09-09,2025-09-14,2025-09-19,183578.15,68227.48,PAGADO,completo
PG00002850,C002860,2025-09-12,2025-09-12,2025-09-27,170425.98,149346.42,PAGADO,completo
PG00002851,C001600,2024-04-18,2024-04-25,2024-04-27,51953.74,51953.74,PAGADO,completo
PG00002852,C002495,2025-01-29,2025-02-06,2025-02-08,279982.36,279982.36,PAGADO,completo
PG00002853,C001783,2023-11-04,2023-11-14,2024-01-31,94925.8,94925.8,PAGADO,demorado
PG00002854,C700183,2026-03-22,2026-03-24,2026-03-30,171139.11,171139.11,PAGADO,parcial
PG00002855,C000361,2025-01-27,2025-01-30,2025-02-19,17172.89,23974.75,PAGADO,completo
PG00002856,C000361,2025-01-16,2025-01-25,2025-01-25,10339.56,3537.7,PAGADO,completo
PG00002857,C000135,2023-11-19,2023-11-27,2023-12-16,52806.48,105532.93,PAGADO,completo
PG00002858,C000135,2023-12-28,2024-01-03,2024-01-20,167092.35,108286.04,PAGADO,completo
PG00002859,C000135,2023-12-31,2024-01-03,2024-01-14,11205.64,17285.5,PAGADO,completo
PG00002860,C001134,2024-03-15,2024-03-21,2024-04-04,72780.18,23327.81,PAGADO,completo
PG00002861,C001134,2024-04-18,2024-04-23,2024-04-26,22193.03,71645.4,PAGADO,completo
PG00002862,C002293,2023-12-06,2023-12-13,2023-12-28,51782.52,41319.42,PAGADO,completo
PG00002863,C002293,2023-12-31,2024-01-05,2024-01-22,20973.79,15806.99,PAGADO,completo
PG00002864,C002293,2023-12-24,2024-01-01,2024-01-01,21122.99,36752.89,PAGADO,completo
PG00002865,C001151,2025-09-27,2025-10-07,2025-10-19,12168.11,4577.32,PAGADO,completo
PG00002866,C001151,2025-10-16,2025-10-17,2025-10-25,12746.57,19495.7,PAGADO,completo
PG00002867,C001151,2025-11-15,2025-11-21,2025-12-02,9649.49,10491.15,PAGADO,completo
PG00002868,C002868,2025-07-14,2025-07-18,2025-07-24,4598.26,5669.88,PAGADO,completo
PG00002869,C002868,2025-07-16,2025-07-17,2025-08-04,4485.13,3413.51,PAGADO,completo
PG00002870,C002266,2024-05-16,2024-05-16,2024-06-02,275787.53,275787.53,PAGADO,completo
PG00002871,C002787,2025-11-02,2025-11-08,2025-11-25,14996.83,14996.83,PAGADO,completo
PG00002872,C001053,2025-07-27,2025-07-29,2025-08-10,4800.16,6709.8,PAGADO,completo
PG00002873,C001053,2025-08-06,2025-08-16,2025-08-21,14848.07,24873.38,PAGADO,completo
PG00002874,C001053,2025-09-08,2025-09-16,2025-09-29,22612.59,10677.64,PAGADO,completo
PG00002875,C700255,2024-07-23,2024-07-28,,314986.81,0.0,PENDIENTE,pendiente
PG00002876,C000022,2026-01-01,2026-01-11,2026-01-28,445.31,3276.6,PAGADO,completo
PG00002877,C000022,2026-01-30,2026-02-04,2026-02-08,10015.74,7184.45,PAGADO,completo
PG00002878,C002194,2024-08-12,2024-08-15,2024-08-20,18572.58,12127.79,PAGADO,completo
PG00002879,C002194,2024-08-31,2024-09-02,2024-09-07,19491.09,10573.66,PAGADO,completo
PG00002880,C002194,2024-09-11,2024-09-16,2024-09-17,37641.97,53004.19,PAGADO,completo
PG00002881,C700268,2026-06-24,2026-06-28,2026-08-07,562950.26,562950.26,PAGADO,demorado
PG00002882,C002034,2026-04-27,2026-04-28,2026-07-13,6191.4,1468.28,PAGADO,demorado
PG00002883,C002034,2026-05-16,2026-05-21,2026-08-07,5097.37,9820.49,PAGADO,demorado
PG00002884,C000695,2026-05-29,2026-06-01,2026-06-17,19947.83,15476.4,PAGADO,parcial
PG00002885,C000695,2026-06-05,2026-06-07,2026-06-07,17868.99,22340.42,PAGADO,parcial
PG00002886,C003062,2024-06-14,2024-06-17,2024-07-01,4897.07,8789.58,PAGADO,completo
PG00002887,C003062,2024-06-16,2024-06-17,2024-07-05,6764.25,2871.74,PAGADO,completo
PG00002888,C000420,2023-12-03,2023-12-06,2024-02-28,15780.43,15780.43,PAGADO,demorado
PG00002889,C002536,2025-05-16,2025-05-16,2025-05-17,20382.57,29380.15,PAGADO,completo
PG00002890,C002536,2025-05-22,2025-05-27,2025-06-07,54670.48,26811.79,PAGADO,completo
PG00002891,C002536,2025-05-22,2025-05-26,2025-05-30,8262.08,27123.19,PAGADO,completo
PG00002892,C000460,2023-12-27,2023-12-29,2024-01-11,48283.77,48283.77,PAGADO,completo
PG00002893,C001067,2023-04-07,2023-04-10,2023-04-16,72219.67,72219.67,PAGADO,completo
PG00002894,C000087,2025-04-26,2025-05-01,2025-05-06,132826.54,34628.61,PAGADO,completo
PG00002895,C000087,2025-04-17,2025-04-17,2025-04-21,14467.27,112665.2,PAGADO,completo
PG00002896,C700254,2025-05-19,2025-05-27,2025-06-02,600124.96,338052.85,PAGADO,completo
PG00002897,C700254,2025-05-25,2025-05-25,2025-06-08,48465.62,310537.73,PAGADO,completo
PG00002898,C001874,2025-06-26,2025-07-06,2025-07-06,59115.23,59115.23,PAGADO,completo
PG00002899,C700170,2026-04-01,2026-04-01,2026-04-08,144038.56,191630.57,PAGADO,completo
PG00002900,C700170,2026-04-28,2026-04-30,2026-04-30,338387.41,290795.4,PAGADO,completo
PG00002901,C000282,2026-04-30,2026-04-30,2026-05-08,10960.46,9386.82,PAGADO,completo
PG00002902,C000282,2026-06-29,2026-07-06,2026-07-24,14575.46,16149.1,PAGADO,completo
PG00002903,C003380,2025-08-05,2025-08-06,2025-08-09,56387.97,56387.97,PAGADO,parcial
PG00002904,C001691,2023-03-30,2023-04-06,2023-04-25,31210.35,31210.35,PAGADO,completo
PG00002905,C003213,2023-03-07,2023-03-15,2023-03-29,9997.61,14759.6,PAGADO,completo
PG00002906,C003213,2023-03-04,2023-03-05,2023-03-15,9923.0,6109.38,PAGADO,completo
PG00002907,C003213,2023-03-15,2023-03-16,2023-03-22,10482.2,9533.83,PAGADO,completo
PG00002908,C000540,2025-03-24,2025-04-01,2025-04-10,3659.6,9672.61,PAGADO,completo
PG00002909,C000540,2025-04-11,2025-04-12,2025-04-17,68689.55,21962.67,PAGADO,completo
PG00002910,C000540,2025-05-10,2025-05-10,2025-05-26,26345.71,67059.58,PAGADO,completo
PG00002911,C003189,2023-11-01,2023-11-02,2023-11-05,58408.41,62164.55,PAGADO,completo
PG00002912,C003189,2023-11-23,2023-12-02,2023-12-05,36727.14,32971.0,PAGADO,completo
PG00002913,C900096,2024-11-15,2024-11-20,2024-11-29,599428.34,599428.34,PAGADO,completo
PG00002914,C000859,2025-06-08,2025-06-10,2025-06-15,25882.16,29097.56,PAGADO,completo
PG00002915,C000859,2025-05-24,2025-06-03,2025-06-13,26486.13,31571.86,PAGADO,completo
PG00002916,C000859,2025-07-15,2025-07-21,2025-07-28,43403.87,35102.74,PAGADO,completo
PG00002917,C000533,2025-04-06,2025-04-11,2025-04-25,5272.91,87961.02,PAGADO,parcial
PG00002918,C000533,2025-05-06,2025-05-13,2025-05-28,219582.12,136894.01,PAGADO,parcial
PG00002919,C001368,2023-05-09,2023-05-19,2023-07-20,349232.2,349232.2,PAGADO,demorado
PG00002920,C700174,2024-05-21,2024-05-26,2024-06-03,568907.7,554636.07,PAGADO,completo
PG00002921,C700174,2024-06-01,2024-06-05,2024-06-22,104409.87,95642.31,PAGADO,completo
PG00002922,C700174,2024-07-02,2024-07-04,2024-07-17,161062.62,184101.81,PAGADO,completo
PG00002923,C003150,2026-07-16,2026-07-21,2026-08-07,100053.33,86192.91,PAGADO,completo
PG00002924,C003150,2026-07-10,2026-07-16,2026-07-22,108696.83,106473.71,PAGADO,completo
PG00002925,C003150,2026-08-07,2026-08-07,2026-08-07,30410.42,46493.96,PAGADO,completo
PG00002926,C002677,2023-04-07,2023-04-10,2023-04-25,17482.65,18706.38,PAGADO,completo
PG00002927,C002677,2023-05-11,2023-05-11,2023-05-21,17820.15,8739.04,PAGADO,completo
PG00002928,C002677,2023-05-21,2023-05-25,2023-06-06,13622.57,21479.95,PAGADO,completo
PG00002929,C700024,2025-04-09,2025-04-19,2025-05-01,311163.53,311163.53,PAGADO,completo
PG00002930,C700084,2024-05-06,2024-05-07,2024-05-26,428994.75,428994.75,PAGADO,completo
PG00002931,C003492,2023-05-07,2023-05-13,2023-05-28,8608.86,14748.12,PAGADO,completo
PG00002932,C003492,2023-05-14,2023-05-14,2023-05-22,10141.24,11405.67,PAGADO,completo
PG00002933,C003492,2023-06-06,2023-06-12,2023-06-22,7662.58,258.89,PAGADO,completo
PG00002934,C003134,2023-12-04,2023-12-08,2023-12-23,75705.64,75705.64,PAGADO,completo
PG00002935,C800076,2025-07-13,2025-07-17,2025-07-24,163261.95,163261.95,PAGADO,completo
PG00002936,C001926,2024-06-13,2024-06-14,2024-06-16,50275.87,50275.87,PAGADO,completo
PG00002937,C002977,2024-11-28,2024-12-01,2024-12-01,12617.22,20533.96,PAGADO,completo
PG00002938,C002977,2024-12-11,2024-12-17,2025-01-04,63785.95,39783.84,PAGADO,completo
PG00002939,C002977,2024-12-13,2024-12-17,2024-12-30,3612.72,19698.09,PAGADO,completo
PG00002940,C900131,2025-01-05,2025-01-05,2025-01-09,155145.04,155145.04,PAGADO,completo
PG00002941,C003472,2025-03-26,2025-04-04,2025-04-11,121523.18,80196.87,PAGADO,completo
PG00002942,C003472,2025-05-10,2025-05-12,2025-05-18,46635.81,89879.04,PAGADO,completo
PG00002943,C003472,2025-06-07,2025-06-10,2025-06-13,21295.37,19378.45,PAGADO,completo
PG00002944,C800055,2025-03-16,2025-03-23,2025-04-02,172946.18,172946.18,PAGADO,sobrepago_senal
PG00002945,C001420,2023-12-30,2024-01-04,2024-03-03,30925.09,30925.09,PAGADO,demorado
PG00002946,C700222,2026-05-03,2026-05-03,2026-05-23,164106.78,149889.77,PAGADO,completo
PG00002947,C700222,2026-04-22,2026-04-28,2026-05-08,134830.43,142619.95,PAGADO,completo
PG00002948,C700222,2026-06-06,2026-06-13,2026-07-02,373687.37,380114.86,PAGADO,completo
PG00002949,C001553,2023-12-23,2023-12-24,2023-12-31,3638.75,1794.31,PAGADO,completo
PG00002950,C001553,2024-01-16,2024-01-18,2024-01-22,2041.95,3886.39,PAGADO,completo
PG00002951,C000942,2025-11-23,2025-11-28,2025-12-13,23996.23,20954.34,PAGADO,completo
PG00002952,C000942,2025-11-20,2025-11-23,2025-11-27,25606.85,28648.74,PAGADO,completo
PG00002953,C002545,2024-02-17,2024-02-23,,5879.85,0.0,PENDIENTE,pendiente
PG00002954,C000779,2025-03-19,2025-03-27,2025-04-06,15125.23,13167.43,PAGADO,parcial
PG00002955,C000779,2025-04-04,2025-04-08,2025-04-25,4938.09,6895.89,PAGADO,parcial
PG00002956,C002226,2025-08-29,2025-09-06,2025-09-10,112654.34,451985.75,PAGADO,completo
PG00002957,C002226,2025-09-29,2025-10-03,2025-10-19,575059.54,330655.64,PAGADO,completo
PG00002958,C002226,2025-10-14,2025-10-19,2025-11-06,265338.74,170411.23,PAGADO,completo
PG00002959,C002500,2023-07-27,2023-08-05,2023-08-19,75705.64,75705.64,PAGADO,completo
PG00002960,C700167,2024-08-20,2024-08-26,2024-09-08,130089.01,130089.01,PAGADO,parcial
PG00002961,C002464,2023-09-12,2023-09-15,2023-09-24,238780.01,207309.16,PAGADO,completo
PG00002962,C002464,2023-09-17,2023-09-18,2023-10-01,95773.11,181910.92,PAGADO,completo
PG00002963,C002464,2023-10-21,2023-10-23,2023-11-12,100227.58,45560.62,PAGADO,completo
PG00002964,C000121,2024-07-10,2024-07-11,2024-10-22,58869.28,66554.78,PAGADO,demorado
PG00002965,C000121,2024-07-11,2024-07-11,2024-10-09,61903.19,54217.69,PAGADO,demorado
PG00002966,C000887,2023-02-01,2023-02-05,2023-02-15,75705.64,75705.64,PAGADO,completo
PG00002967,C003209,2023-06-11,2023-06-19,2023-06-19,84388.56,84388.56,PAGADO,completo
PG00002968,C000685,2026-05-09,2026-05-11,2026-05-19,75997.13,75997.13,PAGADO,sobrepago_senal
PG00002969,C900027,2024-08-02,2024-08-04,2024-08-13,22698.31,70059.23,PAGADO,completo
PG00002970,C900027,2024-08-28,2024-08-28,2024-08-28,137327.81,65303.74,PAGADO,completo
PG00002971,C900027,2024-09-04,2024-09-10,2024-09-17,50495.63,75158.78,PAGADO,completo
PG00002972,C002196,2024-04-22,2024-04-30,2024-05-12,39677.58,39677.58,PAGADO,parcial
PG00002973,C002057,2025-09-13,2025-09-14,2025-10-03,10909.23,17386.26,PAGADO,sobrepago_senal
PG00002974,C002057,2025-09-26,2025-10-05,2025-10-13,11457.82,4980.79,PAGADO,sobrepago_senal
PG00002975,C000413,2023-12-18,2023-12-23,2023-12-29,123929.03,123929.03,PAGADO,parcial
PG00002976,C000789,2025-11-22,2025-11-27,2025-12-14,49150.46,38808.28,PAGADO,completo
PG00002977,C000789,2025-12-05,2025-12-14,2025-12-25,28080.99,62011.93,PAGADO,completo
PG00002978,C000789,2026-01-08,2026-01-09,2026-01-25,46624.3,23035.54,PAGADO,completo
PG00002979,C700258,2025-01-25,2025-01-25,2025-01-29,96332.02,96332.02,PAGADO,completo
PG00002980,C003273,2023-06-25,2023-06-30,2023-07-19,13410.34,50995.51,PAGADO,completo
PG00002981,C003273,2023-06-26,2023-07-04,2023-07-19,54579.79,16994.62,PAGADO,completo
PG00002982,C001846,2023-07-02,2023-07-09,2023-07-14,69732.06,69732.06,PAGADO,completo
PG00002983,C002944,2026-04-12,2026-04-22,2026-05-01,3686.71,19493.87,PAGADO,completo
PG00002984,C002944,2026-04-23,2026-04-26,2026-04-29,35827.91,20020.75,PAGADO,completo
PG00002985,C003462,2025-10-18,2025-10-24,2025-11-13,13103.7,11920.39,PAGADO,completo
PG00002986,C003462,2025-11-06,2025-11-12,2025-11-14,20064.19,21247.5,PAGADO,completo
PG00002987,C001793,2026-05-27,2026-05-29,,101155.77,0.0,PENDIENTE,pendiente
PG00002988,C001425,2023-06-16,2023-06-20,2023-06-20,192529.25,192529.25,PAGADO,completo
PG00002989,C002417,2025-10-25,2025-11-02,2025-11-20,248549.23,121786.62,PAGADO,completo
PG00002990,C002417,2025-11-10,2025-11-19,2025-12-02,106446.32,188872.45,PAGADO,completo
PG00002991,C002417,2025-11-16,2025-11-22,2025-12-05,254404.59,298741.07,PAGADO,completo
PG00002992,C000272,2025-07-28,2025-08-01,2025-08-07,137189.86,137189.86,PAGADO,completo
PG00002993,C000782,2024-04-23,2024-05-01,,320569.77,0.0,PENDIENTE,pendiente
PG00002994,C000521,2023-10-13,2023-10-15,2023-10-26,224696.15,224696.15,PAGADO,completo
PG00002995,C000522,2026-06-23,2026-06-25,2026-07-15,25577.11,10726.99,PAGADO,completo
PG00002996,C000522,2026-06-21,2026-06-24,2026-06-24,13245.86,28095.98,PAGADO,completo
PG00002997,C002099,2023-12-13,2023-12-14,2023-12-27,18198.89,17533.01,PAGADO,completo
PG00002998,C002099,2023-12-27,2024-01-05,2024-01-25,9529.23,22559.54,PAGADO,completo
PG00002999,C002099,2024-02-03,2024-02-10,2024-02-29,15746.06,3381.63,PAGADO,completo
PG00003000,C002232,2024-12-10,2024-12-19,2024-12-19,114092.52,114092.52,PAGADO,completo
PG00003001,C001839,2025-04-21,2025-04-22,2025-04-24,21917.76,21917.76,PAGADO,completo
PG00003002,C002924,2026-04-18,2026-04-25,2026-05-03,2696.27,861.84,PAGADO,completo
PG00003003,C002924,2026-05-12,2026-05-18,2026-06-03,232.12,2066.55,PAGADO,completo
PG00003004,C000350,2023-07-25,2023-08-02,,82081.51,0.0,PENDIENTE,pendiente
PG00003005,C800064,2024-02-04,2024-02-12,2024-02-22,56630.26,49148.56,PAGADO,parcial
PG00003006,C800064,2024-03-28,2024-04-07,2024-04-12,12814.55,20296.25,PAGADO,parcial
PG00003007,C750049,2025-07-20,2025-07-21,2025-07-26,56932.34,60148.74,PAGADO,completo
PG00003008,C750049,2025-07-12,2025-07-15,2025-07-26,74119.37,70902.97,PAGADO,completo
PG00003009,C700009,2025-04-01,2025-04-01,2025-04-13,98603.49,88424.08,PAGADO,completo
PG00003010,C700009,2025-04-29,2025-05-05,2025-05-05,171802.31,181981.72,PAGADO,completo
PG00003011,C001992,2023-06-29,2023-07-04,2023-07-16,147805.45,78425.26,PAGADO,completo
PG00003012,C001992,2023-08-18,2023-08-20,2023-08-25,140904.85,210285.04,PAGADO,completo
PG00003013,C001511,2025-07-05,2025-07-13,2025-07-16,54458.35,54458.35,PAGADO,completo
PG00003014,C000651,2023-04-09,2023-04-16,2023-05-03,8698.6,4515.44,PAGADO,parcial
PG00003015,C000651,2023-04-27,2023-05-05,2023-05-08,3255.43,7438.59,PAGADO,parcial
PG00003016,C001869,2025-08-15,2025-08-15,2025-08-24,5535.35,3110.8,PAGADO,completo
PG00003017,C001869,2025-09-25,2025-10-05,2025-10-14,4154.7,6579.25,PAGADO,completo
PG00003018,C900078,2025-03-22,2025-03-31,2025-04-08,235545.64,263839.52,PAGADO,completo
PG00003019,C900078,2025-05-01,2025-05-07,2025-05-20,102060.8,73766.92,PAGADO,completo
PG00003020,C900264,2025-10-23,2025-10-28,2026-01-13,602565.33,602565.33,PAGADO,demorado
PG00003021,C001988,2024-07-28,2024-07-28,2024-08-13,242153.73,242153.73,PAGADO,completo
PG00003022,C000118,2023-12-07,2023-12-14,2024-02-21,23976.85,23976.85,PAGADO,demorado
PG00003023,C002458,2026-03-26,2026-04-04,2026-04-11,38195.81,53121.01,PAGADO,completo
PG00003024,C002458,2026-03-28,2026-03-28,2026-04-15,67454.42,52529.22,PAGADO,completo
PG00003025,C002242,2023-10-25,2023-10-29,,14347.72,0.0,PENDIENTE,pendiente
PG00003026,C000168,2026-03-01,2026-03-06,2026-03-14,101662.46,101662.46,PAGADO,completo
PG00003027,C002629,2023-07-23,2023-07-29,2023-10-09,73273.72,73273.72,PAGADO,demorado
PG00003028,C001613,2024-12-07,2024-12-15,2024-12-24,5798.13,9158.6,PAGADO,completo
PG00003029,C001613,2025-01-21,2025-01-29,2025-02-16,6425.82,4173.72,PAGADO,completo
PG00003030,C001613,2025-02-11,2025-02-20,2025-02-28,4714.23,3605.86,PAGADO,completo
PG00003031,C000835,2023-12-25,2024-01-03,2024-01-22,308731.76,150850.69,PAGADO,completo
PG00003032,C000835,2024-01-24,2024-01-28,2024-02-14,201921.88,359802.95,PAGADO,completo
PG00003033,C001405,2025-06-11,2025-06-16,2025-06-21,6457.56,7217.9,PAGADO,parcial
PG00003034,C001405,2025-07-05,2025-07-05,2025-07-12,1595.09,834.75,PAGADO,parcial
PG00003035,C002101,2026-05-15,2026-05-17,2026-05-31,6972.64,3511.54,PAGADO,completo
PG00003036,C002101,2026-06-12,2026-06-15,2026-06-30,5116.56,8577.66,PAGADO,completo
PG00003037,C000962,2024-12-03,2024-12-11,2024-12-29,11742.88,11742.88,PAGADO,completo
PG00003038,C000945,2026-05-18,2026-05-23,2026-05-29,4407.37,22147.99,PAGADO,completo
PG00003039,C000945,2026-05-10,2026-05-13,2026-05-24,18040.17,14810.46,PAGADO,completo
PG00003040,C000945,2026-06-01,2026-06-03,2026-06-08,40085.48,25574.57,PAGADO,completo
PG00003041,C000462,2024-11-15,2024-11-16,2024-11-17,92749.32,92749.32,PAGADO,completo
PG00003042,C002176,2024-02-06,2024-02-11,2024-02-14,4217.0,7235.58,PAGADO,completo
PG00003043,C002176,2024-03-09,2024-03-12,2024-03-27,5578.5,2707.3,PAGADO,completo
PG00003044,C002176,2024-03-02,2024-03-07,2024-03-26,1066.55,919.17,PAGADO,completo
PG00003045,C000328,2024-06-22,2024-07-02,2024-08-29,1103772.76,1103772.76,PAGADO,demorado
PG00003046,C002792,2025-04-26,2025-05-06,2025-05-17,23655.36,23655.36,PAGADO,completo
PG00003047,C002555,2025-04-04,2025-04-14,2025-07-26,5170.27,3225.39,PAGADO,demorado
PG00003048,C002555,2025-05-16,2025-05-24,2025-08-29,6409.51,8354.39,PAGADO,demorado
PG00003049,C700035,2025-10-03,2025-10-11,2025-10-25,39616.55,114776.8,PAGADO,completo
PG00003050,C700035,2025-10-12,2025-10-14,2025-10-16,33809.67,95800.1,PAGADO,completo
PG00003051,C700035,2025-10-30,2025-11-01,2025-11-18,192813.99,55663.31,PAGADO,completo
PG00003052,C002240,2025-03-31,2025-04-07,2025-04-13,41622.83,13956.65,PAGADO,completo
PG00003053,C002240,2025-04-11,2025-04-20,2025-05-08,8817.01,41705.6,PAGADO,completo
PG00003054,C002240,2025-05-03,2025-05-08,2025-05-17,50544.41,45322.0,PAGADO,completo
PG00003055,C001360,2023-03-20,2023-03-28,2023-04-02,140183.93,154106.62,PAGADO,completo
PG00003056,C001360,2023-03-17,2023-03-24,2023-04-07,46900.39,111752.74,PAGADO,completo
PG00003057,C001360,2023-05-05,2023-05-06,2023-05-17,254650.87,175875.83,PAGADO,completo
PG00003058,C002118,2025-04-15,2025-04-23,2025-05-02,34757.5,12539.66,PAGADO,completo
PG00003059,C002118,2025-04-26,2025-04-27,2025-05-07,5660.53,27878.37,PAGADO,completo
PG00003060,C000367,2024-07-12,2024-07-22,2024-08-04,24705.18,47268.13,PAGADO,completo
PG00003061,C000367,2024-07-26,2024-08-05,2024-08-25,30456.83,16968.54,PAGADO,completo
PG00003062,C000367,2024-08-31,2024-09-10,2024-09-13,25785.18,16710.52,PAGADO,completo
PG00003063,C900028,2025-10-11,2025-10-15,2025-11-01,86431.17,71562.83,PAGADO,completo
PG00003064,C900028,2025-10-31,2025-11-09,2025-11-11,25692.57,11833.01,PAGADO,completo
PG00003065,C900028,2025-10-26,2025-11-05,2025-11-05,19423.76,48151.66,PAGADO,completo
PG00003066,C002303,2026-03-16,2026-03-17,2026-06-18,101710.98,101710.98,PAGADO,demorado
PG00003067,C002005,2024-04-06,2024-04-10,2024-04-26,6858.66,27806.92,PAGADO,completo
PG00003068,C002005,2024-04-20,2024-04-28,2024-05-12,48843.73,27895.47,PAGADO,completo
PG00003069,C003404,2024-01-24,2024-01-27,2024-02-03,21796.24,10903.28,PAGADO,completo
PG00003070,C003404,2024-02-15,2024-02-17,2024-03-08,4538.59,20491.12,PAGADO,completo
PG00003071,C003404,2024-03-11,2024-03-17,2024-03-28,6672.69,1613.12,PAGADO,completo
PG00003072,C750060,2025-05-08,2025-05-18,2025-06-04,68249.96,82762.23,PAGADO,completo
PG00003073,C750060,2025-05-09,2025-05-09,2025-05-12,72568.77,58056.5,PAGADO,completo
PG00003074,C002470,2024-09-20,2024-09-25,2024-11-28,37826.32,84996.04,PAGADO,demorado
PG00003075,C002470,2024-11-01,2024-11-04,2024-12-27,102529.82,55360.1,PAGADO,demorado
PG00003076,C001375,2023-08-03,2023-08-07,2023-08-09,14024.3,14024.3,PAGADO,completo
PG00003077,C002367,2025-11-30,2025-12-07,2025-12-09,63733.38,47104.36,PAGADO,completo
PG00003078,C002367,2025-12-26,2026-01-04,2026-01-15,16929.98,33559.0,PAGADO,completo
PG00003079,C000772,2024-01-29,2024-02-05,2024-02-12,43465.18,19695.9,PAGADO,completo
PG00003080,C000772,2024-01-27,2024-02-05,2024-02-23,17008.0,81856.71,PAGADO,completo
PG00003081,C000772,2024-02-14,2024-02-17,2024-02-25,46592.61,5513.18,PAGADO,completo
PG00003082,C001284,2025-04-24,2025-04-29,2025-07-15,75705.64,75705.64,PAGADO,demorado
PG00003083,C002899,2025-12-08,2025-12-12,2025-12-15,5644.27,15336.19,PAGADO,completo
PG00003084,C002899,2026-01-20,2026-01-22,2026-01-23,14153.73,2546.73,PAGADO,completo
PG00003085,C002899,2026-01-16,2026-01-24,2026-02-12,10230.98,12146.06,PAGADO,completo
PG00003086,C001514,2024-07-16,2024-07-17,2024-10-08,18126.8,42685.3,PAGADO,demorado
PG00003087,C001514,2024-09-13,2024-09-15,2024-12-03,57578.84,33020.34,PAGADO,demorado
PG00003088,C900169,2026-04-05,2026-04-09,2026-04-29,17106.37,21892.7,PAGADO,completo
PG00003089,C900169,2026-05-02,2026-05-12,2026-05-12,6517.28,6625.57,PAGADO,completo
PG00003090,C900169,2026-06-05,2026-06-13,2026-07-02,52081.99,47187.37,PAGADO,completo
PG00003091,C750014,2024-07-27,2024-08-05,2024-08-19,3885.89,11478.01,PAGADO,completo
PG00003092,C750014,2024-08-13,2024-08-18,2024-09-06,74642.62,51297.25,PAGADO,completo
PG00003093,C750014,2024-09-10,2024-09-11,2024-09-16,24169.17,39922.42,PAGADO,completo
PG00003094,C000498,2023-06-29,2023-07-05,2023-09-11,37093.19,11660.82,PAGADO,demorado
PG00003095,C000498,2023-07-17,2023-07-20,2023-10-05,3534.78,28967.15,PAGADO,demorado
PG00003096,C001414,2025-10-28,2025-11-03,2025-11-13,50979.13,24943.42,PAGADO,parcial
PG00003097,C001414,2025-11-02,2025-11-10,2025-11-23,39207.66,65243.37,PAGADO,parcial
PG00003098,C001234,2025-10-02,2025-10-07,2025-10-23,115141.31,115141.31,PAGADO,parcial
PG00003099,C001950,2024-06-24,2024-06-24,2024-06-30,3719.5,6839.06,PAGADO,completo
PG00003100,C001950,2024-07-19,2024-07-23,2024-08-12,9371.98,5775.29,PAGADO,completo
PG00003101,C001950,2024-08-19,2024-08-26,2024-08-27,2214.56,2691.69,PAGADO,completo
PG00003102,C000435,2024-12-04,2024-12-10,2024-12-19,58313.77,58313.77,PAGADO,parcial
PG00003103,C001674,2024-11-21,2024-12-01,2024-12-03,48799.65,48799.65,PAGADO,completo
PG00003104,C001251,2023-05-29,2023-06-06,2023-06-20,132299.21,132299.21,PAGADO,parcial
PG00003105,C000365,2023-07-06,2023-07-14,2023-07-20,258423.57,258423.57,PAGADO,completo
PG00003106,C001760,2024-08-29,2024-08-30,2024-08-31,56415.51,56415.51,PAGADO,completo
PG00003107,C000276,2023-04-21,2023-04-27,2023-05-06,18200.96,21069.5,PAGADO,completo
PG00003108,C000276,2023-05-15,2023-05-16,2023-05-31,5759.89,2891.35,PAGADO,completo
PG00003109,C700182,2026-06-13,2026-06-21,2026-08-07,150019.19,360005.16,PAGADO,demorado
PG00003110,C700182,2026-08-01,2026-08-03,2026-08-07,332837.5,122851.53,PAGADO,demorado
PG00003111,C750082,2025-10-20,2025-10-26,2026-01-20,21653.68,35900.48,PAGADO,demorado
PG00003112,C750082,2025-10-25,2025-10-29,2026-01-15,68137.35,53890.55,PAGADO,demorado
PG00003113,C002529,2026-01-31,2026-02-03,2026-02-09,523092.96,523092.96,PAGADO,completo
PG00003114,C003001,2025-12-07,2025-12-08,2025-12-18,919.09,1965.26,PAGADO,completo
PG00003115,C003001,2025-12-21,2025-12-23,2026-01-08,2508.32,1462.15,PAGADO,completo
PG00003116,C001506,2024-11-30,2024-12-06,2024-12-13,56163.05,56163.05,PAGADO,completo
PG00003117,C000407,2024-09-09,2024-09-18,2024-09-19,19661.58,7662.09,PAGADO,completo
PG00003118,C000407,2024-09-29,2024-09-29,2024-10-05,29837.7,14904.3,PAGADO,completo
PG00003119,C000407,2024-10-26,2024-10-31,2024-11-05,26493.1,53425.99,PAGADO,completo
PG00003120,C003427,2024-06-27,2024-06-30,2024-07-20,28611.52,15783.29,PAGADO,completo
PG00003121,C003427,2024-07-16,2024-07-24,2024-08-05,9417.12,22245.35,PAGADO,completo
PG00003122,C001644,2025-04-28,2025-04-30,2025-05-19,62082.28,57487.14,PAGADO,completo
PG00003123,C001644,2025-05-05,2025-05-14,2025-05-25,55099.88,59695.02,PAGADO,completo
PG00003124,C002124,2023-07-28,2023-07-30,2023-08-10,284748.43,284748.43,PAGADO,parcial
PG00003125,C750009,2024-09-20,2024-09-21,2024-10-10,49288.92,27037.33,PAGADO,completo
PG00003126,C750009,2024-09-10,2024-09-11,2024-09-21,10439.99,32691.58,PAGADO,completo
PG00003127,C001741,2025-07-08,2025-07-12,,44280.96,0.0,PENDIENTE,pendiente
PG00003128,C800080,2024-08-28,2024-09-04,2024-09-15,470158.57,450566.57,PAGADO,completo
PG00003129,C800080,2024-09-16,2024-09-20,2024-09-22,416054.82,173521.58,PAGADO,completo
PG00003130,C800080,2024-09-10,2024-09-15,2024-10-03,198212.3,460337.54,PAGADO,completo
PG00003131,C002767,2023-05-15,2023-05-21,,52525.08,0.0,PENDIENTE,pendiente
PG00003132,C000844,2024-03-03,2024-03-07,,16592.38,0.0,PENDIENTE,pendiente
PG00003133,C700054,2025-07-03,2025-07-12,2025-07-14,858500.12,858500.12,PAGADO,completo
PG00003134,C900002,2025-06-05,2025-06-10,2025-06-20,283059.65,283059.65,PAGADO,completo
PG00003135,C000086,2023-03-03,2023-03-12,2023-03-13,2631.93,3049.39,PAGADO,completo
PG00003136,C000086,2023-03-04,2023-03-13,2023-03-24,5872.06,11277.48,PAGADO,completo
PG00003137,C000086,2023-04-03,2023-04-12,2023-04-12,16113.26,10290.38,PAGADO,completo
PG00003138,C002015,2024-10-22,2024-10-28,,61450.24,0.0,PENDIENTE,pendiente
PG00003139,C900038,2026-06-09,2026-06-15,2026-06-19,218730.07,331911.59,PAGADO,parcial
PG00003140,C900038,2026-06-20,2026-06-29,2026-07-10,196874.89,83693.37,PAGADO,parcial
PG00003141,C002390,2023-03-21,2023-03-31,2023-04-13,10659.65,2735.07,PAGADO,completo
PG00003142,C002390,2023-04-23,2023-04-26,2023-05-09,3014.42,16068.31,PAGADO,completo
PG00003143,C002390,2023-05-27,2023-06-05,2023-06-14,10107.2,4977.89,PAGADO,completo
PG00003144,C002102,2025-11-07,2025-11-11,2025-11-14,95471.4,84246.51,PAGADO,completo
PG00003145,C002102,2025-12-04,2025-12-14,2025-12-31,30220.63,41445.52,PAGADO,completo
PG00003146,C002534,2026-04-09,2026-04-14,2026-04-20,4228.3,5824.23,PAGADO,completo
PG00003147,C002534,2026-04-28,2026-05-01,2026-05-17,2698.17,1102.24,PAGADO,completo
PG00003148,C001909,2025-09-06,2025-09-10,2025-09-14,89699.02,89699.02,PAGADO,completo
PG00003149,C000855,2023-09-12,2023-09-21,2023-10-05,88891.62,88891.62,PAGADO,completo
PG00003150,C900207,2026-06-20,2026-06-28,2026-07-12,365984.41,150242.93,PAGADO,completo
PG00003151,C900207,2026-07-21,2026-07-26,2026-08-05,82809.1,298550.58,PAGADO,completo
PG00003152,C000078,2026-07-10,2026-07-12,2026-07-22,77389.53,86478.24,PAGADO,completo
PG00003153,C000078,2026-08-07,2026-08-07,2026-08-07,85046.87,66408.24,PAGADO,completo
PG00003154,C000078,2026-08-07,2026-08-07,2026-08-07,81294.83,90844.75,PAGADO,completo
PG00003155,C000944,2023-08-12,2023-08-20,,51077.23,0.0,PENDIENTE,pendiente
PG00003156,C000199,2023-11-12,2023-11-22,2024-02-10,48821.76,48821.76,PAGADO,demorado
PG00003157,C003326,2026-06-20,2026-06-23,2026-06-25,17639.71,17639.71,PAGADO,completo
PG00003158,C900056,2025-11-08,2025-11-15,,183542.71,0.0,PENDIENTE,pendiente
PG00003159,C000801,2025-04-24,2025-04-28,2025-05-15,5644.5,3606.48,PAGADO,completo
PG00003160,C000801,2025-05-07,2025-05-10,2025-05-17,15304.12,17342.14,PAGADO,completo
PG00003161,C002716,2024-09-26,2024-10-02,2024-10-20,60910.02,47051.37,PAGADO,completo
PG00003162,C002716,2024-10-04,2024-10-11,2024-10-15,83758.37,81626.62,PAGADO,completo
PG00003163,C002716,2024-10-22,2024-10-25,2024-10-27,63456.62,79447.02,PAGADO,completo
PG00003164,C002153,2023-10-02,2023-10-09,2023-10-18,15378.06,20729.23,PAGADO,completo
PG00003165,C002153,2023-11-15,2023-11-25,2023-11-29,14170.6,8819.43,PAGADO,completo
PG00003166,C002274,2025-12-07,2025-12-09,2026-02-25,10229.21,18628.88,PAGADO,demorado
PG00003167,C002274,2026-01-26,2026-01-29,2026-04-20,18805.33,10405.66,PAGADO,demorado
PG00003168,C003429,2025-03-23,2025-03-28,2025-04-08,59096.42,79135.52,PAGADO,parcial
PG00003169,C003429,2025-03-25,2025-03-31,2025-04-13,160708.93,140669.83,PAGADO,parcial
PG00003170,C000231,2024-09-26,2024-10-02,2024-10-22,42106.5,32995.29,PAGADO,completo
PG00003171,C000231,2024-10-05,2024-10-15,2024-11-01,25443.56,58453.69,PAGADO,completo
PG00003172,C000231,2024-10-23,2024-10-24,2024-11-09,59218.94,35320.02,PAGADO,completo
PG00003173,C002477,2024-09-05,2024-09-14,2024-09-23,31954.81,47042.4,PAGADO,completo
PG00003174,C002477,2024-10-04,2024-10-05,2024-10-24,69524.12,54436.53,PAGADO,completo
PG00003175,C001033,2023-09-29,2023-10-02,2023-10-14,42320.84,57103.63,PAGADO,completo
PG00003176,C001033,2023-10-29,2023-11-01,2023-11-06,35745.77,20962.98,PAGADO,completo
PG00003177,C003101,2024-03-27,2024-03-30,2024-04-13,16849.04,19778.75,PAGADO,completo
PG00003178,C003101,2024-04-15,2024-04-17,2024-05-07,12489.21,9559.5,PAGADO,completo
PG00003179,C900254,2024-03-31,2024-04-01,2024-04-11,29928.38,33155.67,PAGADO,completo
PG00003180,C900254,2024-03-24,2024-03-25,2024-03-27,30575.56,22111.11,PAGADO,completo
PG00003181,C900254,2024-05-19,2024-05-24,2024-06-13,6651.38,11888.54,PAGADO,completo
PG00003182,C001583,2024-04-15,2024-04-15,2024-04-26,15169.55,2945.1,PAGADO,completo
PG00003183,C001583,2024-04-23,2024-04-30,2024-05-13,6084.52,17092.86,PAGADO,completo
PG00003184,C001583,2024-05-11,2024-05-16,2024-06-02,13401.77,14617.88,PAGADO,completo
PG00003185,C002865,2025-09-11,2025-09-14,2025-09-29,207813.88,39291.19,PAGADO,completo
PG00003186,C002865,2025-09-21,2025-09-27,2025-10-17,11061.63,179584.32,PAGADO,completo
PG00003187,C003214,2025-08-15,2025-08-20,2025-09-01,34084.75,17263.75,PAGADO,completo
PG00003188,C003214,2025-10-04,2025-10-04,2025-10-04,58145.54,77060.74,PAGADO,completo
PG00003189,C003214,2025-10-19,2025-10-24,2025-10-24,25476.5,23382.3,PAGADO,completo
PG00003190,C002228,2026-04-07,2026-04-16,2026-05-02,74119.97,83463.41,PAGADO,completo
PG00003191,C002228,2026-04-16,2026-04-18,2026-04-18,19154.83,9811.39,PAGADO,completo
PG00003192,C000424,2024-05-04,2024-05-10,2024-05-10,426158.72,426158.72,PAGADO,sobrepago_senal
PG00003193,C000392,2025-02-04,2025-02-05,2025-02-25,6820.27,7856.76,PAGADO,parcial
PG00003194,C000392,2025-02-22,2025-02-28,2025-03-01,5206.74,4170.25,PAGADO,parcial
PG00003195,C001143,2023-06-11,2023-06-18,2023-06-25,10500.77,10500.77,PAGADO,completo
PG00003196,C900146,2026-01-29,2026-01-30,2026-02-01,60678.85,108244.19,PAGADO,completo
PG00003197,C900146,2026-03-23,2026-03-24,2026-03-31,151351.26,88783.51,PAGADO,completo
PG00003198,C900146,2026-04-10,2026-04-20,2026-04-23,23503.91,38506.32,PAGADO,completo
PG00003199,C000191,2026-02-26,2026-02-27,2026-02-28,8382.06,20351.13,PAGADO,completo
PG00003200,C000191,2026-03-17,2026-03-27,2026-04-09,14091.86,20009.34,PAGADO,completo
PG00003201,C000191,2026-04-02,2026-04-04,2026-04-22,40606.98,22720.43,PAGADO,completo
PG00003202,C000104,2025-06-21,2025-06-28,2025-07-05,45263.25,14676.41,PAGADO,completo
PG00003203,C000104,2025-06-08,2025-06-15,2025-07-03,39699.83,60739.71,PAGADO,completo
PG00003204,C000104,2025-07-15,2025-07-25,2025-07-25,21927.52,31474.48,PAGADO,completo
PG00003205,C003334,2025-10-18,2025-10-19,2025-11-03,41002.17,52023.47,PAGADO,completo
PG00003206,C003334,2025-10-18,2025-10-22,2025-11-10,37920.44,8002.57,PAGADO,completo
PG00003207,C003334,2025-10-31,2025-11-08,2025-11-27,12289.42,31185.99,PAGADO,completo
PG00003208,C700219,2025-12-07,2025-12-17,2025-12-18,730774.58,730774.58,PAGADO,completo
PG00003209,C001779,2023-11-28,2023-12-06,2023-12-08,13463.9,10530.56,PAGADO,completo
PG00003210,C001779,2023-12-20,2023-12-30,2024-01-13,15093.44,14458.82,PAGADO,completo
PG00003211,C001779,2024-01-20,2024-01-29,2024-01-29,11776.89,15344.85,PAGADO,completo
PG00003212,C900274,2024-05-13,2024-05-21,,129968.93,0.0,PENDIENTE,pendiente
PG00003213,C000553,2024-11-03,2024-11-09,2024-11-25,38525.93,20612.63,PAGADO,completo
PG00003214,C000553,2024-10-20,2024-10-20,2024-10-31,10666.82,28580.12,PAGADO,completo
PG00003215,C700150,2026-04-06,2026-04-10,2026-07-22,222383.72,362211.94,PAGADO,demorado
PG00003216,C700150,2026-04-11,2026-04-15,2026-07-24,253376.01,113547.79,PAGADO,demorado
PG00003217,C001924,2026-02-21,2026-03-03,2026-03-05,23446.17,83512.84,PAGADO,completo
PG00003218,C001924,2026-03-27,2026-03-30,2026-04-07,34097.84,24407.47,PAGADO,completo
PG00003219,C001924,2026-03-31,2026-04-02,2026-04-09,51516.58,1140.28,PAGADO,completo
PG00003220,C001756,2025-06-19,2025-06-26,2025-07-06,128359.71,33172.05,PAGADO,completo
PG00003221,C001756,2025-07-18,2025-07-27,2025-07-27,40039.38,96156.76,PAGADO,completo
PG00003222,C001756,2025-08-03,2025-08-04,2025-08-10,39579.96,78650.24,PAGADO,completo
PG00003223,C002411,2025-10-31,2025-11-02,2025-11-11,8101.07,17129.76,PAGADO,parcial
PG00003224,C002411,2025-12-08,2025-12-11,2025-12-14,15869.34,6840.65,PAGADO,parcial
PG00003225,C002917,2023-10-26,2023-10-26,2023-11-05,109966.56,109966.56,PAGADO,completo
PG00003226,C003299,2024-01-31,2024-01-31,2024-02-18,38195.94,43869.27,PAGADO,completo
PG00003227,C003299,2024-03-22,2024-03-28,2024-04-13,20223.44,28792.2,PAGADO,completo
PG00003228,C003299,2024-03-20,2024-03-30,2024-04-17,113440.68,99198.59,PAGADO,completo
PG00003229,C001964,2024-09-23,2024-09-27,2024-10-03,30028.29,30028.29,PAGADO,completo
PG00003230,C003439,2023-12-29,2024-01-05,2024-01-19,197185.43,197185.43,PAGADO,completo
PG00003231,C001587,2023-09-15,2023-09-16,2023-09-29,161178.3,161178.3,PAGADO,completo
PG00003232,C700092,2026-05-24,2026-05-30,2026-06-01,486634.72,266691.51,PAGADO,completo
PG00003233,C700092,2026-07-13,2026-07-19,2026-08-05,138470.07,358413.28,PAGADO,completo
PG00003234,C001731,2025-01-06,2025-01-08,2025-01-10,87841.8,49396.63,PAGADO,completo
PG00003235,C001731,2025-02-09,2025-02-09,2025-02-28,5098.01,43543.18,PAGADO,completo
PG00003236,C002486,2025-01-12,2025-01-15,2025-04-12,19199.35,21526.85,PAGADO,demorado
PG00003237,C002486,2025-02-03,2025-02-13,2025-05-02,9301.78,6974.28,PAGADO,demorado
PG00003238,C002752,2026-01-17,2026-01-17,2026-04-14,35185.55,13056.94,PAGADO,demorado
PG00003239,C002752,2026-02-02,2026-02-11,2026-05-06,12979.21,35107.82,PAGADO,demorado
PG00003240,C800021,2024-02-03,2024-02-11,2024-03-02,28445.64,113094.33,PAGADO,completo
PG00003241,C800021,2024-03-04,2024-03-11,2024-03-19,204338.25,119689.56,PAGADO,completo
PG00003242,C001940,2024-06-26,2024-06-29,2024-07-10,1900.21,5308.39,PAGADO,completo
PG00003243,C001940,2024-07-28,2024-07-28,2024-08-06,4518.19,9786.35,PAGADO,completo
PG00003244,C001940,2024-08-09,2024-08-19,2024-09-08,12934.01,4257.67,PAGADO,completo
PG00003245,C002750,2023-11-17,2023-11-19,2023-12-04,49845.23,60695.72,PAGADO,completo
PG00003246,C002750,2023-11-22,2023-11-30,2023-12-09,30933.22,20082.73,PAGADO,completo
PG00003247,C000702,2024-06-07,2024-06-13,2024-06-15,57254.82,57254.82,PAGADO,completo
PG00003248,C002501,2025-03-22,2025-03-22,2025-03-23,149440.32,149440.32,PAGADO,completo
PG00003249,C700273,2026-04-03,2026-04-11,2026-04-26,540031.39,540031.39,PAGADO,parcial
PG00003250,C750017,2024-09-23,2024-09-28,2024-10-04,21576.28,26728.17,PAGADO,completo
PG00003251,C750017,2024-10-29,2024-10-30,2024-10-30,54129.36,48977.47,PAGADO,completo
PG00003252,C000994,2025-04-12,2025-04-19,2025-05-01,104596.29,33799.78,PAGADO,completo
PG00003253,C000994,2025-05-15,2025-05-24,2025-06-11,38107.33,155600.15,PAGADO,completo
PG00003254,C000994,2025-06-15,2025-06-15,2025-06-24,107862.25,61165.94,PAGADO,completo
PG00003255,C000464,2025-01-03,2025-01-07,2025-01-21,35783.77,31993.01,PAGADO,completo
PG00003256,C000464,2025-02-03,2025-02-07,2025-02-10,24769.44,28560.2,PAGADO,completo
PG00003257,C002682,2023-08-22,2023-08-26,2023-10-29,25770.94,25770.94,PAGADO,demorado
PG00003258,C001894,2025-12-23,2025-12-25,2026-03-17,21383.5,21383.5,PAGADO,demorado
PG00003259,C700121,2025-07-02,2025-07-10,2025-10-03,545740.95,545740.95,PAGADO,demorado
PG00003260,C003116,2024-10-08,2024-10-09,2024-10-12,30737.82,61536.29,PAGADO,completo
PG00003261,C003116,2024-11-23,2024-12-01,2024-12-07,82512.37,51713.9,PAGADO,completo
PG00003262,C002582,2025-01-11,2025-01-21,2025-04-02,201749.98,201749.98,PAGADO,demorado
PG00003263,C001236,2026-06-17,2026-06-24,2026-07-05,80950.49,91081.49,PAGADO,completo
PG00003264,C001236,2026-07-21,2026-07-25,2026-08-07,86162.54,76031.54,PAGADO,completo
PG00003265,C003477,2024-03-26,2024-03-30,2024-04-07,8492.17,14900.88,PAGADO,parcial
PG00003266,C003477,2024-04-07,2024-04-12,2024-04-22,8132.74,1724.03,PAGADO,parcial
PG00003267,C002415,2024-03-15,2024-03-17,2024-03-20,38748.68,38748.68,PAGADO,completo
PG00003268,C000212,2024-06-26,2024-06-29,2024-07-08,147774.01,126174.21,PAGADO,completo
PG00003269,C000212,2024-07-11,2024-07-18,2024-07-31,72706.61,94306.41,PAGADO,completo
PG00003270,C001036,2026-06-18,2026-06-28,2026-06-28,40258.54,24968.65,PAGADO,completo
PG00003271,C001036,2026-07-28,2026-08-07,2026-08-07,66182.59,81472.48,PAGADO,completo
PG00003272,C800035,2024-09-28,2024-09-30,2024-10-07,141420.97,141420.97,PAGADO,completo
PG00003273,C000900,2024-08-18,2024-08-20,2024-08-25,29543.66,29543.66,PAGADO,completo
PG00003274,C001446,2025-02-10,2025-02-19,2025-02-19,3046.69,15834.52,PAGADO,parcial
PG00003275,C001446,2025-03-03,2025-03-13,2025-03-16,99886.85,87099.02,PAGADO,parcial
PG00003276,C003335,2024-12-19,2024-12-22,,32342.12,0.0,PENDIENTE,pendiente
PG00003277,C002093,2024-02-04,2024-02-09,2024-02-10,51293.57,17440.77,PAGADO,completo
PG00003278,C002093,2024-02-03,2024-02-03,2024-02-17,7717.48,30312.01,PAGADO,completo
PG00003279,C002093,2024-03-08,2024-03-14,2024-04-03,11024.49,22282.76,PAGADO,completo
PG00003280,C000660,2024-03-03,2024-03-04,2024-06-03,358020.18,149847.14,PAGADO,demorado
PG00003281,C000660,2024-03-21,2024-03-27,2024-06-11,119666.98,327840.02,PAGADO,demorado
PG00003282,C001614,2024-02-15,2024-02-22,2024-02-28,16685.42,25087.27,PAGADO,completo
PG00003283,C001614,2024-03-04,2024-03-05,2024-03-05,25997.08,17595.23,PAGADO,completo
PG00003284,C000741,2023-02-16,2023-02-18,,101044.44,0.0,PENDIENTE,pendiente
PG00003285,C900093,2026-06-24,2026-07-04,2026-07-12,103332.03,103332.03,PAGADO,completo
PG00003286,C003489,2023-03-06,2023-03-07,2023-06-11,2846.15,2823.92,PAGADO,demorado
PG00003287,C003489,2023-02-26,2023-03-08,2023-06-25,5348.43,5370.66,PAGADO,demorado
PG00003288,C001754,2023-04-13,2023-04-16,2023-04-28,27770.78,11626.61,PAGADO,completo
PG00003289,C001754,2023-04-27,2023-05-06,2023-05-19,21714.85,37859.02,PAGADO,completo
PG00003290,C003288,2025-09-17,2025-09-25,2025-10-05,44914.05,117096.35,PAGADO,completo
PG00003291,C003288,2025-10-03,2025-10-04,2025-10-17,145143.08,72960.78,PAGADO,completo
PG00003292,C003012,2026-01-31,2026-02-09,2026-02-28,32997.68,46986.73,PAGADO,completo
PG00003293,C003012,2026-02-21,2026-03-02,2026-03-14,20222.06,6233.01,PAGADO,completo
PG00003294,C001206,2026-02-01,2026-02-02,2026-04-13,164270.6,98315.66,PAGADO,demorado
PG00003295,C001206,2026-01-31,2026-02-09,2026-04-22,54538.01,120492.95,PAGADO,demorado
PG00003296,C000509,2023-10-20,2023-10-27,2023-11-04,96500.1,88434.75,PAGADO,completo
PG00003297,C000509,2023-11-28,2023-12-05,2023-12-12,85173.99,93239.34,PAGADO,completo
PG00003298,C003218,2023-08-18,2023-08-22,2023-11-27,60143.66,134265.38,PAGADO,demorado
PG00003299,C003218,2023-08-24,2023-08-25,2023-12-05,181135.81,107014.09,PAGADO,demorado
PG00003300,C000597,2024-07-06,2024-07-09,2024-07-19,24043.5,19263.8,PAGADO,completo
PG00003301,C000597,2024-07-24,2024-08-02,2024-08-10,9406.55,34738.31,PAGADO,completo
PG00003302,C000597,2024-08-23,2024-08-23,2024-09-04,72780.02,52227.96,PAGADO,completo
PG00003303,C700008,2025-04-22,2025-04-25,2025-05-06,191670.9,122793.89,PAGADO,parcial
PG00003304,C700008,2025-06-01,2025-06-01,2025-06-04,92506.12,161383.13,PAGADO,parcial
PG00003305,C003208,2025-04-08,2025-04-17,2025-04-21,153496.15,153496.15,PAGADO,completo
PG00003306,C001952,2024-01-03,2024-01-03,2024-01-19,38252.47,38252.47,PAGADO,sobrepago_senal
PG00003307,C000981,2025-12-08,2025-12-12,2025-12-30,107425.47,114634.79,PAGADO,completo
PG00003308,C000981,2025-12-11,2025-12-21,2025-12-30,19368.41,4101.47,PAGADO,completo
PG00003309,C000981,2026-02-02,2026-02-05,2026-02-25,18545.43,26603.05,PAGADO,completo
PG00003310,C001904,2025-01-14,2025-01-22,,239402.58,0.0,PENDIENTE,pendiente
PG00003311,C900100,2024-10-14,2024-10-15,2024-12-19,246003.43,246003.43,PAGADO,demorado
PG00003312,C000518,2023-04-10,2023-04-11,,9338.9,0.0,PENDIENTE,pendiente
PG00003313,C003321,2024-04-19,2024-04-27,2024-05-05,200019.81,200019.81,PAGADO,completo
PG00003314,C000767,2024-03-01,2024-03-04,2024-03-20,152897.48,152897.48,PAGADO,completo
PG00003315,C900307,2025-08-02,2025-08-07,2025-08-20,50650.24,29502.1,PAGADO,completo
PG00003316,C900307,2025-08-26,2025-09-05,2025-09-07,6210.72,27358.86,PAGADO,completo
PG00003317,C001726,2024-05-13,2024-05-17,2024-05-17,12045.23,30284.35,PAGADO,parcial
PG00003318,C001726,2024-05-07,2024-05-17,2024-05-21,32900.55,14661.43,PAGADO,parcial
PG00003319,C001651,2024-05-18,2024-05-27,2024-06-09,14411.07,6086.52,PAGADO,completo
PG00003320,C001651,2024-05-18,2024-05-28,2024-06-09,2991.55,11316.1,PAGADO,completo
PG00003321,C002770,2025-05-15,2025-05-24,2025-06-05,195266.46,139458.91,PAGADO,sobrepago_senal
PG00003322,C002770,2025-06-10,2025-06-16,2025-06-25,32647.27,88454.82,PAGADO,sobrepago_senal
PG00003323,C002979,2025-04-05,2025-04-09,2025-04-09,27312.6,27312.6,PAGADO,completo
PG00003324,C700149,2025-04-15,2025-04-25,2025-04-29,812769.05,812769.05,PAGADO,completo
PG00003325,C003106,2025-02-11,2025-02-17,2025-02-18,8586.19,27873.68,PAGADO,completo
PG00003326,C003106,2025-03-17,2025-03-17,2025-03-20,18348.21,12799.96,PAGADO,completo
PG00003327,C003106,2025-03-29,2025-04-04,2025-04-21,37800.66,24061.42,PAGADO,completo
PG00003328,C000421,2024-03-28,2024-04-07,2024-04-24,45098.79,27145.34,PAGADO,completo
PG00003329,C000421,2024-03-30,2024-04-07,2024-04-19,30606.85,48560.3,PAGADO,completo
PG00003330,C000123,2025-10-03,2025-10-10,2025-10-27,17479.64,5131.74,PAGADO,completo
PG00003331,C000123,2025-10-28,2025-11-07,2025-11-13,36904.13,49252.03,PAGADO,completo
PG00003332,C900182,2024-04-04,2024-04-12,,181141.19,0.0,PENDIENTE,pendiente
PG00003333,C001850,2023-11-05,2023-11-05,2023-11-15,6862.1,3908.49,PAGADO,completo
PG00003334,C001850,2023-11-27,2023-12-01,2023-12-13,5794.34,8747.95,PAGADO,completo
PG00003335,C001244,2023-10-27,2023-11-04,,47458.31,0.0,PENDIENTE,pendiente
PG00003336,C000819,2024-01-20,2024-01-20,2024-01-22,81068.38,81068.38,PAGADO,completo
PG00003337,C001403,2023-03-12,2023-03-20,2023-04-03,47192.41,47192.41,PAGADO,completo
PG00003338,C001382,2024-02-04,2024-02-14,2024-02-16,12273.48,37053.92,PAGADO,completo
PG00003339,C001382,2024-02-14,2024-02-17,2024-02-27,40717.13,15936.69,PAGADO,completo
PG00003340,C000100,2024-08-03,2024-08-08,2024-10-25,23074.13,2386.67,PAGADO,demorado
PG00003341,C000100,2024-08-25,2024-08-26,2024-11-04,15461.85,36149.31,PAGADO,demorado
PG00003342,C900097,2026-01-24,2026-01-30,2026-01-31,207827.39,207827.39,PAGADO,completo
PG00003343,C001575,2026-06-14,2026-06-17,2026-08-07,12344.09,9021.71,PAGADO,demorado
PG00003344,C001575,2026-05-28,2026-06-07,2026-08-07,21369.49,24691.87,PAGADO,demorado
PG00003345,C001638,2024-11-10,2024-11-19,2024-12-03,16499.07,7954.63,PAGADO,completo
PG00003346,C001638,2024-11-10,2024-11-12,2024-12-01,5826.88,19959.13,PAGADO,completo
PG00003347,C001638,2024-12-14,2024-12-16,2024-12-27,19234.41,13646.6,PAGADO,completo
PG00003348,C001795,2026-05-24,2026-05-29,2026-06-13,5736.86,10729.54,PAGADO,completo
PG00003349,C001795,2026-06-15,2026-06-23,2026-06-29,13357.11,15052.54,PAGADO,completo
PG00003350,C001795,2026-07-02,2026-07-06,2026-07-09,17464.28,10776.17,PAGADO,completo
PG00003351,C001283,2023-02-15,2023-02-21,2023-04-30,102333.54,102333.54,PAGADO,demorado
PG00003352,C900258,2024-01-12,2024-01-16,2024-02-04,91252.08,283101.82,PAGADO,completo
PG00003353,C900258,2024-02-07,2024-02-15,2024-03-01,402078.55,210228.81,PAGADO,completo
PG00003354,C003428,2024-12-17,2024-12-19,2025-01-01,39849.76,72498.44,PAGADO,completo
PG00003355,C003428,2024-12-17,2024-12-24,2025-01-06,76182.86,56206.13,PAGADO,completo
PG00003356,C003428,2025-01-20,2025-01-29,2025-02-06,57718.6,45046.65,PAGADO,completo
PG00003357,C900071,2025-09-27,2025-10-06,2025-10-19,185616.97,185616.97,PAGADO,completo
PG00003358,C001103,2023-06-28,2023-06-30,2023-07-02,18515.46,20645.53,PAGADO,parcial
PG00003359,C001103,2023-06-24,2023-06-27,2023-07-09,14612.3,12482.23,PAGADO,parcial
PG00003360,C900172,2025-02-08,2025-02-16,2025-03-04,634999.49,634999.49,PAGADO,completo
PG00003361,C003315,2025-02-14,2025-02-24,2025-03-05,28697.91,8677.91,PAGADO,completo
PG00003362,C003315,2025-03-21,2025-03-27,2025-03-29,9317.9,24869.77,PAGADO,completo
PG00003363,C003315,2025-04-18,2025-04-22,2025-05-05,45306.87,49775.0,PAGADO,completo
PG00003364,C001517,2025-01-18,2025-01-18,2025-01-19,46272.52,41688.8,PAGADO,completo
PG00003365,C001517,2025-02-03,2025-02-08,2025-02-16,42277.23,67637.05,PAGADO,completo
PG00003366,C001517,2025-02-25,2025-03-03,2025-03-14,21818.67,1042.57,PAGADO,completo
PG00003367,C700105,2024-08-06,2024-08-08,,320054.58,0.0,PENDIENTE,pendiente
PG00003368,C002346,2026-03-04,2026-03-08,2026-03-13,23259.76,23259.76,PAGADO,sobrepago_senal
PG00003369,C001352,2023-05-28,2023-06-02,2023-06-05,20475.82,20475.82,PAGADO,completo
PG00003370,C003418,2025-10-05,2025-10-06,2025-10-20,9390.52,26177.53,PAGADO,completo
PG00003371,C003418,2025-10-28,2025-11-03,2025-11-13,28581.34,11794.33,PAGADO,completo
PG00003372,C700241,2025-09-12,2025-09-16,2025-09-29,96254.93,96254.93,PAGADO,completo
PG00003373,C003475,2023-04-01,2023-04-05,2023-07-04,10911.83,10050.34,PAGADO,demorado
PG00003374,C003475,2023-04-26,2023-04-26,2023-07-19,9317.22,10178.71,PAGADO,demorado
PG00003375,C000982,2025-08-23,2025-08-25,2025-08-25,25795.91,9222.93,PAGADO,parcial
PG00003376,C000982,2025-10-08,2025-10-08,2025-10-26,5576.71,22149.69,PAGADO,parcial
PG00003377,C000456,2025-01-27,2025-01-29,2025-02-17,162717.95,225381.96,PAGADO,completo
PG00003378,C000456,2025-03-10,2025-03-12,2025-03-24,37061.29,124230.99,PAGADO,completo
PG00003379,C000456,2025-03-15,2025-03-16,2025-04-03,299611.14,149777.43,PAGADO,completo
PG00003380,C750067,2025-03-31,2025-04-05,2025-04-06,167717.53,167717.53,PAGADO,completo
PG00003381,C003344,2025-03-19,2025-03-20,2025-03-27,8911.55,33867.71,PAGADO,completo
PG00003382,C003344,2025-04-02,2025-04-06,2025-04-22,10103.87,11604.63,PAGADO,completo
PG00003383,C003344,2025-04-21,2025-04-30,2025-05-17,41229.25,14772.33,PAGADO,completo
PG00003384,C003332,2025-04-22,2025-04-23,2025-05-07,1238.57,3571.67,PAGADO,completo
PG00003385,C003332,2025-04-25,2025-04-25,2025-05-05,3878.26,1545.16,PAGADO,completo
PG00003386,C003194,2025-09-20,2025-09-30,2025-12-11,54418.96,54418.96,PAGADO,demorado
PG00003387,C700003,2026-05-20,2026-05-30,2026-06-06,58238.93,26592.54,PAGADO,completo
PG00003388,C700003,2026-06-24,2026-07-04,2026-07-14,278296.24,309942.63,PAGADO,completo
PG00003389,C000381,2023-03-02,2023-03-09,2023-03-27,7192.89,17678.52,PAGADO,completo
PG00003390,C000381,2023-03-22,2023-03-30,2023-04-17,24329.62,13843.99,PAGADO,completo
PG00003391,C000641,2024-10-06,2024-10-13,2024-10-24,24394.4,37560.75,PAGADO,completo
PG00003392,C000641,2024-10-21,2024-10-23,2024-10-23,51311.24,38144.89,PAGADO,completo
PG00003393,C002213,2026-06-24,2026-06-25,2026-06-27,43675.17,8061.85,PAGADO,completo
PG00003394,C002213,2026-08-04,2026-08-07,2026-08-07,3234.57,10822.06,PAGADO,completo
PG00003395,C002213,2026-08-05,2026-08-07,2026-08-07,2707.07,30732.9,PAGADO,completo
PG00003396,C002800,2026-02-28,2026-03-09,2026-03-24,58530.34,58530.34,PAGADO,completo
PG00003397,C001490,2024-06-10,2024-06-19,2024-06-22,5201.41,6430.13,PAGADO,parcial
PG00003398,C001490,2024-07-27,2024-08-02,2024-08-12,4192.95,2964.23,PAGADO,parcial
PG00003399,C002025,2026-05-29,2026-06-04,2026-06-22,75653.8,18334.75,PAGADO,completo
PG00003400,C002025,2026-07-08,2026-07-14,2026-07-27,20962.17,37590.56,PAGADO,completo
PG00003401,C002025,2026-07-31,2026-07-31,2026-08-07,22578.85,63269.51,PAGADO,completo
PG00003402,C001010,2023-05-23,2023-05-24,2023-06-13,22548.05,3194.97,PAGADO,parcial
PG00003403,C001010,2023-05-22,2023-05-22,2023-05-29,8456.55,27809.63,PAGADO,parcial
PG00003404,C000286,2025-01-31,2025-02-10,2025-04-05,25129.72,25129.72,PAGADO,demorado
PG00003405,C800105,2025-02-03,2025-02-04,2025-02-06,235691.51,1016428.27,PAGADO,completo
PG00003406,C800105,2025-02-16,2025-02-16,2025-03-07,1666852.62,820066.83,PAGADO,completo
PG00003407,C800105,2025-02-28,2025-03-06,2025-03-25,55794.13,121843.16,PAGADO,completo
PG00003408,C000662,2023-08-31,2023-09-03,2023-09-08,4079.07,4529.34,PAGADO,completo
PG00003409,C000662,2023-10-06,2023-10-11,2023-10-28,5757.79,4443.74,PAGADO,completo
PG00003410,C000662,2023-11-06,2023-11-10,2023-11-28,827.32,1691.1,PAGADO,completo
PG00003411,C002473,2024-08-10,2024-08-10,2024-08-16,7507.85,7507.85,PAGADO,completo
PG00003412,C002447,2024-12-31,2024-12-31,2025-01-11,260021.08,141872.31,PAGADO,completo
PG00003413,C002447,2025-01-21,2025-01-31,2025-02-17,205218.41,323367.18,PAGADO,completo
PG00003414,C900215,2024-10-12,2024-10-17,2024-10-29,146669.34,335955.05,PAGADO,parcial
PG00003415,C900215,2024-11-19,2024-11-26,2024-12-15,253602.21,64316.5,PAGADO,parcial
PG00003416,C003451,2025-07-22,2025-07-31,2025-08-08,29483.2,29573.2,PAGADO,completo
PG00003417,C003451,2025-08-09,2025-08-09,2025-08-28,7801.31,32315.98,PAGADO,completo
PG00003418,C003451,2025-08-03,2025-08-03,2025-08-04,32419.55,7814.88,PAGADO,completo
PG00003419,C900208,2025-01-13,2025-01-20,2025-02-08,626022.83,626022.83,PAGADO,completo
PG00003420,C900203,2026-07-27,2026-07-30,2026-08-07,264066.93,285752.43,PAGADO,completo
PG00003421,C900203,2026-07-25,2026-07-31,2026-08-07,195230.29,173544.79,PAGADO,completo
PG00003422,C700027,2025-08-21,2025-08-24,2025-09-10,269759.14,158570.01,PAGADO,parcial
PG00003423,C700027,2025-09-17,2025-09-20,2025-10-10,125603.77,236792.9,PAGADO,parcial
PG00003424,C003459,2025-01-20,2025-01-22,,87024.89,0.0,PENDIENTE,pendiente
PG00003425,C750018,2024-09-25,2024-09-29,2024-10-15,87520.87,87520.87,PAGADO,parcial
PG00003426,C700132,2024-09-03,2024-09-04,2024-09-04,455486.06,650396.07,PAGADO,completo
PG00003427,C700132,2024-09-12,2024-09-21,2024-10-11,211589.89,16679.88,PAGADO,completo
PG00003428,C003142,2025-09-21,2025-09-28,2025-09-28,142923.12,142923.12,PAGADO,completo
PG00003429,C003077,2025-02-25,2025-02-25,2025-05-17,7585.25,130293.62,PAGADO,demorado
PG00003430,C003077,2025-03-25,2025-03-30,2025-06-15,147960.08,25251.71,PAGADO,demorado
PG00003431,C000845,2023-09-16,2023-09-22,,28217.99,0.0,PENDIENTE,pendiente
PG00003432,C000542,2024-10-20,2024-10-22,2024-11-08,126246.26,160193.5,PAGADO,completo
PG00003433,C000542,2024-11-09,2024-11-16,2024-11-28,67054.48,41391.92,PAGADO,completo
PG00003434,C000542,2024-11-29,2024-12-08,2024-12-14,58150.95,49866.27,PAGADO,completo
PG00003435,C900188,2024-05-28,2024-06-03,2024-06-19,541411.07,541411.07,PAGADO,parcial
PG00003436,C000091,2025-08-18,2025-08-26,2025-09-08,44632.66,44632.66,PAGADO,completo
PG00003437,C002863,2023-07-09,2023-07-14,2023-07-24,166968.15,166968.15,PAGADO,completo
PG00003438,C900081,2026-06-21,2026-06-29,2026-07-01,230058.29,345096.41,PAGADO,parcial
PG00003439,C900081,2026-07-06,2026-07-08,2026-07-15,143127.67,28089.55,PAGADO,parcial
PG00003440,C002496,2024-10-05,2024-10-05,2024-10-15,84403.91,84403.91,PAGADO,completo
PG00003441,C003349,2023-04-01,2023-04-07,2023-04-14,11239.72,14459.91,PAGADO,completo
PG00003442,C003349,2023-05-05,2023-05-07,2023-05-11,15063.8,13061.31,PAGADO,completo
PG00003443,C003349,2023-05-06,2023-05-08,2023-05-20,21160.93,19943.23,PAGADO,completo
PG00003444,C001196,2026-01-20,2026-01-26,,40222.04,0.0,PENDIENTE,pendiente
PG00003445,C750022,2024-12-23,2024-12-29,2025-01-10,136870.0,136870.0,PAGADO,completo
PG00003446,C001102,2026-04-27,2026-04-28,2026-05-18,21109.91,24082.84,PAGADO,completo
PG00003447,C001102,2026-05-03,2026-05-06,2026-05-23,21368.2,18395.27,PAGADO,completo
PG00003448,C003015,2023-06-20,2023-06-24,,59823.04,0.0,PENDIENTE,pendiente
PG00003449,C900159,2025-10-15,2025-10-20,2025-10-22,132498.21,186856.54,PAGADO,completo
PG00003450,C900159,2025-10-31,2025-11-09,2025-11-17,511809.09,457450.76,PAGADO,completo
PG00003451,C002543,2025-04-20,2025-04-20,2025-05-09,22500.34,22500.34,PAGADO,completo
PG00003452,C002184,2023-01-13,2023-01-23,2023-02-07,6101.5,3948.21,PAGADO,completo
PG00003453,C002184,2023-02-18,2023-02-22,2023-02-25,16351.58,14926.4,PAGADO,completo
PG00003454,C002184,2023-03-14,2023-03-23,2023-03-27,3869.78,7448.25,PAGADO,completo
PG00003455,C002548,2023-10-09,2023-10-10,2023-10-13,17247.41,17247.41,PAGADO,completo
PG00003456,C002805,2025-12-03,2025-12-08,2025-12-23,198220.52,198220.52,PAGADO,completo
PG00003457,C700096,2025-11-26,2025-12-05,2025-12-22,458390.01,458390.01,PAGADO,parcial
PG00003458,C700161,2026-07-05,2026-07-14,2026-07-25,101159.99,101159.99,PAGADO,completo
PG00003459,C001048,2024-03-19,2024-03-22,2024-04-06,34671.58,34671.58,PAGADO,completo
PG00003460,C003195,2026-04-10,2026-04-17,2026-04-23,106082.25,106082.25,PAGADO,completo
PG00003461,C003396,2025-06-18,2025-06-21,2025-07-10,108509.01,108509.01,PAGADO,completo
PG00003462,C000898,2025-03-19,2025-03-22,2025-06-03,54333.34,56530.56,PAGADO,demorado
PG00003463,C000898,2025-04-11,2025-04-19,2025-06-18,7353.99,5156.77,PAGADO,demorado
PG00003464,C001459,2025-04-01,2025-04-02,2025-04-13,3518.38,3518.38,PAGADO,completo
PG00003465,C002304,2023-07-10,2023-07-16,2023-08-05,37332.89,19162.36,PAGADO,parcial
PG00003466,C002304,2023-08-22,2023-09-01,2023-09-20,29095.99,47266.52,PAGADO,parcial
PG00003467,C000237,2025-04-10,2025-04-15,2025-05-05,130158.24,130158.24,PAGADO,parcial
PG00003468,C003384,2025-02-07,2025-02-09,2025-02-16,4373.2,4373.2,PAGADO,completo
PG00003469,C002157,2023-02-16,2023-02-18,2023-02-22,110867.61,12195.49,PAGADO,completo
PG00003470,C002157,2023-03-14,2023-03-24,2023-04-03,8944.67,70050.91,PAGADO,completo
PG00003471,C002157,2023-04-08,2023-04-15,2023-04-24,40407.64,77973.52,PAGADO,completo
PG00003472,C001133,2025-08-28,2025-08-30,2025-09-06,10898.53,3129.06,PAGADO,completo
PG00003473,C001133,2025-09-30,2025-10-02,2025-10-06,4004.14,6334.89,PAGADO,completo
PG00003474,C001133,2025-10-04,2025-10-09,2025-10-18,355.74,5794.46,PAGADO,completo
PG00003475,C700193,2024-02-14,2024-02-15,2024-02-23,61116.07,109543.46,PAGADO,completo
PG00003476,C700193,2024-03-17,2024-03-24,2024-03-31,391103.88,432137.95,PAGADO,completo
PG00003477,C700193,2024-04-20,2024-04-24,2024-05-07,441230.1,351768.64,PAGADO,completo
PG00003478,C001805,2025-01-21,2025-01-29,2025-02-17,91643.73,91643.73,PAGADO,completo
PG00003479,C003075,2024-03-19,2024-03-23,2024-04-08,63783.38,121547.48,PAGADO,completo
PG00003480,C003075,2024-03-21,2024-03-27,2024-04-02,50815.44,40510.41,PAGADO,completo
PG00003481,C003075,2024-04-07,2024-04-10,2024-04-25,91262.41,43803.34,PAGADO,completo
PG00003482,C000163,2023-07-29,2023-08-06,2023-08-15,20052.53,23576.74,PAGADO,completo
PG00003483,C000163,2023-09-09,2023-09-17,2023-09-30,10401.78,6877.57,PAGADO,completo
PG00003484,C003246,2025-05-11,2025-05-17,2025-06-01,38229.56,38229.56,PAGADO,completo
PG00003485,C003055,2024-11-20,2024-11-26,2024-12-08,12501.37,12501.37,PAGADO,parcial
PG00003486,C000252,2024-08-11,2024-08-13,2024-08-25,27277.95,40556.79,PAGADO,completo
PG00003487,C000252,2024-08-27,2024-08-30,2024-09-04,33998.43,61158.1,PAGADO,completo
PG00003488,C000252,2024-09-21,2024-09-22,2024-10-01,71422.62,30984.11,PAGADO,completo
PG00003489,C750046,2025-06-26,2025-07-02,2025-07-11,101960.22,101960.22,PAGADO,parcial
PG00003490,C002366,2026-06-01,2026-06-03,2026-06-15,53713.72,73781.08,PAGADO,completo
PG00003491,C002366,2026-06-17,2026-06-21,2026-06-28,44923.17,24855.81,PAGADO,completo
PG00003492,C002698,2023-05-25,2023-05-28,2023-05-30,690838.3,725275.83,PAGADO,completo
PG00003493,C002698,2023-06-02,2023-06-08,2023-06-08,357024.88,322587.35,PAGADO,completo
PG00003494,C001791,2023-03-07,2023-03-07,2023-03-08,50918.09,63019.42,PAGADO,completo
PG00003495,C001791,2023-03-20,2023-03-27,2023-04-13,15193.08,3091.75,PAGADO,completo
PG00003496,C001811,2023-12-10,2023-12-11,2023-12-23,38676.4,68757.95,PAGADO,parcial
PG00003497,C001811,2023-12-18,2023-12-25,2024-01-12,54788.65,24707.1,PAGADO,parcial
PG00003498,C002249,2024-05-11,2024-05-18,2024-06-02,65895.21,11205.82,PAGADO,completo
PG00003499,C002249,2024-05-02,2024-05-11,2024-05-11,69376.32,86732.08,PAGADO,completo
PG00003500,C002249,2024-05-31,2024-06-07,2024-06-14,1922.75,39256.38,PAGADO,completo
PG00003501,C003008,2026-03-04,2026-03-06,2026-03-11,15566.03,20249.5,PAGADO,parcial
PG00003502,C003008,2026-04-19,2026-04-22,2026-05-09,24781.08,20097.61,PAGADO,parcial
PG00003503,C000930,2025-10-08,2025-10-15,2025-10-27,35996.25,34080.45,PAGADO,completo
PG00003504,C000930,2025-11-07,2025-11-16,2025-12-01,26207.41,15649.45,PAGADO,completo
PG00003505,C000930,2025-11-21,2025-11-25,2025-11-28,12057.53,24531.29,PAGADO,completo
PG00003506,C002298,2025-10-09,2025-10-16,2025-10-27,12469.54,14781.89,PAGADO,completo
PG00003507,C002298,2025-11-03,2025-11-09,2025-11-17,7991.2,12062.92,PAGADO,completo
PG00003508,C002298,2025-11-13,2025-11-13,2025-11-27,16541.69,10157.62,PAGADO,completo
PG00003509,C700049,2025-03-06,2025-03-13,2025-04-01,267941.15,231387.82,PAGADO,completo
PG00003510,C700049,2025-04-09,2025-04-18,2025-04-28,325974.99,165477.49,PAGADO,completo
PG00003511,C700049,2025-04-30,2025-05-06,2025-05-09,34483.14,231533.97,PAGADO,completo
PG00003512,C003432,2024-05-09,2024-05-17,2024-06-06,53584.15,53584.15,PAGADO,parcial
PG00003513,C001698,2023-11-08,2023-11-15,2023-12-05,8819.33,3507.82,PAGADO,completo
PG00003514,C001698,2023-12-09,2023-12-15,2023-12-20,8529.43,10468.76,PAGADO,completo
PG00003515,C001698,2023-12-13,2023-12-16,2024-01-02,2928.59,6300.77,PAGADO,completo
PG00003516,C003363,2025-01-23,2025-01-28,2025-02-01,29873.4,10940.76,PAGADO,completo
PG00003517,C003363,2025-02-20,2025-02-20,2025-03-04,29133.53,48066.17,PAGADO,completo
PG00003518,C002836,2023-09-28,2023-10-07,2023-10-24,44642.82,101832.87,PAGADO,completo
PG00003519,C002836,2023-11-08,2023-11-18,2023-12-04,96080.64,38890.59,PAGADO,completo
PG00003520,C003221,2024-02-26,2024-03-05,2024-03-11,51354.11,23808.2,PAGADO,completo
PG00003521,C003221,2024-03-11,2024-03-16,2024-03-25,19354.02,30277.67,PAGADO,completo
PG00003522,C003221,2024-03-31,2024-04-07,2024-04-13,4997.51,21619.77,PAGADO,completo
PG00003523,C700259,2025-11-22,2025-11-30,2025-12-05,226144.6,272993.37,PAGADO,completo
PG00003524,C700259,2025-11-26,2025-11-26,2025-12-05,116873.38,272199.76,PAGADO,completo
PG00003525,C700259,2026-01-01,2026-01-01,2026-01-18,385133.73,182958.58,PAGADO,completo
PG00003526,C002515,2023-06-20,2023-06-29,2023-07-16,1467310.82,1467310.82,PAGADO,completo
PG00003527,C002512,2023-03-16,2023-03-23,2023-03-26,8729.37,4294.81,PAGADO,completo
PG00003528,C002512,2023-04-29,2023-05-02,2023-05-11,5951.68,10386.24,PAGADO,completo
PG00003529,C001871,2023-08-09,2023-08-12,2023-08-13,16854.87,16854.87,PAGADO,completo
PG00003530,C001090,2023-10-08,2023-10-10,2023-10-23,23086.84,43010.07,PAGADO,completo
PG00003531,C001090,2023-11-22,2023-11-30,2023-12-18,22875.67,2952.44,PAGADO,completo
PG00003532,C700095,2024-06-10,2024-06-16,2024-08-25,640592.38,640592.38,PAGADO,demorado
PG00003533,C001485,2023-06-27,2023-06-30,2023-07-16,3998.45,3998.45,PAGADO,completo
PG00003534,C900015,2024-03-17,2024-03-27,,124911.45,0.0,PENDIENTE,pendiente
PG00003535,C002245,2025-12-03,2025-12-03,2025-12-07,65594.52,29523.7,PAGADO,completo
PG00003536,C002245,2026-01-05,2026-01-08,2026-01-11,10111.12,46181.94,PAGADO,completo
PG00003537,C001181,2024-10-30,2024-10-30,2024-11-15,55248.78,55248.78,PAGADO,completo
PG00003538,C002086,2024-12-14,2024-12-21,2025-03-29,17928.8,5572.87,PAGADO,demorado
PG00003539,C002086,2025-01-05,2025-01-11,2025-04-09,5932.43,18288.36,PAGADO,demorado
PG00003540,C001452,2024-03-06,2024-03-08,2024-03-23,7704.08,11797.94,PAGADO,completo
PG00003541,C001452,2024-03-11,2024-03-12,2024-03-15,11306.17,7212.31,PAGADO,completo
PG00003542,C000593,2024-07-30,2024-07-30,2024-08-13,5698.65,17941.49,PAGADO,completo
PG00003543,C000593,2024-09-08,2024-09-14,2024-10-01,18073.69,7888.64,PAGADO,completo
PG00003544,C000593,2024-08-30,2024-09-03,2024-09-20,7140.62,5082.83,PAGADO,completo
PG00003545,C000677,2025-09-06,2025-09-11,2025-10-01,10651.71,28181.78,PAGADO,completo
PG00003546,C000677,2025-10-09,2025-10-14,2025-10-20,24607.78,8835.99,PAGADO,completo
PG00003547,C000677,2025-10-11,2025-10-11,2025-10-22,12430.2,10671.92,PAGADO,completo
PG00003548,C000041,2024-08-21,2024-08-24,2024-09-09,263406.97,263406.97,PAGADO,completo
PG00003549,C000560,2026-05-05,2026-05-14,2026-05-16,55416.07,16552.58,PAGADO,completo
PG00003550,C000560,2026-06-07,2026-06-07,2026-06-12,20289.57,59153.06,PAGADO,completo
PG00003551,C002700,2026-02-19,2026-02-24,2026-03-05,75705.64,75705.64,PAGADO,completo
PG00003552,C800072,2025-08-02,2025-08-07,2025-08-13,127098.21,127098.21,PAGADO,completo
PG00003553,C002247,2024-07-15,2024-07-24,2024-08-02,42394.15,42394.15,PAGADO,parcial
PG00003554,C000243,2024-08-07,2024-08-11,2024-08-23,22065.85,22065.85,PAGADO,parcial
PG00003555,C001124,2023-12-14,2023-12-14,2023-12-22,8386.26,6765.67,PAGADO,completo
PG00003556,C001124,2023-12-05,2023-12-11,2023-12-28,3937.77,4592.23,PAGADO,completo
PG00003557,C001124,2024-01-14,2024-01-22,2024-02-01,3350.49,4316.62,PAGADO,completo
PG00003558,C001339,2024-06-28,2024-07-02,2024-07-02,90721.17,90721.17,PAGADO,parcial
PG00003559,C002059,2023-08-28,2023-08-31,2023-11-03,163968.17,163968.17,PAGADO,demorado
PG00003560,C002567,2023-10-06,2023-10-12,2023-10-26,158843.78,158843.78,PAGADO,completo
PG00003561,C001962,2026-07-09,2026-07-18,2026-07-20,2987.34,7983.64,PAGADO,completo
PG00003562,C001962,2026-07-06,2026-07-15,2026-07-25,6676.33,1680.03,PAGADO,completo
PG00003563,C002014,2026-05-05,2026-05-05,2026-05-21,3069.53,452.91,PAGADO,completo
PG00003564,C002014,2026-06-10,2026-06-17,2026-07-06,3178.1,15573.51,PAGADO,completo
PG00003565,C002014,2026-05-28,2026-06-05,2026-06-08,26710.66,16931.87,PAGADO,completo
PG00003566,C001442,2025-10-27,2025-10-30,2025-11-14,31297.01,9049.91,PAGADO,completo
PG00003567,C001442,2025-11-15,2025-11-18,2025-11-30,39227.97,61475.07,PAGADO,completo
PG00003568,C000261,2023-08-10,2023-08-13,2023-08-27,8720.96,13665.84,PAGADO,completo
PG00003569,C000261,2023-08-30,2023-09-05,2023-09-24,11286.9,31152.81,PAGADO,completo
PG00003570,C000261,2023-09-21,2023-09-22,2023-10-11,38548.92,13738.13,PAGADO,completo
PG00003571,C003206,2026-02-09,2026-02-19,2026-02-26,11303.1,1220.26,PAGADO,completo
PG00003572,C003206,2026-03-01,2026-03-05,2026-03-21,4412.48,18084.09,PAGADO,completo
PG00003573,C003206,2026-04-22,2026-04-26,2026-05-09,5296.52,1707.75,PAGADO,completo
PG00003574,C003367,2026-03-15,2026-03-15,2026-03-23,102985.53,57112.88,PAGADO,completo
PG00003575,C003367,2026-05-03,2026-05-05,2026-05-07,126083.28,133374.82,PAGADO,completo
PG00003576,C003367,2026-05-15,2026-05-16,2026-05-16,127348.25,165929.36,PAGADO,completo
PG00003577,C002535,2024-01-09,2024-01-16,2024-01-27,23492.91,25403.92,PAGADO,completo
PG00003578,C002535,2023-12-31,2024-01-01,2024-01-13,17096.95,15185.94,PAGADO,completo
PG00003579,C001689,2023-01-29,2023-02-01,2023-02-17,134483.82,151714.21,PAGADO,completo
PG00003580,C001689,2023-02-07,2023-02-10,2023-03-01,51982.79,103661.93,PAGADO,completo
PG00003581,C001689,2023-03-15,2023-03-20,2023-03-24,90152.78,21243.25,PAGADO,completo
PG00003582,C003038,2023-12-31,2023-12-31,2024-01-15,41098.69,56776.17,PAGADO,completo
PG00003583,C003038,2024-01-11,2024-01-13,2024-01-24,65361.76,49684.28,PAGADO,completo
PG00003584,C001725,2026-05-17,2026-05-23,2026-05-31,48725.57,41568.28,PAGADO,completo
PG00003585,C001725,2026-06-12,2026-06-19,2026-07-05,114635.27,67956.53,PAGADO,completo
PG00003586,C001725,2026-06-28,2026-07-08,2026-07-28,57720.37,111556.4,PAGADO,completo
PG00003587,C002998,2024-11-15,2024-11-24,2025-02-04,7696.4,9229.01,PAGADO,demorado
PG00003588,C002998,2024-11-26,2024-12-03,2025-02-21,7153.39,5620.78,PAGADO,demorado
PG00003589,C000834,2024-12-03,2024-12-09,2024-12-18,58631.21,39598.85,PAGADO,completo
PG00003590,C000834,2024-11-28,2024-12-02,2024-12-03,16802.53,35834.89,PAGADO,completo
PG00003591,C001866,2026-04-14,2026-04-15,2026-05-01,199072.34,215146.7,PAGADO,completo
PG00003592,C001866,2026-05-25,2026-05-31,2026-06-20,44639.03,144346.36,PAGADO,completo
PG00003593,C001866,2026-06-07,2026-06-12,2026-06-15,321847.36,206065.67,PAGADO,completo
PG00003594,C750092,2025-01-26,2025-01-28,2025-04-09,44024.25,14474.15,PAGADO,demorado
PG00003595,C750092,2025-02-12,2025-02-17,2025-05-06,28546.17,58096.27,PAGADO,demorado
PG00003596,C002092,2023-04-29,2023-05-08,2023-05-19,320430.08,320430.08,PAGADO,completo
PG00003597,C003389,2023-12-11,2023-12-21,2024-03-27,55965.4,55965.4,PAGADO,demorado
PG00003598,C002088,2025-04-14,2025-04-14,2025-06-13,51344.44,51344.44,PAGADO,demorado
PG00003599,C000340,2026-02-11,2026-02-21,2026-03-07,4750.37,22351.11,PAGADO,sobrepago_senal
PG00003600,C000340,2026-03-09,2026-03-15,2026-03-26,27255.49,9654.75,PAGADO,sobrepago_senal
PG00003601,C000360,2024-12-30,2025-01-05,2025-01-13,36806.33,335861.47,PAGADO,completo
PG00003602,C000360,2025-01-24,2025-01-25,2025-02-14,115143.62,104565.32,PAGADO,completo
PG00003603,C000360,2025-02-06,2025-02-15,2025-02-26,426232.18,137755.34,PAGADO,completo
PG00003604,C001601,2025-06-17,2025-06-20,2025-07-07,123612.48,136780.45,PAGADO,completo
PG00003605,C001601,2025-07-03,2025-07-09,2025-07-22,156811.53,143643.56,PAGADO,completo
PG00003606,C000748,2025-07-23,2025-07-29,2025-08-06,117461.15,52390.54,PAGADO,sobrepago_senal
PG00003607,C000748,2025-08-20,2025-08-28,2025-09-17,148893.22,213963.83,PAGADO,sobrepago_senal
PG00003608,C000113,2024-02-02,2024-02-03,2024-03-26,53452.38,55451.53,PAGADO,demorado
PG00003609,C000113,2024-02-03,2024-02-08,2024-04-14,34777.69,32778.54,PAGADO,demorado
PG00003610,C900103,2024-06-16,2024-06-19,2024-06-29,642911.55,642911.55,PAGADO,completo
PG00003611,C000480,2025-01-09,2025-01-10,2025-04-21,48168.14,37077.65,PAGADO,demorado
PG00003612,C000480,2025-01-12,2025-01-15,2025-04-20,27537.5,38627.99,PAGADO,demorado
PG00003613,C002154,2024-06-03,2024-06-06,2024-06-15,294949.52,294949.52,PAGADO,completo
PG00003614,C002208,2024-09-26,2024-10-06,2024-10-07,451260.16,677717.8,PAGADO,completo
PG00003615,C002208,2024-10-04,2024-10-14,2024-10-28,438247.25,406432.22,PAGADO,completo
PG00003616,C002208,2024-11-14,2024-11-15,2024-11-25,393513.62,198871.01,PAGADO,completo
PG00003617,C000508,2024-03-17,2024-03-27,2024-03-30,12290.16,13832.57,PAGADO,completo
PG00003618,C000508,2024-04-05,2024-04-09,2024-04-26,22751.23,21208.82,PAGADO,completo
PG00003619,C003471,2025-11-14,2025-11-17,2025-11-18,7915.84,39547.4,PAGADO,completo
PG00003620,C003471,2025-11-21,2025-11-25,2025-12-03,71730.82,46152.94,PAGADO,completo
PG00003621,C003471,2025-12-09,2025-12-18,2026-01-05,25225.01,19171.33,PAGADO,completo
PG00003622,C002882,2023-01-15,2023-01-24,2023-01-30,41189.04,41189.04,PAGADO,parcial
PG00003623,C800079,2024-07-31,2024-08-10,2024-08-29,677170.56,677170.56,PAGADO,parcial
PG00003624,C002288,2023-02-07,2023-02-08,2023-04-03,56408.34,56408.34,PAGADO,demorado
PG00003625,C000783,2024-05-22,2024-05-24,2024-05-24,2395.62,1616.12,PAGADO,completo
PG00003626,C000783,2024-06-13,2024-06-23,2024-06-29,9128.79,9908.29,PAGADO,completo
PG00003627,C750090,2025-02-05,2025-02-06,2025-02-15,118698.52,118698.52,PAGADO,parcial
PG00003628,C002251,2023-03-21,2023-03-27,2023-04-04,131014.54,131014.54,PAGADO,sobrepago_senal
PG00003629,C003381,2023-08-07,2023-08-13,2023-08-23,2310.66,5229.64,PAGADO,completo
PG00003630,C003381,2023-08-25,2023-08-27,2023-08-29,8245.48,5326.5,PAGADO,completo
PG00003631,C001766,2024-09-14,2024-09-15,2024-09-22,4649.15,4534.49,PAGADO,completo
PG00003632,C001766,2024-09-08,2024-09-13,2024-09-25,4632.45,5137.26,PAGADO,completo
PG00003633,C001766,2024-10-26,2024-10-31,2024-11-08,6678.8,6288.65,PAGADO,completo
PG00003634,C700114,2024-02-14,2024-02-15,2024-02-16,174678.79,147382.25,PAGADO,completo
PG00003635,C700114,2024-04-05,2024-04-13,2024-05-02,173354.45,121976.14,PAGADO,completo
PG00003636,C700114,2024-04-14,2024-04-18,2024-05-03,142459.67,221134.52,PAGADO,completo
PG00003637,C700239,2025-05-01,2025-05-08,2025-07-02,275336.72,196372.7,PAGADO,demorado
PG00003638,C700239,2025-05-01,2025-05-03,2025-06-28,269868.62,348832.64,PAGADO,demorado
PG00003639,C002813,2023-07-07,2023-07-07,2023-07-23,49419.18,49419.18,PAGADO,parcial
PG00003640,C002355,2024-08-19,2024-08-21,2024-08-29,37228.18,51821.72,PAGADO,completo
PG00003641,C002355,2024-09-14,2024-09-20,2024-09-23,20452.22,14689.16,PAGADO,completo
PG00003642,C002355,2024-10-15,2024-10-23,2024-11-11,37703.46,28872.98,PAGADO,completo
PG00003643,C003408,2026-07-16,2026-07-20,2026-08-02,15655.0,43601.04,PAGADO,completo
PG00003644,C003408,2026-07-07,2026-07-15,2026-07-27,32082.4,17302.96,PAGADO,completo
PG00003645,C003408,2026-08-07,2026-08-07,2026-08-07,13879.91,713.31,PAGADO,completo
PG00003646,C002827,2026-01-25,2026-02-02,2026-02-11,17033.14,6479.66,PAGADO,completo
PG00003647,C002827,2026-02-06,2026-02-07,2026-02-08,20728.73,14966.1,PAGADO,completo
PG00003648,C002827,2026-03-07,2026-03-16,2026-03-24,7845.11,24161.22,PAGADO,completo
PG00003649,C002962,2026-06-27,2026-07-07,2026-08-07,24111.33,24111.33,PAGADO,demorado
PG00003650,C750068,2025-03-17,2025-03-25,2025-03-30,49247.38,27145.66,PAGADO,completo
PG00003651,C750068,2025-04-07,2025-04-12,2025-04-27,23835.73,24884.35,PAGADO,completo
PG00003652,C750068,2025-05-15,2025-05-15,2025-06-04,24398.53,45451.63,PAGADO,completo
PG00003653,C900213,2024-02-10,2024-02-17,2024-03-08,13513.5,43870.61,PAGADO,parcial
PG00003654,C900213,2024-03-08,2024-03-12,2024-03-29,35591.87,5234.76,PAGADO,parcial
PG00003655,C003049,2025-11-05,2025-11-12,2025-11-18,83028.43,83028.43,PAGADO,completo
PG00003656,C001271,2025-02-23,2025-02-24,2025-03-08,235801.24,235801.24,PAGADO,completo
PG00003657,C002398,2024-06-20,2024-06-26,2024-06-29,4671.82,1031.18,PAGADO,completo
PG00003658,C002398,2024-06-26,2024-06-27,2024-06-28,1206.53,4847.17,PAGADO,completo
PG00003659,C003084,2025-06-17,2025-06-25,2025-07-07,23116.13,8352.46,PAGADO,sobrepago_senal
PG00003660,C003084,2025-07-07,2025-07-14,2025-07-25,9125.2,23888.87,PAGADO,sobrepago_senal
PG00003661,C700153,2025-05-23,2025-05-27,2025-06-10,119089.45,284987.24,PAGADO,completo
PG00003662,C700153,2025-05-06,2025-05-10,2025-05-15,517312.22,351414.43,PAGADO,completo
PG00003663,C003345,2023-04-08,2023-04-09,2023-04-19,41685.29,8915.05,PAGADO,completo
PG00003664,C003345,2023-05-14,2023-05-23,2023-05-31,21689.63,54459.87,PAGADO,completo
PG00003665,C001127,2023-01-17,2023-01-23,2023-04-29,9502.72,80779.46,PAGADO,demorado
PG00003666,C001127,2023-02-05,2023-02-13,2023-05-23,136302.54,65025.8,PAGADO,demorado
PG00003667,C000626,2023-08-28,2023-08-30,2023-09-06,31430.82,31430.82,PAGADO,completo
PG00003668,C000347,2023-12-22,2024-01-01,2024-01-15,27052.53,22345.51,PAGADO,completo
PG00003669,C000347,2024-01-13,2024-01-21,2024-01-27,22489.59,44039.56,PAGADO,completo
PG00003670,C000347,2024-02-02,2024-02-07,2024-02-22,23854.5,7011.55,PAGADO,completo
PG00003671,C001302,2024-05-17,2024-05-21,2024-07-18,225198.38,225198.38,PAGADO,demorado
PG00003672,C900202,2024-08-04,2024-08-11,2024-08-17,321235.78,21444.11,PAGADO,completo
PG00003673,C900202,2024-08-26,2024-08-30,2024-09-06,160527.15,460318.82,PAGADO,completo
PG00003674,C001565,2024-09-13,2024-09-15,2024-09-21,36307.2,36307.2,PAGADO,parcial
PG00003675,C750065,2025-02-23,2025-02-26,2025-03-16,65934.0,61728.22,PAGADO,completo
PG00003676,C750065,2025-04-15,2025-04-19,2025-04-30,30201.28,34407.06,PAGADO,completo
PG00003677,C002372,2023-01-15,2023-01-15,2023-02-04,30219.19,30219.19,PAGADO,completo
PG00003678,C000979,2024-11-06,2024-11-15,2024-11-23,10999.71,24302.3,PAGADO,parcial
PG00003679,C000979,2024-10-28,2024-11-01,2024-11-01,79300.64,65998.05,PAGADO,parcial
PG00003680,C002743,2023-11-07,2023-11-08,2023-11-22,46893.87,46893.87,PAGADO,completo
PG00003681,C750011,2024-09-06,2024-09-06,2024-09-24,101272.42,88477.01,PAGADO,completo
PG00003682,C750011,2024-10-19,2024-10-21,2024-11-09,56837.92,69633.33,PAGADO,completo
PG00003683,C001423,2023-11-11,2023-11-12,2023-11-21,4708.14,6890.27,PAGADO,completo
PG00003684,C001423,2024-01-05,2024-01-07,2024-01-25,8279.02,14477.34,PAGADO,completo
PG00003685,C001423,2024-01-10,2024-01-18,2024-01-23,22018.39,13637.94,PAGADO,completo
PG00003686,C900021,2026-06-15,2026-06-21,,183580.93,0.0,PENDIENTE,pendiente
PG00003687,C002804,2024-10-24,2024-11-03,,30165.9,0.0,PENDIENTE,pendiente
PG00003688,C000911,2026-03-21,2026-03-27,2026-04-16,4119.69,9206.84,PAGADO,completo
PG00003689,C000911,2026-04-12,2026-04-17,2026-05-05,9578.67,2024.17,PAGADO,completo
PG00003690,C000911,2026-04-10,2026-04-17,2026-04-22,5496.66,7964.01,PAGADO,completo
PG00003691,C002817,2024-01-07,2024-01-13,2024-01-17,26438.59,1535.12,PAGADO,completo
PG00003692,C002817,2024-01-09,2024-01-11,2024-01-30,4073.32,29518.75,PAGADO,completo
PG00003693,C002817,2024-02-05,2024-02-09,2024-02-15,5509.36,4967.4,PAGADO,completo
PG00003694,C000632,2025-08-01,2025-08-09,2025-08-29,18588.98,18588.98,PAGADO,completo
PG00003695,C000669,2025-12-15,2025-12-17,2025-12-25,3234.74,3097.01,PAGADO,completo
PG00003696,C000669,2026-01-12,2026-01-22,2026-01-24,3796.2,5230.59,PAGADO,completo
PG00003697,C000669,2026-01-29,2026-02-05,2026-02-21,9393.0,8096.34,PAGADO,completo
PG00003698,C000445,2025-02-21,2025-02-22,2025-03-08,82792.21,82792.21,PAGADO,completo
PG00003699,C000617,2026-02-16,2026-02-26,2026-03-12,30964.07,62281.28,PAGADO,completo
PG00003700,C000617,2026-03-10,2026-03-20,2026-03-23,68894.85,37577.64,PAGADO,completo
PG00003701,C002377,2025-08-08,2025-08-08,2025-10-09,1721.16,10780.45,PAGADO,demorado
PG00003702,C002377,2025-09-15,2025-09-18,2025-11-28,10987.96,1928.67,PAGADO,demorado
PG00003703,C002721,2024-08-18,2024-08-25,2024-09-01,7960.34,6275.13,PAGADO,completo
PG00003704,C002721,2024-09-23,2024-09-30,2024-10-11,29833.79,31519.0,PAGADO,completo
PG00003705,C002450,2024-10-29,2024-11-07,2024-11-25,290991.31,290991.31,PAGADO,completo
PG00003706,C002668,2025-05-14,2025-05-14,2025-05-14,209544.33,209544.33,PAGADO,completo
PG00003707,C001465,2024-04-15,2024-04-22,2024-05-03,42950.98,42950.98,PAGADO,parcial
PG00003708,C002096,2025-04-15,2025-04-24,2025-04-29,21124.47,21124.47,PAGADO,parcial
PG00003709,C000115,2026-03-30,2026-04-02,2026-07-19,37082.37,37082.37,PAGADO,demorado
PG00003710,C700226,2025-11-11,2025-11-16,2025-12-04,138221.45,532349.87,PAGADO,completo
PG00003711,C700226,2025-12-15,2025-12-19,2025-12-31,523323.52,49913.64,PAGADO,completo
PG00003712,C700226,2025-12-24,2025-12-25,2026-01-03,233797.93,313079.39,PAGADO,completo
PG00003713,C001494,2023-07-11,2023-07-12,2023-07-23,12110.96,2743.25,PAGADO,completo
PG00003714,C001494,2023-07-10,2023-07-18,2023-07-30,3802.82,13170.53,PAGADO,completo
PG00003715,C001232,2025-08-23,2025-08-28,2025-09-11,47707.37,30022.68,PAGADO,parcial
PG00003716,C001232,2025-09-10,2025-09-17,2025-10-06,11843.45,29528.14,PAGADO,parcial
PG00003717,C002123,2026-04-20,2026-04-22,2026-04-28,7013.22,9514.91,PAGADO,completo
PG00003718,C002123,2026-05-21,2026-05-24,2026-06-06,18908.24,17546.08,PAGADO,completo
PG00003719,C002123,2026-05-25,2026-05-31,2026-06-04,16320.41,15180.88,PAGADO,completo
PG00003720,C001153,2025-06-27,2025-06-30,2025-09-19,116285.01,109424.3,PAGADO,demorado
PG00003721,C001153,2025-07-15,2025-07-16,2025-10-15,34807.05,41667.76,PAGADO,demorado
PG00003722,C900194,2024-03-02,2024-03-12,2024-03-18,267742.02,45342.65,PAGADO,completo
PG00003723,C900194,2024-03-07,2024-03-14,2024-03-30,26510.27,387918.52,PAGADO,completo
PG00003724,C900194,2024-04-08,2024-04-12,2024-04-12,304094.93,165086.05,PAGADO,completo
PG00003725,C000057,2023-03-01,2023-03-09,2023-03-29,1992.36,4992.78,PAGADO,completo
PG00003726,C000057,2023-04-04,2023-04-06,2023-04-16,5065.75,2619.77,PAGADO,completo
PG00003727,C000057,2023-05-02,2023-05-06,2023-05-23,2537.82,1983.38,PAGADO,completo
PG00003728,C003285,2025-07-07,2025-07-13,2025-07-17,5964.84,10707.33,PAGADO,completo
PG00003729,C003285,2025-07-31,2025-08-05,2025-08-06,5190.78,9904.77,PAGADO,completo
PG00003730,C003285,2025-09-05,2025-09-12,2025-09-20,22359.79,12903.31,PAGADO,completo
PG00003731,C800058,2025-04-27,2025-05-07,2025-06-22,27485.63,66989.22,PAGADO,demorado
PG00003732,C800058,2025-06-12,2025-06-22,2025-08-24,144679.94,105176.35,PAGADO,demorado
PG00003733,C001735,2023-03-21,2023-03-27,2023-04-12,26402.04,21774.53,PAGADO,completo
PG00003734,C001735,2023-04-14,2023-04-15,2023-04-20,10054.73,7558.73,PAGADO,completo
PG00003735,C001735,2023-04-17,2023-04-19,2023-05-07,31962.73,39086.24,PAGADO,completo
PG00003736,C002638,2026-07-21,2026-07-25,2026-08-05,229485.8,229485.8,PAGADO,parcial
PG00003737,C003160,2026-04-13,2026-04-19,,14570.53,0.0,PENDIENTE,pendiente
PG00003738,C002715,2023-03-27,2023-03-28,2023-04-02,97478.69,97478.69,PAGADO,completo
PG00003739,C000707,2024-11-23,2024-12-03,2024-12-20,15591.85,13737.71,PAGADO,completo
PG00003740,C000707,2024-12-03,2024-12-03,2024-12-21,11708.71,7710.55,PAGADO,completo
PG00003741,C000707,2025-01-12,2025-01-19,2025-01-30,13760.16,19612.46,PAGADO,completo
PG00003742,C001093,2023-11-14,2023-11-17,2023-11-29,19012.08,56056.32,PAGADO,completo
PG00003743,C001093,2023-11-16,2023-11-23,2023-11-28,45854.16,8809.92,PAGADO,completo
PG00003744,C002644,2025-03-12,2025-03-12,2025-03-17,4502.89,6659.26,PAGADO,completo
PG00003745,C002644,2025-04-21,2025-04-27,2025-05-05,4908.86,6280.5,PAGADO,completo
PG00003746,C002644,2025-05-15,2025-05-15,2025-06-03,8415.73,4887.72,PAGADO,completo
PG00003747,C001376,2026-02-25,2026-03-02,2026-03-04,19553.87,12347.2,PAGADO,completo
PG00003748,C001376,2026-03-26,2026-04-02,2026-04-16,28011.67,35218.34,PAGADO,completo
PG00003749,C000072,2024-08-12,2024-08-14,2024-08-20,31718.38,26245.58,PAGADO,completo
PG00003750,C000072,2024-08-09,2024-08-10,2024-08-30,11085.87,16558.67,PAGADO,completo
PG00003751,C001922,2023-09-02,2023-09-02,2023-09-19,64858.84,64858.84,PAGADO,sobrepago_senal
PG00003752,C700032,2024-06-09,2024-06-10,,259026.34,0.0,PENDIENTE,pendiente
PG00003753,C001764,2024-03-16,2024-03-26,2024-03-27,14993.75,14993.75,PAGADO,completo
PG00003754,C000743,2024-08-31,2024-09-09,2024-09-14,243645.7,243645.7,PAGADO,completo
PG00003755,C800034,2024-09-06,2024-09-10,2024-09-12,150430.03,150430.03,PAGADO,parcial
PG00003756,C001005,2025-08-26,2025-09-04,2025-09-10,9809.61,7821.23,PAGADO,completo
PG00003757,C001005,2025-09-15,2025-09-19,2025-10-03,984.56,1118.93,PAGADO,completo
PG00003758,C001005,2025-10-02,2025-10-10,2025-10-22,4813.58,6667.59,PAGADO,completo
PG00003759,C001190,2025-02-10,2025-02-19,2025-02-22,7340.13,9334.03,PAGADO,completo
PG00003760,C001190,2025-03-12,2025-03-12,2025-03-25,23341.28,21347.38,PAGADO,completo
PG00003761,C001125,2024-02-15,2024-02-24,2024-03-01,108235.27,346706.71,PAGADO,completo
PG00003762,C001125,2024-02-27,2024-03-01,2024-03-14,95654.63,67842.44,PAGADO,completo
PG00003763,C001125,2024-03-03,2024-03-04,2024-03-24,400413.17,189753.92,PAGADO,completo
PG00003764,C001241,2026-05-28,2026-06-02,2026-06-11,146146.9,77455.64,PAGADO,completo
PG00003765,C001241,2026-06-19,2026-06-19,2026-06-27,8904.1,90900.66,PAGADO,completo
PG00003766,C001241,2026-07-27,2026-08-05,2026-08-07,74110.5,60805.2,PAGADO,completo
PG00003767,C002107,2025-02-24,2025-02-25,2025-03-11,13940.03,10115.92,PAGADO,completo
PG00003768,C002107,2025-03-12,2025-03-19,2025-03-30,9115.92,23155.65,PAGADO,completo
PG00003769,C002107,2025-04-02,2025-04-03,2025-04-21,20935.21,10719.59,PAGADO,completo
PG00003770,C002554,2023-08-31,2023-09-03,2023-09-14,8180.8,10333.33,PAGADO,completo
PG00003771,C002554,2023-09-24,2023-09-27,2023-10-05,3832.0,1679.47,PAGADO,completo
PG00003772,C000998,2025-11-08,2025-11-11,2025-11-19,1810.38,3002.09,PAGADO,completo
PG00003773,C000998,2025-11-21,2025-11-21,2025-12-08,2237.7,1045.99,PAGADO,completo
PG00003774,C001577,2025-06-20,2025-06-21,2025-06-30,55186.17,73863.87,PAGADO,parcial
PG00003775,C001577,2025-08-11,2025-08-14,2025-08-17,55565.03,36887.33,PAGADO,parcial
PG00003776,C900235,2025-12-08,2025-12-18,2026-01-02,10667.35,20546.13,PAGADO,completo
PG00003777,C900235,2025-12-29,2026-01-01,2026-01-19,35289.98,18047.1,PAGADO,completo
PG00003778,C900235,2026-01-07,2026-01-15,2026-01-22,29748.31,37112.41,PAGADO,completo
PG00003779,C001826,2026-01-01,2026-01-09,2026-01-26,49331.22,49331.22,PAGADO,completo
PG00003780,C002439,2024-11-02,2024-11-08,2024-11-19,37124.5,37124.5,PAGADO,completo
PG00003781,C800099,2024-03-16,2024-03-22,2024-03-23,175374.93,175374.93,PAGADO,completo
PG00003782,C800000,2025-05-08,2025-05-18,2025-05-28,203390.19,203390.19,PAGADO,completo
PG00003783,C000440,2025-05-17,2025-05-26,2025-06-01,39432.01,17551.04,PAGADO,completo
PG00003784,C000440,2025-05-18,2025-05-20,2025-05-26,36273.63,58154.6,PAGADO,completo
PG00003785,C001100,2023-08-29,2023-09-02,2023-09-03,78876.36,78876.36,PAGADO,completo
PG00003786,C002259,2024-04-06,2024-04-15,2024-04-17,28141.4,28141.4,PAGADO,completo
PG00003787,C000649,2024-06-25,2024-06-29,2024-07-11,1696.61,2418.25,PAGADO,completo
PG00003788,C000649,2024-06-24,2024-06-24,2024-07-12,2433.26,759.91,PAGADO,completo
PG00003789,C000649,2024-07-04,2024-07-08,2024-07-20,3618.76,4570.47,PAGADO,completo
PG00003790,C001546,2023-12-29,2024-01-01,2024-01-06,73514.0,73514.0,PAGADO,completo
PG00003791,C002627,2025-08-27,2025-09-04,2025-09-21,7461.56,11461.13,PAGADO,completo
PG00003792,C002627,2025-10-09,2025-10-10,2025-10-19,7014.95,3015.38,PAGADO,completo
PG00003793,C002354,2024-12-27,2025-01-05,2025-01-08,10571.96,58133.61,PAGADO,completo
PG00003794,C002354,2025-02-03,2025-02-10,2025-02-26,62644.48,62527.13,PAGADO,completo
PG00003795,C002354,2025-03-01,2025-03-02,2025-03-20,154606.98,107162.68,PAGADO,completo
PG00003796,C000630,2025-02-18,2025-02-18,2025-02-28,212173.57,212173.57,PAGADO,completo
PG00003797,C000672,2025-06-30,2025-07-10,2025-07-14,26294.19,29551.81,PAGADO,parcial
PG00003798,C000672,2025-08-09,2025-08-14,2025-08-23,22758.57,19500.95,PAGADO,parcial
PG00003799,C001249,2025-11-17,2025-11-22,,3048.08,0.0,PENDIENTE,pendiente
PG00003800,C000482,2025-07-22,2025-07-28,2025-08-07,44899.66,137411.72,PAGADO,parcial
PG00003801,C000482,2025-08-20,2025-08-29,2025-08-30,541476.41,448964.35,PAGADO,parcial
PG00003802,C001584,2025-08-07,2025-08-16,2025-09-01,17226.82,32541.25,PAGADO,completo
PG00003803,C001584,2025-08-24,2025-08-27,2025-09-16,31523.24,8363.86,PAGADO,completo
PG00003804,C001584,2025-08-10,2025-08-19,2025-09-05,1728.6,9573.55,PAGADO,completo
PG00003805,C750071,2025-08-17,2025-08-17,2025-08-30,160673.16,160673.16,PAGADO,completo
PG00003806,C001462,2025-05-12,2025-05-16,2025-05-26,10505.78,10505.78,PAGADO,completo
PG00003807,C900026,2025-03-24,2025-04-01,2025-04-13,59034.29,88298.07,PAGADO,sobrepago_senal
PG00003808,C900026,2025-03-29,2025-04-08,2025-04-23,117597.97,88334.19,PAGADO,sobrepago_senal
PG00003809,C002688,2025-06-19,2025-06-26,2025-07-13,19166.42,25288.85,PAGADO,completo
PG00003810,C002688,2025-06-13,2025-06-22,2025-06-23,57222.73,51100.3,PAGADO,completo
PG00003811,C000049,2023-12-11,2023-12-14,2023-12-30,12823.61,70642.26,PAGADO,completo
PG00003812,C000049,2024-01-03,2024-01-03,2024-01-06,88905.09,31086.44,PAGADO,completo
PG00003813,C003286,2026-02-23,2026-03-03,2026-03-15,3334.13,7948.65,PAGADO,completo
PG00003814,C003286,2026-02-24,2026-02-24,2026-03-01,8076.69,9780.09,PAGADO,completo
PG00003815,C003286,2026-03-15,2026-03-25,2026-04-02,12156.98,5839.06,PAGADO,completo
PG00003816,C002258,2023-12-05,2023-12-13,2024-01-02,41924.55,41924.55,PAGADO,completo
PG00003817,C000858,2024-01-04,2024-01-09,2024-03-20,85076.8,85076.8,PAGADO,demorado
PG00003818,C001072,2024-02-17,2024-02-17,2024-02-27,35349.26,48661.5,PAGADO,completo
PG00003819,C001072,2024-02-28,2024-03-04,2024-03-05,27326.31,37779.01,PAGADO,completo
PG00003820,C001072,2024-04-23,2024-05-01,2024-05-02,36870.45,13105.51,PAGADO,completo
PG00003821,C000719,2025-12-14,2025-12-19,,31070.64,0.0,PENDIENTE,pendiente
PG00003822,C001660,2024-07-17,2024-07-24,2024-08-05,39693.7,121320.72,PAGADO,parcial
PG00003823,C001660,2024-07-12,2024-07-19,2024-08-03,109381.58,27754.56,PAGADO,parcial
PG00003824,C001656,2026-02-21,2026-02-27,2026-03-05,8470.53,12484.1,PAGADO,completo
PG00003825,C001656,2026-03-22,2026-03-23,2026-04-04,13953.62,5163.89,PAGADO,completo
PG00003826,C001656,2026-04-30,2026-04-30,2026-05-01,1636.61,6412.77,PAGADO,completo
PG00003827,C700187,2026-06-18,2026-06-26,2026-07-14,282514.79,312520.92,PAGADO,completo
PG00003828,C700187,2026-06-08,2026-06-10,2026-06-30,201303.81,152022.22,PAGADO,completo
PG00003829,C700187,2026-08-04,2026-08-07,2026-08-07,370131.94,389407.4,PAGADO,completo
PG00003830,C003192,2023-11-11,2023-11-15,2023-11-23,42883.79,42883.79,PAGADO,completo
PG00003831,C800086,2026-06-01,2026-06-02,2026-08-07,140800.47,140800.47,PAGADO,demorado
PG00003832,C002452,2024-11-09,2024-11-10,2024-11-27,7111.04,5042.71,PAGADO,parcial
PG00003833,C002452,2024-12-10,2024-12-10,2024-12-10,23561.33,25629.66,PAGADO,parcial
PG00003834,C700118,2024-05-02,2024-05-04,2024-05-20,53726.37,29539.88,PAGADO,completo
PG00003835,C700118,2024-05-25,2024-06-01,2024-06-14,27735.31,36248.44,PAGADO,completo
PG00003836,C700118,2024-05-23,2024-05-27,2024-06-11,68876.05,84549.41,PAGADO,completo
PG00003837,C900192,2026-06-03,2026-06-05,2026-06-15,200889.35,167510.11,PAGADO,completo
PG00003838,C900192,2026-06-16,2026-06-16,2026-06-24,154861.37,188240.61,PAGADO,completo
PG00003839,C001385,2025-05-29,2025-06-03,,95370.21,0.0,PENDIENTE,pendiente
PG00003840,C900001,2025-08-09,2025-08-10,2025-11-25,98449.87,24792.57,PAGADO,demorado
PG00003841,C900001,2025-09-21,2025-09-24,2026-01-06,67607.57,141264.87,PAGADO,demorado
PG00003842,C001399,2023-12-10,2023-12-12,2023-12-28,79366.34,79366.34,PAGADO,completo
PG00003843,C001195,2024-04-10,2024-04-12,2024-04-24,3938.47,24626.52,PAGADO,completo
PG00003844,C001195,2024-04-15,2024-04-23,2024-05-05,35452.52,16152.1,PAGADO,completo
PG00003845,C001195,2024-05-02,2024-05-06,2024-05-10,4431.6,3043.97,PAGADO,completo
PG00003846,C001408,2026-04-04,2026-04-05,2026-04-10,23934.13,20504.06,PAGADO,completo
PG00003847,C001408,2026-05-08,2026-05-15,2026-05-27,10951.73,5044.91,PAGADO,completo
PG00003848,C001408,2026-04-19,2026-04-29,2026-05-16,11624.3,20961.19,PAGADO,completo
PG00003849,C002833,2023-08-25,2023-09-03,2023-09-16,19367.61,9957.15,PAGADO,completo
PG00003850,C002833,2023-10-04,2023-10-11,2023-10-24,3035.96,8939.48,PAGADO,completo
PG00003851,C002833,2023-10-04,2023-10-08,2023-10-23,6248.77,9755.71,PAGADO,completo
PG00003852,C001798,2023-10-23,2023-10-25,2023-11-06,3824.37,1502.5,PAGADO,completo
PG00003853,C001798,2023-11-22,2023-12-01,2023-12-20,6653.14,3337.33,PAGADO,completo
PG00003854,C001798,2023-11-11,2023-11-19,2023-11-23,4527.71,10165.39,PAGADO,completo
PG00003855,C001475,2025-07-13,2025-07-22,2025-08-10,22402.49,4709.26,PAGADO,completo
PG00003856,C001475,2025-07-26,2025-08-03,2025-08-19,7796.99,3828.1,PAGADO,completo
PG00003857,C001475,2025-09-12,2025-09-13,2025-09-23,2986.72,24648.84,PAGADO,completo
PG00003858,C002378,2023-05-29,2023-05-30,2023-06-05,1330.88,600.59,PAGADO,completo
PG00003859,C002378,2023-06-27,2023-07-07,2023-07-18,1406.33,3156.7,PAGADO,completo
PG00003860,C002378,2023-07-13,2023-07-21,2023-07-21,3082.35,2062.27,PAGADO,completo
PG00003861,C900077,2024-04-02,2024-04-03,2024-04-17,141459.46,141459.46,PAGADO,completo
PG00003862,C002628,2024-06-14,2024-06-22,2024-06-24,39678.83,39678.83,PAGADO,completo
PG00003863,C002347,2026-05-10,2026-05-16,2026-05-21,79615.24,25101.76,PAGADO,parcial
PG00003864,C002347,2026-06-14,2026-06-16,2026-06-23,26065.59,80579.07,PAGADO,parcial
PG00003865,C800010,2024-10-29,2024-11-04,2024-11-17,195693.78,195693.78,PAGADO,completo
PG00003866,C001286,2023-12-31,2023-12-31,2024-01-15,27567.44,27567.44,PAGADO,completo
PG00003867,C000349,2024-08-27,2024-09-03,2024-09-11,116624.16,116624.16,PAGADO,parcial
PG00003868,C002309,2025-10-03,2025-10-06,2025-10-16,36682.76,25031.52,PAGADO,completo
PG00003869,C002309,2025-10-15,2025-10-24,2025-10-30,39022.88,50674.12,PAGADO,completo
PG00003870,C001681,2023-01-28,2023-02-06,,69027.68,0.0,PENDIENTE,pendiente
PG00003871,C001443,2023-05-18,2023-05-26,2023-06-14,60316.42,60316.42,PAGADO,sobrepago_senal
PG00003872,C002402,2023-08-01,2023-08-09,2023-08-16,31693.82,15793.92,PAGADO,completo
PG00003873,C002402,2023-08-06,2023-08-08,2023-08-18,6416.64,22316.54,PAGADO,completo
PG00003874,C001671,2026-05-11,2026-05-20,2026-05-30,1606.14,3167.74,PAGADO,completo
PG00003875,C001671,2026-05-22,2026-05-27,2026-06-12,3969.84,2408.24,PAGADO,completo
PG00003876,C001179,2023-04-02,2023-04-04,2023-04-05,1930.99,10700.97,PAGADO,completo
PG00003877,C001179,2023-05-22,2023-05-26,2023-06-01,6737.19,6302.82,PAGADO,completo
PG00003878,C001179,2023-05-17,2023-05-21,2023-05-23,12072.37,3736.76,PAGADO,completo
PG00003879,C003121,2024-10-06,2024-10-11,2024-10-14,2751.31,2726.72,PAGADO,parcial
PG00003880,C003121,2024-10-28,2024-11-05,2024-11-20,3831.59,3856.18,PAGADO,parcial
PG00003881,C900034,2025-03-19,2025-03-22,2025-03-31,41234.66,89927.8,PAGADO,completo
PG00003882,C900034,2025-04-01,2025-04-04,2025-04-12,80881.74,43198.13,PAGADO,completo
PG00003883,C900034,2025-05-06,2025-05-12,2025-05-13,74910.27,63900.74,PAGADO,completo
PG00003884,C002680,2023-03-02,2023-03-03,2023-03-06,24095.76,11066.86,PAGADO,completo
PG00003885,C002680,2023-02-23,2023-02-24,2023-03-15,19313.99,32342.89,PAGADO,completo
PG00003886,C001916,2023-07-13,2023-07-17,2023-10-17,73633.64,73633.64,PAGADO,demorado
PG00003887,C001357,2025-12-29,2025-12-29,2026-01-07,5385.14,10188.37,PAGADO,parcial
PG00003888,C001357,2025-12-18,2025-12-24,2025-12-26,25176.51,20373.28,PAGADO,parcial
PG00003889,C001825,2025-08-11,2025-08-17,2025-08-20,6727.58,10889.08,PAGADO,parcial
PG00003890,C001825,2025-09-28,2025-10-05,2025-10-13,15307.58,11146.08,PAGADO,parcial
PG00003891,C000786,2023-04-30,2023-05-10,2023-05-14,13178.68,13302.71,PAGADO,completo
PG00003892,C000786,2023-05-27,2023-06-06,2023-06-25,16514.0,16389.97,PAGADO,completo
PG00003893,C900177,2024-02-03,2024-02-11,2024-02-25,53653.9,55476.26,PAGADO,completo
PG00003894,C900177,2024-03-09,2024-03-18,2024-03-23,45274.16,44754.03,PAGADO,completo
PG00003895,C900177,2024-03-18,2024-03-28,2024-04-17,21086.3,19784.07,PAGADO,completo
PG00003896,C000140,2025-12-09,2025-12-11,2025-12-19,31470.55,80457.32,PAGADO,parcial
PG00003897,C000140,2026-01-20,2026-01-22,2026-02-05,67088.37,18101.6,PAGADO,parcial
PG00003898,C000788,2026-02-19,2026-02-25,2026-03-05,35966.17,31483.2,PAGADO,completo
PG00003899,C000788,2026-03-12,2026-03-22,2026-04-02,9967.84,2200.64,PAGADO,completo
PG00003900,C000788,2026-04-01,2026-04-05,2026-04-14,16778.11,29028.28,PAGADO,completo
PG00003901,C000323,2023-08-04,2023-08-08,2023-10-11,87375.57,87375.57,PAGADO,demorado
PG00003902,C003052,2025-06-07,2025-06-11,,84065.94,0.0,PENDIENTE,pendiente
PG00003903,C000714,2024-01-10,2024-01-16,2024-01-21,51491.97,11246.67,PAGADO,completo
PG00003904,C000714,2024-02-15,2024-02-17,2024-02-20,9031.84,60087.36,PAGADO,completo
PG00003905,C000714,2024-02-18,2024-02-20,2024-03-02,39779.95,28969.73,PAGADO,completo
PG00003906,C700137,2024-04-04,2024-04-05,2024-06-26,744960.97,744960.97,PAGADO,demorado
PG00003907,C900256,2024-12-10,2024-12-14,2024-12-15,17861.93,65467.86,PAGADO,completo
PG00003908,C900256,2025-01-02,2025-01-05,2025-01-10,347124.78,285800.97,PAGADO,completo
PG00003909,C900256,2025-01-02,2025-01-08,2025-01-08,192944.0,206661.88,PAGADO,completo
PG00003910,C700122,2026-02-01,2026-02-06,2026-02-08,482202.2,482202.2,PAGADO,completo
PG00003911,C750020,2024-11-28,2024-12-06,2024-12-17,105323.91,65055.67,PAGADO,parcial
PG00003912,C750020,2024-12-20,2024-12-21,2025-01-07,65954.75,106222.99,PAGADO,parcial
PG00003913,C002227,2026-03-05,2026-03-13,2026-03-27,2636.04,1902.12,PAGADO,completo
PG00003914,C002227,2026-03-29,2026-04-06,2026-04-07,12211.11,8037.67,PAGADO,completo
PG00003915,C002227,2026-03-23,2026-03-25,2026-04-10,2581.71,7489.07,PAGADO,completo
PG00003916,C000406,2026-03-09,2026-03-12,2026-03-31,4734.61,21904.17,PAGADO,parcial
PG00003917,C000406,2026-03-17,2026-03-24,2026-03-28,26741.09,9571.53,PAGADO,parcial
PG00003918,C900041,2026-07-22,2026-07-24,2026-07-31,454476.46,454476.46,PAGADO,completo
PG00003919,C001004,2026-04-18,2026-04-20,2026-05-06,24384.75,24384.75,PAGADO,completo
PG00003920,C000890,2024-12-01,2024-12-03,2025-02-25,10676.37,9555.68,PAGADO,demorado
PG00003921,C000890,2024-12-19,2024-12-21,2025-03-20,7074.71,8195.4,PAGADO,demorado
PG00003922,C700030,2024-11-06,2024-11-07,2024-11-12,445895.6,445895.6,PAGADO,parcial
PG00003923,C002913,2023-12-04,2023-12-09,2023-12-21,5660.61,28027.21,PAGADO,completo
PG00003924,C002913,2024-01-31,2024-02-09,2024-02-25,34261.56,11894.96,PAGADO,completo
PG00003925,C003392,2024-07-06,2024-07-09,2024-08-31,25020.94,7073.47,PAGADO,demorado
PG00003926,C003392,2024-07-25,2024-07-25,2024-09-16,16955.1,34902.57,PAGADO,demorado
PG00003927,C002453,2023-06-20,2023-06-28,2023-06-30,31572.28,24103.43,PAGADO,completo
PG00003928,C002453,2023-06-30,2023-07-04,2023-07-06,22428.1,29896.95,PAGADO,completo
PG00003929,C000303,2023-11-12,2023-11-18,2023-11-21,441315.0,441315.0,PAGADO,completo
PG00003930,C700178,2025-07-27,2025-08-02,2025-08-17,429895.03,429895.03,PAGADO,completo
PG00003931,C900269,2024-11-13,2024-11-22,2024-11-27,126230.89,126230.89,PAGADO,parcial
PG00003932,C000664,2026-04-10,2026-04-19,2026-05-03,5413.49,5145.55,PAGADO,completo
PG00003933,C000664,2026-05-04,2026-05-04,2026-05-10,13323.72,13591.66,PAGADO,completo
PG00003934,C001177,2026-03-24,2026-03-25,,337671.06,0.0,PENDIENTE,pendiente
PG00003935,C001947,2023-11-26,2023-12-04,2023-12-13,7686.63,7063.92,PAGADO,completo
PG00003936,C001947,2024-01-09,2024-01-14,2024-01-19,8465.12,9087.83,PAGADO,completo
PG00003937,C003395,2023-04-02,2023-04-02,2023-04-18,3796.48,18251.19,PAGADO,completo
PG00003938,C003395,2023-05-15,2023-05-16,2023-05-16,26131.89,11677.18,PAGADO,completo
PG00003939,C002132,2023-03-17,2023-03-21,2023-04-03,96621.71,136711.7,PAGADO,completo
PG00003940,C002132,2023-03-03,2023-03-03,2023-03-19,78163.45,38073.46,PAGADO,completo
PG00003941,C700016,2026-02-19,2026-03-01,2026-03-10,350021.33,388970.59,PAGADO,completo
PG00003942,C700016,2026-02-25,2026-02-26,2026-03-02,195758.55,156809.29,PAGADO,completo
PG00003943,C000961,2025-10-17,2025-10-26,2025-10-26,25396.85,25396.85,PAGADO,parcial
PG00003944,C002009,2023-06-22,2023-06-29,2023-07-16,2954.71,69521.64,PAGADO,completo
PG00003945,C002009,2023-08-07,2023-08-14,2023-08-14,166101.96,99535.03,PAGADO,completo
PG00003946,C002149,2026-05-08,2026-05-10,2026-05-20,14422.17,21780.08,PAGADO,sobrepago_senal
PG00003947,C002149,2026-06-19,2026-06-22,2026-06-26,24351.57,16993.66,PAGADO,sobrepago_senal
PG00003948,C002547,2024-09-17,2024-09-21,2024-10-02,133071.15,133071.15,PAGADO,completo
PG00003949,C750004,2024-03-10,2024-03-10,2024-05-18,88945.68,22172.96,PAGADO,demorado
PG00003950,C750004,2024-04-20,2024-04-23,2024-07-06,31912.31,98685.03,PAGADO,demorado
PG00003951,C000304,2023-07-28,2023-07-28,2023-08-13,34191.42,37244.63,PAGADO,completo
PG00003952,C000304,2023-07-18,2023-07-24,2023-08-05,112429.42,109376.21,PAGADO,completo
PG00003953,C750000,2024-07-11,2024-07-16,2024-07-17,37149.84,14252.91,PAGADO,parcial
PG00003954,C750000,2024-08-31,2024-09-02,2024-09-18,24943.29,47840.22,PAGADO,parcial
PG00003955,C900211,2024-06-01,2024-06-03,2024-08-22,52247.32,16549.72,PAGADO,demorado
PG00003956,C900211,2024-07-06,2024-07-13,2024-10-11,51580.43,87278.03,PAGADO,demorado
PG00003957,C000916,2023-07-17,2023-07-26,2023-08-08,29292.89,41776.25,PAGADO,completo
PG00003958,C000916,2023-08-07,2023-08-07,2023-08-08,15673.46,31151.31,PAGADO,completo
PG00003959,C000916,2023-08-18,2023-08-28,2023-09-08,44312.93,16351.72,PAGADO,completo
PG00003960,C002758,2025-06-10,2025-06-11,2025-06-13,174117.08,174117.08,PAGADO,completo
PG00003961,C001624,2025-02-23,2025-02-28,,40124.16,0.0,PENDIENTE,pendiente
PG00003962,C750021,2024-12-20,2024-12-22,2025-01-03,35381.99,28515.01,PAGADO,completo
PG00003963,C750021,2025-01-19,2025-01-21,2025-01-27,41843.3,48710.28,PAGADO,completo
PG00003964,C000821,2025-07-26,2025-07-31,2025-08-16,2388.52,13182.21,PAGADO,completo
PG00003965,C000821,2025-07-20,2025-07-21,2025-07-27,13228.26,2434.57,PAGADO,completo
PG00003966,C002446,2026-06-17,2026-06-24,2026-07-11,19182.77,22343.87,PAGADO,parcial
PG00003967,C002446,2026-07-20,2026-07-30,2026-08-07,40690.53,37529.43,PAGADO,parcial
PG00003968,C001354,2023-07-20,2023-07-24,2023-08-03,12031.29,17075.78,PAGADO,completo
PG00003969,C001354,2023-08-25,2023-08-31,2023-09-01,3923.67,13208.82,PAGADO,completo
PG00003970,C001354,2023-09-25,2023-09-26,2023-10-05,19682.57,5352.93,PAGADO,completo
PG00003971,C700147,2025-04-07,2025-04-09,2025-06-29,743137.89,743137.89,PAGADO,demorado
PG00003972,C700203,2025-08-25,2025-09-01,2025-09-06,94220.54,173931.87,PAGADO,completo
PG00003973,C700203,2025-10-07,2025-10-14,2025-10-29,96475.54,4551.34,PAGADO,completo
PG00003974,C700203,2025-10-09,2025-10-09,2025-10-27,20547.54,32760.41,PAGADO,completo
PG00003975,C001000,2026-03-21,2026-03-29,2026-06-29,123009.23,238076.75,PAGADO,demorado
PG00003976,C001000,2026-05-03,2026-05-06,2026-08-07,180627.46,65559.94,PAGADO,demorado
PG00003977,C000018,2023-04-13,2023-04-22,2023-05-10,42132.94,36421.94,PAGADO,completo
PG00003978,C000018,2023-04-28,2023-05-02,2023-05-06,122704.63,128415.63,PAGADO,completo
PG00003979,C001637,2025-05-19,2025-05-22,2025-07-28,38068.08,38068.08,PAGADO,demorado
PG00003980,C001667,2025-07-13,2025-07-15,2025-07-29,34179.87,16968.01,PAGADO,completo
PG00003981,C001667,2025-07-05,2025-07-07,2025-07-08,35602.15,30341.39,PAGADO,completo
PG00003982,C001667,2025-08-26,2025-08-28,2025-09-04,15261.04,37733.66,PAGADO,completo
PG00003983,C000493,2023-01-21,2023-01-22,2023-02-06,22701.8,22701.8,PAGADO,completo
PG00003984,C003047,2024-06-22,2024-06-25,2024-06-30,22946.38,19813.16,PAGADO,completo
PG00003985,C003047,2024-07-19,2024-07-20,2024-08-06,10092.19,13225.41,PAGADO,completo
PG00003986,C002763,2025-01-27,2025-02-01,2025-02-16,15635.63,15635.63,PAGADO,parcial
PG00003987,C000687,2024-02-14,2024-02-14,2024-02-28,8374.76,12616.92,PAGADO,completo
PG00003988,C000687,2024-03-16,2024-03-25,2024-04-14,14071.98,9829.82,PAGADO,completo
PG00003989,C002765,2023-03-08,2023-03-12,2023-03-31,24984.91,24984.91,PAGADO,completo
PG00003990,C001608,2024-11-21,2024-11-21,2024-12-09,12901.03,4330.76,PAGADO,completo
PG00003991,C001608,2024-12-16,2024-12-17,2024-12-17,9196.69,12100.03,PAGADO,completo
PG00003992,C001608,2024-12-31,2024-12-31,2025-01-06,4405.74,10072.67,PAGADO,completo
PG00003993,C700267,2025-10-13,2025-10-19,2025-11-06,115193.25,115193.25,PAGADO,completo
PG00003994,C750047,2025-06-29,2025-06-29,2025-07-16,143536.45,35283.32,PAGADO,completo
PG00003995,C750047,2025-07-16,2025-07-20,2025-07-31,22373.95,27882.47,PAGADO,completo
PG00003996,C750047,2025-07-25,2025-07-27,2025-08-01,39745.32,142489.93,PAGADO,completo
PG00003997,C001009,2024-08-05,2024-08-06,2024-08-08,5511.18,7012.54,PAGADO,completo
PG00003998,C001009,2024-08-27,2024-09-04,2024-09-11,20984.09,24095.98,PAGADO,completo
PG00003999,C001009,2024-09-11,2024-09-18,2024-10-08,11362.51,6749.26,PAGADO,completo
PG00004000,C800052,2025-03-09,2025-03-12,2025-03-21,29321.9,28553.45,PAGADO,completo
PG00004001,C800052,2025-03-09,2025-03-12,2025-03-26,17880.99,33133.74,PAGADO,completo
PG00004002,C800052,2025-04-13,2025-04-16,2025-05-04,17155.77,2671.47,PAGADO,completo
PG00004003,C001327,2024-10-30,2024-11-07,2024-11-14,12114.9,1651.78,PAGADO,completo
PG00004004,C001327,2024-10-27,2024-10-27,2024-11-01,19067.9,21102.7,PAGADO,completo
PG00004005,C001327,2024-12-10,2024-12-12,2024-12-23,9153.32,17581.64,PAGADO,completo
PG00004006,C001677,2023-03-01,2023-03-09,2023-03-20,75394.5,75394.5,PAGADO,completo
PG00004007,C001999,2025-07-18,2025-07-26,2025-07-30,132004.34,132004.34,PAGADO,parcial
PG00004008,C001310,2023-02-10,2023-02-11,2023-02-21,26595.24,8410.1,PAGADO,completo
PG00004009,C001310,2023-02-16,2023-02-20,2023-02-22,24317.35,42502.49,PAGADO,completo
PG00004010,C001987,2023-10-09,2023-10-11,2023-10-20,40871.93,40871.93,PAGADO,completo
PG00004011,C002815,2025-01-21,2025-01-23,2025-01-25,97894.29,97109.35,PAGADO,completo
PG00004012,C002815,2025-02-14,2025-02-14,2025-02-14,103563.26,104348.2,PAGADO,completo
PG00004013,C000344,2024-04-30,2024-04-30,2024-05-07,21874.45,36943.3,PAGADO,parcial
PG00004014,C000344,2024-04-14,2024-04-14,2024-04-28,30559.48,15490.63,PAGADO,parcial
PG00004015,C003045,2023-11-29,2023-12-07,2023-12-09,68013.09,68013.09,PAGADO,completo
PG00004016,C000986,2024-03-26,2024-04-02,,6561.14,0.0,PENDIENTE,pendiente
PG00004017,C002850,2023-09-05,2023-09-11,2023-09-19,19312.1,10684.2,PAGADO,completo
PG00004018,C002850,2023-10-06,2023-10-08,2023-10-25,8091.02,16718.92,PAGADO,completo
PG00004019,C003329,2023-10-15,2023-10-17,2023-10-26,9748.47,49432.25,PAGADO,completo
PG00004020,C003329,2023-10-13,2023-10-19,2023-10-25,14242.5,6093.69,PAGADO,completo
PG00004021,C003329,2023-11-05,2023-11-15,2023-11-18,34688.47,3153.5,PAGADO,completo
PG00004022,C002953,2023-11-02,2023-11-02,2023-11-17,51827.76,51827.76,PAGADO,parcial
PG00004023,C002284,2023-10-10,2023-10-17,,80799.93,0.0,PENDIENTE,pendiente
PG00004024,C001142,2025-05-01,2025-05-01,2025-05-18,8712.6,9161.02,PAGADO,completo
PG00004025,C001142,2025-05-21,2025-05-29,2025-06-18,5951.66,7091.82,PAGADO,completo
PG00004026,C001142,2025-05-26,2025-05-31,2025-06-05,8341.6,6753.02,PAGADO,completo
PG00004027,C001198,2025-01-22,2025-02-01,2025-02-03,9778.96,8143.64,PAGADO,parcial
PG00004028,C001198,2025-02-18,2025-02-20,2025-03-12,10526.57,12161.89,PAGADO,parcial
PG00004029,C000085,2026-01-02,2026-01-10,2026-01-22,44042.78,44042.78,PAGADO,completo
PG00004030,C001518,2025-11-06,2025-11-07,2025-11-08,17233.65,12097.34,PAGADO,completo
PG00004031,C001518,2025-11-19,2025-11-22,2025-12-04,10795.92,15932.23,PAGADO,completo
PG00004032,C800106,2025-01-18,2025-01-18,2025-01-19,1959398.92,815093.5,PAGADO,completo
PG00004033,C800106,2025-02-23,2025-02-24,2025-03-12,171899.47,1316204.89,PAGADO,completo
PG00004034,C001381,2023-11-05,2023-11-07,2023-11-17,14379.34,16610.47,PAGADO,parcial
PG00004035,C001381,2023-11-27,2023-12-03,2023-12-03,8465.57,6234.44,PAGADO,parcial
PG00004036,C900123,2024-05-21,2024-05-29,2024-05-30,372518.17,372518.17,PAGADO,completo
PG00004037,C001014,2023-04-27,2023-04-28,2023-05-01,12080.4,25884.89,PAGADO,completo
PG00004038,C001014,2023-05-28,2023-05-29,2023-06-13,26786.11,12981.62,PAGADO,completo
PG00004039,C000128,2023-11-30,2023-12-04,2023-12-05,17117.74,17117.74,PAGADO,parcial
PG00004040,C001364,2024-01-14,2024-01-20,2024-02-08,3019.51,7396.06,PAGADO,completo
PG00004041,C001364,2024-02-08,2024-02-12,2024-02-23,14282.7,6520.06,PAGADO,completo
PG00004042,C001364,2024-02-09,2024-02-18,2024-03-04,3469.82,6855.91,PAGADO,completo
PG00004043,C800018,2025-03-27,2025-03-30,,171370.3,0.0,PENDIENTE,pendiente
PG00004044,C003388,2024-01-06,2024-01-12,2024-01-20,6032.64,11427.01,PAGADO,completo
PG00004045,C003388,2024-01-19,2024-01-25,2024-02-03,12880.83,7486.46,PAGADO,completo
PG00004046,C000891,2026-08-05,2026-08-07,2026-08-07,40310.06,40310.06,PAGADO,completo
PG00004047,C003169,2025-02-12,2025-02-12,2025-02-19,31769.82,47074.8,PAGADO,completo
PG00004048,C003169,2025-02-02,2025-02-05,2025-02-16,96896.59,81591.61,PAGADO,completo
PG00004049,C001359,2023-09-03,2023-09-05,2023-09-18,135299.35,78552.72,PAGADO,completo
PG00004050,C001359,2023-10-17,2023-10-25,2023-11-07,120484.53,177231.16,PAGADO,completo
PG00004051,C000307,2026-04-14,2026-04-22,2026-04-26,176112.63,176112.63,PAGADO,completo
PG00004052,C001661,2024-12-17,2024-12-20,2024-12-21,41459.99,38556.37,PAGADO,completo
PG00004053,C001661,2025-01-25,2025-02-03,2025-02-22,13100.52,61817.97,PAGADO,completo
PG00004054,C001661,2025-02-10,2025-02-10,2025-02-15,72546.48,26732.65,PAGADO,completo
PG00004055,C900044,2024-10-24,2024-10-26,2024-11-03,10106.18,47297.88,PAGADO,completo
PG00004056,C900044,2024-12-01,2024-12-02,2024-12-14,65599.46,28407.76,PAGADO,completo
PG00004057,C001317,2025-12-08,2025-12-08,2025-12-17,39210.93,39210.93,PAGADO,parcial
PG00004058,C003311,2025-08-12,2025-08-21,2025-08-23,12217.86,7647.33,PAGADO,completo
PG00004059,C003311,2025-08-06,2025-08-14,2025-08-25,14371.48,22112.46,PAGADO,completo
PG00004060,C003311,2025-08-28,2025-08-31,2025-09-02,5970.4,2799.95,PAGADO,completo
PG00004061,C003241,2024-02-23,2024-02-27,2024-03-07,6097.5,50799.89,PAGADO,completo
PG00004062,C003241,2024-03-07,2024-03-09,2024-03-14,129714.94,85012.55,PAGADO,completo
PG00004063,C001208,2024-01-27,2024-01-28,2024-02-06,15447.77,106543.45,PAGADO,completo
PG00004064,C001208,2024-02-13,2024-02-20,2024-02-21,73878.48,74747.03,PAGADO,completo
PG00004065,C001208,2024-02-28,2024-03-07,2024-03-09,124857.73,32893.5,PAGADO,completo
PG00004066,C700140,2025-09-23,2025-09-23,2025-10-13,289590.01,289590.01,PAGADO,completo
PG00004067,C003292,2025-03-23,2025-03-31,2025-04-15,48303.21,48303.21,PAGADO,completo
PG00004068,C002971,2023-10-12,2023-10-17,2023-10-20,15488.68,4810.96,PAGADO,completo
PG00004069,C002971,2023-10-09,2023-10-09,2023-10-24,2758.23,11713.83,PAGADO,completo
PG00004070,C002971,2023-10-27,2023-10-29,2023-11-03,5248.18,6970.3,PAGADO,completo
PG00004071,C001239,2024-07-22,2024-07-29,2024-08-17,33867.24,46727.63,PAGADO,completo
PG00004072,C001239,2024-07-12,2024-07-20,2024-08-09,70427.0,87846.66,PAGADO,completo
PG00004073,C001239,2024-08-06,2024-08-08,2024-08-17,48169.5,17889.45,PAGADO,completo
PG00004074,C000275,2023-09-20,2023-09-20,2023-11-17,10382.75,10382.75,PAGADO,demorado
PG00004075,C000489,2023-08-22,2023-08-25,2023-09-03,219298.21,219298.21,PAGADO,parcial
PG00004076,C700064,2024-07-22,2024-07-24,2024-08-10,853902.03,853902.03,PAGADO,completo
PG00004077,C001229,2024-05-03,2024-05-03,2024-05-11,4492.02,3141.42,PAGADO,completo
PG00004078,C001229,2024-06-16,2024-06-24,2024-07-05,17422.26,18772.86,PAGADO,completo
PG00004079,C700238,2025-05-21,2025-05-31,2025-08-28,389865.13,113494.25,PAGADO,demorado
PG00004080,C700238,2025-06-27,2025-07-05,2025-10-01,167349.52,443720.4,PAGADO,demorado
PG00004081,C003081,2025-11-23,2025-11-26,2025-12-08,17303.9,33647.82,PAGADO,parcial
PG00004082,C003081,2026-01-06,2026-01-12,2026-02-01,18795.43,2451.51,PAGADO,parcial
PG00004083,C002351,2023-05-03,2023-05-07,2023-05-10,128764.69,128764.69,PAGADO,completo
PG00004084,C003119,2024-04-02,2024-04-04,2024-04-07,7236.5,2070.39,PAGADO,completo
PG00004085,C003119,2024-04-14,2024-04-16,2024-05-04,3115.77,5912.95,PAGADO,completo
PG00004086,C003119,2024-05-27,2024-06-05,2024-06-25,1051.86,3420.79,PAGADO,completo
PG00004087,C001058,2025-07-27,2025-08-05,2025-08-09,80548.88,29719.47,PAGADO,completo
PG00004088,C001058,2025-08-31,2025-09-01,2025-09-02,9552.6,60382.01,PAGADO,completo
PG00004089,C002166,2023-04-11,2023-04-14,2023-04-20,31327.92,19521.62,PAGADO,completo
PG00004090,C002166,2023-04-28,2023-05-07,2023-05-23,99344.41,111150.71,PAGADO,completo
PG00004091,C000281,2026-01-25,2026-02-01,2026-02-10,39385.43,39385.43,PAGADO,completo
PG00004092,C002648,2026-04-04,2026-04-10,2026-06-07,113501.13,81255.29,PAGADO,demorado
PG00004093,C002648,2026-04-12,2026-04-18,2026-06-22,219675.31,251921.15,PAGADO,demorado
PG00004094,C001316,2024-08-04,2024-08-13,2024-08-20,108147.68,108147.68,PAGADO,completo
PG00004095,C000968,2024-02-07,2024-02-11,,17545.6,0.0,PENDIENTE,pendiente
PG00004096,C002897,2023-07-06,2023-07-09,2023-07-22,24230.67,29876.74,PAGADO,completo
PG00004097,C002897,2023-08-04,2023-08-08,2023-08-09,51474.97,45828.9,PAGADO,completo
PG00004098,C002337,2025-11-09,2025-11-19,2026-02-20,12808.35,64628.57,PAGADO,demorado
PG00004099,C002337,2025-11-11,2025-11-12,2026-02-19,62897.29,11077.07,PAGADO,demorado
PG00004100,C800067,2025-06-08,2025-06-09,2025-06-17,2091224.61,2091224.61,PAGADO,completo
PG00004101,C000619,2023-08-04,2023-08-08,2023-11-03,16178.33,22189.03,PAGADO,demorado
PG00004102,C000619,2023-09-09,2023-09-15,2023-12-09,15448.87,9438.17,PAGADO,demorado
PG00004103,C003358,2025-09-09,2025-09-11,2025-09-23,177080.54,177080.54,PAGADO,completo
PG00004104,C001742,2026-05-10,2026-05-19,2026-05-19,50989.7,50989.7,PAGADO,completo
PG00004105,C700201,2025-05-27,2025-05-28,2025-06-10,19294.47,45396.24,PAGADO,completo
PG00004106,C700201,2025-06-17,2025-06-26,2025-07-07,63563.38,34333.06,PAGADO,completo
PG00004107,C700201,2025-07-12,2025-07-12,2025-07-26,37240.71,40369.26,PAGADO,completo
PG00004108,C002988,2026-03-27,2026-04-05,2026-04-24,182307.79,118622.37,PAGADO,parcial
PG00004109,C002988,2026-03-23,2026-03-24,2026-03-29,48820.47,112505.89,PAGADO,parcial
PG00004110,C001847,2023-06-01,2023-06-02,2023-08-29,9054.54,11793.38,PAGADO,demorado
PG00004111,C001847,2023-07-03,2023-07-05,2023-10-05,10155.31,7416.47,PAGADO,demorado
PG00004112,C001579,2025-06-02,2025-06-08,2025-06-12,3431.97,3431.97,PAGADO,parcial
PG00004113,C001655,2026-03-25,2026-03-25,2026-03-29,26440.52,9685.37,PAGADO,completo
PG00004114,C001655,2026-04-02,2026-04-04,2026-04-07,6997.53,23752.68,PAGADO,completo
PG00004115,C002212,2023-09-02,2023-09-04,2023-09-08,74139.72,74139.72,PAGADO,parcial
PG00004116,C002020,2025-08-08,2025-08-16,2025-08-23,36674.81,51347.47,PAGADO,completo
PG00004117,C002020,2025-08-30,2025-09-01,2025-09-10,60468.35,45795.69,PAGADO,completo
PG00004118,C001956,2023-07-24,2023-07-25,2023-07-25,71255.68,57548.51,PAGADO,completo
PG00004119,C001956,2023-08-13,2023-08-21,2023-09-02,21677.0,39786.96,PAGADO,completo
PG00004120,C001956,2023-09-10,2023-09-10,2023-09-18,27917.01,23514.22,PAGADO,completo
PG00004121,C001307,2024-08-02,2024-08-10,2024-08-18,47344.25,47344.25,PAGADO,completo
PG00004122,C002003,2024-12-23,2024-12-23,2025-01-12,22170.42,22170.42,PAGADO,completo
PG00004123,C000575,2023-06-15,2023-06-21,2023-09-01,27961.81,29990.28,PAGADO,demorado
PG00004124,C000575,2023-06-28,2023-07-04,2023-09-10,110088.99,108060.52,PAGADO,demorado
PG00004125,C001706,2024-08-17,2024-08-22,2024-10-18,36984.17,36984.17,PAGADO,demorado
PG00004126,C800020,2024-01-17,2024-01-18,2024-01-25,229925.23,229925.23,PAGADO,completo
PG00004127,C002575,2023-09-27,2023-10-07,2024-01-17,8952.79,5329.05,PAGADO,demorado
PG00004128,C002575,2023-11-18,2023-11-23,2024-02-24,6489.68,10113.42,PAGADO,demorado
PG00004129,C003336,2025-07-02,2025-07-04,2025-07-04,15312.04,15312.04,PAGADO,parcial
PG00004130,C000861,2024-03-17,2024-03-25,2024-03-28,29054.24,16286.04,PAGADO,parcial
PG00004131,C000861,2024-03-12,2024-03-18,2024-04-07,7999.17,20767.37,PAGADO,parcial
PG00004132,C001801,2025-10-13,2025-10-23,2025-11-11,60887.35,29595.0,PAGADO,parcial
PG00004133,C001801,2025-11-21,2025-11-21,2025-11-28,16704.12,47996.47,PAGADO,parcial
PG00004134,C001628,2025-11-19,2025-11-21,,15078.32,0.0,PENDIENTE,pendiente
PG00004135,C001993,2024-01-19,2024-01-19,2024-01-24,28156.49,18266.73,PAGADO,completo
PG00004136,C001993,2024-01-26,2024-01-29,2024-01-31,6429.71,16319.47,PAGADO,completo
PG00004137,C000269,2026-01-24,2026-02-03,2026-02-07,4703.07,5684.02,PAGADO,completo
PG00004138,C000269,2026-03-13,2026-03-17,2026-03-23,11675.68,8687.15,PAGADO,completo
PG00004139,C000269,2026-03-15,2026-03-24,2026-03-26,19679.64,21687.22,PAGADO,completo
PG00004140,C000629,2023-05-04,2023-05-04,2023-05-06,10229.57,10229.57,PAGADO,completo
PG00004141,C000300,2024-07-10,2024-07-11,2024-07-28,5783.03,21199.49,PAGADO,parcial
PG00004142,C000300,2024-07-22,2024-07-30,2024-07-30,26018.96,10602.5,PAGADO,parcial
PG00004143,C900180,2024-08-28,2024-08-29,2024-09-14,96154.19,66383.58,PAGADO,completo
PG00004144,C900180,2024-08-20,2024-08-21,2024-08-21,209022.03,238792.64,PAGADO,completo
PG00004145,C001447,2025-12-10,2025-12-13,2025-12-31,42082.75,26992.5,PAGADO,completo
PG00004146,C001447,2026-01-06,2026-01-16,2026-01-31,25290.93,40381.18,PAGADO,completo
PG00004147,C001472,2024-08-21,2024-08-28,2024-09-06,40416.63,40416.63,PAGADO,parcial
PG00004148,C002046,2024-07-28,2024-08-04,2024-08-19,1813.48,2867.51,PAGADO,completo
PG00004149,C002046,2024-08-12,2024-08-12,2024-08-29,2999.13,3551.57,PAGADO,completo
PG00004150,C002046,2024-09-03,2024-09-03,2024-09-15,3527.01,1920.54,PAGADO,completo
PG00004151,C900222,2025-07-02,2025-07-09,2025-07-20,96604.45,127941.98,PAGADO,completo
PG00004152,C900222,2025-08-04,2025-08-14,2025-08-27,251563.12,88689.05,PAGADO,completo
PG00004153,C900222,2025-08-28,2025-09-01,2025-09-11,90968.75,222505.29,PAGADO,completo
PG00004154,C002788,2024-10-23,2024-10-26,2024-10-29,26741.43,20250.06,PAGADO,completo
PG00004155,C002788,2024-11-05,2024-11-07,2024-11-21,50403.37,30941.26,PAGADO,completo
PG00004156,C002788,2024-11-15,2024-11-19,2024-11-19,4248.88,30202.36,PAGADO,completo
PG00004157,C002113,2024-02-24,2024-02-28,2024-03-09,16224.77,25696.6,PAGADO,completo
PG00004158,C002113,2024-03-21,2024-03-26,2024-04-11,21379.19,3433.54,PAGADO,completo
PG00004159,C002113,2024-04-18,2024-04-25,2024-05-05,10968.28,19442.1,PAGADO,completo
PG00004160,C700204,2026-05-22,2026-05-31,2026-06-14,898207.09,898207.09,PAGADO,completo
PG00004161,C002840,2024-06-24,2024-07-04,2024-07-19,144084.02,144084.02,PAGADO,completo
PG00004162,C900216,2025-12-01,2025-12-11,2025-12-11,112255.24,171254.4,PAGADO,completo
PG00004163,C900216,2025-12-19,2025-12-21,2026-01-09,383461.58,324462.42,PAGADO,completo
PG00004164,C002834,2023-09-15,2023-09-19,2023-09-27,136021.96,136021.96,PAGADO,completo
PG00004165,C002008,2023-11-09,2023-11-10,2023-11-19,137113.23,81568.29,PAGADO,completo
PG00004166,C002008,2023-11-02,2023-11-12,2023-11-15,4750.05,60294.99,PAGADO,completo
PG00004167,C800028,2024-03-20,2024-03-25,2024-04-10,103903.48,53361.21,PAGADO,completo
PG00004168,C800028,2024-04-03,2024-04-04,2024-04-11,58403.89,108946.16,PAGADO,completo
PG00004169,C000503,2024-05-06,2024-05-11,2024-05-17,33376.8,33376.8,PAGADO,parcial
PG00004170,C002369,2024-07-20,2024-07-27,2024-08-14,26450.36,26450.36,PAGADO,parcial
PG00004171,C003111,2024-05-19,2024-05-21,2024-06-08,69108.12,46033.4,PAGADO,completo
PG00004172,C003111,2024-06-23,2024-06-28,2024-07-13,33657.69,56732.41,PAGADO,completo
PG00004173,C000380,2023-06-03,2023-06-12,2023-06-23,7803.06,7803.06,PAGADO,completo
PG00004174,C003154,2026-07-07,2026-07-10,2026-07-30,32975.25,12717.8,PAGADO,parcial
PG00004175,C003154,2026-06-24,2026-07-01,2026-07-10,5351.77,25609.22,PAGADO,parcial
PG00004176,C001525,2025-03-03,2025-03-06,2025-03-25,108954.56,119928.48,PAGADO,parcial
PG00004177,C001525,2025-02-20,2025-03-01,2025-03-11,71124.52,60150.6,PAGADO,parcial
PG00004178,C002389,2023-10-12,2023-10-19,2023-10-28,21338.57,13267.17,PAGADO,parcial
PG00004179,C002389,2023-11-14,2023-11-23,2023-11-29,9753.42,17824.82,PAGADO,parcial
PG00004180,C000374,2025-07-17,2025-07-19,2025-08-03,46127.82,46127.82,PAGADO,completo
PG00004181,C002413,2026-08-05,2026-08-07,2026-08-07,49833.84,37793.72,PAGADO,demorado
PG00004182,C002413,2026-08-07,2026-08-07,2026-08-07,25871.8,37911.92,PAGADO,demorado
PG00004183,C003318,2024-08-14,2024-08-17,2024-09-01,12381.16,8301.84,PAGADO,completo
PG00004184,C003318,2024-08-03,2024-08-09,2024-08-29,27096.58,24346.62,PAGADO,completo
PG00004185,C003318,2024-09-11,2024-09-17,2024-10-03,13691.63,20520.91,PAGADO,completo
PG00004186,C000939,2023-07-22,2023-07-29,2023-08-05,325238.86,325238.86,PAGADO,completo
PG00004187,C750033,2024-01-31,2024-02-06,2024-02-07,128620.44,116231.07,PAGADO,completo
PG00004188,C750033,2024-02-29,2024-03-06,2024-03-12,74221.83,86611.2,PAGADO,completo
PG00004189,C003107,2025-09-06,2025-09-09,2025-09-11,27977.73,72459.15,PAGADO,completo
PG00004190,C003107,2025-09-30,2025-10-10,2025-10-27,145239.54,100758.12,PAGADO,completo
PG00004191,C002147,2024-05-12,2024-05-20,2024-06-05,33049.28,24189.27,PAGADO,completo
PG00004192,C002147,2024-06-17,2024-06-20,2024-06-21,4898.91,13339.55,PAGADO,completo
PG00004193,C002147,2024-07-01,2024-07-03,2024-07-13,8305.71,8725.08,PAGADO,completo
PG00004194,C002829,2026-01-24,2026-01-24,2026-01-25,28330.63,51325.6,PAGADO,completo
PG00004195,C002829,2026-03-23,2026-03-30,2026-04-17,303929.76,280934.79,PAGADO,completo
PG00004196,C002068,2025-02-15,2025-02-15,2025-03-05,17582.1,30310.23,PAGADO,completo
PG00004197,C002068,2025-03-13,2025-03-13,2025-04-01,51969.74,39241.61,PAGADO,completo
PG00004198,C000529,2023-12-25,2023-12-28,2024-02-24,97192.95,97192.95,PAGADO,demorado
PG00004199,C002764,2023-11-02,2023-11-12,2024-02-14,91973.29,17975.39,PAGADO,demorado
PG00004200,C002764,2023-11-04,2023-11-12,2024-02-02,62775.41,136773.31,PAGADO,demorado
PG00004201,C000636,2023-06-26,2023-07-05,2023-07-23,245218.82,245218.82,PAGADO,completo
PG00004202,C001269,2025-01-11,2025-01-12,2025-01-30,301050.55,154933.23,PAGADO,completo
PG00004203,C001269,2025-02-16,2025-02-19,2025-03-07,1138533.09,1284650.41,PAGADO,completo
PG00004204,C000185,2024-12-21,2024-12-24,2025-01-13,142993.67,142993.67,PAGADO,completo
PG00004205,C002830,2024-02-11,2024-02-13,2024-02-28,7026.11,17779.37,PAGADO,completo
PG00004206,C002830,2024-02-16,2024-02-19,2024-03-03,13397.88,5651.09,PAGADO,completo
PG00004207,C002830,2024-03-25,2024-03-30,2024-04-11,14147.87,11141.4,PAGADO,completo
PG00004208,C750052,2025-12-29,2026-01-04,2026-01-17,107556.0,107556.0,PAGADO,completo
PG00004209,C900265,2026-05-28,2026-05-29,2026-06-15,119110.51,139761.4,PAGADO,completo
PG00004210,C900265,2026-05-31,2026-06-02,2026-06-19,56791.32,36140.43,PAGADO,completo
PG00004211,C001797,2024-08-09,2024-08-19,,56863.25,0.0,PENDIENTE,pendiente
PG00004212,C001441,2024-09-25,2024-09-26,2024-10-14,32180.15,39369.25,PAGADO,completo
PG00004213,C001441,2024-11-03,2024-11-08,2024-11-10,37115.1,29926.0,PAGADO,completo
PG00004214,C001535,2026-03-16,2026-03-25,2026-06-25,4773.97,7026.81,PAGADO,demorado
PG00004215,C001535,2026-04-11,2026-04-20,2026-08-02,6097.56,3844.72,PAGADO,demorado
PG00004216,C001273,2026-07-13,2026-07-22,2026-07-27,72667.39,115401.82,PAGADO,completo
PG00004217,C001273,2026-07-24,2026-08-01,2026-08-07,59563.94,45060.03,PAGADO,completo
PG00004218,C001273,2026-08-07,2026-08-07,2026-08-07,53548.2,25317.68,PAGADO,completo
PG00004219,C000607,2025-02-12,2025-02-20,2025-02-28,179165.32,179165.32,PAGADO,completo
PG00004220,C001712,2024-10-16,2024-10-22,2024-10-26,20173.3,4563.37,PAGADO,completo
PG00004221,C001712,2024-11-09,2024-11-09,2024-11-16,7022.98,22632.91,PAGADO,completo
PG00004222,C002199,2025-11-06,2025-11-13,2026-02-04,163229.08,163229.08,PAGADO,demorado
PG00004223,C000955,2025-11-29,2025-11-29,,31718.0,0.0,PENDIENTE,pendiente
PG00004224,C002881,2024-12-27,2025-01-01,,13698.29,0.0,PENDIENTE,pendiente
PG00004225,C002503,2023-10-20,2023-10-20,2024-01-31,28666.52,20086.55,PAGADO,demorado
PG00004226,C002503,2023-11-09,2023-11-17,2024-02-22,47039.12,55619.09,PAGADO,demorado
PG00004227,C000403,2024-04-21,2024-04-22,2024-07-29,442839.69,442839.69,PAGADO,demorado
PG00004228,C002071,2024-01-15,2024-01-16,2024-01-17,26513.52,26894.44,PAGADO,completo
PG00004229,C002071,2024-02-01,2024-02-08,2024-02-11,9268.62,27680.62,PAGADO,completo
PG00004230,C002071,2024-02-19,2024-02-20,2024-02-26,31773.74,12980.82,PAGADO,completo
PG00004231,C900200,2025-04-21,2025-04-25,2025-05-01,425212.32,344188.75,PAGADO,completo
PG00004232,C900200,2025-04-24,2025-04-29,2025-05-08,138241.33,219264.9,PAGADO,completo
PG00004233,C001977,2026-04-26,2026-05-03,,8017.56,0.0,PENDIENTE,pendiente
PG00004234,C000158,2026-06-19,2026-06-20,2026-07-05,9027.71,9027.71,PAGADO,completo
PG00004235,C001748,2026-01-06,2026-01-07,2026-01-12,36351.66,60104.17,PAGADO,parcial
PG00004236,C001748,2026-02-04,2026-02-08,2026-02-13,33559.79,9807.28,PAGADO,parcial
PG00004237,C002694,2025-03-03,2025-03-10,2025-03-29,26253.17,102886.73,PAGADO,completo
PG00004238,C002694,2025-04-11,2025-04-19,2025-05-03,96001.67,9251.28,PAGADO,completo
PG00004239,C002694,2025-04-23,2025-04-25,2025-05-12,4619.99,14736.82,PAGADO,completo
PG00004240,C000902,2023-02-02,2023-02-10,2023-02-24,8876.03,33621.84,PAGADO,completo
PG00004241,C000902,2023-02-15,2023-02-16,2023-02-25,35289.06,10543.25,PAGADO,completo
PG00004242,C000352,2024-05-25,2024-05-31,2024-06-19,5004.25,2601.17,PAGADO,parcial
PG00004243,C000352,2024-07-04,2024-07-12,2024-07-31,5074.68,7477.76,PAGADO,parcial
PG00004244,C001230,2023-02-27,2023-03-08,2023-03-27,13635.88,21398.84,PAGADO,completo
PG00004245,C001230,2023-03-11,2023-03-19,2023-03-26,18162.05,10399.09,PAGADO,completo
PG00004246,C900060,2025-03-09,2025-03-19,2025-04-07,152639.42,152639.42,PAGADO,completo
PG00004247,C002140,2026-02-06,2026-02-09,2026-02-10,13066.53,13468.73,PAGADO,completo
PG00004248,C002140,2026-02-09,2026-02-15,2026-03-01,34979.81,34577.61,PAGADO,completo
PG00004249,C000444,2025-01-20,2025-01-28,2025-04-05,30081.84,109860.5,PAGADO,demorado
PG00004250,C000444,2025-02-03,2025-02-06,2025-04-27,144205.76,64427.1,PAGADO,demorado
PG00004251,C800061,2024-03-06,2024-03-13,2024-03-18,44457.38,45681.38,PAGADO,completo
PG00004252,C800061,2024-02-29,2024-03-09,2024-03-26,39278.25,38054.25,PAGADO,completo
PG00004253,C000754,2026-02-24,2026-02-25,2026-03-12,38064.73,38064.73,PAGADO,sobrepago_senal
PG00004254,C001737,2024-01-12,2024-01-19,2024-02-07,56392.65,56392.65,PAGADO,completo
PG00004255,C800091,2025-10-15,2025-10-20,2025-11-05,22069.6,120103.26,PAGADO,completo
PG00004256,C800091,2025-11-24,2025-11-24,2025-12-11,157196.97,35951.28,PAGADO,completo
PG00004257,C800091,2025-11-28,2025-12-07,2025-12-10,27312.19,50524.22,PAGADO,completo
PG00004258,C000311,2025-09-08,2025-09-14,2025-09-20,75883.56,75883.56,PAGADO,completo
PG00004259,C000548,2025-02-16,2025-02-26,2025-03-09,109509.91,109509.91,PAGADO,parcial
PG00004260,C002990,2024-03-19,2024-03-19,2024-05-21,73579.6,73579.6,PAGADO,demorado
PG00004261,C003264,2025-12-21,2025-12-30,2026-01-10,48043.35,35490.67,PAGADO,completo
PG00004262,C003264,2026-01-17,2026-01-24,2026-02-01,23756.13,36308.81,PAGADO,completo
PG00004263,C000306,2024-09-20,2024-09-28,2024-10-17,12794.93,8238.9,PAGADO,completo
PG00004264,C000306,2024-09-18,2024-09-22,2024-09-22,4053.05,8609.08,PAGADO,completo
PG00004265,C002335,2024-12-13,2024-12-18,2024-12-28,78789.49,78789.49,PAGADO,completo
PG00004266,C000694,2024-04-03,2024-04-06,2024-04-13,60396.39,26482.54,PAGADO,completo
PG00004267,C000694,2024-05-20,2024-05-21,2024-05-30,125736.6,97268.74,PAGADO,completo
PG00004268,C000694,2024-06-08,2024-06-16,2024-07-05,14305.53,76687.24,PAGADO,completo
PG00004269,C002356,2025-03-01,2025-03-02,2025-03-05,37752.36,21261.1,PAGADO,completo
PG00004270,C002356,2025-04-21,2025-04-24,2025-04-28,16472.86,32964.12,PAGADO,completo
PG00004271,C001927,2025-10-25,2025-10-25,,30318.58,0.0,PENDIENTE,pendiente
PG00004272,C003467,2023-11-07,2023-11-08,2023-11-24,103757.71,103757.71,PAGADO,completo
PG00004273,C000749,2025-08-15,2025-08-24,2025-09-07,7874.97,26196.63,PAGADO,completo
PG00004274,C000749,2025-09-08,2025-09-10,2025-09-24,29858.2,3258.3,PAGADO,completo
PG00004275,C000749,2025-10-07,2025-10-08,2025-10-09,9945.26,18223.5,PAGADO,completo
PG00004276,C002404,2025-05-10,2025-05-14,2025-07-12,41023.02,5775.78,PAGADO,demorado
PG00004277,C002404,2025-06-03,2025-06-10,2025-08-21,25200.01,60447.25,PAGADO,demorado
PG00004278,C001266,2026-02-21,2026-02-21,2026-03-13,20189.88,31206.41,PAGADO,completo
PG00004279,C001266,2026-04-01,2026-04-01,2026-04-19,70191.43,39340.73,PAGADO,completo
PG00004280,C001266,2026-04-07,2026-04-10,2026-04-25,52130.74,71964.91,PAGADO,completo
PG00004281,C002432,2025-09-06,2025-09-10,2025-09-26,40882.99,40882.99,PAGADO,parcial
PG00004282,C002619,2023-10-16,2023-10-20,2023-10-25,15934.92,21037.73,PAGADO,completo
PG00004283,C002619,2023-11-11,2023-11-13,2023-11-15,6519.37,1416.56,PAGADO,completo
PG00004284,C002942,2026-07-21,2026-07-24,2026-08-07,33924.86,7992.71,PAGADO,completo
PG00004285,C002942,2026-07-29,2026-08-03,2026-08-07,19740.4,45672.55,PAGADO,completo
PG00004286,C000970,2025-07-18,2025-07-27,2025-08-07,10027.05,6363.38,PAGADO,completo
PG00004287,C000970,2025-08-30,2025-09-05,2025-09-10,4980.55,15261.43,PAGADO,completo
PG00004288,C000970,2025-09-29,2025-10-08,2025-10-21,6933.39,316.18,PAGADO,completo
PG00004289,C000013,2025-05-19,2025-05-26,2025-06-12,13807.33,13807.33,PAGADO,completo
PG00004290,C000873,2024-08-23,2024-09-02,2024-09-18,1701.79,11238.22,PAGADO,completo
PG00004291,C000873,2024-09-04,2024-09-10,2024-09-25,12729.62,13985.47,PAGADO,completo
PG00004292,C000873,2024-09-01,2024-09-02,2024-09-20,16838.02,6045.74,PAGADO,completo
PG00004293,C000808,2024-11-05,2024-11-06,2024-11-23,25319.17,25319.17,PAGADO,completo
PG00004294,C000514,2025-09-24,2025-09-25,2025-09-26,4640.46,10340.61,PAGADO,completo
PG00004295,C000514,2025-11-04,2025-11-06,2025-11-17,2288.84,8106.33,PAGADO,completo
PG00004296,C000514,2025-11-06,2025-11-10,2025-11-23,15472.53,3954.89,PAGADO,completo
PG00004297,C700112,2024-11-14,2024-11-21,2024-11-28,286309.99,633785.55,PAGADO,completo
PG00004298,C700112,2025-01-10,2025-01-18,2025-02-02,550373.94,202898.38,PAGADO,completo
PG00004299,C000409,2025-09-25,2025-10-05,2025-10-19,41183.32,35500.52,PAGADO,completo
PG00004300,C000409,2025-09-27,2025-10-04,2025-10-15,22342.9,86279.21,PAGADO,completo
PG00004301,C000409,2025-10-26,2025-11-03,2025-11-12,65769.43,7515.92,PAGADO,completo
PG00004302,C002525,2025-09-16,2025-09-18,2025-09-27,14354.85,14354.85,PAGADO,completo
PG00004303,C003383,2025-05-01,2025-05-07,2025-05-08,9985.19,13446.86,PAGADO,completo
PG00004304,C003383,2025-05-27,2025-05-27,2025-05-29,18309.96,14848.29,PAGADO,completo
PG00004305,C000207,2025-07-20,2025-07-30,2025-08-18,15601.56,15601.56,PAGADO,sobrepago_senal
PG00004306,C002384,2025-04-24,2025-05-03,2025-05-04,20125.36,13279.48,PAGADO,completo
PG00004307,C002384,2025-04-21,2025-04-25,2025-05-05,33426.85,9831.18,PAGADO,completo
PG00004308,C002384,2025-05-13,2025-05-17,2025-06-04,44641.08,75082.63,PAGADO,completo
PG00004309,C000458,2024-09-01,2024-09-11,2024-11-26,42742.56,32513.46,PAGADO,demorado
PG00004310,C000458,2024-10-10,2024-10-12,2024-12-17,60928.98,71158.08,PAGADO,demorado
PG00004311,C002576,2026-03-08,2026-03-18,2026-03-20,24205.81,25201.09,PAGADO,completo
PG00004312,C002576,2026-03-22,2026-03-24,2026-04-09,15136.95,7615.81,PAGADO,completo
PG00004313,C002576,2026-04-09,2026-04-12,2026-04-20,80939.09,87464.95,PAGADO,completo
PG00004314,C900170,2024-09-12,2024-09-15,2024-09-17,49787.31,49787.31,PAGADO,parcial
PG00004315,C003279,2024-07-24,2024-07-25,2024-08-10,64560.9,66186.78,PAGADO,completo
PG00004316,C003279,2024-08-10,2024-08-14,2024-08-25,71057.92,69432.04,PAGADO,completo
PG00004317,C002776,2026-04-03,2026-04-10,2026-04-24,41109.98,34629.98,PAGADO,completo
PG00004318,C002776,2026-03-30,2026-04-06,2026-04-10,19066.72,6523.2,PAGADO,completo
PG00004319,C002776,2026-04-18,2026-04-25,2026-05-01,8225.32,27248.84,PAGADO,completo
PG00004320,C002984,2026-01-01,2026-01-03,2026-01-22,33029.79,14312.04,PAGADO,completo
PG00004321,C002984,2026-01-27,2026-01-28,2026-02-01,9353.05,28070.8,PAGADO,completo
PG00004322,C001883,2023-12-06,2023-12-12,2023-12-22,86581.5,32672.65,PAGADO,completo
PG00004323,C001883,2024-01-10,2024-01-14,2024-01-16,26053.71,79962.56,PAGADO,completo
PG00004324,C001713,2026-04-02,2026-04-12,2026-04-21,34808.21,34808.21,PAGADO,completo
PG00004325,C002927,2024-11-06,2024-11-06,2024-11-10,8137.22,46544.92,PAGADO,parcial
PG00004326,C002927,2024-12-02,2024-12-10,2024-12-28,87422.91,49015.21,PAGADO,parcial
PG00004327,C900067,2026-02-24,2026-02-26,2026-03-14,210669.93,268757.78,PAGADO,completo
PG00004328,C900067,2026-03-05,2026-03-08,2026-03-18,113491.8,55403.95,PAGADO,completo
PG00004329,C000552,2026-04-08,2026-04-13,2026-04-25,19924.61,17395.67,PAGADO,completo
PG00004330,C000552,2026-05-12,2026-05-14,2026-05-21,19196.0,21809.59,PAGADO,completo
PG00004331,C000552,2026-05-20,2026-05-29,2026-06-11,15718.8,15634.15,PAGADO,completo
PG00004332,C001439,2024-05-02,2024-05-07,2024-05-15,78849.58,74565.85,PAGADO,completo
PG00004333,C001439,2024-06-17,2024-06-23,2024-06-25,68981.52,73265.25,PAGADO,completo
PG00004334,C002270,2024-09-13,2024-09-23,2024-12-03,64783.24,64783.24,PAGADO,demorado
PG00004335,C900227,2026-05-14,2026-05-20,2026-05-25,74037.07,58712.9,PAGADO,completo
PG00004336,C900227,2026-05-15,2026-05-22,2026-05-28,77002.52,92326.69,PAGADO,completo
PG00004337,C001925,2025-02-18,2025-02-28,2025-05-30,28199.35,28199.35,PAGADO,demorado
PG00004338,C000634,2024-03-09,2024-03-15,2024-03-24,24500.63,33968.28,PAGADO,completo
PG00004339,C000634,2024-03-22,2024-03-28,2024-04-10,19472.67,26739.08,PAGADO,completo
PG00004340,C000634,2024-04-28,2024-05-01,2024-05-09,28022.76,11288.7,PAGADO,completo
PG00004341,C900249,2024-02-27,2024-03-08,2024-03-17,105574.8,211090.63,PAGADO,completo
PG00004342,C900249,2024-03-26,2024-04-05,2024-04-14,301873.46,196357.63,PAGADO,completo
PG00004343,C000316,2025-12-08,2025-12-10,2026-02-21,17283.3,14902.15,PAGADO,demorado
PG00004344,C000316,2025-12-04,2025-12-09,2026-03-03,14452.06,16833.21,PAGADO,demorado
PG00004345,C003409,2024-12-25,2025-01-03,,52247.74,0.0,PENDIENTE,pendiente
PG00004346,C900190,2024-10-03,2024-10-05,2024-10-12,48993.3,204484.06,PAGADO,completo
PG00004347,C900190,2024-10-21,2024-10-27,2024-11-10,551409.62,395918.86,PAGADO,completo
PG00004348,C001328,2024-04-26,2024-05-04,2024-05-08,267913.72,267913.72,PAGADO,completo
PG00004349,C000427,2023-12-10,2023-12-12,,24979.53,0.0,PENDIENTE,pendiente
PG00004350,C002499,2024-07-04,2024-07-09,2024-07-16,13841.64,13965.51,PAGADO,completo
PG00004351,C002499,2024-07-26,2024-08-01,2024-08-04,27385.65,27261.78,PAGADO,completo
PG00004352,C000105,2025-11-12,2025-11-19,2025-11-21,2961.31,18141.14,PAGADO,completo
PG00004353,C000105,2025-12-13,2025-12-20,2025-12-20,60956.31,41803.83,PAGADO,completo
PG00004354,C000105,2025-12-21,2025-12-30,2025-12-31,7190.75,11163.4,PAGADO,completo
PG00004355,C000142,2025-05-28,2025-06-04,2025-06-04,114351.82,114351.82,PAGADO,parcial
PG00004356,C002169,2024-04-16,2024-04-19,2024-05-04,497471.93,497471.93,PAGADO,parcial
PG00004357,C003033,2025-01-01,2025-01-01,2025-01-14,19994.89,21658.41,PAGADO,completo
PG00004358,C003033,2025-01-15,2025-01-21,2025-01-26,44204.71,42541.19,PAGADO,completo
PG00004359,C700050,2024-03-17,2024-03-25,2024-03-31,100603.72,154514.57,PAGADO,completo
PG00004360,C700050,2024-05-10,2024-05-13,2024-05-24,63005.72,9094.87,PAGADO,completo
PG00004361,C002241,2023-06-06,2023-06-12,2023-06-15,54511.46,44463.09,PAGADO,completo
PG00004362,C002241,2023-06-16,2023-06-16,2023-06-28,156523.24,166571.61,PAGADO,completo
PG00004363,C002528,2025-10-12,2025-10-18,2025-10-25,17633.02,9296.46,PAGADO,completo
PG00004364,C002528,2025-11-05,2025-11-13,2025-11-29,8751.62,15226.2,PAGADO,completo
PG00004365,C002528,2025-11-06,2025-11-11,2025-11-13,2546.66,4408.64,PAGADO,completo
PG00004366,C002163,2023-08-19,2023-08-23,2023-09-05,70893.64,70893.64,PAGADO,completo
PG00004367,C001949,2024-03-20,2024-03-24,2024-04-13,75719.27,20956.65,PAGADO,completo
PG00004368,C001949,2024-04-13,2024-04-15,2024-04-18,52456.35,41000.65,PAGADO,completo
PG00004369,C001949,2024-04-24,2024-04-27,2024-04-30,6606.57,72824.89,PAGADO,completo
PG00004370,C800062,2024-03-12,2024-03-21,2024-04-08,63868.89,27704.35,PAGADO,parcial
PG00004371,C800062,2024-04-03,2024-04-07,2024-04-25,42750.49,78915.03,PAGADO,parcial
PG00004372,C002272,2025-09-20,2025-09-30,2025-10-07,80383.39,80383.39,PAGADO,completo
PG00004373,C000001,2024-01-01,2024-01-05,2024-01-14,189324.16,189324.16,PAGADO,parcial
PG00004374,C002430,2026-02-22,2026-02-26,,8274.39,0.0,PENDIENTE,pendiente
PG00004375,C800070,2025-05-28,2025-06-01,2025-07-26,1364172.8,1364172.8,PAGADO,demorado
PG00004376,C001951,2025-09-26,2025-09-28,2025-09-30,20438.12,29523.13,PAGADO,completo
PG00004377,C001951,2025-09-21,2025-09-24,2025-09-29,49451.92,77607.09,PAGADO,completo
PG00004378,C001951,2025-10-11,2025-10-14,2025-10-26,129372.42,92132.24,PAGADO,completo
PG00004379,C003026,2026-05-17,2026-05-25,2026-06-12,124070.87,203425.82,PAGADO,completo
PG00004380,C003026,2026-06-22,2026-06-26,2026-07-01,144925.16,65570.21,PAGADO,completo
PG00004381,C900214,2024-04-03,2024-04-10,2024-04-18,247142.73,247142.73,PAGADO,completo
PG00004382,C002586,2025-08-12,2025-08-14,2025-08-23,37696.36,37696.36,PAGADO,completo
PG00004383,C001109,2025-09-24,2025-10-02,2025-10-20,53062.8,53062.8,PAGADO,completo
PG00004384,C002662,2024-05-20,2024-05-28,2024-05-31,33089.37,15097.02,PAGADO,completo
PG00004385,C002662,2024-06-19,2024-06-19,2024-07-07,25620.38,43612.73,PAGADO,completo
PG00004386,C000591,2025-11-26,2025-11-29,2025-12-13,46895.23,46895.23,PAGADO,completo
PG00004387,C001695,2023-03-25,2023-03-31,2023-04-19,182888.63,182888.63,PAGADO,completo
PG00004388,C001576,2024-10-19,2024-10-24,2024-10-27,63755.47,12097.29,PAGADO,parcial
PG00004389,C001576,2024-10-03,2024-10-03,2024-10-15,20145.94,71804.12,PAGADO,parcial
PG00004390,C002925,2024-08-29,2024-08-29,2024-09-02,6306.78,15778.55,PAGADO,parcial
PG00004391,C002925,2024-09-14,2024-09-21,2024-09-28,21617.69,12145.92,PAGADO,parcial
PG00004392,C000213,2025-11-23,2025-11-24,2025-12-02,8843.48,19832.83,PAGADO,completo
PG00004393,C000213,2025-12-06,2025-12-10,2025-12-21,10210.71,20993.11,PAGADO,completo
PG00004394,C000213,2025-12-17,2025-12-26,2026-01-10,28023.89,6252.14,PAGADO,completo
PG00004395,C000778,2023-07-16,2023-07-26,,56646.38,0.0,PENDIENTE,pendiente
PG00004396,C700189,2025-08-04,2025-08-13,2025-08-16,333034.63,191072.1,PAGADO,completo
PG00004397,C700189,2025-08-10,2025-08-11,2025-08-14,61840.43,158603.27,PAGADO,completo
PG00004398,C700189,2025-09-27,2025-10-06,2025-10-10,162827.03,208026.72,PAGADO,completo
PG00004399,C002784,2024-09-08,2024-09-17,,5849.98,0.0,PENDIENTE,pendiente
PG00004400,C002043,2023-06-05,2023-06-09,2023-06-29,71335.5,71335.5,PAGADO,completo
PG00004401,C700221,2026-04-08,2026-04-13,2026-04-29,87080.94,86240.94,PAGADO,completo
PG00004402,C700221,2026-03-26,2026-04-04,2026-04-10,33091.52,61307.87,PAGADO,completo
PG00004403,C700221,2026-04-12,2026-04-19,2026-04-28,122959.46,95583.11,PAGADO,completo
PG00004404,C003114,2026-06-25,2026-06-28,2026-07-05,67833.44,91463.55,PAGADO,completo
PG00004405,C003114,2026-08-04,2026-08-07,2026-08-07,98489.7,74859.59,PAGADO,completo
PG00004406,C002825,2026-06-01,2026-06-03,2026-06-22,50057.77,19310.48,PAGADO,completo
PG00004407,C002825,2026-06-14,2026-06-21,2026-07-09,22960.27,94555.84,PAGADO,completo
PG00004408,C002825,2026-07-11,2026-07-16,2026-07-20,61811.21,20962.93,PAGADO,completo
PG00004409,C001567,2023-05-31,2023-06-02,2023-06-17,9877.22,5011.07,PAGADO,completo
PG00004410,C001567,2023-05-26,2023-05-29,2023-05-31,22969.84,27835.99,PAGADO,completo
PG00004411,C003415,2023-12-31,2023-12-31,2024-01-06,51007.34,24064.58,PAGADO,completo
PG00004412,C003415,2024-01-20,2024-01-20,2024-02-04,4192.29,25994.24,PAGADO,completo
PG00004413,C003415,2024-02-20,2024-02-20,2024-03-04,21141.69,26282.5,PAGADO,completo
PG00004414,C900129,2025-04-25,2025-05-02,2025-05-21,99027.5,128332.97,PAGADO,completo
PG00004415,C900129,2025-05-19,2025-05-23,2025-06-12,106653.18,77347.71,PAGADO,completo
PG00004416,C900257,2025-09-05,2025-09-14,2025-10-02,228127.18,228127.18,PAGADO,completo
PG00004417,C900204,2024-03-24,2024-03-26,2024-04-04,129506.49,72508.63,PAGADO,completo
PG00004418,C900204,2024-03-24,2024-04-01,2024-04-15,258232.45,315230.31,PAGADO,completo
PG00004419,C001343,2026-01-21,2026-01-27,,102235.83,0.0,PENDIENTE,pendiente
PG00004420,C002013,2026-06-16,2026-06-16,2026-06-29,148409.67,56320.12,PAGADO,completo
PG00004421,C002013,2026-07-23,2026-07-24,2026-08-07,86518.4,166769.47,PAGADO,completo
PG00004422,C002013,2026-08-07,2026-08-07,2026-08-07,75504.69,87343.17,PAGADO,completo
PG00004423,C000273,2024-01-30,2024-02-05,2024-02-21,15912.91,56007.8,PAGADO,completo
PG00004424,C000273,2024-03-19,2024-03-21,2024-04-08,44283.62,4788.63,PAGADO,completo
PG00004425,C000273,2024-03-10,2024-03-13,2024-03-25,26012.87,25412.97,PAGADO,completo
PG00004426,C000071,2024-10-02,2024-10-04,2024-10-21,31997.37,65145.87,PAGADO,completo
PG00004427,C000071,2024-10-23,2024-10-31,2024-11-08,62277.09,29128.59,PAGADO,completo
PG00004428,C001087,2026-03-26,2026-03-28,2026-04-02,172234.1,172234.1,PAGADO,completo
PG00004429,C000394,2023-10-15,2023-10-22,2023-10-28,37427.59,37427.59,PAGADO,completo
PG00004430,C000583,2024-03-11,2024-03-17,2024-03-28,36710.51,19425.97,PAGADO,completo
PG00004431,C000583,2024-05-09,2024-05-19,2024-05-25,10617.11,27901.65,PAGADO,completo
PG00004432,C001367,2026-06-13,2026-06-17,2026-06-25,9470.13,20778.34,PAGADO,completo
PG00004433,C001367,2026-07-11,2026-07-12,2026-07-18,15397.93,6497.19,PAGADO,completo
PG00004434,C001367,2026-07-07,2026-07-14,2026-08-03,6651.63,4244.16,PAGADO,completo
PG00004435,C800097,2024-02-29,2024-03-05,2024-03-21,198842.11,198842.11,PAGADO,completo
PG00004436,C700058,2025-01-11,2025-01-15,2025-01-20,462922.9,307593.22,PAGADO,completo
PG00004437,C700058,2025-03-06,2025-03-10,2025-03-23,263918.49,419248.17,PAGADO,completo
PG00004438,C003041,2024-03-03,2024-03-07,2024-03-12,101354.99,81621.46,PAGADO,completo
PG00004439,C003041,2024-03-16,2024-03-26,2024-03-28,88669.04,108402.57,PAGADO,completo
PG00004440,C900233,2025-03-10,2025-03-17,2025-03-20,186654.98,186654.98,PAGADO,completo
PG00004441,C002952,2023-09-21,2023-09-28,2023-10-15,243342.04,10352.55,PAGADO,completo
PG00004442,C002952,2023-09-16,2023-09-26,2023-10-03,96029.63,266521.62,PAGADO,completo
PG00004443,C002952,2023-10-15,2023-10-25,2023-11-04,49357.93,111855.43,PAGADO,completo
PG00004444,C002622,2024-07-18,2024-07-26,2024-07-28,44323.68,44323.68,PAGADO,completo
PG00004445,C001763,2024-09-29,2024-10-04,2024-10-17,274019.28,274019.28,PAGADO,completo
PG00004446,C003400,2025-06-16,2025-06-26,2025-09-30,7272.15,6280.69,PAGADO,demorado
PG00004447,C003400,2025-06-22,2025-06-29,2025-09-27,7427.48,8418.94,PAGADO,demorado
PG00004448,C001259,2024-07-23,2024-07-24,2024-08-12,101051.19,101051.19,PAGADO,parcial
PG00004449,C002253,2026-03-04,2026-03-05,2026-03-24,59355.59,59355.59,PAGADO,completo
PG00004450,C000526,2023-03-19,2023-03-19,2023-06-08,59739.56,59739.56,PAGADO,demorado
PG00004451,C000377,2025-04-05,2025-04-11,2025-04-26,11291.08,3456.43,PAGADO,completo
PG00004452,C000377,2025-05-05,2025-05-13,2025-05-29,8296.92,16131.57,PAGADO,completo
PG00004453,C001559,2025-02-05,2025-02-06,2025-02-13,31663.63,110126.7,PAGADO,completo
PG00004454,C001559,2025-01-27,2025-02-02,2025-02-21,93864.4,15401.33,PAGADO,completo
PG00004455,C800029,2025-01-21,2025-01-26,2025-02-06,71040.09,71040.09,PAGADO,completo
PG00004456,C001963,2025-01-12,2025-01-17,2025-04-01,37052.74,37052.74,PAGADO,demorado
PG00004457,C900158,2026-01-11,2026-01-16,2026-02-03,167700.39,318112.91,PAGADO,completo
PG00004458,C900158,2026-01-30,2026-02-08,2026-02-18,156620.72,121755.79,PAGADO,completo
PG00004459,C900158,2026-02-16,2026-02-21,2026-02-22,155599.63,40052.04,PAGADO,completo
PG00004460,C000348,2026-04-24,2026-04-26,2026-05-08,5852.53,5852.53,PAGADO,completo
PG00004461,C700108,2026-05-07,2026-05-11,2026-05-26,90750.01,117876.35,PAGADO,sobrepago_senal
PG00004462,C700108,2026-05-16,2026-05-22,2026-05-22,76731.21,49604.87,PAGADO,sobrepago_senal
PG00004463,C002246,2025-08-13,2025-08-20,2025-11-30,79505.62,18081.03,PAGADO,demorado
PG00004464,C002246,2025-08-23,2025-08-26,2025-12-02,40629.22,102053.81,PAGADO,demorado
PG00004465,C900229,2026-01-17,2026-01-19,2026-01-21,279846.73,309682.2,PAGADO,completo
PG00004466,C900229,2026-01-18,2026-01-28,2026-02-06,101838.57,72003.1,PAGADO,completo
PG00004467,C001709,2024-08-08,2024-08-13,2024-08-31,6621.2,6621.2,PAGADO,completo
PG00004468,C001050,2023-06-13,2023-06-13,2023-06-22,8339.2,3126.69,PAGADO,completo
PG00004469,C001050,2023-06-29,2023-07-03,2023-07-19,5045.8,10258.31,PAGADO,completo
PG00004470,C000590,2026-02-10,2026-02-10,2026-03-02,109103.72,283083.76,PAGADO,completo
PG00004471,C000590,2026-01-29,2026-02-07,2026-02-25,236361.6,62381.56,PAGADO,completo
PG00004472,C000519,2024-09-05,2024-09-05,2024-11-09,9486.41,9486.41,PAGADO,demorado
PG00004473,C900232,2026-05-03,2026-05-08,2026-05-20,309977.58,309977.58,PAGADO,completo
PG00004474,C003053,2023-01-27,2023-01-31,,12303.63,0.0,PENDIENTE,pendiente
PG00004475,C001083,2025-10-27,2025-10-29,2025-10-31,82736.87,52091.05,PAGADO,completo
PG00004476,C001083,2025-11-05,2025-11-13,2025-11-24,16024.77,46670.59,PAGADO,completo
PG00004477,C002663,2025-06-21,2025-06-21,,34586.61,0.0,PENDIENTE,pendiente
PG00004478,C900224,2025-02-08,2025-02-16,2025-02-22,33389.06,19838.88,PAGADO,completo
PG00004479,C900224,2025-02-16,2025-02-20,2025-03-06,53849.98,67400.16,PAGADO,completo
PG00004480,C001294,2025-08-06,2025-08-12,2025-08-26,10793.73,7019.92,PAGADO,completo
PG00004481,C001294,2025-08-26,2025-09-03,2025-09-07,6257.33,13084.05,PAGADO,completo
PG00004482,C001294,2025-09-15,2025-09-15,2025-09-26,9549.93,6497.02,PAGADO,completo
PG00004483,C001809,2024-10-04,2024-10-07,,20889.25,0.0,PENDIENTE,pendiente
PG00004484,C000791,2025-03-17,2025-03-17,2025-04-03,8924.16,4397.28,PAGADO,completo
PG00004485,C000791,2025-03-22,2025-03-28,2025-04-05,6658.88,11185.76,PAGADO,completo
PG00004486,C000792,2025-09-02,2025-09-08,2025-09-15,25497.59,12011.82,PAGADO,completo
PG00004487,C000792,2025-09-20,2025-09-27,2025-10-06,13750.12,18770.5,PAGADO,completo
PG00004488,C000792,2025-10-22,2025-10-26,2025-11-06,6276.9,14742.29,PAGADO,completo
PG00004489,C003159,2026-06-27,2026-07-04,2026-07-05,165159.87,91560.24,PAGADO,completo
PG00004490,C003159,2026-07-22,2026-07-29,2026-07-29,83021.87,142015.58,PAGADO,completo
PG00004491,C003159,2026-08-07,2026-08-07,2026-08-07,123419.32,138025.24,PAGADO,completo
PG00004492,C001980,2023-04-04,2023-04-12,2023-04-30,53231.5,53231.5,PAGADO,completo
PG00004493,C800075,2025-08-19,2025-08-20,2025-08-21,35709.47,104052.66,PAGADO,completo
PG00004494,C800075,2025-09-12,2025-09-21,2025-09-26,74876.92,3632.07,PAGADO,completo
PG00004495,C800075,2025-08-27,2025-09-05,2025-09-09,32905.7,35807.36,PAGADO,completo
PG00004496,C700068,2025-04-10,2025-04-10,2025-04-16,469228.32,518218.55,PAGADO,completo
PG00004497,C700068,2025-04-21,2025-04-24,2025-05-07,290723.94,241733.71,PAGADO,completo
PG00004498,C001530,2023-10-03,2023-10-10,2023-10-25,27676.92,66266.24,PAGADO,completo
PG00004499,C001530,2023-11-02,2023-11-06,2023-11-10,68917.93,30328.61,PAGADO,completo
PG00004500,C001410,2023-05-30,2023-06-01,2023-06-02,252542.74,252542.74,PAGADO,completo
PG00004501,C003296,2023-12-06,2023-12-06,2023-12-24,11605.58,1611.77,PAGADO,completo
PG00004502,C003296,2024-01-09,2024-01-11,2024-01-24,5607.29,15601.1,PAGADO,completo
PG00004503,C700079,2025-11-20,2025-11-21,2025-12-08,112551.94,228266.56,PAGADO,completo
PG00004504,C700079,2026-01-14,2026-01-14,2026-01-29,151493.38,98262.67,PAGADO,completo
PG00004505,C700079,2026-01-13,2026-01-13,2026-01-18,80330.5,17846.59,PAGADO,completo
PG00004506,C000083,2025-05-21,2025-05-25,2025-08-09,73378.65,73378.65,PAGADO,demorado
PG00004507,C700044,2025-07-17,2025-07-26,2025-08-13,302870.72,416901.95,PAGADO,completo
PG00004508,C700044,2025-07-31,2025-07-31,2025-08-18,334813.93,45806.52,PAGADO,completo
PG00004509,C700044,2025-09-09,2025-09-12,2025-10-01,180876.53,355852.71,PAGADO,completo
PG00004510,C002350,2026-01-28,2026-02-03,2026-04-20,6820.17,9013.03,PAGADO,demorado
PG00004511,C002350,2026-03-10,2026-03-13,2026-05-19,9698.81,7505.95,PAGADO,demorado
PG00004512,C000020,2023-11-06,2023-11-11,2024-02-13,738915.21,483790.0,PAGADO,demorado
PG00004513,C000020,2023-11-28,2023-12-08,2024-03-03,259659.11,514784.32,PAGADO,demorado
PG00004514,C900099,2024-05-01,2024-05-08,2024-05-22,379283.82,379283.82,PAGADO,completo
PG00004515,C001562,2023-02-13,2023-02-18,2023-02-25,6959.67,6223.8,PAGADO,completo
PG00004516,C001562,2023-02-07,2023-02-17,2023-02-26,6935.2,7671.07,PAGADO,completo
PG00004517,C000973,2025-05-29,2025-06-05,2025-06-22,52037.33,108592.16,PAGADO,completo
PG00004518,C000973,2025-07-22,2025-07-23,2025-07-25,83644.79,27089.96,PAGADO,completo
PG00004519,C001710,2025-07-29,2025-08-02,,7903.25,0.0,PENDIENTE,pendiente
PG00004520,C002940,2024-07-08,2024-07-13,2024-08-02,15916.24,3489.69,PAGADO,completo
PG00004521,C002940,2024-08-12,2024-08-15,2024-08-28,8718.29,15886.66,PAGADO,completo
PG00004522,C002940,2024-08-14,2024-08-17,2024-08-25,14395.31,19653.49,PAGADO,completo
PG00004523,C001098,2023-11-09,2023-11-16,2023-11-29,40287.41,24187.9,PAGADO,completo
PG00004524,C001098,2023-11-30,2023-12-06,2023-12-22,19829.58,6730.62,PAGADO,completo
PG00004525,C001098,2024-01-09,2024-01-18,2024-01-27,15588.65,44787.12,PAGADO,completo
PG00004526,C003103,2023-07-09,2023-07-12,2023-07-19,20751.33,20751.33,PAGADO,parcial
PG00004527,C000886,2024-09-19,2024-09-20,2024-09-24,56672.65,14950.14,PAGADO,completo
PG00004528,C000886,2024-10-20,2024-10-22,2024-10-23,25033.26,72382.8,PAGADO,completo
PG00004529,C000886,2024-11-05,2024-11-09,2024-11-17,60611.77,54984.74,PAGADO,completo
PG00004530,C900308,2024-10-08,2024-10-16,2024-10-30,305713.61,287843.41,PAGADO,completo
PG00004531,C900308,2024-11-05,2024-11-08,2024-11-12,206577.49,224447.69,PAGADO,completo
PG00004532,C700280,2024-02-03,2024-02-11,2024-03-02,99748.46,48948.01,PAGADO,parcial
PG00004533,C700280,2024-03-10,2024-03-15,2024-03-29,86929.2,137729.65,PAGADO,parcial
PG00004534,C003485,2024-06-13,2024-06-23,2024-06-25,30679.49,20782.09,PAGADO,completo
PG00004535,C003485,2024-07-11,2024-07-20,2024-08-01,36490.05,46387.45,PAGADO,completo
PG00004536,C750023,2025-01-03,2025-01-06,2025-01-07,45685.84,29299.69,PAGADO,completo
PG00004537,C750023,2025-01-19,2025-01-20,2025-01-24,10117.67,11708.94,PAGADO,completo
PG00004538,C750023,2025-01-22,2025-02-01,2025-02-03,26448.64,41243.52,PAGADO,completo
PG00004539,C000737,2024-12-28,2025-01-05,2025-01-08,238132.51,173109.04,PAGADO,completo
PG00004540,C000737,2025-02-22,2025-02-24,2025-03-09,80285.8,145309.27,PAGADO,completo
PG00004541,C001453,2026-03-13,2026-03-16,2026-03-21,127109.2,127109.2,PAGADO,completo
PG00004542,C700086,2025-06-02,2025-06-06,2025-06-21,143420.06,231096.99,PAGADO,completo
PG00004543,C700086,2025-06-13,2025-06-14,2025-06-14,317405.12,67803.62,PAGADO,completo
PG00004544,C700086,2025-08-05,2025-08-12,2025-08-19,331842.51,493767.08,PAGADO,completo
PG00004545,C900111,2025-08-10,2025-08-19,2025-08-28,196025.49,117654.77,PAGADO,completo
PG00004546,C900111,2025-08-28,2025-08-30,2025-09-19,80669.57,162773.69,PAGADO,completo
PG00004547,C900111,2025-09-14,2025-09-20,2025-10-08,97642.88,93909.48,PAGADO,completo
PG00004548,C002506,2024-04-27,2024-05-04,2024-05-16,44268.68,84125.72,PAGADO,completo
PG00004549,C002506,2024-05-20,2024-05-25,2024-05-26,48133.34,8276.3,PAGADO,completo
PG00004550,C002126,2024-03-27,2024-04-06,2024-06-01,21198.95,21198.95,PAGADO,demorado
PG00004551,C000906,2026-07-08,2026-07-13,2026-07-31,24375.57,24939.99,PAGADO,completo
PG00004552,C000906,2026-07-29,2026-08-07,2026-08-07,5302.85,12380.04,PAGADO,completo
PG00004553,C000906,2026-08-07,2026-08-07,2026-08-07,11241.62,3600.01,PAGADO,completo
PG00004554,C700235,2024-02-16,2024-02-21,2024-02-29,151332.69,151332.69,PAGADO,completo
PG00004555,C800002,2025-04-22,2025-04-25,2025-04-28,237634.06,237634.06,PAGADO,completo
PG00004556,C002507,2023-12-13,2023-12-13,2023-12-31,20062.09,20062.09,PAGADO,parcial
PG00004557,C002428,2024-08-18,2024-08-21,2024-08-21,121773.59,154331.3,PAGADO,completo
PG00004558,C002428,2024-09-15,2024-09-24,2024-09-26,128706.07,96148.36,PAGADO,completo
PG00004559,C000947,2024-12-17,2024-12-23,2024-12-30,66180.62,66180.62,PAGADO,completo
PG00004560,C002820,2024-03-19,2024-03-23,2024-04-01,44208.54,44208.54,PAGADO,parcial
PG00004561,C003004,2026-04-16,2026-04-23,2026-07-14,5068.79,5038.73,PAGADO,demorado
PG00004562,C003004,2026-04-27,2026-05-02,2026-07-23,2339.22,2369.28,PAGADO,demorado
PG00004563,C000715,2026-05-10,2026-05-17,2026-06-01,38410.97,38410.97,PAGADO,completo
PG00004564,C700157,2024-11-09,2024-11-16,2024-11-26,104901.89,104901.89,PAGADO,completo
PG00004565,C000686,2025-12-03,2025-12-10,2025-12-29,23761.79,23761.79,PAGADO,parcial
PG00004566,C750073,2025-01-08,2025-01-11,2025-01-16,46637.2,36471.96,PAGADO,parcial
PG00004567,C750073,2025-02-21,2025-02-23,2025-03-14,40948.71,51113.95,PAGADO,parcial
PG00004568,C002353,2024-04-02,2024-04-04,2024-04-04,14624.34,27416.27,PAGADO,completo
PG00004569,C002353,2024-04-06,2024-04-06,2024-04-09,32426.63,19634.7,PAGADO,completo
PG00004570,C002257,2023-09-06,2023-09-12,2023-09-16,58969.47,104951.41,PAGADO,completo
PG00004571,C002257,2023-10-30,2023-11-08,2023-11-26,150567.38,104585.44,PAGADO,completo
PG00004572,C700028,2025-02-19,2025-02-20,2025-02-25,75255.77,542690.16,PAGADO,completo
PG00004573,C700028,2025-03-10,2025-03-18,2025-03-20,661357.2,193922.81,PAGADO,completo
PG00004574,C000021,2024-06-22,2024-06-30,2024-09-13,12784.67,13810.85,PAGADO,demorado
PG00004575,C000021,2024-08-09,2024-08-14,2024-10-24,6899.86,5873.68,PAGADO,demorado
PG00004576,C000885,2024-09-19,2024-09-28,2024-10-07,16857.52,5037.32,PAGADO,completo
PG00004577,C000885,2024-10-22,2024-10-27,2024-11-10,55601.34,35816.17,PAGADO,completo
PG00004578,C000885,2024-11-04,2024-11-06,2024-11-10,16782.8,48388.17,PAGADO,completo
PG00004579,C700101,2026-03-11,2026-03-21,2026-03-28,797577.81,797577.81,PAGADO,completo
PG00004580,C000917,2023-10-11,2023-10-19,2023-10-21,43397.91,59538.78,PAGADO,completo
PG00004581,C000917,2023-10-31,2023-11-02,2023-11-08,119879.49,103738.62,PAGADO,completo
PG00004582,C002780,2023-08-30,2023-09-05,2023-09-11,49718.91,49718.91,PAGADO,completo
PG00004583,C900287,2024-09-25,2024-10-04,2024-10-09,259955.98,403057.67,PAGADO,completo
PG00004584,C900287,2024-10-20,2024-10-30,2024-11-10,92843.0,83233.74,PAGADO,completo
PG00004585,C900287,2024-10-12,2024-10-20,2024-10-21,207662.68,74170.25,PAGADO,completo
PG00004586,C003153,2023-09-18,2023-09-19,2023-09-20,282651.69,282651.69,PAGADO,completo
PG00004587,C001265,2025-04-18,2025-04-22,2025-04-30,25017.24,26011.85,PAGADO,completo
PG00004588,C001265,2025-05-08,2025-05-10,2025-05-30,50105.08,49110.47,PAGADO,completo
PG00004589,C000483,2024-12-28,2024-12-31,2025-01-17,9019.27,11367.02,PAGADO,completo
PG00004590,C000483,2025-01-07,2025-01-14,2025-01-18,27653.06,25305.31,PAGADO,completo
PG00004591,C003449,2025-06-11,2025-06-19,2025-06-20,8430.25,4238.23,PAGADO,completo
PG00004592,C003449,2025-07-12,2025-07-12,2025-07-14,16795.15,20987.17,PAGADO,completo
PG00004593,C900031,2025-06-03,2025-06-11,2025-06-15,475965.57,475965.57,PAGADO,completo
PG00004594,C000277,2025-03-26,2025-04-03,2025-04-16,13091.13,36746.76,PAGADO,completo
PG00004595,C000277,2025-04-22,2025-04-23,2025-04-27,81964.02,58308.39,PAGADO,completo
PG00004596,C000988,2023-10-29,2023-10-30,2024-01-29,11503.75,26299.4,PAGADO,demorado
PG00004597,C000988,2023-12-01,2023-12-06,2024-02-20,18197.94,3402.29,PAGADO,demorado
PG00004598,C002084,2024-09-12,2024-09-16,2024-09-20,19982.01,20055.83,PAGADO,completo
PG00004599,C002084,2024-09-30,2024-10-09,2024-10-12,39718.45,39644.63,PAGADO,completo
PG00004600,C001245,2025-09-18,2025-09-28,2025-10-03,29969.33,53028.09,PAGADO,completo
PG00004601,C001245,2025-10-23,2025-10-28,2025-11-14,66086.33,43027.57,PAGADO,completo
PG00004602,C002382,2024-02-28,2024-03-05,2024-03-18,11957.62,6142.77,PAGADO,completo
PG00004603,C002382,2024-04-07,2024-04-16,2024-04-26,22365.89,28180.74,PAGADO,completo
PG00004604,C000571,2025-10-24,2025-10-29,2025-11-05,68952.22,68952.22,PAGADO,completo
PG00004605,C001435,2024-11-01,2024-11-06,2025-02-16,70802.63,70802.63,PAGADO,demorado
PG00004606,C000993,2025-04-19,2025-04-22,2025-05-12,46660.09,114442.53,PAGADO,completo
PG00004607,C000993,2025-04-13,2025-04-18,2025-04-30,122610.46,54828.02,PAGADO,completo
PG00004608,C002561,2025-02-14,2025-02-18,2025-04-13,101338.19,101338.19,PAGADO,demorado
PG00004609,C900228,2024-03-25,2024-03-29,2024-06-30,180030.79,266375.17,PAGADO,demorado
PG00004610,C900228,2024-03-29,2024-04-01,2024-07-08,299174.99,212830.61,PAGADO,demorado
PG00004611,C000585,2026-04-10,2026-04-15,2026-05-05,114839.02,46193.11,PAGADO,completo
PG00004612,C000585,2026-04-24,2026-05-02,2026-05-11,36758.55,68344.79,PAGADO,completo
PG00004613,C000585,2026-04-22,2026-04-26,2026-04-28,18827.71,55887.38,PAGADO,completo
PG00004614,C002718,2025-01-18,2025-01-28,2025-02-15,29456.92,25792.04,PAGADO,parcial
PG00004615,C002718,2025-01-14,2025-01-20,2025-01-24,15012.96,18677.84,PAGADO,parcial
PG00004616,C002514,2024-05-30,2024-06-06,2024-06-09,17976.84,17976.84,PAGADO,completo
PG00004617,C001349,2024-08-20,2024-08-29,2024-12-06,15801.41,15801.41,PAGADO,demorado
PG00004618,C001007,2025-08-09,2025-08-16,2025-09-02,30973.87,5245.82,PAGADO,completo
PG00004619,C001007,2025-08-25,2025-08-26,2025-09-01,11088.28,36816.33,PAGADO,completo
PG00004620,C000674,2026-04-23,2026-04-30,2026-05-08,82698.48,82698.48,PAGADO,parcial
PG00004621,C002412,2024-11-16,2024-11-20,2024-12-10,6701.21,49674.99,PAGADO,completo
PG00004622,C002412,2024-12-11,2024-12-21,2025-01-02,56670.65,50765.06,PAGADO,completo
PG00004623,C002412,2024-12-08,2024-12-18,2025-01-03,101692.23,64624.04,PAGADO,completo
PG00004624,C000447,2024-01-16,2024-01-16,2024-02-04,775945.85,775945.85,PAGADO,parcial
PG00004625,C002577,2025-11-22,2025-11-28,2025-12-16,33281.28,33281.28,PAGADO,parcial
PG00004626,C003382,2023-10-28,2023-11-04,2023-11-08,239088.8,51858.69,PAGADO,completo
PG00004627,C003382,2023-11-09,2023-11-10,2023-11-28,44676.48,146385.86,PAGADO,completo
PG00004628,C003382,2023-11-24,2023-12-02,2023-12-07,72263.46,157784.19,PAGADO,completo
PG00004629,C002064,2026-02-06,2026-02-11,2026-02-21,18539.75,12622.5,PAGADO,completo
PG00004630,C002064,2026-02-06,2026-02-14,2026-02-14,22425.02,19063.33,PAGADO,completo
PG00004631,C002064,2026-03-02,2026-03-07,2026-03-17,36436.52,45715.46,PAGADO,completo
PG00004632,C700074,2026-05-22,2026-05-28,2026-06-01,501169.85,501169.85,PAGADO,sobrepago_senal
PG00004633,C002823,2024-12-18,2024-12-21,,18968.0,0.0,PENDIENTE,pendiente
PG00004634,C001690,2024-01-29,2024-02-04,2024-02-19,18974.92,4400.45,PAGADO,completo
PG00004635,C001690,2024-02-29,2024-03-02,2024-03-04,7718.64,22293.11,PAGADO,completo
PG00004636,C700231,2026-03-30,2026-04-06,2026-04-11,712846.45,712846.45,PAGADO,parcial
PG00004637,C001247,2026-03-26,2026-04-03,2026-04-20,106145.97,73916.36,PAGADO,completo
PG00004638,C001247,2026-04-08,2026-04-17,2026-04-26,52612.23,84841.84,PAGADO,completo
PG00004639,C001985,2024-02-14,2024-02-16,2024-03-02,35408.0,35408.0,PAGADO,completo
PG00004640,C000294,2025-09-01,2025-09-06,2025-09-17,14369.51,14369.51,PAGADO,completo
PG00004641,C001547,2025-01-29,2025-02-02,2025-02-06,32903.29,57992.93,PAGADO,completo
PG00004642,C001547,2025-02-17,2025-02-27,2025-03-18,5232.31,8477.69,PAGADO,completo
PG00004643,C001547,2025-02-10,2025-02-11,2025-02-27,34255.34,5920.32,PAGADO,completo
PG00004644,C002012,2025-09-01,2025-09-10,,65171.44,0.0,PENDIENTE,pendiente
PG00004645,C000588,2024-02-11,2024-02-20,2024-03-01,74903.86,61541.57,PAGADO,completo
PG00004646,C000588,2024-02-19,2024-02-25,2024-03-07,68292.98,81655.27,PAGADO,completo
PG00004647,C002403,2024-02-22,2024-02-29,2024-03-01,16697.2,16697.2,PAGADO,completo
PG00004648,C002129,2025-09-12,2025-09-13,2025-09-26,60691.39,65261.14,PAGADO,completo
PG00004649,C002129,2025-09-15,2025-09-21,2025-10-03,41036.75,36467.0,PAGADO,completo
PG00004650,C003456,2026-02-27,2026-02-28,2026-05-21,39047.86,50138.61,PAGADO,demorado
PG00004651,C003456,2026-03-18,2026-03-20,2026-05-24,34946.89,23856.14,PAGADO,demorado
PG00004652,C003309,2025-08-30,2025-09-01,2025-09-01,6464.39,2440.44,PAGADO,completo
PG00004653,C003309,2025-10-05,2025-10-06,2025-10-24,7300.63,7614.78,PAGADO,completo
PG00004654,C003309,2025-10-03,2025-10-06,2025-10-15,7111.41,10821.21,PAGADO,completo
PG00004655,C000425,2024-01-17,2024-01-19,2024-02-03,40206.82,46109.27,PAGADO,sobrepago_senal
PG00004656,C000425,2024-01-06,2024-01-13,2024-01-15,83744.56,77842.11,PAGADO,sobrepago_senal
PG00004657,C001054,2023-09-04,2023-09-11,2023-09-11,1810.86,6172.02,PAGADO,completo
PG00004658,C001054,2023-09-26,2023-10-02,2023-10-12,4142.48,1873.91,PAGADO,completo
PG00004659,C001054,2023-10-25,2023-10-28,2023-11-14,6669.76,4577.17,PAGADO,completo
PG00004660,C700260,2025-09-02,2025-09-05,2025-11-01,426950.35,426950.35,PAGADO,demorado
PG00004661,C000556,2025-04-23,2025-04-25,2025-05-13,7807.43,14209.06,PAGADO,completo
PG00004662,C000556,2025-05-13,2025-05-22,2025-05-27,11471.06,13095.88,PAGADO,completo
PG00004663,C000556,2025-07-06,2025-07-10,2025-07-13,10916.88,2890.43,PAGADO,completo
PG00004664,C003407,2025-08-24,2025-08-26,2025-09-07,29109.05,18949.96,PAGADO,completo
PG00004665,C003407,2025-09-30,2025-10-06,2025-10-18,29058.24,29431.71,PAGADO,completo
PG00004666,C003407,2025-09-28,2025-10-07,2025-10-10,10259.07,20044.69,PAGADO,completo
PG00004667,C900246,2025-10-15,2025-10-23,2025-10-26,33974.67,29907.61,PAGADO,completo
PG00004668,C900246,2025-10-03,2025-10-09,2025-10-15,33136.16,11997.08,PAGADO,completo
PG00004669,C900246,2025-10-28,2025-10-28,2025-11-03,8594.81,33800.95,PAGADO,completo
PG00004670,C900127,2024-06-03,2024-06-06,2024-06-17,471546.88,471546.88,PAGADO,completo
PG00004671,C003135,2024-03-01,2024-03-07,2024-03-16,135648.47,21680.06,PAGADO,completo
PG00004672,C003135,2024-03-29,2024-03-31,2024-04-12,31493.91,145462.32,PAGADO,completo
PG00004673,C900124,2025-01-16,2025-01-22,2025-04-16,55301.52,47949.72,PAGADO,demorado
PG00004674,C900124,2025-01-12,2025-01-22,2025-04-12,89050.8,96402.6,PAGADO,demorado
PG00004675,C003048,2024-03-11,2024-03-12,2024-03-13,48377.37,80833.57,PAGADO,completo
PG00004676,C003048,2024-03-09,2024-03-12,2024-03-28,39631.55,123467.09,PAGADO,completo
PG00004677,C003048,2024-04-16,2024-04-26,2024-05-01,130407.85,14116.11,PAGADO,completo
PG00004678,C001193,2024-07-08,2024-07-10,2024-07-10,79802.54,79802.54,PAGADO,completo
PG00004679,C001716,2025-08-29,2025-09-03,2025-09-05,34226.66,10958.15,PAGADO,completo
PG00004680,C001716,2025-10-13,2025-10-17,2025-11-01,14552.46,37820.97,PAGADO,completo
PG00004681,C003058,2024-11-07,2024-11-16,2024-12-02,104887.31,225374.68,PAGADO,completo
PG00004682,C003058,2024-12-11,2024-12-21,2024-12-24,225480.93,104993.56,PAGADO,completo
PG00004683,C900198,2025-11-24,2025-11-30,2025-12-15,547359.57,547359.57,PAGADO,completo
PG00004684,C002400,2026-05-13,2026-05-18,2026-05-31,20008.24,14926.27,PAGADO,completo
PG00004685,C002400,2026-05-25,2026-06-02,2026-06-18,44858.66,68848.03,PAGADO,completo
PG00004686,C002400,2026-06-20,2026-06-25,2026-07-01,34114.69,15207.29,PAGADO,completo
PG00004687,C002139,2026-03-10,2026-03-12,2026-06-01,75562.72,75562.72,PAGADO,demorado
PG00004688,C002383,2026-05-18,2026-05-24,2026-06-12,25771.9,25771.9,PAGADO,completo
PG00004689,C002775,2025-04-02,2025-04-09,2025-04-12,7693.79,23946.15,PAGADO,completo
PG00004690,C002775,2025-04-28,2025-04-28,2025-05-13,21562.1,5309.74,PAGADO,completo
PG00004691,C001285,2026-02-06,2026-02-11,2026-02-13,13949.89,20764.66,PAGADO,completo
PG00004692,C001285,2026-01-24,2026-01-28,2026-02-11,8224.05,1409.28,PAGADO,completo
PG00004693,C900147,2024-01-18,2024-01-21,2024-04-11,254231.97,321048.15,PAGADO,demorado
PG00004694,C900147,2024-02-22,2024-02-26,2024-05-22,296982.17,230165.99,PAGADO,demorado
PG00004695,C003350,2025-04-11,2025-04-18,2025-05-04,6180.0,21792.44,PAGADO,completo
PG00004696,C003350,2025-04-24,2025-04-28,2025-05-12,25793.5,10181.06,PAGADO,completo
PG00004697,C700107,2026-05-05,2026-05-10,2026-05-20,84927.62,316541.52,PAGADO,completo
PG00004698,C700107,2026-05-11,2026-05-18,2026-06-07,633953.68,402339.78,PAGADO,completo
PG00004699,C002087,2024-05-12,2024-05-19,2024-06-01,15247.11,22054.69,PAGADO,completo
PG00004700,C002087,2024-05-03,2024-05-06,2024-05-10,6812.2,18807.84,PAGADO,completo
PG00004701,C002087,2024-06-03,2024-06-10,2024-06-13,33990.06,15186.84,PAGADO,completo
PG00004702,C001889,2025-09-04,2025-09-06,2025-09-07,19963.27,34191.24,PAGADO,completo
PG00004703,C001889,2025-09-11,2025-09-12,2025-09-17,44858.96,30630.99,PAGADO,completo
PG00004704,C001591,2025-09-20,2025-09-25,2025-10-09,6270.87,18240.69,PAGADO,completo
PG00004705,C001591,2025-10-15,2025-10-22,2025-11-03,28684.58,16714.76,PAGADO,completo
PG00004706,C900110,2026-05-03,2026-05-06,2026-05-25,35313.33,35313.33,PAGADO,parcial
PG00004707,C002162,2024-05-10,2024-05-15,2024-05-24,199284.71,199284.71,PAGADO,completo
PG00004708,C002396,2024-09-06,2024-09-13,2024-09-20,118710.32,118710.32,PAGADO,parcial
PG00004709,C002706,2024-08-02,2024-08-04,,24240.56,0.0,PENDIENTE,pendiente
PG00004710,C002271,2023-03-29,2023-04-06,2023-04-10,13062.22,16200.06,PAGADO,completo
PG00004711,C002271,2023-04-09,2023-04-13,2023-04-24,20985.26,17847.42,PAGADO,completo
PG00004712,C700139,2025-05-10,2025-05-13,,206966.63,0.0,PENDIENTE,pendiente
PG00004713,C001137,2025-12-08,2025-12-10,2025-12-11,17256.43,10166.78,PAGADO,completo
PG00004714,C001137,2025-12-30,2026-01-07,2026-01-16,5119.65,11778.59,PAGADO,completo
PG00004715,C001137,2026-01-28,2026-02-04,2026-02-19,32710.83,33141.54,PAGADO,completo
PG00004716,C002879,2023-02-15,2023-02-20,2023-02-21,53075.64,53075.64,PAGADO,completo
PG00004717,C000972,2023-05-01,2023-05-07,2023-05-24,49623.41,20879.93,PAGADO,parcial
PG00004718,C000972,2023-06-27,2023-07-07,2023-07-11,17421.45,46164.93,PAGADO,parcial
PG00004719,C000795,2023-06-06,2023-06-08,2023-06-08,199747.38,265609.67,PAGADO,completo
PG00004720,C000795,2023-07-23,2023-08-01,2023-08-19,171667.42,27797.96,PAGADO,completo
PG00004721,C000795,2023-07-12,2023-07-16,2023-08-01,35124.02,113131.19,PAGADO,completo
PG00004722,C001711,2025-06-15,2025-06-25,2025-07-15,27489.69,7259.14,PAGADO,completo
PG00004723,C001711,2025-07-16,2025-07-20,2025-07-22,7072.4,27302.95,PAGADO,completo
PG00004724,C700233,2025-03-06,2025-03-16,2025-03-27,44930.01,79055.56,PAGADO,completo
PG00004725,C700233,2025-03-22,2025-04-01,2025-04-09,204539.97,194799.57,PAGADO,completo
PG00004726,C700233,2025-04-27,2025-05-02,2025-05-09,86623.47,62238.32,PAGADO,completo
PG00004727,C000453,2023-05-12,2023-05-13,2023-05-27,4720.04,1616.29,PAGADO,completo
PG00004728,C000453,2023-06-19,2023-06-20,2023-07-02,6117.53,9221.28,PAGADO,completo
PG00004729,C000913,2026-07-23,2026-07-29,2026-08-07,8443.09,17177.96,PAGADO,parcial
PG00004730,C000913,2026-08-07,2026-08-07,2026-08-07,11170.95,2436.08,PAGADO,parcial
PG00004731,C003014,2024-02-18,2024-02-24,2024-03-13,58363.31,85378.1,PAGADO,parcial
PG00004732,C003014,2024-03-22,2024-03-24,2024-04-01,129798.62,102783.83,PAGADO,parcial
PG00004733,C001199,2025-04-16,2025-04-22,2025-05-09,29867.66,76328.98,PAGADO,parcial
PG00004734,C001199,2025-04-14,2025-04-15,2025-05-05,93505.85,47044.53,PAGADO,parcial
PG00004735,C001274,2023-11-10,2023-11-18,2024-02-05,119.11,6087.99,PAGADO,demorado
PG00004736,C001274,2023-11-15,2023-11-22,2024-01-23,9594.1,3625.22,PAGADO,demorado
PG00004737,C002375,2023-08-13,2023-08-16,2023-11-04,5001.18,11449.64,PAGADO,demorado
PG00004738,C002375,2023-08-15,2023-08-21,2023-11-24,10895.89,4447.43,PAGADO,demorado
PG00004739,C000037,2025-02-20,2025-02-25,2025-02-26,108110.2,108110.2,PAGADO,completo
PG00004740,C000974,2024-01-29,2024-02-05,2024-04-17,13058.18,29841.46,PAGADO,demorado
PG00004741,C000974,2024-01-14,2024-01-21,2024-04-05,44631.83,27848.55,PAGADO,demorado
PG00004742,C000983,2025-09-24,2025-10-01,2025-10-04,40877.44,34849.21,PAGADO,completo
PG00004743,C000983,2025-10-10,2025-10-13,2025-10-28,51261.64,57289.87,PAGADO,completo
PG00004744,C700039,2024-07-11,2024-07-14,2024-07-14,857333.29,857333.29,PAGADO,completo
PG00004745,C001418,2024-07-06,2024-07-09,2024-07-10,42343.23,42343.23,PAGADO,completo
PG00004746,C001560,2024-09-02,2024-09-07,,60978.81,0.0,PENDIENTE,pendiente
PG00004747,C000039,2024-03-26,2024-03-26,2024-04-10,39215.72,37585.84,PAGADO,completo
PG00004748,C000039,2024-03-28,2024-03-28,2024-04-06,36474.25,38104.13,PAGADO,completo
PG00004749,C001486,2024-06-29,2024-07-07,2024-07-18,13738.68,52894.15,PAGADO,completo
PG00004750,C001486,2024-07-14,2024-07-20,2024-07-21,102149.43,41379.44,PAGADO,completo
PG00004751,C001486,2024-07-22,2024-07-30,2024-08-12,18940.42,40554.94,PAGADO,completo
PG00004752,C700018,2026-05-31,2026-06-02,2026-06-18,253662.2,468243.16,PAGADO,completo
PG00004753,C700018,2026-07-08,2026-07-09,2026-07-23,229345.99,213485.76,PAGADO,completo
PG00004754,C700018,2026-07-18,2026-07-19,2026-08-05,266101.7,67380.97,PAGADO,completo
PG00004755,C000169,2023-05-17,2023-05-20,2023-06-06,4419.26,3989.01,PAGADO,completo
PG00004756,C000169,2023-05-03,2023-05-06,2023-05-17,7769.57,11280.22,PAGADO,completo
PG00004757,C000169,2023-06-25,2023-07-02,2023-07-14,12970.77,9890.37,PAGADO,completo
PG00004758,C001355,2024-04-06,2024-04-13,2024-04-25,17642.34,17642.34,PAGADO,parcial
PG00004759,C002697,2026-03-19,2026-03-22,2026-06-02,8596.43,65110.54,PAGADO,demorado
PG00004760,C002697,2026-04-25,2026-04-27,2026-07-05,96834.53,40320.42,PAGADO,demorado
PG00004761,C900185,2026-05-20,2026-05-30,2026-08-07,336810.8,336810.8,PAGADO,demorado
PG00004762,C002955,2026-02-01,2026-02-10,2026-02-10,337712.17,337712.17,PAGADO,parcial
PG00004763,C002969,2024-10-10,2024-10-18,2024-10-30,9641.58,59010.73,PAGADO,completo
PG00004764,C002969,2024-10-10,2024-10-16,2024-10-16,27919.08,8190.69,PAGADO,completo
PG00004765,C002969,2024-11-05,2024-11-14,2024-12-03,58915.74,29274.98,PAGADO,completo
PG00004766,C001640,2023-10-07,2023-10-16,,76384.33,0.0,PENDIENTE,pendiente
PG00004767,C001290,2024-11-19,2024-11-28,2024-12-01,14227.46,34277.13,PAGADO,sobrepago_senal
PG00004768,C001290,2024-12-31,2025-01-06,2025-01-09,28231.73,8182.06,PAGADO,sobrepago_senal
PG00004769,C001380,2024-04-26,2024-05-05,2024-05-14,4575.64,5583.12,PAGADO,completo
PG00004770,C001380,2024-04-18,2024-04-26,2024-05-02,6934.83,13960.71,PAGADO,completo
PG00004771,C001380,2024-06-06,2024-06-13,2024-07-01,37846.75,29813.39,PAGADO,completo
PG00004772,C001933,2025-01-12,2025-01-15,,89110.65,0.0,PENDIENTE,pendiente
PG00004773,C000579,2023-05-25,2023-05-26,2023-05-29,11709.77,12733.08,PAGADO,completo
PG00004774,C000579,2023-05-27,2023-05-30,2023-06-06,8500.89,7477.58,PAGADO,completo
PG00004775,C003180,2024-01-22,2024-01-28,2024-02-07,187811.65,187811.65,PAGADO,parcial
PG00004776,C002030,2023-06-21,2023-06-30,2023-07-13,11449.55,13211.67,PAGADO,completo
PG00004777,C002030,2023-07-17,2023-07-26,2023-07-29,4925.13,3163.01,PAGADO,completo
PG00004778,C000892,2025-06-25,2025-07-01,2025-07-15,64722.02,64722.02,PAGADO,completo
PG00004779,C000780,2024-02-21,2024-03-01,2024-03-18,118411.77,82443.14,PAGADO,completo
PG00004780,C000780,2024-03-01,2024-03-10,2024-03-27,91549.2,203047.34,PAGADO,completo
PG00004781,C000780,2024-03-14,2024-03-16,2024-03-22,152615.47,77085.96,PAGADO,completo
PG00004782,C000159,2023-12-27,2024-01-03,2024-01-15,53991.39,53991.39,PAGADO,completo
PG00004783,C000002,2026-06-24,2026-06-28,2026-07-09,9760.54,23886.48,PAGADO,completo
PG00004784,C000002,2026-07-13,2026-07-16,2026-08-04,23760.18,13792.98,PAGADO,completo
PG00004785,C000002,2026-07-22,2026-07-29,2026-08-05,17325.3,13166.56,PAGADO,completo
PG00004786,C003082,2025-09-06,2025-09-10,2025-09-19,75705.64,75705.64,PAGADO,completo
PG00004787,C700224,2025-02-13,2025-02-19,2025-03-11,156967.62,11518.43,PAGADO,completo
PG00004788,C700224,2025-04-01,2025-04-04,2025-04-20,37116.55,182565.74,PAGADO,completo
PG00004789,C000849,2024-08-10,2024-08-13,2024-08-28,20819.67,20819.67,PAGADO,completo
PG00004790,C002466,2025-10-02,2025-10-11,2025-10-26,39976.46,46431.71,PAGADO,sobrepago_senal
PG00004791,C002466,2025-10-25,2025-10-30,2025-11-04,19920.59,13465.34,PAGADO,sobrepago_senal
PG00004792,C003129,2025-01-02,2025-01-03,2025-01-06,520645.75,520645.75,PAGADO,sobrepago_senal
PG00004793,C001596,2024-01-15,2024-01-24,2024-03-18,56928.66,133230.78,PAGADO,demorado
PG00004794,C001596,2024-01-26,2024-01-27,2024-04-06,143700.88,67398.76,PAGADO,demorado
PG00004795,C001776,2023-05-03,2023-05-05,2023-05-23,54735.01,54735.01,PAGADO,completo
PG00004796,C001913,2025-09-02,2025-09-11,2025-09-11,8113.29,36079.88,PAGADO,completo
PG00004797,C001913,2025-08-23,2025-08-26,2025-09-10,21484.25,30681.69,PAGADO,completo
PG00004798,C001913,2025-09-19,2025-09-27,2025-10-01,53313.11,16149.08,PAGADO,completo
PG00004799,C001043,2023-07-05,2023-07-08,2023-10-18,147240.98,147240.98,PAGADO,demorado
PG00004800,C001544,2024-01-09,2024-01-16,2024-01-20,243764.06,243764.06,PAGADO,completo
PG00004801,C002903,2025-07-08,2025-07-14,2025-09-17,19214.83,28375.28,PAGADO,demorado
PG00004802,C002903,2025-08-08,2025-08-15,2025-10-14,48490.8,39330.35,PAGADO,demorado
PG00004803,C000053,2025-12-03,2025-12-11,2025-12-29,124689.17,91729.57,PAGADO,completo
PG00004804,C000053,2025-12-25,2025-12-26,2025-12-26,53253.64,86213.24,PAGADO,completo
PG00004805,C001796,2024-03-29,2024-04-04,2024-04-24,74225.27,74225.27,PAGADO,completo
PG00004806,C001911,2026-06-11,2026-06-19,2026-06-22,711704.55,711704.55,PAGADO,completo
PG00004807,C003196,2023-02-17,2023-02-25,2023-03-10,7391.23,5936.23,PAGADO,completo
PG00004808,C003196,2023-03-25,2023-03-26,2023-04-07,9003.08,7887.68,PAGADO,completo
PG00004809,C003196,2023-04-26,2023-04-30,2023-05-20,14239.8,16810.2,PAGADO,completo
PG00004810,C002553,2025-06-14,2025-06-21,2025-07-03,15410.6,6126.4,PAGADO,parcial
PG00004811,C002553,2025-07-08,2025-07-10,2025-07-10,10607.55,19891.75,PAGADO,parcial
PG00004812,C700065,2024-12-28,2025-01-04,2025-01-18,552854.87,500849.65,PAGADO,completo
PG00004813,C700065,2025-01-28,2025-01-29,2025-01-31,343248.34,395253.56,PAGADO,completo
PG00004814,C003056,2024-05-24,2024-06-03,2024-06-09,5557.12,27923.71,PAGADO,parcial
PG00004815,C003056,2024-05-23,2024-05-30,2024-06-12,110655.07,88288.48,PAGADO,parcial
PG00004816,C000824,2025-02-08,2025-02-14,2025-02-15,307530.8,307530.8,PAGADO,parcial
PG00004817,C900164,2025-06-12,2025-06-16,,165790.74,0.0,PENDIENTE,pendiente
PG00004818,C001389,2023-06-20,2023-06-20,2023-06-23,126479.43,78797.71,PAGADO,completo
PG00004819,C001389,2023-07-04,2023-07-09,2023-07-12,59954.06,107635.78,PAGADO,completo
PG00004820,C700199,2025-06-14,2025-06-16,2025-06-27,385784.11,385784.11,PAGADO,parcial
PG00004821,C002819,2024-11-24,2024-11-25,2024-11-26,20517.83,20517.83,PAGADO,completo
PG00004822,C001607,2026-05-31,2026-05-31,2026-06-19,104902.99,104902.99,PAGADO,parcial
PG00004823,C001594,2024-03-01,2024-03-06,2024-03-20,18346.24,27607.31,PAGADO,completo
PG00004824,C001594,2024-03-19,2024-03-23,2024-04-09,17022.59,18192.71,PAGADO,completo
PG00004825,C001594,2024-05-17,2024-05-18,2024-06-06,40336.81,29905.62,PAGADO,completo
PG00004826,C000771,2023-12-17,2023-12-24,2024-01-10,10893.27,10893.27,PAGADO,completo
PG00004827,C002611,2023-10-26,2023-11-02,2023-11-21,49141.87,49141.87,PAGADO,parcial
PG00004828,C002273,2023-02-24,2023-02-24,2023-03-05,26879.13,26879.13,PAGADO,parcial
PG00004829,C001868,2026-01-13,2026-01-23,2026-01-31,174254.01,72061.28,PAGADO,completo
PG00004830,C001868,2026-02-06,2026-02-09,2026-02-27,94943.71,197136.44,PAGADO,completo
PG00004831,C001085,2023-09-13,2023-09-21,2023-10-09,42724.32,42724.32,PAGADO,completo
PG00004832,C900155,2025-11-19,2025-11-20,,204459.08,0.0,PENDIENTE,pendiente
PG00004833,C001325,2023-05-26,2023-05-30,2023-06-12,67578.01,67578.01,PAGADO,completo
PG00004834,C001463,2026-02-05,2026-02-06,2026-02-18,9340.81,20090.77,PAGADO,parcial
PG00004835,C001463,2026-02-11,2026-02-11,2026-02-27,146422.7,135672.74,PAGADO,parcial
PG00004836,C000806,2023-06-14,2023-06-15,2023-08-22,50082.56,50082.56,PAGADO,demorado
PG00004837,C002873,2023-06-06,2023-06-07,2023-06-16,7192.8,7192.8,PAGADO,parcial
PG00004838,C002794,2024-10-27,2024-11-04,2024-11-14,48796.17,48796.17,PAGADO,completo
PG00004839,C002108,2026-06-02,2026-06-05,2026-06-06,45195.31,45195.31,PAGADO,parcial
PG00004840,C003201,2025-05-09,2025-05-15,2025-05-20,570.01,834.83,PAGADO,completo
PG00004841,C003201,2025-05-07,2025-05-11,2025-05-13,2959.73,2694.91,PAGADO,completo
PG00004842,C800069,2025-05-11,2025-05-17,2025-05-20,688752.96,329701.21,PAGADO,completo
PG00004843,C800069,2025-06-23,2025-07-03,2025-07-23,413125.15,458161.31,PAGADO,completo
PG00004844,C800069,2025-06-26,2025-06-29,2025-07-16,124972.86,438988.45,PAGADO,completo
PG00004845,C002234,2023-12-15,2023-12-20,2024-01-08,5790.05,2438.95,PAGADO,completo
PG00004846,C002234,2023-12-03,2023-12-11,2023-12-18,3345.52,8132.26,PAGADO,completo
PG00004847,C002234,2024-01-13,2024-01-13,2024-01-20,4836.32,3400.68,PAGADO,completo
PG00004848,C000963,2023-03-08,2023-03-09,2023-03-14,5670.69,8726.87,PAGADO,completo
PG00004849,C000963,2023-04-05,2023-04-05,2023-04-11,10119.19,4792.99,PAGADO,completo
PG00004850,C000963,2023-03-26,2023-04-04,2023-04-23,4636.45,6906.47,PAGADO,completo
PG00004851,C000398,2023-06-21,2023-06-27,2023-07-09,7031.4,11293.04,PAGADO,completo
PG00004852,C000398,2023-07-29,2023-08-03,2023-08-15,21147.89,17288.57,PAGADO,completo
PG00004853,C000398,2023-08-26,2023-09-04,2023-09-08,5239.88,4837.56,PAGADO,completo
PG00004854,C002632,2025-02-04,2025-02-06,2025-02-17,56927.86,57616.86,PAGADO,completo
PG00004855,C002632,2025-02-23,2025-03-03,2025-03-18,118322.27,117633.27,PAGADO,completo
PG00004856,C900289,2025-04-30,2025-05-04,2025-05-09,65128.7,28298.2,PAGADO,completo
PG00004857,C900289,2025-06-22,2025-06-29,2025-07-16,66504.37,109476.9,PAGADO,completo
PG00004858,C900289,2025-07-15,2025-07-22,2025-08-03,124689.19,118547.16,PAGADO,completo
PG00004859,C000704,2024-04-24,2024-04-28,2024-04-30,66665.89,66665.89,PAGADO,completo
PG00004860,C000431,2023-03-02,2023-03-08,2023-03-23,4562.79,3187.76,PAGADO,completo
PG00004861,C000431,2023-04-22,2023-04-27,2023-04-29,3722.62,5097.65,PAGADO,completo
PG00004862,C000292,2025-04-07,2025-04-13,2025-04-27,19274.33,27319.79,PAGADO,completo
PG00004863,C000292,2025-04-30,2025-05-01,2025-05-12,35533.5,43424.71,PAGADO,completo
PG00004864,C000292,2025-05-08,2025-05-16,2025-06-04,30781.8,14845.13,PAGADO,completo
PG00004865,C900302,2025-03-25,2025-03-30,2025-04-04,31324.33,139900.58,PAGADO,completo
PG00004866,C900302,2025-05-10,2025-05-16,2025-05-26,268875.83,160299.58,PAGADO,completo
PG00004867,C000145,2024-05-13,2024-05-22,2024-06-06,35169.86,62375.8,PAGADO,completo
PG00004868,C000145,2024-05-15,2024-05-19,2024-05-30,43514.84,16308.9,PAGADO,completo
PG00004869,C003078,2025-10-02,2025-10-11,2026-01-19,11953.02,11953.02,PAGADO,demorado
PG00004870,C002033,2023-09-14,2023-09-24,2023-09-24,171255.64,171255.64,PAGADO,completo
PG00004871,C003166,2025-07-24,2025-07-25,2025-10-28,13241.12,7709.22,PAGADO,demorado
PG00004872,C003166,2025-08-25,2025-08-27,2025-11-24,8563.05,14094.95,PAGADO,demorado
PG00004873,C001165,2024-03-24,2024-03-25,2024-03-25,95671.99,95671.99,PAGADO,parcial
PG00004874,C002050,2024-10-29,2024-11-03,,3938.15,0.0,PENDIENTE,pendiente
PG00004875,C002624,2026-03-10,2026-03-11,2026-03-28,60934.66,24534.51,PAGADO,completo
PG00004876,C002624,2026-04-18,2026-04-26,2026-05-16,78049.62,114449.77,PAGADO,completo
PG00004877,C900140,2024-03-06,2024-03-12,2024-03-29,134594.1,67299.82,PAGADO,parcial
PG00004878,C900140,2024-02-26,2024-03-07,2024-03-20,87749.93,155044.21,PAGADO,parcial
PG00004879,C000339,2023-10-19,2023-10-27,2023-11-03,14110.44,66680.46,PAGADO,completo
PG00004880,C000339,2023-11-23,2023-11-27,2023-11-27,178843.65,109003.01,PAGADO,completo
PG00004881,C000339,2023-11-29,2023-12-09,2023-12-24,4130.76,21401.38,PAGADO,completo
PG00004882,C002726,2024-10-21,2024-10-30,2024-10-31,41416.58,41416.58,PAGADO,completo
PG00004883,C000265,2024-04-22,2024-05-02,2024-07-22,38487.66,28239.7,PAGADO,demorado
PG00004884,C000265,2024-06-08,2024-06-10,2024-09-09,9861.08,20109.04,PAGADO,demorado
PG00004885,C002424,2025-07-05,2025-07-07,2025-07-18,43627.43,50784.67,PAGADO,parcial
PG00004886,C002424,2025-07-05,2025-07-06,2025-07-21,33895.56,26738.32,PAGADO,parcial
PG00004887,C700005,2026-02-04,2026-02-05,2026-02-16,279295.27,370901.87,PAGADO,completo
PG00004888,C700005,2026-02-14,2026-02-16,2026-03-03,594290.93,502684.33,PAGADO,completo
PG00004889,C001771,2024-01-19,2024-01-27,2024-02-13,61476.22,39764.32,PAGADO,completo
PG00004890,C001771,2024-03-15,2024-03-24,2024-04-09,45832.81,67544.71,PAGADO,completo
PG00004891,C000271,2023-10-04,2023-10-09,2023-10-25,3869.75,9197.44,PAGADO,parcial
PG00004892,C000271,2023-10-31,2023-11-05,2023-11-25,9535.84,4208.15,PAGADO,parcial
PG00004893,C000696,2023-03-16,2023-03-26,2023-04-08,13247.93,22107.28,PAGADO,completo
PG00004894,C000696,2023-04-02,2023-04-03,2023-04-21,10742.82,1883.47,PAGADO,completo
PG00004895,C000747,2023-02-16,2023-02-20,2023-02-20,23295.8,15553.98,PAGADO,completo
PG00004896,C000747,2023-03-30,2023-03-30,2023-04-11,27366.85,33842.62,PAGADO,completo
PG00004897,C000747,2023-04-20,2023-04-23,2023-05-03,6993.08,8259.13,PAGADO,completo
PG00004898,C000244,2026-04-02,2026-04-09,2026-04-21,7981.42,14539.27,PAGADO,completo
PG00004899,C000244,2026-05-25,2026-05-30,2026-06-09,23419.23,19852.28,PAGADO,completo
PG00004900,C000244,2026-05-17,2026-05-17,2026-05-29,19034.09,16043.19,PAGADO,completo
PG00004901,C000317,2025-06-23,2025-07-03,2025-07-20,9743.93,4363.37,PAGADO,completo
PG00004902,C000317,2025-08-12,2025-08-16,2025-08-17,2501.42,7881.98,PAGADO,completo
PG00004903,C000476,2026-01-24,2026-01-28,2026-02-05,10959.57,17798.3,PAGADO,completo
PG00004904,C000476,2026-01-05,2026-01-13,2026-01-22,27009.18,20170.45,PAGADO,completo
PG00004905,C002032,2023-05-03,2023-05-06,2023-05-19,75202.48,41251.8,PAGADO,completo
PG00004906,C002032,2023-04-19,2023-04-19,2023-05-06,38252.65,72203.33,PAGADO,completo
PG00004907,C750053,2025-11-22,2025-11-25,2025-12-04,34388.49,25575.04,PAGADO,completo
PG00004908,C750053,2025-12-20,2025-12-30,2026-01-05,18934.4,27747.85,PAGADO,completo
PG00004909,C002828,2024-12-03,2024-12-04,2024-12-07,77312.01,77312.01,PAGADO,completo
PG00004910,C000813,2025-01-01,2025-01-06,2025-01-17,280533.8,280533.8,PAGADO,completo
PG00004911,C001914,2024-07-11,2024-07-18,2024-08-06,7488.51,3593.48,PAGADO,completo
PG00004912,C001914,2024-07-18,2024-07-19,2024-07-25,6104.9,12789.21,PAGADO,completo
PG00004913,C001914,2024-08-03,2024-08-07,2024-08-15,11511.63,8722.35,PAGADO,completo
PG00004914,C750027,2024-02-08,2024-02-09,2024-02-24,101640.64,49685.36,PAGADO,parcial
PG00004915,C750027,2024-03-03,2024-03-05,2024-03-07,39161.27,91116.55,PAGADO,parcial
PG00004916,C001297,2024-04-07,2024-04-14,2024-04-19,98853.13,179344.31,PAGADO,sobrepago_senal
PG00004917,C001297,2024-04-18,2024-04-19,2024-04-20,173917.48,93426.3,PAGADO,sobrepago_senal
PG00004918,C001804,2025-10-04,2025-10-10,2025-10-26,51727.02,36573.85,PAGADO,completo
PG00004919,C001804,2025-10-31,2025-11-09,2025-11-25,162967.97,178121.14,PAGADO,completo
PG00004920,C700047,2024-06-29,2024-07-04,2024-07-16,60646.16,110362.5,PAGADO,completo
PG00004921,C700047,2024-07-29,2024-07-31,2024-08-18,213590.28,214119.15,PAGADO,completo
PG00004922,C700047,2024-08-09,2024-08-11,2024-08-27,109095.13,58849.92,PAGADO,completo
PG00004923,C000250,2026-06-13,2026-06-18,2026-07-01,32093.2,32093.2,PAGADO,completo
PG00004924,C002461,2023-11-16,2023-11-26,2023-12-02,54513.99,34186.1,PAGADO,completo
PG00004925,C002461,2023-12-09,2023-12-15,2023-12-30,18199.78,38459.1,PAGADO,completo
PG00004926,C002461,2023-12-19,2023-12-24,2024-01-05,11458.11,11526.68,PAGADO,completo
PG00004927,C000545,2025-02-25,2025-03-01,2025-03-15,53860.85,33704.67,PAGADO,parcial
PG00004928,C000545,2025-03-16,2025-03-25,2025-03-31,21786.59,41942.77,PAGADO,parcial
PG00004929,C000738,2026-05-30,2026-06-01,2026-06-14,9849.38,27430.72,PAGADO,completo
PG00004930,C000738,2026-06-24,2026-06-25,2026-07-08,25440.63,14479.39,PAGADO,completo
PG00004931,C000738,2026-06-19,2026-06-27,2026-07-06,22216.74,15596.64,PAGADO,completo
PG00004932,C000310,2025-05-16,2025-05-23,2025-05-24,2052.97,1916.83,PAGADO,completo
PG00004933,C000310,2025-06-18,2025-06-19,2025-06-22,10233.25,15828.6,PAGADO,completo
PG00004934,C000310,2025-07-02,2025-07-03,2025-07-04,11331.09,5871.88,PAGADO,completo
PG00004935,C001131,2025-05-11,2025-05-17,2025-08-24,12576.44,17843.81,PAGADO,demorado
PG00004936,C001131,2025-06-07,2025-06-07,2025-09-05,23361.26,18093.89,PAGADO,demorado
PG00004937,C001449,2025-12-26,2025-12-27,2026-01-13,40737.52,36624.48,PAGADO,completo
PG00004938,C001449,2026-01-16,2026-01-18,2026-01-28,79464.18,21205.97,PAGADO,completo
PG00004939,C001449,2026-02-11,2026-02-19,2026-03-01,7589.92,69961.17,PAGADO,completo
PG00004940,C800038,2024-09-14,2024-09-23,2024-10-01,79817.59,166358.58,PAGADO,completo
PG00004941,C800038,2024-09-26,2024-10-04,2024-10-09,159437.14,72896.15,PAGADO,completo
PG00004942,C000015,2025-02-14,2025-02-18,2025-02-20,266612.39,266612.39,PAGADO,parcial
PG00004943,C900084,2025-12-06,2025-12-07,2025-12-10,229872.18,93570.84,PAGADO,parcial
PG00004944,C900084,2026-01-08,2026-01-18,2026-02-07,176129.82,312431.16,PAGADO,parcial
PG00004945,C003158,2024-11-25,2024-12-01,2025-02-10,25295.93,25295.93,PAGADO,demorado
PG00004946,C900132,2025-04-15,2025-04-25,2025-05-15,154377.93,105387.37,PAGADO,completo
PG00004947,C900132,2025-04-26,2025-04-27,2025-05-10,83668.75,140214.15,PAGADO,completo
PG00004948,C900132,2025-04-28,2025-05-07,2025-05-23,192568.67,185013.83,PAGADO,completo
PG00004949,C700124,2025-09-21,2025-09-21,2025-09-24,345164.12,154040.44,PAGADO,completo
PG00004950,C700124,2025-09-22,2025-09-23,2025-10-12,168955.44,360079.12,PAGADO,completo
PG00004951,C000363,2023-03-24,2023-04-03,2023-04-09,38124.62,38124.62,PAGADO,completo
PG00004952,C000182,2025-06-06,2025-06-06,2025-06-08,77327.84,77327.84,PAGADO,parcial
PG00004953,C001194,2024-03-04,2024-03-14,2024-03-22,107464.73,107464.73,PAGADO,completo
PG00004954,C002789,2023-07-03,2023-07-10,2023-07-23,98664.7,98664.7,PAGADO,completo
PG00004955,C001121,2023-11-30,2023-12-09,2023-12-21,17988.34,19520.43,PAGADO,completo
PG00004956,C001121,2023-12-27,2024-01-02,2024-01-03,12177.59,10645.5,PAGADO,completo
PG00004957,C002235,2024-10-03,2024-10-13,2024-10-22,21541.93,21541.93,PAGADO,completo
PG00004958,C002667,2024-06-12,2024-06-17,2024-09-13,24679.8,19454.04,PAGADO,demorado
PG00004959,C002667,2024-07-05,2024-07-14,2024-10-07,24866.54,30092.3,PAGADO,demorado
PG00004960,C001182,2023-04-15,2023-04-19,2023-05-07,99131.99,99131.99,PAGADO,completo
PG00004961,C003295,2026-04-29,2026-05-06,2026-05-21,33952.58,33952.58,PAGADO,completo
PG00004962,C000614,2024-03-07,2024-03-10,2024-05-04,8999.77,8999.77,PAGADO,demorado
PG00004963,C001466,2025-09-16,2025-09-25,2025-10-15,29129.48,57042.68,PAGADO,completo
PG00004964,C001466,2025-10-23,2025-10-27,2025-11-03,34208.26,17323.65,PAGADO,completo
PG00004965,C001466,2025-11-30,2025-12-04,2025-12-19,34359.26,23330.67,PAGADO,completo
PG00004966,C000401,2023-12-16,2023-12-20,2024-03-01,8089.79,9266.74,PAGADO,demorado
PG00004967,C000401,2023-12-06,2023-12-15,2024-02-23,8647.29,7470.34,PAGADO,demorado
PG00004968,C000934,2025-09-08,2025-09-18,,86399.39,0.0,PENDIENTE,pendiente
PG00004969,C002419,2023-09-19,2023-09-27,2023-10-10,23764.07,58837.98,PAGADO,completo
PG00004970,C002419,2023-09-17,2023-09-24,2023-10-08,53323.86,18249.95,PAGADO,completo
PG00004971,C002972,2025-08-17,2025-08-27,2025-09-15,334537.82,334537.82,PAGADO,completo
PG00004972,C002641,2025-04-13,2025-04-22,2025-05-05,7086.05,10869.43,PAGADO,parcial
PG00004973,C002641,2025-04-29,2025-05-06,2025-05-24,8351.56,4568.18,PAGADO,parcial
PG00004974,C002963,2024-05-23,2024-05-29,2024-05-29,64940.58,34761.3,PAGADO,completo
PG00004975,C002963,2024-07-11,2024-07-18,2024-07-23,56536.44,57514.28,PAGADO,completo
PG00004976,C002963,2024-08-04,2024-08-14,2024-08-19,20985.89,50187.33,PAGADO,completo
PG00004977,C000726,2023-05-18,2023-05-28,2023-06-15,9666.35,6724.35,PAGADO,completo
PG00004978,C000726,2023-06-03,2023-06-08,2023-06-21,5524.09,8749.76,PAGADO,completo
PG00004979,C000726,2023-06-21,2023-06-27,2023-07-13,6408.85,6125.18,PAGADO,completo
PG00004980,C000826,2026-03-07,2026-03-09,2026-03-14,123278.55,123278.55,PAGADO,completo
PG00004981,C001521,2025-09-19,2025-09-24,2025-10-08,52640.52,52640.52,PAGADO,completo
PG00004982,C900181,2025-10-09,2025-10-13,2026-01-23,174941.37,234897.64,PAGADO,demorado
PG00004983,C900181,2025-10-22,2025-10-25,2026-02-03,431961.13,372004.86,PAGADO,demorado
PG00004984,C000136,2025-06-28,2025-07-03,2025-07-21,26046.8,40790.09,PAGADO,completo
PG00004985,C000136,2025-07-27,2025-08-06,2025-08-19,2366.29,11253.19,PAGADO,completo
PG00004986,C000136,2025-07-20,2025-07-30,2025-08-11,35188.0,11557.81,PAGADO,completo
PG00004987,C000628,2023-11-07,2023-11-15,2023-11-26,161002.84,161002.84,PAGADO,parcial
PG00004988,C000334,2025-12-10,2025-12-17,2026-03-15,37765.02,37765.02,PAGADO,demorado
PG00004989,C000390,2026-02-22,2026-02-22,2026-02-27,166793.65,166793.65,PAGADO,completo
PG00004990,C003454,2023-03-24,2023-03-26,2023-03-27,144478.09,159703.11,PAGADO,completo
PG00004991,C003454,2023-03-16,2023-03-18,2023-04-06,108507.35,93282.33,PAGADO,completo
PG00004992,C001817,2025-09-01,2025-09-01,2025-09-07,5257.08,13785.19,PAGADO,completo
PG00004993,C001817,2025-10-04,2025-10-05,2025-10-11,685.47,1947.14,PAGADO,completo
PG00004994,C001817,2025-10-11,2025-10-12,2025-10-23,13759.63,3969.85,PAGADO,completo
PG00004995,C900184,2024-04-11,2024-04-20,,95124.75,0.0,PENDIENTE,pendiente
PG00004996,C000710,2025-02-23,2025-03-05,2025-03-08,30485.72,78531.6,PAGADO,completo
PG00004997,C000710,2025-03-19,2025-03-20,2025-03-23,34201.21,38047.86,PAGADO,completo
PG00004998,C000710,2025-03-03,2025-03-09,2025-03-12,110438.52,58545.99,PAGADO,completo
PG00004999,C001039,2025-11-29,2025-12-03,2025-12-10,69898.0,69898.0,PAGADO,completo
PG00005000,C003248,2025-11-05,2025-11-05,2025-11-08,9024.1,3072.94,PAGADO,completo
PG00005001,C003248,2025-12-14,2025-12-24,2025-12-25,22728.84,30907.96,PAGADO,completo
PG00005002,C003248,2025-12-03,2025-12-13,2025-12-27,4568.08,2340.12,PAGADO,completo
PG00005003,C900025,2025-11-29,2025-12-08,2025-12-08,68382.73,68382.73,PAGADO,parcial
PG00005004,C001561,2024-12-19,2024-12-22,2024-12-31,17605.15,8993.11,PAGADO,completo
PG00005005,C001561,2025-01-29,2025-01-31,2025-02-01,24286.09,8948.48,PAGADO,completo
PG00005006,C001561,2025-02-16,2025-02-26,2025-02-28,2019.08,25968.73,PAGADO,completo
PG00005007,C900243,2026-02-15,2026-02-25,2026-03-05,308987.36,334999.6,PAGADO,completo
PG00005008,C900243,2026-03-01,2026-03-10,2026-03-27,49579.94,105437.18,PAGADO,completo
PG00005009,C900243,2026-03-28,2026-04-05,2026-04-12,253626.4,171756.92,PAGADO,completo
PG00005010,C750002,2024-07-25,2024-07-27,2024-08-07,62939.01,68496.63,PAGADO,completo
PG00005011,C750002,2024-08-24,2024-09-01,2024-09-02,70276.18,64718.56,PAGADO,completo
PG00005012,C001112,2026-07-08,2026-07-16,2026-08-01,47335.19,20967.33,PAGADO,completo
PG00005013,C001112,2026-08-07,2026-08-07,2026-08-07,6873.25,14192.52,PAGADO,completo
PG00005014,C001112,2026-08-07,2026-08-07,2026-08-07,5997.79,25046.38,PAGADO,completo
PG00005015,C002513,2025-12-02,2025-12-06,2025-12-18,89047.96,89047.96,PAGADO,completo
PG00005016,C001223,2024-02-05,2024-02-05,2024-02-19,26740.45,26740.45,PAGADO,completo
PG00005017,C002997,2026-05-29,2026-06-07,2026-08-07,27626.98,21557.91,PAGADO,demorado
PG00005018,C002997,2026-06-11,2026-06-14,2026-08-07,7647.79,13716.86,PAGADO,demorado
PG00005019,C002421,2023-03-12,2023-03-21,2023-03-27,369.1,5144.44,PAGADO,completo
PG00005020,C002421,2023-04-20,2023-04-21,2023-04-21,3215.73,578.13,PAGADO,completo
PG00005021,C002421,2023-04-22,2023-04-29,2023-05-06,5632.86,3495.12,PAGADO,completo
PG00005022,C001508,2023-02-25,2023-03-04,2023-03-24,81703.73,171762.58,PAGADO,completo
PG00005023,C001508,2023-02-21,2023-02-22,2023-03-13,47483.15,21272.92,PAGADO,completo
PG00005024,C001508,2023-04-13,2023-04-22,2023-04-26,109361.51,45512.89,PAGADO,completo
PG00005025,C001750,2025-07-16,2025-07-18,2025-09-13,59384.29,59384.29,PAGADO,demorado
PG00005026,C003024,2023-04-01,2023-04-02,2023-06-18,30986.28,30986.28,PAGADO,demorado
PG00005027,C900167,2024-05-16,2024-05-19,2024-05-24,409308.63,409308.63,PAGADO,completo
PG00005028,C000338,2025-08-06,2025-08-16,2025-09-01,546844.16,546844.16,PAGADO,parcial
PG00005029,C000215,2023-04-19,2023-04-19,2023-05-07,21055.7,21055.7,PAGADO,parcial
PG00005030,C001341,2024-12-13,2024-12-23,2024-12-27,103136.36,103136.36,PAGADO,completo
PG00005031,C700279,2024-12-12,2024-12-16,,437725.9,0.0,PENDIENTE,pendiente
PG00005032,C001520,2023-04-17,2023-04-18,2023-05-02,3864.48,19096.42,PAGADO,completo
PG00005033,C001520,2023-04-24,2023-05-02,2023-05-22,14365.97,9782.16,PAGADO,completo
PG00005034,C001520,2023-05-15,2023-05-24,2023-06-04,16655.74,6007.61,PAGADO,completo
PG00005035,C002910,2025-10-30,2025-11-06,2025-11-11,10243.39,11940.16,PAGADO,completo
PG00005036,C002910,2025-12-06,2025-12-11,2025-12-12,28128.27,45926.87,PAGADO,completo
PG00005037,C002910,2025-12-07,2025-12-07,2025-12-18,24687.17,5191.8,PAGADO,completo
PG00005038,C002798,2025-09-02,2025-09-04,2025-09-11,35143.06,16818.11,PAGADO,completo
PG00005039,C002798,2025-09-13,2025-09-22,2025-09-23,5211.05,23536.0,PAGADO,completo
PG00005040,C003035,2025-02-06,2025-02-11,,19039.32,0.0,PENDIENTE,pendiente
PG00005041,C002322,2026-01-08,2026-01-12,2026-01-14,15353.63,13788.98,PAGADO,completo
PG00005042,C002322,2026-01-05,2026-01-05,2026-01-16,10266.03,10396.2,PAGADO,completo
PG00005043,C002322,2026-01-24,2026-01-28,2026-01-31,16644.76,18079.24,PAGADO,completo
PG00005044,C002571,2024-09-11,2024-09-21,2024-09-21,39553.27,45704.37,PAGADO,completo
PG00005045,C002571,2024-09-25,2024-09-28,2024-10-15,15918.83,9767.73,PAGADO,completo
PG00005046,C000101,2025-06-20,2025-06-28,2025-07-08,35120.76,35120.76,PAGADO,completo
PG00005047,C003220,2024-08-01,2024-08-08,2024-08-09,27981.29,18076.76,PAGADO,completo
PG00005048,C003220,2024-09-08,2024-09-10,2024-09-14,67273.26,68566.31,PAGADO,completo
PG00005049,C003220,2024-10-08,2024-10-17,2024-10-22,36325.43,44936.91,PAGADO,completo
PG00005050,C000171,2024-08-03,2024-08-11,2024-08-25,38730.65,38730.65,PAGADO,parcial
PG00005051,C000107,2024-10-30,2024-10-30,2024-11-07,252808.53,117355.73,PAGADO,completo
PG00005052,C000107,2024-10-24,2024-10-30,2024-11-16,64581.8,200034.6,PAGADO,completo
PG00005053,C700076,2024-06-18,2024-06-18,2024-07-08,705310.7,627291.61,PAGADO,completo
PG00005054,C700076,2024-07-11,2024-07-21,2024-07-22,185707.98,263727.07,PAGADO,completo
PG00005055,C800101,2024-03-09,2024-03-09,2024-03-27,114539.21,74291.07,PAGADO,completo
PG00005056,C800101,2024-04-07,2024-04-16,2024-04-27,9590.42,61287.64,PAGADO,completo
PG00005057,C800101,2024-04-21,2024-04-28,2024-05-13,65214.32,53765.24,PAGADO,completo
PG00005058,C003297,2025-10-06,2025-10-11,2025-10-22,77728.93,83357.59,PAGADO,completo
PG00005059,C003297,2025-10-14,2025-10-23,2025-11-02,27265.26,52808.49,PAGADO,completo
PG00005060,C003297,2025-11-24,2025-12-02,2025-12-11,89961.57,58789.68,PAGADO,completo
PG00005061,C003000,2025-12-17,2025-12-21,2025-12-25,16609.69,16233.33,PAGADO,parcial
PG00005062,C003000,2025-12-21,2025-12-27,2025-12-30,23631.03,24007.39,PAGADO,parcial
PG00005063,C002856,2024-10-29,2024-11-05,2024-11-18,27950.78,18808.23,PAGADO,completo
PG00005064,C002856,2024-12-02,2024-12-08,2024-12-21,1752.86,10895.41,PAGADO,completo
PG00005065,C900035,2024-06-04,2024-06-07,2024-08-17,25897.14,17110.02,PAGADO,demorado
PG00005066,C900035,2024-06-04,2024-06-09,2024-08-31,35779.24,44566.36,PAGADO,demorado
PG00005067,C003007,2026-02-01,2026-02-02,2026-04-13,491528.45,491528.45,PAGADO,demorado
PG00005068,C003371,2023-09-22,2023-09-23,2023-10-12,55000.43,92929.84,PAGADO,completo
PG00005069,C003371,2023-10-26,2023-11-05,2023-11-09,19442.75,31219.8,PAGADO,completo
PG00005070,C003371,2023-11-28,2023-12-02,2023-12-03,61486.2,11779.74,PAGADO,completo
PG00005071,C003499,2024-07-24,2024-07-28,2024-08-17,12970.88,12970.88,PAGADO,completo
PG00005072,C750089,2025-07-18,2025-07-26,2025-10-02,208498.28,208498.28,PAGADO,demorado
PG00005073,C001040,2025-04-19,2025-04-24,2025-05-08,41914.56,41914.56,PAGADO,completo
PG00005074,C700198,2025-08-27,2025-09-02,2025-09-02,209633.91,368813.65,PAGADO,completo
PG00005075,C700198,2025-10-14,2025-10-16,2025-10-31,223653.32,64473.58,PAGADO,completo
PG00005076,C002760,2023-06-23,2023-06-29,2023-07-06,2127.61,27005.91,PAGADO,completo
PG00005077,C002760,2023-06-11,2023-06-20,2023-07-10,26809.15,7245.96,PAGADO,completo
PG00005078,C002760,2023-07-08,2023-07-16,2023-08-02,10789.41,5474.3,PAGADO,completo
PG00005079,C002120,2026-05-24,2026-05-28,2026-06-09,9306.33,33299.06,PAGADO,parcial
PG00005080,C002120,2026-06-24,2026-06-24,2026-07-05,53588.99,29596.26,PAGADO,parcial
PG00005081,C001524,2024-09-01,2024-09-09,2024-09-09,32921.72,38393.56,PAGADO,completo
PG00005082,C001524,2024-09-01,2024-09-05,2024-09-15,56367.02,50895.18,PAGADO,completo
PG00005083,C750066,2025-03-28,2025-04-05,2025-04-22,57806.07,57806.07,PAGADO,completo
PG00005084,C002248,2025-10-26,2025-10-30,2025-11-14,11574.67,10153.76,PAGADO,completo
PG00005085,C002248,2025-10-20,2025-10-21,2025-11-10,10115.65,11536.56,PAGADO,completo
PG00005086,C000481,2023-09-13,2023-09-13,2023-09-29,64903.5,46734.05,PAGADO,completo
PG00005087,C000481,2023-09-04,2023-09-11,2023-09-27,72195.2,119293.01,PAGADO,completo
PG00005088,C000481,2023-10-18,2023-10-24,2023-11-06,62228.07,33299.71,PAGADO,completo
PG00005089,C700123,2024-12-30,2024-12-31,2025-01-15,280651.65,320115.01,PAGADO,completo
PG00005090,C700123,2025-01-17,2025-01-20,2025-02-04,190269.32,150805.96,PAGADO,completo
PG00005091,C003320,2025-06-10,2025-06-20,2025-06-27,415836.78,415836.78,PAGADO,completo
PG00005092,C001762,2024-05-16,2024-05-19,2024-05-25,21677.39,10980.96,PAGADO,completo
PG00005093,C001762,2024-06-17,2024-06-26,2024-06-29,4885.04,15581.47,PAGADO,completo
PG00005094,C750079,2025-07-08,2025-07-14,2025-07-22,1811900.38,1811900.38,PAGADO,completo
PG00005095,C750085,2026-04-20,2026-04-21,2026-05-04,248314.59,290405.45,PAGADO,completo
PG00005096,C750085,2026-05-18,2026-05-23,2026-05-23,859477.43,817386.57,PAGADO,completo
PG00005097,C003109,2025-03-25,2025-04-01,2025-04-16,60308.14,27746.2,PAGADO,completo
PG00005098,C003109,2025-04-24,2025-04-30,2025-05-09,27369.6,59931.54,PAGADO,completo
PG00005099,C700265,2025-03-31,2025-04-02,2025-04-06,438532.88,438532.88,PAGADO,completo
PG00005100,C000405,2024-09-01,2024-09-11,2024-09-20,75705.64,75705.64,PAGADO,completo
PG00005101,C000757,2023-08-02,2023-08-12,2023-10-05,69261.59,37341.37,PAGADO,demorado
PG00005102,C000757,2023-07-25,2023-07-31,2023-10-02,6963.97,38884.19,PAGADO,demorado
PG00005103,C002711,2024-11-19,2024-11-29,2024-12-14,33131.19,33131.19,PAGADO,parcial
PG00005104,C002670,2025-04-08,2025-04-13,2025-04-29,53686.94,53686.94,PAGADO,completo
PG00005105,C002941,2024-10-24,2024-11-01,2024-11-07,26365.68,26365.68,PAGADO,completo
PG00005106,C000097,2026-04-12,2026-04-13,2026-04-16,28864.3,83839.18,PAGADO,completo
PG00005107,C000097,2026-04-22,2026-04-26,2026-04-27,64858.74,9883.86,PAGADO,completo
PG00005108,C001333,2025-04-15,2025-04-18,2025-04-26,92383.79,92383.79,PAGADO,parcial
PG00005109,C700080,2025-04-04,2025-04-09,2025-04-10,97975.57,187043.16,PAGADO,completo
PG00005110,C700080,2025-04-18,2025-04-18,2025-05-04,152900.09,63832.5,PAGADO,completo
PG00005111,C002791,2024-09-08,2024-09-18,2024-09-20,43661.71,43661.71,PAGADO,completo
PG00005112,C000186,2026-02-23,2026-02-24,2026-03-09,29598.09,29598.09,PAGADO,parcial
PG00005113,C002954,2024-04-04,2024-04-07,2024-04-10,242282.09,242282.09,PAGADO,completo
PG00005114,C700051,2024-08-08,2024-08-13,2024-08-18,550712.32,205108.85,PAGADO,completo
PG00005115,C700051,2024-08-25,2024-08-26,2024-08-31,38270.98,321474.95,PAGADO,completo
PG00005116,C700051,2024-09-10,2024-09-19,2024-10-05,61738.05,124137.55,PAGADO,completo
PG00005117,C002058,2025-11-22,2025-11-27,2025-12-04,75634.19,75634.19,PAGADO,completo
PG00005118,C003161,2025-04-02,2025-04-08,2025-04-28,297214.61,297214.61,PAGADO,completo
PG00005119,C000148,2025-09-05,2025-09-07,,60608.77,0.0,PENDIENTE,pendiente
PG00005120,C000028,2024-02-21,2024-02-25,2024-03-16,12793.32,6998.97,PAGADO,completo
PG00005121,C000028,2024-02-24,2024-02-27,2024-03-10,13019.94,55077.2,PAGADO,completo
PG00005122,C000028,2024-03-04,2024-03-06,2024-03-20,81408.58,45145.67,PAGADO,completo
PG00005123,C003071,2024-07-05,2024-07-06,2024-07-24,19788.03,19788.03,PAGADO,completo
PG00005124,C003176,2025-10-15,2025-10-22,2025-10-27,20273.49,18528.71,PAGADO,completo
PG00005125,C003176,2025-11-01,2025-11-07,2025-11-21,27654.3,29399.08,PAGADO,completo
PG00005126,C000692,2023-08-16,2023-08-25,2023-08-28,71093.77,90182.09,PAGADO,completo
PG00005127,C000692,2023-09-03,2023-09-07,2023-09-24,54788.55,49437.22,PAGADO,completo
PG00005128,C000692,2023-09-27,2023-10-01,2023-10-09,40306.99,26570.0,PAGADO,completo
PG00005129,C001386,2024-01-26,2024-02-04,2024-02-05,29114.57,52078.02,PAGADO,completo
PG00005130,C001386,2024-01-20,2024-01-26,2024-02-12,102811.32,41762.91,PAGADO,completo
PG00005131,C001386,2024-02-04,2024-02-08,2024-02-23,14433.19,52518.15,PAGADO,completo
PG00005132,C001845,2023-08-18,2023-08-20,,11727.39,0.0,PENDIENTE,pendiente
PG00005133,C003076,2024-12-25,2024-12-26,2024-12-28,67322.33,147889.02,PAGADO,completo
PG00005134,C003076,2025-01-02,2025-01-08,2025-01-22,91340.49,10773.8,PAGADO,completo
PG00005135,C001599,2024-04-21,2024-04-30,2024-05-14,67735.67,41223.99,PAGADO,completo
PG00005136,C001599,2024-05-08,2024-05-10,2024-05-26,50530.05,17950.52,PAGADO,completo
PG00005137,C001599,2024-06-15,2024-06-25,2024-06-28,11526.73,70617.94,PAGADO,completo
PG00005138,C003370,2025-02-13,2025-02-20,2025-03-06,39030.22,37765.48,PAGADO,completo
PG00005139,C003370,2025-03-13,2025-03-23,2025-03-29,17687.68,18952.42,PAGADO,completo
PG00005140,C000701,2025-01-04,2025-01-08,,14591.51,0.0,PENDIENTE,pendiente
PG00005141,C001708,2025-12-01,2025-12-05,2025-12-24,5413.04,3696.97,PAGADO,completo
PG00005142,C001708,2025-12-06,2025-12-15,2025-12-23,4455.31,4269.74,PAGADO,completo
PG00005143,C001708,2026-01-08,2026-01-14,2026-01-29,5932.24,7833.88,PAGADO,completo
PG00005144,C000454,2025-09-04,2025-09-06,2025-09-09,20382.19,20382.19,PAGADO,completo
PG00005145,C002040,2025-01-18,2025-01-24,2025-02-04,9698.48,2306.85,PAGADO,completo
PG00005146,C002040,2025-02-05,2025-02-07,2025-02-21,24877.8,32269.43,PAGADO,completo
PG00005147,C003351,2024-10-25,2024-10-29,2024-11-11,7994.87,8657.23,PAGADO,completo
PG00005148,C003351,2024-12-13,2024-12-23,2024-12-27,12432.92,11770.56,PAGADO,completo
PG00005149,C002315,2024-03-20,2024-03-27,2024-04-08,33332.86,14490.57,PAGADO,completo
PG00005150,C002315,2024-04-20,2024-04-24,2024-04-24,48987.88,50310.86,PAGADO,completo
PG00005151,C002315,2024-05-09,2024-05-13,2024-05-29,22668.04,40187.35,PAGADO,completo
PG00005152,C000609,2025-12-21,2025-12-29,2026-01-05,51270.44,51270.44,PAGADO,completo
PG00005153,C000167,2026-02-16,2026-02-20,2026-03-03,32139.22,32139.22,PAGADO,completo
PG00005154,C000730,2023-08-27,2023-08-30,2023-09-02,32589.72,32589.72,PAGADO,completo
PG00005155,C700177,2025-12-16,2025-12-16,2025-12-28,577932.92,577932.92,PAGADO,parcial
PG00005156,C900165,2025-11-06,2025-11-13,2025-11-23,135537.7,57956.26,PAGADO,completo
PG00005157,C900165,2025-12-18,2025-12-22,2026-01-03,37825.62,115407.06,PAGADO,completo
PG00005158,C002981,2024-08-05,2024-08-14,2024-08-31,75705.64,75705.64,PAGADO,completo
PG00005159,C001622,2023-03-28,2023-03-31,2023-06-29,12752.78,16051.81,PAGADO,demorado
PG00005160,C001622,2023-04-23,2023-04-30,2023-07-23,22140.89,18841.86,PAGADO,demorado
PG00005161,C000587,2023-12-26,2023-12-31,2024-01-13,106583.14,27038.9,PAGADO,completo
PG00005162,C000587,2024-01-08,2024-01-17,2024-01-23,28590.21,112206.52,PAGADO,completo
PG00005163,C000587,2024-01-13,2024-01-13,2024-02-01,40962.29,36890.22,PAGADO,completo
PG00005164,C001401,2026-07-10,2026-07-19,2026-07-26,14911.6,7481.68,PAGADO,completo
PG00005165,C001401,2026-07-09,2026-07-11,2026-07-24,10165.34,13680.33,PAGADO,completo
PG00005166,C001401,2026-08-07,2026-08-07,2026-08-07,9151.0,13065.93,PAGADO,completo
PG00005167,C001700,2023-09-25,2023-09-30,2023-12-07,4633.04,42974.12,PAGADO,demorado
PG00005168,C001700,2023-09-26,2023-09-30,2023-12-18,46021.96,7680.88,PAGADO,demorado
PG00005169,C003277,2026-02-10,2026-02-14,2026-02-18,26381.14,19355.35,PAGADO,completo
PG00005170,C003277,2026-03-07,2026-03-09,2026-03-14,5798.37,9248.1,PAGADO,completo
PG00005171,C003277,2026-03-26,2026-03-29,2026-03-30,10954.42,14530.48,PAGADO,completo
PG00005172,C700043,2024-07-15,2024-07-19,2024-08-08,126123.26,121027.54,PAGADO,completo
PG00005173,C700043,2024-08-27,2024-08-27,2024-09-08,175949.75,181045.47,PAGADO,completo
PG00005174,C001379,2024-02-28,2024-03-07,2024-03-25,6115.86,7580.52,PAGADO,completo
PG00005175,C001379,2024-03-20,2024-03-29,2024-04-10,9231.76,46148.15,PAGADO,completo
PG00005176,C001379,2024-04-29,2024-05-02,2024-05-20,53297.08,14916.03,PAGADO,completo
PG00005177,C002089,2024-12-06,2024-12-12,2024-12-29,26830.26,26830.26,PAGADO,completo
PG00005178,C002175,2023-06-04,2023-06-04,2023-06-20,54683.6,54683.6,PAGADO,completo
PG00005179,C003237,2023-06-18,2023-06-23,2023-07-08,98625.9,98625.9,PAGADO,parcial
PG00005180,C002889,2024-05-25,2024-05-25,2024-05-31,38074.4,38074.4,PAGADO,completo
PG00005181,C002657,2026-03-31,2026-04-03,2026-04-17,67840.79,67840.79,PAGADO,sobrepago_senal
PG00005182,C700152,2024-07-13,2024-07-19,2024-08-05,8905.55,30654.47,PAGADO,completo
PG00005183,C700152,2024-08-08,2024-08-14,2024-08-19,50994.56,30039.88,PAGADO,completo
PG00005184,C700152,2024-09-06,2024-09-15,2024-09-22,31879.36,31085.12,PAGADO,completo
PG00005185,C000441,2024-06-24,2024-07-04,2024-07-04,15618.42,27898.59,PAGADO,completo
PG00005186,C000441,2024-07-17,2024-07-24,2024-07-25,48129.91,35849.74,PAGADO,completo
PG00005187,C002989,2023-08-17,2023-08-19,2023-08-26,11153.59,23225.79,PAGADO,completo
PG00005188,C002989,2023-08-02,2023-08-05,2023-08-20,20723.17,8650.97,PAGADO,completo
PG00005189,C002051,2025-01-24,2025-02-03,2025-02-12,33560.43,45250.96,PAGADO,completo
PG00005190,C002051,2025-02-19,2025-02-27,2025-03-14,11723.54,38391.75,PAGADO,completo
PG00005191,C002051,2025-03-17,2025-03-22,2025-04-05,41304.87,2946.13,PAGADO,completo
PG00005192,C002541,2025-07-22,2025-07-27,2025-08-01,36784.85,34790.13,PAGADO,completo
PG00005193,C002541,2025-08-12,2025-08-15,2025-08-27,16263.15,18257.87,PAGADO,completo
PG00005194,C001301,2023-06-12,2023-06-15,2023-09-24,97016.42,97016.42,PAGADO,demorado
PG00005195,C750035,2024-03-09,2024-03-09,2024-03-09,99122.76,99122.76,PAGADO,parcial
PG00005196,C001304,2023-06-16,2023-06-26,2023-07-11,21320.69,3678.04,PAGADO,completo
PG00005197,C001304,2023-07-12,2023-07-22,2023-07-27,14917.72,32560.37,PAGADO,completo
PG00005198,C000236,2025-09-22,2025-09-28,2025-10-18,4222.96,4222.96,PAGADO,completo
PG00005199,C002599,2024-10-12,2024-10-21,2024-10-24,9432.87,20039.85,PAGADO,sobrepago_senal
PG00005200,C002599,2024-11-02,2024-11-11,2024-11-12,30262.31,19655.33,PAGADO,sobrepago_senal
PG00005201,C000520,2023-03-03,2023-03-11,2023-03-26,13389.43,22530.97,PAGADO,completo
PG00005202,C000520,2023-03-18,2023-03-27,2023-04-05,19165.16,5789.39,PAGADO,completo
PG00005203,C000520,2023-04-08,2023-04-10,2023-04-15,18742.5,22976.73,PAGADO,completo
PG00005204,C002573,2024-08-26,2024-08-29,2024-08-31,2619.39,2818.42,PAGADO,parcial
PG00005205,C002573,2024-09-09,2024-09-19,2024-09-24,11360.68,11161.65,PAGADO,parcial
PG00005206,C002768,2026-04-25,2026-04-27,2026-05-16,10626.11,13836.83,PAGADO,parcial
PG00005207,C002768,2026-06-05,2026-06-10,2026-06-30,4632.9,1422.18,PAGADO,parcial
PG00005208,C000735,2024-12-24,2025-01-02,2025-01-11,1137.6,2666.39,PAGADO,completo
PG00005209,C000735,2025-01-10,2025-01-15,2025-01-23,8199.56,6670.77,PAGADO,completo
PG00005210,C900116,2024-08-05,2024-08-06,2024-08-12,334152.95,145063.28,PAGADO,parcial
PG00005211,C900116,2024-08-25,2024-08-26,2024-08-30,117478.6,306568.27,PAGADO,parcial
PG00005212,C002106,2023-10-01,2023-10-07,2023-10-19,20063.36,35976.7,PAGADO,completo
PG00005213,C002106,2023-10-05,2023-10-12,2023-10-14,57892.14,41978.8,PAGADO,completo
PG00005214,C002679,2025-06-27,2025-07-07,2025-07-22,109326.34,27063.91,PAGADO,completo
PG00005215,C002679,2025-07-24,2025-07-27,2025-07-27,34151.84,116414.27,PAGADO,completo
PG00005216,C002761,2026-05-10,2026-05-14,2026-05-22,18916.85,17036.9,PAGADO,completo
PG00005217,C002761,2026-06-07,2026-06-13,2026-06-28,16748.06,18628.01,PAGADO,completo
PG00005218,C000592,2023-09-24,2023-09-28,2023-10-04,104392.39,104392.39,PAGADO,completo
PG00005219,C001303,2025-09-12,2025-09-20,2025-10-05,62816.65,62816.65,PAGADO,parcial
PG00005220,C001387,2023-10-08,2023-10-14,2023-11-03,142142.48,142142.48,PAGADO,completo
PG00005221,C002920,2025-05-16,2025-05-25,2025-06-11,8472.62,8472.62,PAGADO,parcial
PG00005222,C003333,2024-04-27,2024-05-04,2024-05-23,142009.32,142009.32,PAGADO,completo
PG00005223,C800041,2024-10-07,2024-10-14,2024-10-20,40415.75,29540.2,PAGADO,parcial
PG00005224,C800041,2024-11-10,2024-11-19,2024-12-05,64925.01,75800.56,PAGADO,parcial
PG00005225,C000904,2026-07-13,2026-07-15,2026-07-29,114462.09,124351.09,PAGADO,completo
PG00005226,C000904,2026-07-26,2026-07-26,2026-08-07,124216.29,114327.29,PAGADO,completo
PG00005227,C750040,2024-05-26,2024-05-29,2024-05-31,38506.97,32231.59,PAGADO,completo
PG00005228,C750040,2024-06-02,2024-06-02,2024-06-06,47251.05,9089.78,PAGADO,completo
PG00005229,C750040,2024-07-12,2024-07-14,2024-07-14,60499.62,104936.27,PAGADO,completo
PG00005230,C001279,2025-10-24,2025-11-01,2025-11-17,44571.36,38215.97,PAGADO,completo
PG00005231,C001279,2025-11-29,2025-12-01,2025-12-13,9335.62,15691.01,PAGADO,completo
PG00005232,C700097,2024-12-21,2024-12-30,2024-12-31,52746.28,69524.54,PAGADO,completo
PG00005233,C700097,2025-01-17,2025-01-20,2025-01-27,62684.02,45905.76,PAGADO,completo
PG00005234,C800022,2024-02-26,2024-02-27,2024-03-10,166743.01,166743.01,PAGADO,completo
PG00005235,C002308,2023-04-14,2023-04-16,2023-04-17,11831.48,8374.12,PAGADO,completo
PG00005236,C002308,2023-04-29,2023-05-03,2023-05-21,2931.79,6389.15,PAGADO,completo
PG00005237,C700078,2025-07-20,2025-07-25,2025-08-05,81689.21,214311.96,PAGADO,completo
PG00005238,C700078,2025-08-09,2025-08-12,2025-08-22,251037.09,118414.34,PAGADO,completo
PG00005239,C900278,2024-05-07,2024-05-11,2024-05-18,200694.5,125681.58,PAGADO,completo
PG00005240,C900278,2024-06-28,2024-07-08,2024-07-10,72591.73,172725.59,PAGADO,completo
PG00005241,C900278,2024-06-23,2024-07-03,2024-07-19,186632.84,161511.9,PAGADO,completo
PG00005242,C700066,2024-07-30,2024-08-03,2024-08-11,141155.69,77358.13,PAGADO,completo
PG00005243,C700066,2024-09-07,2024-09-13,2024-09-16,83946.21,138557.44,PAGADO,completo
PG00005244,C700066,2024-09-04,2024-09-14,2024-09-18,18309.62,27495.95,PAGADO,completo
PG00005245,C000706,2024-11-11,2024-11-13,2024-11-21,12559.5,14813.12,PAGADO,completo
PG00005246,C000706,2024-10-28,2024-10-29,2024-11-05,11490.95,4379.96,PAGADO,completo
PG00005247,C000706,2024-12-01,2024-12-06,2024-12-06,2359.67,7217.04,PAGADO,completo
PG00005248,C900098,2025-09-26,2025-09-26,2025-09-28,150869.03,264337.58,PAGADO,completo
PG00005249,C900098,2025-09-30,2025-10-08,2025-10-20,260041.71,146573.16,PAGADO,completo
PG00005250,C000745,2025-03-10,2025-03-17,,185153.89,0.0,PENDIENTE,pendiente
PG00005251,C001939,2024-03-19,2024-03-28,2024-04-02,61701.88,61701.88,PAGADO,completo
PG00005252,C003484,2023-12-05,2023-12-12,2023-12-22,31206.93,21827.71,PAGADO,completo
PG00005253,C003484,2024-01-02,2024-01-11,2024-01-25,9285.01,18664.23,PAGADO,completo
PG00005254,C002862,2023-03-27,2023-04-06,2023-04-11,37726.6,37726.6,PAGADO,completo
PG00005255,C002949,2024-03-04,2024-03-14,2024-05-19,23645.0,30079.19,PAGADO,demorado
PG00005256,C002949,2024-03-20,2024-03-30,2024-06-13,20959.28,14525.09,PAGADO,demorado
PG00005257,C000513,2023-04-03,2023-04-10,2023-04-27,167306.22,167306.22,PAGADO,completo
PG00005258,C000081,2024-01-29,2024-02-06,2024-02-23,188680.93,188680.93,PAGADO,completo
PG00005259,C800088,2026-05-19,2026-05-29,2026-08-07,108808.8,66630.17,PAGADO,demorado
PG00005260,C800088,2026-06-01,2026-06-01,2026-08-01,75117.15,117295.78,PAGADO,demorado
PG00005261,C001308,2023-07-08,2023-07-16,2023-07-25,78506.2,126066.54,PAGADO,completo
PG00005262,C001308,2023-08-06,2023-08-09,2023-08-20,117694.1,70133.76,PAGADO,completo
PG00005263,C700240,2025-10-31,2025-11-05,2025-11-12,219442.23,228153.44,PAGADO,completo
PG00005264,C700240,2025-11-05,2025-11-13,2025-11-24,121606.78,112895.57,PAGADO,completo
PG00005265,C000914,2026-04-24,2026-04-30,2026-05-09,64612.65,40345.92,PAGADO,completo
PG00005266,C000914,2026-05-24,2026-05-25,2026-06-10,19223.85,43490.58,PAGADO,completo
PG00005267,C900248,2024-09-07,2024-09-16,2024-09-29,529308.21,529308.21,PAGADO,completo
PG00005268,C002198,2026-03-07,2026-03-07,2026-06-11,11398.17,10485.31,PAGADO,demorado
PG00005269,C002198,2026-03-31,2026-03-31,2026-06-22,19874.27,20787.13,PAGADO,demorado
PG00005270,C000774,2026-02-15,2026-02-18,2026-03-09,16210.2,8549.93,PAGADO,completo
PG00005271,C000774,2026-02-21,2026-03-03,2026-03-16,1998.53,9658.8,PAGADO,completo
PG00005272,C000329,2025-10-09,2025-10-19,2025-11-04,25015.99,39382.26,PAGADO,completo
PG00005273,C000329,2025-11-17,2025-11-21,2025-12-03,81644.13,67277.86,PAGADO,completo
PG00005274,C002054,2025-10-11,2025-10-21,2025-11-05,321017.04,321017.04,PAGADO,completo
PG00005275,C002001,2024-07-02,2024-07-04,2024-07-14,55307.95,63266.2,PAGADO,sobrepago_senal
PG00005276,C002001,2024-07-19,2024-07-20,2024-08-04,30502.39,22544.14,PAGADO,sobrepago_senal
PG00005277,C000943,2024-10-06,2024-10-06,2024-10-21,39989.67,24397.13,PAGADO,completo
PG00005278,C000943,2024-10-17,2024-10-20,2024-11-04,4209.41,41273.88,PAGADO,completo
PG00005279,C000943,2024-10-18,2024-10-26,2024-11-02,31506.56,10034.63,PAGADO,completo
PG00005280,C000822,2024-12-26,2024-12-29,2024-12-31,23474.7,23474.7,PAGADO,completo
PG00005281,C700206,2025-09-11,2025-09-20,2025-10-08,644934.86,644934.86,PAGADO,completo
PG00005282,C000909,2023-10-05,2023-10-13,2024-01-22,145845.08,113557.52,PAGADO,demorado
PG00005283,C000909,2023-10-07,2023-10-10,2024-01-07,82404.77,114692.33,PAGADO,demorado
PG00005284,C002516,2023-12-26,2024-01-03,2024-01-17,46914.27,46914.27,PAGADO,completo
PG00005285,C000181,2024-07-26,2024-08-04,2024-08-18,17191.82,11309.54,PAGADO,completo
PG00005286,C000181,2024-08-11,2024-08-13,2024-08-30,4840.99,10723.27,PAGADO,completo
PG00005287,C000164,2023-06-04,2023-06-07,2023-06-25,63718.63,27572.88,PAGADO,completo
PG00005288,C000164,2023-07-10,2023-07-10,2023-07-21,24687.07,60832.82,PAGADO,completo
PG00005289,C001523,2023-10-14,2023-10-18,2023-10-27,15084.69,15084.69,PAGADO,completo
PG00005290,C000451,2025-07-17,2025-07-17,2025-08-01,18253.22,7929.67,PAGADO,parcial
PG00005291,C000451,2025-08-05,2025-08-14,2025-08-26,5073.4,15396.95,PAGADO,parcial
PG00005292,C002538,2025-08-16,2025-08-22,2025-11-18,190551.0,190551.0,PAGADO,demorado
PG00005293,C003036,2026-01-17,2026-01-27,2026-05-05,6507.94,6507.94,PAGADO,demorado
PG00005294,C001311,2025-08-14,2025-08-21,2025-09-09,63108.58,63108.58,PAGADO,completo
PG00005295,C001111,2024-02-04,2024-02-07,2024-04-11,7641.02,48924.74,PAGADO,demorado
PG00005296,C001111,2024-04-02,2024-04-03,2024-06-03,68064.62,26780.9,PAGADO,demorado
PG00005297,C700237,2026-06-13,2026-06-16,2026-06-30,64290.95,25493.05,PAGADO,parcial
PG00005298,C700237,2026-06-22,2026-07-01,2026-07-14,149970.27,188768.17,PAGADO,parcial
PG00005299,C001287,2025-04-25,2025-04-25,2025-04-27,120696.7,120696.7,PAGADO,completo
PG00005300,C003357,2026-06-05,2026-06-15,2026-06-28,14695.62,20158.67,PAGADO,completo
PG00005301,C003357,2026-06-18,2026-06-23,2026-06-23,18284.89,12821.84,PAGADO,completo
PG00005302,C700249,2024-02-15,2024-02-20,2024-02-21,230319.6,230319.6,PAGADO,parcial
PG00005303,C000327,2024-01-06,2024-01-07,2024-01-18,5481.26,38241.78,PAGADO,parcial
PG00005304,C000327,2024-02-04,2024-02-11,2024-02-23,46148.74,13388.22,PAGADO,parcial
PG00005305,C001790,2024-09-14,2024-09-19,2024-12-28,206146.67,206146.67,PAGADO,demorado
PG00005306,C002490,2025-02-06,2025-02-14,2025-02-21,15092.85,49213.64,PAGADO,completo
PG00005307,C002490,2025-02-11,2025-02-20,2025-03-10,55594.44,21473.65,PAGADO,completo
PG00005308,C900120,2025-08-03,2025-08-13,2025-08-13,293822.81,178501.29,PAGADO,completo
PG00005309,C900120,2025-08-30,2025-09-02,2025-09-13,266493.48,313483.01,PAGADO,completo
PG00005310,C900120,2025-08-23,2025-09-02,2025-09-04,66019.75,134351.74,PAGADO,completo
PG00005311,C002007,2026-02-13,2026-02-18,,115825.24,0.0,PENDIENTE,pendiente
PG00005312,C001858,2026-04-21,2026-04-30,2026-05-07,55667.01,55667.01,PAGADO,completo
PG00005313,C900088,2026-07-05,2026-07-15,2026-07-21,137923.53,148995.32,PAGADO,completo
PG00005314,C900088,2026-07-07,2026-07-10,2026-07-14,144503.79,133432.0,PAGADO,completo
PG00005315,C000312,2026-04-27,2026-04-27,2026-04-30,10531.9,18483.15,PAGADO,completo
PG00005316,C000312,2026-06-14,2026-06-22,2026-06-24,16284.26,8333.01,PAGADO,completo
PG00005317,C000832,2023-08-20,2023-08-24,2023-08-25,79970.3,164907.1,PAGADO,completo
PG00005318,C000832,2023-08-29,2023-09-01,2023-09-02,129606.04,67343.91,PAGADO,completo
PG00005319,C000832,2023-10-05,2023-10-13,2023-10-22,75454.01,52779.34,PAGADO,completo
PG00005320,C001201,2024-04-29,2024-05-02,2024-05-17,9065.27,13237.48,PAGADO,completo
PG00005321,C001201,2024-05-02,2024-05-12,2024-05-25,22930.8,18758.59,PAGADO,completo
PG00005322,C800054,2025-02-21,2025-03-01,2025-03-03,101413.89,30058.9,PAGADO,completo
PG00005323,C800054,2025-03-13,2025-03-13,2025-03-13,36000.51,107355.5,PAGADO,completo
PG00005324,C002948,2023-08-21,2023-08-26,2023-09-03,50930.45,68380.53,PAGADO,parcial
PG00005325,C002948,2023-10-06,2023-10-10,2023-10-10,34059.72,16609.64,PAGADO,parcial
PG00005326,C002134,2023-09-28,2023-09-28,2023-12-01,32083.29,28247.55,PAGADO,demorado
PG00005327,C002134,2023-10-15,2023-10-22,2023-12-13,17944.43,21780.17,PAGADO,demorado
PG00005328,C002209,2024-09-24,2024-10-01,2024-12-25,42315.42,42315.42,PAGADO,demorado
PG00005329,C003470,2025-10-06,2025-10-06,2025-10-25,25506.74,54360.84,PAGADO,completo
PG00005330,C003470,2025-10-09,2025-10-12,2025-10-15,38622.43,9768.33,PAGADO,completo
PG00005331,C001481,2025-08-21,2025-08-27,2025-09-15,19488.25,12402.62,PAGADO,completo
PG00005332,C001481,2025-08-29,2025-09-02,2025-09-05,13597.02,20682.65,PAGADO,completo
PG00005333,C000777,2023-12-20,2023-12-29,2024-01-02,11652.58,9695.04,PAGADO,completo
PG00005334,C000777,2024-01-10,2024-01-11,2024-01-22,4063.76,6021.3,PAGADO,completo
PG00005335,C000799,2026-07-26,2026-07-30,2026-08-03,430852.65,430852.65,PAGADO,completo
PG00005336,C000054,2024-12-29,2024-12-29,2025-01-02,114279.82,34714.46,PAGADO,completo
PG00005337,C000054,2024-12-28,2025-01-04,2025-01-22,93904.61,170422.0,PAGADO,completo
PG00005338,C000054,2025-02-15,2025-02-17,2025-02-26,23605.3,26653.27,PAGADO,completo
PG00005339,C001920,2025-05-21,2025-05-31,,14568.36,0.0,PENDIENTE,pendiente
PG00005340,C900011,2025-07-10,2025-07-12,2025-07-30,105367.8,92235.91,PAGADO,completo
PG00005341,C900011,2025-07-18,2025-07-18,2025-08-01,33072.93,46204.82,PAGADO,completo
PG00005342,C003228,2025-01-15,2025-01-16,2025-01-18,13922.89,13922.89,PAGADO,completo
PG00005343,C001701,2023-05-11,2023-05-20,2023-06-01,4973.53,15564.29,PAGADO,completo
PG00005344,C001701,2023-06-17,2023-06-24,2023-07-13,50220.76,39630.0,PAGADO,completo
PG00005345,C002161,2025-08-29,2025-09-08,2025-09-28,76105.45,58268.89,PAGADO,completo
PG00005346,C002161,2025-09-14,2025-09-24,2025-09-24,19859.05,37695.61,PAGADO,completo
PG00005347,C001136,2024-09-25,2024-09-27,2024-10-06,83356.99,228403.86,PAGADO,completo
PG00005348,C001136,2024-10-17,2024-10-25,2024-11-04,208862.72,63815.85,PAGADO,completo
PG00005349,C000987,2025-09-04,2025-09-14,2025-09-20,4367.36,28963.38,PAGADO,completo
PG00005350,C000987,2025-09-20,2025-09-29,2025-10-06,31940.34,7344.32,PAGADO,completo
PG00005351,C700040,2026-06-29,2026-07-07,2026-07-15,40382.1,239330.49,PAGADO,completo
PG00005352,C700040,2026-08-07,2026-08-07,2026-08-07,859032.35,660083.96,PAGADO,completo
PG00005353,C003225,2025-08-12,2025-08-14,2025-08-22,48447.19,48447.19,PAGADO,parcial
PG00005354,C001394,2025-05-12,2025-05-21,2025-06-07,21690.87,15194.81,PAGADO,completo
PG00005355,C001394,2025-07-04,2025-07-10,2025-07-26,9615.66,16111.72,PAGADO,completo
PG00005356,C002637,2024-12-05,2024-12-06,2024-12-06,106075.61,106075.61,PAGADO,completo
PG00005357,C000768,2024-04-05,2024-04-05,2024-04-18,20991.7,16538.87,PAGADO,completo
PG00005358,C000768,2024-05-07,2024-05-12,2024-05-25,19212.54,12688.6,PAGADO,completo
PG00005359,C000768,2024-05-02,2024-05-08,2024-05-10,31266.92,42243.69,PAGADO,completo
PG00005360,C800040,2024-10-25,2024-11-03,2024-11-16,59138.1,33365.01,PAGADO,completo
PG00005361,C800040,2024-10-27,2024-10-30,2024-11-11,65831.93,85312.29,PAGADO,completo
PG00005362,C800040,2024-12-05,2024-12-05,2024-12-15,33691.24,39983.97,PAGADO,completo
PG00005363,C000285,2024-08-13,2024-08-19,2024-10-23,81223.3,31909.02,PAGADO,demorado
PG00005364,C000285,2024-08-20,2024-08-29,2024-11-08,34003.72,83318.0,PAGADO,demorado
PG00005365,C900090,2026-01-12,2026-01-22,2026-01-23,60907.18,47353.75,PAGADO,completo
PG00005366,C900090,2026-02-05,2026-02-12,2026-02-23,25367.83,55762.89,PAGADO,completo
PG00005367,C900090,2026-02-16,2026-02-26,2026-03-17,100500.37,83658.74,PAGADO,completo
PG00005368,C000428,2024-06-22,2024-06-25,2024-06-27,32770.39,32770.39,PAGADO,completo
PG00005369,C002332,2025-03-05,2025-03-07,2025-03-07,16181.63,28793.99,PAGADO,completo
PG00005370,C002332,2025-03-12,2025-03-14,2025-03-14,53085.2,40472.84,PAGADO,completo
PG00005371,C002717,2025-11-08,2025-11-18,2025-11-29,35813.2,34847.88,PAGADO,completo
PG00005372,C002717,2025-11-30,2025-12-02,2025-12-12,48242.56,22523.32,PAGADO,completo
PG00005373,C002717,2025-12-31,2026-01-09,2026-01-29,22042.42,48726.98,PAGADO,completo
PG00005374,C002079,2024-04-14,2024-04-18,2024-04-26,33536.57,23622.33,PAGADO,completo
PG00005375,C002079,2024-05-27,2024-06-01,2024-06-08,22912.11,32826.35,PAGADO,completo
PG00005376,C000722,2025-03-08,2025-03-15,2025-03-27,128555.3,128555.3,PAGADO,completo
PG00005377,C000951,2024-03-17,2024-03-18,2024-03-29,27060.17,5889.15,PAGADO,completo
PG00005378,C000951,2024-03-23,2024-03-31,2024-04-02,19575.82,40746.84,PAGADO,completo
PG00005379,C900133,2026-06-15,2026-06-19,,243644.16,0.0,PENDIENTE,pendiente
PG00005380,C002262,2023-12-25,2023-12-26,2024-01-02,89008.37,86482.49,PAGADO,completo
PG00005381,C002262,2024-02-07,2024-02-15,2024-03-04,10953.89,13479.77,PAGADO,completo
PG00005382,C000989,2025-11-27,2025-11-30,2025-12-10,16762.83,15995.0,PAGADO,completo
PG00005383,C000989,2025-11-30,2025-12-07,2025-12-17,7167.87,7935.7,PAGADO,completo
PG00005384,C001759,2024-01-31,2024-02-02,2024-02-02,45060.64,45060.64,PAGADO,parcial
PG00005385,C003443,2024-02-14,2024-02-18,2024-02-28,15852.57,11712.86,PAGADO,parcial
PG00005386,C003443,2024-02-24,2024-02-26,2024-03-12,3136.18,7275.89,PAGADO,parcial
PG00005387,C000326,2023-10-12,2023-10-13,2023-10-30,52777.22,52777.22,PAGADO,parcial
PG00005388,C002608,2025-09-24,2025-09-29,2025-10-17,72304.07,72304.07,PAGADO,completo
PG00005389,C001383,2025-07-07,2025-07-12,2025-07-20,128174.84,128174.84,PAGADO,completo
PG00005390,C001724,2024-05-16,2024-05-20,2024-06-06,262506.68,262506.68,PAGADO,completo
PG00005391,C001086,2023-11-27,2023-12-07,2023-12-13,152304.5,152304.5,PAGADO,parcial
PG00005392,C700115,2024-10-03,2024-10-07,2024-10-14,196008.98,352300.08,PAGADO,completo
PG00005393,C700115,2024-11-03,2024-11-08,2024-11-17,410795.75,254504.65,PAGADO,completo
PG00005394,C000341,2023-11-22,2023-11-24,2023-12-12,93903.29,93903.29,PAGADO,completo
PG00005395,C000147,2025-04-22,2025-04-25,2025-07-21,15042.83,27673.91,PAGADO,demorado
PG00005396,C000147,2025-05-10,2025-05-15,2025-08-17,46599.86,33968.78,PAGADO,demorado
PG00005397,C003496,2024-08-27,2024-09-03,2024-09-22,16322.21,17902.87,PAGADO,parcial
PG00005398,C003496,2024-08-23,2024-08-27,2024-09-08,12745.43,11164.77,PAGADO,parcial
PG00005399,C001107,2023-11-14,2023-11-22,2023-11-22,5413.22,664.36,PAGADO,completo
PG00005400,C001107,2023-11-25,2023-11-26,2023-12-01,6742.54,11653.49,PAGADO,completo
PG00005401,C001107,2023-12-19,2023-12-28,2024-01-14,6048.8,5886.71,PAGADO,completo
PG00005402,C000848,2025-05-01,2025-05-04,2025-08-03,12914.93,8241.02,PAGADO,demorado
PG00005403,C000848,2025-05-17,2025-05-27,2025-08-25,16058.71,20732.62,PAGADO,demorado
PG00005404,C000966,2025-10-05,2025-10-09,2025-10-11,35127.79,35127.79,PAGADO,completo
PG00005405,C700192,2025-03-17,2025-03-25,2025-03-30,150040.35,255822.11,PAGADO,completo
PG00005406,C700192,2025-03-26,2025-04-05,2025-04-20,306692.84,291305.45,PAGADO,completo
PG00005407,C700192,2025-04-16,2025-04-19,2025-04-30,356623.43,266229.06,PAGADO,completo
PG00005408,C002203,2026-08-01,2026-08-07,2026-08-07,84821.99,84821.99,PAGADO,completo
PG00005409,C003319,2023-06-03,2023-06-12,2023-06-25,241612.75,241612.75,PAGADO,completo
PG00005410,C000661,2023-05-06,2023-05-07,2023-05-18,12442.86,12442.86,PAGADO,completo
PG00005411,C001002,2026-07-22,2026-08-01,2026-08-03,28736.59,28736.59,PAGADO,completo
PG00005412,C700000,2026-05-23,2026-05-30,2026-06-09,32333.76,54560.94,PAGADO,completo
PG00005413,C700000,2026-06-04,2026-06-05,2026-06-20,70280.17,48052.99,PAGADO,completo
PG00005414,C700281,2025-11-22,2025-11-29,2025-12-07,83681.3,68167.27,PAGADO,completo
PG00005415,C700281,2025-11-30,2025-12-06,2025-12-12,159406.2,45142.82,PAGADO,completo
PG00005416,C700281,2026-01-10,2026-01-19,2026-02-06,104651.9,234429.31,PAGADO,completo
PG00005417,C700004,2026-07-03,2026-07-05,2026-07-19,53128.68,137769.06,PAGADO,completo
PG00005418,C700004,2026-08-04,2026-08-07,2026-08-07,158518.93,58028.05,PAGADO,completo
PG00005419,C700004,2026-08-07,2026-08-07,2026-08-07,154886.93,170737.43,PAGADO,completo
PG00005420,C900119,2025-02-14,2025-02-20,2025-03-10,183390.49,183390.49,PAGADO,completo
PG00005421,C001879,2024-11-05,2024-11-15,2025-02-07,140185.14,148586.56,PAGADO,demorado
PG00005422,C001879,2024-12-08,2024-12-13,2025-03-07,146394.13,137992.71,PAGADO,demorado
PG00005423,C900292,2025-08-04,2025-08-05,2025-08-14,269844.56,269844.56,PAGADO,completo
PG00005424,C001203,2026-02-27,2026-03-04,2026-03-12,463.08,12727.28,PAGADO,completo
PG00005425,C001203,2026-02-25,2026-02-28,2026-03-15,10676.41,2178.29,PAGADO,completo
PG00005426,C001203,2026-04-01,2026-04-03,2026-04-17,12283.08,8517.0,PAGADO,completo
PG00005427,C001990,2023-11-01,2023-11-09,2023-11-26,21304.57,21304.57,PAGADO,completo
PG00005428,C000024,2025-10-17,2025-10-20,2025-10-28,46537.91,46537.91,PAGADO,completo
PG00005429,C900290,2024-04-20,2024-04-26,2024-05-14,257123.31,257123.31,PAGADO,parcial
PG00005430,C003032,2024-04-28,2024-05-01,2024-05-17,7258.02,7258.02,PAGADO,parcial
PG00005431,C003115,2026-01-13,2026-01-19,,321444.46,0.0,PENDIENTE,pendiente
PG00005432,C003442,2025-04-20,2025-04-22,2025-05-03,6660.28,39022.23,PAGADO,completo
PG00005433,C003442,2025-05-25,2025-05-27,2025-06-05,32427.95,26780.81,PAGADO,completo
PG00005434,C003442,2025-06-09,2025-06-14,2025-06-30,36103.11,9388.3,PAGADO,completo
PG00005435,C000875,2026-03-27,2026-03-28,2026-03-28,76065.57,76065.57,PAGADO,parcial
PG00005436,C900179,2026-07-27,2026-08-06,2026-08-07,50149.49,49306.63,PAGADO,completo
PG00005437,C900179,2026-07-20,2026-07-20,2026-08-02,20363.32,21206.18,PAGADO,completo
PG00005438,C000938,2023-11-04,2023-11-08,2023-11-18,4725.8,4725.8,PAGADO,completo
PG00005439,C002687,2025-05-08,2025-05-09,2025-08-08,12181.61,12181.61,PAGADO,demorado
PG00005440,C002394,2025-09-27,2025-09-28,2025-10-13,19411.09,35856.73,PAGADO,completo
PG00005441,C002394,2025-10-12,2025-10-12,2025-10-29,28062.17,11616.53,PAGADO,completo
PG00005442,C700264,2024-09-20,2024-09-28,2024-09-28,77621.03,47244.11,PAGADO,completo
PG00005443,C700264,2024-10-21,2024-10-30,2024-11-08,31542.2,74441.15,PAGADO,completo
PG00005444,C700264,2024-11-19,2024-11-22,2024-11-25,28825.93,16303.9,PAGADO,completo
PG00005445,C800092,2024-05-18,2024-05-22,,68427.27,0.0,PENDIENTE,pendiente
PG00005446,C000385,2023-09-02,2023-09-09,2023-11-11,41324.95,41324.95,PAGADO,demorado
PG00005447,C003431,2025-04-02,2025-04-04,2025-04-06,19984.86,6435.71,PAGADO,parcial
PG00005448,C003431,2025-04-23,2025-05-01,2025-05-13,18626.54,32175.69,PAGADO,parcial
PG00005449,C700266,2025-07-22,2025-07-22,2025-08-11,214352.96,261800.51,PAGADO,completo
PG00005450,C700266,2025-08-09,2025-08-09,2025-08-24,405260.86,87467.1,PAGADO,completo
PG00005451,C700266,2025-08-03,2025-08-08,2025-08-18,104427.89,374774.1,PAGADO,completo
PG00005452,C003290,2025-04-10,2025-04-19,,87571.94,0.0,PENDIENTE,pendiente
PG00005453,C002291,2025-03-29,2025-04-05,2025-04-15,18333.99,18333.99,PAGADO,completo
PG00005454,C003132,2026-04-10,2026-04-14,2026-04-29,23292.87,26978.51,PAGADO,completo
PG00005455,C003132,2026-05-01,2026-05-08,2026-05-16,11303.02,7617.38,PAGADO,completo
PG00005456,C000936,2023-08-06,2023-08-16,2023-08-31,20735.53,63382.95,PAGADO,completo
PG00005457,C000936,2023-09-07,2023-09-13,2023-09-23,68105.1,25457.68,PAGADO,completo
PG00005458,C900003,2025-01-09,2025-01-13,2025-01-19,35126.72,55718.8,PAGADO,completo
PG00005459,C900003,2025-01-14,2025-01-23,2025-02-10,40496.09,51113.21,PAGADO,completo
PG00005460,C900003,2025-01-14,2025-01-18,2025-02-01,41643.44,10434.24,PAGADO,completo
PG00005461,C002360,2025-07-27,2025-08-01,2025-08-09,67101.46,67101.46,PAGADO,completo
PG00005462,C000201,2024-01-14,2024-01-18,2024-01-30,45918.16,45918.16,PAGADO,parcial
PG00005463,C001332,2024-09-24,2024-09-29,2024-10-03,164846.64,103560.27,PAGADO,parcial
PG00005464,C001332,2024-10-15,2024-10-15,2024-10-27,33078.9,94365.27,PAGADO,parcial
PG00005465,C003016,2025-10-10,2025-10-19,2025-11-01,39974.45,49296.04,PAGADO,completo
PG00005466,C003016,2025-10-20,2025-10-25,2025-11-08,32909.54,30186.86,PAGADO,completo
PG00005467,C003016,2025-10-15,2025-10-20,2025-10-25,14894.41,8295.5,PAGADO,completo
PG00005468,C002708,2025-04-13,2025-04-19,2025-05-01,14946.71,14946.71,PAGADO,completo
PG00005469,C001934,2024-06-15,2024-06-23,2024-07-13,71754.48,71754.48,PAGADO,completo
PG00005470,C000935,2026-03-07,2026-03-09,2026-03-19,84343.01,84343.01,PAGADO,completo
PG00005471,C002418,2023-09-22,2023-09-30,2023-10-09,5775.89,4269.66,PAGADO,completo
PG00005472,C002418,2023-10-20,2023-10-21,2023-10-21,7263.53,9029.45,PAGADO,completo
PG00005473,C002418,2023-11-05,2023-11-14,2023-11-28,3081.78,2822.09,PAGADO,completo
PG00005474,C000566,2023-11-27,2023-12-07,2023-12-08,42303.16,42303.16,PAGADO,completo
PG00005475,C001854,2025-01-28,2025-01-31,2025-02-14,37731.2,65912.76,PAGADO,completo
PG00005476,C001854,2025-03-06,2025-03-16,2025-04-05,82179.95,23234.17,PAGADO,completo
PG00005477,C001854,2025-03-23,2025-03-29,2025-04-14,2111.28,32875.5,PAGADO,completo
PG00005478,C002872,2025-12-22,2025-12-22,2025-12-26,25345.19,25345.19,PAGADO,completo
PG00005479,C003030,2025-05-17,2025-05-23,2025-05-26,3811.94,16804.15,PAGADO,completo
PG00005480,C003030,2025-06-10,2025-06-11,2025-06-14,6944.47,8194.76,PAGADO,completo
PG00005481,C003030,2025-07-19,2025-07-23,2025-08-04,35483.55,21241.05,PAGADO,completo
PG00005482,C700130,2025-09-18,2025-09-22,2025-09-26,318262.15,383156.53,PAGADO,completo
PG00005483,C700130,2025-09-05,2025-09-15,2025-09-19,207752.22,321807.55,PAGADO,completo
PG00005484,C700130,2025-10-10,2025-10-16,2025-10-28,232711.76,53762.05,PAGADO,completo
PG00005485,C002467,2025-04-01,2025-04-09,,152512.66,0.0,PENDIENTE,pendiente
PG00005486,C001645,2025-05-29,2025-06-06,,80879.02,0.0,PENDIENTE,pendiente
PG00005487,C003181,2025-05-27,2025-05-29,2025-06-01,23412.88,3060.32,PAGADO,completo
PG00005488,C003181,2025-06-16,2025-06-17,2025-07-05,15052.48,39358.86,PAGADO,completo
PG00005489,C003181,2025-07-23,2025-07-27,2025-08-03,37240.28,33286.46,PAGADO,completo
PG00005490,C002861,2023-05-04,2023-05-09,2023-05-09,11091.51,2276.65,PAGADO,completo
PG00005491,C002861,2023-05-24,2023-05-31,2023-06-20,32615.25,41493.75,PAGADO,completo
PG00005492,C002861,2023-07-06,2023-07-07,2023-07-10,2965.99,2902.35,PAGADO,completo
PG00005493,C001792,2025-05-20,2025-05-29,2025-06-01,7978.69,26192.77,PAGADO,completo
PG00005494,C001792,2025-06-14,2025-06-15,2025-06-25,13736.41,49384.0,PAGADO,completo
PG00005495,C001792,2025-06-28,2025-06-30,2025-07-03,68042.89,14181.22,PAGADO,completo
PG00005496,C001430,2023-08-29,2023-09-07,2023-11-26,54428.99,54428.99,PAGADO,demorado
PG00005497,C002826,2024-12-15,2024-12-20,2025-02-20,122639.01,122639.01,PAGADO,demorado
PG00005498,C003468,2026-05-16,2026-05-17,2026-05-25,18628.81,22408.36,PAGADO,parcial
PG00005499,C003468,2026-06-24,2026-07-03,2026-07-04,29508.62,25729.07,PAGADO,parcial
PG00005500,C001013,2025-09-06,2025-09-07,2025-09-19,55504.81,55504.81,PAGADO,sobrepago_senal
PG00005501,C001928,2026-04-07,2026-04-13,2026-04-26,69811.18,146387.76,PAGADO,completo
PG00005502,C001928,2026-04-08,2026-04-16,2026-04-16,104475.92,6372.36,PAGADO,completo
PG00005503,C001928,2026-05-16,2026-05-26,2026-06-04,17071.91,38598.89,PAGADO,completo
PG00005504,C003366,2024-10-01,2024-10-11,,49290.15,0.0,PENDIENTE,pendiente
PG00005505,C000126,2023-07-30,2023-08-07,2023-08-24,22878.63,15647.72,PAGADO,completo
PG00005506,C000126,2023-08-29,2023-09-02,2023-09-16,11383.07,12110.22,PAGADO,completo
PG00005507,C000126,2023-08-28,2023-09-02,2023-09-07,15367.22,21870.98,PAGADO,completo
PG00005508,C003139,2023-06-11,2023-06-21,2023-07-11,38870.53,25431.01,PAGADO,sobrepago_senal
PG00005509,C003139,2023-07-26,2023-07-29,2023-07-30,28094.35,41533.87,PAGADO,sobrepago_senal
PG00005510,C002935,2025-05-16,2025-05-18,2025-05-21,54257.18,29470.93,PAGADO,completo
PG00005511,C002935,2025-05-14,2025-05-17,2025-06-06,101137.62,81650.42,PAGADO,completo
PG00005512,C002935,2025-06-20,2025-06-28,2025-07-18,32603.14,76876.59,PAGADO,completo
PG00005513,C001347,2023-03-02,2023-03-04,2023-03-10,65516.18,65516.18,PAGADO,completo
PG00005514,C000355,2025-08-11,2025-08-15,2025-08-19,149436.08,149436.08,PAGADO,completo
PG00005515,C002730,2023-12-26,2024-01-05,2024-01-24,14901.33,78652.73,PAGADO,completo
PG00005516,C002730,2024-01-02,2024-01-02,2024-01-17,141201.53,77450.13,PAGADO,completo
PG00005517,C000827,2023-03-12,2023-03-17,2023-03-29,2839.04,10084.29,PAGADO,parcial
PG00005518,C000827,2023-04-15,2023-04-22,2023-05-04,9387.35,2142.1,PAGADO,parcial
PG00005519,C001639,2023-03-14,2023-03-24,2023-04-12,130950.97,72356.66,PAGADO,completo
PG00005520,C001639,2023-03-14,2023-03-23,2023-04-09,86610.8,235968.62,PAGADO,completo
PG00005521,C001639,2023-04-01,2023-04-11,2023-04-13,109103.65,18340.14,PAGADO,completo
PG00005522,C900039,2025-01-24,2025-01-27,2025-01-30,555073.26,555073.26,PAGADO,completo
PG00005523,C000984,2026-06-19,2026-06-24,2026-07-10,126614.06,69548.33,PAGADO,completo
PG00005524,C000984,2026-06-19,2026-06-29,2026-07-01,137698.08,74901.73,PAGADO,completo
PG00005525,C000984,2026-07-14,2026-07-21,2026-07-31,61399.02,181261.1,PAGADO,completo
PG00005526,C800083,2026-01-06,2026-01-08,2026-01-18,135789.48,121733.53,PAGADO,completo
PG00005527,C800083,2026-01-24,2026-01-24,2026-02-07,88191.25,102247.2,PAGADO,completo
PG00005528,C002188,2023-09-20,2023-09-23,2023-12-31,95806.85,5683.77,PAGADO,demorado
PG00005529,C002188,2023-09-16,2023-09-17,2023-12-20,61985.61,152108.69,PAGADO,demorado
PG00005530,C750048,2025-06-05,2025-06-12,2025-06-30,47609.46,28096.42,PAGADO,completo
PG00005531,C750048,2025-06-29,2025-07-03,2025-07-04,56048.85,50872.88,PAGADO,completo
PG00005532,C750048,2025-08-14,2025-08-23,2025-09-11,69899.41,94588.42,PAGADO,completo
PG00005533,C002443,2025-04-03,2025-04-04,2025-04-21,45923.16,14325.36,PAGADO,completo
PG00005534,C002443,2025-04-03,2025-04-10,2025-04-29,22046.63,51413.32,PAGADO,completo
PG00005535,C002443,2025-04-30,2025-05-05,2025-05-18,13419.88,15650.99,PAGADO,completo
PG00005536,C000362,2024-08-09,2024-08-10,2024-10-20,8047.08,9737.69,PAGADO,demorado
PG00005537,C000362,2024-09-16,2024-09-20,2024-11-18,9687.68,7997.07,PAGADO,demorado
PG00005538,C002349,2026-01-16,2026-01-24,,26369.65,0.0,PENDIENTE,pendiente
PG00005539,C000345,2026-05-30,2026-05-30,2026-06-03,12425.07,12425.07,PAGADO,completo
PG00005540,C003085,2026-03-07,2026-03-12,,25138.74,0.0,PENDIENTE,pendiente
PG00005541,C750038,2024-07-12,2024-07-19,2024-07-27,24009.74,6399.03,PAGADO,completo
PG00005542,C750038,2024-08-05,2024-08-08,2024-08-19,30219.52,31296.24,PAGADO,completo
PG00005543,C750038,2024-08-22,2024-08-28,2024-09-13,21476.38,38010.37,PAGADO,completo
PG00005544,C000711,2024-05-09,2024-05-17,2024-06-04,79011.14,79011.14,PAGADO,completo
PG00005545,C003102,2026-04-15,2026-04-23,2026-05-12,13799.56,7937.87,PAGADO,completo
PG00005546,C003102,2026-05-28,2026-06-04,2026-06-10,45311.8,14999.97,PAGADO,completo
PG00005547,C003102,2026-06-19,2026-06-24,2026-07-02,31976.01,68149.53,PAGADO,completo
PG00005548,C800094,2024-06-10,2024-06-20,2024-07-03,80867.48,72993.95,PAGADO,completo
PG00005549,C800094,2024-06-06,2024-06-09,2024-06-23,53036.8,38596.75,PAGADO,completo
PG00005550,C800094,2024-07-19,2024-07-20,2024-08-09,24029.91,46343.49,PAGADO,completo
PG00005551,C700217,2024-08-31,2024-09-08,2024-09-17,150983.14,150983.14,PAGADO,completo
PG00005552,C000010,2025-05-30,2025-06-07,2025-06-12,33829.05,21870.58,PAGADO,completo
PG00005553,C000010,2025-05-28,2025-05-28,2025-06-05,32037.05,47786.47,PAGADO,completo
PG00005554,C000010,2025-07-04,2025-07-14,2025-08-03,16226.65,12435.7,PAGADO,completo
PG00005555,C700116,2025-09-12,2025-09-17,2025-10-03,749837.39,749837.39,PAGADO,completo
PG00005556,C002116,2023-04-07,2023-04-16,2023-05-02,9640.75,10391.84,PAGADO,completo
PG00005557,C002116,2023-05-05,2023-05-11,2023-05-15,7168.18,3852.97,PAGADO,completo
PG00005558,C002116,2023-04-30,2023-05-08,2023-05-11,1960.98,4525.1,PAGADO,completo
PG00005559,C001834,2025-05-22,2025-05-24,2025-06-01,99663.99,44348.94,PAGADO,completo
PG00005560,C001834,2025-07-07,2025-07-12,2025-07-15,230339.31,285654.36,PAGADO,completo
PG00005561,C000793,2023-10-29,2023-11-04,2023-11-18,235014.27,235014.27,PAGADO,completo
PG00005562,C800059,2025-06-03,2025-06-03,2025-06-20,114542.45,114542.45,PAGADO,parcial
PG00005563,C002802,2024-08-04,2024-08-14,2024-08-29,3733.31,727.63,PAGADO,completo
PG00005564,C002802,2024-08-28,2024-08-29,2024-08-29,2312.97,4754.42,PAGADO,completo
PG00005565,C002802,2024-09-16,2024-09-19,2024-09-22,4645.35,5209.58,PAGADO,completo
PG00005566,C002674,2024-02-27,2024-02-27,2024-03-05,9030.54,9540.02,PAGADO,completo
PG00005567,C002674,2024-03-19,2024-03-25,2024-04-11,4565.64,7317.86,PAGADO,completo
PG00005568,C002674,2024-05-10,2024-05-10,2024-05-27,10730.5,7468.8,PAGADO,completo
PG00005569,C000094,2024-02-13,2024-02-14,2024-02-26,2635.96,4262.99,PAGADO,completo
PG00005570,C000094,2024-03-03,2024-03-09,2024-03-23,8842.65,7215.62,PAGADO,completo
PG00005571,C000129,2024-09-11,2024-09-18,2024-09-24,236568.98,121095.5,PAGADO,completo
PG00005572,C000129,2024-09-27,2024-10-03,2024-10-16,124778.21,240251.69,PAGADO,completo
PG00005573,C002891,2024-10-21,2024-10-29,2024-11-16,12761.66,12761.66,PAGADO,completo
PG00005574,C002371,2025-03-12,2025-03-15,2025-03-27,128526.17,42274.46,PAGADO,completo
PG00005575,C002371,2025-05-02,2025-05-11,2025-05-17,49606.55,73478.27,PAGADO,completo
PG00005576,C002371,2025-05-03,2025-05-04,2025-05-11,71911.39,134291.38,PAGADO,completo
PG00005577,C700251,2025-06-13,2025-06-21,2025-09-14,367013.0,368352.89,PAGADO,demorado
PG00005578,C700251,2025-06-15,2025-06-21,2025-09-17,330908.64,329568.75,PAGADO,demorado
PG00005579,C800037,2024-08-26,2024-09-04,2024-09-18,67876.11,39879.13,PAGADO,completo
PG00005580,C800037,2024-09-25,2024-10-01,2024-10-15,19665.61,92585.38,PAGADO,completo
PG00005581,C800037,2024-10-05,2024-10-14,2024-10-22,84217.85,39295.06,PAGADO,completo
PG00005582,C700194,2025-01-27,2025-01-31,2025-02-05,692401.25,320867.61,PAGADO,completo
PG00005583,C700194,2025-03-08,2025-03-17,2025-03-31,206041.82,577575.46,PAGADO,completo
PG00005584,C002263,2023-11-21,2023-11-26,2024-01-31,24398.88,24398.88,PAGADO,demorado
PG00005585,C001900,2026-01-24,2026-01-29,2026-02-09,50411.12,25956.48,PAGADO,completo
PG00005586,C001900,2026-02-23,2026-02-26,2026-03-10,11269.48,35724.12,PAGADO,completo
PG00005587,C003280,2026-04-26,2026-04-28,2026-05-15,13873.57,13873.57,PAGADO,completo
PG00005588,C700089,2025-03-25,2025-04-03,2025-04-22,149746.89,108479.06,PAGADO,parcial
PG00005589,C700089,2025-04-06,2025-04-09,2025-04-17,47631.43,88899.26,PAGADO,parcial
PG00005590,C001932,2024-10-31,2024-11-01,2024-11-08,32138.09,118961.64,PAGADO,completo
PG00005591,C001932,2024-10-29,2024-10-31,2024-11-07,189557.6,102734.05,PAGADO,completo
PG00005592,C003306,2024-04-07,2024-04-10,2024-04-15,9469.31,6950.9,PAGADO,completo
PG00005593,C003306,2024-04-30,2024-05-06,2024-05-21,7510.19,15548.12,PAGADO,completo
PG00005594,C003306,2024-05-21,2024-05-21,2024-06-09,13890.18,8370.66,PAGADO,completo
PG00005595,C003215,2023-07-19,2023-07-28,2023-08-11,24641.23,42302.51,PAGADO,completo
PG00005596,C003215,2023-07-31,2023-07-31,2023-08-02,47180.65,29519.37,PAGADO,completo
PG00005597,C002912,2023-07-28,2023-07-28,2023-08-13,17239.71,7195.1,PAGADO,completo
PG00005598,C002912,2023-09-08,2023-09-08,2023-09-25,2357.87,6357.85,PAGADO,completo
PG00005599,C002912,2023-08-21,2023-08-27,2023-09-05,13267.27,19311.9,PAGADO,completo
PG00005600,C001865,2024-07-20,2024-07-28,2024-09-11,48107.77,48107.77,PAGADO,demorado
PG00005601,C001658,2026-04-01,2026-04-11,2026-04-21,45932.54,10491.43,PAGADO,completo
PG00005602,C001658,2026-04-05,2026-04-05,2026-04-14,28252.18,63693.29,PAGADO,completo
PG00005603,C000516,2025-06-01,2025-06-11,2025-06-25,65805.99,91563.49,PAGADO,completo
PG00005604,C000516,2025-06-13,2025-06-19,2025-06-19,60487.51,16069.56,PAGADO,completo
PG00005605,C000516,2025-06-29,2025-06-29,2025-07-11,9561.46,28221.91,PAGADO,completo
PG00005606,C001857,2026-02-13,2026-02-15,2026-02-28,16657.35,4605.81,PAGADO,completo
PG00005607,C001857,2026-03-10,2026-03-17,2026-03-22,16221.61,30261.32,PAGADO,completo
PG00005608,C001857,2026-04-21,2026-04-21,2026-05-06,6536.97,4548.8,PAGADO,completo
PG00005609,C002645,2024-12-04,2024-12-09,2024-12-15,18260.41,21760.53,PAGADO,parcial
PG00005610,C002645,2024-12-03,2024-12-07,2024-12-15,22672.56,19172.44,PAGADO,parcial
PG00005611,C002243,2023-09-24,2023-09-27,,13015.01,0.0,PENDIENTE,pendiente
PG00005612,C001277,2023-03-18,2023-03-23,,1137.87,0.0,PENDIENTE,pendiente
PG00005613,C002336,2025-06-28,2025-07-03,2025-07-04,19590.95,19590.95,PAGADO,parcial
PG00005614,C000950,2024-04-26,2024-05-03,2024-07-09,106652.67,106652.67,PAGADO,demorado
PG00005615,C003478,2024-11-16,2024-11-16,2024-11-27,37915.98,37915.98,PAGADO,parcial
PG00005616,C700250,2026-02-27,2026-02-28,2026-03-17,88495.29,88495.29,PAGADO,parcial
PG00005617,C001120,2025-09-14,2025-09-14,2025-09-20,206664.07,206664.07,PAGADO,completo
PG00005618,C002597,2026-08-07,2026-08-07,2026-08-07,13445.61,35195.69,PAGADO,completo
PG00005619,C002597,2026-08-07,2026-08-07,2026-08-07,104961.9,55242.29,PAGADO,completo
PG00005620,C002597,2026-08-07,2026-08-07,2026-08-07,98066.03,126035.56,PAGADO,completo
PG00005621,C002204,2023-10-23,2023-10-29,2023-11-03,75160.42,75160.42,PAGADO,completo
PG00005622,C000419,2025-08-10,2025-08-19,2025-08-24,96432.92,96432.92,PAGADO,completo
PG00005623,C000922,2024-11-28,2024-11-29,2024-12-02,18951.72,9597.56,PAGADO,completo
PG00005624,C000922,2024-12-22,2024-12-25,2025-01-13,33461.99,42816.15,PAGADO,completo
PG00005625,C900161,2024-12-22,2024-12-26,2025-03-12,248876.0,248876.0,PAGADO,demorado
PG00005626,C000477,2024-06-27,2024-07-06,2024-07-23,58921.68,53464.74,PAGADO,completo
PG00005627,C000477,2024-07-20,2024-07-20,2024-07-29,9051.4,14508.34,PAGADO,completo
PG00005628,C002035,2025-03-25,2025-04-04,2025-04-09,39100.25,20710.14,PAGADO,completo
PG00005629,C002035,2025-03-22,2025-03-28,2025-04-12,44629.78,55937.89,PAGADO,completo
PG00005630,C002035,2025-05-03,2025-05-10,2025-05-21,14199.77,21281.77,PAGADO,completo
PG00005631,C003263,2024-08-16,2024-08-22,2024-08-22,15045.48,1770.29,PAGADO,completo
PG00005632,C003263,2024-09-03,2024-09-08,2024-09-11,4277.44,11880.55,PAGADO,completo
PG00005633,C003263,2024-09-28,2024-10-04,2024-10-06,14295.55,19967.63,PAGADO,completo
PG00005634,C001692,2023-03-05,2023-03-07,2023-03-16,39744.55,86047.03,PAGADO,completo
PG00005635,C001692,2023-03-10,2023-03-14,2023-03-15,73953.75,27651.27,PAGADO,completo
PG00005636,C003312,2025-05-17,2025-05-20,2025-06-03,145359.81,204731.29,PAGADO,completo
PG00005637,C003312,2025-05-12,2025-05-12,2025-05-31,10959.26,36301.26,PAGADO,completo
PG00005638,C003312,2025-06-18,2025-06-25,2025-07-02,189297.36,104583.88,PAGADO,completo
PG00005639,C003303,2025-11-24,2025-12-03,2025-12-03,67424.5,67424.5,PAGADO,completo
PG00005640,C001471,2023-04-02,2023-04-05,2023-04-20,44104.72,44104.72,PAGADO,completo
PG00005641,C002601,2025-11-13,2025-11-16,,12198.94,0.0,PENDIENTE,pendiente
PG00005642,C001202,2026-04-07,2026-04-16,2026-05-03,13260.15,13260.15,PAGADO,completo
PG00005643,C002438,2025-06-07,2025-06-17,2025-06-28,39229.28,39343.41,PAGADO,parcial
PG00005644,C002438,2025-07-21,2025-07-27,2025-08-02,90042.82,89928.69,PAGADO,parcial
PG00005645,C002626,2026-07-20,2026-07-21,2026-08-07,3378.49,3378.49,PAGADO,demorado
PG00005646,C001669,2023-11-01,2023-11-01,2023-11-20,22434.32,90875.03,PAGADO,completo
PG00005647,C001669,2023-11-14,2023-11-24,2023-12-13,109339.96,40899.25,PAGADO,completo
PG00005648,C900261,2025-01-30,2025-02-09,2025-02-16,169499.25,56193.81,PAGADO,completo
PG00005649,C900261,2025-03-10,2025-03-17,2025-03-17,44363.43,157668.87,PAGADO,completo
PG00005650,C001970,2024-07-17,2024-07-20,2024-07-31,308748.66,308748.66,PAGADO,completo
PG00005651,C900091,2025-06-25,2025-07-05,,24934.68,0.0,PENDIENTE,pendiente
PG00005652,C002151,2023-09-28,2023-10-02,2023-10-17,37300.38,30099.53,PAGADO,completo
PG00005653,C002151,2023-11-11,2023-11-18,2023-11-29,65958.21,18009.67,PAGADO,completo
PG00005654,C002151,2023-11-16,2023-11-18,2023-11-20,23843.59,78992.98,PAGADO,completo
PG00005655,C000820,2024-06-08,2024-06-14,2024-07-01,150949.28,150949.28,PAGADO,completo
PG00005656,C001997,2023-07-31,2023-08-09,2023-08-13,37206.04,40992.11,PAGADO,parcial
PG00005657,C001997,2023-08-27,2023-09-02,2023-09-10,25540.99,21754.92,PAGADO,parcial
PG00005658,C800015,2025-11-08,2025-11-09,2025-11-14,71297.33,30293.3,PAGADO,completo
PG00005659,C800015,2025-11-23,2025-11-23,2025-12-01,139926.33,116105.52,PAGADO,completo
PG00005660,C800015,2025-12-19,2025-12-21,2025-12-29,51250.23,116075.07,PAGADO,completo
PG00005661,C003054,2026-05-19,2026-05-25,,17330.32,0.0,PENDIENTE,pendiente
PG00005662,C001248,2025-05-04,2025-05-05,2025-07-23,5880.3,5150.0,PAGADO,demorado
PG00005663,C001248,2025-04-30,2025-05-07,2025-07-26,2256.01,2986.31,PAGADO,demorado
PG00005664,C003289,2024-10-29,2024-10-31,2024-11-19,81271.39,22024.46,PAGADO,completo
PG00005665,C003289,2024-10-25,2024-11-02,2024-11-17,17583.43,118077.72,PAGADO,completo
PG00005666,C003289,2024-12-04,2024-12-13,2024-12-16,47523.29,6275.93,PAGADO,completo
PG00005667,C002712,2026-03-07,2026-03-17,2026-04-06,78430.54,78430.54,PAGADO,sobrepago_senal
PG00005668,C900126,2024-11-23,2024-12-02,2024-12-14,45752.86,49564.41,PAGADO,completo
PG00005669,C900126,2025-01-12,2025-01-16,2025-01-19,38196.58,34385.03,PAGADO,completo
PG00005670,C002190,2026-01-13,2026-01-14,2026-01-17,59682.76,59682.76,PAGADO,completo
PG00005671,C900055,2024-07-10,2024-07-20,,87517.17,0.0,PENDIENTE,pendiente
PG00005672,C001046,2026-04-20,2026-04-20,2026-05-01,22370.96,56345.08,PAGADO,completo
PG00005673,C001046,2026-04-18,2026-04-25,2026-05-10,120029.34,86055.22,PAGADO,completo
PG00005674,C001888,2024-10-24,2024-10-29,2024-11-11,55387.77,55387.77,PAGADO,parcial
PG00005675,C002469,2025-09-16,2025-09-23,2025-09-23,28778.07,25062.48,PAGADO,completo
PG00005676,C002469,2025-10-18,2025-10-22,2025-11-07,20958.39,24673.98,PAGADO,completo
PG00005677,C002847,2025-01-10,2025-01-13,2025-03-22,2871.03,9543.6,PAGADO,demorado
PG00005678,C002847,2025-01-22,2025-01-30,2025-03-31,18476.06,11803.49,PAGADO,demorado
PG00005679,C000615,2026-07-24,2026-07-25,2026-08-02,7094.97,11206.18,PAGADO,completo
PG00005680,C000615,2026-08-07,2026-08-07,2026-08-07,27894.63,23783.42,PAGADO,completo
PG00005681,C001318,2023-08-23,2023-08-25,2023-08-31,78197.85,58588.93,PAGADO,completo
PG00005682,C001318,2023-10-07,2023-10-15,2023-10-21,50356.65,69965.57,PAGADO,completo
PG00005683,C001863,2025-08-30,2025-08-30,2025-09-18,449282.15,449282.15,PAGADO,completo
PG00005684,C002343,2025-07-15,2025-07-25,2025-08-05,88600.68,29592.77,PAGADO,completo
PG00005685,C002343,2025-07-26,2025-08-03,2025-08-21,35571.74,94579.65,PAGADO,completo
PG00005686,C002449,2023-11-15,2023-11-22,2024-02-23,76101.96,58836.02,PAGADO,demorado
PG00005687,C002449,2023-12-04,2023-12-04,2024-02-19,62421.32,79687.26,PAGADO,demorado
PG00005688,C002136,2024-02-02,2024-02-11,2024-02-16,57171.43,33585.64,PAGADO,completo
PG00005689,C002136,2024-02-18,2024-02-19,2024-03-09,18534.21,42120.0,PAGADO,completo
PG00005690,C700184,2024-11-22,2024-12-01,2024-12-05,385656.13,385656.13,PAGADO,completo
PG00005691,C001772,2025-10-23,2025-10-27,2025-11-01,18617.22,18617.22,PAGADO,parcial
PG00005692,C800073,2025-07-13,2025-07-14,2025-07-25,106634.13,106634.13,PAGADO,completo
PG00005693,C000131,2025-09-07,2025-09-12,2025-12-02,186474.3,186474.3,PAGADO,demorado
PG00005694,C003227,2024-03-27,2024-04-03,,47294.34,0.0,PENDIENTE,pendiente
PG00005695,C000077,2025-12-09,2025-12-14,2026-01-03,7815.44,6721.13,PAGADO,completo
PG00005696,C000077,2026-01-18,2026-01-21,2026-01-26,14878.44,15972.75,PAGADO,completo
PG00005697,C002898,2023-07-03,2023-07-11,2023-07-22,9223.8,9223.8,PAGADO,completo
PG00005698,C002052,2024-01-31,2024-01-31,2024-04-06,50157.1,43460.35,PAGADO,demorado
PG00005699,C002052,2024-02-05,2024-02-05,2024-04-23,14767.25,21464.0,PAGADO,demorado
PG00005700,C000724,2024-12-17,2024-12-26,2025-01-05,41416.88,12905.61,PAGADO,completo
PG00005701,C000724,2024-12-11,2024-12-18,2025-01-06,22474.71,50985.98,PAGADO,completo
PG00005702,C001314,2026-04-06,2026-04-15,2026-04-24,44615.99,44615.99,PAGADO,completo
PG00005703,C003423,2023-05-27,2023-05-30,2023-06-15,201064.61,201064.61,PAGADO,completo
PG00005704,C001851,2024-06-21,2024-06-28,2024-07-07,41063.91,30221.5,PAGADO,completo
PG00005705,C001851,2024-07-15,2024-07-16,2024-07-25,36524.23,47366.64,PAGADO,completo
PG00005706,C002317,2024-09-19,2024-09-23,2024-10-08,41315.26,41315.26,PAGADO,parcial
PG00005707,C003434,2025-08-01,2025-08-03,2025-08-15,44618.76,12521.32,PAGADO,completo
PG00005708,C003434,2025-09-01,2025-09-04,2025-09-19,12673.13,22783.37,PAGADO,completo
PG00005709,C003434,2025-10-18,2025-10-19,2025-11-04,18413.75,40400.95,PAGADO,completo
PG00005710,C700227,2026-01-12,2026-01-22,2026-01-24,50893.3,15646.25,PAGADO,completo
PG00005711,C700227,2026-01-31,2026-02-04,2026-02-11,121435.1,167774.43,PAGADO,completo
PG00005712,C700227,2026-02-17,2026-02-25,2026-03-03,33376.16,22283.88,PAGADO,completo
PG00005713,C001372,2023-06-29,2023-07-02,2023-07-02,21172.77,12607.47,PAGADO,completo
PG00005714,C001372,2023-06-27,2023-07-03,2023-07-15,22591.55,31156.85,PAGADO,completo
PG00005715,C001855,2025-09-25,2025-09-27,2025-11-23,36577.81,35067.9,PAGADO,demorado
PG00005716,C001855,2025-10-11,2025-10-19,2025-12-17,13440.42,14950.33,PAGADO,demorado
PG00005717,C002965,2024-03-02,2024-03-10,,39407.15,0.0,PENDIENTE,pendiente
PG00005718,C001319,2023-05-07,2023-05-09,,90247.29,0.0,PENDIENTE,pendiente
PG00005719,C002560,2025-05-27,2025-06-06,2025-06-16,7027.67,26197.98,PAGADO,completo
PG00005720,C002560,2025-06-25,2025-06-28,2025-07-12,28913.36,9743.05,PAGADO,completo
PG00005721,C800019,2024-02-15,2024-02-21,2024-03-11,227995.29,227995.29,PAGADO,completo
PG00005722,C700171,2025-11-21,2025-11-22,2025-12-06,47920.67,63336.83,PAGADO,completo
PG00005723,C700171,2025-12-07,2025-12-07,2025-12-15,103888.74,88472.58,PAGADO,completo
PG00005724,C003250,2026-04-06,2026-04-14,2026-04-15,95823.95,95823.95,PAGADO,completo
PG00005725,C000375,2025-05-14,2025-05-19,2025-08-03,103791.21,60149.95,PAGADO,demorado
PG00005726,C000375,2025-06-28,2025-07-01,2025-09-01,10277.74,53919.0,PAGADO,demorado
PG00005727,C001908,2023-03-12,2023-03-15,2023-05-12,3572.47,6551.84,PAGADO,demorado
PG00005728,C001908,2023-03-22,2023-03-26,2023-06-03,5356.88,2377.51,PAGADO,demorado
PG00005729,C000333,2023-09-26,2023-10-03,2023-10-04,26841.86,41798.14,PAGADO,completo
PG00005730,C000333,2023-10-23,2023-11-01,2023-11-21,33530.21,18573.93,PAGADO,completo
PG00005731,C003372,2023-09-27,2023-10-07,2023-10-17,29601.38,32530.39,PAGADO,completo
PG00005732,C003372,2023-10-17,2023-10-21,2023-10-21,46231.88,43302.87,PAGADO,completo
PG00005733,C900288,2026-02-06,2026-02-08,2026-02-11,50010.21,53862.87,PAGADO,completo
PG00005734,C900288,2026-03-04,2026-03-06,2026-03-10,130941.84,127089.18,PAGADO,completo
PG00005735,C002365,2025-04-11,2025-04-13,2025-04-24,80694.44,81394.04,PAGADO,completo
PG00005736,C002365,2025-05-11,2025-05-16,2025-05-29,132259.89,131560.29,PAGADO,completo
PG00005737,C001604,2023-09-08,2023-09-08,2023-09-20,18747.06,48465.7,PAGADO,completo
PG00005738,C001604,2023-10-25,2023-11-03,2023-11-18,34999.83,14902.68,PAGADO,completo
PG00005739,C001604,2023-10-31,2023-11-08,2023-11-21,21958.75,12337.26,PAGADO,completo
PG00005740,C001118,2024-02-17,2024-02-23,2024-02-27,75705.64,75705.64,PAGADO,completo
PG00005741,C900299,2024-06-05,2024-06-05,2024-06-14,83451.97,29218.11,PAGADO,completo
PG00005742,C900299,2024-06-28,2024-07-08,2024-07-21,74870.19,215912.08,PAGADO,completo
PG00005743,C900299,2024-07-27,2024-07-28,2024-08-16,208643.05,121835.02,PAGADO,completo
PG00005744,C001943,2024-02-21,2024-02-29,2024-03-17,31584.03,46251.32,PAGADO,completo
PG00005745,C001943,2024-03-15,2024-03-21,2024-03-26,6999.15,39350.75,PAGADO,completo
PG00005746,C001943,2024-03-13,2024-03-21,2024-03-22,88259.14,41240.25,PAGADO,completo
PG00005747,C002958,2024-03-29,2024-03-30,2024-04-07,94715.97,94715.97,PAGADO,parcial
PG00005748,C800095,2024-05-12,2024-05-19,2024-05-25,21835.43,41906.92,PAGADO,completo
PG00005749,C800095,2024-05-24,2024-05-28,2024-05-30,116734.48,96662.99,PAGADO,completo
PG00005750,C800068,2025-06-19,2025-06-20,2025-09-11,2229876.95,2229876.95,PAGADO,demorado
PG00005751,C003401,2023-11-10,2023-11-12,2023-11-27,6842.8,6842.8,PAGADO,completo
PG00005752,C002376,2025-01-22,2025-01-27,2025-02-14,23748.29,23748.29,PAGADO,completo
PG00005753,C750003,2024-08-07,2024-08-09,2024-08-26,22165.26,47931.57,PAGADO,completo
PG00005754,C750003,2024-07-29,2024-08-08,2024-08-11,41601.83,22517.3,PAGADO,completo
PG00005755,C750003,2024-09-16,2024-09-24,2024-10-10,17893.32,11211.54,PAGADO,completo
PG00005756,C001342,2025-07-18,2025-07-18,2025-08-03,56281.25,56281.25,PAGADO,completo
PG00005757,C000320,2023-10-10,2023-10-19,2023-10-25,103798.05,103798.05,PAGADO,completo
PG00005758,C001619,2025-04-11,2025-04-18,2025-05-08,54110.66,54110.66,PAGADO,completo
PG00005759,C700160,2025-12-01,2025-12-02,2025-12-08,151445.21,183585.15,PAGADO,completo
PG00005760,C700160,2025-12-10,2025-12-16,2025-12-27,200238.4,168098.46,PAGADO,completo
PG00005761,C002060,2025-01-19,2025-01-27,2025-02-06,27631.3,27631.3,PAGADO,completo
PG00005762,C002945,2026-03-24,2026-04-02,2026-04-07,351287.12,197202.31,PAGADO,parcial
PG00005763,C002945,2026-04-15,2026-04-16,2026-04-23,50912.97,204997.78,PAGADO,parcial
PG00005764,C002219,2024-09-28,2024-10-06,2024-10-16,136697.46,136697.46,PAGADO,completo
PG00005765,C001673,2026-04-21,2026-04-26,2026-05-15,156741.89,156741.89,PAGADO,completo
PG00005766,C001942,2023-04-05,2023-04-14,2023-04-27,2735.49,2486.56,PAGADO,parcial
PG00005767,C001942,2023-03-19,2023-03-19,2023-03-31,733.59,982.52,PAGADO,parcial
PG00005768,C000260,2024-11-11,2024-11-12,2024-11-22,44952.02,14707.5,PAGADO,completo
PG00005769,C000260,2024-11-20,2024-11-21,2024-12-11,30753.62,60998.14,PAGADO,completo
PG00005770,C700019,2025-12-30,2026-01-02,2026-04-06,215297.75,234159.29,PAGADO,demorado
PG00005771,C700019,2025-12-22,2025-12-25,2026-04-08,472392.56,453531.02,PAGADO,demorado
PG00005772,C002039,2024-05-25,2024-05-28,2024-05-31,2811.31,8100.05,PAGADO,completo
PG00005773,C002039,2024-06-16,2024-06-22,2024-07-09,1075.4,4999.19,PAGADO,completo
PG00005774,C002039,2024-07-07,2024-07-09,2024-07-25,14021.27,4808.74,PAGADO,completo
PG00005775,C000689,2024-02-27,2024-02-29,2024-03-09,105998.76,105998.76,PAGADO,parcial
PG00005776,C000901,2024-01-07,2024-01-08,2024-01-12,4282.31,3911.72,PAGADO,completo
PG00005777,C000901,2023-12-20,2023-12-24,2023-12-27,2600.21,11158.59,PAGADO,completo
PG00005778,C000901,2024-01-27,2024-02-02,2024-02-12,15144.28,6956.49,PAGADO,completo
PG00005779,C002306,2025-10-09,2025-10-11,2025-10-22,7776.45,39435.57,PAGADO,completo
PG00005780,C002306,2025-11-27,2025-12-03,2025-12-04,34120.46,2461.34,PAGADO,completo
PG00005781,C002026,2024-10-05,2024-10-07,2025-01-17,132718.81,200006.69,PAGADO,demorado
PG00005782,C002026,2024-10-12,2024-10-14,2025-01-23,116972.27,49684.39,PAGADO,demorado
PG00005783,C002892,2024-03-22,2024-03-27,2024-04-07,46883.13,46883.13,PAGADO,parcial
PG00005784,C000138,2026-03-08,2026-03-12,2026-03-25,48878.16,48878.16,PAGADO,completo
PG00005785,C001917,2023-02-06,2023-02-16,2023-02-27,232763.35,232763.35,PAGADO,completo
PG00005786,C001828,2026-02-17,2026-02-23,2026-03-07,178887.38,5036.03,PAGADO,parcial
PG00005787,C001828,2026-02-27,2026-03-07,2026-03-27,122696.0,296547.35,PAGADO,parcial
PG00005788,C001573,2023-12-02,2023-12-04,2023-12-12,84745.03,84745.03,PAGADO,sobrepago_senal
PG00005789,C000319,2023-02-17,2023-02-18,2023-04-29,6540.79,6540.79,PAGADO,demorado
PG00005790,C000653,2025-06-08,2025-06-14,2025-06-17,36555.44,27568.45,PAGADO,completo
PG00005791,C000653,2025-07-08,2025-07-13,2025-07-28,32255.07,41242.06,PAGADO,completo
PG00005792,C002137,2025-01-25,2025-01-30,2025-04-11,41374.48,41374.48,PAGADO,demorado
PG00005793,C003469,2023-02-21,2023-02-23,2023-02-23,14277.37,10377.86,PAGADO,completo
PG00005794,C003469,2023-03-25,2023-03-25,2023-04-13,14969.23,18868.74,PAGADO,completo
PG00005795,C000558,2024-09-21,2024-09-26,2024-10-04,32538.59,46344.25,PAGADO,completo
PG00005796,C000558,2024-11-14,2024-11-22,2024-12-08,24848.01,11042.35,PAGADO,completo
PG00005797,C002187,2023-05-02,2023-05-03,2023-05-07,52378.54,52378.54,PAGADO,completo
PG00005798,C000112,2023-08-25,2023-08-29,2023-09-12,24055.8,26170.22,PAGADO,completo
PG00005799,C000112,2023-10-10,2023-10-15,2023-10-26,60509.14,38003.45,PAGADO,completo
PG00005800,C000112,2023-10-22,2023-11-01,2023-11-15,53545.36,73936.63,PAGADO,completo
PG00005801,C000531,2023-03-08,2023-03-15,2023-03-21,29116.94,9009.7,PAGADO,completo
PG00005802,C000531,2023-04-03,2023-04-07,2023-04-25,31514.28,26675.12,PAGADO,completo
PG00005803,C000531,2023-04-22,2023-04-24,2023-04-30,13693.93,38640.33,PAGADO,completo
PG00005804,C000224,2026-05-31,2026-06-10,2026-06-24,17904.3,18954.25,PAGADO,completo
PG00005805,C000224,2026-06-17,2026-06-18,2026-06-18,23732.49,22682.54,PAGADO,completo
PG00005806,C000723,2023-06-15,2023-06-24,,18778.88,0.0,PENDIENTE,pendiente
PG00005807,C700133,2025-04-16,2025-04-23,2025-05-07,288717.74,288717.74,PAGADO,completo
PG00005808,C002883,2023-03-24,2023-03-30,2023-04-06,21859.69,16893.55,PAGADO,completo
PG00005809,C002883,2023-04-23,2023-04-23,2023-05-06,13712.98,18679.12,PAGADO,completo
PG00005810,C750081,2025-10-21,2025-10-26,2026-02-08,24034.13,109626.09,PAGADO,demorado
PG00005811,C750081,2025-10-24,2025-11-02,2026-02-12,180851.55,95259.59,PAGADO,demorado
PG00005812,C001433,2026-01-08,2026-01-17,2026-01-23,26406.69,18604.85,PAGADO,completo
PG00005813,C001433,2026-02-14,2026-02-17,2026-03-07,15659.43,6939.46,PAGADO,completo
PG00005814,C001433,2026-02-26,2026-03-07,2026-03-20,6819.11,23340.92,PAGADO,completo
PG00005815,C002373,2024-11-19,2024-11-27,2024-12-03,17271.19,20635.68,PAGADO,completo
PG00005816,C002373,2024-12-20,2024-12-22,2024-12-29,31015.26,27650.77,PAGADO,completo
PG00005817,C003483,2024-12-27,2024-12-29,2025-01-10,33124.13,22161.31,PAGADO,parcial
PG00005818,C003483,2025-01-10,2025-01-14,2025-01-24,12301.02,23263.84,PAGADO,parcial
PG00005819,C700091,2024-03-22,2024-03-25,2024-03-29,175885.33,356956.37,PAGADO,completo
PG00005820,C700091,2024-04-20,2024-04-23,2024-05-12,690626.55,509555.51,PAGADO,completo
PG00005821,C001458,2026-02-10,2026-02-15,2026-02-18,119753.67,119753.67,PAGADO,parcial
PG00005822,C003097,2026-03-26,2026-04-01,2026-04-19,31536.72,14215.27,PAGADO,completo
PG00005823,C003097,2026-05-05,2026-05-10,2026-05-28,22134.35,39455.8,PAGADO,completo
PG00005824,C900187,2024-10-15,2024-10-21,2024-11-06,77742.06,33623.56,PAGADO,completo
PG00005825,C900187,2024-09-26,2024-09-28,2024-10-02,24516.12,29576.3,PAGADO,completo
PG00005826,C900187,2024-11-03,2024-11-13,2024-11-16,8867.66,47925.98,PAGADO,completo
PG00005827,C002762,2025-08-18,2025-08-26,2025-08-28,65695.77,65695.77,PAGADO,completo
PG00005828,C000846,2026-06-16,2026-06-17,2026-06-21,5272.15,969.47,PAGADO,completo
PG00005829,C000846,2026-07-02,2026-07-10,2026-07-18,15023.23,3543.75,PAGADO,completo
PG00005830,C000846,2026-06-22,2026-06-30,2026-07-04,16433.46,32215.62,PAGADO,completo
PG00005831,C000193,2025-02-14,2025-02-19,2025-02-21,75705.64,75705.64,PAGADO,completo
PG00005832,C001464,2024-06-29,2024-07-03,2024-07-15,29578.67,29578.67,PAGADO,completo
PG00005833,C002621,2025-12-18,2025-12-20,2026-01-05,26104.26,3256.65,PAGADO,completo
PG00005834,C002621,2025-12-01,2025-12-08,2025-12-17,22349.55,4653.65,PAGADO,completo
PG00005835,C002621,2026-01-12,2026-01-13,2026-01-28,6174.35,46717.86,PAGADO,completo
PG00005836,C000946,2024-10-22,2024-11-01,2024-11-20,14126.64,24826.07,PAGADO,completo
PG00005837,C000946,2024-11-24,2024-11-28,2024-12-18,20692.38,9992.95,PAGADO,completo
PG00005838,C002021,2024-03-13,2024-03-22,2024-04-04,3145.1,4308.51,PAGADO,completo
PG00005839,C002021,2024-04-18,2024-04-22,2024-04-24,7867.59,1222.15,PAGADO,completo
PG00005840,C002021,2024-04-16,2024-04-17,2024-04-19,10380.08,15862.11,PAGADO,completo
PG00005841,C002551,2026-01-18,2026-01-24,2026-02-05,17510.93,23434.95,PAGADO,parcial
PG00005842,C002551,2026-02-16,2026-02-24,2026-03-15,16414.45,10490.43,PAGADO,parcial
PG00005843,C001629,2024-04-12,2024-04-22,2024-04-24,24829.7,26911.74,PAGADO,completo
PG00005844,C001629,2024-05-28,2024-06-05,2024-06-13,53626.43,51544.39,PAGADO,completo
PG00005845,C002928,2025-05-25,2025-05-26,2025-06-12,2394.03,4506.49,PAGADO,completo
PG00005846,C002928,2025-05-12,2025-05-17,2025-05-17,1931.67,6489.51,PAGADO,completo
PG00005847,C002928,2025-06-07,2025-06-13,2025-06-17,8492.51,1822.21,PAGADO,completo
PG00005848,C000117,2025-09-03,2025-09-08,2025-09-28,4945.16,4945.16,PAGADO,parcial
PG00005849,C000645,2023-02-12,2023-02-18,2023-02-23,5907.18,6590.08,PAGADO,parcial
PG00005850,C000645,2023-02-23,2023-03-03,2023-03-11,4816.16,4133.26,PAGADO,parcial
PG00005851,C001870,2025-01-05,2025-01-15,2025-02-04,11050.89,7095.54,PAGADO,parcial
PG00005852,C001870,2025-02-13,2025-02-17,2025-03-07,4429.19,8384.54,PAGADO,parcial
PG00005853,C000003,2026-06-06,2026-06-12,2026-07-02,113998.3,113998.3,PAGADO,completo
PG00005854,C000074,2024-09-03,2024-09-07,2024-09-15,502676.0,502676.0,PAGADO,parcial
PG00005855,C001755,2026-01-12,2026-01-17,2026-01-31,47090.37,37601.97,PAGADO,completo
PG00005856,C001755,2026-01-03,2026-01-08,2026-01-18,41826.63,51315.03,PAGADO,completo
PG00005857,C000467,2024-10-13,2024-10-20,2024-10-21,79006.83,79006.83,PAGADO,completo
PG00005858,C000005,2025-07-25,2025-08-04,2025-08-04,29937.25,15895.39,PAGADO,completo
PG00005859,C000005,2025-07-31,2025-08-07,2025-08-08,31799.3,45841.16,PAGADO,completo
PG00005860,C001246,2023-02-27,2023-03-02,2023-03-02,3755.18,2906.1,PAGADO,completo
PG00005861,C001246,2023-03-05,2023-03-09,2023-03-11,7331.76,8180.84,PAGADO,completo
PG00005862,C000919,2024-02-20,2024-02-24,2024-03-13,56716.04,53709.04,PAGADO,completo
PG00005863,C000919,2024-02-17,2024-02-24,2024-03-04,25597.53,28604.53,PAGADO,completo
PG00005864,C002595,2026-05-16,2026-05-25,,41641.26,0.0,PENDIENTE,pendiente
PG00005865,C000228,2023-08-31,2023-09-10,2023-09-29,80422.87,60081.61,PAGADO,completo
PG00005866,C000228,2023-08-28,2023-09-02,2023-09-12,10473.19,30814.45,PAGADO,completo
PG00005867,C001063,2026-05-16,2026-05-22,2026-05-31,81810.6,141497.28,PAGADO,parcial
PG00005868,C001063,2026-06-08,2026-06-14,2026-06-27,87968.59,28281.91,PAGADO,parcial
PG00005869,C002590,2024-04-12,2024-04-19,2024-07-05,162375.87,162375.87,PAGADO,demorado
PG00005870,C000242,2025-10-21,2025-10-27,2026-01-30,282626.11,282626.11,PAGADO,demorado
PG00005871,C002946,2026-03-06,2026-03-13,2026-03-14,170689.3,24671.84,PAGADO,completo
PG00005872,C002946,2026-03-13,2026-03-14,2026-04-01,190805.33,336822.79,PAGADO,completo
PG00005873,C003410,2023-03-03,2023-03-12,2023-03-12,22918.89,26367.27,PAGADO,completo
PG00005874,C003410,2023-03-14,2023-03-18,2023-03-18,14630.52,12597.17,PAGADO,completo
PG00005875,C003410,2023-04-19,2023-04-20,2023-05-01,41648.68,40233.65,PAGADO,completo
PG00005876,C001160,2025-09-02,2025-09-06,2025-12-06,54335.92,54335.92,PAGADO,demorado
PG00005877,C003488,2023-07-08,2023-07-11,2023-07-25,312355.83,158339.05,PAGADO,completo
PG00005878,C003488,2023-07-23,2023-08-02,2023-08-09,111491.3,265508.08,PAGADO,completo
PG00005879,C700278,2024-06-07,2024-06-11,2024-08-13,668741.3,668741.3,PAGADO,demorado
PG00005880,C750075,2025-02-10,2025-02-16,2025-02-25,35414.76,134649.8,PAGADO,completo
PG00005881,C750075,2025-03-02,2025-03-11,2025-03-17,174345.27,75110.23,PAGADO,completo
PG00005882,C002890,2025-09-25,2025-09-25,2025-10-05,20019.04,7834.09,PAGADO,completo
PG00005883,C002890,2025-10-10,2025-10-14,2025-10-23,42250.22,21945.08,PAGADO,completo
PG00005884,C002890,2025-11-14,2025-11-19,2025-12-09,30234.57,62724.66,PAGADO,completo
PG00005885,C002563,2024-02-05,2024-02-12,2024-05-19,30980.91,30980.91,PAGADO,demorado
PG00005886,C002671,2024-12-31,2025-01-02,2025-01-17,11279.22,15470.33,PAGADO,completo
PG00005887,C002671,2025-01-02,2025-01-06,2025-01-16,7301.14,21550.23,PAGADO,completo
PG00005888,C002671,2025-01-19,2025-01-25,2025-02-07,26408.05,7967.85,PAGADO,completo
PG00005889,C001526,2023-12-07,2023-12-10,2023-12-15,10362.15,33370.63,PAGADO,completo
PG00005890,C001526,2023-12-23,2023-12-27,2023-12-28,26208.72,9565.49,PAGADO,completo
PG00005891,C001526,2024-01-13,2024-01-23,2024-01-23,19835.17,13469.92,PAGADO,completo
PG00005892,C001605,2026-04-14,2026-04-18,2026-04-18,165323.97,165323.97,PAGADO,completo
PG00005893,C900268,2024-04-16,2024-04-24,2024-07-23,595417.72,595417.72,PAGADO,demorado
PG00005894,C002324,2024-07-02,2024-07-02,2024-07-09,27308.88,123732.51,PAGADO,completo
PG00005895,C002324,2024-08-08,2024-08-10,2024-08-27,110156.64,13733.01,PAGADO,completo
PG00005896,C002709,2023-05-25,2023-05-26,2023-06-11,46814.61,66709.87,PAGADO,completo
PG00005897,C002709,2023-06-04,2023-06-13,2023-06-30,86682.24,1333.26,PAGADO,completo
PG00005898,C002709,2023-07-11,2023-07-11,2023-07-27,23713.7,89167.42,PAGADO,completo
PG00005899,C700100,2025-02-03,2025-02-12,2025-05-30,118681.12,113571.79,PAGADO,demorado
PG00005900,C700100,2025-03-18,2025-03-27,2025-07-12,117286.79,122396.12,PAGADO,demorado
PG00005901,C750042,2024-05-29,2024-06-06,2024-06-17,54893.63,54893.63,PAGADO,completo
PG00005902,C001989,2024-03-24,2024-04-01,2024-04-07,258465.46,258465.46,PAGADO,completo
PG00005903,C700014,2026-01-03,2026-01-11,2026-01-13,47646.48,64191.43,PAGADO,completo
PG00005904,C700014,2026-01-24,2026-01-28,2026-02-09,135372.87,58753.02,PAGADO,completo
PG00005905,C700014,2026-02-05,2026-02-05,2026-02-22,44042.48,104117.38,PAGADO,completo
PG00005906,C002362,2025-11-04,2025-11-04,2026-01-10,28307.15,21633.93,PAGADO,demorado
PG00005907,C002362,2025-11-14,2025-11-24,2026-02-08,8043.62,14716.84,PAGADO,demorado
PG00005908,C001975,2026-03-02,2026-03-04,2026-03-24,85044.77,85044.77,PAGADO,completo
PG00005909,C001761,2023-06-20,2023-06-21,2023-06-28,23199.67,53728.39,PAGADO,completo
PG00005910,C001761,2023-07-11,2023-07-13,2023-07-31,36254.05,5725.33,PAGADO,completo
PG00005911,C001305,2024-11-04,2024-11-12,2024-11-14,116869.97,100161.52,PAGADO,completo
PG00005912,C001305,2024-12-24,2025-01-01,2025-01-05,68860.42,85568.87,PAGADO,completo
PG00005913,C002739,2023-02-22,2023-02-22,2023-02-23,16473.91,9862.88,PAGADO,completo
PG00005914,C002739,2023-03-24,2023-03-30,2023-04-02,19457.3,15214.13,PAGADO,completo
PG00005915,C002739,2023-04-15,2023-04-24,2023-05-01,12508.98,23363.18,PAGADO,completo
PG00005916,C001541,2026-05-01,2026-05-03,,17050.05,0.0,PENDIENTE,pendiente
PG00005917,C900040,2024-09-07,2024-09-17,2024-09-29,255195.31,198627.42,PAGADO,completo
PG00005918,C900040,2024-09-23,2024-10-02,2024-10-18,79955.81,136523.7,PAGADO,completo
PG00005919,C002472,2023-04-11,2023-04-19,2023-04-30,249130.28,249130.28,PAGADO,parcial
PG00005920,C002642,2026-04-10,2026-04-11,2026-04-11,6770.11,10710.27,PAGADO,completo
PG00005921,C002642,2026-04-20,2026-04-21,2026-05-08,7167.59,3227.43,PAGADO,completo
PG00005922,C002795,2025-03-29,2025-03-29,2025-04-06,10544.05,3067.13,PAGADO,completo
PG00005923,C002795,2025-04-19,2025-04-25,2025-05-12,21489.19,85294.74,PAGADO,completo
PG00005924,C002795,2025-05-05,2025-05-13,2025-05-23,77053.7,20725.07,PAGADO,completo
PG00005925,C000622,2023-12-12,2023-12-21,2024-01-08,62391.23,62391.23,PAGADO,completo
PG00005926,C003460,2025-12-12,2025-12-16,2025-12-30,393785.36,393785.36,PAGADO,completo
PG00005927,C001493,2024-12-02,2024-12-07,2024-12-20,30937.92,29500.63,PAGADO,completo
PG00005928,C001493,2024-11-26,2024-12-01,2024-12-07,12315.89,13753.18,PAGADO,completo
PG00005929,C000110,2024-12-29,2024-12-30,2025-03-07,787.37,9023.68,PAGADO,demorado
PG00005930,C000110,2025-01-12,2025-01-22,2025-03-30,10089.0,1852.69,PAGADO,demorado
PG00005931,C002275,2025-09-14,2025-09-22,2025-10-05,32377.69,28541.17,PAGADO,completo
PG00005932,C002275,2025-10-20,2025-10-27,2025-11-09,4374.17,8210.69,PAGADO,completo
PG00005933,C003390,2026-03-19,2026-03-29,2026-06-08,13915.69,13915.69,PAGADO,demorado
PG00005934,C001169,2023-07-05,2023-07-10,2023-07-12,96790.86,96790.86,PAGADO,completo
PG00005935,C700185,2025-10-20,2025-10-20,2025-11-09,24687.07,40740.61,PAGADO,completo
PG00005936,C700185,2025-10-30,2025-11-02,2025-11-06,100487.1,24591.15,PAGADO,completo
PG00005937,C700185,2025-11-08,2025-11-18,2025-11-19,84068.06,143910.47,PAGADO,completo
PG00005938,C000232,2023-02-14,2023-02-23,,14693.59,0.0,PENDIENTE,pendiente
PG00005939,C000066,2025-03-14,2025-03-15,2025-06-12,72065.14,72065.14,PAGADO,demorado
PG00005940,C900195,2026-07-18,2026-07-18,2026-08-03,125182.83,125699.5,PAGADO,completo
PG00005941,C900195,2026-08-07,2026-08-07,2026-08-07,41819.61,42790.31,PAGADO,completo
PG00005942,C900195,2026-08-07,2026-08-07,2026-08-07,11047.58,9560.21,PAGADO,completo
PG00005943,C002072,2025-03-29,2025-03-31,2025-05-17,35478.5,3042.85,PAGADO,demorado
PG00005944,C002072,2025-04-11,2025-04-19,2025-06-09,24781.28,57216.93,PAGADO,demorado
PG00005945,C003283,2024-02-26,2024-03-07,2024-03-12,11638.88,11638.88,PAGADO,completo
PG00005946,C002192,2026-01-02,2026-01-03,2026-01-12,152801.1,200468.77,PAGADO,completo
PG00005947,C002192,2026-01-20,2026-01-28,2026-01-31,187485.14,139817.47,PAGADO,completo
PG00005948,C000536,2024-09-06,2024-09-16,2024-09-21,12150.62,29597.15,PAGADO,completo
PG00005949,C000536,2024-09-07,2024-09-08,2024-09-21,47821.36,22923.59,PAGADO,completo
PG00005950,C000536,2024-09-29,2024-10-04,2024-10-16,16500.17,23951.41,PAGADO,completo
PG00005951,C002859,2023-09-22,2023-09-26,2023-10-08,6022.21,22325.34,PAGADO,completo
PG00005952,C002859,2023-10-14,2023-10-17,2023-10-26,23426.74,12377.89,PAGADO,completo
PG00005953,C002859,2023-10-07,2023-10-17,2023-10-21,41042.85,35788.57,PAGADO,completo
PG00005954,C000125,2026-05-03,2026-05-12,2026-05-29,7236.99,3840.39,PAGADO,completo
PG00005955,C000125,2026-05-30,2026-06-09,2026-06-13,12307.8,15704.4,PAGADO,completo
PG00005956,C002133,2025-02-17,2025-02-24,2025-05-03,209311.51,253847.93,PAGADO,demorado
PG00005957,C002133,2025-04-17,2025-04-17,2025-07-12,162349.74,117813.32,PAGADO,demorado
PG00005958,C001254,2023-07-29,2023-08-03,2023-08-03,42947.68,42947.68,PAGADO,completo
PG00005959,C700225,2024-05-01,2024-05-07,2024-05-20,645748.99,645748.99,PAGADO,completo
PG00005960,C001976,2026-07-27,2026-07-27,2026-07-30,8556.19,72690.15,PAGADO,completo
PG00005961,C001976,2026-08-07,2026-08-07,2026-08-07,36785.11,11791.4,PAGADO,completo
PG00005962,C001976,2026-08-07,2026-08-07,2026-08-07,56521.63,17381.38,PAGADO,completo
PG00005963,C700186,2025-08-08,2025-08-10,2025-08-17,98542.3,130574.91,PAGADO,completo
PG00005964,C700186,2025-08-27,2025-08-29,2025-09-13,66668.68,34636.07,PAGADO,completo
PG00005965,C003476,2024-04-12,2024-04-14,2024-05-04,17801.81,28407.65,PAGADO,parcial
PG00005966,C003476,2024-04-05,2024-04-12,2024-04-25,24465.77,13859.93,PAGADO,parcial
PG00005967,C002075,2023-08-27,2023-08-29,2023-09-13,28496.36,8843.82,PAGADO,completo
PG00005968,C002075,2023-08-16,2023-08-21,2023-09-10,47209.28,66861.82,PAGADO,completo
PG00005969,C000484,2024-01-08,2024-01-18,2024-01-27,44165.52,38680.38,PAGADO,parcial
PG00005970,C000484,2024-02-22,2024-03-02,2024-03-14,7146.17,12631.31,PAGADO,parcial
PG00005971,C001654,2024-02-28,2024-03-01,2024-05-23,13611.5,13611.5,PAGADO,demorado
PG00005972,C900149,2024-05-25,2024-05-28,2024-06-09,161163.32,365271.56,PAGADO,completo
PG00005973,C900149,2024-05-31,2024-06-02,2024-06-18,422202.3,218094.06,PAGADO,completo
PG00005974,C003086,2025-10-15,2025-10-15,2025-10-25,182264.75,182264.75,PAGADO,completo
PG00005975,C003391,2024-12-04,2024-12-07,2024-12-17,15230.64,41379.84,PAGADO,completo
PG00005976,C003391,2024-11-26,2024-12-06,2024-12-06,32530.85,6381.65,PAGADO,completo
PG00005977,C700242,2025-12-31,2026-01-10,2026-01-18,343456.64,87440.83,PAGADO,completo
PG00005978,C700242,2025-12-29,2025-12-30,2026-01-19,67305.43,309588.3,PAGADO,completo
PG00005979,C700242,2026-01-18,2026-01-18,2026-01-26,133083.76,146816.7,PAGADO,completo
PG00005980,C003426,2026-02-21,2026-02-23,2026-03-13,71504.75,71504.75,PAGADO,parcial
PG00005981,C700125,2025-10-27,2025-10-31,2025-11-14,39867.11,117881.67,PAGADO,completo
PG00005982,C700125,2025-10-29,2025-11-04,2025-11-05,153175.2,75160.64,PAGADO,completo
PG00005983,C001774,2024-07-02,2024-07-08,2024-07-11,5947.29,8428.62,PAGADO,completo
PG00005984,C001774,2024-08-08,2024-08-13,2024-08-17,5694.78,3213.45,PAGADO,completo
PG00005985,C002410,2024-03-16,2024-03-21,2024-04-06,23461.35,86241.08,PAGADO,parcial
PG00005986,C002410,2024-04-07,2024-04-15,2024-04-24,71331.23,8551.5,PAGADO,parcial
PG00005987,C900174,2024-02-23,2024-03-02,2024-03-06,270156.53,270156.53,PAGADO,completo
PG00005988,C000918,2023-05-04,2023-05-06,2023-05-08,7068.86,16538.14,PAGADO,completo
PG00005989,C000918,2023-05-06,2023-05-06,2023-05-25,18698.59,9229.31,PAGADO,completo
PG00005990,C001646,2025-06-19,2025-06-29,2025-07-11,92302.01,58698.13,PAGADO,completo
PG00005991,C001646,2025-06-07,2025-06-09,2025-06-15,60992.95,117968.88,PAGADO,completo
PG00005992,C001646,2025-07-28,2025-08-07,2025-08-23,77507.63,54135.58,PAGADO,completo
PG00005993,C001026,2025-01-10,2025-01-16,2025-01-23,105553.23,105553.23,PAGADO,completo
PG00005994,C001030,2025-06-29,2025-07-07,2025-07-16,7961.66,8961.51,PAGADO,completo
PG00005995,C001030,2025-07-13,2025-07-19,2025-08-06,12060.73,11060.88,PAGADO,completo
PG00005996,C000882,2023-07-15,2023-07-18,2023-07-22,22719.76,22719.76,PAGADO,parcial
PG00005997,C001335,2024-07-03,2024-07-10,2024-07-25,29755.65,83991.51,PAGADO,parcial
PG00005998,C001335,2024-08-01,2024-08-06,2024-08-25,74938.16,20702.3,PAGADO,parcial
PG00005999,C002746,2025-02-27,2025-03-07,2025-03-20,27293.6,27293.6,PAGADO,completo
PG00006000,C750041,2024-05-30,2024-06-09,2024-06-16,26359.51,77509.43,PAGADO,completo
PG00006001,C750041,2024-06-30,2024-07-08,2024-07-10,71248.92,51227.98,PAGADO,completo
PG00006002,C750041,2024-07-21,2024-07-26,2024-08-07,54993.93,23864.95,PAGADO,completo
PG00006003,C002713,2025-04-14,2025-04-17,2025-04-27,27903.41,3458.03,PAGADO,completo
PG00006004,C002713,2025-05-06,2025-05-15,2025-05-17,41675.19,44596.85,PAGADO,completo
PG00006005,C002713,2025-06-04,2025-06-07,2025-06-27,25170.72,46694.44,PAGADO,completo
PG00006006,C000364,2024-11-04,2024-11-08,2024-11-14,80572.76,80572.76,PAGADO,completo
PG00006007,C003287,2025-05-16,2025-05-21,2025-05-28,21424.59,21424.59,PAGADO,completo
PG00006008,C002125,2023-04-02,2023-04-03,2023-04-14,6007.64,12946.83,PAGADO,completo
PG00006009,C002125,2023-04-12,2023-04-12,2023-04-20,8666.63,1727.44,PAGADO,completo
PG00006010,C000027,2024-07-31,2024-08-04,2024-08-23,43108.47,43108.47,PAGADO,completo
PG00006011,C000473,2025-01-18,2025-01-19,2025-01-24,83449.38,83449.38,PAGADO,completo
PG00006012,C000525,2024-05-21,2024-05-29,2024-05-31,53405.97,53405.97,PAGADO,completo
PG00006013,C000725,2026-03-02,2026-03-06,2026-03-20,23284.39,13231.26,PAGADO,completo
PG00006014,C000725,2026-04-08,2026-04-10,2026-04-14,2403.53,4231.61,PAGADO,completo
PG00006015,C000725,2026-04-15,2026-04-18,2026-04-26,16709.51,24934.56,PAGADO,completo
PG00006016,C000055,2023-07-25,2023-07-30,2023-08-07,11882.48,4954.33,PAGADO,completo
PG00006017,C000055,2023-09-16,2023-09-24,2023-10-02,12751.11,19679.26,PAGADO,completo
PG00006018,C000638,2024-06-08,2024-06-14,2024-06-23,82289.49,82289.49,PAGADO,completo
PG00006019,C000302,2023-11-01,2023-11-02,2023-11-02,42854.37,74216.21,PAGADO,completo
PG00006020,C000302,2023-12-03,2023-12-08,2023-12-24,40452.8,9090.96,PAGADO,completo
PG00006021,C002766,2024-08-15,2024-08-25,2024-08-28,26145.08,23036.5,PAGADO,completo
PG00006022,C002766,2024-08-06,2024-08-11,2024-08-27,8441.66,11550.24,PAGADO,completo
PG00006023,C900047,2026-06-28,2026-07-01,2026-07-03,459803.53,459803.53,PAGADO,completo
PG00006024,C001276,2024-03-13,2024-03-14,2024-03-19,15559.1,19614.44,PAGADO,completo
PG00006025,C001276,2024-03-29,2024-04-08,2024-04-28,9465.51,5410.17,PAGADO,completo
PG00006026,C900086,2025-04-12,2025-04-13,2025-04-18,63654.72,301145.17,PAGADO,completo
PG00006027,C900086,2025-05-21,2025-05-26,2025-06-11,342527.82,105037.37,PAGADO,completo
PG00006028,C000624,2026-02-25,2026-02-27,2026-03-19,85593.53,85593.53,PAGADO,completo
PG00006029,C002055,2025-01-14,2025-01-22,2025-01-24,152932.71,94655.38,PAGADO,completo
PG00006030,C002055,2025-01-13,2025-01-17,2025-01-30,28556.34,86833.67,PAGADO,completo
PG00006031,C001280,2025-07-27,2025-08-04,2025-10-05,24410.19,36455.02,PAGADO,demorado
PG00006032,C001280,2025-08-02,2025-08-07,2025-10-14,32296.75,20251.92,PAGADO,demorado
PG00006033,C002851,2025-01-03,2025-01-10,2025-01-15,5961.91,24875.82,PAGADO,completo
PG00006034,C002851,2025-01-23,2025-02-02,2025-02-12,14847.49,12909.84,PAGADO,completo
PG00006035,C002851,2025-03-12,2025-03-16,2025-04-04,44702.59,27726.33,PAGADO,completo
PG00006036,C001049,2023-08-14,2023-08-19,2023-09-08,29592.65,31539.62,PAGADO,completo
PG00006037,C001049,2023-08-19,2023-08-26,2023-09-13,170327.47,168380.5,PAGADO,completo
PG00006038,C000336,2025-10-16,2025-10-22,2025-10-30,41744.86,85157.68,PAGADO,sobrepago_senal
PG00006039,C000336,2025-11-25,2025-11-29,2025-12-08,182269.76,138856.94,PAGADO,sobrepago_senal
PG00006040,C000047,2025-06-25,2025-06-26,2025-07-03,35552.39,10332.43,PAGADO,parcial
PG00006041,C000047,2025-07-01,2025-07-01,2025-07-05,16710.58,41930.54,PAGADO,parcial
PG00006042,C002878,2025-04-11,2025-04-13,2025-04-15,33356.96,112036.31,PAGADO,completo
PG00006043,C002878,2025-05-06,2025-05-11,2025-05-28,97886.78,48976.07,PAGADO,completo
PG00006044,C002878,2025-04-27,2025-04-27,2025-05-08,112011.28,82242.64,PAGADO,completo
PG00006045,C000106,2023-04-27,2023-05-02,2023-05-16,6732.52,4997.58,PAGADO,completo
PG00006046,C000106,2023-04-16,2023-04-21,2023-04-26,2578.81,2495.11,PAGADO,completo
PG00006047,C000106,2023-05-31,2023-06-08,2023-06-17,1296.3,3114.94,PAGADO,completo
PG00006048,C002397,2026-04-13,2026-04-13,2026-04-27,157573.53,197201.33,PAGADO,completo
PG00006049,C002397,2026-05-17,2026-05-24,2026-06-01,81003.36,41375.56,PAGADO,completo
PG00006050,C001079,2025-07-23,2025-07-26,2025-08-11,26338.27,26338.27,PAGADO,sobrepago_senal
PG00006051,C002286,2023-06-30,2023-07-04,2023-07-19,47429.95,8707.74,PAGADO,completo
PG00006052,C002286,2023-08-05,2023-08-14,2023-09-01,41773.27,6814.83,PAGADO,completo
PG00006053,C002286,2023-08-06,2023-08-11,2023-08-18,47777.47,121458.12,PAGADO,completo
PG00006054,C002261,2025-09-30,2025-10-01,2025-10-03,12972.18,13074.63,PAGADO,completo
PG00006055,C002261,2025-10-04,2025-10-05,2025-10-06,4224.33,4121.88,PAGADO,completo
PG00006056,C001144,2023-03-02,2023-03-06,2023-03-13,56369.63,56369.63,PAGADO,completo
PG00006057,C700075,2025-12-11,2025-12-11,2025-12-12,373814.0,64755.5,PAGADO,completo
PG00006058,C700075,2025-12-21,2025-12-31,2026-01-19,360627.49,669685.99,PAGADO,completo
PG00006059,C002296,2024-12-11,2024-12-14,2024-12-27,46799.46,46799.46,PAGADO,completo
PG00006060,C002841,2024-02-29,2024-03-07,2024-03-07,66819.99,98999.81,PAGADO,completo
PG00006061,C002841,2024-03-10,2024-03-18,2024-03-27,37803.33,124739.91,PAGADO,completo
PG00006062,C002841,2024-04-18,2024-04-24,2024-05-09,133462.09,14345.69,PAGADO,completo
PG00006063,C003144,2025-02-13,2025-02-18,2025-03-02,12879.9,13977.42,PAGADO,completo
PG00006064,C003144,2025-02-13,2025-02-15,2025-02-16,14540.79,15785.79,PAGADO,completo
PG00006065,C003144,2025-03-17,2025-03-25,2025-04-14,23753.86,21411.34,PAGADO,completo
PG00006066,C001836,2025-11-06,2025-11-14,2025-11-26,27581.55,30072.38,PAGADO,completo
PG00006067,C001836,2025-11-29,2025-12-08,2025-12-18,58934.63,56443.8,PAGADO,completo
PG00006068,C001753,2025-01-29,2025-02-02,2025-02-08,50673.88,49033.08,PAGADO,completo
PG00006069,C001753,2025-03-21,2025-03-28,2025-04-15,28072.57,29713.37,PAGADO,completo
PG00006070,C001101,2024-04-13,2024-04-15,2024-04-25,16100.23,8889.57,PAGADO,completo
PG00006071,C001101,2024-04-22,2024-05-01,2024-05-14,23636.32,18200.15,PAGADO,completo
PG00006072,C001101,2024-05-28,2024-06-03,2024-06-19,16323.08,28969.91,PAGADO,completo
PG00006073,C001968,2025-09-27,2025-10-05,2025-10-10,4242.6,5228.68,PAGADO,completo
PG00006074,C001968,2025-09-13,2025-09-23,2025-09-29,14687.26,13701.18,PAGADO,completo
PG00006075,C900255,2025-03-09,2025-03-12,2025-03-20,295402.55,295402.55,PAGADO,completo
PG00006076,C003117,2024-02-04,2024-02-13,2024-02-29,23938.62,17348.14,PAGADO,sobrepago_senal
PG00006077,C003117,2024-02-22,2024-02-23,2024-03-07,4721.52,11312.0,PAGADO,sobrepago_senal
PG00006078,C002393,2025-08-11,2025-08-15,2025-09-03,21646.03,13714.6,PAGADO,completo
PG00006079,C002393,2025-08-12,2025-08-14,2025-08-25,25865.99,23471.08,PAGADO,completo
PG00006080,C002393,2025-09-16,2025-09-21,2025-09-28,25204.59,35530.93,PAGADO,completo
PG00006081,C000523,2025-12-23,2025-12-24,2026-01-08,7850.88,7850.88,PAGADO,completo
PG00006082,C002280,2026-05-10,2026-05-12,2026-05-27,15476.03,20613.1,PAGADO,completo
PG00006083,C002280,2026-05-19,2026-05-24,2026-06-11,40612.87,35475.8,PAGADO,completo
PG00006084,C002692,2023-08-12,2023-08-16,2023-09-03,30144.36,30144.36,PAGADO,completo
PG00006085,C002885,2026-04-28,2026-05-07,2026-05-22,447720.92,447720.92,PAGADO,completo
PG00006086,C001428,2025-03-26,2025-04-02,2025-06-12,347357.89,347357.89,PAGADO,demorado
PG00006087,C002581,2024-12-11,2024-12-19,2025-01-01,5197.31,14089.95,PAGADO,completo
PG00006088,C002581,2024-12-08,2024-12-09,2024-12-18,16018.37,3089.07,PAGADO,completo
PG00006089,C002581,2025-01-04,2025-01-14,2025-02-01,12681.51,16718.17,PAGADO,completo
PG00006090,C900046,2025-01-27,2025-02-04,2025-02-06,16472.28,69574.21,PAGADO,parcial
PG00006091,C900046,2025-02-24,2025-02-26,2025-03-02,102397.03,49295.1,PAGADO,parcial
PG00006092,C000603,2025-07-03,2025-07-03,2025-07-16,8566.36,11809.7,PAGADO,completo
PG00006093,C000603,2025-07-25,2025-07-30,2025-08-18,9548.36,4062.16,PAGADO,completo
PG00006094,C000603,2025-08-16,2025-08-18,2025-09-07,3235.09,5477.95,PAGADO,completo
PG00006095,C001489,2026-01-08,2026-01-10,2026-01-23,34034.65,53434.86,PAGADO,parcial
PG00006096,C001489,2026-01-15,2026-01-19,2026-01-25,61792.15,42391.94,PAGADO,parcial
PG00006097,C700013,2024-04-13,2024-04-15,2024-05-02,204596.59,143660.33,PAGADO,completo
PG00006098,C700013,2024-04-26,2024-05-05,2024-05-16,236430.24,414233.94,PAGADO,completo
PG00006099,C700013,2024-06-18,2024-06-21,2024-07-01,155797.58,38930.14,PAGADO,completo
PG00006100,C003122,2025-10-31,2025-11-04,2025-11-17,121004.19,121004.19,PAGADO,completo
PG00006101,C700155,2024-06-15,2024-06-19,2024-07-07,344262.49,344262.49,PAGADO,completo
PG00006102,C000060,2023-12-15,2023-12-18,2023-12-31,125944.94,120247.66,PAGADO,completo
PG00006103,C000060,2024-01-20,2024-01-28,2024-02-02,48126.73,53824.01,PAGADO,completo
PG00006104,C001969,2025-12-04,2025-12-08,2025-12-14,92818.87,92818.87,PAGADO,completo
PG00006105,C000671,2025-03-18,2025-03-22,2025-03-24,11807.8,4316.68,PAGADO,completo
PG00006106,C000671,2025-04-17,2025-04-24,2025-04-25,11407.11,20022.98,PAGADO,completo
PG00006107,C000671,2025-04-10,2025-04-10,2025-04-13,7522.91,6398.16,PAGADO,completo
PG00006108,C000092,2025-05-15,2025-05-15,2025-06-01,18460.44,18460.44,PAGADO,completo
PG00006109,C000666,2023-10-03,2023-10-13,2023-10-14,5804.25,17922.58,PAGADO,completo
PG00006110,C000666,2023-10-03,2023-10-13,2023-10-24,13464.29,1345.96,PAGADO,completo
PG00006111,C003378,2025-11-19,2025-11-26,2025-12-01,121356.55,121356.55,PAGADO,parcial
PG00006112,C001887,2023-12-28,2024-01-02,2024-01-02,7575.17,6585.36,PAGADO,completo
PG00006113,C001887,2024-01-02,2024-01-04,2024-01-17,24870.22,27490.19,PAGADO,completo
PG00006114,C001887,2024-01-22,2024-01-29,2024-02-16,8746.18,7116.02,PAGADO,completo
PG00006115,C003266,2025-12-04,2025-12-07,2026-03-05,79966.3,79966.3,PAGADO,demorado
PG00006116,C000280,2023-10-14,2023-10-20,2023-11-08,77335.38,77335.38,PAGADO,completo
PG00006117,C001719,2023-06-16,2023-06-19,2023-06-20,20943.8,20943.8,PAGADO,parcial
PG00006118,C003405,2025-07-23,2025-07-28,2025-08-12,5477.83,2031.76,PAGADO,completo
PG00006119,C003405,2025-08-09,2025-08-19,2025-09-05,2961.08,6407.15,PAGADO,completo
PG00006120,C000359,2026-07-11,2026-07-18,2026-07-30,31058.54,31058.54,PAGADO,completo
PG00006121,C000899,2025-10-06,2025-10-07,2025-10-20,86875.9,86875.9,PAGADO,parcial
PG00006122,C001935,2024-06-01,2024-06-09,2024-06-25,5899.96,14058.51,PAGADO,completo
PG00006123,C001935,2024-06-18,2024-06-18,2024-06-29,25289.64,17131.09,PAGADO,completo
PG00006124,C001994,2024-12-06,2024-12-16,2024-12-22,17366.08,17366.08,PAGADO,completo
PG00006125,C003458,2024-03-30,2024-04-02,2024-04-22,30862.67,54415.97,PAGADO,completo
PG00006126,C003458,2024-05-14,2024-05-17,2024-05-31,34290.52,39310.52,PAGADO,completo
PG00006127,C003458,2024-06-09,2024-06-18,2024-07-08,31542.14,2968.84,PAGADO,completo
PG00006128,C002895,2025-12-02,2025-12-07,2025-12-20,77199.28,77199.28,PAGADO,completo
PG00006129,C003254,2025-08-19,2025-08-23,2025-09-10,48726.97,48726.97,PAGADO,completo
PG00006130,C000760,2024-10-02,2024-10-11,2024-10-31,68505.63,64768.38,PAGADO,completo
PG00006131,C000760,2024-10-18,2024-10-24,2024-10-29,25181.4,28918.65,PAGADO,completo
PG00006132,C002158,2023-05-20,2023-05-20,2023-05-26,116275.63,116275.63,PAGADO,completo
PG00006133,C900068,2025-12-01,2025-12-02,2025-12-12,34666.81,111488.99,PAGADO,completo
PG00006134,C900068,2025-12-20,2025-12-23,2026-01-07,125118.5,86004.64,PAGADO,completo
PG00006135,C900068,2025-12-31,2026-01-01,2026-01-04,133827.16,96118.84,PAGADO,completo
PG00006136,C000042,2026-04-14,2026-04-16,2026-05-04,87348.08,83520.61,PAGADO,completo
PG00006137,C000042,2026-05-07,2026-05-11,2026-05-17,51951.92,55779.39,PAGADO,completo
PG00006138,C002173,2023-10-04,2023-10-05,2023-10-14,28216.95,10900.09,PAGADO,completo
PG00006139,C002173,2023-11-12,2023-11-21,2023-12-10,31407.1,48723.96,PAGADO,completo
PG00006140,C000204,2024-02-05,2024-02-15,2024-02-17,12175.8,12175.8,PAGADO,completo
PG00006141,C001473,2024-11-13,2024-11-18,,3325.96,0.0,PENDIENTE,pendiente
PG00006142,C002100,2024-12-19,2024-12-25,2025-03-04,33903.72,33903.72,PAGADO,demorado
PG00006143,C002593,2026-02-23,2026-02-23,2026-05-16,25485.89,16594.03,PAGADO,demorado
PG00006144,C002593,2026-03-17,2026-03-26,2026-05-29,71684.95,80576.81,PAGADO,demorado
PG00006145,C000068,2023-06-21,2023-06-29,2023-07-13,65612.41,65612.41,PAGADO,completo
PG00006146,C003414,2025-08-25,2025-08-28,2025-09-13,22364.97,10419.32,PAGADO,completo
PG00006147,C003414,2025-08-31,2025-09-07,2025-09-10,19672.34,22826.24,PAGADO,completo
PG00006148,C003414,2025-09-27,2025-10-04,2025-10-12,8723.52,17515.27,PAGADO,completo
PG00006149,C001875,2023-10-24,2023-10-25,2023-10-29,14213.23,17885.65,PAGADO,completo
PG00006150,C001875,2023-11-23,2023-11-29,2023-12-17,8328.24,4655.82,PAGADO,completo
PG00006151,C002832,2024-11-29,2024-11-30,2024-12-18,7022.27,3999.93,PAGADO,completo
PG00006152,C002832,2024-12-19,2024-12-19,2024-12-23,29874.67,4331.55,PAGADO,completo
PG00006153,C002832,2025-01-03,2025-01-13,2025-01-15,7565.88,36131.34,PAGADO,completo
PG00006154,C700063,2026-03-31,2026-04-03,2026-04-14,243408.33,243408.33,PAGADO,completo
PG00006155,C002231,2023-01-15,2023-01-22,2023-01-30,10284.81,25650.35,PAGADO,completo
PG00006156,C002231,2023-02-23,2023-03-05,2023-03-20,31722.63,16357.09,PAGADO,completo
PG00006157,C000137,2025-02-16,2025-02-18,2025-02-26,248151.19,313450.11,PAGADO,completo
PG00006158,C000137,2025-03-04,2025-03-08,2025-03-26,113183.95,47885.03,PAGADO,completo
PG00006159,C002947,2024-08-02,2024-08-07,2024-08-17,26145.7,26145.7,PAGADO,completo
PG00006160,C000796,2026-02-02,2026-02-05,2026-02-06,6663.88,22955.19,PAGADO,completo
PG00006161,C000796,2026-03-21,2026-03-25,2026-03-27,32305.34,16014.03,PAGADO,completo
PG00006162,C002180,2023-05-31,2023-06-02,2023-06-08,20569.94,6509.01,PAGADO,parcial
PG00006163,C002180,2023-06-27,2023-06-29,2023-07-01,20826.76,34887.69,PAGADO,parcial
PG00006164,C002128,2024-11-13,2024-11-23,2024-12-12,31933.32,4015.79,PAGADO,completo
PG00006165,C002128,2024-12-02,2024-12-08,2024-12-20,4566.78,3510.9,PAGADO,completo
PG00006166,C002128,2024-12-22,2024-12-30,2025-01-12,9448.08,38421.49,PAGADO,completo
PG00006167,C003177,2024-03-08,2024-03-18,2024-03-23,11380.7,13484.11,PAGADO,completo
PG00006168,C003177,2024-04-19,2024-04-23,2024-05-13,9918.13,5816.76,PAGADO,completo
PG00006169,C003177,2024-04-26,2024-04-27,2024-05-01,5428.89,7426.85,PAGADO,completo
PG00006170,C000758,2025-09-05,2025-09-07,2025-11-10,34334.61,17609.78,PAGADO,demorado
PG00006171,C000758,2025-09-19,2025-09-23,2025-12-09,13168.63,29893.46,PAGADO,demorado
PG00006172,C000541,2024-02-13,2024-02-18,2024-02-26,7442.57,7442.57,PAGADO,completo
PG00006173,C001019,2024-08-06,2024-08-14,2024-08-25,3935.88,1539.8,PAGADO,completo
PG00006174,C001019,2024-08-17,2024-08-26,2024-09-03,2067.03,2024.4,PAGADO,completo
PG00006175,C001019,2024-09-14,2024-09-20,2024-10-02,6514.45,8953.16,PAGADO,completo
PG00006176,C003422,2023-02-20,2023-03-02,2023-03-18,20807.6,20807.6,PAGADO,parcial
PG00006177,C003031,2024-05-16,2024-05-24,2024-05-29,21569.98,17160.24,PAGADO,parcial
PG00006178,C003031,2024-06-07,2024-06-15,2024-06-19,19111.72,23521.46,PAGADO,parcial
PG00006179,C000165,2023-10-23,2023-10-25,2023-11-01,493097.25,493097.25,PAGADO,sobrepago_senal
PG00006180,C000248,2024-11-25,2024-12-02,2024-12-18,17455.64,26066.53,PAGADO,completo
PG00006181,C000248,2024-12-11,2024-12-14,2024-12-24,35887.52,27276.63,PAGADO,completo
PG00006182,C001331,2026-05-18,2026-05-26,2026-06-03,43741.72,43741.72,PAGADO,completo
PG00006183,C002017,2024-04-02,2024-04-02,2024-04-16,86617.34,28692.2,PAGADO,completo
PG00006184,C002017,2024-04-22,2024-04-30,2024-05-02,49716.85,155925.76,PAGADO,completo
PG00006185,C002017,2024-05-17,2024-05-17,2024-05-18,112812.09,64528.32,PAGADO,completo
PG00006186,C000446,2023-12-01,2023-12-09,2023-12-11,109321.12,75138.99,PAGADO,completo
PG00006187,C000446,2023-12-16,2023-12-21,2023-12-31,30246.44,64428.57,PAGADO,completo
PG00006188,C002482,2023-07-15,2023-07-24,2023-08-01,50256.56,50256.56,PAGADO,completo
PG00006189,C002906,2026-07-27,2026-07-30,2026-08-02,187288.41,102747.91,PAGADO,parcial
PG00006190,C002906,2026-07-25,2026-08-03,2026-08-07,103950.5,188491.0,PAGADO,parcial
PG00006191,C001358,2023-12-07,2023-12-07,2023-12-21,48327.47,48327.47,PAGADO,completo
PG00006192,C002845,2023-03-04,2023-03-04,2023-03-06,1114195.7,1114195.7,PAGADO,completo
PG00006193,C002145,2025-07-03,2025-07-11,2025-07-27,30266.09,30266.09,PAGADO,completo
PG00006194,C001329,2023-06-05,2023-06-11,2023-06-28,5020.29,5020.29,PAGADO,completo
PG00006195,C002853,2024-04-23,2024-04-24,2024-04-29,49804.58,15300.38,PAGADO,parcial
PG00006196,C002853,2024-05-09,2024-05-11,2024-05-11,20271.73,54775.93,PAGADO,parcial
PG00006197,C002785,2024-02-09,2024-02-17,2024-03-01,22730.16,23639.88,PAGADO,completo
PG00006198,C002785,2024-01-24,2024-01-27,2024-02-13,6033.09,5123.37,PAGADO,completo
PG00006199,C000763,2026-06-24,2026-06-28,2026-07-05,40795.85,40795.85,PAGADO,parcial
PG00006200,C002150,2023-03-20,2023-03-25,2023-03-28,7234.44,6885.65,PAGADO,completo
PG00006201,C002150,2023-04-05,2023-04-14,2023-04-21,21587.89,14477.69,PAGADO,completo
PG00006202,C002150,2023-05-24,2023-05-29,2023-06-02,12613.98,20072.97,PAGADO,completo
PG00006203,C000434,2024-03-29,2024-03-30,2024-04-12,166442.84,166442.84,PAGADO,completo
PG00006204,C002122,2023-06-27,2023-06-28,2023-07-15,79530.5,30944.5,PAGADO,completo
PG00006205,C002122,2023-06-15,2023-06-23,2023-06-23,55594.0,78793.03,PAGADO,completo
PG00006206,C002122,2023-07-16,2023-07-24,2023-08-04,86664.19,112051.16,PAGADO,completo
PG00006207,C000577,2025-10-29,2025-11-03,2025-11-12,121361.93,121361.93,PAGADO,completo
PG00006208,C002900,2025-09-04,2025-09-13,,32472.82,0.0,PENDIENTE,pendiente
PG00006209,C900259,2026-01-22,2026-01-26,2026-02-09,146967.28,190799.75,PAGADO,completo
PG00006210,C900259,2026-03-15,2026-03-15,2026-03-27,238289.91,312381.9,PAGADO,completo
PG00006211,C900259,2026-02-25,2026-03-04,2026-03-19,194964.4,77039.94,PAGADO,completo
PG00006212,C003278,2023-07-09,2023-07-19,2023-10-12,33635.35,13474.06,PAGADO,demorado
PG00006213,C003278,2023-08-02,2023-08-02,2023-11-04,42070.29,62231.58,PAGADO,demorado
PG00006214,C002966,2025-10-13,2025-10-16,2025-10-19,35916.19,36441.82,PAGADO,completo
PG00006215,C002966,2025-11-09,2025-11-17,2025-11-24,5758.88,20821.6,PAGADO,completo
PG00006216,C002966,2025-11-14,2025-11-20,2025-11-25,27748.1,12159.75,PAGADO,completo
PG00006217,C003374,2026-07-29,2026-08-03,2026-08-07,254985.84,254985.84,PAGADO,demorado
PG00006218,C002814,2024-05-20,2024-05-30,2024-06-11,15624.57,15624.57,PAGADO,completo
PG00006219,C900234,2025-09-30,2025-10-05,2025-10-20,404588.44,404588.44,PAGADO,parcial
PG00006220,C002448,2023-09-21,2023-09-21,2023-10-07,67168.33,87534.33,PAGADO,sobrepago_senal
PG00006221,C002448,2023-10-24,2023-11-03,2023-11-09,57092.03,36726.03,PAGADO,sobrepago_senal
PG00006222,C001848,2024-11-07,2024-11-10,2024-11-12,11979.51,8912.99,PAGADO,parcial
PG00006223,C001848,2024-11-23,2024-12-03,2024-12-15,31139.92,34206.44,PAGADO,parcial
PG00006224,C000762,2026-02-03,2026-02-05,2026-02-09,85541.45,85541.45,PAGADO,completo
PG00006225,C003037,2023-10-16,2023-10-17,2023-10-30,10503.43,10503.43,PAGADO,completo
PG00006226,C000388,2024-10-05,2024-10-08,2024-10-13,73016.24,130775.74,PAGADO,completo
PG00006227,C000388,2024-11-01,2024-11-11,2024-11-20,175212.6,117453.1,PAGADO,completo
PG00006228,C000235,2024-04-21,2024-04-30,2024-05-13,62573.24,39508.42,PAGADO,completo
PG00006229,C000235,2024-05-15,2024-05-23,2024-06-05,33254.59,76602.67,PAGADO,completo
PG00006230,C000235,2024-05-29,2024-06-03,2024-06-15,49501.7,29218.44,PAGADO,completo
PG00006231,C900043,2025-01-08,2025-01-14,2025-01-17,309038.14,309038.14,PAGADO,parcial
PG00006232,C001984,2026-07-28,2026-07-31,2026-08-07,149782.59,21541.86,PAGADO,completo
PG00006233,C001984,2026-08-07,2026-08-07,2026-08-07,110773.58,239014.31,PAGADO,completo
PG00006234,C000267,2024-11-22,2024-11-23,2024-12-03,58670.25,65542.92,PAGADO,completo
PG00006235,C000267,2024-11-23,2024-11-27,2024-12-04,90961.16,84088.49,PAGADO,completo
PG00006236,C003377,2025-11-13,2025-11-13,,13254.51,0.0,PENDIENTE,pendiente
PG00006237,C000770,2026-06-23,2026-06-23,2026-08-07,105708.89,105708.89,PAGADO,demorado
PG00006238,C002165,2024-03-19,2024-03-25,2024-05-29,41760.82,41760.82,PAGADO,demorado
PG00006239,C000437,2024-02-22,2024-02-24,,4683.66,0.0,PENDIENTE,pendiente
PG00006240,C000673,2024-11-26,2024-11-26,,78238.02,0.0,PENDIENTE,pendiente
PG00006241,C000249,2025-02-09,2025-02-09,2025-02-15,90178.85,11887.91,PAGADO,parcial
PG00006242,C000249,2025-03-08,2025-03-16,2025-03-28,114890.15,193181.09,PAGADO,parcial
PG00006243,C002201,2026-01-11,2026-01-20,2026-01-31,62561.68,62561.68,PAGADO,parcial
PG00006244,C001574,2026-07-08,2026-07-08,2026-07-18,256779.41,256779.41,PAGADO,parcial
PG00006245,C003143,2024-09-03,2024-09-07,2024-09-24,55253.98,40567.14,PAGADO,parcial
PG00006246,C003143,2024-10-11,2024-10-21,2024-10-22,34508.16,49195.0,PAGADO,parcial
PG00006247,C002142,2026-06-05,2026-06-06,2026-06-14,15099.67,17786.65,PAGADO,completo
PG00006248,C002142,2026-06-25,2026-06-29,2026-06-30,32126.48,2031.13,PAGADO,completo
PG00006249,C002142,2026-07-04,2026-07-04,2026-07-18,12687.41,40095.78,PAGADO,completo
PG00006250,C003419,2023-09-24,2023-09-27,2023-10-08,39153.69,47022.83,PAGADO,completo
PG00006251,C003419,2023-11-13,2023-11-17,2023-11-17,17778.6,9909.46,PAGADO,completo
PG00006252,C002081,2024-06-19,2024-06-24,2024-06-27,28452.44,28452.44,PAGADO,parcial
PG00006253,C900062,2026-04-18,2026-04-20,2026-04-23,206705.76,154131.43,PAGADO,completo
PG00006254,C900062,2026-05-12,2026-05-15,2026-06-04,100582.02,153156.35,PAGADO,completo
PG00006255,C900107,2025-01-21,2025-01-28,2025-02-07,92683.08,315846.24,PAGADO,completo
PG00006256,C900107,2025-02-28,2025-02-28,2025-03-16,114730.21,47972.11,PAGADO,completo
PG00006257,C900107,2025-02-14,2025-02-15,2025-03-02,167791.37,11386.31,PAGADO,completo
PG00006258,C000880,2024-08-03,2024-08-13,2024-08-29,10295.51,44266.63,PAGADO,completo
PG00006259,C000880,2024-07-26,2024-07-27,2024-08-02,46613.09,19868.72,PAGADO,completo
PG00006260,C000880,2024-08-16,2024-08-20,2024-08-21,15958.65,8731.9,PAGADO,completo
PG00006261,C000448,2023-09-23,2023-09-23,2023-10-02,23325.91,23325.91,PAGADO,completo
PG00006262,C001469,2023-12-14,2023-12-18,,48394.84,0.0,PENDIENTE,pendiente
PG00006263,C000716,2024-01-23,2024-01-29,2024-02-01,177629.4,177629.4,PAGADO,completo
PG00006264,C700093,2026-01-24,2026-01-25,2026-01-26,220978.28,464531.21,PAGADO,completo
PG00006265,C700093,2026-02-14,2026-02-20,2026-03-01,325801.58,380056.78,PAGADO,completo
PG00006266,C700093,2026-03-23,2026-04-02,2026-04-02,335460.09,37651.96,PAGADO,completo
PG00006267,C900058,2024-05-28,2024-06-05,2024-06-07,179679.11,114415.58,PAGADO,parcial
PG00006268,C900058,2024-06-26,2024-07-02,2024-07-03,83294.02,148557.55,PAGADO,parcial
PG00006269,C002048,2026-01-03,2026-01-10,2026-01-30,65676.23,65676.23,PAGADO,completo
PG00006270,C001901,2025-11-09,2025-11-17,2025-11-27,22582.64,32226.4,PAGADO,completo
PG00006271,C001901,2025-11-24,2025-11-30,2025-12-18,107852.48,39711.0,PAGADO,completo
PG00006272,C001901,2025-12-05,2025-12-06,2025-12-25,56772.21,115269.93,PAGADO,completo
PG00006273,C700245,2024-11-21,2024-11-21,2025-01-21,113464.39,42786.04,PAGADO,demorado
PG00006274,C700245,2024-12-08,2024-12-18,2025-03-05,210486.87,281165.22,PAGADO,demorado
PG00006275,C003149,2024-11-07,2024-11-12,2024-11-30,149674.32,125294.36,PAGADO,completo
PG00006276,C003149,2024-11-28,2024-12-05,2024-12-07,136014.45,160394.41,PAGADO,completo
PG00006277,C003156,2024-09-16,2024-09-23,2024-10-09,29107.41,30128.51,PAGADO,parcial
PG00006278,C003156,2024-10-19,2024-10-23,2024-11-12,16534.34,15513.24,PAGADO,parcial
PG00006279,C001168,2025-02-01,2025-02-01,2025-02-02,4210.03,1781.33,PAGADO,completo
PG00006280,C001168,2025-03-23,2025-03-25,2025-03-30,19064.39,21493.09,PAGADO,completo
PG00006281,C000082,2026-01-06,2026-01-15,2026-01-24,16096.71,19421.23,PAGADO,completo
PG00006282,C000082,2026-02-16,2026-02-21,2026-03-04,10109.99,6785.47,PAGADO,completo
PG00006283,C700282,2025-09-11,2025-09-16,2025-09-23,296863.05,296863.05,PAGADO,completo
PG00006284,C002724,2023-10-28,2023-11-06,2023-11-12,6939.85,6939.85,PAGADO,completo
PG00006285,C003044,2025-04-16,2025-04-17,2025-04-29,33608.19,33608.19,PAGADO,completo
PG00006286,C003094,2024-08-23,2024-08-25,2024-08-27,5657.23,3360.35,PAGADO,completo
PG00006287,C003094,2024-08-20,2024-08-26,2024-09-15,2267.21,4267.0,PAGADO,completo
PG00006288,C003094,2024-09-28,2024-10-06,2024-10-08,3098.77,3395.86,PAGADO,completo
PG00006289,C001460,2023-02-06,2023-02-13,2023-02-19,36578.02,34654.99,PAGADO,completo
PG00006290,C001460,2023-03-22,2023-03-26,2023-04-08,9665.64,11588.67,PAGADO,completo
PG00006291,C002818,2024-04-10,2024-04-10,2024-04-15,6478.34,4073.93,PAGADO,completo
PG00006292,C002818,2024-04-16,2024-04-19,2024-05-03,11517.38,13921.79,PAGADO,completo
PG00006293,C001893,2026-07-10,2026-07-15,2026-07-15,8274.28,11040.94,PAGADO,completo
PG00006294,C001893,2026-07-18,2026-07-28,2026-08-07,7597.72,4831.06,PAGADO,completo
PG00006295,C001668,2024-08-03,2024-08-10,2024-08-17,67518.77,67518.77,PAGADO,completo
PG00006296,C002756,2024-06-30,2024-07-02,2024-07-09,9684.92,13435.05,PAGADO,completo
PG00006297,C002756,2024-07-03,2024-07-11,2024-07-22,12577.27,8827.14,PAGADO,completo
PG00006298,C002000,2024-01-27,2024-01-31,2024-04-13,20036.17,20036.17,PAGADO,demorado
PG00006299,C000475,2023-12-29,2023-12-30,2024-01-14,107782.95,48909.65,PAGADO,completo
PG00006300,C000475,2024-01-17,2024-01-25,2024-02-12,24059.98,82933.28,PAGADO,completo
PG00006301,C000517,2025-06-18,2025-06-26,2025-07-02,61985.12,38046.07,PAGADO,completo
PG00006302,C000517,2025-07-03,2025-07-06,2025-07-22,73837.38,97776.43,PAGADO,completo
PG00006303,C900023,2024-03-03,2024-03-04,2024-03-11,275439.19,275439.19,PAGADO,parcial
PG00006304,C000404,2025-09-04,2025-09-12,2025-09-17,26241.89,26241.89,PAGADO,parcial
PG00006305,C000384,2025-03-23,2025-03-25,2025-05-16,166724.64,166724.64,PAGADO,demorado
PG00006306,C700142,2026-03-16,2026-03-23,2026-03-31,96479.78,265420.83,PAGADO,completo
PG00006307,C700142,2026-03-12,2026-03-14,2026-04-01,215223.35,46282.3,PAGADO,completo
PG00006308,C700197,2025-06-12,2025-06-15,2025-06-20,17259.71,27077.47,PAGADO,completo
PG00006309,C700197,2025-07-15,2025-07-22,2025-08-04,67971.59,17199.96,PAGADO,completo
PG00006310,C700197,2025-07-16,2025-07-17,2025-08-04,17674.97,58628.84,PAGADO,completo
PG00006311,C002152,2025-10-21,2025-10-30,2025-11-08,36893.11,28874.58,PAGADO,completo
PG00006312,C002152,2025-10-11,2025-10-17,2025-10-25,19525.6,27544.13,PAGADO,completo
PG00006313,C001633,2025-05-25,2025-05-30,2025-06-19,5088.68,15811.99,PAGADO,completo
PG00006314,C001633,2025-07-02,2025-07-05,2025-07-20,40166.49,29443.18,PAGADO,completo
PG00006315,C800012,2025-11-24,2025-11-30,2025-12-13,99875.17,60698.52,PAGADO,completo
PG00006316,C800012,2025-12-07,2025-12-12,2025-12-29,44704.07,53124.89,PAGADO,completo
PG00006317,C800012,2025-12-10,2025-12-14,2025-12-27,57867.05,88622.88,PAGADO,completo
PG00006318,C000688,2024-03-18,2024-03-22,2024-04-11,2621.19,2538.77,PAGADO,completo
PG00006319,C000688,2024-04-14,2024-04-14,2024-04-22,14954.06,10350.75,PAGADO,completo
PG00006320,C000688,2024-04-22,2024-04-28,2024-05-11,8746.86,13432.59,PAGADO,completo
PG00006321,C700156,2024-09-24,2024-09-29,2024-10-15,719233.06,719233.06,PAGADO,completo
PG00006322,C002874,2024-02-25,2024-02-29,2024-03-07,26206.73,28047.0,PAGADO,completo
PG00006323,C002874,2024-02-18,2024-02-19,2024-02-20,23475.34,10485.58,PAGADO,completo
PG00006324,C002874,2024-03-27,2024-04-02,2024-04-10,14242.65,25392.14,PAGADO,completo
PG00006325,C001240,2024-01-10,2024-01-20,2024-02-07,25140.12,11009.47,PAGADO,completo
PG00006326,C001240,2024-02-07,2024-02-13,2024-02-25,4114.15,18244.8,PAGADO,completo
PG00006327,C000062,2023-06-13,2023-06-15,2023-07-03,34815.67,31647.96,PAGADO,completo
PG00006328,C000062,2023-06-28,2023-06-28,2023-07-02,13267.54,34887.92,PAGADO,completo
PG00006329,C000062,2023-07-01,2023-07-10,2023-07-16,22193.14,3740.47,PAGADO,completo
PG00006330,C003353,2025-12-23,2025-12-31,2026-01-01,72212.2,72212.2,PAGADO,completo
PG00006331,C000852,2023-08-01,2023-08-07,2023-08-17,7392.45,3958.4,PAGADO,completo
PG00006332,C000852,2023-08-11,2023-08-17,2023-09-01,4758.04,8192.09,PAGADO,completo
PG00006333,C900238,2025-08-02,2025-08-11,2025-08-19,579268.05,579268.05,PAGADO,completo
PG00006334,C700216,2026-04-17,2026-04-19,2026-04-19,287305.99,88130.47,PAGADO,completo
PG00006335,C700216,2026-05-18,2026-05-22,2026-05-24,229724.67,428900.19,PAGADO,completo
PG00006336,C001262,2023-12-15,2023-12-23,2023-12-30,45751.24,45751.24,PAGADO,completo
PG00006337,C000223,2024-05-24,2024-05-25,2024-06-06,100447.46,79138.13,PAGADO,completo
PG00006338,C000223,2024-07-10,2024-07-13,2024-07-23,124665.65,145036.81,PAGADO,completo
PG00006339,C000223,2024-07-07,2024-07-16,2024-07-20,36063.88,37002.05,PAGADO,completo
PG00006340,C002193,2024-10-26,2024-11-01,2025-01-29,2743.75,2743.75,PAGADO,demorado
PG00006341,C003136,2023-09-19,2023-09-22,2023-10-02,19941.71,19941.71,PAGADO,completo
PG00006342,C000373,2023-11-28,2023-12-02,,13402.57,0.0,PENDIENTE,pendiente
PG00006343,C001824,2025-04-22,2025-04-22,2025-04-28,57393.23,53055.44,PAGADO,completo
PG00006344,C001824,2025-04-12,2025-04-16,2025-05-02,35935.81,40273.6,PAGADO,completo
PG00006345,C750025,2024-02-15,2024-02-15,2024-02-22,124884.23,124884.23,PAGADO,completo
PG00006346,C003190,2025-07-13,2025-07-18,2025-07-30,4471.55,6836.52,PAGADO,parcial
PG00006347,C003190,2025-08-20,2025-08-22,2025-09-03,4751.4,2386.43,PAGADO,parcial
PG00006348,C800016,2025-03-03,2025-03-10,2025-03-26,172463.22,148116.18,PAGADO,parcial
PG00006349,C800016,2025-04-05,2025-04-08,2025-04-16,144842.09,169189.13,PAGADO,parcial
PG00006350,C900029,2026-07-11,2026-07-14,2026-07-27,131719.64,128665.41,PAGADO,completo
PG00006351,C900029,2026-07-03,2026-07-03,2026-07-04,122569.23,125623.46,PAGADO,completo
PG00006352,C003322,2026-02-08,2026-02-12,2026-02-13,12673.09,16105.18,PAGADO,completo
PG00006353,C003322,2026-02-12,2026-02-13,2026-02-26,11251.95,7819.86,PAGADO,completo
PG00006354,C003313,2023-08-31,2023-09-05,2023-09-06,12274.75,17279.96,PAGADO,completo
PG00006355,C003313,2023-09-20,2023-09-27,2023-10-03,45170.71,11242.74,PAGADO,completo
PG00006356,C003313,2023-10-08,2023-10-14,2023-10-22,23357.41,52280.17,PAGADO,completo
PG00006357,C900162,2024-11-23,2024-11-30,2024-12-19,69220.69,202885.55,PAGADO,completo
PG00006358,C900162,2024-12-15,2024-12-18,2024-12-27,250539.12,116874.26,PAGADO,completo
PG00006359,C002871,2023-09-07,2023-09-10,2023-09-15,524.28,1360.19,PAGADO,completo
PG00006360,C002871,2023-09-15,2023-09-18,2023-09-21,14389.24,10792.92,PAGADO,completo
PG00006361,C002871,2023-10-02,2023-10-10,2023-10-15,14534.33,17294.74,PAGADO,completo
PG00006362,C000009,2026-06-16,2026-06-23,2026-07-10,8208.37,18284.85,PAGADO,completo
PG00006363,C000009,2026-06-11,2026-06-16,2026-06-23,17299.87,7223.39,PAGADO,completo
PG00006364,C002497,2023-12-29,2023-12-31,2024-01-13,39193.91,39193.91,PAGADO,completo
PG00006365,C001944,2025-11-21,2025-12-01,,80704.66,0.0,PENDIENTE,pendiente
PG00006366,C001838,2026-06-03,2026-06-03,2026-06-11,16593.41,20297.37,PAGADO,completo
PG00006367,C001838,2026-05-31,2026-06-02,2026-06-12,7357.58,3653.62,PAGADO,completo
PG00006368,C000708,2024-03-01,2024-03-03,2024-03-23,7635.19,17216.56,PAGADO,completo
PG00006369,C000708,2024-04-27,2024-05-06,2024-05-10,20189.66,10608.29,PAGADO,completo
PG00006370,C000255,2025-11-19,2025-11-25,2025-12-05,12386.73,12386.73,PAGADO,completo
PG00006371,C002930,2023-02-25,2023-03-07,2023-03-12,6896.11,3880.48,PAGADO,completo
PG00006372,C002930,2023-03-20,2023-03-28,2023-04-13,11552.3,14567.93,PAGADO,completo
PG00006373,C001617,2024-01-20,2024-01-28,,9271.86,0.0,PENDIENTE,pendiente
PG00006374,C000389,2024-08-01,2024-08-05,2024-08-12,5235.15,6806.87,PAGADO,completo
PG00006375,C000389,2024-09-13,2024-09-16,2024-10-04,15434.88,13863.16,PAGADO,completo
PG00006376,C700165,2024-09-25,2024-09-30,2024-10-17,171292.56,171292.56,PAGADO,completo
PG00006377,C001581,2023-10-17,2023-10-18,2023-11-05,30996.87,13448.9,PAGADO,completo
PG00006378,C001581,2023-11-02,2023-11-03,2023-11-04,111641.51,129189.48,PAGADO,completo
PG00006379,C002956,2023-05-24,2023-05-30,2023-06-12,23838.34,48595.31,PAGADO,completo
PG00006380,C002956,2023-06-16,2023-06-25,2023-07-09,53584.94,28827.97,PAGADO,completo
PG00006381,C000924,2024-07-01,2024-07-07,2024-07-13,103003.21,103003.21,PAGADO,completo
PG00006382,C002799,2025-02-04,2025-02-10,2025-02-24,41732.55,50534.62,PAGADO,completo
PG00006383,C002799,2025-02-23,2025-02-26,2025-03-05,31405.87,15343.6,PAGADO,completo
PG00006384,C002799,2025-03-04,2025-03-07,2025-03-19,36837.36,44097.56,PAGADO,completo
PG00006385,C900094,2024-08-26,2024-08-26,2024-08-26,497213.81,130520.67,PAGADO,completo
PG00006386,C900094,2024-09-22,2024-09-30,2024-10-03,115924.28,482617.42,PAGADO,completo
PG00006387,C002508,2025-10-01,2025-10-01,2025-10-19,9304.9,6548.65,PAGADO,completo
PG00006388,C002508,2025-10-25,2025-11-02,2025-11-05,386.5,1292.32,PAGADO,completo
PG00006389,C002508,2025-11-18,2025-11-26,2025-12-02,1718.57,3569.0,PAGADO,completo
PG00006390,C002036,2026-04-30,2026-05-04,2026-07-15,20452.55,20452.55,PAGADO,demorado
PG00006391,C700098,2026-06-23,2026-06-29,2026-07-14,42003.98,64190.68,PAGADO,completo
PG00006392,C700098,2026-08-07,2026-08-07,2026-08-07,143359.0,92421.86,PAGADO,completo
PG00006393,C700098,2026-08-07,2026-08-07,2026-08-07,115727.41,144477.85,PAGADO,completo
PG00006394,C001224,2024-11-04,2024-11-13,2024-11-16,94391.16,94391.16,PAGADO,completo
PG00006395,C003216,2023-05-05,2023-05-14,2023-05-30,7226.37,8064.49,PAGADO,completo
PG00006396,C003216,2023-05-26,2023-05-29,2023-06-06,4093.33,3014.93,PAGADO,completo
PG00006397,C003216,2023-06-13,2023-06-14,2023-06-14,1593.92,1834.2,PAGADO,completo
PG00006398,C003006,2025-07-21,2025-07-30,2025-08-07,41797.57,56693.74,PAGADO,parcial
PG00006399,C003006,2025-08-25,2025-09-04,2025-09-09,72024.29,57128.12,PAGADO,parcial
PG00006400,C002549,2023-04-22,2023-04-26,2023-05-01,52839.56,140095.32,PAGADO,completo
PG00006401,C002549,2023-05-11,2023-05-17,2023-06-03,101604.86,14349.1,PAGADO,completo
PG00006402,C001946,2023-05-07,2023-05-10,2023-05-16,120073.07,120073.07,PAGADO,completo
PG00006403,C000739,2023-11-04,2023-11-05,2024-01-21,18325.83,24200.95,PAGADO,demorado
PG00006404,C000739,2023-12-18,2023-12-19,2024-02-26,23527.95,17652.83,PAGADO,demorado
PG00006405,C000040,2026-06-08,2026-06-15,2026-06-27,10359.0,21885.52,PAGADO,completo
PG00006406,C000040,2026-06-27,2026-06-30,2026-07-08,13905.55,13967.16,PAGADO,completo
PG00006407,C000040,2026-06-28,2026-07-02,2026-07-12,27139.77,15551.64,PAGADO,completo
PG00006408,C000868,2024-07-12,2024-07-15,2024-07-27,21366.38,14198.92,PAGADO,completo
PG00006409,C000868,2024-07-18,2024-07-18,2024-08-05,19131.96,20697.55,PAGADO,completo
PG00006410,C000868,2024-08-05,2024-08-15,2024-08-17,41357.31,46959.18,PAGADO,completo
PG00006411,C002779,2023-02-16,2023-02-26,2023-03-13,12442.56,17868.39,PAGADO,parcial
PG00006412,C002779,2023-03-11,2023-03-20,2023-04-05,8615.68,3189.85,PAGADO,parcial
PG00006413,C000539,2024-09-27,2024-09-27,2024-10-07,33389.43,3071.55,PAGADO,completo
PG00006414,C000539,2024-10-31,2024-11-09,2024-11-27,1730.33,41844.07,PAGADO,completo
PG00006415,C000539,2024-11-06,2024-11-08,2024-11-19,22087.83,12291.97,PAGADO,completo
PG00006416,C003249,2024-11-16,2024-11-19,2024-11-30,86555.31,84201.69,PAGADO,completo
PG00006417,C003249,2024-12-31,2025-01-07,2025-01-15,41386.62,43740.24,PAGADO,completo
PG00006418,C003387,2025-12-11,2025-12-19,2025-12-29,41873.29,41873.29,PAGADO,completo
PG00006419,C002745,2025-07-07,2025-07-15,2025-08-04,32198.67,32198.67,PAGADO,completo
PG00006420,C700270,2024-08-20,2024-08-29,2024-09-06,847675.28,847675.28,PAGADO,completo
PG00006421,C002723,2025-03-18,2025-03-27,2025-03-29,34364.86,34364.86,PAGADO,completo
PG00006422,C001371,2023-12-07,2023-12-11,2023-12-21,1416.4,2864.22,PAGADO,completo
PG00006423,C001371,2023-12-03,2023-12-10,2023-12-27,2254.06,171.77,PAGADO,completo
PG00006424,C001371,2023-12-22,2023-12-25,2023-12-30,488.76,1123.23,PAGADO,completo
PG00006425,C001145,2023-09-19,2023-09-24,2023-10-07,28475.31,11093.13,PAGADO,completo
PG00006426,C001145,2023-10-26,2023-11-05,2023-11-09,24088.52,81735.08,PAGADO,completo
PG00006427,C001145,2023-10-19,2023-10-24,2023-11-03,58349.87,18085.49,PAGADO,completo
PG00006428,C001031,2024-07-11,2024-07-20,2024-08-02,28252.34,28252.34,PAGADO,parcial
PG00006429,C000372,2025-11-07,2025-11-09,2025-11-11,6408.23,2475.87,PAGADO,completo
PG00006430,C000372,2025-11-20,2025-11-23,2025-11-26,1609.8,4518.39,PAGADO,completo
PG00006431,C000372,2025-12-13,2025-12-14,2025-12-31,476.56,1500.33,PAGADO,completo
PG00006432,C000667,2024-10-06,2024-10-14,2024-10-30,33377.02,53089.11,PAGADO,completo
PG00006433,C000667,2024-11-04,2024-11-11,2024-11-14,29681.09,44505.51,PAGADO,completo
PG00006434,C000667,2024-10-29,2024-11-03,2024-11-08,45096.9,10560.39,PAGADO,completo
PG00006435,C003479,2025-11-22,2025-11-26,2025-12-07,14291.03,4513.58,PAGADO,completo
PG00006436,C003479,2025-11-18,2025-11-19,2025-12-02,7903.24,23816.45,PAGADO,completo
PG00006437,C003479,2025-12-19,2025-12-23,2025-12-25,12259.93,6124.17,PAGADO,completo
PG00006438,C003019,2024-03-21,2024-03-31,,27379.96,0.0,PENDIENTE,pendiente
PG00006439,C000357,2026-06-08,2026-06-18,2026-07-07,16704.86,16704.86,PAGADO,sobrepago_senal
PG00006440,C000967,2023-11-11,2023-11-11,2023-11-23,249780.62,249780.62,PAGADO,completo
PG00006441,C002831,2023-07-09,2023-07-13,2023-07-29,89457.75,36780.85,PAGADO,completo
PG00006442,C002831,2023-07-25,2023-07-28,2023-08-06,52795.32,105472.22,PAGADO,completo
PG00006443,C002783,2026-07-03,2026-07-09,2026-07-15,29077.37,4782.69,PAGADO,completo
PG00006444,C002783,2026-08-01,2026-08-04,2026-08-07,51222.83,58544.69,PAGADO,completo
PG00006445,C002783,2026-08-07,2026-08-07,2026-08-07,1093.22,18066.04,PAGADO,completo
PG00006446,C001353,2025-06-10,2025-06-15,2025-06-30,7783.69,13724.53,PAGADO,parcial
PG00006447,C001353,2025-06-06,2025-06-15,2025-06-26,16531.12,10590.28,PAGADO,parcial
PG00006448,C001035,2024-10-29,2024-11-06,2024-11-08,20608.4,28230.6,PAGADO,completo
PG00006449,C001035,2024-12-04,2024-12-07,2024-12-07,2031.73,4792.77,PAGADO,completo
PG00006450,C001035,2024-11-25,2024-11-29,2024-12-17,14045.77,3662.53,PAGADO,completo
PG00006451,C003018,2026-02-12,2026-02-15,2026-02-22,19052.87,19052.87,PAGADO,parcial
PG00006452,C000470,2025-07-03,2025-07-06,2025-07-21,79287.05,71459.4,PAGADO,completo
PG00006453,C000470,2025-08-18,2025-08-23,2025-09-01,16096.06,30733.99,PAGADO,completo
PG00006454,C000470,2025-09-03,2025-09-11,2025-09-26,58291.64,51481.36,PAGADO,completo
PG00006455,C900020,2025-09-01,2025-09-08,2025-09-11,91842.35,159251.78,PAGADO,completo
PG00006456,C900020,2025-09-23,2025-09-30,2025-10-16,279468.27,245363.73,PAGADO,completo
PG00006457,C900020,2025-10-09,2025-10-19,2025-11-07,104585.77,71280.88,PAGADO,completo
PG00006458,C003330,2025-11-19,2025-11-27,2025-12-03,8327.35,16322.4,PAGADO,completo
PG00006459,C003330,2025-11-27,2025-12-03,2025-12-03,15481.58,7486.53,PAGADO,completo
PG00006460,C001396,2024-08-18,2024-08-22,2024-08-24,102417.97,102417.97,PAGADO,completo
PG00006461,C700134,2024-11-27,2024-12-07,2024-12-15,99607.98,12936.85,PAGADO,completo
PG00006462,C700134,2024-12-06,2024-12-07,2024-12-11,549635.85,636306.98,PAGADO,completo
PG00006463,C900066,2024-05-21,2024-05-23,2024-05-25,102733.06,91924.02,PAGADO,completo
PG00006464,C900066,2024-07-01,2024-07-03,2024-07-14,30530.35,41339.39,PAGADO,completo
PG00006465,C001549,2025-09-14,2025-09-14,2025-10-02,28519.03,28519.03,PAGADO,parcial
PG00006466,C003376,2025-03-20,2025-03-28,2025-06-06,22302.42,13067.55,PAGADO,demorado
PG00006467,C003376,2025-04-10,2025-04-14,2025-06-10,1315.4,10550.27,PAGADO,demorado
PG00006468,C001256,2025-02-16,2025-02-18,2025-03-03,18331.14,21198.71,PAGADO,completo
PG00006469,C001256,2025-03-29,2025-04-06,2025-04-08,63925.13,61057.56,PAGADO,completo
PG00006470,C002094,2024-11-23,2024-11-29,2024-11-29,142814.17,142814.17,PAGADO,completo
PG00006471,C003473,2023-03-10,2023-03-17,2023-03-23,91495.25,64566.03,PAGADO,completo
PG00006472,C003473,2023-04-14,2023-04-14,2023-04-15,25341.3,47485.41,PAGADO,completo
PG00006473,C003473,2023-05-03,2023-05-03,2023-05-13,86531.67,91316.78,PAGADO,completo
PG00006474,C700012,2025-04-18,2025-04-20,2025-05-08,242135.94,223220.92,PAGADO,completo
PG00006475,C700012,2025-05-08,2025-05-15,2025-05-24,430629.21,145947.23,PAGADO,completo
PG00006476,C700012,2025-06-14,2025-06-22,2025-06-30,171112.97,474709.97,PAGADO,completo
PG00006477,C001555,2024-04-10,2024-04-17,2024-05-06,148998.45,148998.45,PAGADO,parcial
PG00006478,C900014,2024-12-06,2024-12-13,2024-12-29,35729.17,65686.47,PAGADO,parcial
PG00006479,C900014,2024-11-24,2024-11-27,2024-12-01,86609.5,56652.2,PAGADO,parcial
PG00006480,C001250,2025-06-03,2025-06-04,2025-06-21,93231.08,93231.08,PAGADO,parcial
PG00006481,C001699,2024-05-10,2024-05-11,2024-05-30,13600.06,13600.06,PAGADO,completo
PG00006482,C001252,2026-01-23,2026-01-26,2026-02-11,6778.5,6778.5,PAGADO,parcial
PG00006483,C900251,2026-01-11,2026-01-16,2026-01-30,554260.11,554260.11,PAGADO,completo
PG00006484,C900266,2026-05-26,2026-06-03,2026-06-06,375470.68,375470.68,PAGADO,completo
PG00006485,C003284,2023-08-22,2023-08-30,2023-09-05,23190.75,9123.02,PAGADO,completo
PG00006486,C003284,2023-08-23,2023-08-29,2023-08-31,20345.56,48749.43,PAGADO,completo
PG00006487,C003284,2023-08-31,2023-09-09,2023-09-19,17444.02,3107.88,PAGADO,completo
PG00006488,C002933,2025-11-29,2025-12-01,2025-12-21,14139.83,29233.51,PAGADO,parcial
PG00006489,C002933,2025-11-21,2025-11-29,2025-12-03,21963.11,6869.43,PAGADO,parcial
PG00006490,C000079,2023-04-25,2023-05-04,2023-08-17,77515.16,77515.16,PAGADO,demorado
PG00006491,C001172,2026-04-19,2026-04-19,,188913.35,0.0,PENDIENTE,pendiente
PG00006492,C000814,2025-03-30,2025-04-07,2025-04-12,5517.51,9488.13,PAGADO,completo
PG00006493,C000814,2025-05-17,2025-05-22,2025-06-05,22550.57,18579.95,PAGADO,completo
PG00006494,C001852,2025-10-18,2025-10-27,2025-10-29,54852.68,56380.03,PAGADO,completo
PG00006495,C001852,2025-11-08,2025-11-08,2025-11-13,10021.19,51954.19,PAGADO,completo
PG00006496,C001852,2025-12-30,2026-01-04,2026-01-08,51739.43,8279.08,PAGADO,completo
PG00006497,C002220,2025-11-21,2025-12-01,2025-12-08,24406.26,24406.26,PAGADO,completo
PG00006498,C002719,2023-08-07,2023-08-15,2023-08-30,5727.07,1463.27,PAGADO,completo
PG00006499,C002719,2023-09-06,2023-09-09,2023-09-20,3338.22,2851.68,PAGADO,completo
PG00006500,C002719,2023-09-13,2023-09-17,2023-10-03,464.15,5214.49,PAGADO,completo
PG00006501,C900178,2025-07-10,2025-07-16,2025-07-18,128981.85,213551.49,PAGADO,completo
PG00006502,C900178,2025-08-04,2025-08-13,2025-08-20,178404.56,57933.77,PAGADO,completo
PG00006503,C900178,2025-09-25,2025-09-29,2025-09-29,98974.74,134875.89,PAGADO,completo
PG00006504,C002105,2024-04-13,2024-04-19,2024-05-07,33267.61,38403.34,PAGADO,completo
PG00006505,C002105,2024-05-04,2024-05-09,2024-05-27,45429.19,40293.46,PAGADO,completo
PG00006506,C000133,2025-09-03,2025-09-10,2025-09-30,52104.62,52104.62,PAGADO,parcial
PG00006507,C001140,2026-02-03,2026-02-13,2026-02-25,5928.94,14941.24,PAGADO,completo
PG00006508,C001140,2026-01-30,2026-02-06,2026-02-20,18288.42,9276.12,PAGADO,completo
PG00006509,C000933,2026-04-23,2026-04-26,,32114.58,0.0,PENDIENTE,pendiente
PG00006510,C000928,2023-03-18,2023-03-18,2023-04-04,60445.2,55932.69,PAGADO,completo
PG00006511,C000928,2023-03-26,2023-03-29,2023-04-03,53194.15,57706.66,PAGADO,completo
PG00006512,C000823,2023-12-23,2023-12-31,2024-01-12,40892.95,35921.86,PAGADO,completo
PG00006513,C000823,2024-01-25,2024-01-26,2024-02-02,19581.7,9229.48,PAGADO,completo
PG00006514,C000823,2024-01-19,2024-01-27,2024-02-07,26651.14,41974.45,PAGADO,completo
PG00006515,C003480,2025-06-01,2025-06-01,2025-06-13,31116.84,49855.08,PAGADO,completo
PG00006516,C003480,2025-06-11,2025-06-17,2025-06-21,44588.8,25850.56,PAGADO,completo
PG00006517,C700232,2024-06-09,2024-06-16,2024-06-19,424867.38,219190.46,PAGADO,completo
PG00006518,C700232,2024-06-15,2024-06-17,2024-06-19,43566.23,249243.15,PAGADO,completo
PG00006519,C001531,2023-11-01,2023-11-07,2023-11-18,37776.17,37776.17,PAGADO,parcial
PG00006520,C001214,2025-03-17,2025-03-21,2025-03-27,56905.69,92611.3,PAGADO,completo
PG00006521,C001214,2025-05-13,2025-05-23,2025-05-30,77348.1,41642.49,PAGADO,completo
PG00006522,C000504,2023-10-20,2023-10-28,2024-01-15,24650.1,24650.1,PAGADO,demorado
PG00006523,C800085,2026-04-25,2026-04-26,2026-05-05,29921.22,119473.21,PAGADO,completo
PG00006524,C800085,2026-05-30,2026-06-03,2026-06-08,133320.79,43768.8,PAGADO,completo
PG00006525,C002395,2023-02-23,2023-02-24,2023-03-05,21840.11,21840.11,PAGADO,completo
PG00006526,C001996,2026-07-23,2026-07-26,2026-07-26,4790.69,2522.37,PAGADO,completo
PG00006527,C001996,2026-07-07,2026-07-13,2026-07-18,4530.77,1257.55,PAGADO,completo
PG00006528,C001996,2026-08-07,2026-08-07,2026-08-07,3686.34,9227.88,PAGADO,completo
PG00006529,C002434,2023-11-19,2023-11-19,2023-11-30,35412.12,27113.73,PAGADO,completo
PG00006530,C002434,2023-11-13,2023-11-14,2023-12-03,34503.63,42802.02,PAGADO,completo
PG00006531,C003072,2023-05-30,2023-06-05,2023-06-25,5670.95,41009.61,PAGADO,completo
PG00006532,C003072,2023-06-28,2023-07-02,2023-07-19,43074.26,7115.75,PAGADO,completo
PG00006533,C003072,2023-07-11,2023-07-20,2023-08-01,14139.19,14759.04,PAGADO,completo
PG00006534,C001958,2023-06-23,2023-06-26,2023-07-13,22436.94,10393.84,PAGADO,completo
PG00006535,C001958,2023-07-28,2023-08-06,2023-08-19,15886.3,16525.12,PAGADO,completo
PG00006536,C001958,2023-08-22,2023-08-24,2023-08-28,13399.37,24803.65,PAGADO,completo
PG00006537,C001384,2024-10-23,2024-10-25,2024-11-13,100731.43,65449.58,PAGADO,completo
PG00006538,C001384,2024-11-27,2024-12-02,2024-12-02,47135.04,82416.89,PAGADO,completo
PG00006539,C000894,2023-08-14,2023-08-14,2023-08-30,6555.32,15543.29,PAGADO,completo
PG00006540,C000894,2023-09-08,2023-09-16,2023-09-19,24196.95,25132.76,PAGADO,completo
PG00006541,C000894,2023-09-19,2023-09-27,2023-10-06,32926.74,23002.96,PAGADO,completo
PG00006542,C000828,2024-10-07,2024-10-17,2024-11-01,4710.1,23838.9,PAGADO,completo
PG00006543,C000828,2024-11-09,2024-11-13,2024-11-23,23607.83,4479.03,PAGADO,completo
PG00006544,C000455,2026-02-28,2026-03-09,,55316.53,0.0,PENDIENTE,pendiente
PG00006545,C002523,2026-02-27,2026-03-05,2026-03-17,33012.04,33012.04,PAGADO,completo
PG00006546,C001683,2024-08-25,2024-09-01,2024-09-15,38212.67,7074.12,PAGADO,completo
PG00006547,C001683,2024-09-08,2024-09-12,2024-09-28,5394.22,36532.77,PAGADO,completo
PG00006548,C750088,2025-07-29,2025-08-01,2025-08-02,26419.32,41482.26,PAGADO,completo
PG00006549,C750088,2025-08-05,2025-08-15,2025-08-20,56649.9,26020.48,PAGADO,completo
PG00006550,C750088,2025-09-12,2025-09-12,2025-09-26,39137.86,54704.34,PAGADO,completo
PG00006551,C750059,2025-04-17,2025-04-17,2025-04-30,20645.73,8544.79,PAGADO,completo
PG00006552,C750059,2025-05-15,2025-05-23,2025-05-24,18908.72,12434.1,PAGADO,completo
PG00006553,C750059,2025-06-13,2025-06-19,2025-07-03,28094.19,46669.75,PAGADO,completo
PG00006554,C700274,2024-05-30,2024-05-30,2024-06-17,41636.34,35515.01,PAGADO,completo
PG00006555,C700274,2024-06-03,2024-06-10,2024-06-28,104873.15,110994.48,PAGADO,completo
PG00006556,C000652,2025-04-05,2025-04-15,2025-06-18,4790.27,7431.62,PAGADO,demorado
PG00006557,C000652,2025-05-06,2025-05-11,2025-08-02,12719.12,10077.77,PAGADO,demorado
PG00006558,C000172,2024-10-10,2024-10-17,2024-11-01,81602.9,81602.9,PAGADO,completo
PG00006559,C700022,2024-07-13,2024-07-16,2024-07-21,687972.58,425819.74,PAGADO,completo
PG00006560,C700022,2024-07-30,2024-07-30,2024-08-07,131413.47,393566.31,PAGADO,completo
PG00006561,C003197,2025-10-20,2025-10-29,2025-11-12,5389.8,2695.91,PAGADO,completo
PG00006562,C003197,2025-11-06,2025-11-12,2025-11-19,27698.92,30392.81,PAGADO,completo
PG00006563,C000038,2026-05-02,2026-05-05,2026-05-17,50049.58,74785.83,PAGADO,completo
PG00006564,C000038,2026-05-17,2026-05-24,2026-06-06,39746.48,11334.15,PAGADO,completo
PG00006565,C000038,2026-06-05,2026-06-07,2026-06-23,49810.57,53486.65,PAGADO,completo
PG00006566,C700102,2024-08-11,2024-08-21,2024-09-02,271360.57,717489.41,PAGADO,completo
PG00006567,C700102,2024-08-21,2024-08-22,2024-09-03,595758.58,149629.74,PAGADO,completo
PG00006568,C001881,2024-07-02,2024-07-12,2024-07-17,23523.41,18478.65,PAGADO,completo
PG00006569,C001881,2024-08-02,2024-08-10,2024-08-24,7059.94,12104.7,PAGADO,completo
PG00006570,C000713,2024-11-24,2024-11-28,2024-11-30,103803.37,103803.37,PAGADO,completo
PG00006571,C000090,2026-06-20,2026-06-28,2026-07-02,122516.86,98037.92,PAGADO,completo
PG00006572,C000090,2026-07-22,2026-07-22,2026-08-04,86036.45,110515.39,PAGADO,completo
PG00006573,C002214,2026-06-20,2026-06-28,2026-08-07,30010.87,26896.73,PAGADO,demorado
PG00006574,C002214,2026-06-03,2026-06-12,2026-08-07,4051.94,7166.08,PAGADO,demorado
PG00006575,C001205,2023-05-25,2023-05-29,2023-06-03,36401.73,51540.08,PAGADO,completo
PG00006576,C001205,2023-07-01,2023-07-05,2023-07-12,20384.06,5245.71,PAGADO,completo
PG00006577,C002923,2023-11-09,2023-11-11,2023-11-16,16424.48,18953.91,PAGADO,completo
PG00006578,C002923,2023-12-21,2023-12-30,2024-01-19,6515.27,22296.15,PAGADO,completo
PG00006579,C002923,2023-12-09,2023-12-16,2023-12-31,22837.78,4527.47,PAGADO,completo
PG00006580,C700213,2025-07-16,2025-07-25,2025-08-01,75180.55,45835.36,PAGADO,completo
PG00006581,C700213,2025-08-24,2025-08-25,2025-08-31,52857.57,82202.76,PAGADO,completo
PG00006582,C900010,2026-03-21,2026-03-27,2026-04-12,648659.57,648659.57,PAGADO,completo
PG00006583,C003486,2023-08-06,2023-08-10,2023-08-27,224142.36,224142.36,PAGADO,sobrepago_senal
PG00006584,C003323,2025-05-13,2025-05-23,,41410.89,0.0,PENDIENTE,pendiente
PG00006585,C003141,2025-10-10,2025-10-18,2026-01-30,7688.69,5611.5,PAGADO,demorado
PG00006586,C003141,2025-11-05,2025-11-10,2026-02-21,6643.97,8721.16,PAGADO,demorado
PG00006587,C001827,2023-09-04,2023-09-11,2023-09-25,13620.9,3388.35,PAGADO,completo
PG00006588,C001827,2023-09-19,2023-09-21,2023-10-10,12912.71,10633.76,PAGADO,completo
PG00006589,C001827,2023-10-17,2023-10-24,2023-10-26,7175.83,19687.33,PAGADO,completo
PG00006590,C001155,2024-02-11,2024-02-11,2024-02-17,43837.82,43837.82,PAGADO,completo
PG00006591,C001324,2023-03-16,2023-03-22,2023-03-29,55974.83,55974.83,PAGADO,completo
PG00006592,C000216,2023-03-11,2023-03-20,2023-03-24,212589.51,109060.29,PAGADO,sobrepago_senal
PG00006593,C000216,2023-04-19,2023-04-22,2023-04-30,156409.72,259938.94,PAGADO,sobrepago_senal
PG00006594,C003398,2026-07-09,2026-07-16,2026-07-25,45266.72,18335.84,PAGADO,completo
PG00006595,C003398,2026-07-09,2026-07-17,2026-08-03,57753.6,98022.94,PAGADO,completo
PG00006596,C003398,2026-08-07,2026-08-07,2026-08-07,53565.29,40226.83,PAGADO,completo
PG00006597,C000510,2025-12-28,2026-01-02,2026-04-05,41044.41,75701.59,PAGADO,demorado
PG00006598,C000510,2026-01-26,2026-02-05,2026-05-07,69839.09,35181.91,PAGADO,demorado
PG00006599,C001680,2023-09-30,2023-10-10,2023-10-26,50401.68,50401.68,PAGADO,completo
PG00006600,C000499,2025-09-09,2025-09-19,2025-10-02,47172.37,47172.37,PAGADO,completo
PG00006601,C700220,2025-03-07,2025-03-09,2025-03-28,88774.01,88774.01,PAGADO,completo
PG00006602,C001856,2024-11-30,2024-12-08,2024-12-13,66293.38,9244.24,PAGADO,completo
PG00006603,C001856,2025-01-17,2025-01-24,2025-02-11,44332.11,80776.71,PAGADO,completo
PG00006604,C001856,2025-01-05,2025-01-07,2025-01-09,17702.23,38306.77,PAGADO,completo
PG00006605,C001388,2025-09-02,2025-09-07,2025-09-18,50461.6,50461.6,PAGADO,completo
PG00006606,C001519,2026-06-18,2026-06-20,2026-07-08,19063.66,17697.82,PAGADO,completo
PG00006607,C001519,2026-07-15,2026-07-15,2026-07-21,18658.65,20024.49,PAGADO,completo
PG00006608,C002386,2024-08-23,2024-08-29,2024-09-01,178419.1,178419.1,PAGADO,completo
PG00006609,C900218,2025-07-31,2025-08-06,2025-08-10,244846.34,150546.03,PAGADO,completo
PG00006610,C900218,2025-08-19,2025-08-19,2025-09-04,190103.1,100714.49,PAGADO,completo
PG00006611,C900218,2025-09-13,2025-09-13,2025-09-15,117989.35,301678.27,PAGADO,completo
PG00006612,C003236,2026-01-19,2026-01-21,2026-02-03,91331.8,89189.55,PAGADO,completo
PG00006613,C003236,2026-01-17,2026-01-17,2026-01-22,13695.45,9923.19,PAGADO,completo
PG00006614,C003236,2026-03-08,2026-03-11,2026-03-30,27200.29,33114.8,PAGADO,completo
PG00006615,C002076,2025-01-12,2025-01-14,2025-01-26,46749.35,79033.29,PAGADO,completo
PG00006616,C002076,2025-03-05,2025-03-07,2025-03-27,70649.12,38365.18,PAGADO,completo
PG00006617,C001540,2026-07-05,2026-07-09,2026-07-24,23269.42,10126.55,PAGADO,completo
PG00006618,C001540,2026-08-07,2026-08-07,2026-08-07,3234.11,9399.17,PAGADO,completo
PG00006619,C001540,2026-08-07,2026-08-07,2026-08-07,2260.52,9238.33,PAGADO,completo
PG00006620,C001217,2023-11-09,2023-11-18,2024-02-19,108008.03,108008.03,PAGADO,demorado
PG00006621,C002681,2025-08-03,2025-08-12,2025-08-19,119583.0,147524.33,PAGADO,parcial
PG00006622,C002681,2025-08-14,2025-08-19,2025-08-23,231218.68,203277.35,PAGADO,parcial
PG00006623,C002842,2026-04-23,2026-04-26,2026-05-04,129094.44,129094.44,PAGADO,completo
PG00006624,C002993,2024-02-12,2024-02-22,2024-03-11,28323.6,55958.17,PAGADO,completo
PG00006625,C002993,2024-03-07,2024-03-10,2024-03-14,32359.98,4725.41,PAGADO,completo
PG00006626,C001416,2023-12-13,2023-12-13,2023-12-22,80294.05,96909.93,PAGADO,completo
PG00006627,C001416,2023-12-15,2023-12-18,2023-12-24,53907.37,37291.49,PAGADO,completo
PG00006628,C002217,2024-06-20,2024-06-29,2024-07-18,13926.9,21678.43,PAGADO,completo
PG00006629,C002217,2024-06-30,2024-07-01,2024-07-15,9618.36,18827.36,PAGADO,completo
PG00006630,C002217,2024-08-01,2024-08-05,2024-08-07,43785.05,26824.52,PAGADO,completo
PG00006631,C700284,2026-04-29,2026-05-02,2026-05-13,114402.61,155675.07,PAGADO,completo
PG00006632,C700284,2026-04-30,2026-05-03,2026-05-12,501959.5,460687.04,PAGADO,completo
PG00006633,C001676,2025-05-12,2025-05-12,2025-05-26,132203.09,132203.09,PAGADO,parcial
PG00006634,C001197,2024-05-17,2024-05-20,2024-06-01,4401.83,3945.57,PAGADO,completo
PG00006635,C001197,2024-06-04,2024-06-08,2024-06-22,15058.86,8810.62,PAGADO,completo
PG00006636,C001197,2024-06-17,2024-06-22,2024-06-24,766.13,7470.63,PAGADO,completo
PG00006637,C001542,2025-08-30,2025-09-01,2025-09-09,6145.3,19718.87,PAGADO,completo
PG00006638,C001542,2025-09-27,2025-09-27,2025-10-12,13606.89,12948.28,PAGADO,completo
PG00006639,C001542,2025-10-11,2025-10-11,2025-10-15,13341.44,426.48,PAGADO,completo
PG00006640,C003301,2023-10-09,2023-10-12,2023-10-13,121608.82,5524.08,PAGADO,completo
PG00006641,C003301,2023-11-25,2023-12-03,2023-12-12,41787.94,157872.68,PAGADO,completo
PG00006642,C700276,2024-02-05,2024-02-09,2024-02-23,411545.03,46408.35,PAGADO,completo
PG00006643,C700276,2024-03-13,2024-03-18,2024-03-24,55238.35,125427.1,PAGADO,completo
PG00006644,C700276,2024-03-14,2024-03-17,2024-04-04,266085.92,561033.85,PAGADO,completo
PG00006645,C002960,2023-05-08,2023-05-16,2023-05-18,33881.84,33881.84,PAGADO,completo
PG00006646,C002539,2023-04-18,2023-04-21,,5372.39,0.0,PENDIENTE,pendiente
PG00006647,C000953,2026-01-12,2026-01-15,2026-01-23,42961.02,15386.29,PAGADO,completo
PG00006648,C000953,2026-01-12,2026-01-19,2026-01-21,46999.83,74574.56,PAGADO,completo
PG00006649,C003145,2025-07-21,2025-07-25,2025-08-01,96376.15,119495.71,PAGADO,completo
PG00006650,C003145,2025-07-21,2025-07-28,2025-08-04,112133.76,89014.2,PAGADO,completo
PG00006651,C003080,2024-08-14,2024-08-23,2024-08-28,94128.12,94128.12,PAGADO,completo
PG00006652,C002635,2023-11-06,2023-11-08,2023-11-14,17802.42,44224.18,PAGADO,completo
PG00006653,C002635,2023-11-23,2023-12-01,2023-12-18,19902.44,1734.91,PAGADO,completo
PG00006654,C002635,2023-12-09,2023-12-13,2023-12-29,35910.51,27656.28,PAGADO,completo
PG00006655,C000750,2023-11-10,2023-11-20,2023-11-30,5415.0,6951.53,PAGADO,completo
PG00006656,C000750,2023-11-24,2023-11-29,2023-12-06,7075.99,3016.48,PAGADO,completo
PG00006657,C000750,2023-12-12,2023-12-14,2023-12-23,2554.54,5077.52,PAGADO,completo
PG00006658,C002705,2023-08-03,2023-08-12,2023-08-13,44300.39,44300.39,PAGADO,completo
PG00006659,C000234,2024-04-19,2024-04-20,2024-05-04,14248.75,10847.5,PAGADO,completo
PG00006660,C000234,2024-04-13,2024-04-17,2024-05-02,3322.61,10182.04,PAGADO,completo
PG00006661,C000234,2024-05-05,2024-05-11,2024-05-21,12937.96,9479.78,PAGADO,completo
PG00006662,C000732,2024-05-30,2024-05-31,2024-06-03,36165.63,26517.35,PAGADO,completo
PG00006663,C000732,2024-06-06,2024-06-08,2024-06-26,19466.79,29115.07,PAGADO,completo
PG00006664,C001238,2023-05-01,2023-05-06,2023-05-14,21560.15,19507.74,PAGADO,completo
PG00006665,C001238,2023-04-24,2023-04-30,2023-05-16,13408.46,19075.24,PAGADO,completo
PG00006666,C001238,2023-06-09,2023-06-16,2023-07-03,14673.8,11059.43,PAGADO,completo
PG00006667,C900201,2024-09-15,2024-09-23,2024-10-07,356686.94,356686.94,PAGADO,completo
PG00006668,C001156,2024-06-30,2024-07-08,2024-07-28,57780.96,37847.15,PAGADO,completo
PG00006669,C001156,2024-07-16,2024-07-18,2024-07-20,17924.68,37858.49,PAGADO,completo
PG00006670,C750087,2025-07-08,2025-07-16,2025-10-03,85930.95,53430.46,PAGADO,demorado
PG00006671,C750087,2025-08-02,2025-08-02,2025-10-15,47318.62,79819.11,PAGADO,demorado
PG00006672,C750031,2026-03-09,2026-03-10,2026-03-11,39653.98,52018.15,PAGADO,completo
PG00006673,C750031,2026-03-18,2026-03-23,2026-03-26,36051.66,23687.49,PAGADO,completo
PG00006674,C002445,2023-06-18,2023-06-26,2023-06-27,39976.42,8707.2,PAGADO,parcial
PG00006675,C002445,2023-06-12,2023-06-16,2023-07-01,3181.19,34450.41,PAGADO,parcial
PG00006676,C002982,2025-09-04,2025-09-14,2025-09-21,29941.05,29941.05,PAGADO,completo
PG00006677,C001209,2026-04-20,2026-04-25,2026-05-10,40050.77,40050.77,PAGADO,parcial
PG00006678,C001065,2026-02-21,2026-02-26,2026-03-10,1677.45,3481.51,PAGADO,completo
PG00006679,C001065,2026-03-20,2026-03-24,2026-03-24,2178.19,3162.05,PAGADO,completo
PG00006680,C001065,2026-03-17,2026-03-25,2026-04-11,4685.88,1897.96,PAGADO,completo
PG00006681,C002156,2024-10-29,2024-10-30,2025-02-01,66717.17,66717.17,PAGADO,demorado
PG00006682,C001062,2024-06-06,2024-06-07,2024-06-19,78885.57,70170.36,PAGADO,completo
PG00006683,C001062,2024-07-21,2024-07-23,2024-07-30,28118.55,36833.76,PAGADO,completo
PG00006684,C002616,2025-06-21,2025-06-28,2025-07-07,38735.66,25362.68,PAGADO,completo
PG00006685,C002616,2025-07-23,2025-08-01,2025-08-20,22972.3,25899.97,PAGADO,completo
PG00006686,C002616,2025-08-19,2025-08-27,2025-09-04,4520.01,14965.32,PAGADO,completo
PG00006687,C001167,2024-04-25,2024-04-29,2024-05-16,22141.14,22141.14,PAGADO,completo
PG00006688,C003222,2025-03-27,2025-03-27,2025-04-02,7559.78,72644.82,PAGADO,completo
PG00006689,C003222,2025-03-17,2025-03-23,2025-03-27,117398.5,21742.18,PAGADO,completo
PG00006690,C003222,2025-04-10,2025-04-14,2025-04-25,152932.43,183503.71,PAGADO,completo
PG00006691,C700136,2025-01-05,2025-01-05,2025-01-24,204951.99,134557.65,PAGADO,completo
PG00006692,C700136,2025-01-26,2025-02-01,2025-02-18,180870.41,489381.25,PAGADO,completo
PG00006693,C700136,2025-02-27,2025-03-01,2025-03-01,336356.5,98240.0,PAGADO,completo
PG00006694,C700055,2025-06-27,2025-07-05,2025-07-21,132360.35,390019.51,PAGADO,completo
PG00006695,C700055,2025-08-16,2025-08-23,2025-08-25,413528.33,199472.26,PAGADO,completo
PG00006696,C700055,2025-08-11,2025-08-13,2025-08-24,103207.49,59604.4,PAGADO,completo
PG00006697,C001492,2024-09-02,2024-09-03,2024-09-04,92704.42,92704.42,PAGADO,parcial
PG00006698,C002938,2024-08-13,2024-08-15,2024-08-17,117888.71,117888.71,PAGADO,completo
PG00006699,C002995,2023-09-28,2023-10-03,2023-10-08,2858.86,8230.19,PAGADO,completo
PG00006700,C002995,2023-10-28,2023-10-28,2023-10-31,27454.64,22083.31,PAGADO,completo
PG00006701,C003096,2025-06-29,2025-06-30,2025-07-04,18877.83,44283.0,PAGADO,completo
PG00006702,C003096,2025-07-31,2025-08-08,2025-08-19,70866.41,45461.24,PAGADO,completo
PG00006703,C700214,2025-10-12,2025-10-19,2025-11-01,867922.41,867922.41,PAGADO,completo
PG00006704,C900128,2024-10-23,2024-10-23,2024-11-09,180062.94,180062.94,PAGADO,completo
PG00006705,C003140,2023-02-11,2023-02-20,2023-02-25,36149.89,127231.13,PAGADO,completo
PG00006706,C003140,2023-02-20,2023-03-02,2023-03-08,43155.97,97805.73,PAGADO,completo
PG00006707,C003140,2023-04-11,2023-04-15,2023-05-03,167557.12,21826.12,PAGADO,completo
PG00006708,C000884,2025-10-22,2025-10-30,2025-11-18,33989.63,33989.63,PAGADO,completo
PG00006709,C000143,2026-05-15,2026-05-17,2026-05-19,38324.71,31250.04,PAGADO,completo
PG00006710,C000143,2026-06-10,2026-06-12,2026-06-15,29102.85,31794.64,PAGADO,completo
PG00006711,C000143,2026-06-13,2026-06-20,2026-06-21,6973.93,11356.81,PAGADO,completo
PG00006712,C001390,2023-09-15,2023-09-23,2023-09-29,72545.43,78626.87,PAGADO,completo
PG00006713,C001390,2023-10-31,2023-11-06,2023-11-22,92392.22,97909.17,PAGADO,completo
PG00006714,C001390,2023-10-23,2023-10-29,2023-11-04,45171.51,33573.12,PAGADO,completo
PG00006715,C700077,2026-06-18,2026-06-25,2026-07-05,16474.6,179062.55,PAGADO,completo
PG00006716,C700077,2026-07-02,2026-07-12,2026-07-20,191333.08,36000.75,PAGADO,completo
PG00006717,C700077,2026-08-05,2026-08-07,2026-08-07,80768.14,73512.52,PAGADO,completo
PG00006718,C000850,2026-02-03,2026-02-04,2026-02-15,314072.87,314072.87,PAGADO,parcial
PG00006719,C700135,2026-05-06,2026-05-12,2026-05-18,217814.24,130847.87,PAGADO,completo
PG00006720,C700135,2026-07-03,2026-07-09,2026-07-14,50726.11,150662.93,PAGADO,completo
PG00006721,C700135,2026-07-05,2026-07-05,2026-07-17,121589.89,108619.44,PAGADO,completo
PG00006722,C003455,2025-02-06,2025-02-06,2025-02-24,75069.18,75069.18,PAGADO,completo
PG00006723,C002782,2025-11-22,2025-12-01,2025-12-20,86439.75,86439.75,PAGADO,completo
PG00006724,C000717,2026-01-19,2026-01-25,2026-02-11,118229.15,97051.0,PAGADO,completo
PG00006725,C000717,2026-02-02,2026-02-04,2026-02-06,68100.88,89279.03,PAGADO,completo
PG00006726,C001819,2023-02-27,2023-03-02,2023-03-10,209286.77,209286.77,PAGADO,completo
PG00006727,C002502,2024-10-21,2024-10-25,2024-10-28,33778.73,30472.23,PAGADO,completo
PG00006728,C002502,2024-11-19,2024-11-29,2024-12-01,65014.42,51739.42,PAGADO,completo
PG00006729,C002502,2024-12-07,2024-12-12,2024-12-18,8742.62,25324.12,PAGADO,completo
PG00006730,C000264,2024-06-20,2024-06-20,2024-06-21,90990.57,169854.55,PAGADO,completo
PG00006731,C000264,2024-08-01,2024-08-07,2024-08-12,266465.38,133386.4,PAGADO,completo
PG00006732,C000264,2024-08-15,2024-08-18,2024-09-03,26965.52,81180.52,PAGADO,completo
PG00006733,C000075,2025-06-15,2025-06-25,2025-06-26,28454.4,24677.88,PAGADO,completo
PG00006734,C000075,2025-06-26,2025-07-01,2025-07-14,16020.34,19796.86,PAGADO,completo
PG00006735,C900285,2024-04-25,2024-04-29,2024-05-06,210164.46,210164.46,PAGADO,parcial
PG00006736,C002492,2023-11-30,2023-12-01,2024-02-11,11520.62,5774.14,PAGADO,demorado
PG00006737,C002492,2023-12-30,2024-01-01,2024-03-11,8908.89,14655.37,PAGADO,demorado
PG00006738,C000395,2024-12-14,2024-12-21,2025-01-01,632.23,1372.32,PAGADO,completo
PG00006739,C000395,2025-01-04,2025-01-13,2025-01-29,2606.19,1866.1,PAGADO,completo
PG00006740,C750043,2024-06-05,2024-06-14,2024-06-24,7917.35,22881.09,PAGADO,parcial
PG00006741,C750043,2024-06-03,2024-06-07,2024-06-27,41118.14,26154.4,PAGADO,parcial
PG00006742,C002224,2026-03-17,2026-03-25,2026-04-03,40912.21,42277.53,PAGADO,completo
PG00006743,C002224,2026-04-14,2026-04-24,2026-05-08,11860.82,10495.5,PAGADO,completo
PG00006744,C003090,2025-03-09,2025-03-15,2025-06-21,165912.5,165912.5,PAGADO,demorado
PG00006745,C900275,2024-05-01,2024-05-01,2024-05-14,30356.55,4470.07,PAGADO,completo
PG00006746,C900275,2024-06-20,2024-06-22,2024-06-28,66877.51,63986.26,PAGADO,completo
PG00006747,C900275,2024-06-12,2024-06-13,2024-06-15,12924.16,41701.89,PAGADO,completo
PG00006748,C000396,2024-11-07,2024-11-08,2024-11-09,71729.07,28780.89,PAGADO,completo
PG00006749,C000396,2024-10-30,2024-11-01,2024-11-04,31382.94,73227.56,PAGADO,completo
PG00006750,C000396,2024-12-15,2024-12-21,2025-01-03,63821.03,64924.59,PAGADO,completo
PG00006751,C001365,2025-08-14,2025-08-16,2025-10-10,85423.47,85423.47,PAGADO,demorado
PG00006752,C700252,2025-02-16,2025-02-20,2025-02-27,726355.21,726355.21,PAGADO,sobrepago_senal
PG00006753,C001903,2023-11-27,2023-12-04,2023-12-23,17918.46,11996.11,PAGADO,completo
PG00006754,C001903,2023-12-03,2023-12-12,2024-01-01,33655.14,70395.95,PAGADO,completo
PG00006755,C001903,2024-01-03,2024-01-08,2024-01-16,43104.26,12285.8,PAGADO,completo
PG00006756,C000595,2024-07-27,2024-07-31,2024-08-02,160958.64,81062.16,PAGADO,completo
PG00006757,C000595,2024-08-12,2024-08-18,2024-08-23,101957.49,181853.97,PAGADO,completo
PG00006758,C002109,2023-07-25,2023-07-28,2023-08-13,11699.82,30639.99,PAGADO,completo
PG00006759,C002109,2023-08-26,2023-09-03,2023-09-10,30778.12,17482.02,PAGADO,completo
PG00006760,C002109,2023-09-02,2023-09-02,2023-09-03,16356.71,10712.64,PAGADO,completo
PG00006761,C001296,2023-07-09,2023-07-09,,40965.99,0.0,PENDIENTE,pendiente
PG00006762,C001821,2024-02-09,2024-02-19,2024-04-26,55838.19,89061.17,PAGADO,demorado
PG00006763,C001821,2024-03-22,2024-03-26,2024-06-05,58778.55,25555.57,PAGADO,demorado
PG00006764,C000872,2024-12-17,2024-12-26,2025-01-10,24898.35,30221.38,PAGADO,completo
PG00006765,C000872,2024-12-23,2024-12-28,2025-01-15,84406.46,79083.43,PAGADO,completo
PG00006766,C900024,2026-05-31,2026-06-06,2026-06-18,224712.63,145305.99,PAGADO,completo
PG00006767,C900024,2026-06-17,2026-06-25,2026-06-29,132693.2,212099.84,PAGADO,completo
PG00006768,C002264,2024-08-06,2024-08-12,2024-08-21,23690.45,15935.99,PAGADO,completo
PG00006769,C002264,2024-08-20,2024-08-24,2024-08-31,15721.18,21220.74,PAGADO,completo
PG00006770,C002264,2024-08-30,2024-09-08,2024-09-21,30373.2,32628.1,PAGADO,completo
PG00006771,C002326,2024-07-02,2024-07-10,,10032.63,0.0,PENDIENTE,pendiente
PG00006772,C001548,2024-12-14,2024-12-20,2025-01-06,6805.39,24982.77,PAGADO,completo
PG00006773,C001548,2024-12-04,2024-12-09,2024-12-20,27467.82,6436.64,PAGADO,completo
PG00006774,C001548,2024-12-28,2025-01-06,2025-01-12,15115.32,17969.12,PAGADO,completo
PG00006775,C003440,2024-11-28,2024-12-08,2024-12-16,12233.84,18346.58,PAGADO,completo
PG00006776,C003440,2024-12-11,2024-12-19,2024-12-27,19495.39,13382.65,PAGADO,completo
PG00006777,C000036,2026-04-23,2026-04-28,2026-07-26,13182.54,23684.9,PAGADO,demorado
PG00006778,C000036,2026-04-16,2026-04-19,2026-07-13,51163.69,40661.33,PAGADO,demorado
PG00006779,C900054,2024-09-01,2024-09-04,2024-09-04,223451.2,223451.2,PAGADO,sobrepago_senal
PG00006780,C002710,2025-04-27,2025-05-05,2025-05-08,20906.36,41555.33,PAGADO,parcial
PG00006781,C002710,2025-04-23,2025-04-26,2025-05-09,25824.01,5175.04,PAGADO,parcial
PG00006782,C750012,2024-09-08,2024-09-14,,31690.56,0.0,PENDIENTE,pendiente
PG00006783,C002143,2023-05-17,2023-05-27,2023-06-14,5781.99,6145.11,PAGADO,completo
PG00006784,C002143,2023-05-31,2023-06-06,2023-06-11,2604.52,3749.32,PAGADO,completo
PG00006785,C002143,2023-07-12,2023-07-19,2023-08-04,3148.1,1640.18,PAGADO,completo
PG00006786,C750056,2025-12-05,2025-12-06,2026-02-17,118709.94,37971.86,PAGADO,demorado
PG00006787,C750056,2025-12-18,2025-12-24,2026-03-24,33723.73,114461.81,PAGADO,demorado
PG00006788,C000977,2026-07-26,2026-07-29,2026-08-07,600997.32,201344.63,PAGADO,completo
PG00006789,C000977,2026-08-07,2026-08-07,2026-08-07,106292.67,505945.36,PAGADO,completo
PG00006790,C001571,2026-04-16,2026-04-25,2026-05-02,11018.28,4112.27,PAGADO,completo
PG00006791,C001571,2026-05-24,2026-06-03,2026-06-14,5415.02,12321.03,PAGADO,completo
PG00006792,C001122,2024-03-16,2024-03-19,,19519.45,0.0,PENDIENTE,pendiente
PG00006793,C002786,2025-01-10,2025-01-15,2025-02-04,1503.67,6084.02,PAGADO,completo
PG00006794,C002786,2025-02-10,2025-02-20,2025-02-21,4368.2,1869.66,PAGADO,completo
PG00006795,C002786,2025-03-02,2025-03-03,2025-03-05,2836.65,754.84,PAGADO,completo
PG00006796,C002239,2024-06-13,2024-06-15,2024-06-20,12262.52,10917.61,PAGADO,completo
PG00006797,C002239,2024-06-28,2024-07-03,2024-07-11,16182.34,12544.47,PAGADO,completo
PG00006798,C002239,2024-07-06,2024-07-16,2024-07-26,17016.94,21999.72,PAGADO,completo
PG00006799,C002967,2026-04-22,2026-04-24,2026-04-24,3737.16,6227.49,PAGADO,parcial
PG00006800,C002967,2026-06-07,2026-06-12,2026-06-23,9297.82,6807.49,PAGADO,parcial
PG00006801,C002504,2025-12-30,2026-01-08,2026-01-25,5339.96,6560.28,PAGADO,completo
PG00006802,C002504,2026-01-19,2026-01-25,2026-02-02,6207.15,12318.62,PAGADO,completo
PG00006803,C002504,2026-02-18,2026-02-18,2026-03-03,14460.68,7128.89,PAGADO,completo
PG00006804,C001892,2024-02-14,2024-02-17,2024-03-08,2824.15,38150.74,PAGADO,completo
PG00006805,C001892,2024-02-20,2024-02-23,2024-03-14,75119.93,39793.34,PAGADO,completo
PG00006806,C003465,2023-08-01,2023-08-04,2023-08-06,25976.37,27629.88,PAGADO,completo
PG00006807,C003465,2023-08-14,2023-08-19,2023-09-02,9476.12,7822.61,PAGADO,completo
PG00006808,C000675,2023-02-06,2023-02-13,2023-02-26,26211.89,7873.27,PAGADO,completo
PG00006809,C000675,2023-02-09,2023-02-09,2023-02-21,12781.83,64497.3,PAGADO,completo
PG00006810,C000675,2023-03-29,2023-04-02,2023-04-11,36711.92,3335.07,PAGADO,completo
PG00006811,C002808,2023-06-21,2023-06-25,,9473.2,0.0,PENDIENTE,pendiente
PG00006812,C003068,2025-08-28,2025-08-29,2025-09-13,141424.49,206302.16,PAGADO,completo
PG00006813,C003068,2025-09-14,2025-09-21,2025-10-07,234028.67,169151.0,PAGADO,completo
PG00006814,C900163,2024-08-10,2024-08-12,2024-08-24,73170.37,33879.59,PAGADO,completo
PG00006815,C900163,2024-09-03,2024-09-12,2024-09-12,76429.23,106667.01,PAGADO,completo
PG00006816,C900163,2024-10-26,2024-10-29,2024-10-29,111076.71,120129.71,PAGADO,completo
PG00006817,C000728,2023-08-23,2023-09-01,,38466.27,0.0,PENDIENTE,pendiente
PG00006818,C003491,2025-07-11,2025-07-19,2025-08-06,29710.79,29710.79,PAGADO,completo
PG00006819,C003447,2024-10-12,2024-10-19,2024-11-06,22466.03,42402.41,PAGADO,completo
PG00006820,C003447,2024-10-15,2024-10-16,2024-10-23,34497.45,14518.7,PAGADO,completo
PG00006821,C003447,2024-10-27,2024-10-29,2024-11-02,18742.16,18784.53,PAGADO,completo
PG00006822,C000412,2024-04-16,2024-04-19,2024-04-27,7845.2,13800.61,PAGADO,completo
PG00006823,C000412,2024-04-19,2024-04-20,2024-05-03,7518.4,1562.99,PAGADO,completo
PG00006824,C003146,2025-01-20,2025-01-21,2025-01-26,34400.92,31016.01,PAGADO,completo
PG00006825,C003146,2025-03-12,2025-03-21,2025-03-28,23458.12,26843.03,PAGADO,completo
PG00006826,C001516,2025-07-11,2025-07-15,2025-07-19,12512.37,12512.37,PAGADO,completo
PG00006827,C001649,2024-02-22,2024-02-25,2024-03-10,4685.01,18363.31,PAGADO,completo
PG00006828,C001649,2024-03-05,2024-03-10,2024-03-12,22405.7,8727.4,PAGADO,completo
PG00006829,C700072,2026-06-14,2026-06-17,2026-07-03,52331.04,74093.69,PAGADO,parcial
PG00006830,C700072,2026-06-01,2026-06-02,2026-06-13,40511.73,18749.08,PAGADO,parcial
PG00006831,C000825,2023-01-19,2023-01-25,2023-01-29,23788.74,12148.64,PAGADO,sobrepago_senal
PG00006832,C000825,2023-02-17,2023-02-17,2023-02-24,14811.27,26451.37,PAGADO,sobrepago_senal
PG00006833,C003267,2023-03-31,2023-04-08,2023-04-17,15277.77,15277.77,PAGADO,parcial
PG00006834,C000616,2024-12-05,2024-12-11,2025-02-09,98357.48,47935.86,PAGADO,demorado
PG00006835,C000616,2024-12-28,2025-01-01,2025-03-05,47998.73,98420.35,PAGADO,demorado
PG00006836,C000114,2025-02-14,2025-02-21,2025-03-02,68573.99,116259.82,PAGADO,parcial
PG00006837,C000114,2025-03-15,2025-03-15,2025-03-16,62716.13,15030.3,PAGADO,parcial
PG00006838,C000417,2024-01-16,2024-01-22,2024-01-28,212232.14,115825.66,PAGADO,completo
PG00006839,C000417,2024-02-06,2024-02-14,2024-02-14,141814.11,238220.59,PAGADO,completo
PG00006840,C003069,2025-01-27,2025-02-02,2025-02-21,13296.91,11995.2,PAGADO,completo
PG00006841,C003069,2025-01-24,2025-01-29,2025-01-30,975.2,2276.91,PAGADO,completo
PG00006842,C001625,2025-01-08,2025-01-11,2025-01-26,46478.19,46478.19,PAGADO,completo
PG00006843,C003017,2025-03-15,2025-03-21,2025-03-25,17109.48,19627.98,PAGADO,parcial
PG00006844,C003017,2025-04-03,2025-04-10,2025-04-18,25274.86,22756.36,PAGADO,parcial
PG00006845,C002652,2026-01-30,2026-01-30,2026-02-17,15773.93,20104.33,PAGADO,completo
PG00006846,C002652,2026-02-22,2026-03-03,2026-03-20,16949.64,25211.41,PAGADO,completo
PG00006847,C002652,2026-03-21,2026-03-29,2026-04-03,60343.5,47751.33,PAGADO,completo
PG00006848,C800063,2024-02-20,2024-02-24,,105143.86,0.0,PENDIENTE,pendiente
PG00006849,C000089,2023-01-30,2023-02-09,2023-02-13,25126.49,25126.49,PAGADO,sobrepago_senal
PG00006850,C002896,2023-09-24,2023-09-29,2023-10-19,53383.19,53383.19,PAGADO,completo
PG00006851,C900061,2025-10-19,2025-10-22,2025-12-24,177462.9,177462.9,PAGADO,demorado
PG00006852,C002082,2025-03-30,2025-03-31,2025-04-14,1535.9,9447.55,PAGADO,parcial
PG00006853,C002082,2025-04-10,2025-04-12,2025-04-24,9839.61,1927.96,PAGADO,parcial
PG00006854,C000753,2024-10-07,2024-10-17,2024-10-20,3614.84,3856.99,PAGADO,completo
PG00006855,C000753,2024-11-05,2024-11-05,2024-11-12,3447.27,3205.12,PAGADO,completo
PG00006856,C002546,2024-06-13,2024-06-19,2024-09-05,75024.76,75024.76,PAGADO,demorado
PG00006857,C003324,2024-07-03,2024-07-08,2024-07-19,81521.46,165074.72,PAGADO,completo
PG00006858,C003324,2024-07-28,2024-07-29,2024-08-04,95962.2,12408.94,PAGADO,completo
PG00006859,C003373,2024-10-06,2024-10-13,2024-10-30,67993.38,67993.38,PAGADO,completo
PG00006860,C001630,2024-11-03,2024-11-05,2025-01-03,32347.84,32347.84,PAGADO,demorado
PG00006861,C000011,2025-11-10,2025-11-17,2025-12-01,15389.31,31526.82,PAGADO,completo
PG00006862,C000011,2025-12-06,2025-12-07,2025-12-19,33243.44,3006.53,PAGADO,completo
PG00006863,C000011,2026-01-04,2026-01-12,2026-01-25,2252.79,16352.19,PAGADO,completo
PG00006864,C002444,2023-05-10,2023-05-11,2023-05-26,658102.99,658102.99,PAGADO,completo
PG00006865,C000284,2023-09-23,2023-09-29,2023-10-11,29916.99,14833.3,PAGADO,completo
PG00006866,C000284,2023-10-10,2023-10-12,2023-10-25,26712.83,42453.39,PAGADO,completo
PG00006867,C000284,2023-10-13,2023-10-14,2023-10-28,15146.81,14489.94,PAGADO,completo
PG00006868,C900304,2026-04-01,2026-04-08,2026-04-10,82793.78,190062.91,PAGADO,parcial
PG00006869,C900304,2026-05-11,2026-05-17,2026-05-29,141677.58,34408.45,PAGADO,parcial
PG00006870,C001066,2023-11-12,2023-11-12,2023-11-23,4746.57,4746.57,PAGADO,parcial
PG00006871,C001191,2025-03-30,2025-03-31,2025-07-04,17122.48,17122.48,PAGADO,demorado
PG00006872,C001440,2025-03-24,2025-03-29,2025-04-06,65557.33,109989.44,PAGADO,completo
PG00006873,C001440,2025-05-13,2025-05-13,2025-05-16,61936.28,17504.17,PAGADO,completo
PG00006874,C700148,2025-01-31,2025-02-02,,185167.57,0.0,PENDIENTE,pendiente
PG00006875,C900282,2025-08-29,2025-09-04,2025-09-08,402176.35,402176.35,PAGADO,completo
PG00006876,C900279,2024-05-19,2024-05-25,2024-05-25,57365.04,57365.04,PAGADO,sobrepago_senal
PG00006877,C003498,2025-03-20,2025-03-20,2025-03-21,30349.99,33402.43,PAGADO,completo
PG00006878,C003498,2025-05-07,2025-05-12,2025-05-26,91244.89,11759.92,PAGADO,completo
PG00006879,C003498,2025-06-06,2025-06-14,2025-06-17,20060.56,96493.09,PAGADO,completo
PG00006880,C002738,2023-06-23,2023-06-23,2023-06-29,25647.52,25647.52,PAGADO,parcial
PG00006881,C900199,2025-03-23,2025-03-26,2025-04-13,329722.42,329722.42,PAGADO,completo
PG00006882,C001568,2023-02-14,2023-02-18,2023-02-25,217703.96,217703.96,PAGADO,completo
PG00006883,C002427,2024-01-03,2024-01-03,2024-04-03,6000.52,9518.64,PAGADO,demorado
PG00006884,C002427,2024-01-15,2024-01-21,2024-04-08,9751.64,6233.52,PAGADO,demorado
PG00006885,C700246,2024-03-22,2024-04-01,2024-05-26,591342.52,591342.52,PAGADO,demorado
PG00006886,C002737,2026-04-18,2026-04-23,2026-04-25,66362.31,66362.31,PAGADO,completo
PG00006887,C750091,2025-02-01,2025-02-06,2025-02-18,13954.03,39447.92,PAGADO,completo
PG00006888,C750091,2025-02-13,2025-02-20,2025-03-07,13684.05,13243.45,PAGADO,completo
PG00006889,C750091,2025-03-17,2025-03-25,2025-04-01,51586.66,26533.37,PAGADO,completo
PG00006890,C001687,2023-01-08,2023-01-15,2023-01-18,103407.82,83424.71,PAGADO,completo
PG00006891,C001687,2023-01-29,2023-02-03,2023-02-05,24317.57,44300.68,PAGADO,completo
PG00006892,C000851,2023-04-20,2023-04-20,2023-04-25,3168.89,3371.2,PAGADO,completo
PG00006893,C000851,2023-06-15,2023-06-25,2023-07-12,9896.03,9693.72,PAGADO,completo
PG00006894,C700046,2026-04-28,2026-05-06,2026-05-16,269126.87,288430.68,PAGADO,completo
PG00006895,C700046,2026-04-26,2026-05-06,2026-05-25,439809.95,420506.14,PAGADO,completo
PG00006896,C002207,2025-07-02,2025-07-08,2025-07-16,15972.94,15972.94,PAGADO,completo
PG00006897,C000895,2023-05-25,2023-05-30,2023-06-15,103812.86,103812.86,PAGADO,completo
PG00006898,C000496,2025-01-08,2025-01-16,2025-01-20,105705.5,116568.92,PAGADO,completo
PG00006899,C000496,2025-02-10,2025-02-17,2025-03-04,94933.9,84070.48,PAGADO,completo
PG00006900,C002305,2026-07-10,2026-07-11,2026-07-29,23215.03,7814.13,PAGADO,completo
PG00006901,C002305,2026-07-24,2026-08-03,2026-08-07,15466.57,42705.79,PAGADO,completo
PG00006902,C002305,2026-08-07,2026-08-07,2026-08-07,16617.04,4778.72,PAGADO,completo
PG00006903,C001782,2025-01-06,2025-01-15,2025-01-21,49888.41,49888.41,PAGADO,completo
PG00006904,C000335,2024-10-29,2024-11-04,2024-11-14,53147.76,53147.76,PAGADO,completo
PG00006905,C002839,2026-07-19,2026-07-22,2026-07-30,20787.55,25686.0,PAGADO,sobrepago_senal
PG00006906,C002839,2026-07-04,2026-07-08,2026-07-18,29108.78,24210.33,PAGADO,sobrepago_senal
PG00006907,C003087,2025-03-08,2025-03-15,,12354.38,0.0,PENDIENTE,pendiente
PG00006908,C000515,2023-03-29,2023-04-06,2023-06-21,64222.77,64222.77,PAGADO,demorado
PG00006909,C001348,2024-04-18,2024-04-18,,52723.26,0.0,PENDIENTE,pendiente
PG00006910,C001015,2024-06-20,2024-06-21,,20353.97,0.0,PENDIENTE,pendiente
PG00006911,C002816,2024-02-28,2024-02-28,2024-03-02,28019.49,31539.76,PAGADO,completo
PG00006912,C002816,2024-04-04,2024-04-10,2024-04-10,23139.1,19618.83,PAGADO,completo
PG00006913,C001631,2024-02-08,2024-02-11,2024-02-28,56978.63,56978.63,PAGADO,sobrepago_senal
PG00006914,C002489,2023-09-27,2023-10-01,2023-10-14,25626.08,11305.6,PAGADO,completo
PG00006915,C002489,2023-09-27,2023-09-30,2023-10-10,25919.29,45820.84,PAGADO,completo
PG00006916,C002489,2023-10-13,2023-10-13,2023-10-29,22862.84,17281.77,PAGADO,completo
PG00006917,C700230,2024-11-14,2024-11-22,2024-11-25,320114.84,388525.99,PAGADO,sobrepago_senal
PG00006918,C700230,2024-11-18,2024-11-28,2024-12-03,549616.68,481205.53,PAGADO,sobrepago_senal
PG00006919,C002809,2024-07-09,2024-07-12,2024-07-13,15817.99,15817.99,PAGADO,completo
PG00006920,C003294,2024-07-31,2024-07-31,2024-08-19,27543.26,47466.43,PAGADO,completo
PG00006921,C003294,2024-07-27,2024-07-28,2024-08-16,48162.38,28239.21,PAGADO,completo
PG00006922,C003251,2025-10-14,2025-10-20,2025-10-31,25228.67,41642.71,PAGADO,completo
PG00006923,C003251,2025-10-04,2025-10-09,2025-10-23,19747.44,3333.4,PAGADO,completo
PG00006924,C750084,2026-04-25,2026-05-02,2026-05-06,489444.44,258026.57,PAGADO,completo
PG00006925,C750084,2026-05-21,2026-05-25,2026-05-27,170264.88,401682.75,PAGADO,completo
PG00006926,C800103,2026-05-08,2026-05-11,2026-05-31,222273.9,222273.9,PAGADO,completo
PG00006927,C001781,2025-04-17,2025-04-20,2025-04-20,466036.68,466036.68,PAGADO,completo
PG00006928,C002569,2024-06-02,2024-06-08,2024-06-24,8030.99,11338.28,PAGADO,completo
PG00006929,C002569,2024-06-14,2024-06-22,2024-07-10,28630.33,25323.04,PAGADO,completo
PG00006930,C001785,2025-02-28,2025-03-06,2025-03-11,12184.21,6256.38,PAGADO,completo
PG00006931,C001785,2025-03-26,2025-03-30,2025-04-16,6641.61,9944.49,PAGADO,completo
PG00006932,C001785,2025-03-26,2025-04-04,2025-04-13,1740.66,4365.61,PAGADO,completo
PG00006933,C002070,2024-06-26,2024-06-30,2024-07-10,2137.08,6688.51,PAGADO,completo
PG00006934,C002070,2024-07-22,2024-07-27,2024-07-31,15627.3,11075.87,PAGADO,completo
PG00006935,C000356,2023-08-23,2023-08-29,2023-09-14,19437.42,2677.72,PAGADO,completo
PG00006936,C000356,2023-09-22,2023-09-28,2023-10-14,32189.4,15809.09,PAGADO,completo
PG00006937,C000356,2023-10-10,2023-10-16,2023-10-31,15299.69,48439.7,PAGADO,completo
PG00006938,C800007,2024-10-25,2024-10-30,2024-11-12,118983.65,99093.43,PAGADO,completo
PG00006939,C800007,2024-11-18,2024-11-25,2024-12-15,177521.25,197411.47,PAGADO,completo
PG00006940,C003325,2025-06-30,2025-07-07,2025-07-16,49306.67,49306.67,PAGADO,parcial
PG00006941,C001312,2026-01-10,2026-01-20,2026-01-31,29798.92,26037.44,PAGADO,completo
PG00006942,C001312,2026-02-17,2026-02-24,2026-03-12,43577.99,47339.47,PAGADO,completo
PG00006943,C001635,2026-06-15,2026-06-21,2026-06-26,23458.58,23458.58,PAGADO,completo
PG00006944,C000550,2024-05-24,2024-05-25,2024-05-27,101749.5,101749.5,PAGADO,parcial
PG00006945,C002388,2024-11-01,2024-11-07,2024-11-16,44396.09,29948.04,PAGADO,sobrepago_senal
PG00006946,C002388,2024-10-25,2024-11-02,2024-11-02,11629.5,26077.55,PAGADO,sobrepago_senal
PG00006947,C002479,2024-04-17,2024-04-26,2024-05-06,117183.87,117183.87,PAGADO,completo
PG00006948,C002521,2025-06-24,2025-06-27,,18026.06,0.0,PENDIENTE,pendiente
PG00006949,C002265,2023-07-27,2023-08-04,2023-08-18,3601.31,2254.43,PAGADO,completo
PG00006950,C002265,2023-07-24,2023-08-01,2023-08-04,2805.45,3872.6,PAGADO,completo
PG00006951,C002265,2023-09-03,2023-09-12,2023-10-01,3986.2,4265.93,PAGADO,completo
PG00006952,C002959,2023-09-18,2023-09-26,2023-10-14,68673.01,72254.12,PAGADO,parcial
PG00006953,C002959,2023-10-15,2023-10-25,2023-11-06,115012.76,111431.65,PAGADO,parcial
PG00006954,C001227,2024-04-27,2024-05-07,2024-05-11,22426.81,9566.74,PAGADO,completo
PG00006955,C001227,2024-05-24,2024-05-26,2024-06-06,45935.01,58795.08,PAGADO,completo
PG00006956,C900156,2025-11-02,2025-11-03,2025-11-20,153156.79,261032.43,PAGADO,completo
PG00006957,C900156,2025-11-03,2025-11-05,2025-11-22,97961.31,28852.84,PAGADO,completo
PG00006958,C900156,2025-12-07,2025-12-12,2025-12-15,125545.77,86778.6,PAGADO,completo
PG00006959,C003059,2024-02-12,2024-02-18,,89195.35,0.0,PENDIENTE,pendiente
PG00006960,C000957,2026-07-08,2026-07-16,2026-07-25,71436.61,21710.29,PAGADO,completo
PG00006961,C000957,2026-08-07,2026-08-07,2026-08-07,22306.15,72032.47,PAGADO,completo
PG00006962,C001773,2025-08-23,2025-08-29,,11814.49,0.0,PENDIENTE,pendiente
PG00006963,C002141,2026-02-05,2026-02-12,2026-02-26,77350.17,248749.93,PAGADO,parcial
PG00006964,C002141,2026-03-13,2026-03-16,2026-03-16,277253.99,105854.23,PAGADO,parcial
PG00006965,C001008,2026-02-21,2026-03-03,2026-03-18,44568.53,44568.53,PAGADO,completo
PG00006966,C003118,2024-01-08,2024-01-18,2024-01-21,28249.87,28249.87,PAGADO,completo
PG00006967,C001092,2026-05-22,2026-05-24,2026-06-03,13327.53,14916.22,PAGADO,sobrepago_senal
PG00006968,C001092,2026-06-04,2026-06-07,2026-06-25,13779.45,12190.76,PAGADO,sobrepago_senal
PG00006969,C900144,2024-08-16,2024-08-25,2024-09-02,227838.85,227838.85,PAGADO,completo
PG00006970,C003356,2026-04-05,2026-04-14,2026-04-19,6499.02,7128.02,PAGADO,completo
PG00006971,C003356,2026-05-06,2026-05-10,2026-05-19,2857.51,6001.57,PAGADO,completo
PG00006972,C003356,2026-05-23,2026-05-26,2026-06-12,6682.57,2909.51,PAGADO,completo
PG00006973,C002744,2024-07-15,2024-07-17,,8247.53,0.0,PENDIENTE,pendiente
PG00006974,C800001,2025-05-16,2025-05-16,2025-06-05,81639.14,85345.98,PAGADO,completo
PG00006975,C800001,2025-06-07,2025-06-17,2025-07-02,30402.14,51725.23,PAGADO,completo
PG00006976,C800001,2025-06-11,2025-06-13,2025-06-18,85850.96,60821.03,PAGADO,completo
PG00006977,C000996,2023-03-12,2023-03-22,2023-05-23,12599.21,9569.43,PAGADO,demorado
PG00006978,C000996,2023-04-08,2023-04-17,2023-06-20,7200.4,10230.18,PAGADO,demorado
PG00006979,C700006,2025-01-20,2025-01-25,2025-04-07,595848.42,227426.22,PAGADO,demorado
PG00006980,C700006,2025-01-30,2025-01-30,2025-04-13,59896.32,428318.52,PAGADO,demorado
PG00006981,C001679,2025-02-02,2025-02-07,2025-04-25,70143.4,70143.4,PAGADO,demorado
PG00006982,C000153,2026-05-17,2026-05-25,2026-06-05,134169.38,14521.41,PAGADO,completo
PG00006983,C000153,2026-05-06,2026-05-06,2026-05-06,14369.4,134017.37,PAGADO,completo
PG00006984,C003147,2024-12-17,2024-12-23,,182098.97,0.0,PENDIENTE,pendiente
PG00006985,C002294,2024-07-21,2024-07-30,2024-08-18,13447.05,28089.59,PAGADO,completo
PG00006986,C002294,2024-08-14,2024-08-15,2024-09-03,37611.53,23853.89,PAGADO,completo
PG00006987,C002294,2024-09-11,2024-09-13,2024-09-29,5628.31,4743.41,PAGADO,completo
PG00006988,C002908,2026-06-02,2026-06-06,2026-06-15,7084.88,3265.5,PAGADO,parcial
PG00006989,C002908,2026-06-28,2026-07-02,2026-07-03,9141.22,12960.6,PAGADO,parcial
PG00006990,C002837,2023-11-25,2023-12-05,,9370.85,0.0,PENDIENTE,pendiente
PG00006991,C000580,2023-10-22,2023-10-25,2023-11-12,12727.73,14560.43,PAGADO,completo
PG00006992,C000580,2023-11-15,2023-11-16,2023-11-26,20615.88,18783.18,PAGADO,completo
PG00006993,C001470,2025-06-22,2025-06-26,2025-07-09,51866.45,51866.45,PAGADO,completo
PG00006994,C000703,2023-04-23,2023-05-01,2023-05-19,10078.39,38953.5,PAGADO,completo
PG00006995,C000703,2023-05-08,2023-05-12,2023-05-12,38536.3,12481.34,PAGADO,completo
PG00006996,C000703,2023-06-04,2023-06-06,2023-06-23,35674.04,32853.89,PAGADO,completo
PG00006997,C001212,2025-01-11,2025-01-11,2025-01-11,4780.93,5192.99,PAGADO,completo
PG00006998,C001212,2025-02-10,2025-02-14,2025-03-01,9121.46,7223.23,PAGADO,completo
PG00006999,C001212,2025-03-03,2025-03-12,2025-03-27,6816.64,8302.81,PAGADO,completo
PG00007000,C003343,2023-10-09,2023-10-11,2023-10-14,102900.75,69840.02,PAGADO,completo
PG00007001,C003343,2023-10-11,2023-10-14,2023-10-24,49469.53,82530.26,PAGADO,completo
PG00007002,C000896,2023-05-14,2023-05-20,2023-05-25,95537.17,76103.93,PAGADO,completo
PG00007003,C000896,2023-06-05,2023-06-08,2023-06-22,9802.0,29235.24,PAGADO,completo
PG00007004,C003308,2025-12-17,2025-12-21,2025-12-31,87710.04,87710.04,PAGADO,parcial
PG00007005,C000487,2024-01-15,2024-01-21,2024-01-24,602501.28,602501.28,PAGADO,sobrepago_senal
PG00007006,C700172,2025-03-14,2025-03-18,,129824.83,0.0,PENDIENTE,pendiente
PG00007007,C000559,2024-06-02,2024-06-06,2024-06-24,98348.11,17346.33,PAGADO,parcial
PG00007008,C000559,2024-06-01,2024-06-11,2024-06-22,29728.06,110729.84,PAGADO,parcial
PG00007009,C001141,2024-04-02,2024-04-09,2024-04-28,141785.76,187063.35,PAGADO,completo
PG00007010,C001141,2024-05-03,2024-05-05,2024-05-23,103661.1,243040.6,PAGADO,completo
PG00007011,C001141,2024-05-14,2024-05-21,2024-05-28,312370.09,127713.0,PAGADO,completo
PG00007012,C700209,2024-12-31,2025-01-08,2025-01-12,211350.84,211350.84,PAGADO,completo
PG00007013,C001119,2025-06-10,2025-06-20,2025-07-10,22156.44,18509.08,PAGADO,completo
PG00007014,C001119,2025-06-16,2025-06-22,2025-07-02,14960.73,18608.09,PAGADO,completo
PG00007015,C002849,2024-11-01,2024-11-04,2024-11-23,5543.9,6285.17,PAGADO,completo
PG00007016,C002849,2024-11-22,2024-11-26,2024-12-01,14803.73,2517.3,PAGADO,completo
PG00007017,C002849,2024-12-03,2024-12-08,2024-12-15,9509.51,21054.67,PAGADO,completo
PG00007018,C750037,2024-06-21,2024-07-01,2024-07-17,40452.56,14670.16,PAGADO,parcial
PG00007019,C750037,2024-07-21,2024-07-28,2024-08-01,32050.11,57832.51,PAGADO,parcial
PG00007020,C000512,2023-09-17,2023-09-26,2023-10-14,19410.69,26488.31,PAGADO,completo
PG00007021,C000512,2023-11-02,2023-11-09,2023-11-19,14218.56,7140.94,PAGADO,completo
PG00007022,C000633,2025-02-24,2025-02-27,2025-02-28,2693.88,2937.71,PAGADO,completo
PG00007023,C000633,2025-03-15,2025-03-19,2025-04-03,2142.42,1898.59,PAGADO,completo
PG00007024,C900008,2025-08-01,2025-08-05,2025-08-05,113504.33,58398.19,PAGADO,completo
PG00007025,C900008,2025-08-02,2025-08-04,2025-08-04,289775.35,344881.49,PAGADO,completo
PG00007026,C001664,2025-04-11,2025-04-13,2025-04-19,52384.66,40828.93,PAGADO,completo
PG00007027,C001664,2025-04-29,2025-04-30,2025-05-08,23320.98,34876.71,PAGADO,completo
PG00007028,C001012,2023-09-16,2023-09-20,2023-09-24,33864.63,74179.97,PAGADO,completo
PG00007029,C001012,2023-10-25,2023-10-29,2023-11-13,38733.23,20585.4,PAGADO,completo
PG00007030,C001012,2023-11-07,2023-11-15,2023-11-24,53221.81,31054.3,PAGADO,completo
PG00007031,C001931,2026-07-14,2026-07-21,2026-07-27,412.26,579.68,PAGADO,completo
PG00007032,C001931,2026-08-07,2026-08-07,2026-08-07,552.48,813.3,PAGADO,completo
PG00007033,C001931,2026-08-07,2026-08-07,2026-08-07,791.25,363.01,PAGADO,completo
PG00007034,C900095,2025-05-18,2025-05-20,2025-05-29,78927.25,89280.93,PAGADO,completo
PG00007035,C900095,2025-06-10,2025-06-15,2025-06-18,83333.96,120975.04,PAGADO,completo
PG00007036,C900095,2025-06-14,2025-06-23,2025-06-27,124578.81,76584.05,PAGADO,completo
PG00007037,C001150,2024-08-21,2024-08-25,2024-09-04,22014.89,22014.89,PAGADO,completo
PG00007038,C002838,2024-10-20,2024-10-25,2024-11-07,23765.84,24332.9,PAGADO,completo
PG00007039,C002838,2024-11-02,2024-11-11,2024-11-29,38698.11,20719.09,PAGADO,completo
PG00007040,C002838,2024-11-24,2024-11-26,2024-11-29,13781.36,31193.32,PAGADO,completo
PG00007041,C900283,2025-11-11,2025-11-16,2025-12-01,146026.13,146026.13,PAGADO,completo
PG00007042,C000116,2023-06-09,2023-06-09,2023-06-10,31581.13,31581.13,PAGADO,parcial
PG00007043,C700045,2025-08-04,2025-08-09,2025-08-20,430082.93,430082.93,PAGADO,parcial
PG00007044,C000740,2024-06-09,2024-06-13,2024-06-14,23929.76,17128.95,PAGADO,completo
PG00007045,C000740,2024-06-10,2024-06-13,2024-06-14,44708.29,51509.1,PAGADO,completo
PG00007046,C900250,2024-09-16,2024-09-20,2024-09-21,49912.32,121624.84,PAGADO,completo
PG00007047,C900250,2024-10-12,2024-10-18,2024-10-25,108121.82,36409.3,PAGADO,completo
PG00007048,C001974,2026-02-22,2026-03-02,2026-03-14,185964.91,185964.91,PAGADO,completo
PG00007049,C001081,2024-03-06,2024-03-06,2024-03-25,2711.4,24840.67,PAGADO,completo
PG00007050,C001081,2024-03-30,2024-03-30,2024-04-09,27402.29,11091.37,PAGADO,completo
PG00007051,C001081,2024-05-11,2024-05-13,2024-05-20,31323.47,25505.12,PAGADO,completo
PG00007052,C700175,2024-05-13,2024-05-13,2024-05-13,302378.21,302378.21,PAGADO,completo
PG00007053,C001810,2024-06-16,2024-06-25,2024-07-07,41223.62,30340.27,PAGADO,completo
PG00007054,C001810,2024-06-13,2024-06-22,2024-06-28,30838.3,53267.4,PAGADO,completo
PG00007055,C001810,2024-08-04,2024-08-10,2024-08-18,22505.18,10959.43,PAGADO,completo
PG00007056,C000830,2025-08-21,2025-08-29,2025-08-30,39930.92,66620.83,PAGADO,sobrepago_senal
PG00007057,C000830,2025-08-29,2025-09-01,2025-09-12,42738.96,16049.05,PAGADO,sobrepago_senal
PG00007058,C000119,2025-04-16,2025-04-22,2025-04-24,21358.1,21358.1,PAGADO,completo
PG00007059,C000656,2024-03-26,2024-04-03,2024-04-14,34558.35,19466.85,PAGADO,completo
PG00007060,C000656,2024-04-19,2024-04-19,2024-05-02,84701.46,35153.69,PAGADO,completo
PG00007061,C000656,2024-05-20,2024-05-23,2024-05-26,42822.36,107461.63,PAGADO,completo
PG00007062,C900225,2026-05-28,2026-05-31,2026-08-04,5249.94,132706.28,PAGADO,demorado
PG00007063,C900225,2026-06-10,2026-06-17,2026-08-06,231022.7,103566.36,PAGADO,demorado
PG00007064,C900173,2024-09-06,2024-09-06,2024-09-14,75705.64,75705.64,PAGADO,completo
PG00007065,C001129,2023-09-04,2023-09-13,2023-09-28,24095.75,66948.31,PAGADO,completo
PG00007066,C001129,2023-09-23,2023-09-24,2023-10-09,40378.36,18047.24,PAGADO,completo
PG00007067,C001129,2023-11-01,2023-11-06,2023-11-11,43051.7,22530.26,PAGADO,completo
PG00007068,C000635,2025-03-23,2025-03-25,2025-04-04,8896.69,42459.16,PAGADO,completo
PG00007069,C000635,2025-03-12,2025-03-15,2025-03-24,32964.45,26062.26,PAGADO,completo
PG00007070,C000635,2025-05-03,2025-05-05,2025-05-15,39319.78,12659.5,PAGADO,completo
PG00007071,C000369,2023-02-18,2023-02-24,2023-03-07,51633.58,51633.58,PAGADO,completo
PG00007072,C000268,2026-05-14,2026-05-19,2026-05-22,25455.07,48404.29,PAGADO,completo
PG00007073,C000268,2026-05-26,2026-05-28,2026-06-04,59733.9,36784.68,PAGADO,completo
PG00007074,C002703,2024-08-22,2024-08-31,2024-09-20,110980.82,146140.92,PAGADO,completo
PG00007075,C002703,2024-09-12,2024-09-20,2024-10-09,93177.51,42949.45,PAGADO,completo
PG00007076,C002703,2024-09-23,2024-09-26,2024-10-02,69633.35,84701.31,PAGADO,completo
PG00007077,C900013,2024-05-16,2024-05-18,2024-06-04,617124.27,617124.27,PAGADO,completo
PG00007078,C002983,2026-06-28,2026-06-30,2026-07-19,50772.34,35523.95,PAGADO,completo
PG00007079,C002983,2026-06-19,2026-06-24,2026-07-04,56988.89,72237.28,PAGADO,completo
PG00007080,C002870,2025-02-22,2025-03-02,2025-03-11,17600.8,7109.29,PAGADO,completo
PG00007081,C002870,2025-04-11,2025-04-16,2025-04-27,36265.3,12162.29,PAGADO,completo
PG00007082,C002870,2025-04-27,2025-05-07,2025-05-25,16736.6,51331.12,PAGADO,completo
PG00007083,C002914,2023-04-14,2023-04-20,2023-04-26,19611.15,12610.32,PAGADO,completo
PG00007084,C002914,2023-05-07,2023-05-12,2023-05-17,18894.19,25895.02,PAGADO,completo
PG00007085,C000046,2024-07-24,2024-07-30,2024-08-19,57142.25,52957.3,PAGADO,parcial
PG00007086,C000046,2024-08-27,2024-08-28,2024-08-29,32953.09,37138.04,PAGADO,parcial
PG00007087,C003421,2024-11-30,2024-11-30,2024-12-05,49291.85,46175.06,PAGADO,completo
PG00007088,C003421,2025-01-14,2025-01-14,2025-01-16,43811.67,27549.9,PAGADO,completo
PG00007089,C003421,2025-01-31,2025-02-07,2025-02-14,11141.99,30520.55,PAGADO,completo
PG00007090,C900262,2025-07-09,2025-07-11,2025-07-26,156738.08,156738.08,PAGADO,completo
PG00007091,C000991,2026-04-14,2026-04-15,2026-04-28,39926.9,10857.08,PAGADO,completo
PG00007092,C000991,2026-05-11,2026-05-18,2026-06-07,11114.24,40184.06,PAGADO,completo
PG00007093,C000876,2026-06-18,2026-06-18,2026-06-23,24274.68,30596.73,PAGADO,completo
PG00007094,C000876,2026-06-14,2026-06-17,2026-06-19,46032.6,28224.46,PAGADO,completo
PG00007095,C000876,2026-07-09,2026-07-09,2026-07-24,7070.81,18556.9,PAGADO,completo
PG00007096,C000773,2023-11-22,2023-11-29,2023-12-16,14750.55,14750.55,PAGADO,parcial
PG00007097,C001219,2023-09-28,2023-10-03,2023-10-06,11168.43,18227.73,PAGADO,completo
PG00007098,C001219,2023-09-30,2023-10-01,2023-10-07,24661.83,17602.53,PAGADO,completo
PG00007099,C001126,2025-10-30,2025-11-03,2025-11-10,52144.83,112759.13,PAGADO,parcial
PG00007100,C001126,2025-11-29,2025-12-06,2025-12-20,150158.12,89543.82,PAGADO,parcial
PG00007101,C000004,2025-06-18,2025-06-23,2025-06-23,9510.95,16456.81,PAGADO,completo
PG00007102,C000004,2025-06-30,2025-07-01,2025-07-08,15369.75,8423.89,PAGADO,completo
PG00007103,C700191,2025-10-04,2025-10-11,2025-10-20,372196.51,372196.51,PAGADO,parcial
PG00007104,C003051,2023-03-22,2023-03-24,2023-04-07,13221.86,20973.18,PAGADO,completo
PG00007105,C003051,2023-03-30,2023-04-08,2023-04-18,13914.29,12216.47,PAGADO,completo
PG00007106,C003051,2023-04-15,2023-04-16,2023-05-02,14070.08,8016.58,PAGADO,completo
PG00007107,C001595,2023-08-26,2023-09-03,2023-11-29,105493.16,105493.16,PAGADO,demorado
PG00007108,C003124,2025-05-09,2025-05-19,2025-05-31,22723.89,30942.22,PAGADO,completo
PG00007109,C003124,2025-05-16,2025-05-26,2025-06-14,26355.95,18137.62,PAGADO,completo
PG00007110,C002311,2026-04-18,2026-04-22,2026-04-28,95671.53,103346.97,PAGADO,completo
PG00007111,C002311,2026-04-15,2026-04-15,2026-04-20,89858.94,82183.5,PAGADO,completo
PG00007112,C003040,2024-06-27,2024-07-03,2024-07-17,46778.97,25488.4,PAGADO,completo
PG00007113,C003040,2024-07-04,2024-07-14,2024-07-21,17743.97,38496.53,PAGADO,completo
PG00007114,C003040,2024-07-05,2024-07-09,2024-07-29,12823.03,13361.04,PAGADO,completo
PG00007115,C002660,2025-12-24,2025-12-30,2026-01-16,2017.01,2376.36,PAGADO,completo
PG00007116,C002660,2026-01-12,2026-01-19,2026-01-21,6554.37,5150.23,PAGADO,completo
PG00007117,C002660,2026-02-04,2026-02-13,2026-03-02,2332.28,3377.07,PAGADO,completo
PG00007118,C002491,2023-11-11,2023-11-12,2023-11-29,68228.28,68228.28,PAGADO,completo
PG00007119,C003050,2024-11-08,2024-11-17,2025-02-17,50065.22,32997.16,PAGADO,demorado
PG00007120,C003050,2024-10-31,2024-11-08,2025-02-18,22143.46,39211.52,PAGADO,demorado
PG00007121,C001077,2023-03-26,2023-03-28,,30041.44,0.0,PENDIENTE,pendiente
PG00007122,C750069,2025-03-11,2025-03-17,2025-04-02,104194.0,104194.0,PAGADO,completo
PG00007123,C000837,2023-11-23,2023-12-03,2023-12-11,2960.7,3252.36,PAGADO,parcial
PG00007124,C000837,2023-12-30,2024-01-02,2024-01-11,8637.78,8346.12,PAGADO,parcial
PG00007125,C000681,2023-06-22,2023-06-22,2023-07-05,21647.63,27231.04,PAGADO,completo
PG00007126,C000681,2023-07-06,2023-07-10,2023-07-27,35217.19,29633.78,PAGADO,completo
PG00007127,C001715,2025-06-18,2025-06-20,2025-07-05,32674.83,32674.83,PAGADO,completo
PG00007128,C002352,2024-09-07,2024-09-07,2024-09-09,12118.56,24154.38,PAGADO,completo
PG00007129,C002352,2024-09-24,2024-10-02,2024-10-10,43751.98,6938.14,PAGADO,completo
PG00007130,C002352,2024-11-12,2024-11-14,2024-11-20,19835.1,44613.12,PAGADO,completo
PG00007131,C003413,2024-03-03,2024-03-12,2024-03-14,171394.31,171394.31,PAGADO,completo
PG00007132,C002617,2025-07-12,2025-07-22,2025-07-26,25373.63,4091.85,PAGADO,completo
PG00007133,C002617,2025-07-30,2025-07-31,2025-08-19,6821.61,28103.39,PAGADO,completo
PG00007134,C002361,2025-05-31,2025-06-08,2025-06-10,91446.17,91446.17,PAGADO,completo
PG00007135,C002197,2023-09-01,2023-09-08,2023-09-10,9605.3,9605.3,PAGADO,completo
PG00007136,C001148,2024-04-13,2024-04-19,,16102.9,0.0,PENDIENTE,pendiente
PG00007137,C003261,2024-04-26,2024-05-04,,53363.97,0.0,PENDIENTE,pendiente
PG00007138,C000574,2024-07-27,2024-08-01,,26846.96,0.0,PENDIENTE,pendiente
PG00007139,C700269,2024-10-17,2024-10-22,,276214.58,0.0,PENDIENTE,pendiente
PG00007140,C700236,2026-07-22,2026-07-31,2026-08-07,281687.41,257004.54,PAGADO,completo
PG00007141,C700236,2026-08-03,2026-08-07,2026-08-07,387142.88,132714.07,PAGADO,completo
PG00007142,C700236,2026-08-07,2026-08-07,2026-08-07,25292.18,304403.86,PAGADO,completo
PG00007143,C000050,2025-10-17,2025-10-20,2025-10-31,8415.16,20119.95,PAGADO,parcial
PG00007144,C000050,2025-10-22,2025-10-29,2025-11-11,19782.66,8077.87,PAGADO,parcial
PG00007145,C000853,2024-07-23,2024-07-26,2024-07-31,231559.91,231559.91,PAGADO,completo
PG00007146,C001982,2026-07-27,2026-07-30,2026-08-07,8172.26,8172.26,PAGADO,completo
PG00007147,C002774,2023-06-12,2023-06-13,2023-06-15,132027.5,132027.5,PAGADO,completo
PG00007148,C001823,2025-06-09,2025-06-14,2025-07-04,11852.99,2266.8,PAGADO,completo
PG00007149,C001823,2025-06-15,2025-06-20,2025-06-28,4270.7,4808.42,PAGADO,completo
PG00007150,C001823,2025-07-09,2025-07-17,2025-07-31,405.49,9453.96,PAGADO,completo
PG00007151,C000833,2026-01-25,2026-02-02,2026-02-19,16847.18,26029.98,PAGADO,parcial
PG00007152,C000833,2026-03-03,2026-03-05,2026-03-25,24595.55,15412.75,PAGADO,parcial
PG00007153,C003425,2024-06-18,2024-06-23,2024-07-10,53462.84,53462.84,PAGADO,parcial
PG00007154,C001115,2023-04-13,2023-04-20,2023-04-20,22464.63,36546.33,PAGADO,completo
PG00007155,C001115,2023-05-05,2023-05-08,2023-05-12,77182.52,53989.05,PAGADO,completo
PG00007156,C001115,2023-05-18,2023-05-23,2023-05-28,79355.18,88466.95,PAGADO,completo
PG00007157,C001166,2023-06-26,2023-06-28,2023-06-29,18056.7,19539.49,PAGADO,completo
PG00007158,C001166,2023-07-12,2023-07-16,2023-08-01,9126.91,7588.89,PAGADO,completo
PG00007159,C001166,2023-08-18,2023-08-23,2023-08-31,10205.18,10260.41,PAGADO,completo
PG00007160,C002518,2024-07-24,2024-07-26,2024-08-12,13585.78,13585.78,PAGADO,completo
PG00007161,C001906,2025-07-18,2025-07-18,2025-08-06,16862.61,11017.69,PAGADO,parcial
PG00007162,C001906,2025-09-01,2025-09-03,2025-09-14,12368.76,18213.68,PAGADO,parcial
PG00007163,C000971,2026-01-15,2026-01-18,2026-01-25,49575.69,49575.69,PAGADO,completo
PG00007164,C002701,2023-02-16,2023-02-19,2023-02-19,35911.27,24730.8,PAGADO,completo
PG00007165,C002701,2023-03-25,2023-04-04,2023-04-08,55661.13,66841.6,PAGADO,completo
PG00007166,C000399,2023-09-23,2023-09-24,2023-09-29,32677.8,32677.8,PAGADO,parcial
PG00007167,C002559,2024-11-09,2024-11-14,2024-11-16,23132.89,23132.89,PAGADO,completo
PG00007168,C750062,2025-04-06,2025-04-15,2025-05-04,62986.1,107652.97,PAGADO,parcial
PG00007169,C750062,2025-05-05,2025-05-09,2025-05-11,58704.89,14038.02,PAGADO,parcial
PG00007170,C002368,2023-11-03,2023-11-07,2023-11-18,96928.53,122872.77,PAGADO,parcial
PG00007171,C002368,2023-11-27,2023-12-05,2023-12-14,53446.79,27502.55,PAGADO,parcial
PG00007172,C000019,2025-10-26,2025-10-28,2025-12-17,59879.19,59879.19,PAGADO,demorado
PG00007173,C000684,2024-04-16,2024-04-23,2024-04-23,62274.86,62274.86,PAGADO,completo
PG00007174,C000035,2025-03-19,2025-03-26,,99625.55,0.0,PENDIENTE,pendiente
PG00007175,C900018,2025-12-15,2025-12-22,2026-01-06,88909.89,131883.16,PAGADO,completo
PG00007176,C900018,2025-12-23,2025-12-27,2026-01-03,107816.85,64843.58,PAGADO,completo
PG00007177,C002950,2025-04-24,2025-04-24,2025-04-25,48058.75,48058.75,PAGADO,completo
PG00007178,C900300,2024-08-02,2024-08-06,2024-08-15,100149.27,100149.27,PAGADO,completo
PG00007179,C002875,2023-07-16,2023-07-23,2023-08-04,6351.55,12196.79,PAGADO,completo
PG00007180,C002875,2023-07-16,2023-07-19,2023-08-06,19839.3,4571.79,PAGADO,completo
PG00007181,C002875,2023-07-31,2023-08-09,2023-08-11,7264.04,16686.31,PAGADO,completo
PG00007182,C000524,2026-04-11,2026-04-19,2026-05-08,193313.13,279386.69,PAGADO,completo
PG00007183,C000524,2026-04-14,2026-04-17,2026-04-20,123509.45,29020.18,PAGADO,completo
PG00007184,C000524,2026-04-28,2026-05-05,2026-05-24,51430.98,59846.69,PAGADO,completo
PG00007185,C002455,2026-02-27,2026-03-01,2026-03-14,25429.69,9414.1,PAGADO,completo
PG00007186,C002455,2026-02-22,2026-03-02,2026-03-13,4931.88,22178.4,PAGADO,completo
PG00007187,C002455,2026-03-18,2026-03-18,2026-03-21,18477.32,17246.39,PAGADO,completo
PG00007188,C000920,2025-08-12,2025-08-13,2025-08-22,69223.81,88585.08,PAGADO,completo
PG00007189,C000920,2025-08-20,2025-08-21,2025-09-05,171056.21,151694.94,PAGADO,completo
PG00007190,C001841,2025-12-30,2026-01-05,2026-01-10,4641.85,8777.48,PAGADO,parcial
PG00007191,C001841,2026-01-15,2026-01-15,2026-01-30,13030.85,8895.22,PAGADO,parcial
PG00007192,C001890,2023-03-04,2023-03-06,2023-03-20,24061.33,41351.66,PAGADO,completo
PG00007193,C001890,2023-03-14,2023-03-16,2023-03-29,116109.0,98818.67,PAGADO,completo
PG00007194,C000537,2025-08-22,2025-08-24,2025-09-13,3772.56,3687.24,PAGADO,completo
PG00007195,C000537,2025-09-19,2025-09-22,2025-09-29,15145.31,9644.13,PAGADO,completo
PG00007196,C000537,2025-09-09,2025-09-10,2025-09-30,6167.56,11754.06,PAGADO,completo
PG00007197,C002806,2023-03-02,2023-03-08,2023-03-13,17565.31,17565.31,PAGADO,completo
PG00007198,C001705,2024-04-24,2024-05-01,,39314.82,0.0,PENDIENTE,pendiente
PG00007199,C800051,2025-02-25,2025-03-05,2025-03-08,53385.6,41479.62,PAGADO,parcial
PG00007200,C800051,2025-03-27,2025-04-02,2025-04-07,68969.33,80875.31,PAGADO,parcial
PG00007201,C003110,2024-03-12,2024-03-17,2024-04-06,82338.82,120732.43,PAGADO,completo
PG00007202,C003110,2024-04-10,2024-04-19,2024-04-21,50648.64,34548.83,PAGADO,completo
PG00007203,C003110,2024-04-14,2024-04-17,2024-05-05,104873.64,82579.84,PAGADO,completo
PG00007204,C003247,2024-11-29,2024-12-07,2024-12-08,4999.53,15948.01,PAGADO,completo
PG00007205,C003247,2024-12-28,2024-12-28,2025-01-04,25607.94,13569.0,PAGADO,completo
PG00007206,C003247,2025-01-08,2025-01-15,2025-01-21,13155.92,14246.38,PAGADO,completo
PG00007207,C000245,2024-01-19,2024-01-21,2024-02-02,5783.14,9223.46,PAGADO,completo
PG00007208,C000245,2024-03-02,2024-03-06,2024-03-06,9552.01,11812.35,PAGADO,completo
PG00007209,C000245,2024-03-25,2024-04-03,2024-04-22,11651.27,5950.61,PAGADO,completo
PG00007210,C900004,2026-04-11,2026-04-18,2026-04-30,17913.48,6547.92,PAGADO,completo
PG00007211,C900004,2026-05-01,2026-05-03,2026-05-13,33633.85,44999.41,PAGADO,completo
PG00007212,C003464,2023-11-19,2023-11-28,2023-12-12,49413.66,49413.66,PAGADO,completo
PG00007213,C003175,2024-10-01,2024-10-06,2024-10-15,38812.26,14743.15,PAGADO,parcial
PG00007214,C003175,2024-11-16,2024-11-24,2024-12-13,31913.43,55982.54,PAGADO,parcial
PG00007215,C000784,2024-01-28,2024-01-28,2024-02-07,83145.89,83145.89,PAGADO,parcial
PG00007216,C001409,2023-03-04,2023-03-07,2023-03-12,53018.78,53018.78,PAGADO,completo
PG00007217,C002537,2023-01-26,2023-02-02,,133207.16,0.0,PENDIENTE,pendiente
PG00007218,C000154,2024-02-14,2024-02-16,2024-02-23,19098.9,30266.97,PAGADO,completo
PG00007219,C000154,2024-02-27,2024-02-28,2024-03-10,53726.18,23235.85,PAGADO,completo
PG00007220,C000154,2024-04-21,2024-04-23,2024-05-02,11008.01,30330.27,PAGADO,completo
PG00007221,C700210,2025-11-22,2025-11-23,2025-12-06,211248.72,374015.04,PAGADO,completo
PG00007222,C700210,2025-12-10,2025-12-14,2025-12-18,381322.41,218556.09,PAGADO,completo
PG00007223,C003009,2024-10-19,2024-10-27,2024-11-07,58895.89,58895.89,PAGADO,completo
PG00007224,C001686,2025-05-06,2025-05-08,2025-05-16,10775.67,5215.44,PAGADO,completo
PG00007225,C001686,2025-05-13,2025-05-21,2025-05-22,1427.55,7728.12,PAGADO,completo
PG00007226,C001686,2025-07-03,2025-07-08,2025-07-12,2661.08,1920.74,PAGADO,completo
PG00007227,C002901,2023-09-07,2023-09-16,,7956.63,0.0,PENDIENTE,pendiente
PG00007228,C003359,2025-12-26,2026-01-03,,209870.59,0.0,PENDIENTE,pendiente
PG00007229,C000625,2024-10-21,2024-10-21,2024-12-14,21595.49,21595.49,PAGADO,demorado
PG00007230,C750078,2025-06-21,2025-06-29,2025-07-17,545045.96,545045.96,PAGADO,completo
PG00007231,C002733,2023-05-31,2023-06-05,2023-06-11,8679.26,10056.74,PAGADO,completo
PG00007232,C002733,2023-06-08,2023-06-18,2023-07-04,9772.75,8395.27,PAGADO,completo
PG00007233,C001895,2024-01-14,2024-01-24,2024-01-28,6238.12,22264.87,PAGADO,completo
PG00007234,C001895,2024-01-30,2024-02-07,2024-02-17,19290.87,6692.7,PAGADO,completo
PG00007235,C001895,2024-02-21,2024-02-28,2024-03-08,8452.05,5023.47,PAGADO,completo
PG00007236,C001346,2026-04-02,2026-04-04,,100210.07,0.0,PENDIENTE,pendiente
PG00007237,C000569,2023-09-11,2023-09-11,2023-11-16,286581.87,286581.87,PAGADO,demorado
PG00007238,C800053,2025-03-02,2025-03-02,2025-03-05,68641.31,63582.51,PAGADO,sobrepago_senal
PG00007239,C800053,2025-03-29,2025-03-31,2025-04-05,84439.22,89498.02,PAGADO,sobrepago_senal
PG00007240,C001758,2023-02-15,2023-02-21,2023-02-25,19902.2,19902.2,PAGADO,completo
PG00007241,C001816,2026-07-11,2026-07-16,2026-07-22,26052.22,26052.22,PAGADO,completo
PG00007242,C002065,2024-09-29,2024-10-08,2024-10-14,8821.51,12721.02,PAGADO,completo
PG00007243,C002065,2024-10-13,2024-10-14,2024-10-22,21718.57,17780.31,PAGADO,completo
PG00007244,C002065,2024-10-28,2024-11-02,2024-11-11,7005.52,7044.27,PAGADO,completo
PG00007245,C000127,2023-07-22,2023-07-31,2023-08-04,53607.97,30518.85,PAGADO,completo
PG00007246,C000127,2023-08-19,2023-08-20,2023-08-25,80581.53,103670.65,PAGADO,completo
PG00007247,C003394,2023-01-29,2023-01-30,2023-02-19,30742.08,26803.93,PAGADO,completo
PG00007248,C003394,2023-03-02,2023-03-05,2023-03-21,12330.89,16269.04,PAGADO,completo
PG00007249,C003327,2023-06-23,2023-07-02,2023-07-02,316792.48,162324.82,PAGADO,completo
PG00007250,C003327,2023-07-06,2023-07-09,2023-07-29,38949.01,193416.67,PAGADO,completo
PG00007251,C800096,2024-05-15,2024-05-24,2024-06-01,91217.38,91217.38,PAGADO,parcial
PG00007252,C002006,2024-09-03,2024-09-13,2024-09-26,227267.1,227267.1,PAGADO,parcial
PG00007253,C002975,2026-04-07,2026-04-16,2026-04-18,19493.42,22019.51,PAGADO,completo
PG00007254,C002975,2026-04-28,2026-05-02,2026-05-14,28597.07,26070.98,PAGADO,completo
PG00007255,C000980,2023-08-16,2023-08-26,2023-09-07,7423.13,1933.54,PAGADO,completo
PG00007256,C000980,2023-08-22,2023-08-26,2023-08-31,12980.68,18735.64,PAGADO,completo
PG00007257,C000980,2023-10-05,2023-10-11,2023-10-18,6045.66,5780.29,PAGADO,completo
PG00007258,C002300,2024-03-21,2024-03-23,2024-04-10,22006.52,10023.92,PAGADO,completo
PG00007259,C002300,2024-03-30,2024-04-09,2024-04-15,21133.23,33115.83,PAGADO,completo
PG00007260,C000190,2024-03-14,2024-03-20,2024-03-27,9255.47,15620.33,PAGADO,parcial
PG00007261,C000190,2024-03-24,2024-04-02,2024-04-11,11789.34,5424.48,PAGADO,parcial
PG00007262,C001139,2024-02-08,2024-02-17,,38193.58,0.0,PENDIENTE,pendiente
PG00007263,C000992,2025-03-11,2025-03-19,2025-03-24,20821.78,20821.78,PAGADO,completo
PG00007264,C000699,2024-10-14,2024-10-19,2024-11-02,22727.79,90295.99,PAGADO,completo
PG00007265,C000699,2024-10-10,2024-10-19,2024-10-19,102925.51,35357.31,PAGADO,completo
PG00007266,C900226,2024-04-02,2024-04-10,2024-04-25,15862.51,114057.29,PAGADO,completo
PG00007267,C900226,2024-04-17,2024-04-17,2024-05-01,224091.21,125896.43,PAGADO,completo
PG00007268,C000606,2024-06-15,2024-06-20,2024-06-20,35944.07,32359.67,PAGADO,completo
PG00007269,C000606,2024-07-08,2024-07-16,2024-07-28,39464.21,43048.61,PAGADO,completo
PG00007270,C000180,2024-09-03,2024-09-08,2024-09-15,38644.29,38644.29,PAGADO,parcial
PG00007271,C000301,2025-08-31,2025-09-09,2025-09-16,18370.86,18370.86,PAGADO,completo
PG00007272,C002544,2025-06-30,2025-07-09,2025-07-22,103124.0,103124.0,PAGADO,completo
PG00007273,C003420,2025-03-05,2025-03-09,2025-05-04,34404.15,34404.15,PAGADO,demorado
PG00007274,C900263,2024-06-01,2024-06-07,2024-06-12,53449.5,53449.5,PAGADO,completo
PG00007275,C001060,2026-01-17,2026-01-26,2026-01-27,23390.69,38559.55,PAGADO,completo
PG00007276,C001060,2026-02-05,2026-02-11,2026-02-13,32670.37,17501.51,PAGADO,completo
PG00007277,C001768,2023-10-31,2023-11-08,2023-11-25,6973.99,892.66,PAGADO,completo
PG00007278,C001768,2023-12-07,2023-12-13,2024-01-02,8335.31,6848.64,PAGADO,completo
PG00007279,C001768,2023-12-27,2023-12-29,2024-01-18,13174.17,20742.17,PAGADO,completo
PG00007280,C900085,2024-08-24,2024-08-24,2024-08-25,331045.29,331045.29,PAGADO,completo
PG00007281,C002146,2023-04-02,2023-04-08,2023-04-14,67726.53,67726.53,PAGADO,completo
PG00007282,C002565,2024-03-28,2024-04-02,2024-04-08,267732.57,267732.57,PAGADO,completo
PG00007283,C800104,2026-05-13,2026-05-18,2026-05-31,219911.83,219911.83,PAGADO,completo
PG00007284,C001069,2025-11-04,2025-11-09,,26337.89,0.0,PENDIENTE,pendiente
PG00007285,C002524,2025-10-09,2025-10-16,2025-11-05,33171.79,25610.29,PAGADO,completo
PG00007286,C002524,2025-10-24,2025-10-27,2025-11-02,5807.37,13368.87,PAGADO,completo
PG00007287,C002205,2025-05-04,2025-05-06,2025-05-10,3739.4,3378.16,PAGADO,sobrepago_senal
PG00007288,C002205,2025-06-07,2025-06-14,2025-06-18,7899.38,8260.62,PAGADO,sobrepago_senal
PG00007289,C001243,2026-02-25,2026-02-27,2026-03-19,55359.27,114193.77,PAGADO,completo
PG00007290,C001243,2026-04-08,2026-04-08,2026-04-12,95082.32,36247.82,PAGADO,completo
PG00007291,C003243,2024-11-09,2024-11-18,2024-12-08,53420.29,69265.79,PAGADO,parcial
PG00007292,C003243,2024-11-12,2024-11-18,2024-12-04,37705.06,21859.56,PAGADO,parcial
PG00007293,C000016,2023-08-28,2023-09-07,2023-09-22,36271.36,19660.69,PAGADO,completo
PG00007294,C000016,2023-08-23,2023-08-31,2023-08-31,40857.38,29464.27,PAGADO,completo
PG00007295,C000016,2023-09-03,2023-09-09,2023-09-16,15352.96,43356.74,PAGADO,completo
PG00007296,C700083,2025-05-12,2025-05-18,2025-05-19,184194.9,159797.91,PAGADO,completo
PG00007297,C700083,2025-05-25,2025-05-30,2025-06-09,343007.9,571276.01,PAGADO,completo
PG00007298,C700083,2025-06-29,2025-07-04,2025-07-11,286257.58,82386.46,PAGADO,completo
PG00007299,C003120,2026-02-21,2026-03-01,2026-03-06,96630.31,161917.08,PAGADO,completo
PG00007300,C003120,2026-02-12,2026-02-16,2026-02-26,129585.77,59160.83,PAGADO,completo
PG00007301,C003120,2026-03-09,2026-03-14,2026-03-30,62360.79,67498.96,PAGADO,completo
PG00007302,C001215,2024-01-08,2024-01-11,,12088.87,0.0,PENDIENTE,pendiente
PG00007303,C000546,2025-04-04,2025-04-08,2025-04-11,10124.8,14649.76,PAGADO,completo
PG00007304,C000546,2025-05-12,2025-05-18,2025-06-03,16355.95,11830.99,PAGADO,completo
PG00007305,C700087,2024-10-08,2024-10-11,2024-10-24,518588.52,518588.52,PAGADO,completo
PG00007306,C000658,2026-03-30,2026-04-09,2026-04-17,5019.56,15323.89,PAGADO,completo
PG00007307,C000658,2026-04-25,2026-05-03,2026-05-03,29505.95,18024.19,PAGADO,completo
PG00007308,C000658,2026-04-11,2026-04-21,2026-04-21,9135.49,10312.92,PAGADO,completo
PG00007309,C900191,2024-07-31,2024-08-09,2024-08-19,53458.12,265877.91,PAGADO,completo
PG00007310,C900191,2024-08-27,2024-09-06,2024-09-24,397005.41,184585.62,PAGADO,completo
PG00007311,C900022,2024-07-19,2024-07-25,,509761.57,0.0,PENDIENTE,pendiente
PG00007312,C003067,2026-03-05,2026-03-14,2026-03-30,140085.5,56588.75,PAGADO,completo
PG00007313,C003067,2026-03-28,2026-04-07,2026-04-21,33622.56,117119.31,PAGADO,completo
PG00007314,C000452,2024-01-03,2024-01-11,2024-01-25,78418.74,59148.16,PAGADO,completo
PG00007315,C000452,2024-01-21,2024-01-27,2024-01-31,141531.88,160802.46,PAGADO,completo
PG00007316,C001504,2023-06-05,2023-06-15,2023-07-04,8826.18,71785.82,PAGADO,completo
PG00007317,C001504,2023-06-09,2023-06-12,2023-06-29,74448.75,11489.11,PAGADO,completo
PG00007318,C000959,2023-12-08,2023-12-16,2024-03-07,858.53,3059.73,PAGADO,demorado
PG00007319,C000959,2023-12-18,2023-12-19,2024-03-13,5757.87,3556.67,PAGADO,demorado
PG00007320,C002926,2024-12-18,2024-12-24,2025-03-24,26907.93,26907.93,PAGADO,demorado
PG00007321,C002331,2025-11-14,2025-11-24,2025-12-09,303410.29,303410.29,PAGADO,completo
PG00007322,C700180,2026-04-28,2026-04-30,2026-05-03,104947.66,302059.78,PAGADO,completo
PG00007323,C700180,2026-06-11,2026-06-20,2026-06-21,203663.96,215062.25,PAGADO,completo
PG00007324,C700180,2026-06-20,2026-06-26,2026-07-06,308060.76,99550.35,PAGADO,completo
PG00007325,C000797,2024-11-05,2024-11-06,2024-11-08,31076.65,25342.55,PAGADO,parcial
PG00007326,C000797,2024-12-04,2024-12-14,2024-12-26,3496.19,9230.29,PAGADO,parcial
PG00007327,C003348,2023-07-29,2023-08-07,2023-08-22,189816.75,289923.41,PAGADO,completo
PG00007328,C003348,2023-08-21,2023-08-25,2023-09-11,201851.08,169613.79,PAGADO,completo
PG00007329,C003348,2023-09-17,2023-09-24,2023-10-13,155154.73,87285.36,PAGADO,completo
PG00007330,C000225,2024-12-31,2025-01-03,2025-01-10,142659.15,310227.61,PAGADO,parcial
PG00007331,C000225,2025-02-09,2025-02-10,2025-02-21,288063.99,120495.53,PAGADO,parcial
PG00007332,C002074,2024-04-25,2024-05-04,2024-05-13,16872.02,27312.76,PAGADO,completo
PG00007333,C002074,2024-04-14,2024-04-15,2024-04-29,8880.11,8210.32,PAGADO,completo
PG00007334,C002074,2024-05-12,2024-05-19,2024-05-30,32750.47,22979.52,PAGADO,completo
PG00007335,C003354,2024-01-27,2024-01-30,2024-02-15,5620.87,6749.51,PAGADO,completo
PG00007336,C003354,2024-03-16,2024-03-24,2024-04-04,5418.8,1878.23,PAGADO,completo
PG00007337,C003354,2024-03-14,2024-03-19,2024-03-23,2067.85,4479.78,PAGADO,completo
PG00007338,C001799,2025-02-01,2025-02-09,2025-02-15,56959.16,56959.16,PAGADO,parcial
PG00007339,C002485,2023-11-17,2023-11-19,2023-11-27,23825.63,23825.63,PAGADO,completo
PG00007340,C000562,2024-02-21,2024-02-28,2024-03-10,19552.99,5882.62,PAGADO,completo
PG00007341,C000562,2024-03-16,2024-03-20,2024-03-23,7326.57,34443.18,PAGADO,completo
PG00007342,C000562,2024-04-21,2024-04-23,2024-05-01,24324.73,10878.49,PAGADO,completo
PG00007343,C003436,2024-06-20,2024-06-29,2024-07-18,10499.52,10499.52,PAGADO,completo
PG00007344,C002277,2025-09-29,2025-10-03,2025-10-04,2714.6,2115.22,PAGADO,parcial
PG00007345,C002277,2025-10-27,2025-11-05,2025-11-07,4558.93,5158.31,PAGADO,parcial
PG00007346,C002085,2025-08-02,2025-08-09,2025-08-19,19532.09,19532.09,PAGADO,completo
PG00007347,C001693,2026-06-01,2026-06-04,2026-06-13,49380.57,49380.57,PAGADO,completo
PG00007348,C002797,2023-03-24,2023-03-31,2023-06-25,1715.31,8131.37,PAGADO,demorado
PG00007349,C002797,2023-03-13,2023-03-13,2023-05-30,8485.31,2069.25,PAGADO,demorado
PG00007350,C001045,2024-01-26,2024-02-05,2024-02-11,103247.14,70576.3,PAGADO,completo
PG00007351,C001045,2024-01-27,2024-01-30,2024-02-13,23914.21,56585.05,PAGADO,completo
PG00007352,C003446,2025-04-20,2025-04-24,,17134.54,0.0,PENDIENTE,pendiente
PG00007353,C000469,2024-01-05,2024-01-13,2024-01-18,16858.73,17030.63,PAGADO,completo
PG00007354,C000469,2024-02-01,2024-02-11,2024-02-21,7423.34,7251.44,PAGADO,completo
PG00007355,C900076,2024-11-13,2024-11-22,2024-12-07,27140.18,42064.14,PAGADO,completo
PG00007356,C900076,2024-12-13,2024-12-22,2025-01-11,20047.85,10869.9,PAGADO,completo
PG00007357,C900076,2024-12-31,2025-01-10,2025-01-19,63723.48,57977.47,PAGADO,completo
PG00007358,C000954,2025-06-17,2025-06-17,2025-06-23,11538.79,27975.08,PAGADO,completo
PG00007359,C000954,2025-06-21,2025-06-24,2025-07-05,35189.89,8180.79,PAGADO,completo
PG00007360,C000954,2025-07-10,2025-07-18,2025-07-20,18714.37,29287.18,PAGADO,completo
PG00007361,C000459,2024-05-28,2024-06-01,2024-06-21,73381.04,73381.04,PAGADO,sobrepago_senal
PG00007362,C002735,2023-11-01,2023-11-09,2024-01-08,10662.32,54327.64,PAGADO,demorado
PG00007363,C002735,2023-10-29,2023-11-01,2023-12-31,78923.1,35257.78,PAGADO,demorado
PG00007364,C800025,2024-03-06,2024-03-07,2024-03-11,94976.27,47721.69,PAGADO,completo
PG00007365,C800025,2024-04-19,2024-04-21,2024-05-11,109139.91,156394.49,PAGADO,completo
PG00007366,C000639,2024-08-27,2024-09-05,2024-09-19,932.02,1707.67,PAGADO,completo
PG00007367,C000639,2024-09-28,2024-10-08,2024-10-23,17703.41,6630.99,PAGADO,completo
PG00007368,C000639,2024-11-03,2024-11-06,2024-11-20,13894.02,24190.79,PAGADO,completo
PG00007369,C000400,2025-05-22,2025-05-25,2025-06-06,297815.4,297815.4,PAGADO,completo
PG00007370,C001218,2024-07-17,2024-07-20,2024-10-13,20117.39,20117.39,PAGADO,demorado
PG00007371,C001158,2023-04-10,2023-04-14,2023-04-21,67126.1,54561.99,PAGADO,completo
PG00007372,C001158,2023-03-23,2023-03-30,2023-04-16,64617.27,77181.38,PAGADO,completo
PG00007373,C001415,2023-08-02,2023-08-02,2023-08-21,474681.16,474681.16,PAGADO,completo
PG00007374,C900206,2025-10-28,2025-11-03,2025-11-11,526146.57,526146.57,PAGADO,completo
PG00007375,C001527,2024-11-03,2024-11-11,2024-11-22,4179.87,4179.87,PAGADO,completo
PG00007376,C900109,2025-09-21,2025-09-28,2025-09-28,180589.28,202189.6,PAGADO,completo
PG00007377,C900109,2025-10-11,2025-10-14,2025-11-02,453211.61,431611.29,PAGADO,completo
PG00007378,C000815,2025-03-29,2025-04-03,2025-04-21,11307.73,11307.73,PAGADO,completo
PG00007379,C001300,2024-04-29,2024-05-03,2024-05-18,96121.92,36532.49,PAGADO,completo
PG00007380,C001300,2024-05-09,2024-05-15,2024-05-19,102502.4,162091.83,PAGADO,completo
PG00007381,C000397,2023-05-14,2023-05-19,2023-05-28,8764.77,8764.77,PAGADO,completo
PG00007382,C002848,2024-01-05,2024-01-09,2024-01-20,34145.57,34444.18,PAGADO,sobrepago_senal
PG00007383,C002848,2024-02-29,2024-03-06,2024-03-24,24367.43,24068.82,PAGADO,sobrepago_senal
PG00007384,C001603,2025-07-28,2025-08-06,2025-08-19,16674.26,20788.79,PAGADO,completo
PG00007385,C001603,2025-08-17,2025-08-27,2025-09-01,46700.65,13754.8,PAGADO,completo
PG00007386,C001603,2025-08-30,2025-09-09,2025-09-14,13679.28,42510.6,PAGADO,completo
PG00007387,C000160,2024-04-28,2024-05-03,2024-08-14,72098.62,70238.43,PAGADO,demorado
PG00007388,C000160,2024-05-23,2024-05-27,2024-08-27,3607.02,5467.21,PAGADO,demorado
PG00007389,C900189,2024-12-13,2024-12-14,2025-03-18,64401.01,113598.25,PAGADO,demorado
PG00007390,C900189,2024-12-11,2024-12-12,2025-03-16,145443.83,96246.59,PAGADO,demorado
PG00007391,C001704,2023-07-18,2023-07-19,2023-07-21,26058.86,26058.86,PAGADO,completo
PG00007392,C000956,2025-03-12,2025-03-17,2025-04-03,84035.49,84035.49,PAGADO,completo
PG00007393,C750006,2024-03-14,2024-03-21,2024-03-31,167883.14,167883.14,PAGADO,completo
PG00007394,C003234,2025-04-17,2025-04-20,2025-05-07,31807.57,30725.68,PAGADO,completo
PG00007395,C003234,2025-06-01,2025-06-02,2025-06-05,5107.35,15878.53,PAGADO,completo
PG00007396,C003234,2025-06-08,2025-06-14,2025-06-25,31865.29,22176.0,PAGADO,completo
PG00007397,C002869,2025-03-07,2025-03-10,,29858.2,0.0,PENDIENTE,pendiente
PG00007398,C700277,2025-10-30,2025-11-07,2025-11-22,101525.89,83192.57,PAGADO,completo
PG00007399,C700277,2025-11-30,2025-12-09,2025-12-25,74170.0,92503.32,PAGADO,completo
PG00007400,C800043,2024-11-06,2024-11-08,2024-11-17,54163.26,51144.57,PAGADO,completo
PG00007401,C800043,2024-11-02,2024-11-06,2024-11-06,20974.01,36818.12,PAGADO,completo
PG00007402,C800043,2024-12-13,2024-12-19,2024-12-20,119768.96,106943.54,PAGADO,completo
PG00007403,C000877,2026-03-27,2026-03-27,2026-04-12,47943.05,201110.62,PAGADO,completo
PG00007404,C000877,2026-04-07,2026-04-10,2026-04-15,124027.9,27318.93,PAGADO,completo
PG00007405,C000877,2026-05-10,2026-05-14,2026-05-20,98716.37,42257.77,PAGADO,completo
PG00007406,C001919,2026-06-09,2026-06-19,2026-06-21,54051.59,21206.83,PAGADO,completo
PG00007407,C001919,2026-06-13,2026-06-21,2026-07-03,19988.84,52833.6,PAGADO,completo
PG00007408,C002961,2025-03-12,2025-03-17,2025-05-28,48071.25,48071.25,PAGADO,demorado
PG00007409,C001884,2025-05-07,2025-05-12,2025-05-21,45761.1,49122.65,PAGADO,completo
PG00007410,C001884,2025-05-05,2025-05-06,2025-05-06,104045.25,50812.83,PAGADO,completo
PG00007411,C001884,2025-06-22,2025-06-22,2025-06-27,14385.94,64256.81,PAGADO,completo
PG00007412,C002200,2025-03-05,2025-03-11,2025-03-19,3382.45,3591.0,PAGADO,completo
PG00007413,C002200,2025-03-17,2025-03-21,2025-04-04,668.18,1874.64,PAGADO,completo
PG00007414,C002200,2025-03-24,2025-03-25,2025-04-11,5605.86,4190.85,PAGADO,completo
PG00007415,C000098,2025-10-01,2025-10-07,2025-10-27,75756.24,75756.24,PAGADO,completo
PG00007416,C001496,2024-09-21,2024-09-21,2024-10-10,39940.4,39940.4,PAGADO,completo
PG00007417,C002557,2023-05-25,2023-05-27,2023-06-06,68621.32,58853.34,PAGADO,completo
PG00007418,C002557,2023-06-01,2023-06-02,2023-06-05,5272.45,17393.26,PAGADO,completo
PG00007419,C002557,2023-06-16,2023-06-17,2023-06-30,12843.67,10490.84,PAGADO,completo
PG00007420,C003183,2023-12-27,2024-01-04,2024-01-05,6183.58,6183.58,PAGADO,completo
PG00007421,C003298,2024-12-14,2024-12-17,2024-12-30,94420.68,94420.68,PAGADO,parcial
PG00007422,C000253,2024-03-22,2024-03-23,2024-04-12,271101.99,212634.59,PAGADO,completo
PG00007423,C000253,2024-04-05,2024-04-15,2024-04-28,172866.74,231334.14,PAGADO,completo
PG00007424,C900045,2025-03-05,2025-03-12,2025-03-23,324860.24,324860.24,PAGADO,completo
PG00007425,C000103,2024-02-21,2024-02-24,2024-03-02,43893.26,43893.26,PAGADO,completo
PG00007426,C001445,2024-02-20,2024-02-25,2024-03-05,17813.87,10003.35,PAGADO,completo
PG00007427,C001445,2024-02-15,2024-02-21,2024-03-09,16376.5,24187.02,PAGADO,completo
PG00007428,C001648,2023-07-15,2023-07-16,2023-08-04,9579.48,14361.28,PAGADO,completo
PG00007429,C001648,2023-07-22,2023-07-31,2023-08-08,11070.36,6288.56,PAGADO,completo
PG00007430,C900113,2024-08-19,2024-08-27,2024-09-16,237086.01,96147.52,PAGADO,completo
PG00007431,C900113,2024-09-14,2024-09-16,2024-10-03,98270.75,180344.19,PAGADO,completo
PG00007432,C900113,2024-09-11,2024-09-18,2024-09-28,35648.7,94513.75,PAGADO,completo
PG00007433,C001696,2024-07-06,2024-07-06,,9812.56,0.0,PENDIENTE,pendiente
PG00007434,C003191,2024-12-15,2024-12-16,2024-12-24,79840.87,79840.87,PAGADO,sobrepago_senal
PG00007435,C001154,2025-05-12,2025-05-19,2025-05-25,35884.73,6288.22,PAGADO,completo
PG00007436,C001154,2025-07-01,2025-07-03,2025-07-21,52297.59,81894.1,PAGADO,completo
PG00007437,C002255,2024-07-16,2024-07-25,2024-10-23,31183.8,78523.63,PAGADO,demorado
PG00007438,C002255,2024-08-13,2024-08-13,2024-11-21,77861.32,30521.49,PAGADO,demorado
PG00007439,C001682,2024-08-09,2024-08-18,2024-08-26,8947.63,5997.16,PAGADO,completo
PG00007440,C001682,2024-08-04,2024-08-08,2024-08-16,13759.33,11920.23,PAGADO,completo
PG00007441,C001682,2024-09-11,2024-09-19,2024-09-25,15095.23,19884.8,PAGADO,completo
PG00007442,C003170,2024-03-27,2024-04-02,2024-06-24,51882.38,52565.43,PAGADO,demorado
PG00007443,C003170,2024-05-06,2024-05-08,2024-07-31,9139.62,8456.57,PAGADO,demorado
PG00007444,C002056,2024-03-23,2024-03-24,2024-07-01,14386.6,10276.44,PAGADO,demorado
PG00007445,C002056,2024-05-03,2024-05-07,2024-07-31,10516.0,14626.16,PAGADO,demorado
PG00007446,C900212,2024-11-10,2024-11-16,2024-11-18,72215.4,153810.23,PAGADO,completo
PG00007447,C900212,2024-12-01,2024-12-09,2024-12-23,97458.53,99569.86,PAGADO,completo
PG00007448,C900212,2024-12-12,2024-12-17,2024-12-28,121163.14,37456.98,PAGADO,completo
PG00007449,C003108,2024-08-25,2024-08-25,2024-08-28,32467.82,18898.95,PAGADO,completo
PG00007450,C003108,2024-10-05,2024-10-11,2024-10-28,20607.7,34176.57,PAGADO,completo
PG00007451,C700223,2025-01-06,2025-01-09,2025-01-18,710088.44,710088.44,PAGADO,completo
PG00007452,C002049,2025-08-03,2025-08-08,2025-08-26,7862.19,11231.31,PAGADO,completo
PG00007453,C002049,2025-09-16,2025-09-21,2025-09-27,13701.07,10331.95,PAGADO,completo
PG00007454,C700143,2024-10-11,2024-10-17,2024-10-30,342438.78,342438.78,PAGADO,completo
PG00007455,C800044,2024-10-03,2024-10-12,2024-10-14,176099.9,176099.9,PAGADO,completo
PG00007456,C000623,2025-12-05,2025-12-05,2025-12-17,14538.38,7494.09,PAGADO,parcial
PG00007457,C000623,2025-12-20,2025-12-22,2026-01-06,12164.54,19208.83,PAGADO,parcial
PG00007458,C000262,2026-04-29,2026-05-02,2026-05-06,80252.55,80252.55,PAGADO,completo
PG00007459,C003369,2026-02-25,2026-03-01,2026-03-09,21907.75,21907.75,PAGADO,parcial
PG00007460,C900183,2025-05-26,2025-05-26,2025-05-29,234399.03,234399.03,PAGADO,completo
PG00007461,C001802,2023-03-19,2023-03-21,2023-03-28,67225.82,67225.82,PAGADO,completo
PG00007462,C800102,2026-04-28,2026-04-30,2026-05-06,34923.05,126240.91,PAGADO,completo
PG00007463,C800102,2026-06-14,2026-06-18,2026-07-08,72721.35,33566.97,PAGADO,completo
PG00007464,C800102,2026-07-12,2026-07-19,2026-07-21,119741.98,67578.5,PAGADO,completo
PG00007465,C002385,2025-10-11,2025-10-18,2025-10-28,27054.17,27054.17,PAGADO,completo
PG00007466,C001959,2025-06-25,2025-06-28,2025-06-28,150741.91,130752.48,PAGADO,completo
PG00007467,C001959,2025-07-29,2025-07-30,2025-08-08,73174.4,42801.74,PAGADO,completo
PG00007468,C001959,2025-08-17,2025-08-23,2025-09-01,41672.36,92034.45,PAGADO,completo
PG00007469,C002976,2026-02-28,2026-03-01,,54359.29,0.0,PENDIENTE,pendiente
PG00007470,C000488,2025-10-16,2025-10-22,2025-11-04,187260.0,187260.0,PAGADO,completo
PG00007471,C001843,2023-02-23,2023-03-01,2023-03-06,13885.54,30377.11,PAGADO,completo
PG00007472,C001843,2023-02-20,2023-02-21,2023-02-25,22665.46,12372.74,PAGADO,completo
PG00007473,C001843,2023-03-28,2023-04-04,2023-04-05,17763.19,11564.34,PAGADO,completo
PG00007474,C001734,2026-04-17,2026-04-25,2026-04-28,47218.79,77165.37,PAGADO,completo
PG00007475,C001734,2026-06-01,2026-06-07,2026-06-10,54028.47,24081.89,PAGADO,completo
PG00007476,C002911,2023-09-30,2023-10-05,2023-10-14,246897.08,246897.08,PAGADO,completo
PG00007477,C003219,2025-05-14,2025-05-17,2025-06-01,22875.88,108557.2,PAGADO,completo
PG00007478,C003219,2025-05-05,2025-05-12,2025-05-16,101591.34,43861.08,PAGADO,completo
PG00007479,C003219,2025-05-28,2025-05-31,2025-06-08,52577.21,24626.15,PAGADO,completo
PG00007480,C000146,2023-09-27,2023-10-02,2023-10-11,63949.04,5770.54,PAGADO,completo
PG00007481,C000146,2023-10-16,2023-10-17,2023-10-18,18356.15,76534.65,PAGADO,completo
PG00007482,C001986,2025-07-14,2025-07-21,2025-08-02,108123.22,30522.14,PAGADO,completo
PG00007483,C001986,2025-08-14,2025-08-19,2025-08-25,45545.06,123146.14,PAGADO,completo
PG00007484,C001369,2023-08-16,2023-08-18,2023-08-28,95891.8,64132.56,PAGADO,completo
PG00007485,C001369,2023-09-04,2023-09-10,2023-09-14,46747.19,86080.86,PAGADO,completo
PG00007486,C001369,2023-10-04,2023-10-09,2023-10-22,18228.74,10654.31,PAGADO,completo
PG00007487,C002811,2026-07-10,2026-07-10,2026-07-17,435694.01,435694.01,PAGADO,completo
PG00007488,C000659,2023-04-06,2023-04-14,2023-04-18,14605.47,19264.74,PAGADO,completo
PG00007489,C000659,2023-06-03,2023-06-11,2023-06-30,5506.56,47911.04,PAGADO,completo
PG00007490,C000659,2023-06-21,2023-06-27,2023-07-08,50893.16,3829.41,PAGADO,completo
PG00007491,C001794,2025-08-11,2025-08-21,2025-12-04,27643.93,27643.93,PAGADO,demorado
PG00007492,C002511,2023-08-26,2023-08-29,2023-09-11,19052.3,13525.61,PAGADO,completo
PG00007493,C002511,2023-09-29,2023-10-02,2023-10-14,16159.85,21686.54,PAGADO,completo
PG00007494,C003397,2024-02-24,2024-03-03,2024-03-14,11377.69,8835.72,PAGADO,completo
PG00007495,C003397,2024-02-26,2024-03-03,2024-03-23,6354.4,8896.37,PAGADO,completo
PG00007496,C001147,2026-03-22,2026-03-30,2026-04-07,42333.56,194262.03,PAGADO,completo
PG00007497,C001147,2026-04-18,2026-04-26,2026-04-26,166892.41,25229.1,PAGADO,completo
PG00007498,C001147,2026-05-21,2026-05-25,2026-06-09,36656.25,26391.09,PAGADO,completo
PG00007499,C003272,2026-04-26,2026-04-27,2026-07-14,142801.56,263413.82,PAGADO,demorado
PG00007500,C003272,2026-05-15,2026-05-22,2026-08-07,223176.76,102564.5,PAGADO,demorado
PG00007501,C000608,2025-01-23,2025-02-02,2025-04-25,9079.46,19090.53,PAGADO,demorado
PG00007502,C000608,2025-02-04,2025-02-08,2025-05-05,24858.11,14847.04,PAGADO,demorado
PG00007503,C700082,2024-07-13,2024-07-19,2024-08-03,147590.79,161128.9,PAGADO,completo
PG00007504,C700082,2024-08-26,2024-09-04,2024-09-19,216475.56,108546.57,PAGADO,completo
PG00007505,C700082,2024-09-04,2024-09-13,2024-09-27,137899.74,232290.62,PAGADO,completo
PG00007506,C001930,2025-11-16,2025-11-25,2025-12-01,41326.17,41326.17,PAGADO,completo
PG00007507,C000197,2024-08-25,2024-08-30,2024-09-15,61349.39,39276.22,PAGADO,completo
PG00007508,C000197,2024-09-01,2024-09-10,2024-09-23,13061.14,69192.46,PAGADO,completo
PG00007509,C000197,2024-10-05,2024-10-08,2024-10-18,45988.45,11930.3,PAGADO,completo
PG00007510,C002931,2023-11-20,2023-11-30,2023-12-03,86599.83,86599.83,PAGADO,completo
PG00007511,C002327,2025-06-04,2025-06-07,2025-09-11,14720.7,14720.7,PAGADO,demorado
PG00007512,C000766,2024-08-20,2024-08-26,2024-09-07,49674.24,49674.24,PAGADO,completo
PG00007513,C003255,2025-12-08,2025-12-08,2025-12-12,7547.54,7547.54,PAGADO,completo
PG00007514,C000202,2024-05-03,2024-05-10,2024-05-30,12019.09,15585.51,PAGADO,completo
PG00007515,C000202,2024-05-09,2024-05-12,2024-05-19,10870.84,4456.49,PAGADO,completo
PG00007516,C000202,2024-06-14,2024-06-18,2024-06-19,8543.68,11391.61,PAGADO,completo
PG00007517,C700010,2025-12-08,2025-12-15,2025-12-23,289812.23,467763.06,PAGADO,completo
PG00007518,C700010,2025-12-27,2026-01-04,2026-01-11,184730.61,299553.98,PAGADO,completo
PG00007519,C700010,2025-12-25,2026-01-01,2026-01-10,397319.32,104545.12,PAGADO,completo
PG00007520,C001733,2024-11-03,2024-11-06,2024-11-16,72129.32,72129.32,PAGADO,completo
PG00007521,C002777,2025-09-23,2025-10-02,2025-10-17,29327.96,30760.6,PAGADO,completo
PG00007522,C002777,2025-09-11,2025-09-18,2025-10-08,12753.29,9411.16,PAGADO,completo
PG00007523,C002777,2025-10-27,2025-10-31,2025-11-19,26344.41,28253.9,PAGADO,completo
PG00007524,C001707,2026-04-27,2026-05-05,2026-07-17,116100.72,116100.72,PAGADO,demorado
PG00007525,C003474,2025-07-31,2025-08-04,2025-08-19,27136.25,27136.25,PAGADO,completo
PG00007526,C000854,2023-09-13,2023-09-16,2023-09-20,46905.55,46905.55,PAGADO,completo
PG00007527,C900219,2025-11-30,2025-12-05,2025-12-21,296512.36,296512.36,PAGADO,completo
PG00007528,C002160,2026-07-05,2026-07-11,2026-07-21,28185.38,47537.31,PAGADO,parcial
PG00007529,C002160,2026-08-07,2026-08-07,2026-08-07,39189.01,19837.08,PAGADO,parcial
PG00007530,C000698,2025-03-19,2025-03-19,,62294.69,0.0,PENDIENTE,pendiente
PG00007531,C800060,2025-05-24,2025-05-25,2025-06-08,90874.96,122296.55,PAGADO,parcial
PG00007532,C800060,2025-06-10,2025-06-15,2025-06-24,56636.11,25214.52,PAGADO,parcial
PG00007533,C002999,2025-05-22,2025-05-28,2025-09-14,45028.35,60743.95,PAGADO,demorado
PG00007534,C002999,2025-06-04,2025-06-08,2025-09-25,33462.07,17746.47,PAGADO,demorado
PG00007535,C700196,2025-08-16,2025-08-25,2025-09-06,66571.44,66571.44,PAGADO,parcial
PG00007536,C001636,2026-05-22,2026-05-30,2026-06-05,19669.46,57935.85,PAGADO,parcial
PG00007537,C001636,2026-07-12,2026-07-20,2026-07-22,78699.66,40433.27,PAGADO,parcial
PG00007538,C003457,2023-07-23,2023-07-25,2023-10-12,41088.73,23969.84,PAGADO,demorado
PG00007539,C003457,2023-07-18,2023-07-27,2023-09-29,9308.86,26427.75,PAGADO,demorado
PG00007540,C700081,2025-07-28,2025-08-02,2025-08-14,86889.79,35959.99,PAGADO,completo
PG00007541,C700081,2025-07-29,2025-07-31,2025-08-12,155451.31,156311.56,PAGADO,completo
PG00007542,C700081,2025-08-24,2025-08-31,2025-09-17,196371.85,246441.4,PAGADO,completo
PG00007543,C001291,2024-12-10,2024-12-20,2024-12-20,24811.69,10186.01,PAGADO,completo
PG00007544,C001291,2025-01-23,2025-02-01,2025-02-10,5761.64,5853.76,PAGADO,completo
PG00007545,C001291,2025-02-07,2025-02-09,2025-02-25,10263.5,24797.06,PAGADO,completo
PG00007546,C001853,2023-11-21,2023-11-27,2023-12-03,36338.13,104770.94,PAGADO,completo
PG00007547,C001853,2023-12-07,2023-12-10,2023-12-11,149185.55,80752.74,PAGADO,completo
PG00007548,C700263,2024-08-20,2024-08-20,2024-08-28,873863.01,873863.01,PAGADO,completo
PG00007549,C003304,2023-05-10,2023-05-17,2023-06-02,120446.85,56180.27,PAGADO,parcial
PG00007550,C003304,2023-06-08,2023-06-14,2023-06-18,145635.52,209902.1,PAGADO,parcial
PG00007551,C800031,2025-02-18,2025-02-21,2025-04-23,78663.65,12324.14,PAGADO,demorado
PG00007552,C800031,2025-02-21,2025-02-25,2025-05-05,46297.08,112636.59,PAGADO,demorado
PG00007553,C700243,2024-04-29,2024-05-08,2024-05-10,237158.81,237158.81,PAGADO,completo
PG00007554,C003445,2025-11-29,2025-12-06,,11685.03,0.0,PENDIENTE,pendiente
PG00007555,C001998,2026-02-02,2026-02-02,2026-02-15,85518.2,90374.24,PAGADO,completo
PG00007556,C001998,2026-01-20,2026-01-25,2026-02-05,45149.27,40293.23,PAGADO,completo
PG00007557,C000663,2023-03-21,2023-03-26,2023-03-26,19755.69,19755.69,PAGADO,completo
PG00007558,C700248,2024-02-08,2024-02-17,2024-02-25,407549.83,407549.83,PAGADO,parcial
PG00007559,C000709,2026-02-07,2026-02-17,2026-02-20,34297.56,34297.56,PAGADO,completo
PG00007560,C001282,2023-11-25,2023-12-05,2023-12-17,3749.59,5252.46,PAGADO,completo
PG00007561,C001282,2023-12-10,2023-12-16,2023-12-28,5511.32,3966.56,PAGADO,completo
PG00007562,C001282,2023-12-31,2024-01-03,2024-01-05,3607.84,3649.73,PAGADO,completo
PG00007563,C002675,2024-09-19,2024-09-26,2024-09-27,23628.78,10760.36,PAGADO,completo
PG00007564,C002675,2024-10-10,2024-10-16,2024-10-23,56856.92,116581.69,PAGADO,completo
PG00007565,C002675,2024-11-15,2024-11-21,2024-11-26,80004.69,33148.34,PAGADO,completo
PG00007566,C900151,2026-01-12,2026-01-21,2026-02-02,25686.23,15978.79,PAGADO,completo
PG00007567,C900151,2026-01-25,2026-02-02,2026-02-09,55296.34,65003.78,PAGADO,completo
PG00007568,C001306,2026-03-05,2026-03-08,2026-03-28,239921.45,239921.45,PAGADO,parcial
PG00007569,C002237,2026-07-03,2026-07-04,2026-07-15,88869.25,88869.25,PAGADO,parcial
PG00007570,C003302,2023-12-16,2023-12-23,2023-12-27,33675.76,12560.71,PAGADO,completo
PG00007571,C003302,2024-01-16,2024-01-23,2024-01-28,427.86,21542.91,PAGADO,completo
PG00007572,C002038,2024-11-03,2024-11-09,2024-11-20,35882.19,70342.21,PAGADO,completo
PG00007573,C002038,2024-12-10,2024-12-19,2025-01-07,48587.68,14127.66,PAGADO,completo
PG00007574,C001529,2025-11-09,2025-11-09,2026-02-25,37210.68,15300.11,PAGADO,demorado
PG00007575,C001529,2026-01-04,2026-01-05,2026-04-11,2145.81,24056.38,PAGADO,demorado
PG00007576,C001663,2024-05-20,2024-05-29,2024-06-15,14155.2,23767.57,PAGADO,completo
PG00007577,C001663,2024-07-02,2024-07-03,2024-07-04,56221.36,18604.21,PAGADO,completo
PG00007578,C001663,2024-06-14,2024-06-16,2024-06-27,30827.12,58831.9,PAGADO,completo
PG00007579,C800049,2025-12-21,2025-12-28,2026-01-14,282517.37,493877.48,PAGADO,completo
PG00007580,C800049,2025-12-26,2025-12-28,2025-12-30,1227080.37,1015720.26,PAGADO,completo
PG00007581,C800066,2024-02-09,2024-02-13,2024-02-27,23643.69,4684.01,PAGADO,completo
PG00007582,C800066,2024-04-06,2024-04-08,2024-04-28,64373.71,83333.39,PAGADO,completo
PG00007583,C700127,2024-04-12,2024-04-12,2024-04-27,53681.76,74195.01,PAGADO,parcial
PG00007584,C700127,2024-05-02,2024-05-03,2024-05-06,83324.02,62810.77,PAGADO,parcial
PG00007585,C002693,2024-04-13,2024-04-20,2024-07-15,37686.61,37686.61,PAGADO,demorado
PG00007586,C003060,2024-08-11,2024-08-21,2024-09-03,118125.37,92260.1,PAGADO,completo
PG00007587,C003060,2024-09-18,2024-09-24,2024-10-03,10150.34,36015.61,PAGADO,completo
PG00007588,C001597,2026-04-16,2026-04-26,2026-05-04,46985.23,59327.06,PAGADO,completo
PG00007589,C001597,2026-06-01,2026-06-10,2026-06-10,27026.77,14684.94,PAGADO,completo
PG00007590,C002729,2025-10-24,2025-10-24,2026-01-05,88299.25,88299.25,PAGADO,demorado
PG00007591,C002625,2026-07-13,2026-07-19,2026-07-22,37809.21,21522.91,PAGADO,completo
PG00007592,C002625,2026-08-07,2026-08-07,2026-08-07,27971.99,25205.26,PAGADO,completo
PG00007593,C002625,2026-08-07,2026-08-07,2026-08-07,3532.11,22585.14,PAGADO,completo
PG00007594,C003157,2023-06-01,2023-06-05,,18027.12,0.0,PENDIENTE,pendiente
PG00007595,C003314,2025-08-29,2025-09-06,2025-09-09,42783.96,13201.16,PAGADO,completo
PG00007596,C003314,2025-09-08,2025-09-09,2025-09-19,50746.85,86586.22,PAGADO,completo
PG00007597,C003314,2025-09-21,2025-09-28,2025-10-02,42167.71,35911.14,PAGADO,completo
PG00007598,C001722,2026-04-21,2026-04-27,2026-05-14,44271.07,44271.07,PAGADO,completo
PG00007599,C001059,2024-09-15,2024-09-21,2024-09-29,15860.78,15860.78,PAGADO,completo
PG00007600,C003242,2025-07-29,2025-08-03,2025-08-16,26335.86,9094.53,PAGADO,completo
PG00007601,C003242,2025-08-23,2025-08-28,2025-09-11,19044.24,11949.39,PAGADO,completo
PG00007602,C003242,2025-09-04,2025-09-14,2025-09-29,7963.33,32299.51,PAGADO,completo
PG00007603,C001678,2025-06-05,2025-06-09,2025-06-27,3283.47,4996.88,PAGADO,completo
PG00007604,C001678,2025-07-04,2025-07-11,2025-07-19,14463.25,11071.23,PAGADO,completo
PG00007605,C001678,2025-07-05,2025-07-14,2025-07-17,10570.97,12249.58,PAGADO,completo
PG00007606,C001757,2024-12-27,2024-12-31,2025-01-03,2057.43,38992.13,PAGADO,completo
PG00007607,C001757,2024-12-30,2025-01-06,2025-01-19,23481.8,15611.09,PAGADO,completo
PG00007608,C001757,2025-01-19,2025-01-22,2025-02-07,45608.04,16544.05,PAGADO,completo
PG00007609,C800004,2025-04-30,2025-05-06,2025-05-11,86631.43,33602.19,PAGADO,completo
PG00007610,C800004,2025-05-22,2025-05-31,2025-06-04,28293.69,66892.43,PAGADO,completo
PG00007611,C800004,2025-06-10,2025-06-13,2025-06-19,35594.13,50024.63,PAGADO,completo
PG00007612,C000563,2025-04-08,2025-04-18,2025-05-05,17600.17,10883.05,PAGADO,completo
PG00007613,C000563,2025-05-30,2025-06-07,2025-06-18,3197.85,9914.97,PAGADO,completo
PG00007614,C002790,2024-05-07,2024-05-09,2024-05-21,3724.61,1876.53,PAGADO,completo
PG00007615,C002790,2024-05-07,2024-05-10,2024-05-11,1552.37,3400.45,PAGADO,completo
PG00007616,C000863,2023-12-13,2023-12-13,2023-12-15,25037.37,14020.89,PAGADO,completo
PG00007617,C000863,2024-01-07,2024-01-08,2024-01-22,3480.87,21894.46,PAGADO,completo
PG00007618,C000863,2024-01-28,2024-01-30,2024-02-16,32930.72,25533.61,PAGADO,completo
PG00007619,C001484,2025-01-05,2025-01-08,2025-01-27,50617.5,66454.39,PAGADO,completo
PG00007620,C001484,2025-01-25,2025-02-02,2025-02-15,78848.78,31159.85,PAGADO,completo
PG00007621,C001484,2025-02-24,2025-03-03,2025-03-12,45374.65,77226.69,PAGADO,completo
PG00007622,C000206,2023-04-18,2023-04-20,2023-04-24,34224.0,63028.14,PAGADO,completo
PG00007623,C000206,2023-05-13,2023-05-22,2023-06-01,58057.08,29252.94,PAGADO,completo
PG00007624,C000870,2023-09-09,2023-09-16,2023-09-28,32144.37,32144.37,PAGADO,completo
PG00007625,C000502,2024-03-23,2024-03-23,2024-04-04,32400.05,32400.05,PAGADO,completo
PG00007626,C001028,2023-07-24,2023-08-03,2023-08-19,4776.91,30884.75,PAGADO,completo
PG00007627,C001028,2023-08-24,2023-08-28,2023-09-11,26435.7,8470.87,PAGADO,completo
PG00007628,C001028,2023-08-31,2023-09-08,2023-09-24,22837.56,14694.55,PAGADO,completo
PG00007629,C750055,2025-12-09,2025-12-16,2026-01-04,107400.01,64321.79,PAGADO,completo
PG00007630,C750055,2025-12-23,2025-12-28,2026-01-08,14416.83,17693.1,PAGADO,completo
PG00007631,C750055,2026-01-20,2026-01-23,2026-02-01,56294.97,96096.92,PAGADO,completo
PG00007632,C002690,2023-03-30,2023-04-02,2023-04-08,32242.71,15206.57,PAGADO,parcial
PG00007633,C002690,2023-03-30,2023-03-31,2023-04-04,11514.41,28550.55,PAGADO,parcial
PG00007634,C001570,2025-11-05,2025-11-14,2025-11-20,17800.19,17800.19,PAGADO,completo
PG00007635,C002773,2024-06-17,2024-06-27,2024-07-06,1723.99,1308.18,PAGADO,parcial
PG00007636,C002773,2024-07-31,2024-08-09,2024-08-19,1695.84,2111.65,PAGADO,parcial
PG00007637,C002731,2025-08-26,2025-08-30,,50385.41,0.0,PENDIENTE,pendiente
PG00007638,C000804,2025-06-25,2025-07-05,2025-07-15,50733.9,50733.9,PAGADO,completo
PG00007639,C700145,2026-06-21,2026-06-28,2026-08-07,747587.68,747587.68,PAGADO,demorado
PG00007640,C002454,2023-02-20,2023-02-22,2023-03-01,178786.09,178786.09,PAGADO,completo
PG00007641,C003104,2024-11-27,2024-12-02,2025-03-01,8495.64,4930.93,PAGADO,demorado
PG00007642,C003104,2024-12-16,2024-12-20,2025-03-11,12967.05,16531.76,PAGADO,demorado
PG00007643,C000200,2024-08-25,2024-09-02,2024-09-07,69552.87,69552.87,PAGADO,completo
PG00007644,C003099,2025-06-06,2025-06-11,2025-09-03,226598.22,226598.22,PAGADO,demorado
PG00007645,C002278,2023-04-15,2023-04-23,2023-05-12,48392.5,17800.45,PAGADO,completo
PG00007646,C002278,2023-04-27,2023-05-01,2023-05-04,12755.55,48196.81,PAGADO,completo
PG00007647,C002278,2023-05-12,2023-05-12,2023-05-24,14557.59,9708.38,PAGADO,completo
PG00007648,C700061,2024-07-26,2024-08-02,2024-08-06,439941.24,439941.24,PAGADO,parcial
PG00007649,C000391,2023-11-20,2023-11-23,2023-12-03,6600.39,15629.11,PAGADO,parcial
PG00007650,C000391,2024-01-03,2024-01-13,2024-01-25,17206.13,8177.41,PAGADO,parcial
PG00007651,C001495,2024-10-22,2024-10-23,2024-11-07,42458.03,42458.03,PAGADO,completo
PG00007652,C002695,2023-02-18,2023-02-20,2023-04-20,59191.64,59191.64,PAGADO,demorado
PG00007653,C002027,2025-03-18,2025-03-28,2025-05-26,117155.7,102328.71,PAGADO,demorado
PG00007654,C002027,2025-05-02,2025-05-07,2025-06-29,118536.76,133363.75,PAGADO,demorado
PG00007655,C002568,2023-02-11,2023-02-19,2023-03-01,32589.08,32589.08,PAGADO,completo
PG00007656,C000064,2026-05-02,2026-05-11,2026-05-13,9560.23,3444.95,PAGADO,completo
PG00007657,C000064,2026-04-17,2026-04-20,2026-05-07,5575.41,7316.86,PAGADO,completo
PG00007658,C000064,2026-05-16,2026-05-23,2026-06-01,4451.25,8825.08,PAGADO,completo
PG00007659,C900006,2025-08-08,2025-08-12,2025-10-22,13577.51,115369.59,PAGADO,demorado
PG00007660,C900006,2025-08-24,2025-09-02,2025-11-30,186103.87,84311.79,PAGADO,demorado
PG00007661,C002062,2025-03-24,2025-03-29,2025-04-07,13242.16,35646.64,PAGADO,completo
PG00007662,C002062,2025-03-14,2025-03-16,2025-04-01,22154.42,16934.53,PAGADO,completo
PG00007663,C002062,2025-04-09,2025-04-18,2025-05-04,25076.62,7892.03,PAGADO,completo
PG00007664,C000492,2024-03-21,2024-03-25,2024-04-12,140587.32,37675.65,PAGADO,completo
PG00007665,C000492,2024-05-10,2024-05-13,2024-05-15,78190.77,130284.81,PAGADO,completo
PG00007666,C000492,2024-05-15,2024-05-18,2024-05-23,44104.33,94921.96,PAGADO,completo
PG00007667,C000379,2024-08-06,2024-08-08,2024-08-28,60535.52,60535.52,PAGADO,completo
PG00007668,C900115,2024-10-01,2024-10-03,2024-10-07,20246.45,38639.57,PAGADO,completo
PG00007669,C900115,2024-09-19,2024-09-29,2024-09-29,106938.89,50686.12,PAGADO,completo
PG00007670,C900115,2024-10-25,2024-10-25,2024-11-02,34220.44,72080.09,PAGADO,completo
PG00007671,C001076,2023-12-11,2023-12-11,2023-12-15,7299.38,8317.58,PAGADO,completo
PG00007672,C001076,2023-12-29,2024-01-07,2024-01-13,27546.34,26528.14,PAGADO,completo
PG00007673,C000878,2024-03-26,2024-03-28,2024-04-15,33511.28,29524.41,PAGADO,completo
PG00007674,C000878,2024-03-30,2024-03-30,2024-04-07,26050.78,37683.61,PAGADO,completo
PG00007675,C000878,2024-03-29,2024-03-30,2024-04-07,13231.37,5585.41,PAGADO,completo
PG00007676,C000337,2024-04-09,2024-04-18,2024-05-05,12491.74,12491.74,PAGADO,completo
PG00007677,C001016,2023-11-23,2023-12-02,2023-12-14,420198.16,795395.26,PAGADO,sobrepago_senal
PG00007678,C001016,2023-11-25,2023-11-27,2023-12-04,550062.45,174865.35,PAGADO,sobrepago_senal
PG00007679,C001275,2025-08-09,2025-08-09,,62744.79,0.0,PENDIENTE,pendiente
PG00007680,C750013,2024-08-17,2024-08-20,2024-08-26,193805.12,193805.12,PAGADO,completo
PG00007681,C003342,2025-03-04,2025-03-13,2025-05-19,9831.58,7350.86,PAGADO,demorado
PG00007682,C003342,2025-03-09,2025-03-11,2025-05-16,3822.9,6303.62,PAGADO,demorado
PG00007683,C000995,2023-07-17,2023-07-27,2023-08-09,13374.49,13374.49,PAGADO,completo
PG00007684,C001981,2024-09-19,2024-09-24,2024-12-09,11496.64,11496.64,PAGADO,demorado
PG00007685,C000161,2023-07-22,2023-08-01,2023-08-03,17161.5,2612.9,PAGADO,completo
PG00007686,C000161,2023-08-29,2023-08-31,2023-09-19,16493.54,29041.33,PAGADO,completo
PG00007687,C000161,2023-09-06,2023-09-12,2023-10-02,5241.5,7242.31,PAGADO,completo
PG00007688,C001500,2024-07-16,2024-07-22,2024-10-22,10647.01,10647.01,PAGADO,demorado
PG00007689,C750058,2025-11-30,2025-12-09,2025-12-24,210770.21,210770.21,PAGADO,completo
PG00007690,C002613,2026-06-15,2026-06-19,,181917.19,0.0,PENDIENTE,pendiente
PG00007691,C003461,2025-02-25,2025-02-28,2025-03-16,58191.28,80090.31,PAGADO,completo
PG00007692,C003461,2025-03-15,2025-03-17,2025-03-31,32048.22,10149.19,PAGADO,completo
PG00007693,C001021,2025-01-10,2025-01-20,2025-01-20,273627.97,273627.97,PAGADO,completo
PG00007694,C003073,2025-04-05,2025-04-12,2025-05-02,9214.02,23574.84,PAGADO,completo
PG00007695,C003073,2025-04-24,2025-05-03,2025-05-09,17259.48,2898.66,PAGADO,completo
PG00007696,C900065,2025-03-20,2025-03-25,2025-06-18,290340.44,290340.44,PAGADO,demorado
PG00007697,C001585,2023-03-12,2023-03-21,2023-03-25,105852.08,105852.08,PAGADO,completo
PG00007698,C001955,2024-05-27,2024-05-31,2024-06-07,538823.89,327765.41,PAGADO,completo
PG00007699,C001955,2024-06-04,2024-06-07,2024-06-20,52134.34,263192.82,PAGADO,completo
PG00007700,C003152,2026-04-08,2026-04-09,2026-04-11,55744.43,60903.36,PAGADO,completo
PG00007701,C003152,2026-04-26,2026-05-02,2026-05-10,30400.62,19317.57,PAGADO,completo
PG00007702,C003152,2026-05-09,2026-05-12,2026-05-27,11990.68,17914.8,PAGADO,completo
PG00007703,C000034,2025-08-12,2025-08-15,2025-09-03,42152.15,35828.39,PAGADO,completo
PG00007704,C000034,2025-08-19,2025-08-19,2025-08-24,19717.32,26041.08,PAGADO,completo
PG00007705,C900136,2024-07-28,2024-07-30,2024-08-04,495324.16,495324.16,PAGADO,completo
PG00007706,C000775,2024-10-23,2024-11-01,2024-11-14,50800.71,45215.34,PAGADO,completo
PG00007707,C000775,2024-11-11,2024-11-16,2024-11-25,80461.77,86047.14,PAGADO,completo
PG00007708,C002556,2025-10-31,2025-11-06,2026-01-03,39627.68,38514.88,PAGADO,demorado
PG00007709,C002556,2025-12-18,2025-12-18,2026-02-18,39466.81,40579.61,PAGADO,demorado
PG00007710,C001478,2024-02-18,2024-02-21,2024-03-09,22000.64,20560.94,PAGADO,completo
PG00007711,C001478,2024-03-06,2024-03-08,2024-03-14,19853.49,21293.19,PAGADO,completo
PG00007712,C001363,2026-07-16,2026-07-22,2026-08-05,146078.23,146078.23,PAGADO,completo
PG00007713,C002612,2023-12-02,2023-12-10,2023-12-14,132318.99,132318.99,PAGADO,completo
PG00007714,C002824,2025-04-19,2025-04-27,,49014.86,0.0,PENDIENTE,pendiente
PG00007715,C002041,2023-11-03,2023-11-12,2023-11-26,8005.78,24331.9,PAGADO,completo
PG00007716,C002041,2023-12-02,2023-12-08,2023-12-16,20383.43,15944.87,PAGADO,completo
PG00007717,C002041,2023-12-11,2023-12-14,2023-12-14,28706.43,16818.87,PAGADO,completo
PG00007718,C000241,2024-05-08,2024-05-09,2024-05-10,2112.93,10126.5,PAGADO,completo
PG00007719,C000241,2024-06-09,2024-06-13,2024-06-23,18826.42,3635.95,PAGADO,completo
PG00007720,C000241,2024-06-17,2024-06-23,2024-07-11,6165.67,13342.57,PAGADO,completo
PG00007721,C002061,2025-05-19,2025-05-26,2025-06-13,49015.94,49015.94,PAGADO,sobrepago_senal
PG00007722,C002363,2024-11-25,2024-11-27,2024-11-29,836.65,5116.52,PAGADO,parcial
PG00007723,C002363,2024-11-15,2024-11-25,2024-12-01,7290.74,3010.87,PAGADO,parcial
PG00007724,C000600,2023-06-07,2023-06-16,2023-07-04,11724.1,12010.45,PAGADO,completo
PG00007725,C000600,2023-07-11,2023-07-21,2023-07-27,17649.81,13509.19,PAGADO,completo
PG00007726,C000600,2023-08-16,2023-08-16,2023-08-31,2376.76,6231.03,PAGADO,completo
PG00007727,C002435,2024-06-19,2024-06-22,2024-07-04,71014.86,207998.12,PAGADO,parcial
PG00007728,C002435,2024-07-09,2024-07-12,2024-07-13,290646.81,153663.55,PAGADO,parcial
PG00007729,C002888,2026-04-06,2026-04-16,2026-05-03,14549.34,14549.34,PAGADO,completo
PG00007730,C000646,2025-03-23,2025-03-26,2025-03-29,75705.64,75705.64,PAGADO,completo
PG00007731,C900012,2025-12-18,2025-12-26,2026-01-10,70182.59,268160.5,PAGADO,sobrepago_senal
PG00007732,C900012,2025-12-13,2025-12-14,2025-12-29,341879.03,143901.12,PAGADO,sobrepago_senal
PG00007733,C700056,2024-12-04,2024-12-10,2024-12-15,581207.08,581207.08,PAGADO,completo
PG00007734,C003202,2023-01-14,2023-01-15,2023-01-16,1426.95,13703.04,PAGADO,completo
PG00007735,C003202,2023-02-03,2023-02-12,2023-02-18,14406.43,229.34,PAGADO,completo
PG00007736,C003202,2023-02-27,2023-03-02,2023-03-07,9923.42,11824.42,PAGADO,completo
PG00007737,C001528,2024-09-12,2024-09-20,2024-09-30,8506.33,3804.45,PAGADO,completo
PG00007738,C001528,2024-10-10,2024-10-10,2024-10-27,44398.99,55980.07,PAGADO,completo
PG00007739,C001528,2024-10-26,2024-10-26,2024-11-15,22800.32,15921.12,PAGADO,completo
PG00007740,C001267,2023-06-10,2023-06-10,2023-06-30,11193.66,6838.42,PAGADO,completo
PG00007741,C001267,2023-06-10,2023-06-15,2023-06-25,2054.67,6409.91,PAGADO,completo
PG00007742,C001899,2024-05-17,2024-05-24,2024-05-27,36387.21,29998.79,PAGADO,completo
PG00007743,C001899,2024-07-05,2024-07-15,2024-08-02,22286.46,36450.89,PAGADO,completo
PG00007744,C001899,2024-07-01,2024-07-10,2024-07-24,14833.97,7057.96,PAGADO,completo
PG00007745,C003005,2024-06-07,2024-06-09,2024-08-07,57109.93,56316.56,PAGADO,demorado
PG00007746,C003005,2024-07-03,2024-07-06,2024-09-12,119124.22,119917.59,PAGADO,demorado
PG00007747,C002734,2026-03-01,2026-03-08,2026-03-19,10854.13,6321.4,PAGADO,completo
PG00007748,C002734,2026-02-23,2026-02-27,2026-03-13,8885.19,10298.01,PAGADO,completo
PG00007749,C002734,2026-03-18,2026-03-18,2026-03-21,7921.81,11041.72,PAGADO,completo
PG00007750,C000189,2025-09-06,2025-09-07,2025-09-27,9166.45,16064.57,PAGADO,completo
PG00007751,C000189,2025-08-29,2025-09-08,2025-09-15,31990.93,25092.81,PAGADO,completo
PG00007752,C001806,2023-09-18,2023-09-22,2023-09-28,23780.91,6150.75,PAGADO,parcial
PG00007753,C001806,2023-10-14,2023-10-16,2023-10-20,52843.96,70474.12,PAGADO,parcial
PG00007754,C000975,2023-11-17,2023-11-27,2023-12-04,91514.08,91514.08,PAGADO,completo
PG00007755,C002747,2024-05-01,2024-05-02,2024-05-17,3497.13,10051.41,PAGADO,completo
PG00007756,C002747,2024-04-25,2024-05-03,2024-05-19,4867.83,8076.02,PAGADO,completo
PG00007757,C002747,2024-05-28,2024-06-01,2024-06-16,14772.68,5010.21,PAGADO,completo
PG00007758,C002047,2025-02-12,2025-02-15,,19402.38,0.0,PENDIENTE,pendiente
PG00007759,C002558,2026-02-12,2026-02-21,2026-02-27,102456.56,102456.56,PAGADO,completo
PG00007760,C001082,2024-08-16,2024-08-26,2024-09-14,1082.42,8198.97,PAGADO,completo
PG00007761,C001082,2024-08-30,2024-09-03,2024-09-23,14138.29,8046.6,PAGADO,completo
PG00007762,C001082,2024-09-02,2024-09-07,2024-09-13,7657.1,6632.24,PAGADO,completo
PG00007763,C000474,2026-03-27,2026-03-28,2026-04-05,27315.81,27315.81,PAGADO,completo
PG00007764,C002904,2023-10-30,2023-11-01,2023-11-07,19462.74,18986.83,PAGADO,completo
PG00007765,C002904,2023-11-05,2023-11-06,2023-11-25,18984.97,19460.88,PAGADO,completo
PG00007766,C900239,2024-03-20,2024-03-28,2024-04-08,364918.39,364918.39,PAGADO,completo
PG00007767,C003385,2025-11-02,2025-11-02,2025-11-12,22586.06,12608.98,PAGADO,completo
PG00007768,C003385,2025-11-02,2025-11-08,2025-11-14,18105.41,30056.15,PAGADO,completo
PG00007769,C003385,2025-12-09,2025-12-17,2026-01-01,31507.02,29533.36,PAGADO,completo
PG00007770,C001184,2023-12-14,2023-12-23,2024-01-10,8067.63,48016.98,PAGADO,completo
PG00007771,C001184,2024-01-25,2024-01-27,2024-02-10,48456.91,8507.56,PAGADO,completo
PG00007772,C002433,2023-06-17,2023-06-25,2023-06-29,17917.09,4562.29,PAGADO,parcial
PG00007773,C002433,2023-07-16,2023-07-16,2023-08-02,9415.77,22770.57,PAGADO,parcial
PG00007774,C002391,2025-04-04,2025-04-08,2025-05-31,49731.74,34185.12,PAGADO,demorado
PG00007775,C002391,2025-04-25,2025-04-29,2025-06-27,3035.88,18582.5,PAGADO,demorado
PG00007776,C000769,2025-05-29,2025-06-04,2025-06-16,4860.74,15148.32,PAGADO,completo
PG00007777,C000769,2025-07-03,2025-07-12,2025-07-20,26425.71,16138.13,PAGADO,completo
PG00007778,C001685,2026-03-30,2026-04-03,2026-04-05,49222.02,49222.02,PAGADO,completo
PG00007779,C000130,2026-02-03,2026-02-10,2026-03-02,35503.12,24691.79,PAGADO,completo
PG00007780,C000130,2026-02-06,2026-02-13,2026-02-23,8885.36,19696.69,PAGADO,completo
PG00007781,C002919,2025-08-11,2025-08-19,2025-09-03,172342.9,172342.9,PAGADO,completo
PG00007782,C003171,2023-07-21,2023-07-30,2023-08-13,137523.07,137523.07,PAGADO,completo
PG00007783,C003444,2024-08-12,2024-08-19,2024-09-06,203699.23,247283.58,PAGADO,completo
PG00007784,C003444,2024-09-22,2024-10-02,2024-10-02,104267.63,60683.28,PAGADO,completo
PG00007785,C000466,2025-12-21,2025-12-25,2026-01-12,75682.21,75682.21,PAGADO,completo
PG00007786,C003092,2026-01-24,2026-01-25,2026-02-08,81797.21,81797.21,PAGADO,completo
PG00007787,C700272,2026-04-13,2026-04-13,2026-05-02,183676.81,140756.62,PAGADO,completo
PG00007788,C700272,2026-05-17,2026-05-17,2026-05-24,44243.98,87164.17,PAGADO,completo
PG00007789,C000860,2025-12-14,2025-12-22,2025-12-24,14290.36,24514.21,PAGADO,completo
PG00007790,C000860,2025-12-15,2025-12-22,2026-01-09,29873.38,19649.53,PAGADO,completo
