id_proveedor,id_funcionario,n_contratos,monto_total,comparte_telefono,comparte_direccion,vinculo_sospechoso
P0000,F000,2,98400.69,False,False,False
P0000,F010,1,110530.22,False,False,False
P0000,F018,1,66163.37,False,False,False
P0000,F022,1,115112.36,False,False,False
P0000,F023,1,131842.93,False,False,False
P0000,F032,1,96185.54,False,False,False
P0000,F035,11,2407293.7199999997,False,False,False
P0000,F036,1,16635.31,False,False,False
P0000,F054,1,189925.64,False,False,False
P0000,F056,1,133902.39,False,False,False
P0001,F001,1,41101.01,False,False,False
P0001,F003,1,784276.91,False,False,False
P0001,F008,1,24350.44,False,False,False
P0001,F012,1,0.0,False,False,False
P0001,F021,1,258526.94,False,False,False
P0001,F030,1,43190.54,False,False,False
P0001,F035,1,141863.28,False,False,False
P0001,F044,1,65163.92,False,False,False
P0001,F050,1,26935.33,False,False,False
P0001,F051,1,47050.97,False,False,False
P0001,F055,1,20426.33,False,False,False
P0001,F057,1,0.0,False,False,False
P0001,F058,2,73410.94,False,False,False
P0002,F002,1,118009.92,False,False,False
P0002,F004,1,49616.81,False,False,False
P0002,F016,3,221899.22,False,False,False
P0002,F030,1,147615.68,False,False,False
P0002,F031,1,43336.93,False,False,False
P0002,F034,1,0.0,False,False,False
P0002,F035,1,319451.02,False,False,False
P0002,F054,1,38467.63,False,False,False
P0003,F002,2,109053.32,False,False,False
P0003,F006,1,25585.99,False,False,False
P0003,F007,1,60323.66,False,False,False
P0003,F012,2,67503.44,False,False,False
P0003,F016,1,45897.28,False,False,False
P0003,F017,1,48270.38,False,False,False
P0003,F018,1,97603.49,False,False,False
P0003,F021,1,55937.88,False,False,False
P0003,F022,1,224338.2,False,False,False
P0003,F023,1,57673.14,False,False,False
P0003,F031,1,176461.18,False,False,False
P0003,F040,1,78083.08,False,False,False
P0003,F048,1,91016.08,False,False,False
P0003,F050,1,0.0,False,False,False
P0003,F053,1,353408.29,False,False,False
P0003,F057,1,54735.01,False,False,False
P0003,F058,1,36101.18,False,False,False
P0004,F005,1,27855.56,False,False,False
P0004,F006,2,44259.36,False,False,False
P0004,F011,1,28840.44,False,False,False
P0004,F016,1,28022.65,False,False,False
P0004,F017,2,767045.27,False,False,False
P0004,F021,1,78177.42,False,False,False
P0004,F024,1,12648.45,False,False,False
P0004,F026,1,88732.09,False,False,False
P0004,F031,1,49612.85,False,False,False
P0004,F035,2,108509.01,False,False,False
P0004,F039,1,218702.66,False,False,False
P0004,F043,2,245216.87,False,False,False
P0004,F048,1,15609.04,False,False,False
P0004,F053,1,19062.9,False,False,False
P0004,F056,1,62081.46,False,False,False
P0004,F057,1,188637.12,False,False,False
P0005,F000,1,301336.37,False,False,False
P0005,F001,1,108765.11,False,False,False
P0005,F006,1,24484.43,False,False,False
P0005,F007,1,114392.98,False,False,False
P0005,F010,1,123181.28,False,False,False
P0005,F012,1,449282.15,False,False,False
P0005,F013,1,63722.07,False,False,False
P0005,F017,1,20429.02,False,False,False
P0005,F018,1,80015.89,False,False,False
P0005,F019,1,1103772.76,False,False,False
P0005,F021,1,81459.87,False,False,False
P0005,F038,2,106935.42,False,False,False
P0005,F044,1,290312.08,False,False,False
P0005,F047,1,400528.52,False,False,False
P0005,F049,2,192027.96,False,False,False
P0005,F050,1,53994.54,False,False,False
P0005,F054,1,128044.49,False,False,False
P0005,F055,1,43606.89,False,False,False
P0006,F004,1,53312.86,False,False,False
P0006,F008,1,22170.42,False,False,False
P0006,F022,1,0.0,False,False,False
P0006,F023,1,28673.69,False,False,False
P0006,F030,1,125734.76,False,False,False
P0006,F031,1,83226.22,False,False,False
P0006,F032,1,87056.99,False,False,False
P0006,F035,1,35207.82,False,False,False
P0006,F041,1,81802.77,False,False,False
P0006,F049,1,110169.97,False,False,False
P0006,F050,1,254311.43,False,False,False
P0006,F053,1,26562.43,False,False,False
P0006,F054,1,402378.82,False,False,False
P0006,F057,1,50030.52,False,False,False
P0006,F058,1,89083.4,False,False,False
P0007,F003,1,112635.21,False,False,False
P0007,F007,1,9216.79,False,False,False
P0007,F013,1,29569.08,False,False,False
P0007,F018,1,21247.57,False,False,False
P0007,F022,1,129556.75,False,False,False
P0007,F026,1,14944.71,False,False,False
P0007,F034,1,337211.43,False,False,False
P0007,F035,1,282064.36,False,False,False
P0007,F036,1,19826.91,False,False,False
P0007,F043,2,370916.64999999997,False,False,False
P0007,F047,1,15947.59,False,False,False
P0008,F010,1,35938.31,False,False,False
P0008,F019,2,110118.05,False,False,False
P0008,F021,1,171552.47,False,False,False
P0008,F022,1,13385.94,False,False,False
P0008,F023,1,105894.74,False,False,False
P0008,F029,1,441735.19,False,False,False
P0008,F031,2,433081.06,False,False,False
P0008,F035,6,592293.19,False,False,False
P0008,F037,2,70674.66,False,False,False
P0008,F038,1,86137.33,False,False,False
P0008,F039,1,175554.64,False,False,False
P0008,F046,1,69491.42,False,False,False
P0008,F050,1,50113.34,False,False,False
P0008,F051,1,7259.38,False,False,False
P0008,F055,2,116406.25,False,False,False
P0009,F000,2,138082.03,False,False,False
P0009,F004,1,139237.87,False,False,False
P0009,F011,1,20910.34,False,False,False
P0009,F012,1,63385.55,False,False,False
P0009,F015,1,175542.31,False,False,False
P0009,F017,1,22842.12,False,False,False
P0009,F021,1,490479.88,False,False,False
P0009,F024,2,123484.99,False,False,False
P0009,F039,1,15912.97,False,False,False
P0009,F042,1,116521.73,False,False,False
P0009,F053,1,17372.87,False,False,False
P0010,F000,2,125750.24,False,False,False
P0010,F011,1,90886.87,False,False,False
P0010,F027,1,99029.38,False,False,False
P0010,F029,1,96432.92,False,False,False
P0010,F030,1,36619.8,False,False,False
P0010,F038,1,27244.19,False,False,False
P0010,F043,1,83829.83,False,False,False
P0010,F058,1,32674.83,False,False,False
P0011,F000,2,169044.93,False,False,False
P0011,F006,1,126503.44,False,False,False
P0011,F010,2,136390.88999999998,False,False,False
P0011,F011,1,55858.31,False,False,False
P0011,F012,1,46335.85,False,False,False
P0011,F015,1,97929.8,False,False,False
P0011,F018,2,127126.33,False,False,False
P0011,F030,2,168590.04,False,False,False
P0011,F034,1,25756.8,False,False,False
P0011,F042,1,54618.11,False,False,False
P0011,F049,1,272785.24,False,False,False
P0011,F050,1,41962.57,False,False,False
P0012,F000,1,159051.4,False,False,False
P0012,F006,2,137874.13,False,False,False
P0012,F010,1,86381.72,False,False,False
P0012,F020,1,11542.21,False,False,False
P0012,F021,2,204115.93,False,False,False
P0012,F035,1,77796.36,False,False,False
P0012,F041,1,52284.9,False,False,False
P0012,F044,3,226475.74,False,False,False
P0012,F048,1,125407.79,False,False,False
P0012,F052,1,103765.88,False,False,False
P0012,F054,1,162095.13,False,False,False
P0013,F005,1,30144.36,False,False,False
P0013,F008,1,351711.88,False,False,False
P0013,F017,1,39514.62,False,False,False
P0013,F039,1,24086.94,False,False,False
P0013,F046,2,58287.270000000004,False,False,False
P0013,F048,1,72833.56,False,False,False
P0013,F051,1,26023.13,False,False,False
P0013,F057,2,173497.77000000002,False,False,False
P0014,F004,2,125722.98999999999,False,False,False
P0014,F006,1,48689.95,False,False,False
P0014,F017,1,214814.51,False,False,False
P0014,F029,1,72370.27,False,False,False
P0014,F033,1,60060.55,False,False,False
P0014,F035,1,122149.07,False,False,False
P0014,F036,1,820913.83,False,False,False
P0014,F039,1,35015.18,False,False,False
P0014,F041,1,0.0,False,False,False
P0014,F048,2,184941.19,False,True,True
P0014,F049,1,452520.98,False,False,False
P0014,F050,1,61712.8,False,False,False
P0014,F053,1,0.0,False,False,False
P0014,F054,1,14360.16,False,False,False
P0015,F002,1,52640.52,False,False,False
P0015,F006,1,132027.5,False,False,False
P0015,F007,1,127725.39,False,False,False
P0015,F008,1,187490.0,False,False,False
P0015,F021,1,82685.33,False,False,False
P0015,F035,1,20452.55,False,False,False
P0015,F039,1,128554.5,False,False,False
P0015,F041,1,33601.66,False,False,False
P0015,F042,1,56211.93,False,False,False
P0015,F046,1,12735.74,False,False,False
P0015,F050,1,58530.34,False,False,False
P0015,F053,1,175930.33,False,False,False
P0015,F054,1,38866.51,False,False,False
P0016,F002,1,28740.17,False,False,False
P0016,F004,1,0.0,False,False,False
P0016,F010,1,65695.77,False,False,False
P0016,F011,1,36011.86,False,False,False
P0016,F012,1,24202.33,False,False,False
P0016,F016,1,138083.65,False,False,False
P0016,F018,1,83090.75,False,False,False
P0016,F019,1,33349.11,False,False,False
P0016,F021,1,108776.33,False,False,False
P0016,F027,1,15846.46,False,False,False
P0016,F030,1,31965.5,False,False,False
P0016,F035,5,562355.9,False,False,False
P0016,F041,1,81123.81,False,False,False
P0016,F050,1,51829.54,False,False,False
P0017,F000,1,30509.32,False,False,False
P0017,F009,1,280424.01,False,False,False
P0017,F011,2,175301.06,False,False,False
P0017,F015,1,16153.15,False,False,False
P0017,F034,1,95981.43,False,False,False
P0017,F035,1,53062.8,False,False,False
P0017,F037,1,132901.69,False,False,False
P0017,F038,1,91125.85,False,False,False
P0017,F041,1,743.14,False,False,False
P0017,F043,1,28049.43,False,False,False
P0017,F052,1,68297.56,False,False,False
P0018,F006,1,160049.75,False,False,False
P0018,F007,1,216473.54,False,False,False
P0018,F008,1,33186.2,False,False,False
P0018,F012,1,21837.16,False,False,False
P0018,F017,1,22026.8,False,False,False
P0018,F026,2,162676.01,False,False,False
P0018,F027,1,41753.99,False,False,False
P0018,F028,1,106583.1,False,False,False
P0018,F030,1,46690.02,False,False,False
P0018,F036,1,165077.98,False,False,False
P0018,F054,1,288712.14,False,False,False
P0018,F056,2,110669.84,False,False,False
P0018,F059,1,259385.92,False,False,False
P0019,F000,1,72129.32,False,False,False
P0019,F010,1,27479.52,False,False,False
P0019,F017,1,20906.34,False,False,False
P0019,F018,1,1755.99,False,False,False
P0019,F019,1,79470.59,False,False,False
P0019,F033,1,88735.54,False,False,False
P0019,F041,2,300523.17000000004,False,False,False
P0019,F052,1,44680.65,False,False,False
P0019,F055,1,8638.63,False,False,False
P0019,F056,2,108059.03,False,False,False
P0019,F057,1,30603.2,False,False,False
P0019,F058,1,0.0,False,False,False
P0020,F000,1,127118.14,False,False,False
P0020,F003,1,22079.78,False,False,False
P0020,F009,1,140732.08,False,False,False
P0020,F013,1,68455.2,False,False,False
P0020,F014,1,19620.81,False,False,False
P0020,F015,1,19028.61,False,False,False
P0020,F025,1,40958.86,False,False,False
P0020,F029,1,136697.46,False,False,False
P0020,F034,1,36321.02,False,False,False
P0020,F050,1,83836.5,False,False,False
P0020,F058,2,134924.51,False,False,False
P0020,F059,1,41227.29,False,False,False
P0021,F000,1,67990.13,False,False,False
P0021,F003,1,28738.0,False,False,False
P0021,F021,1,371836.44,False,False,False
P0021,F023,1,63108.58,False,False,False
P0021,F029,1,79198.09,False,False,False
P0021,F042,1,94317.34,False,False,False
P0021,F043,1,71922.34,False,False,False
P0021,F050,1,134283.38,False,False,False
P0021,F051,1,0.0,False,False,False
P0021,F056,1,583868.14,False,False,False
P0021,F058,1,5222.6,False,False,False
P0022,F000,2,96651.76000000001,False,False,False
P0022,F002,1,61827.76,False,False,False
P0022,F004,1,65943.58,False,False,False
P0022,F005,1,434201.27,False,False,False
P0022,F006,1,127243.15,False,False,False
P0022,F010,1,60796.19,False,False,False
P0022,F011,1,43781.11,False,False,False
P0022,F021,1,39225.63,False,False,False
P0022,F023,1,17034.85,False,False,False
P0022,F031,1,0.0,False,False,False
P0022,F035,1,40153.1,False,False,False
P0022,F038,1,402448.81,False,False,False
P0022,F050,1,69644.38,False,False,False
P0023,F000,1,86060.84,False,False,False
P0023,F007,1,182595.69,False,False,False
P0023,F011,1,50154.53,False,False,False
P0023,F031,1,172994.77,False,False,False
P0023,F035,2,394697.78,False,False,False
P0023,F036,1,39287.54,False,False,False
P0023,F037,1,12505.02,False,False,False
P0023,F040,2,476032.98,False,False,False
P0023,F046,1,339447.29,False,False,False
P0023,F051,2,491815.24,False,False,False
P0023,F053,1,260931.86,False,False,False
P0023,F055,2,75470.97,False,False,False
P0024,F000,1,4810.43,False,False,False
P0024,F006,1,36809.22,False,False,False
P0024,F016,1,80900.82,False,False,False
P0024,F020,1,61555.14,False,False,False
P0024,F026,1,12191.6,False,False,False
P0024,F029,1,271003.29,False,False,False
P0024,F030,1,40510.74,False,False,False
P0024,F031,1,30313.5,False,False,False
P0024,F033,1,27382.9,False,False,False
P0024,F035,1,85472.9,False,False,False
P0024,F043,1,43624.63,False,False,False
P0024,F046,1,94627.56,False,False,False
P0024,F048,2,135135.16,False,False,False
P0024,F051,2,363874.62,False,False,False
P0024,F054,1,33274.58,False,False,False
P0024,F056,1,155809.64,False,False,False
P0024,F057,1,1047863.18,False,False,False
P0025,F000,4,152725.21,False,False,False
P0025,F001,1,52773.03,False,False,False
P0025,F007,1,59087.28,False,False,False
P0025,F008,2,86314.3,False,False,False
P0025,F014,1,44816.67,False,False,False
P0025,F017,2,110936.5,False,False,False
P0025,F023,1,13813.52,False,False,False
P0025,F025,1,46337.48,False,False,False
P0025,F033,1,82172.97,False,False,False
P0025,F035,2,126584.57999999999,False,False,False
P0025,F055,1,213465.62,False,False,False
P0026,F006,1,30028.98,False,False,False
P0026,F013,1,30481.83,False,False,False
P0026,F019,1,20623.81,False,False,False
P0026,F035,2,81284.70999999999,False,False,False
P0026,F036,1,0.0,False,False,False
P0026,F037,1,71476.2,False,False,False
P0026,F038,1,145276.48,False,False,False
P0026,F042,1,4449.14,False,False,False
P0026,F059,1,22141.9,False,False,False
P0027,F004,2,80962.49,False,False,False
P0027,F008,1,62580.71,False,False,False
P0027,F012,1,36526.11,False,False,False
P0027,F018,1,166256.62,False,False,False
P0027,F020,1,86374.79,False,False,False
P0027,F021,1,66023.03,False,False,False
P0027,F025,1,192010.92,False,False,False
P0027,F026,1,120711.87,False,False,False
P0027,F046,1,12024.83,False,False,False
P0027,F047,1,167464.76,False,False,False
P0027,F048,1,46122.92,False,False,False
P0027,F049,1,90960.57,False,False,False
P0027,F057,1,32029.85,False,False,False
P0028,F005,1,293672.01,False,False,False
P0028,F011,1,42915.73,False,False,False
P0028,F012,1,38130.48,False,False,False
P0028,F021,1,62466.22,False,False,False
P0028,F025,1,73527.19,False,False,False
P0028,F033,1,119229.79,False,False,False
P0028,F035,2,404353.97000000003,False,False,False
P0028,F040,1,47274.27,False,False,False
P0028,F044,1,8069.58,False,False,False
P0028,F047,1,277890.71,False,False,False
P0028,F049,1,63844.97,False,False,False
P0028,F054,1,77944.08,False,False,False
P0028,F055,1,25659.06,False,False,False
P0029,F000,1,358935.71,False,False,False
P0029,F004,1,51975.56,False,False,False
P0029,F014,1,86955.56,False,False,False
P0029,F017,1,251451.69,False,False,False
P0029,F019,1,44274.93,False,False,False
P0029,F021,1,0.0,False,False,False
P0029,F030,4,173132.34,False,False,False
P0029,F041,1,81958.24,False,False,False
P0029,F047,1,19165.67,False,False,False
P0029,F055,1,16928.39,False,False,False
P0030,F000,1,198256.07,False,False,False
P0030,F006,1,73844.66,False,False,False
P0030,F008,1,163321.56,False,False,False
P0030,F016,2,185843.57,False,False,False
P0030,F021,1,24050.75,False,False,False
P0030,F022,1,80693.2,False,False,False
P0030,F023,1,10607.63,False,False,False
P0030,F029,2,222247.32,False,False,False
P0030,F036,2,173534.47999999998,False,False,False
P0030,F041,1,86820.01,False,False,False
P0030,F042,1,79301.26,False,False,False
P0030,F050,1,550257.37,False,False,False
P0030,F054,1,29578.67,False,False,False
P0030,F055,1,5742.54,False,False,False
P0030,F057,2,97988.23,False,False,False
P0030,F058,2,54166.53,False,False,False
P0031,F000,2,56397.34,False,False,False
P0031,F010,1,55667.01,False,False,False
P0031,F013,1,80529.84,False,False,False
P0031,F014,1,7703.02,False,False,False
P0031,F023,1,45522.19,False,False,False
P0031,F024,1,38829.43,False,False,False
P0031,F025,1,36673.29,False,False,False
P0031,F029,1,7956.59,False,False,False
P0031,F035,1,30737.82,False,False,False
P0031,F038,1,41566.9,False,False,False
P0031,F039,1,38581.82,False,False,False
P0031,F041,2,734496.3,False,False,False
P0031,F049,2,90577.04,False,False,False
P0031,F051,1,89053.39,False,False,False
P0031,F053,1,49975.66,False,False,False
P0031,F057,1,167742.51,False,False,False
P0032,F000,2,48593.04,False,False,False
P0032,F003,1,14131.81,False,False,False
P0032,F004,1,4479.58,False,False,False
P0032,F006,1,85922.23,False,False,False
P0032,F011,1,410239.35,False,False,False
P0032,F012,1,66331.67,False,False,False
P0032,F013,1,104420.13,False,False,False
P0032,F018,1,131937.38,False,False,False
P0032,F025,1,76936.88,False,False,False
P0032,F026,1,27109.74,False,False,False
P0032,F029,1,141406.8,False,False,False
P0032,F040,1,39452.73,False,False,False
P0032,F044,1,23488.51,False,False,False
P0032,F048,1,114583.82,False,False,False
P0032,F049,1,107761.48,False,False,False
P0032,F055,1,126621.74,False,False,False
P0032,F058,1,391027.78,False,False,False
P0033,F005,1,31876.76,False,False,False
P0033,F008,1,33288.78,False,False,False
P0033,F009,2,89066.38,False,False,False
P0033,F012,2,259427.21000000002,False,False,False
P0033,F013,2,276686.38,False,False,False
P0033,F017,1,53219.74,False,False,False
P0033,F023,1,23931.5,False,False,False
P0033,F025,1,74841.07,False,False,False
P0033,F034,1,51270.44,False,False,False
P0033,F039,2,142228.44,False,False,False
P0033,F045,1,0.0,False,False,False
P0033,F050,3,210122.2,False,False,False
P0034,F000,1,97254.04,False,False,False
P0034,F007,2,50383.649999999994,False,False,False
P0034,F008,1,0.0,False,False,False
P0034,F012,1,8494.59,False,False,False
P0034,F016,1,34595.89,False,False,False
P0034,F018,1,56415.51,False,False,False
P0034,F020,1,156438.49,False,False,False
P0034,F024,1,34105.62,False,False,False
P0034,F028,2,91482.75,False,False,False
P0034,F039,2,446756.46,False,False,False
P0034,F048,1,90984.95,False,False,False
P0034,F054,1,55481.29,False,False,False
P0034,F057,1,27293.6,False,False,False
P0035,F000,2,234186.24,False,False,False
P0035,F002,1,47192.41,False,False,False
P0035,F003,1,56918.28,False,False,False
P0035,F004,1,14445.51,False,False,False
P0035,F005,1,232763.35,False,False,False
P0035,F008,1,20419.88,False,False,False
P0035,F012,1,81535.95,False,False,False
P0035,F035,2,835987.99,False,False,False
P0035,F040,1,7547.54,False,False,False
P0035,F048,1,63836.08,False,False,False
P0035,F050,1,12535.19,False,False,False
P0035,F056,1,30980.91,False,False,False
P0036,F006,1,101203.68,False,False,False
P0036,F011,1,36849.74,False,False,False
P0036,F016,1,33972.83,False,False,False
P0036,F019,1,39749.96,False,False,False
P0036,F026,1,326365.09,False,False,False
P0036,F032,1,88808.5,False,False,False
P0036,F035,2,115434.61,False,False,False
P0036,F047,1,90489.84,False,False,False
P0036,F051,1,51766.28,False,False,False
P0036,F055,1,43086.77,False,False,False
P0037,F007,1,110057.86,False,False,False
P0037,F013,1,94091.37,False,False,False
P0037,F020,1,38160.7,False,False,False
P0037,F030,1,655187.49,False,False,False
P0037,F031,1,31863.88,False,False,False
P0037,F035,1,66182.39,False,False,False
P0037,F048,1,13374.49,False,False,False
P0037,F054,1,189395.31,False,False,False
P0037,F058,1,33989.63,False,False,False
P0037,F059,1,21363.57,False,False,False
P0038,F000,3,139607.56,False,False,False
P0038,F002,2,443698.91,False,False,False
P0038,F003,1,95348.12,False,False,False
P0038,F006,2,224117.47,False,False,False
P0038,F007,1,35637.53,False,False,False
P0038,F008,1,107315.15,False,False,False
P0038,F013,1,33230.86,False,False,False
P0038,F022,2,107817.87,False,False,False
P0038,F027,1,30347.7,False,False,False
P0038,F029,1,32988.39,False,False,False
P0038,F033,1,179463.62,False,False,False
P0038,F035,2,138305.79,False,False,False
P0038,F036,1,29347.21,False,False,False
P0038,F041,1,16392.49,False,False,False
P0038,F043,1,21073.97,False,False,False
P0038,F049,1,29493.96,False,False,False
P0038,F050,1,15168.82,False,False,False
P0038,F057,1,64081.64,False,False,False
P0039,F000,1,169270.55,False,False,False
P0039,F003,1,18730.72,False,False,False
P0039,F005,1,91648.38,False,False,False
P0039,F008,1,353520.95,False,False,False
P0039,F014,1,102732.62,False,False,False
P0039,F019,1,32520.9,False,False,False
P0039,F021,3,363452.98,False,False,False
P0039,F023,1,44163.74,False,False,False
P0039,F027,1,17764.38,False,False,False
P0039,F028,1,43078.99,False,False,False
P0039,F033,1,140679.55,False,False,False
P0039,F035,1,87915.72,False,False,False
P0039,F045,1,41794.51,False,False,False
P0039,F048,1,46830.0,False,False,False
P0039,F050,2,347241.20999999996,False,False,False
P0039,F051,1,59769.77,False,False,False
P0040,F000,1,73833.64,False,False,False
P0040,F010,1,16106.45,False,False,False
P0040,F012,2,119232.3,False,False,False
P0040,F023,1,135869.15,False,False,False
P0040,F026,1,11668.79,False,False,False
P0040,F035,1,253350.81,False,False,False
P0040,F036,1,216161.03,False,False,False
P0040,F041,1,33952.57,False,False,False
P0040,F044,1,17148.82,False,False,False
P0040,F053,1,92501.91,False,False,False
P0041,F000,2,233396.74000000002,False,False,False
P0041,F004,1,120281.85,False,False,False
P0041,F006,1,209536.85,False,False,False
P0041,F012,1,52807.07,False,False,False
P0041,F018,1,57239.8,False,False,False
P0041,F019,1,75992.38,False,False,False
P0041,F022,1,37583.74,False,False,False
P0041,F031,1,56200.8,False,False,False
P0041,F035,1,41998.58,False,False,False
P0041,F036,1,213212.14,False,False,False
P0041,F040,1,76050.94,False,False,False
P0041,F049,2,440832.95,False,False,False
P0042,F004,1,125819.67,False,False,False
P0042,F005,1,984693.73,False,False,False
P0042,F007,1,63495.26,False,False,False
P0042,F016,1,31210.35,False,False,False
P0042,F018,1,64536.72,False,False,False
P0042,F030,1,22446.74,False,False,False
P0042,F033,1,22800.63,False,False,False
P0042,F041,1,178172.55,False,False,False
P0042,F044,1,242153.73,False,False,False
P0042,F046,1,11628.57,False,False,False
P0042,F049,1,180316.07,False,False,False
P0042,F050,1,9388.14,False,False,False
P0042,F051,1,166054.85,False,False,False
P0042,F052,1,100944.64,False,False,False
P0042,F053,1,12772.12,False,False,False
P0043,F000,1,41328.0,False,False,False
P0043,F009,1,355340.07,False,False,False
P0043,F010,1,80862.91,False,False,False
P0043,F018,1,0.0,False,False,False
P0043,F019,1,450568.57,False,False,False
P0043,F021,1,26380.67,False,False,False
P0043,F023,1,91254.8,False,False,False
P0043,F026,1,56075.45,False,False,False
P0043,F031,1,87778.4,False,False,False
P0043,F035,1,178421.93,False,False,False
P0043,F039,1,23789.49,False,False,False
P0043,F041,1,18244.54,False,False,False
P0043,F053,1,102644.03,False,False,False
P0043,F057,1,19371.62,False,False,False
P0044,F002,1,43864.06,False,False,False
P0044,F006,1,208509.91,False,False,False
P0044,F008,1,90567.2,False,False,False
P0044,F010,1,6910.18,False,False,False
P0044,F012,1,5276.98,False,False,False
P0044,F018,1,25108.28,False,False,False
P0044,F024,1,52573.84,False,False,False
P0044,F025,1,58861.6,False,False,False
P0044,F026,2,70715.26,False,False,False
P0044,F028,1,9282.61,False,False,False
P0044,F031,1,75541.93,False,False,False
P0044,F032,1,67993.38,False,False,False
P0044,F040,1,17097.33,False,False,False
P0044,F049,1,72649.04,False,False,False
P0044,F055,1,183896.43,False,False,False
P0045,F010,1,129203.96,False,False,False
P0045,F016,2,168496.02,False,False,False
P0045,F018,1,119219.12,False,False,False
P0045,F023,1,82313.57,False,False,False
P0045,F035,1,32428.57,False,False,False
P0045,F044,1,267732.57,False,False,False
P0045,F048,1,32061.03,False,False,False
P0045,F049,1,16119.23,False,False,False
P0045,F053,1,68268.65,False,False,False
P0045,F058,1,31286.45,False,False,False
P0046,F000,1,39455.4,False,False,False
P0046,F004,1,54338.29,False,False,False
P0046,F006,1,84035.49,False,False,False
P0046,F011,1,78493.85,False,False,False
P0046,F017,1,552380.44,False,False,False
P0046,F020,1,22223.24,False,False,False
P0046,F022,1,49066.33,False,False,False
P0046,F026,1,75268.02,False,False,False
P0046,F027,1,38038.19,False,False,False
P0046,F030,1,20740.32,False,False,False
P0046,F035,1,44514.22,False,False,False
P0046,F038,1,20819.67,False,False,False
P0046,F048,1,91707.11,False,False,False
P0046,F051,1,161366.93,False,False,False
P0046,F053,1,13705.77,False,False,False
P0046,F054,1,60300.43,False,False,False
P0047,F000,1,97091.33,False,False,False
P0047,F006,1,7397.65,False,False,False
P0047,F007,1,72058.19,False,False,False
P0047,F008,1,59700.46,False,False,False
P0047,F017,1,33371.54,False,False,False
P0047,F021,1,64206.23,False,False,False
P0047,F025,2,29853.45,False,False,False
P0047,F026,1,287866.14,False,False,False
P0047,F035,1,238880.9,False,False,False
P0047,F046,1,45007.94,False,False,False
P0047,F049,2,148005.97,False,False,False
P0047,F055,1,111381.09,False,False,False
P0048,F003,1,46100.67,False,False,False
P0048,F006,1,28551.78,False,False,False
P0048,F008,1,94677.86,False,False,False
P0048,F018,1,63772.39,False,False,False
P0048,F020,1,79519.62,False,False,False
P0048,F026,1,235757.38,False,False,False
P0048,F028,1,317390.33,False,False,False
P0048,F031,1,14375.87,False,False,False
P0048,F036,1,38836.59,False,False,False
P0048,F041,1,22895.96,False,False,False
P0048,F043,1,71623.02,False,False,False
P0048,F044,1,13654.48,False,False,False
P0048,F047,1,94327.86,False,False,False
P0048,F050,3,12199.76,False,False,False
P0048,F051,1,85044.77,False,False,False
P0048,F056,1,17247.41,False,False,False
P0049,F000,1,9713.21,False,False,False
P0049,F002,13,3127443.52,False,False,False
P0049,F004,2,332657.59,False,False,False
P0049,F005,2,302364.28,False,False,False
P0049,F019,1,39294.78,False,False,False
P0049,F024,1,20701.34,False,False,False
P0049,F029,1,108763.73,False,False,False
P0049,F035,3,721273.64,False,False,False
P0049,F037,1,70595.19,False,False,False
P0049,F044,1,56558.51,False,False,False
P0049,F045,1,11086.94,False,False,False
P0049,F049,1,57598.11,False,False,False
P0049,F050,1,62533.02,False,False,False
P0049,F051,1,185673.46,False,False,False
P0049,F057,1,20072.48,False,False,False
P0049,F058,1,34240.29,False,False,False
P0050,F000,1,122459.8,False,False,False
P0050,F003,1,101493.29,False,False,False
P0050,F006,1,64403.61,False,False,False
P0050,F007,1,52508.3,False,False,False
P0050,F015,1,120772.47,False,False,False
P0050,F017,1,90252.69,False,False,False
P0050,F021,1,90697.01,False,False,False
P0050,F022,1,31054.52,False,False,False
P0050,F023,1,9682.17,False,False,False
P0050,F025,1,26571.62,False,False,False
P0050,F031,1,49204.59,False,False,False
P0050,F032,1,32079.05,False,False,False
P0050,F036,1,126184.31,False,False,False
P0050,F039,1,192362.59,False,False,False
P0050,F051,1,152065.53,False,False,False
P0050,F057,1,28136.36,False,False,False
P0051,F000,1,167142.38,False,False,False
P0051,F003,1,38249.06,False,False,False
P0051,F006,1,18983.62,False,False,False
P0051,F014,2,30999.739999999998,False,False,False
P0051,F017,1,14699.63,False,False,False
P0051,F022,1,60278.73,False,False,False
P0051,F024,1,82289.49,False,False,False
P0051,F027,1,64584.41,False,False,False
P0051,F028,13,3340911.8,False,False,False
P0051,F041,1,107387.06,False,False,False
P0051,F042,1,280446.43,False,False,False
P0051,F045,1,42269.89,False,False,False
P0051,F050,1,43041.78,False,False,False
P0051,F053,1,14332.66,False,False,False
P0052,F003,1,97192.95,False,False,False
P0052,F007,1,36569.72,False,False,False
P0052,F021,1,135929.38,False,False,False
P0052,F025,1,92942.97,False,False,False
P0052,F029,1,27847.67,False,False,False
P0052,F031,1,199292.24,False,False,False
P0052,F034,1,65210.21,False,False,False
P0052,F037,1,76904.78,False,False,False
P0052,F039,1,919227.3,False,False,False
P0052,F041,1,57231.67,False,False,False
P0052,F043,1,66180.62,False,False,False
P0052,F048,1,116869.23,False,False,False
P0052,F050,1,9974.88,False,False,False
P0052,F053,1,27371.73,False,False,False
P0052,F055,1,137027.69,False,False,False
P0053,F000,1,190519.11,False,False,False
P0053,F001,1,244614.58,False,False,False
P0053,F005,1,139155.17,False,False,False
P0053,F010,2,83272.16,False,False,False
P0053,F011,1,152725.95,False,False,False
P0053,F013,1,88891.62,False,False,False
P0053,F017,1,39419.45,False,False,False
P0053,F022,1,48327.47,False,False,False
P0053,F028,1,31418.11,False,False,False
P0053,F031,1,56477.0,False,False,False
P0053,F035,2,245050.13,False,False,False
P0053,F039,1,173575.89,False,False,False
P0053,F045,1,109746.95,False,False,False
P0053,F050,1,505301.75,False,False,False
P0053,F052,1,45031.43,False,False,False
P0053,F057,1,335596.8,False,False,False
P0054,F000,1,82784.01,False,False,False
P0054,F002,1,2582.04,False,False,False
P0054,F012,1,35439.6,False,False,False
P0054,F013,3,141555.3,False,False,False
P0054,F016,1,55019.98,False,False,False
P0054,F021,2,63761.170000000006,False,False,False
P0054,F023,1,22184.59,False,False,False
P0054,F026,1,114004.44,False,False,False
P0054,F028,1,114121.24,False,False,False
P0054,F036,1,162233.62,False,False,False
P0054,F046,1,88682.56,False,False,False
P0054,F047,1,20966.96,False,False,False
P0054,F053,1,62859.81,False,False,False
P0054,F056,1,23068.56,False,False,False
P0055,F000,3,65625.76999999999,False,False,False
P0055,F001,1,10505.78,False,False,False
P0055,F004,1,45114.67,False,False,False
P0055,F008,1,86144.81,False,False,False
P0055,F021,1,83095.02,False,False,False
P0055,F036,1,84247.04,False,False,False
P0055,F041,1,3931.77,False,False,False
P0055,F046,2,103923.73,False,False,False
P0055,F047,1,88298.13,False,False,False
P0055,F049,1,34541.99,False,False,False
P0055,F051,2,26441.370000000003,True,False,True
P0055,F057,1,42303.16,False,False,False
P0056,F000,1,62391.23,False,False,False
P0056,F008,1,32561.86,False,False,False
P0056,F011,1,46755.7,False,False,False
P0056,F015,1,117017.55,False,False,False
P0056,F026,1,299819.83,False,False,False
P0056,F027,1,162505.63,False,False,False
P0056,F031,1,491528.45,False,False,False
P0056,F036,1,54720.28,False,False,False
P0056,F039,1,16519.81,False,False,False
P0056,F040,1,34073.3,False,False,False
P0056,F041,2,44754.92,False,False,False
P0056,F043,3,135514.15,False,False,False
P0056,F048,1,55632.42,False,False,False
P0056,F058,1,75144.09,False,False,False
P0056,F059,1,249063.75,False,False,False
P0057,F002,1,13281.24,False,False,False
P0057,F003,1,30327.73,False,False,False
P0057,F005,2,236703.5,False,False,False
P0057,F006,2,104362.59999999999,False,False,False
P0057,F015,1,21853.3,False,False,False
P0057,F016,2,85271.22,False,False,False
P0057,F019,1,0.0,False,False,False
P0057,F020,1,55003.36,False,False,False
P0057,F021,2,359612.43,False,False,False
P0057,F033,1,67890.64,False,False,False
P0057,F035,1,36256.41,False,False,False
P0057,F041,1,28392.48,False,False,False
P0058,F006,1,53383.36,False,False,False
P0058,F007,1,16533.71,False,False,False
P0058,F015,1,423847.13,False,False,False
P0058,F018,1,37719.5,False,False,False
P0058,F022,1,99810.19,False,False,False
P0058,F030,1,13759.57,False,False,False
P0058,F031,2,87026.70999999999,False,False,False
P0058,F035,1,68440.28,False,False,False
P0058,F036,1,57162.1,False,False,False
P0058,F039,1,187260.0,False,False,False
P0058,F041,1,12121.57,False,False,False
P0058,F043,1,118065.7,False,False,False
P0058,F049,2,42461.23,False,False,False
P0058,F051,1,361335.14,False,False,False
P0058,F053,1,72918.91,False,False,False
P0058,F054,1,66131.64,False,False,False
P0059,F004,1,295802.8,False,False,False
P0059,F007,1,165845.39,False,False,False
P0059,F009,1,22097.71,False,False,False
P0059,F012,1,13009.23,False,False,False
P0059,F013,1,125920.6,False,False,False
P0059,F017,1,12442.86,False,False,False
P0059,F026,1,0.0,False,False,False
P0059,F033,1,375838.02,False,False,False
P0059,F038,3,110570.03,False,False,False
P0059,F045,1,29609.19,False,False,False
P0059,F048,3,169359.21000000002,True,False,True
P0059,F055,1,0.0,False,False,False
P0059,F058,1,146078.23,False,False,False
P0060,F006,1,52626.65,False,False,False
P0060,F010,1,219104.43,False,False,False
P0060,F012,1,17313.54,False,False,False
P0060,F015,1,119763.21,False,False,False
P0060,F017,1,75415.85,False,False,False
P0060,F020,1,39193.91,False,False,False
P0060,F021,1,38132.59,False,False,False
P0060,F023,1,54054.76,False,False,False
P0060,F025,1,160274.22,False,False,False
P0060,F035,2,74450.39,False,False,False
P0060,F042,1,118771.24,False,False,False
P0060,F043,3,505815.51,False,False,False
P0060,F049,1,115149.46,False,False,False
P0060,F051,1,111268.55,False,False,False
P0060,F055,1,124417.94,False,False,False
P0060,F058,1,33881.84,False,False,False
P0061,F005,2,33984.119999999995,False,False,False
P0061,F012,1,10807.08,False,False,False
P0061,F017,1,32236.8,False,False,False
P0061,F021,1,354341.38,False,False,False
P0061,F033,1,9083.71,False,False,False
P0061,F035,2,165570.47999999998,False,False,False
P0061,F040,1,200690.8,False,False,False
P0061,F041,1,67380.0,False,False,False
P0061,F046,1,150897.75,False,False,False
P0061,F049,1,5684.22,False,False,False
P0061,F050,1,192773.29,False,False,False
P0061,F058,1,43764.32,False,False,False
P0062,F002,1,185606.99,False,False,False
P0062,F010,1,110650.9,False,False,False
P0062,F013,1,55965.4,False,False,False
P0062,F017,1,58358.52,False,False,False
P0062,F035,2,155848.61000000002,False,False,False
P0062,F048,1,47459.54,False,False,False
P0062,F053,1,58895.89,False,False,False
P0062,F055,1,43117.14,False,False,False
P0062,F058,1,54636.64,False,False,False
P0063,F003,1,35688.44,False,False,False
P0063,F004,1,331023.27,False,False,False
P0063,F006,2,214169.27000000002,False,False,False
P0063,F007,2,43054.729999999996,False,False,False
P0063,F010,1,117332.0,False,False,False
P0063,F011,1,189536.52,False,False,False
P0063,F013,1,58834.65,False,False,False
P0063,F021,1,64034.75,False,False,False
P0063,F034,1,11576.74,False,False,False
P0063,F036,1,60632.03,False,False,False
P0063,F044,1,251423.26,False,False,False
P0063,F049,1,93407.49,False,False,False
P0063,F053,1,70981.67,False,False,False
P0063,F059,1,42208.48,False,False,False
P0064,F001,1,45840.78,False,False,False
P0064,F012,1,75280.01,False,False,False
P0064,F014,1,27543.6,False,False,False
P0064,F016,1,14798.98,False,False,False
P0064,F019,1,130232.03,False,False,False
P0064,F020,1,58708.5,False,False,False
P0064,F029,1,21234.39,False,False,False
P0064,F032,1,34425.45,False,False,False
P0064,F034,1,25674.56,False,False,False
P0064,F035,2,39534.25,False,False,False
P0064,F039,1,5911.89,False,False,False
P0064,F049,1,181750.65,False,False,False
P0064,F055,1,128327.72,False,False,False
P0065,F000,3,217791.76,False,False,False
P0065,F003,1,35027.54,False,False,False
P0065,F004,2,369261.8,False,False,False
P0065,F006,1,18835.17,False,False,False
P0065,F008,1,12493.22,False,False,False
P0065,F023,1,137145.18,False,False,False
P0065,F024,1,49601.56,False,False,False
P0065,F025,1,214865.25,False,False,False
P0065,F026,1,59504.51,False,False,False
P0065,F031,1,49228.33,False,False,False
P0065,F040,1,26052.22,False,False,False
P0065,F042,1,181051.96,False,False,False
P0065,F050,1,7735.46,False,False,False
P0065,F051,1,107761.23,False,False,False
P0065,F053,1,30792.44,False,False,False
P0065,F054,1,10670.71,False,False,False
P0065,F056,1,12267.95,False,False,False
P0066,F000,3,434598.26,False,False,False
P0066,F005,1,19455.0,False,False,False
P0066,F006,1,178022.43,False,False,False
P0066,F007,2,52228.060000000005,False,False,False
P0066,F013,1,95096.73,False,False,False
P0066,F016,1,284593.25,False,False,False
P0066,F019,1,167030.57,False,False,False
P0066,F020,1,37580.93,False,False,False
P0066,F026,2,163038.97,False,False,False
P0066,F029,1,91317.28,False,False,False
P0066,F032,1,99606.09,False,False,False
P0066,F035,1,49596.83,False,False,False
P0066,F036,1,11133.05,False,False,False
P0066,F038,1,0.0,False,False,False
P0066,F042,1,96923.28,False,False,False
P0066,F056,3,906095.78,False,False,False
P0067,F000,1,53869.79,False,False,False
P0067,F003,1,192824.97,False,False,False
P0067,F023,1,11572.58,False,False,False
P0067,F025,1,106531.36,False,False,False
P0067,F027,1,66000.22,False,False,False
P0067,F031,1,167948.57,False,False,False
P0067,F035,1,182263.39,False,False,False
P0067,F038,4,707375.63,False,False,False
P0067,F039,1,253786.95,False,False,False
P0067,F040,1,9816.85,False,False,False
P0067,F041,1,45843.58,False,False,False
P0067,F045,1,68189.83,False,False,False
P0067,F046,1,37700.22,False,False,False
P0067,F050,2,147797.73,False,False,False
P0067,F056,1,116613.3,False,False,False
P0067,F057,1,56009.51,False,False,False
P0068,F000,1,26893.38,False,False,False
P0068,F007,1,555964.38,False,False,False
P0068,F013,1,32230.96,False,False,False
P0068,F017,1,41603.12,False,False,False
P0068,F021,1,28688.4,False,False,False
P0068,F028,1,87209.59,False,False,False
P0068,F030,1,99546.02,False,False,False
P0068,F033,1,162726.19,False,False,False
P0068,F035,1,5625.8,False,False,False
P0068,F038,1,271817.64,False,False,False
P0068,F058,1,63325.85,False,False,False
P0069,F004,1,27859.17,False,False,False
P0069,F006,1,62648.5,False,False,False
P0069,F012,1,123013.26,False,False,False
P0069,F016,1,1530735.78,False,False,False
P0069,F021,1,95117.36,False,False,False
P0069,F031,1,45538.24,False,False,False
P0069,F035,3,425775.57,False,False,False
P0069,F036,1,72198.49,False,False,False
P0069,F042,1,188492.41,False,False,False
P0069,F048,1,73435.88,False,False,False
P0069,F050,1,176570.22,False,False,False
P0069,F056,1,31857.83,False,False,False
P0070,F013,1,56392.65,False,False,False
P0070,F014,1,53665.26,False,False,False
P0070,F016,1,93203.97,False,False,False
P0070,F018,1,19645.63,False,False,False
P0070,F021,1,807722.69,False,False,False
P0070,F023,1,35846.64,False,False,False
P0070,F029,1,235537.61,False,False,False
P0070,F035,1,60496.18,False,False,False
P0070,F043,1,244861.7,False,False,False
P0070,F056,1,1613399.67,False,False,False
P0070,F057,2,44076.2,False,False,False
P0071,F016,1,83090.34,False,False,False
P0071,F017,1,92402.02,False,False,False
P0071,F023,1,316052.52,False,False,False
P0071,F028,1,35476.59,False,False,False
P0071,F030,1,63373.22,False,False,False
P0071,F034,1,42186.82,False,False,False
P0071,F035,2,128619.36,False,False,False
P0071,F040,1,220777.57,False,False,False
P0071,F041,1,1911.06,False,False,False
P0071,F052,1,0.0,False,False,False
P0071,F054,1,204704.95,False,False,False
P0071,F059,1,39544.67,False,False,False
P0072,F000,1,59836.57,False,False,False
P0072,F003,1,38124.62,False,False,False
P0072,F004,1,60101.87,False,False,False
P0072,F008,1,62074.3,False,False,False
P0072,F013,3,225267.79,False,False,False
P0072,F019,1,97875.6,False,False,False
P0072,F027,1,28223.26,False,False,False
P0072,F031,1,36811.94,False,False,False
P0072,F035,2,518582.83999999997,False,False,False
P0072,F036,2,50152.41,False,False,False
P0072,F038,1,34315.51,False,False,False
P0072,F041,1,17995.72,False,False,False
P0072,F042,1,65443.05,False,False,False
P0072,F050,2,332701.9,False,False,False
P0072,F051,1,85656.78,False,False,False
P0072,F053,1,19145.81,False,False,False
P0073,F000,2,99736.15,False,False,False
P0073,F004,1,0.0,False,False,False
P0073,F008,1,77663.09,False,False,False
P0073,F010,2,331063.44,False,False,False
P0073,F016,1,32474.0,False,False,False
P0073,F017,1,124960.07,False,False,False
P0073,F019,1,262882.42,False,False,False
P0073,F029,1,49739.04,False,False,False
P0073,F033,1,88634.84,False,False,False
P0073,F039,1,164853.7,False,False,False
P0073,F045,1,152595.69,False,False,False
P0073,F049,1,252542.74,False,False,False
P0073,F051,2,303081.61,False,False,False
P0073,F055,1,8630.29,False,False,False
P0073,F056,2,51048.94,True,False,True
P0074,F000,1,347338.36,False,False,False
P0074,F005,1,2290.98,False,False,False
P0074,F029,1,99973.11,False,False,False
P0074,F031,1,395276.56,False,False,False
P0074,F035,1,111768.41,False,False,False
P0074,F036,1,126874.83,False,False,False
P0074,F039,1,89972.91,False,False,False
P0074,F042,2,187544.65000000002,False,False,False
P0074,F053,1,129273.62,False,False,False
P0074,F054,1,34230.79,False,False,False
P0075,F003,1,124208.35,False,False,False
P0075,F004,1,184792.02,False,False,False
P0075,F006,1,266083.78,False,False,False
P0075,F012,2,219753.23,False,False,False
P0075,F019,2,124049.98000000001,False,False,False
P0075,F020,1,0.0,False,False,False
P0075,F021,1,267913.72,False,False,False
P0075,F024,1,12012.8,False,False,False
P0075,F031,1,172569.07,False,False,False
P0075,F035,1,11026.29,False,False,False
P0075,F037,1,164038.66,False,False,False
P0075,F039,1,58145.99,False,False,False
P0075,F044,1,36651.99,False,False,False
P0075,F051,2,139096.90000000002,False,False,False
P0075,F056,1,79314.26,False,False,False
P0076,F002,1,168302.21,False,False,False
P0076,F003,1,0.0,False,False,False
P0076,F009,2,145728.71000000002,False,False,False
P0076,F017,1,1226.84,False,False,False
P0076,F021,1,94945.28,False,False,False
P0076,F030,1,100186.05,False,False,False
P0076,F038,1,76722.29,False,False,False
P0076,F039,2,112105.16999999998,False,False,False
P0076,F043,1,14908.92,False,False,False
P0076,F044,1,64722.02,False,False,False
P0076,F056,2,368893.62,False,False,False
P0076,F058,1,46031.11,False,False,False
P0077,F006,1,23385.91,False,False,False
P0077,F007,1,71657.04,False,False,False
P0077,F010,3,359346.07,False,False,False
P0077,F015,1,21418.08,False,False,False
P0077,F016,1,57845.16,False,False,False
P0077,F017,1,13749.48,False,False,False
P0077,F021,1,176725.32,False,False,False
P0077,F035,2,106440.34,False,False,False
P0077,F039,1,73585.71,False,False,False
P0077,F043,1,31631.4,False,False,False
P0077,F048,1,61705.67,False,False,False
P0078,F000,1,49693.73,False,False,False
P0078,F003,2,273556.45,False,False,False
P0078,F007,1,58378.66,False,False,False
P0078,F016,1,46914.27,False,False,False
P0078,F018,1,12784.47,False,False,False
P0078,F021,2,201559.9,False,False,False
P0078,F025,1,125520.34,False,False,False
P0078,F032,1,44371.25,False,False,False
P0078,F035,1,95860.53,False,False,False
P0078,F040,1,79782.03,False,False,False
P0078,F054,1,79930.81,False,False,False
P0078,F057,1,75210.9,False,False,False
P0079,F022,1,6621.2,False,False,False
P0079,F026,1,11225.44,False,False,False
P0079,F040,2,81269.53,False,False,False
P0079,F041,2,92524.41,False,False,False
P0079,F043,1,60767.3,False,False,False
P0079,F050,2,227760.2,False,False,False
P0079,F053,1,35763.27,False,False,False
P0079,F057,1,238122.9,False,False,False
P0079,F058,2,148379.7,False,False,False
P0080,F003,1,25268.88,False,False,False
P0080,F006,2,149895.96,False,False,False
P0080,F011,1,94509.0,False,False,False
P0080,F014,1,34781.09,False,False,False
P0080,F019,1,56877.62,False,False,False
P0080,F028,1,14228.9,False,False,False
P0080,F030,1,42726.31,False,False,False
P0080,F036,1,13922.89,False,False,False
P0080,F041,1,20053.38,False,False,False
P0080,F044,1,59349.88,False,False,False
P0080,F048,1,8651.34,False,False,False
P0080,F051,1,91592.36,False,False,False
P0080,F053,2,199371.37999999998,False,False,False
P0080,F055,1,244111.86,False,False,False
P0081,F000,3,194160.47999999998,False,False,False
P0081,F003,1,14418.47,False,False,False
P0081,F005,1,231348.7,False,False,False
P0081,F006,2,277755.08,False,False,False
P0081,F011,1,54837.16,False,False,False
P0081,F014,1,198119.94,False,False,False
P0081,F031,1,40176.41,False,False,False
P0081,F034,1,45421.99,False,False,False
P0081,F035,1,173478.97,False,False,False
P0081,F037,1,48010.8,False,False,False
P0081,F039,1,57067.36,False,False,False
P0081,F049,1,39380.4,False,False,False
P0081,F050,1,106127.35,False,False,False
P0081,F055,1,10730.43,False,False,False
P0081,F056,1,160704.59,False,False,False
P0081,F059,1,123759.86,False,False,False
P0082,F000,1,49475.83,False,False,False
P0082,F009,1,86166.87,False,False,False
P0082,F010,1,36485.23,False,False,False
P0082,F016,1,220665.91,False,False,False
P0082,F017,2,310942.25,False,False,False
P0082,F018,1,20927.6,False,False,False
P0082,F019,1,60259.78,False,False,False
P0082,F020,1,42252.26,False,False,False
P0082,F026,1,411902.79,False,False,False
P0082,F031,1,9227.09,False,False,False
P0082,F035,2,123071.1,False,False,False
P0082,F039,1,80028.21,False,False,False
P0082,F040,1,93727.05,False,False,False
P0082,F043,1,219584.62,False,False,False
P0082,F047,1,0.0,False,False,False
P0082,F048,1,38274.39,False,False,False
P0082,F050,1,86207.78,False,False,False
P0082,F055,2,92526.83,False,False,False
P0082,F056,1,68630.48,False,False,False
P0083,F012,1,44604.28,False,False,False
P0083,F020,1,28931.3,False,False,False
P0083,F023,1,240228.33,False,False,False
P0083,F029,1,21972.89,False,False,False
P0083,F031,1,19571.84,False,False,False
P0083,F033,1,65113.32,False,False,False
P0083,F039,3,211384.25,False,False,False
P0083,F040,1,493849.16,False,False,False
P0083,F045,1,21012.1,False,False,False
P0083,F046,1,281285.73,False,False,False
P0083,F049,1,11524.41,False,False,False
P0083,F055,1,322464.43,False,False,False
P0083,F057,1,196929.42,False,False,False
P0084,F000,1,52990.61,False,False,False
P0084,F002,1,46875.61,False,False,False
P0084,F003,1,48965.14,False,False,False
P0084,F006,1,16313.91,False,False,False
P0084,F010,1,54219.09,False,False,False
P0084,F011,1,47533.7,False,False,False
P0084,F016,1,14620.51,False,False,False
P0084,F021,1,23848.0,False,False,False
P0084,F033,1,30576.38,False,False,False
P0084,F035,1,65787.36,False,False,False
P0084,F036,1,28464.47,False,False,False
P0084,F040,1,22971.01,False,False,False
P0084,F041,1,61794.78,False,False,False
P0084,F048,1,18530.09,False,False,False
P0084,F049,1,20985.19,False,False,False
P0084,F052,1,12480.02,False,False,False
P0084,F053,1,207541.92,False,False,False
P0084,F054,1,46526.63,False,False,False
P0084,F055,1,112353.07,False,False,False
P0085,F004,1,112191.83,False,False,False
P0085,F006,1,82841.27,False,False,False
P0085,F013,1,34007.2,False,False,False
P0085,F014,1,22316.42,False,False,False
P0085,F016,1,33731.28,False,False,False
P0085,F021,1,52483.62,False,False,False
P0085,F035,1,126147.48,False,False,False
P0085,F036,1,0.0,False,False,False
P0085,F037,1,8277.82,False,False,False
P0085,F039,1,8875.06,False,False,False
P0085,F040,1,7748.63,False,False,False
P0085,F050,1,54934.64,False,False,False
P0085,F051,1,109733.59,False,False,False
P0085,F056,1,45348.13,False,False,False
P0086,F003,1,28317.69,False,False,False
P0086,F004,2,173987.38,False,False,False
P0086,F005,1,233079.05,False,False,False
P0086,F011,2,245502.28,False,False,False
P0086,F012,1,26716.44,False,False,False
P0086,F018,1,43666.93,False,False,False
P0086,F023,1,140740.51,False,False,False
P0086,F027,1,55854.37,False,False,False
P0086,F028,1,23655.36,False,False,False
P0086,F035,1,62269.56,False,False,False
P0086,F049,1,102792.14,False,False,False
P0086,F051,2,94224.54999999999,False,False,False
P0086,F053,1,63748.33,False,False,False
P0086,F054,1,22700.27,False,False,False
P0086,F055,1,22863.0,False,False,False
P0087,F000,1,135812.44,False,False,False
P0087,F003,1,126684.75,False,False,False
P0087,F006,1,60759.16,False,False,False
P0087,F011,2,221180.02000000002,False,False,False
P0087,F014,1,30364.23,False,False,False
P0087,F015,1,91446.17,False,False,False
P0087,F016,1,78640.75,False,False,False
P0087,F017,1,60933.41,False,False,False
P0087,F028,1,95437.33,False,False,False
P0087,F034,1,216930.24,False,False,False
P0087,F042,1,74226.48,False,False,False
P0087,F043,1,15084.69,False,False,False
P0088,F000,1,72784.84,False,False,False
P0088,F003,1,23537.01,False,False,False
P0088,F007,1,32847.06,False,False,False
P0088,F010,1,33636.02,False,False,False
P0088,F019,1,60307.22,False,False,False
P0088,F021,1,0.0,False,False,False
P0088,F023,2,358440.30000000005,False,False,False
P0088,F026,1,23605.23,False,False,False
P0088,F029,1,82910.65,False,False,False
P0088,F034,1,15969.39,False,False,False
P0088,F035,1,114068.95,False,False,False
P0088,F039,1,24971.74,False,False,False
P0088,F040,2,121443.46,False,False,False
P0088,F041,1,246696.54,False,False,False
P0088,F044,1,166429.15,False,False,False
P0088,F045,1,138606.84,False,False,False
P0088,F048,1,184391.78,False,False,False
P0088,F049,1,388832.06,False,False,False
P0088,F050,1,104754.0,False,False,False
P0088,F053,1,34121.36,False,False,False
P0088,F057,2,321146.54000000004,False,False,False
P0089,F000,2,19541.309999999998,False,False,False
P0089,F002,1,30393.55,False,False,False
P0089,F010,1,14150.89,False,False,False
P0089,F015,1,159768.27,False,False,False
P0089,F018,1,96784.4,False,False,False
P0089,F019,1,101297.32,False,False,False
P0089,F024,1,36246.37,False,False,False
P0089,F026,1,16696.99,False,False,False
P0089,F030,1,23179.24,False,False,False
P0089,F031,1,19082.28,False,False,False
P0089,F034,1,97192.95,False,False,False
P0089,F035,1,161935.86,False,False,False
P0089,F039,3,195882.79,False,False,False
P0089,F050,1,82491.11,False,False,False
P0089,F051,1,14193.69,False,False,False
P0090,F004,2,63762.520000000004,False,False,False
P0090,F007,1,8769.93,False,False,False
P0090,F008,1,84918.84,False,False,False
P0090,F009,1,21349.81,False,False,False
P0090,F011,1,9897.47,False,False,False
P0090,F012,1,49026.7,False,False,False
P0090,F014,1,50760.83,False,False,False
P0090,F034,1,0.0,False,False,False
P0090,F042,1,104622.82,False,False,False
P0090,F051,1,7875.65,False,False,False
P0090,F056,2,161308.47,False,False,False
P0090,F058,1,227093.31,False,False,False
P0091,F000,2,372869.41,False,False,False
P0091,F005,1,12914.92,False,False,False
P0091,F007,1,39642.74,False,False,False
P0091,F008,1,83315.13,False,False,False
P0091,F012,1,9364.17,False,False,False
P0091,F018,1,135618.82,False,False,False
P0091,F027,1,143526.89,False,False,False
P0091,F035,4,122282.17,False,False,False
P0091,F042,1,30028.29,False,False,False
P0092,F000,1,134782.19,False,False,False
P0092,F006,2,184589.22,False,False,False
P0092,F013,1,142142.48,False,False,False
P0092,F014,1,35158.52,False,False,False
P0092,F017,1,195458.9,False,False,False
P0092,F024,1,28874.47,False,False,False
P0092,F029,1,21378.99,False,False,False
P0092,F031,2,275711.57,False,False,False
P0092,F032,1,13891.37,False,False,False
P0092,F036,1,10691.63,False,False,False
P0092,F041,1,41159.53,False,False,False
P0092,F044,1,391149.3,False,False,False
P0092,F048,1,31853.44,False,False,False
P0092,F049,1,104227.37,False,False,False
P0092,F050,1,11013.76,False,False,False
P0092,F052,1,0.0,False,False,False
P0092,F056,1,33759.88,False,False,False
P0093,F000,1,100675.78,False,False,False
P0093,F001,1,122285.5,False,False,False
P0093,F002,1,30581.55,False,False,False
P0093,F003,1,15394.34,False,False,False
P0093,F006,3,146540.35,False,False,False
P0093,F012,1,116137.04,False,False,False
P0093,F016,2,77284.41,False,False,False
P0093,F022,1,71108.37,False,False,False
P0093,F028,1,121197.94,False,False,False
P0093,F032,1,23339.0,False,False,False
P0093,F035,1,131743.37,False,False,False
P0093,F039,2,62333.64,False,False,False
P0093,F049,1,40705.64,False,False,False
P0093,F052,1,109045.12,False,False,False
P0093,F054,1,0.0,False,False,False
P0093,F057,5,1034203.56,False,False,False
P0094,F003,1,210942.0,False,False,False
P0094,F008,1,171792.32,False,False,False
P0094,F010,2,480417.9,False,False,False
P0094,F012,2,153052.5,False,False,False
P0094,F013,1,35358.16,False,False,False
P0094,F015,1,533230.02,False,False,False
P0094,F027,1,804256.66,False,False,False
P0094,F036,1,106173.32,False,False,False
P0094,F037,1,21541.14,False,False,False
P0094,F040,1,596950.27,False,False,False
P0094,F041,1,18740.36,False,False,False
P0094,F047,1,50774.81,False,False,False
P0094,F048,1,10393.3,False,False,False
P0094,F049,1,34748.71,False,False,False
P0094,F050,3,171385.06,False,False,False
P0094,F052,1,150611.02,False,False,False
P0094,F054,1,22754.31,False,False,False
P0094,F058,1,77409.29,False,False,False
P0095,F000,1,12344.76,False,False,False
P0095,F004,1,4836.3,False,False,False
P0095,F010,1,31750.67,False,False,False
P0095,F012,1,76455.15,False,False,False
P0095,F017,1,16043.75,False,False,False
P0095,F021,1,302034.31,False,False,False
P0095,F024,2,167059.41,False,False,False
P0095,F029,1,269549.34,False,False,False
P0095,F031,1,165883.22,False,False,False
P0095,F032,1,29009.8,False,False,False
P0095,F035,1,9624.73,False,False,False
P0095,F044,1,185837.39,False,False,False
P0095,F045,1,78884.48,False,False,False
P0095,F048,1,74012.0,False,False,False
P0095,F049,1,213644.33,False,False,False
P0095,F055,2,74373.24,False,False,False
P0095,F056,1,33811.3,False,False,False
P0095,F057,1,262573.05,False,False,False
P0095,F058,1,82092.75,False,False,False
P0096,F002,1,234183.96,False,False,False
P0096,F006,1,60360.96,False,False,False
P0096,F012,1,68749.41,False,False,False
P0096,F013,1,0.0,False,False,False
P0096,F019,1,403846.59,False,False,False
P0096,F022,1,22553.07,False,False,False
P0096,F025,1,252982.8,False,False,False
P0096,F027,1,47275.64,False,False,False
P0096,F029,2,111087.45999999999,False,False,False
P0096,F031,1,33058.86,False,False,False
P0096,F035,1,632666.83,False,False,False
P0096,F041,1,27364.89,False,False,False
P0096,F046,2,81040.41,False,False,False
P0096,F049,1,27496.82,False,False,False
P0096,F050,1,68810.51,False,False,False
P0096,F056,1,31284.46,False,False,False
P0097,F011,1,47295.28,False,False,False
P0097,F035,1,28483.47,False,False,False
P0097,F037,1,52788.02,False,False,False
P0097,F038,2,24369.52,False,False,False
P0097,F039,1,5852.53,False,False,False
P0097,F055,1,69046.38,False,False,False
P0098,F000,2,69109.02,False,False,False
P0098,F006,1,78456.13,False,False,False
P0098,F010,1,32176.39,False,False,False
P0098,F011,3,490285.62,False,False,False
P0098,F016,2,140958.55,False,False,False
P0098,F023,1,235483.12,False,False,False
P0098,F031,1,38240.24,False,False,False
P0098,F034,2,384255.4,False,False,False
P0098,F035,2,211107.63,False,False,False
P0098,F040,2,224753.91999999998,False,False,False
P0098,F048,1,95328.13,False,False,False
P0098,F053,1,90050.88,False,False,False
P0099,F000,1,24438.41,False,False,False
P0099,F004,1,12676.34,False,False,False
P0099,F006,1,82675.32,False,False,False
P0099,F008,1,95383.86,False,False,False
P0099,F010,1,120139.87,False,False,False
P0099,F011,1,76472.15,False,False,False
P0099,F021,1,11409.97,False,False,False
P0099,F031,1,41636.79,False,False,False
P0099,F033,1,126202.02,False,False,False
P0099,F037,1,47464.18,False,False,False
P0099,F044,1,19491.54,False,False,False
P0099,F047,1,90772.09,False,False,False
P0099,F051,1,142620.12,False,False,False
P0099,F053,1,71471.16,False,False,False
P0099,F055,2,110827.61000000002,False,False,False
P0099,F059,1,40681.44,False,False,False
P0100,F000,1,59227.2,False,False,False
P0100,F003,1,24099.86,False,False,False
P0100,F005,1,634211.17,False,False,False
P0100,F007,1,56584.54,False,False,False
P0100,F010,1,131542.39,False,False,False
P0100,F011,1,76201.75,False,False,False
P0100,F016,1,49485.63,False,False,False
P0100,F023,1,73911.8,False,False,False
P0100,F025,1,47368.57,False,False,False
P0100,F028,1,155722.92,False,False,False
P0100,F031,2,252513.94,False,False,False
P0100,F034,1,27312.6,False,False,False
P0100,F039,1,66309.89,False,False,False
P0100,F048,1,42804.56,False,False,False
P0100,F055,1,0.0,False,False,False
P0100,F057,1,75935.07,False,False,False
P0101,F008,1,14024.3,False,False,False
P0101,F011,1,75385.33,False,False,False
P0101,F017,2,251350.90999999997,False,False,False
P0101,F020,1,106586.1,False,False,False
P0101,F022,1,41786.91,False,False,False
P0101,F026,2,394248.11000000004,False,False,False
P0101,F029,1,0.0,False,False,False
P0101,F030,1,86291.58,False,False,False
P0101,F035,2,152230.54,False,False,False
P0101,F039,1,10178.27,False,False,False
P0101,F040,2,159530.28,False,False,False
P0101,F042,1,64822.23,False,False,False
P0101,F053,1,55110.91,False,False,False
P0102,F000,1,26376.96,False,False,False
P0102,F003,1,27939.7,False,False,False
P0102,F010,1,69732.06,False,False,False
P0102,F011,1,187449.73,False,False,False
P0102,F018,1,32927.98,False,False,False
P0102,F028,1,68514.15,False,False,False
P0102,F033,1,0.0,False,False,False
P0102,F035,1,21525.12,False,False,False
P0102,F038,1,72633.5,False,False,False
P0102,F039,1,18973.45,False,False,False
P0102,F042,1,61764.6,False,False,False
P0102,F046,2,526049.95,False,False,False
P0102,F050,1,117183.87,False,False,False
P0102,F054,1,132257.68,False,False,False
P0102,F056,1,146945.26,False,False,False
P0103,F002,1,46320.78,False,False,False
P0103,F008,1,33088.72,False,False,False
P0103,F023,3,250723.19999999998,False,False,False
P0103,F034,1,62096.43,False,False,False
P0103,F035,1,69228.42,False,False,False
P0103,F036,1,67705.63,False,False,False
P0103,F040,1,67367.14,False,False,False
P0103,F043,1,112865.59,False,False,False
P0103,F044,1,37437.7,False,False,False
P0103,F050,3,583811.81,False,False,False
P0103,F058,2,250381.18,False,False,False
P0104,F004,2,23035.21,False,False,False
P0104,F006,1,23705.61,False,False,False
P0104,F010,1,80879.41,False,False,False
P0104,F013,1,176135.64,False,False,False
P0104,F016,1,439955.34,False,False,False
P0104,F017,1,14442.76,False,False,False
P0104,F019,1,14792.72,False,False,False
P0104,F027,1,77637.66,False,False,False
P0104,F030,1,22436.66,False,False,False
P0104,F031,1,35274.77,False,False,False
P0104,F037,1,74325.15,False,False,False
P0104,F039,3,145487.75,False,False,False
P0104,F041,1,12656.44,False,False,False
P0104,F049,1,166189.31,False,False,False
P0104,F051,1,21010.79,False,False,False
P0105,F000,1,95570.06,False,False,False
P0105,F002,1,73388.53,False,False,False
P0105,F006,1,39857.12,False,False,False
P0105,F011,1,66694.68,False,False,False
P0105,F013,1,59340.19,False,False,False
P0105,F026,2,79045.37,False,False,False
P0105,F028,1,33124.26,False,False,False
P0105,F035,1,74272.88,False,False,False
P0105,F049,1,66681.73,False,False,False
P0105,F050,1,725069.52,False,False,False
P0105,F056,1,44467.28,False,False,False
P0105,F057,1,39825.76,False,False,False
P0105,F058,1,65814.31,False,False,False
P0106,F000,3,552855.12,False,False,False
P0106,F003,1,83203.26,False,False,False
P0106,F019,1,0.0,False,False,False
P0106,F021,1,22376.33,False,False,False
P0106,F030,1,74408.21,False,False,False
P0106,F036,1,179165.32,False,False,False
P0107,F004,1,111203.59,False,False,False
P0107,F012,3,535453.48,False,False,False
P0107,F019,1,70692.51,False,False,False
P0107,F023,1,177010.84,False,False,False
P0107,F026,1,9288.91,False,False,False
P0107,F030,2,77186.40999999999,False,False,False
P0107,F031,2,67405.77,False,False,False
P0107,F034,1,83992.32,False,False,False
P0107,F035,3,612860.78,False,False,False
P0107,F040,2,427020.69,False,False,False
P0107,F042,1,50958.95,False,False,False
P0107,F046,1,183394.92,False,False,False
P0107,F050,1,44419.45,False,False,False
P0107,F053,1,104047.33,False,False,False
P0107,F058,1,76241.39,False,False,False
P0108,F000,1,185232.6,False,False,False
P0108,F002,1,0.0,False,False,False
P0108,F003,2,123835.01000000001,False,False,False
P0108,F007,1,49949.94,False,False,False
P0108,F012,1,104392.39,False,False,False
P0108,F026,1,11087.04,False,False,False
P0108,F031,1,83545.15,False,False,False
P0108,F036,1,69519.2,False,False,False
P0108,F039,2,101061.68000000001,False,False,False
P0108,F043,1,51685.19,False,False,False
P0108,F044,1,46069.01,False,False,False
P0108,F048,1,10253.6,False,False,False
P0108,F049,1,0.0,False,False,False
P0108,F050,2,836353.14,False,False,False
P0108,F051,1,19010.25,False,False,False
P0109,F015,1,4421.4,False,False,False
P0109,F021,1,36947.84,False,False,False
P0109,F023,1,113250.19,False,False,False
P0109,F033,1,213805.24,False,False,False
P0109,F035,3,28319.83,False,False,False
P0109,F039,1,121558.7,False,False,False
P0109,F044,1,129792.45,False,False,False
P0109,F051,1,16604.94,False,False,False
P0109,F053,1,11032.01,False,False,False
P0110,F000,2,238321.14,False,False,False
P0110,F010,1,50522.95,False,False,False
P0110,F020,1,101602.91,False,False,False
P0110,F021,2,234539.94,False,False,False
P0110,F023,1,221081.21,False,False,False
P0110,F027,1,59683.19,False,False,False
P0110,F035,1,106166.68,False,False,False
P0110,F039,2,118739.68,False,False,False
P0110,F042,1,43698.25,False,False,False
P0110,F045,1,27553.52,False,False,False
P0110,F046,1,325238.86,False,False,False
P0110,F049,1,62045.9,False,False,False
P0111,F000,2,32184.510000000002,False,False,False
P0111,F004,1,40491.94,False,False,False
P0111,F012,1,63394.2,False,False,False
P0111,F013,1,86103.8,False,False,False
P0111,F016,1,16209.25,False,False,False
P0111,F017,2,34283.55,False,False,False
P0111,F023,1,109078.9,False,False,False
P0111,F025,2,438960.62,False,False,False
P0111,F026,1,89349.41,False,False,False
P0111,F035,1,69260.52,False,False,False
P0111,F037,2,69629.45,False,False,False
P0111,F040,1,130735.51,False,False,False
P0111,F042,1,25240.04,False,False,False
P0111,F053,1,71005.19,False,False,False
P0111,F056,1,18769.91,False,False,False
P0111,F057,1,0.0,False,False,False
P0112,F000,1,46922.38,False,False,False
P0112,F004,1,230833.65,False,False,False
P0112,F006,1,127106.99,False,False,False
P0112,F016,3,585947.57,False,False,False
P0112,F020,1,101695.96,False,False,False
P0112,F024,1,14139.63,False,False,False
P0112,F025,1,20278.03,False,False,False
P0112,F027,1,58025.93,False,False,False
P0112,F029,1,110796.59,False,False,False
P0112,F035,1,10661.19,False,False,False
P0112,F036,1,233899.72,False,False,False
P0112,F040,1,108763.49,False,False,False
P0112,F041,1,139798.69,False,False,False
P0112,F046,2,224258.03,False,False,False
P0112,F048,2,452193.1,False,False,False
P0112,F049,1,6132.21,False,False,False
P0112,F057,1,51062.16,False,False,False
P0112,F058,1,47927.79,False,False,False
P0113,F010,1,14577.49,False,False,False
P0113,F013,1,20851.01,False,False,False
P0113,F018,1,22394.8,False,False,False
P0113,F021,1,47387.41,False,False,False
P0113,F026,1,67207.91,False,False,False
P0113,F029,1,57833.34,False,False,False
P0113,F036,1,240193.3,False,False,False
P0113,F038,1,26734.71,False,False,False
P0113,F039,1,103978.67,False,False,False
P0113,F047,1,67111.96,False,False,False
P0113,F048,2,331983.23,False,False,False
P0113,F049,3,236221.03,False,False,False
P0113,F050,2,68698.87,False,False,False
P0113,F054,1,127948.77,False,False,False
P0113,F058,1,130475.95,False,False,False
P0114,F000,2,87605.43,False,False,False
P0114,F006,1,103822.04,False,False,False
P0114,F011,1,29785.55,False,False,False
P0114,F013,1,54365.29,False,False,False
P0114,F018,1,249278.74,False,False,False
P0114,F021,1,10556.14,False,False,False
P0114,F023,2,117231.54999999999,False,False,False
P0114,F026,2,377528.96,False,False,False
P0114,F027,1,22790.42,False,False,False
P0114,F033,1,70841.89,False,False,False
P0114,F041,2,192798.03,False,False,False
P0114,F049,1,35720.83,False,False,False
P0114,F050,2,312540.29000000004,False,False,False
P0114,F051,2,207171.62,False,False,False
P0114,F054,1,166793.65,False,False,False
P0114,F055,1,40783.59,False,False,False
P0115,F000,1,49331.22,False,False,False
P0115,F002,1,80322.38,False,False,False
P0115,F006,1,4315.06,False,False,False
P0115,F010,1,282427.49,False,False,False
P0115,F013,1,54704.98,False,False,False
P0115,F018,1,22180.33,False,False,False
P0115,F021,1,31627.2,False,False,False
P0115,F025,1,49773.58,False,False,False
P0115,F026,2,130649.96,False,False,False
P0115,F027,1,4179.87,False,False,False
P0115,F029,1,450161.97,False,False,False
P0115,F030,1,252018.83,False,False,False
P0115,F035,2,139109.91,False,False,False
P0115,F036,1,46243.66,False,False,False
P0115,F042,1,355741.49,False,False,False
P0115,F049,1,331001.61,False,False,False
P0115,F051,1,82379.74,False,False,False
P0115,F055,1,299429.33,False,False,False
P0116,F000,2,194585.29,False,False,False
P0116,F005,1,322830.61,False,False,False
P0116,F006,1,184378.17,False,False,False
P0116,F007,1,92503.83,False,False,False
P0116,F017,2,171457.75,False,False,False
P0116,F021,1,49388.53,False,False,False
P0116,F024,1,50851.42,False,False,False
P0116,F025,1,285540.08,False,False,False
P0116,F036,2,265044.16,False,False,False
P0116,F037,1,21300.9,False,False,False
P0116,F039,1,43389.7,False,False,False
P0116,F040,1,125653.3,False,False,False
P0116,F041,1,103136.36,False,False,False
P0116,F054,1,24262.08,False,False,False
P0116,F058,1,56369.63,False,False,False
P0117,F000,1,7803.06,False,False,False
P0117,F006,1,96476.4,False,False,False
P0117,F007,1,5317.84,False,False,False
P0117,F015,1,66801.8,False,False,False
P0117,F016,1,33459.08,False,False,False
P0117,F017,1,304000.63,False,False,False
P0117,F033,1,50094.8,False,False,False
P0117,F039,1,105852.08,False,False,False
P0117,F043,1,95589.65,False,False,False
P0117,F049,1,0.0,False,False,False
P0117,F051,1,260795.53,False,False,False
P0117,F052,1,110304.72,False,False,False
P0117,F056,1,9128.91,False,False,False
P0118,F006,1,15801.41,False,False,False
P0118,F008,1,46074.87,False,False,False
P0118,F013,1,81584.76,False,False,False
P0118,F019,1,6393.74,False,False,False
P0118,F021,2,281391.6,False,False,False
P0118,F023,1,182515.88,False,False,False
P0118,F025,1,60154.34,False,False,False
P0118,F030,2,90094.21,False,False,False
P0118,F031,1,354449.41,False,False,False
P0118,F035,3,1183126.3499999999,False,False,False
P0118,F038,1,186433.49,False,False,False
P0118,F039,1,114092.52,False,False,False
P0118,F046,3,97737.64,False,False,False
P0118,F047,1,358872.6,False,False,False
P0118,F050,1,25915.64,False,False,False
P0118,F055,1,30691.16,False,False,False
P0118,F058,1,195621.93,False,False,False
P0119,F002,1,273627.97,False,False,False
P0119,F007,1,21686.24,False,False,False
P0119,F008,1,85062.71,False,False,False
P0119,F010,1,19064.75,False,False,False
P0119,F015,1,9355.21,False,False,False
P0119,F022,1,25075.66,False,False,False
P0119,F029,1,108126.11,False,False,False
P0119,F030,1,22179.17,False,False,False
P0119,F038,1,32510.61,False,False,False
P0119,F040,1,26480.75,False,False,False
P0119,F055,2,372641.73,False,False,False
P0119,F058,1,33503.81,False,False,False
P0120,F004,1,37269.09,False,False,False
P0120,F018,1,55745.79,False,False,False
P0120,F035,1,102441.02,False,False,False
P0120,F038,1,64522.98,False,False,False
P0120,F048,2,43411.28,False,False,False
P0120,F050,1,72867.25,False,False,False
P0120,F054,1,2898.58,False,False,False
P0120,F055,1,69251.01,False,False,False
P0120,F057,1,66362.31,False,False,False
P0121,F008,2,903297.78,False,False,False
P0121,F009,1,10894.43,False,False,False
P0121,F010,1,83579.12,False,False,False
P0121,F013,1,51913.9,False,False,False
P0121,F034,1,221999.3,False,False,False
P0121,F035,3,76162.62,False,False,False
P0121,F038,1,71416.75,False,False,False
P0121,F040,2,93707.81,False,False,False
P0121,F043,1,12201.94,False,False,False
P0121,F049,2,796756.0800000001,False,False,False
P0121,F050,1,22277.07,False,False,False
P0121,F053,1,97558.22,False,False,False
P0121,F057,1,35408.0,False,False,False
P0121,F058,3,556731.95,False,False,False
P0122,F000,2,341345.83,False,False,False
P0122,F025,1,19399.97,False,False,False
P0122,F031,1,227700.02,False,False,False
P0122,F035,1,159000.94,False,False,False
P0122,F036,1,45811.44,False,False,False
P0122,F040,1,56569.02,False,False,False
P0122,F046,1,479820.69,False,False,False
P0122,F054,1,90693.41,False,False,False
P0122,F055,2,87762.20999999999,False,False,False
P0122,F056,1,62418.09,False,False,False
P0122,F057,2,199774.97,False,False,False
P0123,F000,5,214625.09000000003,False,False,False
P0123,F004,1,23219.56,False,False,False
P0123,F008,1,80490.25,False,False,False
P0123,F015,1,23495.09,False,False,False
P0123,F021,1,291969.85,False,False,False
P0123,F023,1,162195.05,False,False,False
P0123,F025,1,60847.71,False,False,False
P0123,F026,1,83948.95,False,False,False
P0123,F027,1,74576.81,False,False,False
P0123,F038,1,40109.6,False,False,False
P0123,F041,1,138393.08,False,False,False
P0123,F051,1,37952.57,False,False,False
P0123,F054,1,339429.99,False,False,False
P0123,F057,1,23915.71,False,False,False
P0123,F058,1,51204.29,False,False,False
P0124,F000,1,159520.72,False,False,False
P0124,F001,1,0.0,False,False,False
P0124,F004,1,40305.84,False,False,False
P0124,F013,1,43145.22,False,False,False
P0124,F016,2,91868.56,False,False,False
P0124,F018,1,242916.36,False,False,False
P0124,F023,1,109186.26,False,False,False
P0124,F026,1,12512.37,False,False,False
P0124,F029,1,28942.75,False,False,False
P0124,F035,1,38597.63,False,False,False
P0124,F036,1,14681.05,False,False,False
P0124,F037,1,112742.07,False,False,False
P0124,F038,1,50004.35,False,False,False
P0124,F039,1,174287.6,False,False,False
P0124,F040,1,239663.88,False,False,False
P0124,F047,1,59330.22,False,False,False
P0124,F056,1,9663.67,False,False,False
P0124,F057,1,41035.53,False,False,False
P0124,F058,1,140903.4,False,False,False
P0125,F000,2,307663.61,False,False,False
P0125,F005,1,67090.62,False,False,False
P0125,F006,1,54402.51,False,False,False
P0125,F014,1,38276.1,False,False,False
P0125,F016,1,43991.16,False,False,False
P0125,F019,1,41719.74,False,False,False
P0125,F030,1,27915.65,False,False,False
P0125,F035,1,49846.44,False,False,False
P0125,F039,1,157786.46,False,False,False
P0125,F041,2,60301.03999999999,False,False,False
P0125,F044,1,32613.15,False,False,False
P0125,F054,1,224282.49,False,False,False
P0125,F055,1,30579.59,False,False,False
P0126,F000,1,86835.23,False,False,False
P0126,F002,1,68305.38,False,False,False
P0126,F004,1,17525.46,False,False,False
P0126,F013,1,46224.74,False,False,False
P0126,F019,1,238741.14,False,False,False
P0126,F030,1,238736.22,False,False,False
P0126,F034,1,16919.97,False,False,False
P0126,F035,1,47338.09,False,False,False
P0126,F038,1,83465.19,False,False,False
P0126,F041,1,48263.78,False,False,False
P0126,F048,1,62649.24,False,False,False
P0126,F049,2,130356.19,False,False,False
P0126,F058,1,44341.75,False,False,False
P0126,F059,1,28683.24,False,False,False
P0127,F003,1,38465.98,False,False,False
P0127,F007,1,38869.32,False,False,False
P0127,F017,1,171218.66,False,False,False
P0127,F018,2,131628.05,False,False,False
P0127,F021,1,28123.29,False,False,False
P0127,F022,2,257254.55,False,False,False
P0127,F023,1,28477.79,False,False,False
P0127,F030,1,104465.97,False,False,False
P0127,F031,1,429005.84,False,False,False
P0127,F034,1,63869.02,False,False,False
P0127,F038,1,64023.43,False,False,False
P0127,F041,1,48058.75,False,False,False
P0127,F043,1,28199.35,False,False,False
P0127,F050,1,377473.49,False,False,False
P0127,F052,2,139025.41999999998,False,False,False
P0127,F056,1,57772.43,False,False,False
P0127,F059,1,691057.71,False,False,False
P0128,F000,1,0.0,False,False,False
P0128,F003,1,337443.45,False,False,False
P0128,F006,1,15610.4,False,False,False
P0128,F007,1,117358.36,False,False,False
P0128,F008,1,82249.96,False,False,False
P0128,F017,1,37639.03,False,False,False
P0128,F019,1,48348.74,False,False,False
P0128,F025,1,22014.89,False,False,False
P0128,F035,2,478659.07,False,False,False
P0128,F038,1,205503.87,False,False,False
P0128,F050,1,118662.42,False,False,False
P0128,F057,1,19588.0,False,False,False
P0128,F058,2,164672.74,False,False,False
P0129,F000,1,35689.53,False,False,False
P0129,F016,1,80778.45,False,False,False
P0129,F021,1,79011.14,False,False,False
P0129,F022,1,117995.63,False,False,False
P0129,F031,1,27972.19,False,False,False
P0129,F043,1,42648.25,False,False,False
P0129,F048,2,290414.43,False,False,False
P0129,F053,1,24651.92,False,False,False
P0130,F000,1,63128.91,False,False,False
P0130,F012,1,94111.05,False,False,False
P0130,F014,1,36773.32,False,False,False
P0130,F016,1,22232.7,False,False,False
P0130,F018,1,14166.7,False,False,False
P0130,F035,1,210327.04,False,False,False
P0130,F039,1,32480.92,False,False,False
P0130,F042,1,56466.21,False,False,False
P0130,F043,1,88415.87,False,False,False
P0130,F049,1,106689.24,False,False,False
P0130,F057,1,190020.13,False,False,False
P0131,F002,1,117738.98,False,False,False
P0131,F005,1,20243.96,False,False,False
P0131,F006,1,385575.45,False,False,False
P0131,F007,1,62579.18,False,False,False
P0131,F010,1,110521.5,False,False,False
P0131,F013,2,70291.48,False,False,False
P0131,F018,1,113030.08,False,False,False
P0131,F019,3,90594.61,False,False,False
P0131,F021,1,28121.47,False,False,False
P0131,F026,1,38023.85,False,False,False
P0131,F029,1,0.0,False,False,False
P0131,F032,1,37862.72,False,False,False
P0131,F033,1,26944.28,False,False,False
P0131,F038,1,72628.29,False,False,False
P0131,F042,1,462694.94,False,False,False
P0131,F051,1,158294.5,False,False,False
P0131,F059,1,22176.06,False,False,False
P0132,F004,1,87664.47,False,False,False
P0132,F007,1,99131.99,False,False,False
P0132,F008,1,67361.98,False,False,False
P0132,F011,1,3088.59,False,False,False
P0132,F012,1,44658.88,False,False,False
P0132,F015,1,38342.74,False,False,False
P0132,F016,2,99398.38,False,False,False
P0132,F018,1,17970.53,False,False,False
P0132,F019,1,45580.62,False,False,False
P0132,F020,1,45870.91,False,False,False
P0132,F021,1,112773.7,False,False,False
P0132,F025,1,47207.89,False,False,False
P0132,F035,2,80454.09,False,False,False
P0132,F038,1,33493.97,False,False,False
P0132,F040,1,186969.5,False,False,False
P0132,F046,1,23073.25,False,False,False
P0132,F057,1,6926.47,False,False,False
P0133,F004,1,17763.66,False,False,False
P0133,F006,1,28969.1,False,False,False
P0133,F010,1,56533.35,False,False,False
P0133,F013,1,129882.67,False,False,False
P0133,F019,1,72256.21,False,False,False
P0133,F024,1,24720.31,False,False,False
P0133,F025,1,10745.02,False,False,False
P0133,F026,1,202797.51,False,False,False
P0133,F028,1,9816.39,False,False,False
P0133,F029,1,24552.88,False,False,False
P0133,F036,2,186096.66,False,False,False
P0133,F040,1,237973.07,False,False,False
P0133,F041,2,94864.01999999999,False,False,False
P0133,F042,1,29366.07,False,False,False
P0133,F045,1,165433.27,False,False,False
P0133,F049,1,39471.33,False,False,False
P0133,F050,1,12175.8,False,False,False
P0133,F051,1,54684.84,False,False,False
P0133,F053,1,28936.92,False,False,False
P0134,F005,1,12089.2,False,False,False
P0134,F008,2,161224.05,False,False,False
P0134,F012,3,159179.52,False,False,False
P0134,F017,1,110049.16,False,False,False
P0134,F030,1,48270.37,False,False,False
P0134,F032,1,70697.76,False,False,False
P0134,F036,1,32680.52,False,False,False
P0134,F039,2,253063.94,False,False,False
P0134,F045,1,96709.68,False,False,False
P0134,F052,1,303895.35,False,False,False
P0134,F054,1,41246.8,False,False,False
P0134,F057,1,38255.53,False,False,False
P0135,F000,2,202265.7,False,False,False
P0135,F006,2,144522.35,False,False,False
P0135,F016,1,134562.6,False,False,False
P0135,F029,1,248274.87,False,False,False
P0135,F031,1,189660.2,False,False,False
P0135,F033,1,26503.46,False,False,False
P0135,F035,1,29970.99,False,False,False
P0135,F040,1,105318.28,False,False,False
P0135,F042,1,67578.01,False,False,False
P0135,F043,1,153496.15,False,False,False
P0135,F050,1,167385.29,False,False,False
P0136,F001,1,58862.65,False,False,False
P0136,F007,1,106082.25,False,False,False
P0136,F020,1,21996.36,False,False,False
P0136,F024,1,159180.33,False,False,False
P0136,F026,1,9191.66,False,False,False
P0136,F029,1,90042.42,False,False,False
P0136,F042,1,34391.12,False,False,False
P0136,F047,1,26592.91,False,False,False
P0136,F048,1,196363.95,False,False,False
P0136,F049,2,139913.09,False,False,False
P0136,F054,1,17733.25,False,False,False
P0136,F056,1,36331.41,False,False,False
P0137,F003,1,102481.12,False,False,False
P0137,F011,1,50094.53,False,False,False
P0137,F013,1,69724.04,False,False,False
P0137,F015,1,13341.32,False,False,False
P0137,F019,1,26545.34,False,False,False
P0137,F020,1,175626.04,False,False,False
P0137,F021,1,41379.66,False,False,False
P0137,F023,1,6957.91,False,False,False
P0137,F029,1,39627.1,False,False,False
P0137,F030,1,17961.45,False,False,False
P0137,F038,1,16423.94,False,False,False
P0137,F039,1,30077.15,False,False,False
P0137,F040,1,25186.42,False,False,False
P0137,F043,1,46478.19,False,False,False
P0137,F050,1,310672.03,False,False,False
P0138,F000,1,41479.93,False,False,False
P0138,F001,1,323836.95,False,False,False
P0138,F002,1,104180.09,False,False,False
P0138,F010,14,3055932.43,False,False,False
P0138,F019,2,221510.13,False,False,False
P0138,F030,1,127781.87,False,False,False
P0138,F042,1,147293.81,False,False,False
P0138,F055,2,58008.23,False,False,False
P0138,F058,1,15091.68,False,False,False
P0139,F000,2,142864.88999999998,False,False,False
P0139,F002,1,34934.45,False,False,False
P0139,F007,1,148851.96,False,False,False
P0139,F008,1,26020.27,False,False,False
P0139,F012,1,258829.91,False,False,False
P0139,F019,1,28295.15,False,False,False
P0139,F025,1,71691.64,False,False,False
P0139,F026,1,209342.09,False,False,False
P0139,F034,1,84186.63,False,False,False
P0139,F035,2,137372.26,False,False,False
P0139,F036,1,9821.24,False,False,False
P0139,F038,1,178184.28,False,False,False
P0139,F040,1,176032.26,False,False,False
P0139,F044,1,101551.4,False,False,False
P0139,F046,1,14993.75,False,False,False
P0139,F057,1,279982.36,False,False,False
P0140,F000,1,34404.15,False,False,False
P0140,F003,1,15191.61,False,False,False
P0140,F005,2,167712.72999999998,False,False,False
P0140,F007,1,19044.07,False,False,False
P0140,F010,1,37967.27,False,False,False
P0140,F013,1,95051.64,False,False,False
P0140,F017,1,60683.58,False,False,False
P0140,F019,1,170425.28,False,False,False
P0140,F025,1,40354.11,False,False,False
P0140,F028,1,72006.28,False,False,False
P0140,F031,1,16629.45,False,False,False
P0140,F034,1,45199.48,False,False,False
P0140,F035,2,129840.79000000001,False,False,False
P0140,F039,1,25600.29,False,False,False
P0140,F042,1,88508.42,False,False,False
P0140,F045,1,65210.94,False,False,False
P0140,F046,1,29935.88,False,False,False
P0140,F054,1,10229.57,False,False,False
P0141,F002,1,54716.89,False,False,False
P0141,F004,1,39408.3,False,False,False
P0141,F005,1,34611.01,False,False,False
P0141,F018,1,172536.06,False,False,False
P0141,F026,1,355480.95,False,False,False
P0141,F034,1,125945.81,False,False,False
P0141,F035,1,0.0,False,False,False
P0141,F036,1,3153.01,False,False,False
P0141,F039,1,38296.65,False,False,False
P0141,F045,1,38936.29,False,False,False
P0141,F046,1,32547.05,False,False,False
P0141,F053,1,17976.84,False,False,False
P0141,F054,1,109896.27,False,False,False
P0141,F055,1,12663.04,False,False,False
P0142,F000,1,231559.91,False,False,False
P0142,F003,1,42358.96,False,False,False
P0142,F006,1,142395.86,False,False,False
P0142,F009,1,37983.11,False,False,False
P0142,F013,1,26407.4,False,False,False
P0142,F023,1,129992.13,False,False,False
P0142,F053,1,186330.03,False,False,False
P0142,F055,1,33713.58,False,False,False
P0143,F002,1,75061.24,False,False,False
P0143,F006,1,510906.53,False,False,False
P0143,F010,1,75692.25,False,False,False
P0143,F011,1,21628.63,False,False,False
P0143,F012,1,198735.44,False,False,False
P0143,F015,1,115895.31,False,False,False
P0143,F016,1,27661.13,False,False,False
P0143,F028,1,15634.67,False,False,False
P0143,F031,1,71744.28,False,False,False
P0143,F048,1,285340.42,False,False,False
P0143,F053,1,22784.02,False,False,False
P0143,F054,3,201584.75,False,False,False
P0144,F000,1,90219.42,False,False,False
P0144,F005,1,282626.11,False,False,False
P0144,F008,1,276330.66,False,False,False
P0144,F009,1,31433.61,False,False,False
P0144,F019,2,969375.8300000001,False,False,False
P0144,F022,1,142867.91,False,False,False
P0144,F025,1,157745.86,False,False,False
P0144,F026,1,276619.39,False,False,False
P0144,F029,1,31267.75,False,False,False
P0144,F035,1,30794.31,False,False,False
P0144,F047,1,78258.61,False,False,False
P0144,F049,1,34581.92,False,False,False
P0144,F052,1,19930.17,False,False,False
P0144,F058,1,78684.7,False,False,False
P0144,F059,1,108155.01,False,False,False
P0145,F000,2,126368.36,False,False,False
P0145,F006,1,246370.1,False,False,False
P0145,F007,1,66166.24,False,False,False
P0145,F014,1,1283021.03,False,False,False
P0145,F020,1,51302.48,False,False,False
P0145,F024,1,715084.73,False,False,False
P0145,F028,1,149631.41,False,False,False
P0145,F032,1,0.0,False,False,False
P0145,F035,1,67401.35,False,False,False
P0145,F038,1,43474.18,False,False,False
P0145,F039,2,206001.19999999998,False,False,False
P0145,F040,1,156585.61,False,False,False
P0145,F042,1,27524.54,False,False,False
P0145,F043,1,32589.08,False,False,False
P0145,F044,2,293646.14,False,False,False
P0145,F047,1,116092.82,False,False,False
P0145,F048,1,216895.35,False,False,False
P0145,F050,1,442137.97,False,False,False
P0145,F054,1,17416.74,False,False,False
P0146,F000,3,175979.08,False,False,False
P0146,F016,1,80187.21,False,False,False
P0146,F021,1,98636.89,False,False,False
P0146,F023,2,80733.95999999999,False,False,False
P0146,F025,2,142670.56,False,False,False
P0146,F026,1,99619.93,False,False,False
P0146,F027,1,77089.13,False,False,False
P0146,F029,1,71157.52,False,False,False
P0146,F031,1,155873.69,False,False,False
P0146,F035,1,57207.59,False,False,False
P0146,F039,1,105842.55,False,False,False
P0146,F050,1,14423.3,False,False,False
P0146,F055,1,50685.83,False,False,False
P0147,F006,1,147866.47,False,False,False
P0147,F009,1,24749.85,False,False,False
P0147,F012,4,681381.94,False,False,False
P0147,F013,1,50520.05,False,False,False
P0147,F015,1,67076.23,False,False,False
P0147,F019,1,12150.49,False,False,False
P0147,F032,1,163798.2,False,False,False
P0147,F035,1,42121.8,False,False,False
P0147,F036,1,30234.35,False,False,False
P0147,F041,1,47352.83,False,False,False
P0147,F051,1,28799.32,False,False,False
P0147,F054,1,302780.88,False,False,False
P0148,F000,1,98069.53,False,False,False
P0148,F012,1,49575.69,False,False,False
P0148,F017,1,26054.64,False,False,False
P0148,F023,1,213562.58,False,False,False
P0148,F030,2,225865.7,False,False,False
P0148,F037,1,5680.7,False,False,False
P0148,F040,1,82164.26,False,False,False
P0148,F042,1,32740.57,False,False,False
P0148,F048,1,25053.88,False,False,False
P0148,F056,1,150977.21,False,False,False
P0149,F000,2,192156.12,False,False,False
P0149,F006,1,46389.84,False,False,False
P0149,F008,1,143875.93,False,False,False
P0149,F010,1,72830.7,False,False,False
P0149,F019,1,103478.83,False,False,False
P0149,F023,1,23308.85,False,False,False
P0149,F026,1,31956.98,False,False,False
P0149,F033,2,51341.04,False,False,False
P0149,F035,1,180086.49,False,False,False
P0149,F038,2,163782.37,False,False,False
P0149,F039,1,34655.84,False,False,False
P0149,F041,1,48717.86,False,False,False
P0149,F047,1,196914.46,False,False,False
P0149,F049,1,85716.11,False,False,False
P0149,F052,1,220480.62,False,False,False
P0149,F058,1,37870.14,False,False,False
P0150,F000,1,34238.73,False,False,False
P0150,F002,1,95395.33,False,False,False
P0150,F004,1,1276370.71,False,False,False
P0150,F006,1,40276.93,False,False,False
P0150,F013,1,129295.65,False,False,False
P0150,F016,1,123968.92,False,False,False
P0150,F025,2,503803.41000000003,False,False,False
P0150,F028,1,42139.93,False,False,False
P0150,F029,1,41278.02,False,False,False
P0150,F031,1,85648.11,False,False,False
P0150,F040,1,235753.25,False,False,False
P0150,F046,1,58679.44,False,False,False
P0150,F054,1,89767.86,False,False,False
P0151,F006,1,9307.82,False,False,False
P0151,F015,1,34174.87,False,False,False
P0151,F021,1,29594.59,False,False,False
P0151,F031,1,97647.01,False,False,False
P0151,F035,1,134018.64,False,False,False
P0151,F049,1,43563.4,False,False,False
P0151,F050,1,52669.4,False,False,False
P0152,F000,1,92031.08,False,False,False
P0152,F004,1,28435.02,False,False,False
P0152,F005,1,90732.05,False,False,False
P0152,F009,1,458766.21,False,False,False
P0152,F011,1,37144.89,False,False,False
P0152,F014,1,148220.77,False,False,False
P0152,F016,2,163096.44999999998,False,False,False
P0152,F025,1,5292.74,False,False,False
P0152,F031,1,10030.45,False,False,False
P0152,F035,1,28736.59,False,False,False
P0152,F036,1,60244.67,False,False,False
P0152,F050,1,12913.62,False,False,False
P0153,F000,1,236202.13,False,False,False
P0153,F004,1,54225.49,False,False,False
P0153,F006,1,61286.18,False,False,False
P0153,F021,2,59140.61,False,False,False
P0153,F023,2,74445.26000000001,False,False,False
P0153,F024,1,46675.06,False,False,False
P0153,F027,2,745385.22,False,False,False
P0153,F031,2,311518.0,False,False,False
P0153,F035,1,406088.1,False,False,False
P0153,F036,1,28756.11,False,False,False
P0153,F044,1,59651.84,False,False,False
P0153,F050,2,175298.6,False,False,False
P0153,F055,1,78471.08,False,False,False
P0153,F058,1,55874.43,False,False,False
P0154,F000,1,96790.86,False,False,False
P0154,F003,1,114616.74,False,False,False
P0154,F004,2,187495.16,False,False,False
P0154,F013,1,24384.75,False,False,False
P0154,F017,1,41389.67,False,False,False
P0154,F018,1,171255.64,False,False,False
P0154,F019,1,12886.24,False,False,False
P0154,F024,11,1815061.09,False,False,False
P0154,F030,1,65251.16,False,False,False
P0154,F048,1,2612.58,False,False,False
P0154,F049,1,20781.18,False,False,False
P0154,F058,1,61235.37,False,False,False
P0155,F000,1,37015.18,False,False,False
P0155,F002,1,251696.21,False,False,False
P0155,F006,1,142030.63,False,False,False
P0155,F010,1,28689.02,False,False,False
P0155,F019,1,524459.84,False,False,False
P0155,F021,1,11496.64,False,False,False
P0155,F035,2,239184.93,False,False,False
P0155,F036,2,112294.92000000001,False,False,False
P0155,F042,2,248242.08000000002,False,False,False
P0155,F045,1,56814.92,False,False,False
P0155,F047,1,20048.25,False,False,False
P0155,F055,1,46950.99,False,False,False
P0155,F056,1,11123.94,False,False,False
P0156,F000,1,37258.42,False,False,False
P0156,F003,1,0.0,False,False,False
P0156,F006,1,47245.02,False,False,False
P0156,F018,1,32508.08,False,False,False
P0156,F025,1,38325.64,False,False,False
P0156,F027,1,342261.43,False,False,False
P0156,F030,1,211019.51,False,False,False
P0156,F033,1,63933.59,False,False,False
P0156,F035,1,103646.24,False,False,False
P0156,F037,1,92270.05,False,False,False
P0156,F050,1,172614.22,False,False,False
P0156,F054,1,41051.8,False,False,False
P0157,F000,1,6405.83,False,False,False
P0157,F004,1,20940.64,False,False,False
P0157,F010,1,13080.45,False,False,False
P0157,F016,1,236354.51,False,False,False
P0157,F023,1,83843.5,False,False,False
P0157,F026,1,19943.26,False,False,False
P0157,F030,2,331004.43,False,False,False
P0157,F037,1,53894.08,False,False,False
P0157,F038,2,187745.86,False,False,False
P0157,F039,1,75052.47,False,False,False
P0157,F041,1,11604.63,False,False,False
P0157,F042,1,15039.28,False,False,False
P0157,F047,1,44988.41,False,False,False
P0157,F053,1,74401.49,False,False,False
P0157,F054,1,998937.46,False,False,False
P0157,F055,1,21595.49,False,False,False
P0158,F000,1,10320.6,False,False,False
P0158,F003,1,651447.31,False,False,False
P0158,F007,1,200569.47,False,False,False
P0158,F012,1,21546.6,False,False,False
P0158,F021,1,285688.77,False,False,False
P0158,F022,1,16096.74,False,False,False
P0158,F039,1,68258.54,False,False,False
P0158,F040,1,184435.21,False,False,False
P0158,F042,1,44632.66,False,False,False
P0158,F048,1,79777.37,False,False,False
P0158,F057,1,52658.74,False,False,False
P0158,F059,1,246785.2,False,False,False
P0159,F000,3,492456.79,False,False,False
P0159,F002,1,26416.13,False,False,False
P0159,F003,1,31494.66,False,False,False
P0159,F004,1,51038.11,False,False,False
P0159,F007,2,152620.71,False,False,False
P0159,F010,1,27126.41,False,False,False
P0159,F023,1,29252.65,False,False,False
P0159,F026,1,115152.16,False,False,False
P0159,F030,1,93154.8,False,False,False
P0159,F034,1,33419.17,False,False,False
P0159,F035,2,193842.41,False,False,False
P0159,F037,1,48472.73,False,False,False
P0159,F039,1,103803.37,False,False,False
P0160,F010,1,44300.39,False,False,False
P0160,F011,1,11345.8,False,False,False
P0160,F012,1,41765.47,False,False,False
P0160,F018,1,17122.48,False,False,False
P0160,F020,1,135099.08,False,False,False
P0160,F021,2,140681.86,False,False,False
P0160,F033,1,87804.77,False,False,False
P0160,F035,1,65915.39,False,False,False
P0160,F036,1,128821.62,False,False,False
P0160,F041,1,55021.55,False,False,False
P0160,F048,1,207307.82,False,False,False
P0160,F050,1,301404.86,False,False,False
P0160,F054,1,3721.96,False,False,False
P0161,F000,1,26007.79,False,False,False
P0161,F004,1,44483.89,False,False,False
P0161,F007,1,97170.84,False,False,False
P0161,F025,1,39436.18,False,False,False
P0161,F032,1,25315.15,False,False,False
P0161,F035,3,260890.84,False,False,False
P0161,F038,1,33699.25,False,False,False
P0161,F042,1,77199.28,False,False,False
P0161,F046,1,158023.33,False,False,False
P0161,F048,1,47425.95,False,False,False
P0161,F051,1,41855.7,False,False,False
P0161,F056,1,43161.09,False,False,False
P0161,F058,1,117020.46,False,False,False
P0162,F000,1,51750.51,False,False,False
P0162,F002,1,79078.0,False,False,False
P0162,F004,1,136451.01,False,False,False
P0162,F007,1,80507.09,False,False,False
P0162,F010,1,33821.91,False,False,False
P0162,F017,1,25522.28,False,False,False
P0162,F018,1,336858.52,False,False,False
P0162,F020,1,49546.34,False,False,False
P0162,F023,1,363476.28,False,False,False
P0162,F029,1,28309.33,False,False,False
P0162,F031,1,92411.79,False,False,False
P0162,F036,1,19350.57,False,False,False
P0162,F044,1,167193.27,False,False,False
P0162,F048,1,44839.09,False,False,False
P0162,F049,1,26889.55,False,False,False
P0162,F050,2,240551.03,False,False,False
P0162,F056,2,254043.79,False,False,False
P0162,F057,1,67482.73,False,False,False
P0163,F003,1,109271.27,False,False,False
P0163,F017,1,147992.74,False,False,False
P0163,F018,2,82096.12,False,False,False
P0163,F023,1,97347.77,False,False,False
P0163,F029,1,19906.32,False,False,False
P0163,F031,1,74287.55,False,False,False
P0163,F032,1,66928.83,False,False,False
P0163,F035,2,49226.99,False,False,False
P0163,F046,1,5355.57,False,False,False
P0163,F047,1,51119.7,False,False,False
P0163,F051,1,18658.24,False,False,False
P0163,F057,1,7273.89,False,False,False
P0164,F008,1,89160.19,False,False,False
P0164,F009,1,18915.77,False,False,False
P0164,F010,1,534552.95,False,False,False
P0164,F012,1,113450.03,False,False,False
P0164,F017,1,236393.99,False,False,False
P0164,F023,1,80154.48,False,False,False
P0164,F034,1,207240.92,False,False,False
P0164,F035,1,27783.69,False,False,False
P0164,F039,1,16192.98,False,False,False
P0164,F042,1,44239.81,False,False,False
P0164,F046,1,21151.29,False,False,False
P0164,F055,2,134315.69,False,False,False
P0164,F058,1,164519.01,False,False,False
P0165,F000,3,151795.21,False,False,False
P0165,F003,1,19573.19,False,False,False
P0165,F004,1,10761.2,False,False,False
P0165,F005,1,29891.84,False,False,False
P0165,F010,3,308268.11,False,False,False
P0165,F013,1,106883.43,False,False,False
P0165,F023,1,28636.71,False,False,False
P0165,F030,1,221141.59,False,False,False
P0165,F047,3,92107.86,False,False,False
P0165,F050,1,75542.56,False,False,False
P0165,F053,1,100752.34,False,False,False
P0165,F056,1,70862.65,False,False,False
P0165,F058,1,229161.5,False,False,False
P0166,F000,3,229149.66,False,False,False
P0166,F001,1,197337.79,False,False,False
P0166,F006,1,142638.38,False,False,False
P0166,F013,1,16126.14,False,False,False
P0166,F016,1,24767.52,False,False,False
P0166,F018,1,28510.55,False,False,False
P0166,F019,1,248013.33,False,False,False
P0166,F021,1,45524.61,False,False,False
P0166,F025,1,15335.69,False,False,False
P0166,F031,1,54704.99,False,False,False
P0166,F042,1,134201.42,False,False,False
P0166,F056,1,19919.11,False,False,False
P0167,F000,1,63058.83,False,False,False
P0167,F003,1,165883.94,False,False,False
P0167,F004,1,249691.08,False,False,False
P0167,F006,1,7081.96,False,False,False
P0167,F008,1,50851.95,False,False,False
P0167,F011,1,41212.05,False,False,False
P0167,F012,2,77646.35,False,False,False
P0167,F015,1,34803.6,False,False,False
P0167,F016,1,0.0,False,False,False
P0167,F017,1,14920.28,False,False,False
P0167,F026,1,49703.42,False,False,False
P0167,F027,1,54839.41,False,False,False
P0167,F031,1,106070.49,False,False,False
P0167,F033,1,86099.86,False,False,False
P0167,F038,1,81746.08,False,False,False
P0167,F044,1,131220.08,False,False,False
P0167,F048,1,131024.1,False,False,False
P0167,F051,2,99491.95,False,False,False
P0168,F000,1,47892.31,False,False,False
P0168,F003,12,2578829.15,False,False,False
P0168,F010,1,68471.29,False,False,False
P0168,F015,1,22117.14,False,False,False
P0168,F017,1,46932.79,False,False,False
P0168,F023,1,88838.1,False,False,False
P0168,F030,1,20700.08,False,False,False
P0168,F032,1,75023.74,False,False,False
P0168,F033,1,84469.87,False,False,False
P0168,F035,1,96416.01,False,False,False
P0168,F040,1,14447.42,False,False,False
P0168,F048,1,51135.24,False,False,False
P0168,F054,1,31940.46,False,False,False
P0168,F058,1,189310.83,False,False,False
P0169,F021,1,80383.39,False,False,False
P0169,F034,1,10884.93,False,False,False
P0169,F035,2,193822.56,False,False,False
P0169,F036,2,199471.0,False,False,False
P0169,F040,1,104426.54,False,False,False
P0169,F048,1,47761.49,False,False,False
P0169,F058,2,143197.22,False,False,False
P0170,F004,1,33033.34,False,False,False
P0170,F008,2,196279.96,False,False,False
P0170,F010,1,58502.6,False,False,False
P0170,F011,1,0.0,False,False,False
P0170,F017,1,0.0,False,False,False
P0170,F018,3,527668.22,False,False,False
P0170,F019,1,19743.49,False,False,False
P0170,F031,1,152463.74,False,False,False
P0170,F035,3,558556.96,False,False,False
P0170,F036,1,5227.36,False,False,False
P0170,F039,1,15257.71,False,False,False
P0170,F040,1,18327.03,False,False,False
P0170,F042,1,70186.78,False,False,False
P0170,F044,1,6369.62,False,False,False
P0170,F050,1,353964.12,False,False,False
P0170,F051,1,60563.72,False,False,False
P0170,F053,1,23669.09,False,False,False
P0170,F056,1,128612.81,False,False,False
P0171,F000,2,172905.36,False,False,False
P0171,F008,1,17174.46,False,False,False
P0171,F011,1,69423.17,False,False,False
P0171,F018,1,292491.1,False,False,False
P0171,F019,1,45828.65,False,False,False
P0171,F021,1,45493.22,False,False,False
P0171,F023,2,280810.33,False,False,False
P0171,F029,2,73164.51999999999,False,False,False
P0171,F031,1,210272.06,False,False,False
P0171,F034,1,10533.18,False,False,False
P0171,F035,2,64219.64,False,False,False
P0171,F041,1,182045.98,False,False,False
P0171,F043,1,69557.1,False,False,False
P0171,F047,1,48871.17,False,False,False
P0171,F051,1,320478.17,False,False,False
P0171,F053,1,49079.84,False,False,False
P0171,F054,1,18933.55,False,False,False
P0171,F058,1,12634.17,False,False,False
P0171,F059,1,59568.26,False,False,False
P0172,F000,1,66538.6,False,False,False
P0172,F003,1,24217.36,False,False,False
P0172,F008,1,216175.34,False,False,False
P0172,F009,1,149440.32,False,False,False
P0172,F012,1,45338.13,False,False,False
P0172,F013,1,34576.28,False,False,False
P0172,F015,1,72717.94,False,False,False
P0172,F019,1,88299.25,False,False,False
P0172,F022,1,60870.58,False,False,False
P0172,F024,1,18723.49,False,False,False
P0172,F025,1,30195.37,False,False,False
P0172,F032,1,25396.78,False,False,False
P0172,F035,4,247342.76,False,False,False
P0172,F044,1,18019.78,False,False,False
P0172,F048,1,142317.68,False,False,False
P0172,F049,1,72578.29,False,False,False
P0172,F051,1,60269.78,False,False,False
P0172,F058,1,40152.94,False,False,False
P0172,F059,1,149532.4,False,False,False
P0173,F000,1,79094.49,False,False,False
P0173,F002,1,56620.75,False,False,False
P0173,F010,1,56421.03,False,False,False
P0173,F011,1,62307.17,False,False,False
P0173,F017,1,12439.52,False,False,False
P0173,F018,1,31784.87,False,False,False
P0173,F020,1,94719.51,False,False,False
P0173,F021,1,88916.52,False,False,False
P0173,F030,1,21358.1,False,False,False
P0173,F035,1,95753.87,False,False,False
P0173,F036,1,213818.49,False,False,False
P0173,F038,2,176205.87,False,False,False
P0173,F049,1,24411.84,False,False,False
P0173,F054,1,8708.52,False,False,False
P0173,F056,1,37586.99,False,False,False
P0173,F058,1,111263.69,False,False,False
P0174,F004,1,72951.95,False,False,False
P0174,F005,1,32859.45,False,False,False
P0174,F007,1,49012.55,False,False,False
P0174,F014,1,21013.25,False,False,False
P0174,F016,1,167348.14,False,False,False
P0174,F018,1,36268.17,False,False,False
P0174,F021,2,164130.61,False,False,False
P0174,F029,1,230999.32,False,False,False
P0174,F035,2,349606.79000000004,False,False,False
P0174,F041,2,103937.29999999999,False,False,False
P0174,F043,1,35190.91,False,False,False
P0174,F049,1,36549.32,False,False,False
P0174,F050,1,14618.55,False,False,False
P0175,F003,1,26365.68,False,False,False
P0175,F010,1,36172.06,False,False,False
P0175,F021,1,256155.03,False,False,False
P0175,F026,1,207053.66,False,False,False
P0175,F033,1,25551.79,False,False,False
P0175,F035,1,49186.39,False,False,False
P0175,F038,1,266545.85,False,False,False
P0175,F039,1,58350.85,False,False,False
P0175,F040,1,14087.66,False,False,False
P0175,F044,1,0.0,False,False,False
P0175,F047,1,204085.23,False,False,False
P0175,F051,1,71486.32,False,False,False
P0175,F055,1,108351.9,False,False,False
P0175,F058,2,143905.05,False,False,False
P0176,F000,1,113270.47,False,False,False
P0176,F008,1,26462.29,False,False,False
P0176,F013,1,4222.96,False,False,False
P0176,F016,1,28631.83,False,False,False
P0176,F019,1,60660.86,False,False,False
P0176,F035,2,95258.91,False,False,False
P0176,F036,1,20663.11,False,False,False
P0176,F037,1,10712.72,False,False,False
P0176,F038,1,106652.67,False,False,False
P0176,F039,1,34955.45,False,False,False
P0176,F042,2,98045.51,False,False,False
P0176,F049,1,460695.88,False,False,False
P0176,F050,1,46512.79,False,False,False
P0176,F054,1,27180.03,False,False,False
P0176,F059,1,57131.64,False,False,False
P0177,F004,1,49547.13,False,False,False
P0177,F006,1,21424.13,False,False,False
P0177,F011,1,59499.97,False,False,False
P0177,F013,1,102883.84,False,False,False
P0177,F017,1,122022.43,False,False,False
P0177,F032,1,19755.69,False,False,False
P0177,F034,1,201457.55,False,False,False
P0177,F041,1,24174.73,False,False,False
P0177,F042,1,19866.16,False,False,False
P0177,F043,1,97478.69,False,False,False
P0177,F050,2,78405.81999999999,False,False,False
P0177,F056,1,505357.7,False,False,False
P0178,F015,1,67424.5,False,False,False
P0178,F021,1,50546.93,False,False,False
P0178,F023,1,34973.2,False,False,False
P0178,F038,1,231189.02,False,False,False
P0178,F041,1,32589.72,False,False,False
P0178,F044,1,46840.27,False,False,False
P0178,F049,1,164386.17,False,False,False
P0178,F054,1,14168.36,False,False,False
P0179,F003,1,197116.62,False,False,False
P0179,F006,1,81356.87,False,False,False
P0179,F020,1,164070.3,False,False,False
P0179,F021,3,163931.26,False,False,False
P0179,F025,1,25770.94,False,False,False
P0179,F026,2,136089.24,False,False,False
P0179,F028,1,15939.8,False,False,False
P0179,F029,1,22939.72,False,False,False
P0179,F030,1,17197.0,False,False,False
P0179,F033,1,3827.06,False,False,False
P0179,F035,1,33897.19,False,False,False
P0179,F044,1,63929.27,False,False,False
P0179,F053,1,73507.64,False,False,False
P0179,F055,1,33619.21,False,False,False
P0180,F000,1,53572.06,False,False,False
P0180,F002,1,42261.45,False,False,False
P0180,F003,1,10684.36,False,False,False
P0180,F006,1,36841.18,False,False,False
P0180,F021,1,41191.57,False,False,False
P0180,F028,1,20475.82,False,False,False
P0180,F029,2,204732.96000000002,False,False,False
P0180,F033,1,106100.1,False,False,False
P0180,F034,2,50770.07,False,False,False
P0180,F041,1,25020.25,False,False,False
P0180,F046,1,220886.92,False,False,False
P0180,F049,1,14020.76,False,False,False
P0180,F052,1,204493.44,False,False,False
P0180,F054,2,190596.37,False,False,False
P0180,F055,2,85972.66,False,False,False
P0180,F058,1,50912.59,False,False,False
P0181,F006,1,94973.21,False,False,False
P0181,F022,1,12072.94,False,False,False
P0181,F023,1,125573.02,False,False,False
P0181,F024,1,121800.09,False,False,False
P0181,F030,1,215119.65,False,False,False
P0181,F035,1,75024.76,False,False,False
P0181,F040,1,0.0,False,False,False
P0181,F047,1,231104.47,False,False,False
P0181,F049,1,30160.65,False,False,False
P0181,F058,1,86439.75,False,False,False
P0182,F000,1,10664.26,False,False,False
P0182,F003,1,117398.47,False,False,False
P0182,F006,1,29034.54,False,False,False
P0182,F009,1,26191.52,False,False,False
P0182,F012,1,40008.1,False,False,False
P0182,F013,1,11701.6,False,False,False
P0182,F016,1,370779.18,False,False,False
P0182,F017,1,6993.32,False,False,False
P0182,F018,1,97922.36,False,False,False
P0182,F019,1,345465.32,False,False,False
P0182,F028,1,81712.02,False,False,False
P0182,F029,2,184535.77000000002,False,False,False
P0182,F030,1,120073.07,False,False,False
P0182,F033,1,4915.11,False,False,False
P0182,F036,1,34536.72,False,False,False
P0182,F039,2,43998.54,False,False,False
P0182,F040,1,59532.63,False,False,False
P0182,F046,2,58999.149999999994,False,False,False
P0182,F048,1,43516.45,False,False,False
P0182,F050,1,61012.64,False,False,False
P0182,F052,1,71799.48,False,False,False
P0182,F054,1,73773.02,False,False,False
P0182,F058,1,50106.02,False,False,False
P0183,F003,1,444836.69,False,False,False
P0183,F006,2,128122.41,False,False,False
P0183,F017,1,417751.45,False,False,False
P0183,F018,1,0.0,False,False,False
P0183,F034,1,45751.03,False,False,False
P0183,F048,1,157183.7,False,False,False
P0183,F054,1,183108.55,False,False,False
P0183,F057,1,22792.52,False,False,False
P0183,F058,1,27643.93,False,False,False
P0184,F000,1,121072.9,False,False,False
P0184,F003,1,197736.87,False,False,False
P0184,F004,1,143893.81,False,False,False
P0184,F008,1,25306.71,False,False,False
P0184,F016,2,101161.1,False,False,False
P0184,F018,1,247046.88,False,False,False
P0184,F021,1,121742.31,False,False,False
P0184,F024,2,39906.84,False,False,False
P0184,F035,1,35750.01,False,False,False
P0184,F037,1,19859.55,False,False,False
P0184,F038,1,49797.21,False,False,False
P0184,F040,1,13488.78,False,False,False
P0184,F041,1,113662.72,False,False,False
P0184,F049,1,22374.31,False,False,False
P0184,F054,1,69440.33,False,False,False
P0184,F055,1,494005.35,False,False,False
P0185,F002,1,44931.9,False,False,False
P0185,F006,2,217680.72,False,False,False
P0185,F016,1,99861.08,False,False,False
P0185,F017,1,35041.39,False,False,False
P0185,F021,1,15868.12,False,False,False
P0185,F022,1,31981.22,False,False,False
P0185,F024,1,17296.24,False,False,False
P0185,F026,1,63829.94,False,False,False
P0185,F033,1,17985.18,False,False,False
P0185,F034,1,68287.76,False,False,False
P0185,F043,1,37988.65,False,False,False
P0185,F047,1,31376.63,False,False,False
P0185,F050,1,64279.41,False,False,False
P0185,F054,1,206146.67,False,False,False
P0185,F058,1,167507.08,False,False,False
P0186,F001,1,8375.85,False,False,False
P0186,F002,1,228750.54,False,False,False
P0186,F004,1,188976.29,False,False,False
P0186,F005,1,39566.69,False,False,False
P0186,F006,1,28276.35,False,False,False
P0186,F008,1,55788.31,False,False,False
P0186,F009,1,249216.71,False,False,False
P0186,F011,1,25718.21,False,False,False
P0186,F019,1,89057.13,False,False,False
P0186,F048,1,45537.71,False,False,False
P0186,F054,2,80654.94,False,False,False
P0186,F055,1,666773.81,False,False,False
P0186,F058,1,51829.16,False,False,False
P0187,F000,2,238612.23,False,False,False
P0187,F006,1,26859.67,False,False,False
P0187,F010,1,121004.19,False,False,False
P0187,F011,1,47172.37,False,False,False
P0187,F016,1,0.0,False,False,False
P0187,F019,1,26320.63,False,False,False
P0187,F021,1,199262.46,False,False,False
P0187,F023,1,286564.97,False,False,False
P0187,F029,1,34474.5,False,False,False
P0187,F033,1,65235.98,False,False,False
P0187,F035,3,307278.9,False,False,False
P0187,F039,1,23925.04,False,False,False
P0187,F043,1,47327.62,False,False,False
P0187,F045,1,28973.47,False,False,False
P0187,F048,1,177568.23,False,False,False
P0187,F056,2,106098.18,False,False,False
P0187,F058,2,161128.43,False,False,False
P0188,F003,1,0.0,False,False,False
P0188,F008,1,11871.99,False,False,False
P0188,F014,1,63958.09,False,False,False
P0188,F020,2,93357.58,False,False,False
P0188,F021,1,59341.62,False,False,False
P0188,F030,2,85926.11,False,False,False
P0188,F035,1,30174.46,False,False,False
P0188,F038,2,391848.83,False,False,False
P0188,F041,1,160867.73,False,False,False
P0188,F046,1,99481.65,False,False,False
P0188,F047,1,349493.79,False,False,False
P0188,F049,1,435694.01,False,False,False
P0188,F050,1,81946.27,False,False,False
P0188,F051,2,168040.33000000002,False,False,False
P0188,F056,1,30497.29,False,False,False
P0188,F058,1,54989.91,False,False,False
P0188,F059,1,7114.76,False,False,False
P0189,F009,1,135030.73,False,False,False
P0189,F023,1,50227.71,False,False,False
P0189,F027,1,48726.4,False,False,False
P0189,F029,2,274982.08,False,False,False
P0189,F030,1,18208.73,False,False,False
P0189,F035,2,82845.97,False,False,False
P0189,F037,1,31620.81,False,False,False
P0189,F040,1,301615.77,False,False,False
P0189,F041,1,47814.83,False,False,False
P0189,F045,1,36284.97,False,False,False
P0189,F056,1,81012.92,False,False,False
P0190,F000,2,72031.68,False,False,False
P0190,F006,1,7146.67,False,False,False
P0190,F008,1,39074.9,False,False,False
P0190,F012,1,73141.83,False,False,False
P0190,F013,1,28633.19,False,False,False
P0190,F031,1,0.0,False,False,False
P0190,F032,1,288576.87,False,False,False
P0190,F036,2,153105.96,False,False,False
P0190,F055,1,122249.6,False,False,False
P0191,F006,1,23662.44,False,False,False
P0191,F014,1,110811.44,False,False,False
P0191,F016,2,622621.1900000001,False,False,False
P0191,F021,1,61114.75,False,False,False
P0191,F024,1,53133.82,False,False,False
P0191,F030,1,83449.38,False,False,False
P0191,F035,1,27768.13,False,False,False
P0191,F036,1,107865.48,False,False,False
P0191,F046,1,16433.3,False,False,False
P0191,F051,1,22701.4,False,False,False
P0191,F059,1,16992.52,False,False,False
P0192,F006,1,484886.0,False,False,False
P0192,F008,1,43133.93,False,False,False
P0192,F012,1,304745.15,False,False,False
P0192,F016,1,93539.38,False,False,False
P0192,F021,1,38979.16,False,False,False
P0192,F023,2,52533.740000000005,False,False,False
P0192,F025,1,91143.33,False,False,False
P0192,F027,1,24592.82,False,False,False
P0192,F031,1,138679.75,False,False,False
P0192,F035,1,7896.49,False,False,False
P0192,F036,1,34276.96,False,False,False
P0192,F038,1,198220.52,False,False,False
P0192,F039,1,298402.69,False,False,False
P0192,F041,1,33840.63,False,False,False
P0192,F053,2,62474.39,False,False,False
P0193,F000,3,399572.69,False,False,False
P0193,F002,1,47565.54,False,False,False
P0193,F003,2,74877.96,False,False,False
P0193,F011,1,76657.49,False,False,False
P0193,F016,1,192520.58,False,False,False
P0193,F018,1,117328.08,False,False,False
P0193,F020,1,30021.54,False,False,False
P0193,F036,1,8973.8,False,False,False
P0193,F039,1,13055.71,False,False,False
P0193,F051,1,17229.96,False,False,False
P0193,F056,1,46981.22,False,False,False
P0194,F002,1,16010.02,False,False,False
P0194,F009,1,23132.89,False,False,False
P0194,F010,1,151493.35,False,False,False
P0194,F013,1,38444.91,False,False,False
P0194,F015,1,15924.56,False,False,False
P0194,F018,1,52984.99,False,False,False
P0194,F022,1,57198.7,False,False,False
P0194,F023,1,23542.85,False,False,False
P0194,F026,1,207979.05,False,False,False
P0194,F031,1,40628.06,False,False,False
P0194,F035,1,72304.07,False,False,False
P0194,F039,1,65806.24,False,False,False
P0194,F041,1,57086.46,False,False,False
P0194,F042,1,11642.07,False,False,False
P0194,F044,1,41060.72,False,False,False
P0194,F050,1,3844.45,False,False,False
P0194,F054,1,0.0,False,False,False
P0194,F057,2,110679.53,False,False,False
P0195,F001,1,59355.59,False,False,False
P0195,F006,1,7442.57,False,False,False
P0195,F007,2,109708.89,False,False,False
P0195,F013,1,227413.43,False,False,False
P0195,F018,1,24282.07,False,False,False
P0195,F025,1,153730.41,False,False,False
P0195,F027,2,32784.0,False,False,False
P0195,F029,1,66561.86,False,False,False
P0195,F030,1,106890.6,False,False,False
P0195,F033,1,32195.24,False,False,False
P0195,F035,1,108970.68,False,False,False
P0195,F036,1,85804.41,False,False,False
P0195,F040,1,53007.82,False,False,False
P0195,F043,1,204289.04,False,False,False
P0195,F048,1,44017.18,False,False,False
P0195,F052,1,105762.96,False,False,False
P0195,F054,1,72793.43,False,False,False
P0195,F055,1,22454.29,False,False,False
P0195,F058,1,361494.63,False,False,False
P0196,F000,2,96051.19,False,False,False
P0196,F013,1,111343.18,False,False,False
P0196,F023,1,67587.47,False,False,False
P0196,F024,1,83494.19,False,False,False
P0196,F025,1,6783.93,False,False,False
P0196,F028,1,48186.01,False,False,False
P0196,F030,1,96290.8,False,False,False
P0196,F035,1,104312.42,False,False,False
P0196,F036,2,118274.20000000001,False,False,False
P0196,F038,2,100146.24,False,False,False
P0196,F039,2,379606.11,False,False,False
P0196,F040,1,97143.16,False,False,False
P0196,F041,2,106406.01000000001,False,False,False
P0196,F042,1,77866.35,False,False,False
P0196,F043,1,11452.16,False,False,False
P0196,F055,2,292219.71,False,False,False
P0197,F000,1,23778.1,False,False,False
P0197,F002,1,28613.2,False,False,False
P0197,F013,1,12710.13,False,False,False
P0197,F017,2,217238.77,False,False,False
P0197,F018,1,82502.28,False,False,False
P0197,F021,1,32331.82,False,False,False
P0197,F025,1,49100.28,False,False,False
P0197,F033,1,18452.01,False,False,False
P0197,F035,1,64809.99,False,False,False
P0197,F036,1,311175.44,False,False,False
P0197,F039,1,78459.92,False,False,False
P0197,F046,1,23274.42,False,False,False
P0197,F047,1,68651.05,False,False,False
P0198,F011,2,65181.97,False,False,False
P0198,F012,1,87725.07,False,False,False
P0198,F016,1,36663.53,False,False,False
P0198,F019,2,137854.43,False,False,False
P0198,F023,1,24242.79,False,False,False
P0198,F026,2,198261.21,False,False,False
P0198,F027,1,158696.97,False,False,False
P0198,F035,1,43893.26,False,False,False
P0198,F036,1,60354.7,False,False,False
P0198,F040,1,225969.8,False,False,False
P0198,F042,1,162030.41,False,False,False
P0198,F043,2,69897.42,False,False,False
P0198,F048,1,24481.03,False,False,False
P0198,F049,1,63048.01,False,False,False
P0198,F052,1,10186.26,False,False,False
P0198,F058,1,52226.54,False,False,False
P0199,F000,1,12761.66,False,False,False
P0199,F003,1,47172.74,False,False,False
P0199,F004,1,36871.7,False,False,False
P0199,F007,1,21182.61,False,False,False
P0199,F010,2,94331.58,False,False,False
P0199,F012,2,120219.73,True,False,True
P0199,F013,1,215165.96,False,False,False
P0199,F023,2,167420.77,False,False,False
P0199,F027,1,42749.77,False,False,False
P0199,F031,1,180532.28,False,False,False
P0199,F038,1,252476.91,False,False,False
P0199,F039,1,75575.07,False,False,False
P0199,F042,1,162237.57,False,False,False
P0199,F049,1,26632.42,False,False,False
P0199,F050,1,89757.99,False,False,False
P0199,F056,1,0.0,False,False,False
P0199,F059,1,4606.65,False,False,False
P0200,F000,1,22262.19,False,False,False
P0200,F006,2,103193.09999999999,False,False,False
P0200,F008,1,47316.77,False,False,False
P0200,F014,6,1179728.42,False,False,False
P0200,F021,1,61557.6,False,False,False
P0200,F027,1,110287.39,False,False,False
P0200,F034,2,84846.11,False,False,False
P0200,F038,1,57419.59,False,False,False
P0200,F041,1,57767.13,False,False,False
P0201,F000,1,9535.62,False,False,False
P0201,F006,1,102701.4,False,False,False
P0201,F008,1,14042.18,False,False,False
P0201,F009,1,106766.36,False,False,False
P0201,F014,1,204519.95,False,False,False
P0201,F017,1,49543.05,False,False,False
P0201,F019,1,48209.28,False,False,False
P0201,F021,1,16964.47,False,False,False
P0201,F022,1,13600.06,False,False,False
P0201,F031,3,351912.76,False,False,False
P0201,F035,2,246613.87,False,False,False
P0201,F041,1,15817.99,False,False,False
P0201,F043,1,19941.71,False,False,False
P0201,F045,1,27746.63,False,False,False
P0201,F054,1,53048.0,False,False,False
P0201,F055,1,94320.61,False,False,False
P0202,F000,2,36108.54,False,False,False
P0202,F008,1,8379.42,False,False,False
P0202,F012,1,155748.62,False,False,False
P0202,F021,1,19362.15,False,False,False
P0202,F023,1,32360.34,False,False,False
P0202,F027,1,8806.79,False,False,False
P0202,F033,2,207117.72,False,False,False
P0202,F035,1,201138.48,False,False,False
P0202,F046,1,126863.75,False,False,False
P0202,F048,1,74040.43,False,False,False
P0202,F054,2,70432.59,False,False,False
P0202,F056,2,160683.07,False,False,False
P0203,F000,1,53651.92,False,False,False
P0203,F004,2,497941.01999999996,False,False,False
P0203,F005,1,76816.17,False,False,False
P0203,F008,1,198540.01,False,False,False
P0203,F010,1,34227.94,False,False,False
P0203,F011,2,52370.5,False,False,False
P0203,F012,2,84453.15,False,False,False
P0203,F013,1,126772.35,False,False,False
P0203,F015,1,269937.07,False,False,False
P0203,F016,1,93723.04,False,False,False
P0203,F018,1,21051.71,False,False,False
P0203,F027,1,27414.0,False,False,False
P0203,F032,1,92481.7,False,False,False
P0203,F035,1,55810.54,False,False,False
P0203,F041,1,365978.32,False,False,False
P0203,F044,1,27512.45,False,False,False
P0203,F048,1,38467.66,False,False,False
P0203,F051,1,373734.27,False,False,False
P0203,F055,2,118313.90000000001,False,False,False
P0203,F056,1,71146.48,False,False,False
P0203,F057,1,18322.25,False,False,False
P0204,F000,1,49718.91,False,False,False
P0204,F003,1,26830.26,False,False,False
P0204,F004,2,348738.55,False,False,False
P0204,F006,1,65203.41,False,False,False
P0204,F012,1,12064.35,False,False,False
P0204,F016,1,210865.86,False,False,False
P0204,F028,1,52801.27,False,False,False
P0204,F040,2,520106.2,False,False,False
P0204,F044,1,26108.79,False,False,False
P0204,F049,1,11670.41,False,False,False
P0204,F050,1,71451.18,False,False,False
P0204,F053,1,179048.82,False,False,False
P0205,F003,1,89478.08,False,False,False
P0205,F007,1,274606.63,False,False,False
P0205,F008,1,34297.56,False,False,False
P0205,F010,1,129441.15,False,False,False
P0205,F012,1,305909.79,False,False,False
P0205,F019,1,77836.08,False,False,False
P0205,F021,1,60988.99,False,False,False
P0205,F029,1,6299.48,False,False,False
P0205,F031,1,41222.09,False,False,False
P0205,F032,1,17496.22,False,False,False
P0205,F035,1,67903.04,False,False,False
P0205,F038,1,17501.74,False,False,False
P0205,F039,1,27596.25,False,False,False
P0205,F040,1,94016.86,False,False,False
P0205,F052,1,112623.39,False,False,False
P0205,F055,1,152730.36,False,False,False
P0205,F056,1,35261.98,False,False,False
P0205,F057,1,12564.91,False,False,False
P0206,F011,1,33811.31,False,False,False
P0206,F018,1,166933.04,False,False,False
P0206,F025,1,57007.93,False,False,False
P0206,F026,1,145807.79,False,False,False
P0206,F029,1,73010.55,False,False,False
P0206,F032,1,23111.27,False,False,False
P0206,F035,1,51801.74,False,False,False
P0206,F039,1,161178.3,False,False,False
P0206,F047,1,31189.6,False,False,False
P0206,F051,1,21567.76,False,False,False
P0207,F006,1,173733.77,False,False,False
P0207,F013,2,128940.32,False,False,False
P0207,F018,1,61506.13,False,False,False
P0207,F020,1,56542.92,False,False,False
P0207,F026,1,63318.91,False,False,False
P0207,F028,1,18290.37,False,False,False
P0207,F034,1,84388.95,False,False,False
P0207,F036,1,23005.86,False,False,False
P0207,F039,1,107743.27,False,False,False
P0207,F041,1,264480.15,False,False,False
P0207,F051,1,206521.6,False,False,False
P0208,F000,1,993720.1,False,False,False
P0208,F003,2,131397.22,False,False,False
P0208,F006,1,27543.25,False,False,False
P0208,F018,1,90397.47,False,False,False
P0208,F027,1,60193.69,False,False,False
P0208,F031,1,85574.44,False,False,False
P0208,F034,1,104004.5,False,False,False
P0208,F035,1,63789.45,False,False,False
P0208,F044,1,157124.42,False,False,False
P0208,F045,1,124003.93,False,False,False
P0208,F048,1,23227.09,False,False,False
P0208,F050,1,22541.47,False,False,False
P0208,F054,1,12004.55,False,False,False
P0208,F056,2,82880.6,False,False,False
P0208,F057,1,17680.68,False,False,False
P0209,F010,1,33342.55,False,False,False
P0209,F014,1,1313902.4,False,False,False
P0209,F017,2,98260.73999999999,False,False,False
P0209,F021,1,105877.09,False,False,False
P0209,F026,1,124222.4,False,False,False
P0209,F029,1,71561.15,False,False,False
P0209,F035,2,91226.76000000001,False,False,False
P0209,F039,1,19902.2,False,False,False
P0209,F040,1,49222.02,False,False,False
P0209,F046,1,13979.85,False,False,False
P0209,F047,1,30631.34,False,False,False
P0209,F050,2,50529.21,False,False,False
P0209,F053,1,48107.77,False,False,False
P0210,F000,1,88223.25,False,False,False
P0210,F004,2,345587.58,False,False,False
P0210,F010,1,127942.19,False,False,False
P0210,F016,1,81102.32,False,False,False
P0210,F021,1,121638.59,False,False,False
P0210,F022,1,47217.31,False,False,False
P0210,F024,1,258423.57,False,False,False
P0210,F027,1,8378.13,False,False,False
P0210,F035,1,35118.4,False,False,False
P0210,F036,1,100721.27,False,False,False
P0210,F039,1,62504.42,False,False,False
P0210,F050,1,119411.53,False,False,False
P0210,F058,2,47595.649999999994,False,False,False
P0211,F000,1,0.0,False,False,False
P0211,F002,2,294330.4,False,False,False
P0211,F003,1,21716.78,False,False,False
P0211,F008,1,24314.16,False,False,False
P0211,F013,1,24158.28,False,False,False
P0211,F016,1,99470.14,False,False,False
P0211,F021,1,84449.38,False,False,False
P0211,F024,1,32457.09,False,False,False
P0211,F029,1,14268.05,False,False,False
P0211,F031,1,131927.93,False,False,False
P0211,F039,2,129541.54000000001,False,False,False
P0211,F045,1,81157.78,False,False,False
P0211,F048,1,93047.87,False,False,False
P0211,F058,1,13379.12,False,False,False
P0212,F000,1,208071.07,False,False,False
P0212,F004,2,50675.84,False,False,False
P0212,F008,1,80947.19,False,False,False
P0212,F015,1,105493.16,False,False,False
P0212,F017,1,76006.65,False,False,False
P0212,F019,1,33217.86,False,False,False
P0212,F022,1,33092.9,False,False,False
P0212,F026,1,220851.22,False,False,False
P0212,F034,1,89585.42,False,False,False
P0212,F036,1,55974.83,False,False,False
P0212,F039,1,20866.7,False,False,False
P0212,F040,1,638980.48,False,False,False
P0212,F048,2,198904.38,False,False,False
P0212,F050,1,0.0,False,False,False
P0212,F057,1,187997.94,False,False,False
P0213,F000,5,97658.84,False,False,False
P0213,F001,1,25750.0,False,False,False
P0213,F002,1,103970.11,False,False,False
P0213,F003,1,66646.32,False,False,False
P0213,F008,1,186474.3,False,False,False
P0213,F009,1,7051.5,False,False,False
P0213,F014,1,83034.37,False,False,False
P0213,F017,1,61784.44,False,False,False
P0213,F018,2,109172.9,False,False,False
P0213,F025,1,33400.28,False,False,False
P0213,F028,2,132098.51,False,False,False
P0213,F029,1,159347.29,False,False,False
P0213,F038,1,109594.27,False,False,False
P0213,F046,1,55837.51,False,False,False
P0213,F048,2,136291.6,False,False,False
P0213,F049,2,99664.53,False,False,False
P0213,F055,1,45055.4,False,False,False
P0213,F056,1,15734.17,False,False,False
P0214,F000,1,34169.92,False,False,False
P0214,F001,1,41873.29,False,False,False
P0214,F002,1,126531.34,False,False,False
P0214,F003,1,21061.27,False,False,False
P0214,F010,1,73766.94,False,False,False
P0214,F011,1,56536.03,False,False,False
P0214,F012,1,420820.77,False,False,False
P0214,F014,1,94828.98,False,False,False
P0214,F017,1,126696.6,False,False,False
P0214,F019,1,42031.9,False,False,False
P0214,F024,1,252383.61,False,False,False
P0214,F026,1,49228.39,False,False,False
P0214,F030,1,17973.98,False,False,False
P0214,F033,1,359472.11,False,False,False
P0214,F034,1,142009.32,False,False,False
P0214,F036,1,18135.13,False,False,False
P0214,F046,1,115784.3,False,False,False
P0214,F048,1,245780.31,False,False,False
P0214,F049,1,40884.0,False,False,False
P0214,F053,1,39403.7,False,False,False
P0214,F055,1,52836.4,False,False,False
P0215,F000,1,102797.03,False,False,False
P0215,F005,1,121078.01,False,False,False
P0215,F006,2,116559.82,False,False,False
P0215,F009,1,29326.96,False,False,False
P0215,F011,1,283470.07,False,False,False
P0215,F012,1,56898.49,False,False,False
P0215,F013,1,89121.37,False,False,False
P0215,F019,1,196978.73,False,False,False
P0215,F021,1,28502.11,False,False,False
P0215,F024,1,51469.9,False,False,False
P0215,F034,1,10876.37,False,False,False
P0215,F035,1,11579.78,False,False,False
P0215,F043,1,12601.51,False,False,False
P0215,F044,1,118613.87,False,False,False
P0215,F047,1,176234.15,False,False,False
P0215,F048,1,45295.26,False,False,False
P0215,F054,1,24313.84,False,False,False
P0215,F055,1,148930.95,False,False,False
P0216,F000,1,38042.09,False,False,False
P0216,F004,1,74367.54,False,False,False
P0216,F008,1,63228.67,False,False,False
P0216,F011,1,12060.91,False,False,False
P0216,F017,1,157210.68,False,False,False
P0216,F022,1,63638.67,False,False,False
P0216,F023,1,28704.34,False,False,False
P0216,F039,1,167306.22,False,False,False
P0216,F040,1,173134.56,False,False,False
P0216,F048,1,14701.88,False,False,False
P0216,F049,2,472235.06,False,False,False
P0216,F058,1,63031.3,False,False,False
P0217,F002,1,144706.26,False,False,False
P0217,F008,1,106373.82,False,False,False
P0217,F013,1,52589.67,False,False,False
P0217,F016,1,24111.33,False,False,False
P0217,F017,1,66012.8,False,False,False
P0217,F018,1,205430.64,False,False,False
P0217,F021,1,215610.88,False,False,False
P0217,F023,1,84812.91,False,False,False
P0217,F028,1,114063.9,False,False,False
P0217,F031,1,29100.49,False,False,False
P0217,F034,2,179174.26,False,False,False
P0217,F035,2,67374.45,False,False,False
P0217,F039,1,327540.8,False,False,False
P0217,F056,1,8868.29,False,False,False
P0217,F057,1,6183.58,False,False,False
P0218,F010,1,88612.69,False,False,False
P0218,F016,1,64536.18,False,False,False
P0218,F017,1,268472.32,False,False,False
P0218,F024,1,94423.98,False,False,False
P0218,F025,1,94749.32,False,False,False
P0218,F029,1,67157.27,False,False,False
P0218,F032,1,50840.42,False,False,False
P0218,F040,2,161837.9,False,False,False
P0218,F042,1,166323.14,False,False,False
P0218,F045,1,7923.22,False,False,False
P0218,F050,1,15749.17,False,False,False
P0219,F000,1,23830.04,False,False,False
P0219,F012,1,270677.92,False,False,False
P0219,F018,1,8201.93,False,False,False
P0219,F019,1,300773.85,False,False,False
P0219,F023,1,42595.07,False,False,False
P0219,F029,1,46778.37,False,False,False
P0219,F030,1,13820.64,False,False,False
P0219,F035,1,21308.67,False,False,False
P0219,F046,1,21804.17,False,False,False
P0219,F050,1,47037.21,False,False,False
P0219,F054,1,33665.92,False,False,False
P0219,F057,2,326720.14,False,False,False
