id_contrato,monto,modalidad,fecha_contrato,categoria_principal,objeto,n_pagos,monto_devengado_total,monto_pagado_total,fecha_primer_devengado,fecha_ultimo_pago,ratio_pagado_contrato,estado_pago_analitico
C001783,94925.8,Adjudicación Simplificada,2023-10-11,services,Servicio de mantenimiento de infraestructura,1,94925.8,94925.8,2023-11-15,2023-12-01,1.0,pagado_aproximadamente_completo
C001929,42388.63,Comparación de Precios,2024-03-26,goods,Suministro de combustible,2,24177.53,24177.53,2024-04-30,2024-05-24,0.570377716854732,pago_parcial
C002917,109966.56,Contratación Directa,2023-10-21,services,Servicio de capacitación,2,63464.4,63464.4,2023-11-05,2023-12-08,0.5771245367682685,pago_parcial
C000787,24749.85,Adjudicación Simplificada,2025-05-05,works,,1,18960.03,18960.03,2025-06-14,2025-06-25,0.7660664610088546,pago_parcial
C000798,97526.88,Adjudicación Simplificada,2023-01-17,goods,Adquisición de equipos informáticos,3,97526.88,97526.88,2023-02-16,2023-03-22,1.0,pagado_aproximadamente_completo
C001927,45055.4,Comparación de Precios,2025-09-29,services,Servicio de mantenimiento de infraestructura,3,45055.4,45055.4,2025-11-01,2025-12-27,1.0,pagado_aproximadamente_completo
C003249,127941.93,Contratación Directa,2024-11-07,goods,Adquisición de equipos informáticos,2,77093.51,77093.51,2024-12-15,2025-02-03,0.602566414309992,pago_parcial
C000393,111202.15,Licitación Pública,2026-04-01,goods,Adquisición de equipos informáticos,1,111202.15,111202.15,2026-05-07,2026-06-05,1.0,pagado_aproximadamente_completo
C003413,171394.31,Comparación de Precios,2024-02-04,goods,Suministro de combustible,1,171394.31,171394.31,2024-02-13,2024-04-24,1.0,pagado_aproximadamente_completo
C700079,,Licitación Pública,2026-05-31,works,Obra de rehabilitación vial,3,62185.649999999994,62185.65,2026-06-11,2026-08-07,,sin_pago_o_sin_cuantia
C001866,565558.73,Comparación de Precios,2026-04-04,goods,Suministro de combustible,2,565558.73,565558.73,2026-05-09,2026-05-25,1.0,pagado_aproximadamente_completo
C000354,54673.21,Contratación Directa,2024-01-28,services,Servicio de capacitación,3,54673.21,54673.21,2024-02-13,2024-04-18,1.0,pagado_aproximadamente_completo
C000256,63163.48,Adjudicación Simplificada,2025-01-09,services,Servicio de transporte,2,36839.22,36839.22,2025-02-16,2025-02-24,0.5832360724899894,pago_parcial
C003341,67240.32,Adjudicación Simplificada,2024-07-17,goods,Adquisición de materiales de construcción,1,42687.0,0.0,2024-08-05,,0.0,pendiente_sin_pago
C002441,91398.17,Comparación de Precios,2023-02-24,goods,Suministro de combustible,1,98461.36,98461.36,2023-04-08,2023-04-25,1.0772793372121128,sobrepago_senal_revisar
C003269,179145.26,Licitación Pública,2026-06-16,works,Obra de rehabilitación vial,1,159778.73,159778.73,2026-07-17,2026-08-07,0.8918948232289261,pago_parcial
C000179,15294.65,Licitación Pública,2023-12-25,goods,Adquisición de equipos informáticos,1,15294.65,15294.65,2024-02-01,2024-02-11,1.0,pagado_aproximadamente_completo
C002019,66222.91,Licitación Pública,2023-06-22,goods,,3,66222.91,66222.91,2023-07-15,2023-08-29,1.0,pagado_aproximadamente_completo
C002669,96185.54,Adjudicación Simplificada,2025-06-03,services,Servicio de limpieza y vigilancia,2,77812.11,77812.11,2025-06-14,2025-07-29,0.808979291481859,pago_parcial
C003045,68013.09,Concurso Público,2023-11-20,services,Consultoría en ingeniería,3,68013.09,68013.09,2023-12-16,2024-01-22,1.0,pagado_aproximadamente_completo
C001513,10279.24,Adjudicación Simplificada,2024-01-03,goods,Adquisición de bienes de oficina,2,10279.24,10279.24,2024-01-21,2024-02-20,1.0,pagado_aproximadamente_completo
C001694,58708.5,Comparación de Precios,2023-11-30,works,Obra de rehabilitación vial,2,58708.5,58708.5,2024-01-04,2024-02-05,1.0,pagado_aproximadamente_completo
C001173,231189.02,Adjudicación Simplificada,2023-12-06,goods,Adquisición de equipos informáticos,3,231189.02000000002,231189.02,2024-01-02,2024-02-24,1.0,pagado_aproximadamente_completo
C002245,123500.85,Comparación de Precios,2025-11-22,works,Obra de rehabilitación vial,2,123500.85,123500.85,2025-12-20,2026-01-21,1.0,pagado_aproximadamente_completo
C002460,43100.82,Concurso Público,2025-02-04,goods,Suministro de combustible,1,43100.82,43100.82,2025-03-12,2025-04-04,1.0,pagado_aproximadamente_completo
C001064,46837.99,Comparación de Precios,2025-01-29,services,Servicio de capacitación,1,46837.99,46837.99,2025-02-13,2025-02-23,1.0,pagado_aproximadamente_completo
C700083,734441.49,Concurso Público,2025-11-15,goods,Adquisición de materiales de construcción,1,734441.49,734441.49,2025-12-08,2025-12-25,1.0,pagado_aproximadamente_completo
C000912,173081.66,Adjudicación Simplificada,2024-12-09,works,Obra de rehabilitación vial,1,173081.66,173081.66,2024-12-23,2025-01-05,1.0,pagado_aproximadamente_completo
C001564,50228.97,Adjudicación Simplificada,2023-03-27,services,Servicio de limpieza y vigilancia,3,50228.97,50228.97,2023-05-03,2023-06-17,1.0,pagado_aproximadamente_completo
C002283,,Contratación Directa,2023-09-04,goods,Adquisición de materiales de construcción,2,62185.65,62185.65,2023-09-13,2023-11-16,,sin_pago_o_sin_cuantia
C002778,68835.32,Contratación Directa,2024-06-22,goods,Adquisición de materiales de construcción,1,72555.93,72555.93,2024-07-09,2024-08-01,1.0540508855047086,sobrepago_senal_revisar
C001174,50147.57,Comparación de Precios,2023-09-18,services,Servicio de capacitación,2,50147.57,50147.57,2023-10-11,2023-11-07,1.0,pagado_aproximadamente_completo
C000093,76805.85,Comparación de Precios,2026-05-22,goods,Suministro de combustible,1,76805.85,76805.85,2026-06-16,2026-07-02,1.0,pagado_aproximadamente_completo
C000109,58831.76,Comparación de Precios,2024-06-20,services,Servicio de transporte,3,58831.76,58831.759999999995,2024-06-28,2024-09-04,0.9999999999999999,pagado_aproximadamente_completo
C003190,13529.04,Contratación Directa,2025-06-17,services,Servicio de transporte,1,10533.38,10533.38,2025-07-08,2025-07-25,0.7785755678156024,pago_parcial
C002478,117380.22,Adjudicación Simplificada,2024-09-14,services,Servicio de limpieza y vigilancia,1,117380.22,117380.22,2024-10-16,2024-10-26,1.0,pagado_aproximadamente_completo
C003010,9172.35,Adjudicación Simplificada,2024-10-11,goods,Adquisición de bienes de oficina,2,7261.57,7261.570000000001,2024-10-17,2025-01-01,0.7916804308601395,pago_parcial
C003390,13915.69,Adjudicación Simplificada,2026-02-21,services,Servicio de capacitación,1,13915.69,13915.69,2026-03-20,2026-04-04,1.0,pagado_aproximadamente_completo
C000032,124339.96,Comparación de Precios,2024-10-29,works,Obra de rehabilitación vial,3,124339.96,124339.95999999999,2024-12-01,2025-01-08,0.9999999999999999,pagado_aproximadamente_completo
C002384,98193.29,Concurso Público,2025-03-21,services,Consultoría en ingeniería,3,98193.29000000001,98193.29000000001,2025-04-04,2025-07-01,1.0000000000000002,pagado_aproximadamente_completo
C002227,17428.86,Comparación de Precios,2026-02-04,goods,Adquisición de bienes de oficina,3,17428.86,17428.86,2026-03-08,2026-05-21,1.0,pagado_aproximadamente_completo
C000358,36616.44,Comparación de Precios,2023-04-10,works,Obra de rehabilitación vial,2,36616.44,36616.44,2023-04-25,2023-07-19,1.0,pagado_aproximadamente_completo
C002867,16640.37,Adjudicación Simplificada,2025-05-06,services,Servicio de limpieza y vigilancia,2,16640.37,16640.370000000003,2025-06-13,2025-07-07,1.0000000000000002,pagado_aproximadamente_completo
C003167,53499.82,Adjudicación Simplificada,2024-05-07,services,Servicio de capacitación,2,53499.82000000001,53499.82,2024-06-19,2024-07-23,1.0,pagado_aproximadamente_completo
C002942,53665.26,Adjudicación Simplificada,2026-06-11,goods,Adquisición de equipos informáticos,3,53665.26,53665.259999999995,2026-07-07,2026-08-07,0.9999999999999999,pagado_aproximadamente_completo
C000551,8832.74,Adjudicación Simplificada,2026-03-28,goods,Adquisición de bienes de oficina,3,8832.740000000002,8832.74,2026-04-15,2026-07-06,1.0,pagado_aproximadamente_completo
C003361,61126.21,Comparación de Precios,2023-10-26,services,Servicio de transporte,1,37575.88,37575.88,2023-11-08,2023-11-13,0.6147261542961685,pago_parcial
C003449,25225.4,Licitación Pública,2025-05-21,works,Obra de rehabilitación vial,1,25225.4,25225.4,2025-06-01,2025-06-29,1.0,pagado_aproximadamente_completo
C000014,375838.02,Comparación de Precios,2026-05-08,services,Consultoría en ingeniería,3,375838.02,375838.02,2026-05-30,2026-08-07,1.0,pagado_aproximadamente_completo
C002519,48248.51,Adjudicación Simplificada,2025-12-19,services,Consultoría en ingeniería,2,48248.51,48248.51,2026-01-11,2026-05-03,1.0,pagado_aproximadamente_completo
C003074,45919.11,Comparación de Precios,2024-07-02,goods,Adquisición de equipos informáticos,2,28002.809999999998,28002.81,2024-07-23,2024-08-30,0.6098291103638551,pago_parcial
C001497,38654.82,Comparación de Precios,2026-04-11,goods,Adquisición de bienes de oficina,1,18855.92,0.0,2026-04-24,,0.0,pendiente_sin_pago
C003072,62884.4,Comparación de Precios,2023-05-11,services,Servicio de mantenimiento de infraestructura,1,62884.4,62884.4,2023-05-16,2023-05-24,1.0,pagado_aproximadamente_completo
C000443,58219.88,Adjudicación Simplificada,2023-03-05,services,Servicio de capacitación,2,58219.880000000005,58219.880000000005,2023-03-10,2023-08-11,1.0000000000000002,pagado_aproximadamente_completo
C002129,101728.14,Comparación de Precios,2025-08-21,services,Servicio de limpieza y vigilancia,2,101728.14,101728.14,2025-09-30,2025-11-08,1.0,pagado_aproximadamente_completo
C001849,106268.74,Contratación Directa,2026-02-12,services,Servicio de limpieza y vigilancia,3,106268.74,106268.73999999999,2026-03-21,2026-05-02,0.9999999999999999,pagado_aproximadamente_completo
C001937,9554.5,Comparación de Precios,2023-12-16,services,Servicio de transporte,3,9554.5,9554.5,2023-12-28,2024-03-22,1.0,pagado_aproximadamente_completo
C002057,20784.43,Comparación de Precios,2025-08-12,goods,Adquisición de equipos informáticos,1,20784.43,20784.43,2025-09-07,2025-09-19,1.0,pagado_aproximadamente_completo
C002403,16697.2,Concurso Público,2024-01-13,goods,Adquisición de equipos informáticos,1,5958.8,0.0,2024-02-13,,0.0,pendiente_sin_pago
C000734,21013.25,Adjudicación Simplificada,2025-10-09,services,Servicio de limpieza y vigilancia,2,21013.25,21013.25,2025-10-15,2025-12-15,1.0,pagado_aproximadamente_completo
C002892,60446.24,Comparación de Precios,2024-03-11,goods,Adquisición de equipos informáticos,1,41334.32,41334.32,2024-04-13,2024-05-04,0.6838195394783861,pago_parcial
C001071,35276.12,Comparación de Precios,2023-05-17,goods,Adquisición de equipos informáticos,1,35276.12,35276.12,2023-06-17,2023-06-26,1.0,pagado_aproximadamente_completo
C700089,81238.66,Licitación Pública,2025-04-01,services,Servicio de capacitación,1,81238.66,81238.66,2025-04-29,2025-08-04,1.0,pagado_aproximadamente_completo
C002601,20048.25,Adjudicación Simplificada,2025-10-01,works,Obra de rehabilitación vial,3,20048.25,20048.25,2025-10-24,2025-12-26,1.0,pagado_aproximadamente_completo
C000761,14856.09,Comparación de Precios,2023-12-01,services,Servicio de transporte,2,14856.09,14856.09,2023-12-28,2024-01-24,1.0,pagado_aproximadamente_completo
C002665,1013803.0,Adjudicación Simplificada,2024-01-09,goods,Adquisición de materiales de construcción,1,1013803.0,1013803.0,2024-02-20,2024-03-06,1.0,pagado_aproximadamente_completo
C002096,30927.87,Adjudicación Simplificada,2025-03-27,goods,Adquisición de materiales de construcción,2,18224.34,18224.34,2025-05-06,2025-05-26,0.5892529941441167,pago_parcial
C002972,334537.82,Licitación Pública,2025-07-30,services,Servicio de transporte,1,284144.15,284144.15,2025-09-02,2025-10-02,0.8493633096550938,pago_parcial
C003254,48726.97,Concurso Público,2025-08-08,goods,Adquisición de bienes de oficina,1,24621.53,0.0,2025-08-26,,0.0,pendiente_sin_pago
C001467,51962.72,Adjudicación Simplificada,2023-01-22,services,Servicio de mantenimiento de infraestructura,2,51962.72,51962.72,2023-02-12,2023-05-10,1.0,pagado_aproximadamente_completo
C000017,45872.11,Licitación Pública,2023-05-28,services,Servicio de capacitación,1,45872.11,45872.11,2023-07-02,2023-07-26,1.0,pagado_aproximadamente_completo
C001558,38291.78,Concurso Público,2026-06-19,services,Servicio de transporte,3,38291.78,38291.78,2026-06-26,2026-08-07,1.0,pagado_aproximadamente_completo
C002567,158843.78,Adjudicación Simplificada,2023-09-29,services,Servicio de capacitación,2,158843.78,158843.78,2023-10-18,2024-01-26,1.0,pagado_aproximadamente_completo
C002369,34626.56,Adjudicación Simplificada,2024-06-23,goods,Adquisición de equipos informáticos,1,34626.56,34626.56,2024-07-24,2024-08-06,1.0,pagado_aproximadamente_completo
C700046,832461.73,Licitación Pública,2025-07-24,services,Servicio de transporte,1,656965.76,656965.76,2025-08-24,2025-08-26,0.7891843388404174,pago_parcial
C001494,15913.78,Adjudicación Simplificada,2023-06-08,services,Servicio de capacitación,2,12813.390000000001,12813.39,2023-07-09,2023-08-07,0.8051757659085396,pago_parcial
C001800,3304.38,Comparación de Precios,2023-03-17,goods,Adquisición de materiales de construcción,3,3304.38,3304.38,2023-04-07,2023-05-21,1.0,pagado_aproximadamente_completo
C003456,73994.75,Comparación de Precios,2026-01-30,services,Servicio de limpieza y vigilancia,3,73994.75,73994.75,2026-02-05,2026-05-13,1.0,pagado_aproximadamente_completo
C900058,210997.4,Comparación de Precios,2024-01-14,works,Obra de rehabilitación vial,3,210997.4,210997.4,2024-02-14,2024-04-22,1.0,pagado_aproximadamente_completo
C001236,167113.03,Contratación Directa,2026-06-08,services,Servicio de transporte,2,167113.03,167113.03,2026-06-21,2026-08-07,1.0,pagado_aproximadamente_completo
C002216,9054.82,Contratación Directa,2023-07-11,goods,Adquisición de materiales de construcción,3,9054.82,9054.82,2023-08-12,2023-10-21,1.0,pagado_aproximadamente_completo
C002641,26087.71,Licitación Pública,2025-03-15,services,Servicio de capacitación,2,26087.71,26087.71,2025-03-26,2025-04-19,1.0,pagado_aproximadamente_completo
C001840,19930.17,Comparación de Precios,2023-03-15,services,Servicio de transporte,2,19930.17,19930.170000000002,2023-03-21,2023-05-12,1.0000000000000002,pagado_aproximadamente_completo
C000196,134011.2,Adjudicación Simplificada,2025-12-17,goods,Suministro de combustible,2,100611.86000000002,100611.86,2026-01-31,2026-02-15,0.750772025024774,pago_parcial
C001022,57394.01,Adjudicación Simplificada,2024-09-06,goods,Adquisición de bienes de oficina,1,57394.01,57394.01,2024-10-10,2024-11-06,1.0,pagado_aproximadamente_completo
C001811,118237.29,Comparación de Precios,2023-11-15,goods,Adquisición de bienes de oficina,1,82192.78,0.0,2023-12-09,,0.0,pendiente_sin_pago
C001584,50478.66,Comparación de Precios,2025-06-24,services,Servicio de transporte,2,50478.66,50478.659999999996,2025-07-25,2025-08-20,0.9999999999999999,pagado_aproximadamente_completo
C001726,71013.8,Comparación de Precios,2024-04-07,goods,Adquisición de bienes de oficina,3,71013.79999999999,71013.79999999999,2024-04-21,2024-06-21,0.9999999999999998,pagado_aproximadamente_completo
C001047,32570.07,Contratación Directa,2023-11-09,services,Servicio de limpieza y vigilancia,1,32570.07,32570.07,2023-12-06,2023-12-24,1.0,pagado_aproximadamente_completo
C900041,218967.97,Contratación Directa,2026-06-15,goods,Adquisición de bienes de oficina,2,218967.97,218967.97,2026-06-25,2026-08-07,1.0,pagado_aproximadamente_completo
C002667,49546.34,Adjudicación Simplificada,2024-06-01,works,Obra de rehabilitación vial,1,49546.34,49546.34,2024-06-24,2024-08-26,1.0,pagado_aproximadamente_completo
C000402,40958.86,Comparación de Precios,2024-07-29,services,Consultoría en ingeniería,3,40958.86,40958.86,2024-08-16,2024-11-07,1.0,pagado_aproximadamente_completo
C002526,80812.67,Licitación Pública,2025-08-22,goods,Adquisición de bienes de oficina,3,80812.67,80812.67,2025-10-02,2025-11-03,1.0,pagado_aproximadamente_completo
C001114,20966.96,Adjudicación Simplificada,2025-12-05,goods,Adquisición de materiales de construcción,1,20966.96,20966.96,2025-12-18,2025-12-30,1.0,pagado_aproximadamente_completo
C001503,263084.32,Contratación Directa,2025-02-08,goods,Adquisición de equipos informáticos,1,263084.32,263084.32,2025-02-26,2025-03-17,1.0,pagado_aproximadamente_completo
C001490,10700.53,Licitación Pública,2024-06-04,services,Servicio de capacitación,1,5621.11,0.0,2024-07-11,,0.0,pendiente_sin_pago
C001983,,Comparación de Precios,2024-04-13,services,Servicio de capacitación,1,62185.65,62185.65,2024-05-03,2024-05-17,,sin_pago_o_sin_cuantia
C001110,136025.72,Adjudicación Simplificada,2023-04-23,goods,Adquisición de bienes de oficina,2,136025.72,136025.72,2023-05-02,2023-08-26,1.0,pagado_aproximadamente_completo
C001345,114063.9,,2026-06-16,goods,Suministro de combustible,2,114063.9,114063.90000000001,2026-07-12,2026-07-23,1.0000000000000002,pagado_aproximadamente_completo
C001023,47275.64,Adjudicación Simplificada,2024-07-13,services,Servicio de transporte,1,28057.99,0.0,2024-07-29,,0.0,pendiente_sin_pago
C000263,9154.6,Concurso Público,2023-08-25,goods,Adquisición de equipos informáticos,1,5213.36,0.0,2023-10-05,,0.0,pendiente_sin_pago
C000211,19983.5,Contratación Directa,2023-03-07,goods,Adquisición de equipos informáticos,2,19983.5,19983.5,2023-03-12,2023-04-12,1.0,pagado_aproximadamente_completo
C900062,87449.42,Contratación Directa,2024-07-18,goods,Adquisición de equipos informáticos,2,87449.42,87449.42,2024-07-24,2024-09-05,1.0,pagado_aproximadamente_completo
C002978,67094.65,Adjudicación Simplificada,2025-03-01,goods,Suministro de combustible,1,52221.72,0.0,2025-03-25,,0.0,pendiente_sin_pago
C002069,73748.64,Comparación de Precios,2023-12-23,services,Servicio de capacitación,2,73748.64,73748.64,2024-01-29,2024-02-18,1.0,pagado_aproximadamente_completo
C000927,204704.95,Adjudicación Simplificada,2025-05-16,goods,Suministro de combustible,2,204704.94999999998,204704.95,2025-05-21,2025-07-31,1.0,pagado_aproximadamente_completo
C002528,28931.3,Contratación Directa,2025-09-10,works,Obra de rehabilitación vial,3,28931.3,28931.3,2025-09-19,2025-11-26,1.0,pagado_aproximadamente_completo
C002943,188637.12,Licitación Pública,2025-06-13,goods,Suministro de combustible,1,188637.12,188637.12,2025-07-05,2025-09-11,1.0,pagado_aproximadamente_completo
C003189,95135.55,Licitación Pública,2023-10-07,services,Consultoría en ingeniería,3,95135.54999999999,95135.55,2023-11-04,2024-01-01,1.0,pagado_aproximadamente_completo
C001037,91715.57,Adjudicación Simplificada,2023-08-17,services,Consultoría en ingeniería,1,39771.8,0.0,2023-08-27,,0.0,pendiente_sin_pago
C000893,10761.73,Contratación Directa,2023-06-12,services,Servicio de mantenimiento de infraestructura,2,10761.73,10761.730000000001,2023-07-25,2023-08-15,1.0000000000000002,pagado_aproximadamente_completo
C000120,104668.03,Concurso Público,2025-06-09,goods,Adquisición de materiales de construcción,2,104668.03,104668.03,2025-07-24,2025-11-17,1.0,pagado_aproximadamente_completo
C001691,31210.35,Comparación de Precios,2023-02-28,services,Consultoría en ingeniería,2,31210.35,31210.35,2023-03-12,2023-05-07,1.0,pagado_aproximadamente_completo
C002310,32589.19,Adjudicación Simplificada,2023-10-08,goods,Adquisición de bienes de oficina,2,32589.190000000002,32589.190000000002,2023-11-02,2023-12-19,1.0000000000000002,pagado_aproximadamente_completo
C001480,104060.58,Adjudicación Simplificada,2025-08-28,services,Servicio de capacitación,3,104060.58,104060.58,2025-09-24,2025-11-29,1.0,pagado_aproximadamente_completo
C000315,40455.59,Adjudicación Simplificada,2025-09-08,services,Servicio de mantenimiento de infraestructura,2,40455.59,40455.590000000004,2025-10-06,2026-01-20,1.0000000000000002,pagado_aproximadamente_completo
C002256,,Contratación Directa,2025-12-11,goods,Adquisición de materiales de construcción,2,62185.65,62185.65,2025-12-26,2026-02-21,,sin_pago_o_sin_cuantia
C000052,30385.95,Comparación de Precios,2023-11-01,goods,Suministro de combustible,1,30385.95,30385.95,2023-12-11,2023-12-27,1.0,pagado_aproximadamente_completo
C002488,75978.12,Comparación de Precios,2026-05-08,goods,,2,75978.12,75978.12,2026-06-13,2026-07-08,1.0,pagado_aproximadamente_completo
C003165,38095.4,Licitación Pública,2023-03-23,works,Obra de rehabilitación vial,1,32517.14,32517.14,2023-04-28,2023-05-14,0.8535712973219863,pago_parcial
C002307,87621.08,Contratación Directa,2025-02-03,services,Servicio de limpieza y vigilancia,1,87621.08,87621.08,2025-03-04,2025-03-14,1.0,pagado_aproximadamente_completo
C000026,83116.25,Adjudicación Simplificada,2023-06-28,services,Consultoría en ingeniería,1,83116.25,83116.25,2023-07-17,2023-08-09,1.0,pagado_aproximadamente_completo
C001006,86042.19,Comparación de Precios,2023-01-07,services,Consultoría en ingeniería,3,86042.19,86042.19,2023-01-17,2023-03-16,1.0,pagado_aproximadamente_completo
C002772,63385.55,Comparación de Precios,2023-05-17,goods,Adquisición de equipos informáticos,3,63385.55,63385.55,2023-05-22,2023-08-18,1.0,pagado_aproximadamente_completo
C000948,38465.89,Concurso Público,2026-05-12,services,Servicio de capacitación,2,38465.89,38465.89,2026-06-14,2026-07-20,1.0,pagado_aproximadamente_completo
C003292,48303.21,Comparación de Precios,2025-02-07,services,Servicio de transporte,1,34162.46,0.0,2025-03-10,,0.0,pendiente_sin_pago
C000929,25628.88,Adjudicación Simplificada,2024-11-16,services,Servicio de mantenimiento de infraestructura,2,25628.88,25628.88,2024-11-30,2025-03-18,1.0,pagado_aproximadamente_completo
C003474,27136.25,Contratación Directa,2025-06-28,works,Obra de rehabilitación vial,2,27136.25,27136.25,2025-07-29,2025-08-14,1.0,pagado_aproximadamente_completo
C001061,71311.96,Contratación Directa,2023-11-17,works,Obra de rehabilitación vial,2,59108.61,59108.61,2023-12-02,2024-02-01,0.8288737260902659,pago_parcial
C900038,280647.2,Adjudicación Simplificada,2024-07-14,goods,Adquisición de materiales de construcción,2,280647.2,280647.2,2024-08-14,2024-09-14,1.0,pagado_aproximadamente_completo
C800022,131554.32,Concurso Público Abreviado,2026-04-28,services,Servicio de transporte,3,131554.32,131554.32,2026-06-08,2026-07-08,1.0,pagado_aproximadamente_completo
C003231,115652.73,Concurso Público,2024-08-19,services,Servicio de mantenimiento de infraestructura,2,115652.73000000001,115652.73,2024-08-25,2024-10-15,1.0,pagado_aproximadamente_completo
C003195,106082.25,Comparación de Precios,2026-03-22,services,Consultoría en ingeniería,3,106082.25,106082.25,2026-03-30,2026-05-29,1.0,pagado_aproximadamente_completo
C001263,76781.75,Adjudicación Simplificada,2025-03-04,works,Obra de rehabilitación vial,2,76781.75,76781.75,2025-03-29,2025-07-11,1.0,pagado_aproximadamente_completo
C000322,14966.32,Adjudicación Simplificada,2025-08-03,services,,2,10346.08,10346.08,2025-09-12,2025-10-13,0.6912908450440723,pago_parcial
C002382,34323.51,Contratación Directa,2024-02-04,goods,Adquisición de equipos informáticos,3,34323.51,34323.509999999995,2024-03-11,2024-04-02,0.9999999999999998,pagado_aproximadamente_completo
C002633,244629.08,Adjudicación Simplificada,2025-12-26,services,Servicio de capacitación,2,244629.08000000002,244629.08000000002,2026-01-12,2026-02-27,1.0000000000000002,pagado_aproximadamente_completo
C000805,28537.7,Adjudicación Simplificada,2023-06-13,services,Servicio de mantenimiento de infraestructura,2,28537.7,28537.7,2023-07-26,2023-08-17,1.0,pagado_aproximadamente_completo
C000149,28200.87,Comparación de Precios,2026-01-03,services,Servicio de capacitación,2,29675.73,29675.73,2026-01-19,2026-02-13,1.0522983865391387,sobrepago_senal_revisar
C003433,25887.36,Comparación de Precios,2026-05-01,goods,Adquisición de equipos informáticos,1,25887.36,25887.36,2026-05-31,2026-06-13,1.0,pagado_aproximadamente_completo
C003346,156153.39,,2023-10-11,goods,Adquisición de equipos informáticos,2,91623.33,91623.33,2023-10-22,2023-11-19,0.5867521031723999,pago_parcial
C002297,11674.55,Concurso Público,2025-10-05,works,Obra de rehabilitación vial,1,8380.74,0.0,2025-11-02,,0.0,pendiente_sin_pago
C001070,47350.05,Adjudicación Simplificada,2026-01-18,services,Servicio de mantenimiento de infraestructura,2,47350.049999999996,47350.05,2026-02-13,2026-03-12,1.0,pagado_aproximadamente_completo
C002522,18933.55,,2025-11-19,goods,Suministro de combustible,1,10484.46,10484.46,2026-01-02,2026-01-05,0.5537503532089861,pago_parcial
C000718,130461.01,Contratación Directa,2025-06-01,goods,Adquisición de materiales de construcción,1,81263.01,81263.01,2025-06-11,2025-06-17,0.6228911611216256,pago_parcial
C002164,35766.24,Licitación Pública,2024-09-30,services,Servicio de mantenimiento de infraestructura,3,35766.240000000005,35766.24,2024-10-21,2024-12-06,1.0,pagado_aproximadamente_completo
C001598,74696.35,Licitación Pública,2024-09-15,services,Servicio de mantenimiento de infraestructura,2,74696.35,74696.35,2024-10-28,2024-12-05,1.0,pagado_aproximadamente_completo
C700005,873586.2,Licitación Pública,2026-01-03,services,Servicio de capacitación,3,873586.2,873586.2,2026-02-05,2026-04-07,1.0,pagado_aproximadamente_completo
C000463,159465.89,Contratación Directa,2025-10-18,goods,Adquisición de bienes de oficina,2,159465.89,159465.89,2025-11-02,2026-03-22,1.0,pagado_aproximadamente_completo
C000240,18322.25,Comparación de Precios,2024-11-08,services,Servicio de transporte,3,18322.25,18322.25,2024-11-13,2025-02-10,1.0,pagado_aproximadamente_completo
C002885,447720.92,Comparación de Precios,2026-03-20,goods,Adquisición de bienes de oficina,1,447720.92,447720.92,2026-04-16,2026-04-29,1.0,pagado_aproximadamente_completo
C003244,79843.28,Adjudicación Simplificada,2023-10-15,services,Servicio de limpieza y vigilancia,2,79843.28,79843.28,2023-11-07,2024-02-13,1.0,pagado_aproximadamente_completo
C000033,271367.27,Comparación de Precios,2026-05-08,goods,Adquisición de materiales de construcción,1,271367.27,271367.27,2026-06-15,2026-08-07,1.0,pagado_aproximadamente_completo
C003071,19788.03,Adjudicación Simplificada,2024-05-24,goods,Adquisición de equipos informáticos,2,16860.09,16860.09,2024-06-19,2024-08-16,0.8520347907295471,pago_parcial
C000712,93173.82,Comparación de Precios,2023-02-16,goods,Adquisición de bienes de oficina,2,82550.53,82550.53,2023-03-21,2023-04-23,0.8859841745245606,pago_parcial
C000527,178199.67,Adjudicación Simplificada,2024-02-12,goods,Adquisición de equipos informáticos,1,178199.67,178199.67,2024-03-07,2024-03-18,1.0,pagado_aproximadamente_completo
C000184,83369.7,Adjudicación Simplificada,2025-08-10,services,Servicio de capacitación,2,83369.7,83369.7,2025-09-06,2025-10-19,1.0,pagado_aproximadamente_completo
C001565,40404.73,Contratación Directa,2024-08-30,services,Servicio de limpieza y vigilancia,3,40404.73,40404.729999999996,2024-10-05,2024-11-21,0.9999999999999998,pagado_aproximadamente_completo
C002419,77087.93,Adjudicación Simplificada,2023-08-21,services,Servicio de limpieza y vigilancia,1,27991.49,0.0,2023-08-27,,0.0,pendiente_sin_pago
C003479,34454.2,Adjudicación Simplificada,2025-10-16,goods,Suministro de combustible,1,29030.96,29030.96,2025-11-13,2025-12-06,0.8425956777403045,pago_parcial
C001720,135676.38,Comparación de Precios,2024-02-25,goods,Adquisición de equipos informáticos,1,100903.48,100903.48,2024-03-28,2024-04-03,0.7437070476084341,pago_parcial
C002159,418935.59,Adjudicación Simplificada,2026-03-05,services,Servicio de capacitación,3,418935.58999999997,418935.58999999997,2026-03-25,2026-06-09,0.9999999999999999,pagado_aproximadamente_completo
C001483,20053.38,Comparación de Precios,2024-08-13,goods,Suministro de combustible,2,20053.38,20053.379999999997,2024-09-16,2025-01-07,0.9999999999999998,pagado_aproximadamente_completo
C002921,58152.7,Licitación Pública,2023-10-29,services,Servicio de limpieza y vigilancia,2,58152.7,58152.7,2023-11-15,2024-01-04,1.0,pagado_aproximadamente_completo
C002355,95383.86,Comparación de Precios,2024-08-05,works,Obra de rehabilitación vial,2,95383.86,95383.86,2024-09-13,2024-10-01,1.0,pagado_aproximadamente_completo
C003137,18997.42,Comparación de Precios,2023-05-23,services,Servicio de mantenimiento de infraestructura,1,18997.42,18997.42,2023-06-02,2023-06-15,1.0,pagado_aproximadamente_completo
C001894,21383.5,Adjudicación Simplificada,2025-12-10,services,Consultoría en ingeniería,1,21383.5,21383.5,2026-01-08,2026-01-12,1.0,pagado_aproximadamente_completo
C002293,93879.3,Adjudicación Simplificada,2023-10-29,services,Consultoría en ingeniería,1,93879.3,93879.3,2023-11-15,2024-01-20,1.0,pagado_aproximadamente_completo
C001414,113713.0,Licitación Pública,2025-09-30,services,Servicio de capacitación,1,113713.0,113713.0,2025-10-08,2025-12-07,1.0,pagado_aproximadamente_completo
C002700,112865.59,Adjudicación Simplificada,2026-01-14,works,Obra de rehabilitación vial,2,112865.59,112865.59,2026-01-25,2026-03-17,1.0,pagado_aproximadamente_completo
C001001,17034.85,Comparación de Precios,2024-05-14,services,Servicio de capacitación,2,17034.85,17034.85,2024-05-24,2024-09-21,1.0,pagado_aproximadamente_completo
C002404,66223.03,Adjudicación Simplificada,2025-04-19,goods,Suministro de combustible,3,66223.03,66223.03,2025-05-27,2025-07-25,1.0,pagado_aproximadamente_completo
C002003,22170.42,Concurso Público,2024-11-26,goods,Adquisición de equipos informáticos,2,22170.42,22170.42,2024-12-20,2025-02-08,1.0,pagado_aproximadamente_completo
C000070,116492.86,Licitación Pública,2026-01-13,services,Servicio de transporte,2,116492.86,116492.86,2026-02-15,2026-03-02,1.0,pagado_aproximadamente_completo
C001956,120849.69,Comparación de Precios,2023-06-30,services,Consultoría en ingeniería,1,120849.69,120849.69,2023-07-23,2023-08-10,1.0,pagado_aproximadamente_completo
C001831,49242.62,Adjudicación Simplificada,2025-12-03,services,Consultoría en ingeniería,1,49242.62,49242.62,2026-01-14,2026-02-02,1.0,pagado_aproximadamente_completo
C700036,673328.68,Licitación Pública,2024-08-06,goods,Adquisición de equipos informáticos,3,673328.6799999999,673328.6799999999,2024-09-15,2024-10-19,0.9999999999999998,pagado_aproximadamente_completo
C000807,116797.6,Comparación de Precios,2025-04-08,services,Servicio de mantenimiento de infraestructura,2,116797.6,116797.6,2025-04-25,2025-06-17,1.0,pagado_aproximadamente_completo
C001593,1613399.67,Concurso Público,2023-02-02,works,Obra de rehabilitación vial,3,1613399.67,1613399.67,2023-03-09,2023-04-21,1.0,pagado_aproximadamente_completo
C003018,28683.24,Concurso Público,2026-01-12,goods,Suministro de combustible,1,28683.24,28683.24,2026-02-11,2026-02-28,1.0,pagado_aproximadamente_completo
C002172,155314.11,Comparación de Precios,2024-02-24,services,Servicio de transporte,1,155314.11,155314.11,2024-04-06,2024-06-12,1.0,pagado_aproximadamente_completo
C002634,56981.72,Contratación Directa,2023-05-06,goods,Suministro de combustible,3,56981.719999999994,56981.72,2023-06-11,2023-07-19,1.0,pagado_aproximadamente_completo
C000670,301336.37,Licitación Pública,2023-07-06,goods,Adquisición de bienes de oficina,1,259458.73,259458.73,2023-08-01,2023-08-09,0.8610269314653256,pago_parcial
C000410,71013.49,Adjudicación Simplificada,2023-11-13,goods,Adquisición de equipos informáticos,1,71013.49,71013.49,2023-12-28,2024-01-16,1.0,pagado_aproximadamente_completo
C002406,119361.22,Contratación Directa,2026-05-27,services,Servicio de limpieza y vigilancia,1,119361.22,119361.22,2026-07-11,2026-07-19,1.0,pagado_aproximadamente_completo
C001360,441735.19,Licitación Pública,2023-02-17,services,Servicio de mantenimiento de infraestructura,1,441735.19,441735.19,2023-03-25,2023-06-22,1.0,pagado_aproximadamente_completo
C002117,22494.7,Concurso Público,2025-10-19,goods,Adquisición de bienes de oficina,1,19068.28,19068.28,2025-10-25,2025-11-16,0.8476787865586115,pago_parcial
C003019,47152.92,Adjudicación Simplificada,2024-02-27,works,Obra de rehabilitación vial,1,47152.92,47152.92,2024-03-25,2024-04-20,1.0,pagado_aproximadamente_completo
C001839,21917.76,Adjudicación Simplificada,2025-03-23,services,Servicio de mantenimiento de infraestructura,2,19334.850000000002,19334.85,2025-04-01,2025-05-24,0.8821544719898384,pago_parcial
C000605,158023.33,Comparación de Precios,2026-01-13,goods,Suministro de combustible,2,158023.33,158023.33000000002,2026-02-06,2026-03-08,1.0000000000000002,pagado_aproximadamente_completo
C001221,32210.45,Adjudicación Simplificada,2026-06-18,works,Obra de rehabilitación vial,2,32210.449999999997,32210.449999999997,2026-07-12,2026-08-07,0.9999999999999999,pagado_aproximadamente_completo
C000937,128821.62,Comparación de Precios,2026-05-08,goods,Adquisición de materiales de construcción,1,128821.62,128821.62,2026-05-19,2026-06-04,1.0,pagado_aproximadamente_completo
C002174,91538.24,Adjudicación Simplificada,2024-10-08,services,Servicio de capacitación,2,91538.24,91538.24,2024-10-23,2024-12-17,1.0,pagado_aproximadamente_completo
C700044,686455.87,Licitación Pública,2026-06-26,services,Servicio de transporte,3,686455.87,686455.87,2026-07-10,2026-08-07,1.0,pagado_aproximadamente_completo
C000170,393239.8,Adjudicación Simplificada,2024-07-30,goods,Adquisición de bienes de oficina,3,393239.8,393239.80000000005,2024-08-12,2024-10-18,1.0000000000000002,pagado_aproximadamente_completo
C000538,96784.4,Comparación de Precios,2024-06-03,goods,Adquisición de equipos informáticos,1,64021.36,0.0,2024-07-11,,0.0,pendiente_sin_pago
C000802,827765.28,Comparación de Precios,2024-09-29,works,Obra de rehabilitación vial,2,827765.28,827765.28,2024-11-06,2024-11-19,1.0,pagado_aproximadamente_completo
C001340,252696.17,Adjudicación Simplificada,2026-06-21,goods,Suministro de combustible,2,269951.39,269951.39,2026-07-03,2026-08-01,1.0682844540144791,sobrepago_senal_revisar
C001681,87338.52,Adjudicación Simplificada,2023-01-10,works,Obra de rehabilitación vial,1,87338.52,87338.52,2023-02-09,2023-02-14,1.0,pagado_aproximadamente_completo
C000188,112860.79,Adjudicación Simplificada,2024-03-12,works,Obra de rehabilitación vial,1,118473.97,118473.97,2024-04-03,2024-04-26,1.0497354307018407,sobrepago_senal_revisar
C000387,365460.89,Adjudicación Simplificada,2024-09-22,goods,Suministro de combustible,1,365460.89,365460.89,2024-09-27,2024-10-11,1.0,pagado_aproximadamente_completo
C000012,35261.98,Contratación Directa,2023-06-01,works,Obra de rehabilitación vial,1,35261.98,35261.98,2023-07-10,2023-09-23,1.0,pagado_aproximadamente_completo
C000299,32328.58,Adjudicación Simplificada,2023-07-08,goods,Adquisición de materiales de construcción,1,32328.58,32328.58,2023-08-17,2023-09-01,1.0,pagado_aproximadamente_completo
C002319,14588.77,Concurso Público,2026-03-25,services,Servicio de capacitación,1,14588.77,14588.77,2026-04-20,2026-05-01,1.0,pagado_aproximadamente_completo
C000478,34664.18,Concurso Público,2024-06-20,goods,Suministro de combustible,2,34664.18,34664.18,2024-07-16,2024-09-15,1.0,pagado_aproximadamente_completo
C001624,94866.38,Comparación de Precios,2025-02-08,services,Consultoría en ingeniería,2,94866.38,94866.38,2025-03-09,2025-05-01,1.0,pagado_aproximadamente_completo
C000366,119105.05,Comparación de Precios,2024-09-06,goods,Adquisición de equipos informáticos,3,119105.04999999999,119105.05,2024-09-27,2024-11-18,1.0,pagado_aproximadamente_completo
C700082,118634.9,Licitación Pública,2026-05-10,goods,Adquisición de materiales de construcción,1,118634.9,118634.9,2026-06-04,2026-06-11,1.0,pagado_aproximadamente_completo
C700001,857630.85,Adjudicación Simplificada,2024-04-29,services,Servicio de capacitación,1,528154.99,0.0,2024-06-10,,0.0,pendiente_sin_pago
C002748,17733.25,Adjudicación Simplificada,2023-12-20,services,,3,17733.25,17733.25,2024-01-04,2024-03-24,1.0,pagado_aproximadamente_completo
C000368,78734.95,Licitación Pública,2024-04-12,services,Servicio de mantenimiento de infraestructura,3,78734.95,78734.95,2024-05-18,2024-06-20,1.0,pagado_aproximadamente_completo
C700076,807416.94,Licitación Pública,2026-01-25,works,Obra de rehabilitación vial,2,807416.94,807416.9400000001,2026-03-08,2026-04-12,1.0000000000000002,pagado_aproximadamente_completo
C003111,102765.81,Adjudicación Simplificada,2024-05-02,goods,Adquisición de equipos informáticos,3,102765.81,102765.81,2024-05-28,2024-07-08,1.0,pagado_aproximadamente_completo
C001611,24951.75,Adjudicación Simplificada,2026-02-20,services,Servicio de transporte,2,24951.75,24951.75,2026-03-14,2026-04-03,1.0,pagado_aproximadamente_completo
C700022,787476.36,Concurso Público,2024-03-12,services,Servicio de transporte,1,787476.36,787476.36,2024-03-18,2024-03-22,1.0,pagado_aproximadamente_completo
C001754,49485.63,Comparación de Precios,2023-02-27,services,Servicio de limpieza y vigilancia,1,30179.56,0.0,2023-04-04,,0.0,pendiente_sin_pago
C000752,44214.07,Adjudicación Simplificada,2023-12-24,works,Obra de rehabilitación vial,1,44214.07,44214.07,2024-02-06,2024-05-07,1.0,pagado_aproximadamente_completo
C001798,15005.22,,2023-09-24,services,Servicio de mantenimiento de infraestructura,1,15005.22,15005.22,2023-11-06,2023-11-14,1.0,pagado_aproximadamente_completo
C700086,323520.09,Licitación Pública,2025-02-27,goods,Adquisición de materiales de construcción,3,323520.08999999997,323520.09,2025-03-11,2025-06-15,1.0,pagado_aproximadamente_completo
C000879,22817.01,Adjudicación Simplificada,2026-01-08,services,Servicio de transporte,1,22817.01,22817.01,2026-02-17,2026-03-03,1.0,pagado_aproximadamente_completo
C000134,321842.19,Comparación de Precios,2023-07-31,services,Servicio de limpieza y vigilancia,3,321842.19,321842.19,2023-08-23,2023-10-18,1.0,pagado_aproximadamente_completo
C002661,214657.11,Adjudicación Simplificada,2026-06-23,goods,Adquisición de bienes de oficina,1,214657.11,214657.11,2026-07-02,2026-07-25,1.0,pagado_aproximadamente_completo
C002091,132901.69,Adjudicación Simplificada,2024-01-12,goods,Adquisición de equipos informáticos,3,132901.69,132901.69,2024-01-22,2024-04-13,1.0,pagado_aproximadamente_completo
C000229,59240.54,Licitación Pública,2025-05-13,goods,Adquisición de equipos informáticos,3,59240.54,59240.53999999999,2025-06-11,2025-08-14,0.9999999999999999,pagado_aproximadamente_completo
C003488,423847.13,Licitación Pública,2023-05-25,goods,Adquisición de equipos informáticos,1,218807.88,0.0,2023-07-07,,0.0,pendiente_sin_pago
C000439,21009.14,Contratación Directa,2025-10-16,works,Obra de rehabilitación vial,3,21009.14,21009.14,2025-10-23,2025-12-26,1.0,pagado_aproximadamente_completo
C000621,14669.11,Adjudicación Simplificada,2026-06-20,services,Servicio de capacitación,2,14669.11,14669.11,2026-07-02,2026-08-07,1.0,pagado_aproximadamente_completo
C002031,94091.37,Adjudicación Simplificada,2024-09-16,services,Servicio de mantenimiento de infraestructura,1,55308.17,0.0,2024-10-15,,0.0,pendiente_sin_pago
C003285,33515.41,Adjudicación Simplificada,2025-06-20,goods,Adquisición de equipos informáticos,1,33515.41,33515.41,2025-06-28,2025-07-06,1.0,pagado_aproximadamente_completo
C003138,38249.06,Adjudicación Simplificada,2025-10-10,goods,Suministro de combustible,1,38249.06,38249.06,2025-11-11,2025-11-27,1.0,pagado_aproximadamente_completo
C002045,2452.13,Contratación Directa,2023-03-07,goods,Suministro de combustible,2,1925.22,1925.2199999999998,2023-04-18,2023-05-06,0.7851215066085402,pago_parcial
C001175,226358.03,Comparación de Precios,2023-12-27,services,Servicio de mantenimiento de infraestructura,2,153003.09,153003.09,2024-01-05,2024-02-08,0.6759340059639147,pago_parcial
C001613,16938.18,Licitación Pública,2024-11-22,goods,Adquisición de materiales de construcción,1,16938.18,16938.18,2024-12-19,2024-12-30,1.0,pagado_aproximadamente_completo
C001563,27972.19,Adjudicación Simplificada,2024-05-06,goods,Suministro de combustible,2,27972.19,27972.190000000002,2024-06-19,2024-06-30,1.0000000000000002,pagado_aproximadamente_completo
C002597,216473.54,,2026-06-23,services,Servicio de limpieza y vigilancia,1,216473.54,216473.54,2026-07-03,2026-07-23,1.0,pagado_aproximadamente_completo
C002541,53048.0,Licitación Pública,2025-06-28,services,Servicio de transporte,1,53048.0,53048.0,2025-07-30,2025-08-14,1.0,pagado_aproximadamente_completo
C002118,40418.03,Comparación de Precios,2025-03-22,goods,Adquisición de equipos informáticos,3,40418.03,40418.03,2025-04-30,2025-06-15,1.0,pagado_aproximadamente_completo
C001011,142728.95,Concurso Público,2024-07-09,services,Servicio de limpieza y vigilancia,1,60261.13,0.0,2024-08-19,,0.0,pendiente_sin_pago
C001171,89083.4,Comparación de Precios,2026-03-24,goods,Adquisición de materiales de construcción,1,89083.4,89083.4,2026-04-16,2026-07-17,1.0,pagado_aproximadamente_completo
C002865,218875.51,Contratación Directa,2025-08-11,goods,Suministro de combustible,1,218875.51,218875.51,2025-08-28,2025-09-21,1.0,pagado_aproximadamente_completo
C002471,417751.45,Contratación Directa,2023-11-12,services,Consultoría en ingeniería,3,417751.44999999995,417751.45,2023-11-28,2024-01-22,1.0,pagado_aproximadamente_completo
C002221,47971.39,Adjudicación Simplificada,2023-01-14,goods,Adquisición de equipos informáticos,1,29643.27,29643.27,2023-02-06,2023-02-09,0.6179364408661079,pago_parcial
C000486,63318.91,Adjudicación Simplificada,2023-05-24,services,Servicio de transporte,1,63318.91,63318.91,2023-06-15,2023-06-19,1.0,pagado_aproximadamente_completo
C700009,270405.8,Adjudicación Simplificada,2025-03-24,services,Servicio de capacitación,3,270405.8,270405.8,2025-04-17,2025-05-28,1.0,pagado_aproximadamente_completo
C700027,282324.17,Licitación Pública,2024-01-11,works,Obra de rehabilitación vial,2,282324.17,282324.17,2024-02-13,2024-03-20,1.0,pagado_aproximadamente_completo
C000051,137244.47,Licitación Pública,2025-11-12,works,Obra de rehabilitación vial,1,104660.61,104660.61,2025-12-18,2025-12-29,0.7625852611766434,pago_parcial
C002637,106075.61,Adjudicación Simplificada,2024-10-23,goods,Suministro de combustible,2,106075.61,106075.61000000002,2024-11-20,2024-12-24,1.0000000000000002,pagado_aproximadamente_completo
C001052,25590.48,Contratación Directa,2023-03-15,goods,Adquisición de equipos informáticos,2,25590.48,25590.48,2023-04-11,2023-04-28,1.0,pagado_aproximadamente_completo
C000501,45537.71,Comparación de Precios,2026-02-12,works,Obra de rehabilitación vial,3,45537.71,45537.71,2026-03-05,2026-04-27,1.0,pagado_aproximadamente_completo
C001295,57834.67,Concurso Público,2026-05-21,goods,Adquisición de equipos informáticos,3,57834.67,57834.67,2026-06-03,2026-08-07,1.0,pagado_aproximadamente_completo
C000270,10580.74,Licitación Pública,2024-07-21,goods,Adquisición de materiales de construcción,2,10580.740000000002,10580.74,2024-08-30,2024-10-08,1.0,pagado_aproximadamente_completo
C003006,141997.36,Contratación Directa,2025-06-22,goods,Adquisición de equipos informáticos,3,141997.36000000002,141997.36000000002,2025-08-05,2025-09-20,1.0000000000000002,pagado_aproximadamente_completo
C001213,22344.69,Licitación Pública,2025-09-27,goods,Adquisición de equipos informáticos,2,22344.690000000002,22344.69,2025-11-09,2025-12-03,1.0,pagado_aproximadamente_completo
C000857,14268.05,Comparación de Precios,2026-06-04,goods,Adquisición de equipos informáticos,2,14268.050000000001,14268.050000000001,2026-06-27,2026-07-19,1.0000000000000002,pagado_aproximadamente_completo
C001765,40661.52,Comparación de Precios,2023-06-10,works,Obra de rehabilitación vial,2,33207.47,33207.47,2023-07-03,2023-07-20,0.8166804880880008,pago_parcial
C002115,18614.16,Licitación Pública,2026-02-15,services,Servicio de mantenimiento de infraestructura,1,12610.5,12610.5,2026-03-22,2026-04-05,0.6774681210433348,pago_parcial
C002784,15488.23,Comparación de Precios,2024-07-30,goods,Adquisición de materiales de construcción,2,15488.23,15488.23,2024-08-31,2024-09-27,1.0,pagado_aproximadamente_completo
C001018,34898.94,Comparación de Precios,2024-12-04,goods,Adquisición de bienes de oficina,1,34898.94,34898.94,2024-12-25,2025-01-05,1.0,pagado_aproximadamente_completo
C000183,124939.27,Concurso Público,2026-06-12,goods,Suministro de combustible,3,124939.27,124939.26999999999,2026-07-02,2026-08-07,0.9999999999999999,pagado_aproximadamente_completo
C002287,37365.72,Contratación Directa,2024-09-03,goods,Adquisición de bienes de oficina,1,37365.72,37365.72,2024-10-03,2024-10-30,1.0,pagado_aproximadamente_completo
C003317,100031.61,Concurso Público,2024-09-07,goods,Adquisición de equipos informáticos,3,100031.61,100031.61,2024-09-13,2024-11-18,1.0,pagado_aproximadamente_completo
C002615,,Concurso Público,2026-04-10,services,Servicio de limpieza y vigilancia,3,62185.649999999994,62185.649999999994,2026-05-01,2026-06-10,,sin_pago_o_sin_cuantia
C001222,134873.99,Adjudicación Simplificada,2026-02-01,services,Consultoría en ingeniería,2,134873.99,134873.99,2026-03-08,2026-04-02,1.0,pagado_aproximadamente_completo
C000139,17148.82,Licitación Pública,2023-06-18,works,Obra de rehabilitación vial,1,17148.82,17148.82,2023-06-28,2023-10-01,1.0,pagado_aproximadamente_completo
C002251,126147.48,Licitación Pública,2023-02-19,goods,Adquisición de bienes de oficina,2,126147.48000000001,126147.48,2023-03-20,2023-04-25,1.0,pagado_aproximadamente_completo
C000599,8816.98,Contratación Directa,2023-02-16,services,Consultoría en ingeniería,1,8816.98,8816.98,2023-03-07,2023-05-20,1.0,pagado_aproximadamente_completo
C001242,48234.4,Comparación de Precios,2024-04-30,goods,Adquisición de bienes de oficina,2,48234.399999999994,48234.399999999994,2024-06-06,2024-07-06,0.9999999999999999,pagado_aproximadamente_completo
C003425,92067.32,Adjudicación Simplificada,2024-06-12,services,Consultoría en ingeniería,2,92067.32,92067.32,2024-06-19,2024-08-12,1.0,pagado_aproximadamente_completo
C700070,788454.79,Licitación Pública,2025-02-18,services,Servicio de mantenimiento de infraestructura,3,788454.79,788454.79,2025-03-10,2025-05-16,1.0,pagado_aproximadamente_completo
C002181,29685.43,Comparación de Precios,2023-12-15,services,Servicio de mantenimiento de infraestructura,1,29685.43,29685.43,2024-01-27,2024-02-04,1.0,pagado_aproximadamente_completo
C000438,29324.56,Licitación Pública,2023-06-20,goods,Suministro de combustible,1,29324.56,29324.56,2023-07-01,2023-07-14,1.0,pagado_aproximadamente_completo
C001616,44816.67,Adjudicación Simplificada,2023-07-14,services,Consultoría en ingeniería,1,31214.54,31214.54,2023-08-19,2023-09-07,0.6964939608409103,pago_parcial
C001159,47546.49,Comparación de Precios,2023-07-05,goods,Adquisición de bienes de oficina,1,47546.49,47546.49,2023-07-20,2023-07-23,1.0,pagado_aproximadamente_completo
C000144,31950.21,Adjudicación Simplificada,2024-10-25,goods,Adquisición de bienes de oficina,2,24180.82,24180.82,2024-11-15,2024-12-13,0.7568282023811425,pago_parcial
C003204,151243.43,Comparación de Precios,2023-01-13,goods,Adquisición de bienes de oficina,2,151243.43,151243.43,2023-01-19,2023-02-28,1.0,pagado_aproximadamente_completo
C003158,25295.93,Adjudicación Simplificada,2024-11-17,works,Obra de rehabilitación vial,1,25295.93,25295.93,2024-12-24,2025-03-16,1.0,pagado_aproximadamente_completo
C000298,26649.18,Comparación de Precios,2025-08-16,goods,Adquisición de materiales de construcción,2,26649.18,26649.18,2025-09-29,2025-10-26,1.0,pagado_aproximadamente_completo
C001621,195458.9,Comparación de Precios,2025-12-25,services,Consultoría en ingeniería,2,195458.9,195458.9,2026-01-20,2026-03-11,1.0,pagado_aproximadamente_completo
C000457,60921.09,Comparación de Precios,2026-04-27,goods,,1,60921.09,60921.09,2026-05-16,2026-05-29,1.0,pagado_aproximadamente_completo
C003160,21216.55,Comparación de Precios,2026-03-20,goods,Adquisición de bienes de oficina,1,14132.8,0.0,2026-04-15,,0.0,pendiente_sin_pago
C003125,81196.63,Licitación Pública,2025-10-17,goods,,3,81196.63,81196.63,2025-10-26,2025-12-13,1.0,pagado_aproximadamente_completo
C001777,14110.93,Comparación de Precios,2023-02-26,services,Servicio de limpieza y vigilancia,3,14110.93,14110.93,2023-03-25,2023-05-06,1.0,pagado_aproximadamente_completo
C001979,73435.88,Adjudicación Simplificada,2024-02-24,services,Servicio de transporte,1,73435.88,73435.88,2024-03-08,2024-03-14,1.0,pagado_aproximadamente_completo
C000251,48144.92,Adjudicación Simplificada,2025-05-18,works,Obra de rehabilitación vial,1,31932.2,0.0,2025-06-13,,0.0,pendiente_sin_pago
C001234,142141.52,,2025-08-25,services,Servicio de transporte,1,142141.52,142141.52,2025-09-22,2025-10-10,1.0,pagado_aproximadamente_completo
C000655,41212.05,Adjudicación Simplificada,2025-04-10,services,Servicio de mantenimiento de infraestructura,1,24817.51,24817.51,2025-04-26,2025-05-22,0.6021906214323237,pago_parcial
C000291,53411.97,Adjudicación Simplificada,2025-09-24,goods,Adquisición de materiales de construcción,2,53411.969999999994,53411.97,2025-10-20,2026-01-19,1.0,pagado_aproximadamente_completo
C001877,61555.14,Adjudicación Simplificada,2024-11-07,services,Servicio de capacitación,3,61555.14,61555.14,2024-12-18,2025-02-09,1.0,pagado_aproximadamente_completo
C002623,30619.96,Contratación Directa,2023-02-06,services,Consultoría en ingeniería,2,23893.949999999997,23893.95,2023-03-08,2023-04-04,0.780339033754453,pago_parcial
C000279,43304.65,Concurso Público,2024-03-29,goods,Suministro de combustible,1,43304.65,43304.65,2024-04-19,2024-05-11,1.0,pagado_aproximadamente_completo
C003037,10503.43,Adjudicación Simplificada,2023-09-03,services,Servicio de limpieza y vigilancia,2,10503.43,10503.43,2023-10-13,2023-11-02,1.0,pagado_aproximadamente_completo
C002628,39678.83,Comparación de Precios,2024-06-05,services,Servicio de limpieza y vigilancia,1,39678.83,39678.83,2024-06-18,2024-06-25,1.0,pagado_aproximadamente_completo
C003011,43833.5,Adjudicación Simplificada,2025-08-01,goods,Adquisición de bienes de oficina,2,43833.5,43833.5,2025-09-02,2025-10-20,1.0,pagado_aproximadamente_completo
C001426,22985.23,Contratación Directa,2024-07-13,services,Servicio de capacitación,1,16739.94,16739.94,2024-07-31,2024-08-14,0.7282911678499627,pago_parcial
C000325,14446.92,Adjudicación Simplificada,2023-08-10,goods,Adquisición de materiales de construcción,2,14446.919999999998,14446.92,2023-09-12,2023-10-16,1.0,pagado_aproximadamente_completo
C000736,,Adjudicación Simplificada,2024-03-09,goods,Suministro de combustible,2,62185.65,62185.65,2024-03-17,2024-05-26,,sin_pago_o_sin_cuantia
C002577,39651.87,Adjudicación Simplificada,2025-11-03,goods,Adquisición de equipos informáticos,1,39651.87,39651.87,2025-11-15,2025-11-28,1.0,pagado_aproximadamente_completo
C000534,9892.39,Licitación Pública,2024-03-28,services,Servicio de mantenimiento de infraestructura,2,9892.39,9892.39,2024-04-23,2024-05-30,1.0,pagado_aproximadamente_completo
C000842,18329.02,Comparación de Precios,2026-05-08,services,Servicio de mantenimiento de infraestructura,2,18329.02,18329.02,2026-06-18,2026-08-03,1.0,pagado_aproximadamente_completo
C700021,687690.31,Licitación Pública,2025-11-20,services,Servicio de transporte,2,687690.31,687690.31,2025-12-10,2026-01-10,1.0,pagado_aproximadamente_completo
C000838,5801.22,Adjudicación Simplificada,2024-09-26,goods,Adquisición de materiales de construcción,1,5801.22,5801.22,2024-10-20,2025-01-30,1.0,pagado_aproximadamente_completo
C001068,142653.91,Licitación Pública,2023-10-28,services,Servicio de capacitación,2,142653.91,142653.91,2023-11-23,2023-12-22,1.0,pagado_aproximadamente_completo
C002881,32531.0,Adjudicación Simplificada,2024-12-04,goods,Adquisición de equipos informáticos,3,32531.0,32531.0,2024-12-21,2025-03-22,1.0,pagado_aproximadamente_completo
C002576,120281.85,Comparación de Precios,2026-02-20,services,Consultoría en ingeniería,3,120281.85,120281.84999999999,2026-03-18,2026-05-02,0.9999999999999999,pagado_aproximadamente_completo
C001778,214865.25,Adjudicación Simplificada,2025-08-21,services,Consultoría en ingeniería,1,214865.25,214865.25,2025-08-27,2025-11-04,1.0,pagado_aproximadamente_completo
C003487,163481.7,Contratación Directa,2023-01-04,works,Obra de rehabilitación vial,2,163481.7,163481.7,2023-02-06,2023-03-01,1.0,pagado_aproximadamente_completo
C000076,84511.7,Concurso Público,2024-08-18,works,Obra de rehabilitación vial,2,84511.7,84511.7,2024-09-20,2024-11-02,1.0,pagado_aproximadamente_completo
C001334,21949.96,Comparación de Precios,2023-09-12,goods,Suministro de combustible,1,14843.53,14843.53,2023-09-18,2023-09-27,0.676244056936778,pago_parcial
C000414,35213.27,Contratación Directa,2025-10-01,goods,Suministro de combustible,1,35213.27,35213.27,2025-10-29,2025-11-21,1.0,pagado_aproximadamente_completo
C001952,37137.21,Adjudicación Simplificada,2023-12-03,goods,Adquisición de materiales de construcción,1,30177.04,30177.04,2023-12-31,2024-01-20,0.8125823129955104,pago_parcial
C001117,133491.88,Contratación Directa,2023-01-05,services,Servicio de capacitación,2,133491.88,133491.88,2023-01-28,2023-03-08,1.0,pagado_aproximadamente_completo
C001313,81958.24,,2023-05-19,goods,Adquisición de bienes de oficina,3,81958.23999999999,81958.23999999999,2023-06-26,2023-08-23,0.9999999999999998,pagado_aproximadamente_completo
C001116,45580.62,Adjudicación Simplificada,2024-07-23,services,Servicio de mantenimiento de infraestructura,2,45580.619999999995,45580.62,2024-08-27,2024-12-13,1.0,pagado_aproximadamente_completo
C002022,49041.05,Comparación de Precios,2025-10-01,goods,Adquisición de bienes de oficina,2,49041.05,49041.05,2025-10-28,2025-11-21,1.0,pagado_aproximadamente_completo
C001509,350959.23,Adjudicación Simplificada,2023-03-28,services,Servicio de transporte,2,350959.23,350959.23,2023-04-15,2023-06-03,1.0,pagado_aproximadamente_completo
C002149,37215.76,Licitación Pública,2026-04-18,services,Consultoría en ingeniería,2,39389.19,39389.19,2026-05-11,2026-07-07,1.0584007957918904,sobrepago_senal_revisar
C000495,18302.91,Comparación de Precios,2025-08-18,services,Consultoría en ingeniería,2,18302.91,18302.91,2025-08-30,2025-10-22,1.0,pagado_aproximadamente_completo
C000321,5742.54,Comparación de Precios,2023-10-29,goods,Adquisición de bienes de oficina,1,5742.54,5742.54,2023-12-01,2023-12-18,1.0,pagado_aproximadamente_completo
C000450,109202.51,Comparación de Precios,2023-11-29,services,Servicio de mantenimiento de infraestructura,1,109202.51,109202.51,2023-12-23,2024-01-10,1.0,pagado_aproximadamente_completo
C003276,48591.4,Adjudicación Simplificada,2026-02-18,goods,Adquisición de bienes de oficina,3,48591.4,48591.4,2026-03-12,2026-04-23,1.0,pagado_aproximadamente_completo
C900066,280644.98,Contratación Directa,2024-09-23,works,Obra de rehabilitación vial,1,280644.98,280644.98,2024-10-19,2024-10-29,1.0,pagado_aproximadamente_completo
C000124,23792.21,Adjudicación Simplificada,2024-03-01,services,Servicio de limpieza y vigilancia,3,23792.21,23792.21,2024-04-04,2024-05-18,1.0,pagado_aproximadamente_completo
C000314,28894.01,Contratación Directa,2025-11-30,goods,Adquisición de materiales de construcción,3,28894.010000000002,28894.01,2025-12-12,2026-02-24,1.0,pagado_aproximadamente_completo
C000810,54134.24,Adjudicación Simplificada,2025-10-15,works,Obra de rehabilitación vial,2,54134.240000000005,54134.240000000005,2025-11-18,2025-12-16,1.0000000000000002,pagado_aproximadamente_completo
C000305,29293.57,Comparación de Precios,2023-10-29,services,Servicio de limpieza y vigilancia,1,29293.57,29293.57,2023-12-13,2024-01-03,1.0,pagado_aproximadamente_completo
C001074,71706.4,Comparación de Precios,2024-09-17,services,Servicio de mantenimiento de infraestructura,1,49691.05,49691.05,2024-10-21,2024-10-26,0.6929792877623198,pago_parcial
C001041,82855.36,Adjudicación Simplificada,2024-05-18,works,,1,82855.36,82855.36,2024-06-20,2024-06-24,1.0,pagado_aproximadamente_completo
C000408,44059.78,Adjudicación Simplificada,2024-06-12,services,Consultoría en ingeniería,1,27971.03,27971.03,2024-06-23,2024-07-01,0.6348427068859627,pago_parcial
C001580,204321.76,Comparación de Precios,2024-07-26,works,Obra de rehabilitación vial,1,204321.76,204321.76,2024-08-09,2024-08-24,1.0,pagado_aproximadamente_completo
C000700,77617.0,Licitación Pública,2023-05-10,services,Servicio de mantenimiento de infraestructura,1,83684.69,83684.69,2023-06-03,2023-06-17,1.0781747555303607,sobrepago_senal_revisar
C002302,164852.95,Licitación Pública,2024-07-25,services,Servicio de transporte,3,164852.95,164852.95,2024-08-27,2024-10-17,1.0,pagado_aproximadamente_completo
C000511,282064.36,Adjudicación Simplificada,2024-02-26,goods,Adquisición de bienes de oficina,3,282064.36,282064.36,2024-03-05,2024-04-30,1.0,pagado_aproximadamente_completo
C001395,185606.99,Adjudicación Simplificada,2026-03-29,goods,Adquisición de bienes de oficina,1,185606.99,185606.99,2026-04-12,2026-04-23,1.0,pagado_aproximadamente_completo
C000594,65806.24,Licitación Pública,2025-07-06,services,Servicio de capacitación,1,65806.24,65806.24,2025-08-14,2025-09-05,1.0,pagado_aproximadamente_completo
C001738,54609.67,Comparación de Precios,2023-07-25,services,Servicio de transporte,3,54609.67,54609.67,2023-08-27,2023-10-19,1.0,pagado_aproximadamente_completo
C000030,63994.08,Adjudicación Simplificada,2023-04-03,works,Obra de rehabilitación vial,2,63994.08,63994.08,2023-05-01,2023-06-11,1.0,pagado_aproximadamente_completo
C000351,35297.73,Comparación de Precios,2026-02-26,services,Consultoría en ingeniería,2,24698.05,24698.05,2026-03-27,2026-04-19,0.6997064683762949,pago_parcial
C000203,55417.12,Comparación de Precios,2025-10-14,goods,Adquisición de bienes de oficina,2,55417.12,55417.119999999995,2025-11-14,2025-12-19,0.9999999999999999,pagado_aproximadamente_completo
C002124,341214.44,Licitación Pública,2023-06-29,goods,Suministro de combustible,1,341214.44,341214.44,2023-07-18,2023-07-29,1.0,pagado_aproximadamente_completo
C001366,38130.48,Comparación de Precios,2026-04-07,goods,Suministro de combustible,1,38130.48,38130.48,2026-05-19,2026-05-25,1.0,pagado_aproximadamente_completo
C000567,45643.82,Adjudicación Simplificada,2023-06-24,services,Servicio de transporte,2,45643.82,45643.82,2023-07-14,2023-09-15,1.0,pagado_aproximadamente_completo
C000063,81953.58,,2025-02-18,works,Obra de rehabilitación vial,2,49188.52,49188.52,2025-03-05,2025-05-05,0.600199771626816,pago_parcial
C001320,139155.17,Adjudicación Simplificada,2025-05-22,goods,Adquisición de equipos informáticos,2,139155.17,139155.17,2025-06-30,2025-09-09,1.0,pagado_aproximadamente_completo
C002299,430912.74,Licitación Pública,2025-04-24,goods,Suministro de combustible,2,430912.74,430912.74,2025-05-27,2025-06-23,1.0,pagado_aproximadamente_completo
C001671,5575.98,Licitación Pública,2026-04-08,goods,Suministro de combustible,2,5575.98,5575.98,2026-05-01,2026-06-23,1.0,pagado_aproximadamente_completo
C700002,431661.24,Concurso Público,2025-04-30,services,Servicio de capacitación,3,431661.24,431661.24,2025-05-05,2025-07-31,1.0,pagado_aproximadamente_completo
C000156,137452.25,Adjudicación Simplificada,2026-05-29,goods,Adquisición de materiales de construcción,3,137452.25,137452.25,2026-07-03,2026-08-07,1.0,pagado_aproximadamente_completo
C002722,56613.74,Comparación de Precios,2023-10-26,works,Obra de rehabilitación vial,2,42455.369999999995,42455.37,2023-11-01,2023-12-20,0.7499128303482512,pago_parcial
C003253,534552.95,Adjudicación Simplificada,2025-09-24,services,Servicio de mantenimiento de infraestructura,1,534552.95,534552.95,2025-10-13,2025-10-29,1.0,pagado_aproximadamente_completo
C001957,18290.37,Licitación Pública,2024-01-20,goods,Suministro de combustible,3,18290.37,18290.37,2024-03-02,2024-05-09,1.0,pagado_aproximadamente_completo
C000192,82129.12,Contratación Directa,2023-12-28,goods,Adquisición de materiales de construcción,2,82129.12,82129.12,2024-01-22,2024-02-15,1.0,pagado_aproximadamente_completo
C002379,18600.38,Adjudicación Simplificada,2026-06-13,goods,Adquisición de materiales de construcción,1,18600.38,18600.38,2026-06-24,2026-07-17,1.0,pagado_aproximadamente_completo
C003103,35170.11,Comparación de Precios,2023-06-10,services,Servicio de limpieza y vigilancia,1,35170.11,35170.11,2023-07-13,2023-07-25,1.0,pagado_aproximadamente_completo
C000691,91946.8,Adjudicación Simplificada,2024-11-11,goods,Adquisición de equipos informáticos,2,91946.79999999999,91946.8,2024-12-22,2025-02-02,1.0,pagado_aproximadamente_completo
C001874,59115.23,Comparación de Precios,2025-06-04,goods,Suministro de combustible,1,59115.23,59115.23,2025-07-01,2025-07-05,1.0,pagado_aproximadamente_completo
C003228,13922.89,Adjudicación Simplificada,2024-12-01,services,Servicio de transporte,1,13922.89,13922.89,2024-12-11,2024-12-30,1.0,pagado_aproximadamente_completo
C000289,612791.36,Licitación Pública,2025-03-24,services,Consultoría en ingeniería,3,612791.36,612791.36,2025-03-31,2025-05-26,1.0,pagado_aproximadamente_completo
C000166,20409.48,Adjudicación Simplificada,2025-02-27,services,Servicio de transporte,3,20409.48,20409.48,2025-03-26,2025-06-01,1.0,pagado_aproximadamente_completo
C001769,4738.95,Comparación de Precios,2023-08-18,goods,Adquisición de materiales de construcción,1,4738.95,4738.95,2023-09-21,2023-10-16,1.0,pagado_aproximadamente_completo
C000415,92411.79,Adjudicación Simplificada,2024-11-15,goods,Suministro de combustible,2,92411.79000000001,92411.79,2024-12-19,2025-01-18,1.0,pagado_aproximadamente_completo
C001370,37144.89,Adjudicación Simplificada,2025-06-01,services,Servicio de mantenimiento de infraestructura,2,37144.89,37144.89,2025-07-05,2025-08-06,1.0,pagado_aproximadamente_completo
C003229,14317.86,Adjudicación Simplificada,2025-02-18,services,Servicio de capacitación,2,10626.68,10626.68,2025-04-01,2025-04-30,0.7421975071693675,pago_parcial
C002749,108386.31,Concurso Público,2025-07-24,goods,Adquisición de materiales de construcción,1,39794.54,0.0,2025-08-22,,0.0,pendiente_sin_pago
C003493,20510.05,Comparación de Precios,2026-03-12,goods,Adquisición de bienes de oficina,2,22091.15,22091.15,2026-04-22,2026-05-12,1.0770890368380381,sobrepago_senal_revisar
C001135,36875.33,Adjudicación Simplificada,2026-02-04,goods,Adquisición de equipos informáticos,1,36875.33,36875.33,2026-02-11,2026-03-01,1.0,pagado_aproximadamente_completo
C001501,108634.89,,2025-06-06,goods,Adquisición de materiales de construcción,2,65308.850000000006,65308.85,2025-07-15,2025-08-07,0.6011774854284844,pago_parcial
C000869,46367.79,Licitación Pública,2023-08-12,works,Obra de rehabilitación vial,2,46367.79,46367.79,2023-09-06,2023-10-30,1.0,pagado_aproximadamente_completo
C003489,8194.58,Adjudicación Simplificada,2023-01-25,services,Servicio de mantenimiento de infraestructura,2,8194.58,8194.58,2023-02-09,2023-06-12,1.0,pagado_aproximadamente_completo
C001789,15992.34,Comparación de Precios,2025-05-02,goods,Adquisición de equipos informáticos,2,15992.34,15992.34,2025-05-11,2025-07-07,1.0,pagado_aproximadamente_completo
C002288,56408.34,Licitación Pública,2023-01-30,goods,Adquisición de materiales de construcción,1,56408.34,56408.34,2023-03-16,2023-04-11,1.0,pagado_aproximadamente_completo
C002025,119194.82,Adjudicación Simplificada,2026-05-11,services,Servicio de mantenimiento de infraestructura,1,119194.82,119194.82,2026-06-23,2026-07-17,1.0,pagado_aproximadamente_completo
C000194,196346.14,Adjudicación Simplificada,2025-03-09,goods,Adquisición de materiales de construcción,3,196346.14,196346.14,2025-04-15,2025-06-01,1.0,pagado_aproximadamente_completo
C002042,70186.78,Comparación de Precios,2025-10-28,services,Servicio de capacitación,2,61924.770000000004,61924.77,2025-11-19,2026-01-01,0.8822853819479964,pago_parcial
C001003,2771.02,Licitación Pública,2025-04-22,services,Servicio de transporte,3,2771.02,2771.02,2025-05-05,2025-07-12,1.0,pagado_aproximadamente_completo
C002090,35201.99,Contratación Directa,2024-11-21,services,Servicio de mantenimiento de infraestructura,2,35201.990000000005,35201.99,2024-12-09,2025-02-12,1.0,pagado_aproximadamente_completo
C700090,438712.95,Concurso Público,2025-07-02,services,Servicio de capacitación,1,438712.95,438712.95,2025-08-04,2025-08-13,1.0,pagado_aproximadamente_completo
C000029,342468.35,Adjudicación Simplificada,2024-02-23,goods,Adquisición de equipos informáticos,3,342468.35,342468.35,2024-03-06,2024-05-05,1.0,pagado_aproximadamente_completo
C001097,38316.46,Comparación de Precios,2024-04-09,services,Servicio de transporte,3,38316.46,38316.46,2024-05-24,2024-06-14,1.0,pagado_aproximadamente_completo
C002232,114092.52,Licitación Pública,2024-11-19,services,Servicio de limpieza y vigilancia,2,114092.52,114092.52,2024-12-28,2025-01-20,1.0,pagado_aproximadamente_completo
C900061,117576.69,Comparación de Precios,2025-10-19,works,Obra de rehabilitación vial,1,117576.69,117576.69,2025-12-01,2025-12-08,1.0,pagado_aproximadamente_completo
C003349,47464.45,Adjudicación Simplificada,2023-03-18,goods,Suministro de combustible,3,47464.45,47464.45,2023-04-17,2023-06-12,1.0,pagado_aproximadamente_completo
C002566,15146.22,Adjudicación Simplificada,2024-06-22,goods,Adquisición de equipos informáticos,3,15146.22,15146.220000000001,2024-06-30,2024-09-13,1.0000000000000002,pagado_aproximadamente_completo
C002750,80778.45,Contratación Directa,2023-10-13,goods,Adquisición de bienes de oficina,1,80778.45,80778.45,2023-10-27,2023-11-05,1.0,pagado_aproximadamente_completo
C000490,12676.34,Comparación de Precios,2024-07-11,services,Servicio de mantenimiento de infraestructura,1,12676.34,12676.34,2024-08-01,2024-08-02,1.0,pagado_aproximadamente_completo
C002971,23495.09,,2023-09-09,goods,Adquisición de equipos informáticos,2,19768.65,19768.65,2023-10-05,2023-10-28,0.8413949467739856,pago_parcial
C000790,16469.3,Adjudicación Simplificada,2025-03-25,services,Servicio de capacitación,2,11191.24,11191.240000000002,2025-04-26,2025-05-16,0.6795212911295563,pago_parcial
C000657,38132.59,Licitación Pública,2025-07-24,services,Servicio de mantenimiento de infraestructura,2,33142.7,33142.700000000004,2025-08-02,2025-09-07,0.8691436904757848,pago_parcial
C002688,76389.15,Licitación Pública,2025-05-18,services,Servicio de limpieza y vigilancia,1,76389.15,76389.15,2025-06-17,2025-07-13,1.0,pagado_aproximadamente_completo
C002254,44707.82,,2023-01-29,goods,Suministro de combustible,2,44707.82,44707.82,2023-02-20,2023-05-10,1.0,pagado_aproximadamente_completo
C001444,30892.74,Comparación de Precios,2023-02-02,goods,Adquisición de bienes de oficina,1,30892.74,30892.74,2023-02-25,2023-03-02,1.0,pagado_aproximadamente_completo
C002381,100977.68,Contratación Directa,2023-02-27,works,Obra de rehabilitación vial,1,48957.6,0.0,2023-03-07,,0.0,pendiente_sin_pago
C002421,9217.69,Contratación Directa,2023-02-17,services,Servicio de mantenimiento de infraestructura,1,9217.69,9217.69,2023-03-25,2023-03-25,1.0,pagado_aproximadamente_completo
C003131,16153.15,Adjudicación Simplificada,2024-06-05,goods,Adquisición de equipos informáticos,2,16153.15,16153.150000000001,2024-06-19,2024-07-22,1.0000000000000002,pagado_aproximadamente_completo
C000461,65565.18,Comparación de Precios,2024-01-05,services,Servicio de limpieza y vigilancia,3,65565.18000000001,65565.18,2024-02-05,2024-03-24,1.0,pagado_aproximadamente_completo
C002561,101338.19,Adjudicación Simplificada,2025-02-01,services,Consultoría en ingeniería,1,101338.19,101338.19,2025-02-15,2025-04-17,1.0,pagado_aproximadamente_completo
C003271,68500.19,Adjudicación Simplificada,2025-10-11,works,Obra de rehabilitación vial,1,68500.19,68500.19,2025-10-18,2025-11-03,1.0,pagado_aproximadamente_completo
C001080,81485.07,Contratación Directa,2024-09-13,services,Servicio de capacitación,2,81485.07,81485.06999999999,2024-10-12,2024-11-20,0.9999999999999998,pagado_aproximadamente_completo
C000465,65688.52,Comparación de Precios,2026-03-28,services,Servicio de capacitación,1,65688.52,65688.52,2026-04-11,2026-04-21,1.0,pagado_aproximadamente_completo
C000080,38232.29,Concurso Público,2026-04-15,goods,Adquisición de equipos informáticos,3,38232.29,38232.29,2026-05-14,2026-07-04,1.0,pagado_aproximadamente_completo
C003347,30600.27,Comparación de Precios,2023-05-16,goods,Adquisición de equipos informáticos,3,30600.27,30600.27,2023-06-29,2023-08-12,1.0,pagado_aproximadamente_completo
C000295,59076.25,Concurso Público,2023-05-25,goods,Adquisición de materiales de construcción,1,59076.25,59076.25,2023-07-02,2023-07-06,1.0,pagado_aproximadamente_completo
C001551,381113.93,Adjudicación Simplificada,2024-07-08,goods,Suministro de combustible,3,381113.93,381113.93,2024-07-30,2024-10-06,1.0,pagado_aproximadamente_completo
C000990,28319.65,Adjudicación Simplificada,2023-06-23,services,Servicio de capacitación,2,28319.649999999998,28319.65,2023-07-22,2023-08-24,1.0,pagado_aproximadamente_completo
C001592,42133.43,Adjudicación Simplificada,2024-05-08,services,Servicio de mantenimiento de infraestructura,1,37092.48,37092.48,2024-06-08,2024-06-22,0.8803574738633907,pago_parcial
C002907,60154.34,Licitación Pública,2026-04-10,goods,Adquisición de equipos informáticos,2,60154.340000000004,60154.34,2026-05-09,2026-06-07,1.0,pagado_aproximadamente_completo
C003211,160255.22,Comparación de Precios,2025-10-07,services,Servicio de transporte,1,160255.22,160255.22,2025-10-22,2025-12-19,1.0,pagado_aproximadamente_completo
C001511,54458.35,Comparación de Precios,2025-06-30,services,Servicio de transporte,1,33813.81,0.0,2025-07-26,,0.0,pendiente_sin_pago
C002552,74367.54,Concurso Público,2023-10-29,services,Consultoría en ingeniería,2,74367.54000000001,74367.54,2023-11-22,2024-03-10,1.0,pagado_aproximadamente_completo
C001231,98098.04,Adjudicación Simplificada,2023-11-04,goods,Adquisición de materiales de construcción,3,98098.04000000001,98098.04000000001,2023-11-10,2024-01-26,1.0000000000000002,pagado_aproximadamente_completo
C002097,60300.43,Licitación Pública,2025-11-13,works,Obra de rehabilitación vial,3,60300.43,60300.43,2025-12-27,2026-02-14,1.0,pagado_aproximadamente_completo
C001108,40109.6,Comparación de Precios,2024-02-16,services,Servicio de capacitación,3,40109.6,40109.6,2024-03-12,2024-05-05,1.0,pagado_aproximadamente_completo
C001455,44780.89,Licitación Pública,2024-03-13,goods,Adquisición de bienes de oficina,2,44780.89,44780.89,2024-03-18,2024-05-11,1.0,pagado_aproximadamente_completo
C900054,273562.01,Adjudicación Simplificada,2026-03-25,works,Obra de rehabilitación vial,2,273562.01,273562.01,2026-04-08,2026-05-22,1.0,pagado_aproximadamente_completo
C001659,73621.33,Comparación de Precios,2023-03-17,goods,Adquisición de bienes de oficina,1,73621.33,73621.33,2023-03-28,2023-04-17,1.0,pagado_aproximadamente_completo
C000564,26191.52,Comparación de Precios,2024-02-29,services,Consultoría en ingeniería,1,26191.52,26191.52,2024-04-09,2024-04-30,1.0,pagado_aproximadamente_completo
C700049,236155.65,Licitación Pública,2026-05-25,services,Servicio de transporte,2,236155.65,236155.65,2026-07-07,2026-07-22,1.0,pagado_aproximadamente_completo
C700019,607091.77,Licitación Pública,2024-09-17,works,Obra de rehabilitación vial,1,414811.11,414811.11,2024-10-30,2024-11-04,0.6832757920602349,pago_parcial
C002020,97143.16,Comparación de Precios,2025-07-11,goods,Adquisición de materiales de construcción,3,97143.16,97143.16,2025-08-16,2025-10-19,1.0,pagado_aproximadamente_completo
C001406,103804.34,Comparación de Precios,2023-02-27,services,Servicio de capacitación,3,103804.34,103804.34,2023-03-21,2023-06-06,1.0,pagado_aproximadamente_completo
C001362,90219.42,Comparación de Precios,2025-04-17,works,Obra de rehabilitación vial,2,64455.03999999999,64455.04,2025-05-05,2025-06-17,0.7144253421270055,pago_parcial
C800019,165784.84,Concurso Público Abreviado,2026-05-02,services,Servicio de transporte,1,165784.84,165784.84,2026-05-22,2026-06-16,1.0,pagado_aproximadamente_completo
C002194,44635.2,Adjudicación Simplificada,2024-07-24,services,Servicio de limpieza y vigilancia,1,44635.2,44635.2,2024-09-07,2024-09-23,1.0,pagado_aproximadamente_completo
C001025,32176.39,Licitación Pública,2024-07-23,works,Obra de rehabilitación vial,2,32176.39,32176.39,2024-07-28,2024-09-19,1.0,pagado_aproximadamente_completo
C002720,3058.26,,2025-07-15,services,Servicio de transporte,1,3058.26,3058.26,2025-07-26,2025-10-01,1.0,pagado_aproximadamente_completo
C002066,38453.41,Contratación Directa,2023-09-17,services,Servicio de limpieza y vigilancia,1,14882.83,0.0,2023-10-08,,0.0,pendiente_sin_pago
C000257,46578.64,Adjudicación Simplificada,2025-10-31,services,Servicio de mantenimiento de infraestructura,3,46578.64,46578.64,2025-11-10,2026-01-21,1.0,pagado_aproximadamente_completo
C001106,319474.16,Adjudicación Simplificada,2024-11-01,works,Obra de rehabilitación vial,1,319474.16,319474.16,2024-11-30,2024-12-04,1.0,pagado_aproximadamente_completo
C000682,31418.11,Adjudicación Simplificada,2025-04-19,goods,Suministro de combustible,1,31418.11,31418.11,2025-05-11,2025-06-01,1.0,pagado_aproximadamente_completo
C002132,174785.16,Comparación de Precios,2023-02-06,services,Servicio de transporte,2,174785.15999999997,174785.15999999997,2023-02-22,2023-04-08,0.9999999999999999,pagado_aproximadamente_completo
C000785,68377.36,Adjudicación Simplificada,2023-02-01,services,Servicio de capacitación,2,68377.36,68377.36,2023-02-26,2023-05-17,1.0,pagado_aproximadamente_completo
C001420,30925.09,Adjudicación Simplificada,2023-12-15,services,Servicio de mantenimiento de infraestructura,3,30925.09,30925.090000000004,2024-01-20,2024-02-23,1.0000000000000002,pagado_aproximadamente_completo
C002380,68983.92,Adjudicación Simplificada,2024-07-02,services,Servicio de mantenimiento de infraestructura,1,68983.92,68983.92,2024-07-11,2024-10-08,1.0,pagado_aproximadamente_completo
C002655,54687.68,Comparación de Precios,2025-01-24,services,Servicio de limpieza y vigilancia,2,39701.93,39701.93,2025-03-07,2025-04-13,0.725975759074073,pago_parcial
C002456,121629.35,Adjudicación Simplificada,2024-12-09,services,Servicio de mantenimiento de infraestructura,3,121629.34999999999,121629.35,2024-12-19,2025-02-27,1.0,pagado_aproximadamente_completo
C003454,252985.44,Adjudicación Simplificada,2023-02-18,services,Servicio de capacitación,3,252985.44,252985.44,2023-03-21,2023-05-11,1.0,pagado_aproximadamente_completo
C002626,3378.49,Adjudicación Simplificada,2026-06-12,works,Obra de rehabilitación vial,1,3378.49,3378.49,2026-06-24,2026-07-13,1.0,pagado_aproximadamente_completo
C000411,27283.12,Adjudicación Simplificada,2023-07-04,services,Servicio de transporte,2,22694.57,22694.57,2023-07-22,2023-09-05,0.8318172555045025,pago_parcial
C000238,130948.43,Adjudicación Simplificada,2024-07-18,goods,Adquisición de materiales de construcción,1,96384.81,96384.81,2024-08-07,2024-09-01,0.7360516655297051,pago_parcial
C002606,60988.99,Licitación Pública,2026-04-18,services,Servicio de mantenimiento de infraestructura,1,60988.99,60988.99,2026-05-02,2026-05-28,1.0,pagado_aproximadamente_completo
C000839,26611.83,Licitación Pública,2026-03-29,works,Obra de rehabilitación vial,3,26611.829999999998,26611.829999999998,2026-04-19,2026-07-07,0.9999999999999999,pagado_aproximadamente_completo
C003016,87778.4,Comparación de Precios,2025-08-31,goods,Suministro de combustible,1,87778.4,87778.4,2025-10-01,2025-11-27,1.0,pagado_aproximadamente_completo
C001767,35376.19,Comparación de Precios,2023-01-16,goods,Adquisición de bienes de oficina,1,26370.73,0.0,2023-02-23,,0.0,pendiente_sin_pago
C000829,26062.14,Contratación Directa,2026-03-25,goods,Adquisición de materiales de construcción,1,26062.14,26062.14,2026-04-13,2026-04-28,1.0,pagado_aproximadamente_completo
C001424,88019.7,Comparación de Precios,2025-01-15,services,Servicio de mantenimiento de infraestructura,1,42191.03,0.0,2025-02-03,,0.0,pendiente_sin_pago
C000969,232858.01,Comparación de Precios,2024-06-08,goods,Adquisición de bienes de oficina,2,232858.01,232858.01,2024-06-13,2024-08-10,1.0,pagado_aproximadamente_completo
C003377,28799.32,Comparación de Precios,2025-10-21,goods,Adquisición de materiales de construcción,3,28799.32,28799.32,2025-12-05,2026-01-03,1.0,pagado_aproximadamente_completo
C002210,38936.29,Adjudicación Simplificada,2023-07-31,services,Servicio de capacitación,1,27715.17,0.0,2023-09-07,,0.0,pendiente_sin_pago
C000174,198850.04,Contratación Directa,2024-02-15,services,Servicio de mantenimiento de infraestructura,1,198850.04,198850.04,2024-03-16,2024-04-02,1.0,pagado_aproximadamente_completo
C000811,79386.84,Adjudicación Simplificada,2023-03-20,services,Servicio de capacitación,2,79386.84,79386.84,2023-03-25,2023-05-10,1.0,pagado_aproximadamente_completo
C000214,41719.74,Licitación Pública,2024-01-28,services,Servicio de mantenimiento de infraestructura,1,41719.74,41719.74,2024-03-13,2024-03-18,1.0,pagado_aproximadamente_completo
C000554,136451.01,Adjudicación Simplificada,2024-12-24,goods,Adquisición de bienes de oficina,1,100591.3,0.0,2025-01-09,,0.0,pendiente_sin_pago
C000157,57148.75,Adjudicación Simplificada,2023-06-13,goods,Adquisición de equipos informáticos,3,57148.75,57148.75,2023-07-15,2023-08-19,1.0,pagado_aproximadamente_completo
C000871,79494.37,Adjudicación Simplificada,2025-07-19,services,Servicio de limpieza y vigilancia,2,79494.37,79494.37,2025-08-09,2025-08-27,1.0,pagado_aproximadamente_completo
C002980,35461.36,Licitación Pública,2023-10-24,works,Obra de rehabilitación vial,2,35461.36,35461.36,2023-11-14,2023-12-13,1.0,pagado_aproximadamente_completo
C002086,23861.23,Comparación de Precios,2024-11-02,goods,Adquisición de equipos informáticos,3,23861.23,23861.230000000003,2024-11-30,2025-02-06,1.0000000000000002,pagado_aproximadamente_completo
C000152,140264.55,Contratación Directa,2024-05-05,services,Servicio de limpieza y vigilancia,3,140264.55,140264.55,2024-06-11,2024-07-09,1.0,pagado_aproximadamente_completo
C003080,94128.12,Comparación de Precios,2024-07-22,services,Servicio de transporte,3,94128.12,94128.12,2024-08-25,2024-10-08,1.0,pagado_aproximadamente_completo
C001844,44527.15,Comparación de Precios,2024-05-24,works,Obra de rehabilitación vial,2,44527.15,44527.15,2024-07-02,2024-08-07,1.0,pagado_aproximadamente_completo
C700032,324045.23,Concurso Público,2024-02-18,goods,Adquisición de equipos informáticos,1,324045.23,324045.23,2024-03-24,2024-04-05,1.0,pagado_aproximadamente_completo
C000102,5362.68,Concurso Público,2024-10-30,services,Servicio de transporte,2,5545.84,5545.84,2024-11-22,2025-01-26,1.0341545645087904,sobrepago_senal_revisar
C002138,154652.74,Comparación de Precios,2025-02-28,goods,Adquisición de materiales de construcción,2,154652.74,154652.74,2025-03-30,2025-04-15,1.0,pagado_aproximadamente_completo
C002835,66480.59,Comparación de Precios,2023-11-11,goods,Suministro de combustible,1,46728.49,46728.49,2023-12-04,2023-12-09,0.7028892192442937,pago_parcial
C001556,253786.95,Adjudicación Simplificada,2025-02-05,services,Servicio de limpieza y vigilancia,1,253786.95,253786.95,2025-03-18,2025-03-29,1.0,pagado_aproximadamente_completo
C000239,104771.85,Comparación de Precios,2024-02-18,services,Consultoría en ingeniería,2,66486.27,66486.27,2024-03-04,2024-04-12,0.6345814262132433,pago_parcial
C002342,69046.38,Comparación de Precios,2025-02-16,goods,Adquisición de materiales de construcción,1,53458.65,53458.65,2025-03-07,2025-03-17,0.7742426177882171,pago_parcial
C000818,16783.39,Adjudicación Simplificada,2025-03-24,works,Obra de rehabilitación vial,1,16783.39,16783.39,2025-04-14,2025-05-05,1.0,pagado_aproximadamente_completo
C000705,36663.53,Adjudicación Simplificada,2024-04-22,services,Consultoría en ingeniería,1,36663.53,36663.53,2024-05-01,2024-08-19,1.0,pagado_aproximadamente_completo
C003463,42426.34,Concurso Público,2023-12-21,goods,Suministro de combustible,3,42426.34,42426.34,2024-01-17,2024-03-18,1.0,pagado_aproximadamente_completo
C001545,58093.85,Adjudicación Simplificada,2025-11-23,services,Consultoría en ingeniería,1,58093.85,58093.85,2025-12-12,2025-12-16,1.0,pagado_aproximadamente_completo
C001431,,Comparación de Precios,2025-05-10,goods,Adquisición de bienes de oficina,1,62185.65,62185.65,2025-06-17,2025-06-27,,sin_pago_o_sin_cuantia
C001842,106531.36,Comparación de Precios,2024-12-21,services,Servicio de limpieza y vigilancia,2,106531.35999999999,106531.36,2025-01-25,2025-05-14,1.0,pagado_aproximadamente_completo
C000978,87701.17,Concurso Público,2025-11-04,goods,Adquisición de bienes de oficina,1,87701.17,87701.17,2025-12-14,2026-03-16,1.0,pagado_aproximadamente_completo
C700017,80531.67,Adjudicación Simplificada,2026-05-14,services,Servicio de transporte,1,53245.34,0.0,2026-05-23,,0.0,pendiente_sin_pago
C002339,102441.02,Adjudicación Simplificada,2025-01-10,services,Servicio de transporte,1,102441.02,102441.02,2025-02-15,2025-03-11,1.0,pagado_aproximadamente_completo
C000642,113632.99,Adjudicación Simplificada,2023-12-11,services,,1,40819.85,0.0,2024-01-15,,0.0,pendiente_sin_pago
C000044,297822.92,Licitación Pública,2025-03-23,services,Consultoría en ingeniería,1,119176.66,0.0,2025-04-18,,0.0,pendiente_sin_pago
C000045,12061.1,Adjudicación Simplificada,2024-07-04,works,Obra de rehabilitación vial,2,12061.1,12061.099999999999,2024-07-13,2024-09-21,0.9999999999999999,pagado_aproximadamente_completo
C003181,62859.81,Adjudicación Simplificada,2025-05-04,goods,Suministro de combustible,3,62859.81,62859.80999999999,2025-06-01,2025-07-07,0.9999999999999999,pagado_aproximadamente_completo
C000332,79464.73,Licitación Pública,2025-08-27,goods,Adquisición de bienes de oficina,2,79464.73,79464.73000000001,2025-10-09,2025-11-04,1.0000000000000002,pagado_aproximadamente_completo
C000676,102481.12,Comparación de Precios,2026-05-29,goods,Adquisición de bienes de oficina,2,102481.12,102481.12,2026-07-05,2026-07-29,1.0,pagado_aproximadamente_completo
C800009,146936.43,Adjudicación Simplificada,2024-10-31,services,Consultoría en ingeniería,1,146936.43,146936.43,2024-11-20,2024-12-01,1.0,pagado_aproximadamente_completo
C000266,21324.31,Adjudicación Simplificada,2023-02-15,services,Servicio de mantenimiento de infraestructura,2,21324.31,21324.309999999998,2023-03-27,2023-04-25,0.9999999999999998,pagado_aproximadamente_completo
C000544,92922.04,Adjudicación Simplificada,2024-12-29,services,Servicio de capacitación,2,92922.04000000001,92922.04,2025-01-31,2025-02-19,1.0,pagado_aproximadamente_completo
C003025,87664.47,Licitación Pública,2024-04-17,goods,Adquisición de bienes de oficina,2,74278.59,74278.59,2024-04-22,2024-06-29,0.8473055275415455,pago_parcial
C002370,183668.48,Adjudicación Simplificada,2023-09-20,services,Servicio de limpieza y vigilancia,3,183668.47999999998,183668.47999999998,2023-10-06,2023-12-18,0.9999999999999999,pagado_aproximadamente_completo
C002257,209536.85,Licitación Pública,2023-08-28,services,Consultoría en ingeniería,1,132096.23,0.0,2023-10-06,,0.0,pendiente_sin_pago
C001717,44931.9,Contratación Directa,2026-06-18,services,Servicio de mantenimiento de infraestructura,3,44931.899999999994,44931.9,2026-07-17,2026-08-07,1.0,pagado_aproximadamente_completo
C001626,208783.3,Comparación de Precios,2023-02-19,services,Servicio de mantenimiento de infraestructura,1,208783.3,208783.3,2023-03-03,2023-03-25,1.0,pagado_aproximadamente_completo
C000058,20542.43,Concurso Público,2025-01-25,services,Servicio de mantenimiento de infraestructura,1,13939.71,13939.71,2025-02-19,2025-02-28,0.6785813557597615,pago_parcial
C002969,96476.4,Concurso Público,2024-08-27,services,Servicio de limpieza y vigilancia,3,96476.4,96476.4,2024-09-08,2024-12-03,1.0,pagado_aproximadamente_completo
C001647,15059.4,Adjudicación Simplificada,2025-02-28,works,Obra de rehabilitación vial,3,15059.400000000001,15059.4,2025-03-07,2025-05-30,1.0,pagado_aproximadamente_completo
C800025,211543.93,Adjudicación Simplificada,2024-08-01,goods,Suministro de combustible,1,211543.93,211543.93,2024-08-21,2024-08-28,1.0,pagado_aproximadamente_completo
C001187,126779.05,Comparación de Precios,2023-10-18,services,Servicio de limpieza y vigilancia,3,126779.05,126779.05000000002,2023-11-08,2024-01-28,1.0000000000000002,pagado_aproximadamente_completo
C002195,185438.37,Comparación de Precios,2024-12-21,services,Servicio de limpieza y vigilancia,2,185438.37,185438.37,2025-01-18,2025-02-15,1.0,pagado_aproximadamente_completo
C003295,33952.58,Adjudicación Simplificada,2026-04-09,goods,Adquisición de equipos informáticos,2,27728.85,27728.850000000002,2026-04-29,2026-06-29,0.816693458935963,pago_parcial
C002493,25240.04,Licitación Pública,2023-05-05,services,Servicio de capacitación,1,25240.04,25240.04,2023-06-17,2023-07-16,1.0,pagado_aproximadamente_completo
C002372,30219.19,Licitación Pública,2023-01-09,goods,Adquisición de materiales de construcción,1,30219.19,30219.19,2023-02-01,2023-02-11,1.0,pagado_aproximadamente_completo
C001510,61682.2,Adjudicación Simplificada,2025-09-13,goods,Adquisición de equipos informáticos,1,61682.2,61682.2,2025-10-28,2025-11-21,1.0,pagado_aproximadamente_completo
C002928,12818.21,Adjudicación Simplificada,2025-04-14,goods,Adquisición de equipos informáticos,2,12818.21,12818.210000000001,2025-04-21,2025-08-14,1.0000000000000002,pagado_aproximadamente_completo
C001078,194723.88,Adjudicación Simplificada,2025-02-20,works,Obra de rehabilitación vial,3,194723.88,194723.88,2025-03-15,2025-05-26,1.0,pagado_aproximadamente_completo
C000309,446303.9,Comparación de Precios,2024-12-05,goods,Adquisición de equipos informáticos,1,446303.9,446303.9,2024-12-31,2025-01-17,1.0,pagado_aproximadamente_completo
C002312,28603.4,Comparación de Precios,2025-03-09,works,Obra de rehabilitación vial,2,28603.4,28603.399999999998,2025-03-27,2025-05-12,0.9999999999999999,pagado_aproximadamente_completo
C001514,126046.82,Concurso Público,2024-07-11,goods,Suministro de combustible,2,74648.84,74648.84,2024-07-18,2024-08-16,0.5922310455749696,pago_parcial
C002663,76740.63,Comparación de Precios,2025-05-15,services,Servicio de limpieza y vigilancia,1,43211.89,43211.89,2025-06-04,2025-06-29,0.563090112760346,pago_parcial
C001188,146878.57,Adjudicación Simplificada,2023-08-07,services,Servicio de capacitación,2,146878.57,146878.57,2023-08-28,2023-10-24,1.0,pagado_aproximadamente_completo
C000432,16545.51,Adjudicación Simplificada,2026-03-10,services,Consultoría en ingeniería,1,16545.51,16545.51,2026-04-11,2026-06-16,1.0,pagado_aproximadamente_completo
C002218,27234.42,Comparación de Precios,2025-09-10,goods,,1,27234.42,27234.42,2025-09-20,2025-10-08,1.0,pagado_aproximadamente_completo
C002186,25903.11,Adjudicación Simplificada,2024-03-04,goods,Adquisición de bienes de oficina,1,25903.11,25903.11,2024-03-27,2024-04-17,1.0,pagado_aproximadamente_completo
C002059,163968.17,Adjudicación Simplificada,2023-08-10,works,Obra de rehabilitación vial,3,163968.16999999998,163968.16999999998,2023-09-01,2023-10-25,0.9999999999999998,pagado_aproximadamente_completo
C002536,83315.13,Adjudicación Simplificada,2025-04-02,goods,Adquisición de equipos informáticos,1,83315.13,83315.13,2025-04-12,2025-06-27,1.0,pagado_aproximadamente_completo
C001675,45681.05,Adjudicación Simplificada,2025-05-04,services,Servicio de limpieza y vigilancia,1,18640.96,0.0,2025-05-21,,0.0,pendiente_sin_pago
C002126,21198.95,Licitación Pública,2024-03-21,goods,Adquisición de equipos informáticos,1,21198.95,21198.95,2024-04-17,2024-06-09,1.0,pagado_aproximadamente_completo
C002694,126874.83,Comparación de Precios,2025-02-09,goods,Adquisición de materiales de construcción,1,126874.83,126874.83,2025-02-24,2025-06-03,1.0,pagado_aproximadamente_completo
C003061,18325.01,Licitación Pública,2023-07-20,goods,Adquisición de equipos informáticos,2,18325.010000000002,18325.01,2023-08-16,2023-09-28,1.0,pagado_aproximadamente_completo
C002396,209822.92,Contratación Directa,2024-08-14,goods,Adquisición de materiales de construcción,1,147533.77,0.0,2024-08-24,,0.0,pendiente_sin_pago
C002884,79078.0,Concurso Público,2025-06-18,services,Servicio de mantenimiento de infraestructura,1,79078.0,79078.0,2025-07-18,2025-07-20,1.0,pagado_aproximadamente_completo
C001909,89699.02,Adjudicación Simplificada,2025-08-15,goods,Adquisición de materiales de construcción,1,89699.02,89699.02,2025-08-29,2025-09-11,1.0,pagado_aproximadamente_completo
C000573,41534.65,Comparación de Precios,2026-03-02,services,,3,41534.65,41534.65,2026-03-18,2026-05-17,1.0,pagado_aproximadamente_completo
C003077,155545.33,Comparación de Precios,2025-01-31,goods,Adquisición de materiales de construcción,2,155545.33000000002,155545.33000000002,2025-03-12,2025-06-19,1.0000000000000002,pagado_aproximadamente_completo
C002249,137194.28,Adjudicación Simplificada,2024-04-04,services,Servicio de mantenimiento de infraestructura,2,137194.28,137194.28,2024-04-20,2024-05-27,1.0,pagado_aproximadamente_completo
C001807,25119.22,Comparación de Precios,2023-07-20,goods,Adquisición de equipos informáticos,2,25119.22,25119.22,2023-08-07,2023-09-16,1.0,pagado_aproximadamente_completo
C001820,48530.33,Concurso Público,2024-08-29,works,Obra de rehabilitación vial,1,33180.3,0.0,2024-09-06,,0.0,pendiente_sin_pago
C000862,57520.98,Comparación de Precios,2025-05-07,services,Servicio de transporte,2,57520.979999999996,57520.98,2025-05-27,2025-07-17,1.0,pagado_aproximadamente_completo
C002107,43991.16,Adjudicación Simplificada,2025-01-17,services,Servicio de mantenimiento de infraestructura,2,46832.42,46832.42,2025-02-18,2025-03-12,1.064587067038014,sobrepago_senal_revisar
C001057,94011.85,Comparación de Precios,2025-11-05,services,Servicio de transporte,3,94011.85,94011.85,2025-12-09,2026-01-26,1.0,pagado_aproximadamente_completo
C700092,437590.06,Licitación Pública,2024-05-27,services,Servicio de capacitación,3,437590.06,437590.06,2024-06-21,2024-09-02,1.0,pagado_aproximadamente_completo
C001164,125573.02,Adjudicación Simplificada,2025-02-26,services,Servicio de limpieza y vigilancia,1,82669.01,82669.01,2025-03-05,2025-03-16,0.6583341708274595,pago_parcial
C000889,6533.64,Contratación Directa,2025-06-28,services,Servicio de limpieza y vigilancia,2,4263.15,4263.150000000001,2025-08-06,2025-08-28,0.6524923319925799,pago_parcial
C001462,10505.78,Comparación de Precios,2025-04-28,goods,,1,10505.78,10505.78,2025-06-02,2025-06-27,1.0,pagado_aproximadamente_completo
C000776,8973.8,Licitación Pública,2026-01-27,services,Servicio de transporte,1,8973.8,8973.8,2026-02-22,2026-03-12,1.0,pagado_aproximadamente_completo
C001896,69292.77,Adjudicación Simplificada,2025-04-17,goods,Adquisición de bienes de oficina,1,69292.77,69292.77,2025-05-19,2025-06-10,1.0,pagado_aproximadamente_completo
C001554,80845.36,Comparación de Precios,2024-06-22,services,Servicio de transporte,2,80845.36,80845.36,2024-06-29,2024-08-26,1.0,pagado_aproximadamente_completo
C001338,110590.06,Adjudicación Simplificada,2025-04-25,works,Obra de rehabilitación vial,2,110590.06,110590.06,2025-05-25,2025-06-14,1.0,pagado_aproximadamente_completo
C000346,17170.36,Comparación de Precios,2024-11-29,services,Servicio de transporte,2,17170.36,17170.36,2024-12-04,2025-02-07,1.0,pagado_aproximadamente_completo
C002439,37124.5,Comparación de Precios,2024-10-13,services,Servicio de limpieza y vigilancia,3,37124.5,37124.5,2024-11-13,2025-01-13,1.0,pagado_aproximadamente_completo
C001907,18530.09,Licitación Pública,2025-01-15,goods,Adquisición de materiales de construcción,2,18530.09,18530.09,2025-02-04,2025-05-30,1.0,pagado_aproximadamente_completo
C001105,80986.78,Comparación de Precios,2026-04-01,services,Consultoría en ingeniería,2,80986.78,80986.78,2026-04-26,2026-08-07,1.0,pagado_aproximadamente_completo
C000985,24258.38,Comparación de Precios,2023-09-27,goods,Adquisición de bienes de oficina,3,24258.38,24258.379999999997,2023-10-25,2023-12-24,0.9999999999999999,pagado_aproximadamente_completo
C002889,38074.4,Adjudicación Simplificada,2024-05-12,services,Servicio de limpieza y vigilancia,1,22066.5,0.0,2024-06-20,,0.0,pendiente_sin_pago
C700006,655744.74,Licitación Pública,2024-12-30,goods,Suministro de combustible,1,702839.14,702839.14,2025-01-07,2025-01-27,1.071818189498554,sobrepago_senal_revisar
C001361,44967.11,Licitación Pública,2024-05-17,services,Consultoría en ingeniería,2,44967.11,44967.11,2024-06-03,2024-07-23,1.0,pagado_aproximadamente_completo
C001228,56097.04,Adjudicación Simplificada,2024-05-05,goods,Suministro de combustible,3,56097.04,56097.04,2024-05-12,2024-07-29,1.0,pagado_aproximadamente_completo
C001032,49266.3,Comparación de Precios,2025-11-05,services,Servicio de limpieza y vigilancia,2,40989.75,40989.75,2025-12-12,2026-01-05,0.8320038241150645,pago_parcial
C000178,68256.44,Concurso Público,2025-10-09,goods,Adquisición de bienes de oficina,1,53639.42,0.0,2025-11-03,,0.0,pendiente_sin_pago
C003250,95823.95,Concurso Público,2026-03-16,works,Obra de rehabilitación vial,3,95823.95000000001,95823.95,2026-04-06,2026-05-23,1.0,pagado_aproximadamente_completo
C002860,559463.32,Adjudicación Simplificada,2025-07-22,services,Servicio de transporte,1,559463.32,559463.32,2025-08-01,2025-08-21,1.0,pagado_aproximadamente_completo
C001149,18247.83,Comparación de Precios,2025-02-07,services,Servicio de capacitación,2,18247.829999999998,18247.83,2025-02-16,2025-04-07,1.0,pagado_aproximadamente_completo
C001795,36558.25,Adjudicación Simplificada,2026-04-25,services,Servicio de mantenimiento de infraestructura,1,26365.66,0.0,2026-05-14,,0.0,pendiente_sin_pago
C000764,43815.01,Licitación Pública,2023-11-12,goods,Adquisición de equipos informáticos,2,43815.01,43815.009999999995,2023-12-12,2024-02-24,0.9999999999999999,pagado_aproximadamente_completo
C002458,105650.23,Comparación de Precios,2026-02-12,goods,Adquisición de materiales de construcción,3,105650.23000000001,105650.23000000001,2026-03-22,2026-05-04,1.0000000000000002,pagado_aproximadamente_completo
C000173,153321.06,Adjudicación Simplificada,2024-04-30,services,Servicio de capacitación,2,95371.29000000001,95371.29000000001,2024-06-05,2024-07-24,0.6220364638752172,pago_parcial
C002836,140723.46,Comparación de Precios,2023-09-19,goods,Adquisición de bienes de oficina,2,140723.46,140723.46000000002,2023-10-23,2023-11-06,1.0000000000000002,pagado_aproximadamente_completo
C000331,175930.33,Licitación Pública,2024-11-21,services,Servicio de transporte,3,175930.33,175930.33,2025-01-01,2025-01-18,1.0,pagado_aproximadamente_completo
C001947,16151.75,Adjudicación Simplificada,2023-11-09,goods,Adquisición de materiales de construcción,2,16151.75,16151.75,2023-11-21,2023-12-24,1.0,pagado_aproximadamente_completo
C000430,57968.95,Contratación Directa,2023-04-04,services,Servicio de capacitación,3,57968.95,57968.95,2023-04-27,2023-06-16,1.0,pagado_aproximadamente_completo
C001546,73514.0,,2023-12-12,services,Servicio de transporte,2,73514.0,73514.0,2024-01-26,2024-02-17,1.0,pagado_aproximadamente_completo
C003404,33007.52,Adjudicación Simplificada,2024-01-09,goods,Suministro de combustible,1,33007.52,33007.52,2024-02-08,2024-02-25,1.0,pagado_aproximadamente_completo
C000744,31214.12,Concurso Público,2025-02-16,services,Servicio de transporte,1,31214.12,31214.12,2025-03-17,2025-07-07,1.0,pagado_aproximadamente_completo
C002998,14849.79,Comparación de Precios,2024-10-28,services,Consultoría en ingeniería,1,5614.0,0.0,2024-11-27,,0.0,pendiente_sin_pago
C000479,78980.69,Comparación de Precios,2024-04-25,services,Servicio de transporte,2,78980.69,78980.69,2024-06-08,2024-07-08,1.0,pagado_aproximadamente_completo
C002119,19097.1,Comparación de Precios,2023-12-03,services,Servicio de limpieza y vigilancia,1,19097.1,19097.1,2023-12-18,2024-03-06,1.0,pagado_aproximadamente_completo
C000755,143536.18,Comparación de Precios,2023-01-21,services,Consultoría en ingeniería,3,143536.18,143536.18,2023-02-07,2023-03-26,1.0,pagado_aproximadamente_completo
C900043,407115.58,Comparación de Precios,2024-08-20,goods,Adquisición de bienes de oficina,1,439386.06,439386.06,2024-08-29,2024-09-11,1.0792661386233364,sobrepago_senal_revisar
C003471,104871.67,Comparación de Precios,2025-10-21,works,Obra de rehabilitación vial,3,104871.67,104871.67,2025-11-15,2025-12-31,1.0,pagado_aproximadamente_completo
C002453,54000.38,Contratación Directa,2023-05-20,goods,Adquisición de materiales de construcción,2,54000.380000000005,54000.38,2023-05-25,2023-07-24,1.0,pagado_aproximadamente_completo
C900049,122916.49,Adjudicación Simplificada,2024-08-02,goods,Adquisición de bienes de oficina,3,122916.49,122916.48999999999,2024-09-12,2024-10-19,0.9999999999999999,pagado_aproximadamente_completo
C001553,5680.7,Licitación Pública,2023-12-10,services,Servicio de limpieza y vigilancia,3,5680.700000000001,5680.7,2024-01-14,2024-03-14,1.0,pagado_aproximadamente_completo
C000324,20586.82,Concurso Público,2026-03-24,works,Obra de rehabilitación vial,2,20586.82,20586.82,2026-04-20,2026-07-27,1.0,pagado_aproximadamente_completo
C000468,23778.1,Comparación de Precios,2024-03-08,goods,Adquisición de bienes de oficina,2,18413.62,18413.620000000003,2024-03-27,2024-05-24,0.7743940853137973,pago_parcial
C000561,54835.52,Adjudicación Simplificada,2025-05-28,goods,Suministro de combustible,1,41775.81,0.0,2025-06-11,,0.0,pendiente_sin_pago
C700106,459726.34,Concurso Público,2025-10-23,services,Servicio de mantenimiento de infraestructura,2,459726.33999999997,459726.33999999997,2025-10-30,2026-01-04,0.9999999999999999,pagado_aproximadamente_completo
C001822,105782.08,Comparación de Precios,2024-05-25,services,Servicio de limpieza y vigilancia,2,105782.08,105782.07999999999,2024-06-12,2024-08-20,0.9999999999999999,pagado_aproximadamente_completo
C000874,78693.93,Adjudicación Simplificada,2023-07-09,services,Servicio de mantenimiento de infraestructura,1,82204.42,82204.42,2023-07-31,2023-08-06,1.0446094126954901,sobrepago_senal_revisar
C001350,4479.58,Adjudicación Simplificada,2025-12-25,services,Servicio de capacitación,3,4479.58,4479.58,2026-01-24,2026-04-04,1.0,pagado_aproximadamente_completo
C000061,84861.51,Adjudicación Simplificada,2023-07-09,goods,Adquisición de equipos informáticos,1,84861.51,84861.51,2023-08-04,2023-08-12,1.0,pagado_aproximadamente_completo
C001572,39132.74,Concurso Público,2023-09-30,services,Servicio de mantenimiento de infraestructura,3,39132.74,39132.740000000005,2023-10-31,2023-12-25,1.0000000000000002,pagado_aproximadamente_completo
C002329,10706.83,Adjudicación Simplificada,2025-10-20,goods,Suministro de combustible,1,10706.83,10706.83,2025-11-21,2025-11-23,1.0,pagado_aproximadamente_completo
C000254,40353.25,Concurso Público,2023-12-11,services,Servicio de capacitación,1,40353.25,40353.25,2024-01-25,2024-02-02,1.0,pagado_aproximadamente_completo
C002506,92402.02,Concurso Público,2024-03-27,services,Consultoría en ingeniería,3,92402.02,92402.02,2024-04-24,2024-06-14,1.0,pagado_aproximadamente_completo
C000803,15957.97,Comparación de Precios,2025-08-25,works,Obra de rehabilitación vial,3,15957.97,15957.97,2025-09-22,2025-12-04,1.0,pagado_aproximadamente_completo
C001261,235877.38,Concurso Público,2024-09-25,goods,Adquisición de equipos informáticos,3,235877.38,235877.38,2024-10-30,2025-01-04,1.0,pagado_aproximadamente_completo
C001235,184387.71,Licitación Pública,2024-11-23,goods,Suministro de combustible,3,184387.71000000002,184387.71,2024-12-21,2025-02-09,1.0,pagado_aproximadamente_completo
C000221,165883.94,,2023-02-26,services,Servicio de mantenimiento de infraestructura,1,176790.2,176790.2,2023-03-12,2023-03-28,1.0657463284269713,sobrepago_senal_revisar
C001697,67401.35,Comparación de Precios,2023-09-14,works,Obra de rehabilitación vial,1,67401.35,67401.35,2023-09-29,2023-10-14,1.0,pagado_aproximadamente_completo
C002877,28842.99,Licitación Pública,2024-05-25,goods,Suministro de combustible,2,21532.61,21532.61,2024-06-21,2024-07-12,0.7465456944651022,pago_parcial
C000088,103614.02,Comparación de Precios,2024-06-20,services,Servicio de mantenimiento de infraestructura,3,103614.02,103614.02,2024-07-19,2024-08-23,1.0,pagado_aproximadamente_completo
C002763,25440.24,,2024-12-14,services,Servicio de transporte,1,16105.46,0.0,2025-01-01,,0.0,pendiente_sin_pago
C002632,175250.13,Licitación Pública,2025-01-14,services,Servicio de mantenimiento de infraestructura,3,175250.13,175250.13,2025-02-15,2025-03-28,1.0,pagado_aproximadamente_completo
C000976,46775.47,Comparación de Precios,2023-11-16,goods,Adquisición de equipos informáticos,1,46775.47,46775.47,2023-12-02,2023-12-31,1.0,pagado_aproximadamente_completo
C003265,30312.98,Licitación Pública,2025-12-13,services,Consultoría en ingeniería,1,30312.98,30312.98,2026-01-14,2026-05-06,1.0,pagado_aproximadamente_completo
C002646,271907.91,Adjudicación Simplificada,2025-09-01,services,Servicio de limpieza y vigilancia,1,271907.91,271907.91,2025-09-07,2025-12-10,1.0,pagado_aproximadamente_completo
C000436,135776.3,Comparación de Precios,2023-06-05,goods,Adquisición de materiales de construcción,1,78641.2,0.0,2023-06-26,,0.0,pendiente_sin_pago
C003185,7295.51,Concurso Público,2025-06-22,goods,Adquisición de equipos informáticos,1,7295.51,7295.51,2025-08-05,2025-10-02,1.0,pagado_aproximadamente_completo
C003335,86955.56,Concurso Público,2024-12-11,services,Servicio de limpieza y vigilancia,3,86955.56,86955.56,2025-01-09,2025-02-17,1.0,pagado_aproximadamente_completo
C001891,54787.99,Adjudicación Simplificada,2024-02-12,goods,Adquisición de bienes de oficina,3,54787.99,54787.99,2024-03-12,2024-05-20,1.0,pagado_aproximadamente_completo
C001652,15640.92,Licitación Pública,2023-06-30,goods,Suministro de combustible,1,13180.17,13180.17,2023-08-09,2023-08-21,0.8426722980489638,pago_parcial
C001309,319328.14,Adjudicación Simplificada,2025-11-16,services,Servicio de transporte,1,205316.47,0.0,2025-12-01,,0.0,pendiente_sin_pago
C002461,84171.88,Licitación Pública,2023-10-12,works,Obra de rehabilitación vial,1,56992.47,0.0,2023-11-15,,0.0,pendiente_sin_pago
C001132,77919.01,Adjudicación Simplificada,2024-05-11,services,Servicio de mantenimiento de infraestructura,1,77919.01,77919.01,2024-06-09,2024-06-13,1.0,pagado_aproximadamente_completo
C001211,44482.68,,2024-07-30,goods,Adquisición de equipos informáticos,3,44482.68,44482.68,2024-08-06,2024-10-25,1.0,pagado_aproximadamente_completo
C000283,61575.68,Comparación de Precios,2024-02-20,services,Consultoría en ingeniería,1,61575.68,61575.68,2024-03-29,2024-06-16,1.0,pagado_aproximadamente_completo
C000274,204032.36,Comparación de Precios,2026-02-21,services,Servicio de limpieza y vigilancia,2,204032.36,204032.36,2026-03-03,2026-04-12,1.0,pagado_aproximadamente_completo
C700098,457470.12,Adjudicación Simplificada,2024-06-06,goods,Adquisición de equipos informáticos,2,457470.12,457470.12,2024-07-03,2024-07-23,1.0,pagado_aproximadamente_completo
C002929,90630.71,Comparación de Precios,2025-03-01,works,Obra de rehabilitación vial,1,90630.71,90630.71,2025-03-09,2025-03-13,1.0,pagado_aproximadamente_completo
C001094,30842.55,Concurso Público,2024-07-08,services,Servicio de limpieza y vigilancia,1,30842.55,30842.55,2024-07-27,2024-07-30,1.0,pagado_aproximadamente_completo
C002845,1114195.7,Comparación de Precios,2023-02-04,services,Consultoría en ingeniería,2,701147.0299999999,701147.03,2023-02-17,2023-04-01,0.6292853490639033,pago_parcial
C000423,162195.05,Contratación Directa,2024-10-08,services,Servicio de limpieza y vigilancia,1,162195.05,162195.05,2024-11-04,2024-11-29,1.0,pagado_aproximadamente_completo
C002780,49718.91,Contratación Directa,2023-07-19,goods,Suministro de combustible,2,39491.66,39491.659999999996,2023-08-23,2023-09-20,0.794298587800899,pago_parcial
C001793,189991.02,Adjudicación Simplificada,2026-05-11,services,Servicio de transporte,1,189991.02,189991.02,2026-06-05,2026-06-27,1.0,pagado_aproximadamente_completo
C000506,79314.26,Comparación de Precios,2023-12-31,services,Servicio de capacitación,2,79314.26000000001,79314.26000000001,2024-01-13,2024-02-20,1.0000000000000002,pagado_aproximadamente_completo
C001779,40334.23,,2023-11-23,works,Obra de rehabilitación vial,2,25558.67,25558.67,2023-12-29,2024-02-03,0.6336719456402167,pago_parcial
C002498,28910.96,Licitación Pública,2025-07-28,services,Servicio de transporte,1,21250.07,21250.07,2025-08-05,2025-08-14,0.7350177925603301,pago_parcial
C002685,66280.52,Comparación de Precios,2025-10-29,services,Consultoría en ingeniería,1,66280.52,66280.52,2025-11-30,2025-12-04,1.0,pagado_aproximadamente_completo
C002534,6926.47,Adjudicación Simplificada,2026-03-24,services,Servicio de transporte,1,6926.47,6926.47,2026-04-29,2026-05-16,1.0,pagado_aproximadamente_completo
C001157,28673.69,Licitación Pública,2024-09-06,works,Obra de rehabilitación vial,3,28673.690000000002,28673.690000000002,2024-09-16,2024-11-18,1.0000000000000002,pagado_aproximadamente_completo
C000549,111768.41,Comparación de Precios,2023-08-05,services,Servicio de transporte,1,53044.24,0.0,2023-08-26,,0.0,pendiente_sin_pago
C000557,51270.3,Adjudicación Simplificada,2023-07-15,services,Servicio de capacitación,1,37875.5,37875.5,2023-08-02,2023-08-27,0.7387415326222003,pago_parcial
C000817,36434.64,Contratación Directa,2025-05-20,goods,Adquisición de equipos informáticos,2,36434.64,36434.64,2025-05-27,2025-07-19,1.0,pagado_aproximadamente_completo
C000602,139131.43,Adjudicación Simplificada,2024-12-02,goods,Adquisición de bienes de oficina,3,139131.43,139131.43,2025-01-05,2025-03-18,1.0,pagado_aproximadamente_completo
C000442,104312.42,Adjudicación Simplificada,2026-02-14,services,Consultoría en ingeniería,1,104312.42,104312.42,2026-03-09,2026-03-21,1.0,pagado_aproximadamente_completo
C001538,54591.95,Comparación de Precios,2024-06-28,services,Servicio de capacitación,2,54591.950000000004,54591.950000000004,2024-07-30,2024-08-29,1.0000000000000002,pagado_aproximadamente_completo
C000218,217171.85,Adjudicación Simplificada,2023-04-29,goods,Adquisición de equipos informáticos,1,217171.85,217171.85,2023-05-23,2023-05-31,1.0,pagado_aproximadamente_completo
C001876,50605.12,Contratación Directa,2023-11-28,works,Obra de rehabilitación vial,3,50605.12,50605.119999999995,2023-12-16,2024-02-28,0.9999999999999999,pagado_aproximadamente_completo
C003081,57905.05,Comparación de Precios,2025-11-08,goods,Suministro de combustible,2,57905.05,57905.05,2025-12-09,2025-12-19,1.0,pagado_aproximadamente_completo
C003015,112637.55,Contratación Directa,2023-06-04,goods,Suministro de combustible,1,112637.55,112637.55,2023-06-24,2023-07-13,1.0,pagado_aproximadamente_completo
C700037,250972.4,Licitación Pública,2025-10-17,goods,Adquisición de equipos informáticos,3,250972.40000000002,250972.40000000002,2025-11-12,2026-01-07,1.0000000000000002,pagado_aproximadamente_completo
C002018,12064.35,Concurso Público,2023-01-13,works,Obra de rehabilitación vial,1,5494.88,0.0,2023-02-05,,0.0,pendiente_sin_pago
C003135,167142.38,Comparación de Precios,2024-02-05,services,Servicio de capacitación,1,92584.2,0.0,2024-03-08,,0.0,pendiente_sin_pago
C002222,251423.26,Adjudicación Simplificada,2024-10-28,services,Servicio de capacitación,1,251423.26,251423.26,2024-11-08,2024-11-19,1.0,pagado_aproximadamente_completo
C001344,28781.73,Adjudicación Simplificada,2025-02-11,goods,Adquisición de equipos informáticos,1,28781.73,28781.73,2025-02-27,2025-03-17,1.0,pagado_aproximadamente_completo
C000921,183896.43,Adjudicación Simplificada,2025-09-12,goods,Adquisición de bienes de oficina,1,137544.02,0.0,2025-10-16,,0.0,pendiente_sin_pago
C000897,42121.8,Licitación Pública,2023-04-01,works,Obra de rehabilitación vial,3,42121.8,42121.8,2023-04-18,2023-06-14,1.0,pagado_aproximadamente_completo
C002580,144706.26,Adjudicación Simplificada,2025-12-22,goods,Adquisición de bienes de oficina,3,144706.26,144706.26,2026-01-24,2026-03-18,1.0,pagado_aproximadamente_completo
C003336,26967.46,Contratación Directa,2025-06-27,services,Servicio de mantenimiento de infraestructura,1,26967.46,26967.46,2025-07-03,2025-10-04,1.0,pagado_aproximadamente_completo
C003348,546822.56,Licitación Pública,2023-07-17,services,Servicio de limpieza y vigilancia,3,546822.56,546822.56,2023-08-10,2023-09-20,1.0,pagado_aproximadamente_completo
C000905,,Concurso Público,2025-10-26,goods,Adquisición de materiales de construcción,2,62185.65,62185.65,2025-11-30,2026-01-05,,sin_pago_o_sin_cuantia
C001377,101960.35,,2025-07-16,goods,Suministro de combustible,2,101960.35,101960.35,2025-08-11,2025-12-16,1.0,pagado_aproximadamente_completo
C800023,274260.54,Adjudicación Simplificada,2024-08-02,goods,Suministro de combustible,2,274260.54,274260.54000000004,2024-08-16,2024-09-10,1.0000000000000002,pagado_aproximadamente_completo
C001034,54508.3,Adjudicación Simplificada,2026-04-15,services,Servicio de transporte,2,54508.299999999996,54508.3,2026-05-22,2026-06-13,1.0,pagado_aproximadamente_completo
C000578,64058.72,Contratación Directa,2024-03-28,goods,Adquisición de materiales de construcción,3,64058.72,64058.72,2024-04-22,2024-07-01,1.0,pagado_aproximadamente_completo
C002112,33310.77,Contratación Directa,2025-08-13,services,Servicio de limpieza y vigilancia,2,28269.48,28269.48,2025-08-26,2025-10-22,0.8486588571804256,pago_parcial
C003277,43133.93,Concurso Público,2026-01-19,goods,Adquisición de materiales de construcción,2,43133.93,43133.93,2026-02-27,2026-03-21,1.0,pagado_aproximadamente_completo
C000000,50035.14,Comparación de Precios,2023-06-06,goods,Suministro de combustible,2,50035.14,50035.14,2023-06-30,2023-10-09,1.0,pagado_aproximadamente_completo
C001766,15960.4,Licitación Pública,2024-08-13,services,Servicio de mantenimiento de infraestructura,2,15960.4,15960.400000000001,2024-08-18,2024-11-05,1.0000000000000002,pagado_aproximadamente_completo
C700064,288649.05,Concurso Público,2024-11-29,services,Servicio de limpieza y vigilancia,1,288649.05,288649.05,2024-12-30,2025-03-26,1.0,pagado_aproximadamente_completo
C001128,49612.85,Adjudicación Simplificada,2025-08-28,services,Servicio de transporte,2,49612.850000000006,49612.85,2025-10-11,2025-11-09,1.0,pagado_aproximadamente_completo
C000952,36871.7,Adjudicación Simplificada,2023-12-30,services,Servicio de mantenimiento de infraestructura,2,36871.7,36871.7,2024-01-17,2024-02-12,1.0,pagado_aproximadamente_completo
C002920,11721.29,Comparación de Precios,2025-05-01,works,Obra de rehabilitación vial,3,11721.29,11721.29,2025-06-06,2025-07-21,1.0,pagado_aproximadamente_completo
C000247,66000.22,Comparación de Precios,2026-01-06,goods,Adquisición de bienes de oficina,2,66000.22,66000.22,2026-01-15,2026-03-24,1.0,pagado_aproximadamente_completo
C001233,99619.93,Licitación Pública,2023-02-26,goods,Suministro de combustible,2,99619.93,99619.93,2023-03-19,2023-05-21,1.0,pagado_aproximadamente_completo
C001391,76201.75,Concurso Público,2024-05-19,services,Consultoría en ingeniería,2,76201.75,76201.75,2024-05-25,2024-10-04,1.0,pagado_aproximadamente_completo
C002215,11452.16,Concurso Público,2025-04-20,works,Obra de rehabilitación vial,3,11452.16,11452.16,2025-04-30,2025-07-08,1.0,pagado_aproximadamente_completo
C002398,5878.35,Adjudicación Simplificada,2024-05-29,services,Servicio de capacitación,2,5878.35,5878.35,2024-06-09,2024-08-06,1.0,pagado_aproximadamente_completo
C000650,50493.02,Licitación Pública,2023-03-02,services,Servicio de mantenimiento de infraestructura,1,50493.02,50493.02,2023-04-11,2023-05-08,1.0,pagado_aproximadamente_completo
C002347,170241.16,Adjudicación Simplificada,2026-04-25,goods,Adquisición de bienes de oficina,1,170241.16,170241.16,2026-05-08,2026-05-25,1.0,pagado_aproximadamente_completo
C001017,64052.26,Licitación Pública,2025-01-21,works,Obra de rehabilitación vial,3,64052.26,64052.259999999995,2025-02-11,2025-03-20,0.9999999999999999,pagado_aproximadamente_completo
C000175,3195.2,Concurso Público,2023-07-01,goods,Adquisición de equipos informáticos,2,3195.2,3195.2,2023-08-07,2023-09-13,1.0,pagado_aproximadamente_completo
C000278,49886.22,Concurso Público,2026-05-30,services,Consultoría en ingeniería,1,43985.45,43985.45,2026-06-21,2026-07-17,0.8817154316362313,pago_parcial
C003316,46317.08,Adjudicación Simplificada,2023-08-07,services,Servicio de capacitación,2,46317.08,46317.08,2023-08-25,2023-09-08,1.0,pagado_aproximadamente_completo
C003105,61691.24,Concurso Público,2024-12-28,services,Servicio de mantenimiento de infraestructura,1,61691.24,61691.24,2025-02-02,2025-03-01,1.0,pagado_aproximadamente_completo
C003162,8489.59,,2024-05-09,services,Servicio de capacitación,1,6258.26,6258.26,2024-06-17,2024-07-03,0.7371686971926795,pago_parcial
C001339,140740.51,Adjudicación Simplificada,2024-05-15,services,Servicio de limpieza y vigilancia,1,140740.51,140740.51,2024-06-18,2024-06-27,1.0,pagado_aproximadamente_completo
C002517,178448.8,Licitación Pública,2023-06-18,goods,Adquisición de materiales de construcción,3,178448.8,178448.8,2023-06-23,2023-08-21,1.0,pagado_aproximadamente_completo
C001641,9345.15,Concurso Público,2025-09-03,goods,Adquisición de materiales de construcción,3,9345.15,9345.15,2025-09-19,2025-11-18,1.0,pagado_aproximadamente_completo
C000416,19713.7,Licitación Pública,2026-06-14,goods,Adquisición de materiales de construcción,2,16686.61,16686.61,2026-07-15,2026-08-05,0.8464473944515742,pago_parcial
C001123,14239.29,,2023-04-04,services,Servicio de mantenimiento de infraestructura,2,14239.29,14239.29,2023-04-29,2023-08-13,1.0,pagado_aproximadamente_completo
C000217,24484.43,Comparación de Precios,2024-12-06,services,Servicio de mantenimiento de infraestructura,1,24484.43,24484.43,2025-01-02,2025-01-29,1.0,pagado_aproximadamente_completo
C001702,30373.39,Adjudicación Simplificada,2025-10-23,goods,Suministro de combustible,1,30373.39,30373.39,2025-11-30,2025-12-22,1.0,pagado_aproximadamente_completo
C000781,33821.91,Concurso Público,2025-07-30,services,Servicio de transporte,1,33821.91,33821.91,2025-08-15,2025-09-09,1.0,pagado_aproximadamente_completo
C001452,19010.25,Comparación de Precios,2024-02-11,services,Servicio de transporte,2,19010.25,19010.25,2024-03-08,2024-04-19,1.0,pagado_aproximadamente_completo
C002358,315279.19,Comparación de Precios,2023-08-05,goods,Adquisición de materiales de construcción,3,315279.19,315279.19,2023-08-26,2023-10-29,1.0,pagado_aproximadamente_completo
C000693,121072.9,Contratación Directa,2023-02-18,services,Servicio de transporte,3,121072.9,121072.9,2023-03-24,2023-05-07,1.0,pagado_aproximadamente_completo
C002179,333982.84,Adjudicación Simplificada,2025-10-10,works,Obra de rehabilitación vial,1,223914.56,223914.56,2025-10-24,2025-11-19,0.670437319474258,pago_parcial
C001255,76438.5,Comparación de Precios,2024-12-29,works,,1,28219.5,0.0,2025-02-06,,0.0,pendiente_sin_pago
C003163,39579.22,Adjudicación Simplificada,2025-03-22,goods,Suministro de combustible,2,39579.22,39579.22,2025-04-16,2025-06-16,1.0,pagado_aproximadamente_completo
C000449,124429.23,Adjudicación Simplificada,2024-10-15,goods,Adquisición de bienes de oficina,3,124429.23,124429.23,2024-11-02,2025-01-04,1.0,pagado_aproximadamente_completo
C001204,97119.88,Licitación Pública,2026-01-26,goods,Adquisición de materiales de construcción,1,57854.05,0.0,2026-02-12,,0.0,pendiente_sin_pago
C000376,24931.57,Comparación de Precios,2024-07-15,services,Consultoría en ingeniería,1,24931.57,24931.57,2024-08-10,2024-10-20,1.0,pagado_aproximadamente_completo
C001315,16992.52,Adjudicación Simplificada,2026-01-15,services,Servicio de transporte,3,16992.52,16992.52,2026-02-22,2026-04-03,1.0,pagado_aproximadamente_completo
C900016,72765.94,Contratación Directa,2024-05-30,goods,Adquisición de bienes de oficina,1,72765.94,72765.94,2024-06-28,2024-07-12,1.0,pagado_aproximadamente_completo
C002341,14139.63,Adjudicación Simplificada,2025-11-07,goods,Suministro de combustible,3,14139.630000000001,14139.63,2025-12-02,2026-02-06,1.0,pagado_aproximadamente_completo
C000433,89972.91,Adjudicación Simplificada,2024-03-08,goods,Adquisición de equipos informáticos,2,89972.90999999999,89972.91,2024-04-16,2024-05-15,1.0,pagado_aproximadamente_completo
C000721,46778.37,Adjudicación Simplificada,2024-08-26,works,Obra de rehabilitación vial,2,46778.37,46778.369999999995,2024-09-05,2024-10-31,0.9999999999999999,pagado_aproximadamente_completo
C000371,96474.61,Concurso Público,2025-08-27,services,Servicio de limpieza y vigilancia,1,62216.15,62216.15,2025-09-26,2025-10-22,0.6448966209865995,pago_parcial
C003039,188710.16,Adjudicación Simplificada,2025-06-09,works,Obra de rehabilitación vial,1,188710.16,188710.16,2025-07-23,2025-08-11,1.0,pagado_aproximadamente_completo
C002647,55184.31,Licitación Pública,2024-07-30,goods,Adquisición de bienes de oficina,2,35137.08,35137.08,2024-08-07,2024-10-06,0.6367222857366523,pago_parcial
C000907,53305.82,Comparación de Precios,2024-10-11,services,Servicio de mantenimiento de infraestructura,3,53305.82,53305.81999999999,2024-10-29,2024-12-24,0.9999999999999999,pagado_aproximadamente_completo
C000925,91016.66,Concurso Público,2024-02-16,works,Obra de rehabilitación vial,1,91016.66,91016.66,2024-03-07,2024-04-02,1.0,pagado_aproximadamente_completo
C000644,42867.93,Adjudicación Simplificada,2025-07-22,works,Obra de rehabilitación vial,2,42867.93,42867.93,2025-08-01,2025-10-08,1.0,pagado_aproximadamente_completo
C001258,36021.78,Licitación Pública,2024-10-17,services,Servicio de limpieza y vigilancia,1,36021.78,36021.78,2024-11-18,2024-12-03,1.0,pagado_aproximadamente_completo
C002650,11786.74,Adjudicación Simplificada,2026-02-27,services,Servicio de capacitación,2,11786.74,11786.74,2026-03-25,2026-04-18,1.0,pagado_aproximadamente_completo
C800028,98084.44,Licitación Pública Abreviada,2025-09-09,goods,Adquisición de bienes de oficina,1,98084.44,98084.44,2025-09-19,2025-10-11,1.0,pagado_aproximadamente_completo
C001412,61712.8,Adjudicación Simplificada,2026-03-18,goods,Suministro de combustible,1,61712.8,61712.8,2026-04-25,2026-04-28,1.0,pagado_aproximadamente_completo
C001288,51537.47,Licitación Pública,2025-11-07,goods,Adquisición de materiales de construcción,3,51537.47,51537.47,2025-11-25,2026-01-17,1.0,pagado_aproximadamente_completo
C001281,71013.63,Adjudicación Simplificada,2024-11-06,services,Servicio de capacitación,2,71013.63,71013.63,2024-12-06,2025-01-16,1.0,pagado_aproximadamente_completo
C003326,17639.71,Comparación de Precios,2026-06-04,services,Consultoría en ingeniería,1,10462.64,0.0,2026-07-02,,0.0,pendiente_sin_pago
C000246,57610.59,Adjudicación Simplificada,2024-02-14,services,Servicio de limpieza y vigilancia,1,57610.59,57610.59,2024-03-02,2024-03-18,1.0,pagado_aproximadamente_completo
C001721,36549.32,Concurso Público,2024-08-24,services,Servicio de limpieza y vigilancia,1,36549.32,36549.32,2024-09-03,2024-09-24,1.0,pagado_aproximadamente_completo
C000505,31438.6,Adjudicación Simplificada,2023-03-04,services,Servicio de capacitación,1,23876.97,0.0,2023-04-13,,0.0,pendiente_sin_pago
C002631,15539.86,Concurso Público,2024-08-03,services,Consultoría en ingeniería,3,15539.860000000002,15539.86,2024-08-09,2024-10-26,1.0,pagado_aproximadamente_completo
C003418,37971.86,Licitación Pública,2025-09-17,services,Servicio de capacitación,2,37971.86,37971.86,2025-10-12,2025-12-02,1.0,pagado_aproximadamente_completo
C003206,21012.1,Licitación Pública,2026-01-29,works,Obra de rehabilitación vial,3,21012.1,21012.1,2026-03-02,2026-04-29,1.0,pagado_aproximadamente_completo
C003192,,Adjudicación Simplificada,2023-10-04,goods,Adquisición de equipos informáticos,1,43767.43,43767.43,2023-11-08,2023-11-23,,sin_pago_o_sin_cuantia
C000999,161935.86,Licitación Pública,2024-07-29,goods,Adquisición de equipos informáticos,1,161935.86,161935.86,2024-08-29,2024-09-16,1.0,pagado_aproximadamente_completo
C000932,159703.27,Comparación de Precios,2025-06-01,goods,Adquisición de equipos informáticos,1,90646.25,90646.25,2025-07-14,2025-07-28,0.5675916967761525,pago_parcial
C001725,221081.21,Concurso Público,2026-05-01,works,Obra de rehabilitación vial,2,221081.21,221081.21000000002,2026-05-23,2026-06-29,1.0000000000000002,pagado_aproximadamente_completo
C001614,42682.5,Concurso Público,2024-01-13,services,Servicio de capacitación,2,42682.5,42682.5,2024-01-29,2024-04-18,1.0,pagado_aproximadamente_completo
C002847,21347.09,Comparación de Precios,2024-12-08,services,Servicio de transporte,2,21347.09,21347.09,2024-12-29,2025-02-03,1.0,pagado_aproximadamente_completo
C003492,26412.68,Contratación Directa,2023-04-05,services,Servicio de mantenimiento de infraestructura,1,26412.68,26412.68,2023-05-10,2023-05-20,1.0,pagado_aproximadamente_completo
C002764,154748.7,Adjudicación Simplificada,2023-09-18,services,Servicio de limpieza y vigilancia,3,154748.7,154748.7,2023-10-11,2023-12-22,1.0,pagado_aproximadamente_completo
C700023,487515.23,Concurso Público,2025-03-08,works,Obra de rehabilitación vial,2,288633.41000000003,288633.41000000003,2025-03-13,2025-05-08,0.5920500370829441,pago_parcial
C000543,225969.8,Comparación de Precios,2024-03-23,services,Servicio de transporte,3,225969.80000000002,225969.8,2024-04-18,2024-06-22,1.0,pagado_aproximadamente_completo
C003221,43088.77,,2024-01-27,goods,Adquisición de equipos informáticos,1,20664.2,0.0,2024-03-03,,0.0,pendiente_sin_pago
C002399,,Licitación Pública,2025-05-14,goods,Adquisición de bienes de oficina,1,31032.09,0.0,2025-05-23,,,sin_pago_o_sin_cuantia
C003036,6507.94,Adjudicación Simplificada,2025-12-30,services,Servicio de transporte,1,3527.49,0.0,2026-01-19,,0.0,pendiente_sin_pago
C002389,43395.09,Adjudicación Simplificada,2023-09-23,services,Servicio de limpieza y vigilancia,1,43395.09,43395.09,2023-10-23,2023-11-03,1.0,pagado_aproximadamente_completo
C001610,23097.12,Licitación Pública,2023-10-18,services,Consultoría en ingeniería,3,23097.120000000003,23097.12,2023-11-16,2024-01-07,1.0,pagado_aproximadamente_completo
C000612,20209.87,Adjudicación Simplificada,2025-01-20,services,Consultoría en ingeniería,1,20209.87,20209.87,2025-03-03,2025-03-18,1.0,pagado_aproximadamente_completo
C003280,13873.57,Concurso Público,2026-04-06,goods,Adquisición de bienes de oficina,2,13873.57,13873.57,2026-05-18,2026-06-25,1.0,pagado_aproximadamente_completo
C001056,54381.89,Adjudicación Simplificada,2026-03-07,goods,Adquisición de materiales de construcción,3,54381.89,54381.89,2026-04-03,2026-05-30,1.0,pagado_aproximadamente_completo
C000881,29010.88,Adjudicación Simplificada,2024-10-23,works,Obra de rehabilitación vial,2,29010.879999999997,29010.879999999997,2024-11-20,2025-01-02,0.9999999999999999,pagado_aproximadamente_completo
C000485,77762.95,Comparación de Precios,2024-09-30,services,Servicio de transporte,2,77762.95,77762.95,2024-11-10,2024-11-21,1.0,pagado_aproximadamente_completo
C003291,408519.49,Adjudicación Simplificada,2023-04-03,services,Servicio de limpieza y vigilancia,1,253145.75,0.0,2023-04-09,,0.0,pendiente_sin_pago
C003264,71799.48,Licitación Pública,2025-11-26,goods,Adquisición de bienes de oficina,1,64395.22,64395.22,2026-01-07,2026-01-27,0.8968758548112048,pago_parcial
C001468,31350.43,Licitación Pública,2024-01-09,goods,Suministro de combustible,3,31350.43,31350.43,2024-02-03,2024-04-08,1.0,pagado_aproximadamente_completo
C000258,3721.96,Adjudicación Simplificada,2023-06-13,goods,Suministro de combustible,1,3721.96,3721.96,2023-07-26,2023-07-28,1.0,pagado_aproximadamente_completo
C001992,288710.3,Concurso Público,2023-06-17,goods,Adquisición de bienes de oficina,1,288710.3,288710.3,2023-07-05,2023-09-26,1.0,pagado_aproximadamente_completo
C002905,20906.34,Concurso Público,2023-04-13,services,,1,22149.42,22149.42,2023-05-03,2023-05-12,1.0594594749726638,sobrepago_senal_revisar
C000746,43091.46,,2024-07-05,goods,Adquisición de materiales de construcción,3,43091.46,43091.46,2024-07-11,2024-10-15,1.0,pagado_aproximadamente_completo
C003409,70200.56,Licitación Pública,2024-11-23,goods,Adquisición de equipos informáticos,2,70200.56,70200.56,2024-12-02,2025-01-16,1.0,pagado_aproximadamente_completo
C002664,116450.05,Licitación Pública,2023-06-02,works,Obra de rehabilitación vial,3,116450.05,116450.05,2023-07-02,2023-08-20,1.0,pagado_aproximadamente_completo
C002314,70256.72,Licitación Pública,2023-06-19,goods,Suministro de combustible,3,70256.72,70256.72,2023-07-31,2023-08-30,1.0,pagado_aproximadamente_completo
C000209,204085.23,Comparación de Precios,2023-05-16,works,Obra de rehabilitación vial,1,73919.14,0.0,2023-06-16,,0.0,pendiente_sin_pago
C003355,210654.25,Contratación Directa,2025-10-07,services,Servicio de mantenimiento de infraestructura,1,170044.79,170044.79,2025-11-07,2025-11-19,0.807222213651042,pago_parcial
C001586,,Comparación de Precios,2023-06-19,goods,Adquisición de materiales de construcción,3,62185.65,62185.65,2023-06-26,2023-09-14,,sin_pago_o_sin_cuantia
C000949,375831.12,Adjudicación Simplificada,2025-11-26,services,Servicio de transporte,3,375831.12,375831.12,2025-12-12,2026-02-05,1.0,pagado_aproximadamente_completo
C002494,174000.25,Comparación de Precios,2025-11-25,goods,Adquisición de equipos informáticos,1,174000.25,174000.25,2025-12-31,2026-01-25,1.0,pagado_aproximadamente_completo
C001954,33349.11,Adjudicación Simplificada,2023-11-18,goods,Adquisición de bienes de oficina,1,33349.11,33349.11,2023-12-13,2023-12-26,1.0,pagado_aproximadamente_completo
C000596,179938.55,Contratación Directa,2023-09-12,goods,Adquisición de materiales de construcción,2,179938.55,179938.55,2023-10-07,2023-11-30,1.0,pagado_aproximadamente_completo
C800012,172727.33,Adjudicación Simplificada,2024-01-25,services,Servicio de mantenimiento de infraestructura,1,154382.69,154382.69,2024-02-01,2024-02-10,0.8937942246892835,pago_parcial
C003021,65857.75,Adjudicación Simplificada,2024-10-15,goods,Suministro de combustible,2,65857.75,65857.75,2024-11-14,2025-01-20,1.0,pagado_aproximadamente_completo
C000296,13944.8,Licitación Pública,2023-12-14,services,Consultoría en ingeniería,2,13944.8,13944.8,2024-01-03,2024-05-11,1.0,pagado_aproximadamente_completo
C000964,37631.18,Licitación Pública,2025-09-10,services,Consultoría en ingeniería,1,14637.16,0.0,2025-10-18,,0.0,pendiente_sin_pago
C000507,11527.65,Contratación Directa,2024-11-16,goods,Adquisición de materiales de construcción,2,11527.65,11527.65,2024-11-23,2025-01-20,1.0,pagado_aproximadamente_completo
C000007,29853.5,Adjudicación Simplificada,2026-05-04,services,Servicio de capacitación,1,16725.19,16725.19,2026-06-14,2026-07-01,0.5602421826586497,pago_parcial
C002123,42241.87,Adjudicación Simplificada,2026-04-07,goods,Adquisición de equipos informáticos,1,42241.87,42241.87,2026-05-13,2026-06-02,1.0,pagado_aproximadamente_completo
C002833,28652.34,Adjudicación Simplificada,2023-08-18,goods,Adquisición de materiales de construcción,2,28652.339999999997,28652.34,2023-09-15,2023-10-12,1.0,pagado_aproximadamente_completo
C002276,167464.76,Comparación de Precios,2025-05-10,services,Servicio de limpieza y vigilancia,2,167464.76,167464.76,2025-06-17,2025-07-11,1.0,pagado_aproximadamente_completo
C001837,215278.54,Comparación de Precios,2024-01-16,services,Servicio de capacitación,1,215278.54,215278.54,2024-01-30,2024-02-11,1.0,pagado_aproximadamente_completo
C002894,33827.47,Comparación de Precios,2024-11-24,goods,Adquisición de equipos informáticos,2,33827.47,33827.47,2024-11-29,2024-12-30,1.0,pagado_aproximadamente_completo
C002691,45286.57,Licitación Pública,2024-02-28,goods,Adquisición de bienes de oficina,1,24926.87,24926.87,2024-03-25,2024-04-11,0.5504252143626687,pago_parcial
C002965,101060.31,Adjudicación Simplificada,2024-01-20,services,Servicio de transporte,1,101060.31,101060.31,2024-02-15,2024-03-05,1.0,pagado_aproximadamente_completo
C700072,853902.03,Licitación Pública,2024-07-15,services,Servicio de mantenimiento de infraestructura,1,676367.69,0.0,2024-08-06,,0.0,pendiente_sin_pago
C002584,12720.07,Adjudicación Simplificada,2025-12-30,services,Servicio de mantenimiento de infraestructura,2,12720.07,12720.07,2026-01-06,2026-02-07,1.0,pagado_aproximadamente_completo
C001073,42933.31,Concurso Público,2025-03-18,services,Servicio de limpieza y vigilancia,2,30980.41,30980.410000000003,2025-04-17,2025-05-21,0.7215937927916577,pago_parcial
C000794,122895.91,Adjudicación Simplificada,2025-10-12,goods,Adquisición de equipos informáticos,2,122895.91,122895.91,2025-11-19,2025-12-17,1.0,pagado_aproximadamente_completo
C001029,224338.2,Adjudicación Simplificada,2023-01-22,goods,,1,137983.64,137983.64,2023-02-06,2023-03-06,0.6150697473724939,pago_parcial
C001192,297869.28,Licitación Pública,2025-03-19,goods,Adquisición de equipos informáticos,2,297869.28,297869.28,2025-03-27,2025-05-22,1.0,pagado_aproximadamente_completo
C000096,214153.26,Comparación de Precios,2023-10-11,goods,Suministro de combustible,3,214153.26,214153.26,2023-10-25,2023-12-19,1.0,pagado_aproximadamente_completo
C000043,138943.14,Comparación de Precios,2024-06-24,services,Servicio de limpieza y vigilancia,1,90488.8,90488.8,2024-07-14,2024-08-06,0.6512649706923278,pago_parcial
C900019,82409.34,Adjudicación Simplificada,2025-03-15,services,Servicio de transporte,3,82409.34,82409.34,2025-04-11,2025-06-18,1.0,pagado_aproximadamente_completo
C003224,360142.69,Comparación de Precios,2024-10-29,services,Consultoría en ingeniería,2,360142.69,360142.69,2024-11-04,2025-01-18,1.0,pagado_aproximadamente_completo
C003299,171860.06,Concurso Público,2024-01-17,works,Obra de rehabilitación vial,1,171860.06,171860.06,2024-02-22,2024-03-12,1.0,pagado_aproximadamente_completo
C001272,115991.84,Concurso Público,2023-06-02,services,Servicio de capacitación,1,115991.84,115991.84,2023-06-19,2023-07-16,1.0,pagado_aproximadamente_completo
C000025,47247.25,Adjudicación Simplificada,2025-05-25,services,Servicio de capacitación,3,47247.25,47247.25,2025-07-07,2025-08-28,1.0,pagado_aproximadamente_completo
C001392,74566.0,Adjudicación Simplificada,2026-04-23,services,Servicio de capacitación,1,74566.0,74566.0,2026-05-06,2026-07-18,1.0,pagado_aproximadamente_completo
C000679,24124.96,Comparación de Precios,2023-06-27,services,Consultoría en ingeniería,1,25136.59,25136.59,2023-07-25,2023-08-10,1.0419329192670164,sobrepago_senal_revisar
C001780,117738.98,,2024-10-25,goods,Adquisición de bienes de oficina,2,117738.98000000001,117738.98,2024-11-11,2025-01-19,1.0,pagado_aproximadamente_completo
C002505,14551.77,Adjudicación Simplificada,2026-02-20,services,Servicio de transporte,2,14551.77,14551.77,2026-03-13,2026-04-28,1.0,pagado_aproximadamente_completo
C003398,156585.61,Comparación de Precios,2026-06-14,goods,Suministro de combustible,3,156585.61,156585.61,2026-07-21,2026-08-07,1.0,pagado_aproximadamente_completo
C001623,385575.45,Adjudicación Simplificada,2025-03-25,services,Servicio de limpieza y vigilancia,1,385575.45,385575.45,2025-04-23,2025-04-28,1.0,pagado_aproximadamente_completo
C800008,215539.58,Adjudicación Simplificada,2024-10-30,services,Consultoría en ingeniería,1,215539.58,215539.58,2024-12-07,2024-12-27,1.0,pagado_aproximadamente_completo
C001075,152812.81,Concurso Público,2023-10-13,works,Obra de rehabilitación vial,1,152812.81,152812.81,2023-11-09,2023-11-29,1.0,pagado_aproximadamente_completo
C900053,274853.96,Adjudicación Simplificada,2024-04-08,works,Obra de rehabilitación vial,1,274853.96,274853.96,2024-04-19,2024-07-29,1.0,pagado_aproximadamente_completo
C002206,109384.76,Comparación de Precios,2024-09-18,works,Obra de rehabilitación vial,1,109384.76,109384.76,2024-10-10,2024-10-31,1.0,pagado_aproximadamente_completo
C000864,31922.13,Contratación Directa,2024-09-18,goods,Adquisición de materiales de construcción,1,12425.28,0.0,2024-10-09,,0.0,pendiente_sin_pago
C001936,28590.09,Comparación de Precios,2025-02-03,services,Servicio de limpieza y vigilancia,2,28590.09,28590.09,2025-03-06,2025-03-20,1.0,pagado_aproximadamente_completo
C000067,60254.89,Adjudicación Simplificada,2024-12-01,services,Consultoría en ingeniería,2,60254.89,60254.89,2025-01-01,2025-01-23,1.0,pagado_aproximadamente_completo
C001973,42225.17,Contratación Directa,2025-06-01,services,Servicio de mantenimiento de infraestructura,1,42225.17,42225.17,2025-06-27,2025-07-13,1.0,pagado_aproximadamente_completo
C002303,101710.98,Comparación de Precios,2026-02-17,goods,Adquisición de materiales de construcción,1,81406.82,81406.82,2026-03-03,2026-03-13,0.8003739615919541,pago_parcial
C002228,93274.8,Licitación Pública,2026-03-20,works,Obra de rehabilitación vial,2,93274.79999999999,93274.79999999999,2026-04-07,2026-05-23,0.9999999999999999,pagado_aproximadamente_completo
C001882,37110.77,Contratación Directa,2026-06-14,services,Consultoría en ingeniería,3,37110.77,37110.77,2026-07-22,2026-08-07,1.0,pagado_aproximadamente_completo
C002754,45211.94,Comparación de Precios,2024-09-14,goods,Suministro de combustible,1,32479.19,32479.19,2024-10-15,2024-11-01,0.718376384645295,pago_parcial
C000031,49481.24,Contratación Directa,2023-09-16,services,Servicio de mantenimiento de infraestructura,3,49481.24,49481.240000000005,2023-10-20,2023-12-27,1.0000000000000002,pagado_aproximadamente_completo
C002322,42264.42,Contratación Directa,2025-12-06,services,Servicio de transporte,2,42264.42,42264.42,2025-12-26,2026-04-16,1.0,pagado_aproximadamente_completo
C002672,255655.82,Comparación de Precios,2026-04-23,services,,3,255655.82,255655.82,2026-05-02,2026-07-02,1.0,pagado_aproximadamente_completo
C002899,30028.98,Comparación de Precios,2025-11-16,services,Consultoría en ingeniería,3,30028.98,30028.98,2025-12-22,2026-01-14,1.0,pagado_aproximadamente_completo
C000610,289345.47,Comparación de Precios,2023-02-13,services,Consultoría en ingeniería,2,289345.47,289345.47,2023-02-20,2023-06-22,1.0,pagado_aproximadamente_completo
C001330,36467.43,Adjudicación Simplificada,2025-07-14,services,,2,36467.43,36467.43,2025-08-16,2025-08-31,1.0,pagado_aproximadamente_completo
C000570,205430.64,Comparación de Precios,2023-09-29,services,Servicio de capacitación,2,127958.70999999999,127958.70999999999,2023-11-01,2023-11-23,0.622880355140791,pago_parcial
C003482,24896.85,Adjudicación Simplificada,2023-09-07,works,Obra de rehabilitación vial,2,20356.88,20356.879999999997,2023-09-30,2023-11-05,0.8176488190273066,pago_parcial
C000343,34968.0,Comparación de Precios,2025-02-11,goods,Adquisición de bienes de oficina,3,34968.0,34968.0,2025-03-01,2025-04-21,1.0,pagado_aproximadamente_completo
C002657,63247.44,Adjudicación Simplificada,2026-03-05,services,Servicio de limpieza y vigilancia,2,63247.44,63247.44,2026-04-03,2026-05-08,1.0,pagado_aproximadamente_completo
C001642,235813.51,Adjudicación Simplificada,2023-02-28,services,Consultoría en ingeniería,2,170895.15,170895.15,2023-03-13,2023-05-26,0.7247046617473273,pago_parcial
C000678,138083.65,Adjudicación Simplificada,2023-02-13,services,Consultoría en ingeniería,2,138083.65,138083.65,2023-02-25,2023-04-19,1.0,pagado_aproximadamente_completo
C700100,145650.84,Adjudicación Simplificada,2026-01-19,goods,Adquisición de equipos informáticos,2,94383.11,94383.11,2026-02-08,2026-03-15,0.6480093763963187,pago_parcial
C002820,77663.09,Comparación de Precios,2024-03-04,goods,Suministro de combustible,1,77663.09,77663.09,2024-04-03,2024-04-10,1.0,pagado_aproximadamente_completo
C003032,9393.29,Adjudicación Simplificada,2024-04-04,goods,Adquisición de bienes de oficina,2,9393.289999999999,9393.29,2024-05-10,2024-06-22,1.0,pagado_aproximadamente_completo
C002316,71339.53,Comparación de Precios,2024-05-29,services,Servicio de limpieza y vigilancia,2,71339.53,71339.53,2024-06-26,2024-07-20,1.0,pagado_aproximadamente_completo
C001742,50989.7,Comparación de Precios,2026-03-28,services,Servicio de mantenimiento de infraestructura,1,33929.02,0.0,2026-05-02,,0.0,pendiente_sin_pago
C700028,545864.53,Licitación Pública,2025-06-03,works,Obra de rehabilitación vial,1,545864.53,545864.53,2025-07-16,2025-07-29,1.0,pagado_aproximadamente_completo
C002573,19055.81,Comparación de Precios,2024-07-30,goods,Suministro de combustible,3,19055.81,19055.81,2024-08-07,2024-10-26,1.0,pagado_aproximadamente_completo
C001867,55019.98,Licitación Pública,2023-04-01,services,Servicio de mantenimiento de infraestructura,1,55019.98,55019.98,2023-04-10,2023-05-03,1.0,pagado_aproximadamente_completo
C002994,52387.23,Licitación Pública,2024-06-22,goods,Suministro de combustible,3,52387.23,52387.229999999996,2024-08-02,2024-08-30,0.9999999999999999,pagado_aproximadamente_completo
C002346,21628.63,Concurso Público,2026-01-26,services,Servicio de mantenimiento de infraestructura,1,21628.63,21628.63,2026-03-06,2026-05-21,1.0,pagado_aproximadamente_completo
C000576,89349.41,Contratación Directa,2025-11-07,goods,Suministro de combustible,1,89349.41,89349.41,2025-12-17,2026-01-03,1.0,pagado_aproximadamente_completo
C000809,79288.97,Concurso Público,2025-10-02,services,Consultoría en ingeniería,2,79288.97,79288.97,2025-10-20,2025-11-16,1.0,pagado_aproximadamente_completo
C700075,478680.11,Licitación Pública,2024-04-16,works,Obra de rehabilitación vial,1,478680.11,478680.11,2024-05-16,2024-05-27,1.0,pagado_aproximadamente_completo
C003001,3427.41,Adjudicación Simplificada,2025-11-17,goods,,2,3427.41,3427.41,2025-12-22,2026-01-16,1.0,pagado_aproximadamente_completo
C002338,148851.96,Licitación Pública,2025-03-22,services,Consultoría en ingeniería,3,148851.96000000002,148851.96,2025-04-16,2025-07-01,1.0,pagado_aproximadamente_completo
C000528,34611.01,Comparación de Precios,2024-12-01,goods,Adquisición de equipos informáticos,3,34611.01,34611.009999999995,2025-01-02,2025-03-06,0.9999999999999998,pagado_aproximadamente_completo
C000176,96522.3,Concurso Público,2024-08-21,services,Servicio de transporte,1,96522.3,96522.3,2024-09-24,2024-10-17,1.0,pagado_aproximadamente_completo
C002954,242282.09,Comparación de Precios,2024-03-14,goods,Adquisición de equipos informáticos,2,242282.09,242282.09000000003,2024-04-15,2024-05-29,1.0000000000000002,pagado_aproximadamente_completo
C000422,40258.89,Adjudicación Simplificada,2023-08-26,goods,Suministro de combustible,2,40258.89,40258.89,2023-09-23,2023-11-10,1.0,pagado_aproximadamente_completo
C000680,27543.6,Adjudicación Simplificada,2023-10-31,services,Servicio de mantenimiento de infraestructura,3,27543.6,27543.6,2023-11-25,2024-01-02,1.0,pagado_aproximadamente_completo
C002984,42382.84,Adjudicación Simplificada,2025-12-02,services,Servicio de capacitación,1,42382.84,42382.84,2025-12-29,2026-01-12,1.0,pagado_aproximadamente_completo
C001743,33619.21,Comparación de Precios,2024-08-31,services,Consultoría en ingeniería,1,23119.58,0.0,2024-09-07,,0.0,pendiente_sin_pago
C002826,122639.01,Adjudicación Simplificada,2024-11-22,works,Obra de rehabilitación vial,1,122639.01,122639.01,2024-12-12,2024-12-19,1.0,pagado_aproximadamente_completo
C002589,,Adjudicación Simplificada,2025-08-30,services,Servicio de mantenimiento de infraestructura,3,62185.65,62185.65,2025-09-10,2025-11-20,,sin_pago_o_sin_cuantia
C002882,62758.87,Adjudicación Simplificada,2023-01-06,services,Servicio de capacitación,2,62758.869999999995,62758.87,2023-01-17,2023-03-28,1.0,pagado_aproximadamente_completo
C001113,7135.96,Comparación de Precios,2025-04-07,goods,Adquisición de equipos informáticos,3,7135.959999999999,7135.96,2025-04-12,2025-07-10,1.0,pagado_aproximadamente_completo
C002130,18608.21,Adjudicación Simplificada,2024-07-09,works,Obra de rehabilitación vial,1,19691.79,19691.79,2024-08-17,2024-08-24,1.0582312860828635,sobrepago_senal_revisar
C000288,85870.16,Adjudicación Simplificada,2025-07-25,goods,Adquisición de equipos informáticos,2,85870.16,85870.16,2025-09-04,2025-09-24,1.0,pagado_aproximadamente_completo
C001042,563452.21,Comparación de Precios,2024-04-17,works,Obra de rehabilitación vial,2,563452.21,563452.21,2024-04-23,2024-06-13,1.0,pagado_aproximadamente_completo
C002447,,Contratación Directa,2024-12-03,works,Obra de rehabilitación vial,3,62185.65,62185.65,2025-01-05,2025-02-24,,sin_pago_o_sin_cuantia
C001322,48689.95,Adjudicación Simplificada,2024-05-02,services,Servicio de limpieza y vigilancia,1,25759.03,0.0,2024-05-25,,0.0,pendiente_sin_pago
C001805,,Comparación de Precios,2025-01-11,goods,Adquisición de bienes de oficina,1,62185.65,62185.65,2025-01-28,2025-02-11,,sin_pago_o_sin_cuantia
C001200,18042.6,Adjudicación Simplificada,2023-03-24,services,Consultoría en ingeniería,1,18042.6,18042.6,2023-04-30,2023-05-02,1.0,pagado_aproximadamente_completo
C000177,36900.11,Adjudicación Simplificada,2025-04-19,services,Servicio de limpieza y vigilancia,1,36900.11,36900.11,2025-05-16,2025-05-30,1.0,pagado_aproximadamente_completo
C001498,272672.06,Contratación Directa,2024-08-28,services,Consultoría en ingeniería,1,272672.06,272672.06,2024-09-02,2024-09-17,1.0,pagado_aproximadamente_completo
C003013,20890.06,Adjudicación Simplificada,2025-10-14,goods,Suministro de combustible,3,20890.059999999998,20890.06,2025-11-04,2025-12-22,1.0,pagado_aproximadamente_completo
C003469,29246.6,Concurso Público,2023-01-23,goods,Suministro de combustible,3,29246.6,29246.6,2023-02-15,2023-04-15,1.0,pagado_aproximadamente_completo
C001657,15969.39,Comparación de Precios,2023-02-15,goods,Adquisición de equipos informáticos,1,15969.39,15969.39,2023-03-11,2023-03-23,1.0,pagado_aproximadamente_completo
C000370,93195.49,,2024-05-19,goods,Suministro de combustible,1,93195.49,93195.49,2024-05-29,2024-06-15,1.0,pagado_aproximadamente_completo
C001577,152656.05,Comparación de Precios,2025-06-13,services,Consultoría en ingeniería,1,106700.12,0.0,2025-07-07,,0.0,pendiente_sin_pago
C000729,12883.82,Adjudicación Simplificada,2025-08-23,goods,Adquisición de bienes de oficina,2,12883.82,12883.82,2025-09-03,2025-10-15,1.0,pagado_aproximadamente_completo
C000598,143526.89,Licitación Pública,2025-04-11,services,Servicio de mantenimiento de infraestructura,2,85807.20999999999,85807.20999999999,2025-05-07,2025-06-20,0.5978476228391766,pago_parcial
C002244,155517.7,Licitación Pública,2025-06-03,services,Consultoría en ingeniería,1,116234.79,116234.79,2025-06-10,2025-06-22,0.7474055364759122,pago_parcial
C001134,94973.21,Concurso Público,2024-02-26,goods,Adquisición de equipos informáticos,3,94973.20999999999,94973.21,2024-03-22,2024-05-16,1.0,pagado_aproximadamente_completo
C002387,54250.36,Adjudicación Simplificada,2023-05-17,goods,Adquisición de materiales de construcción,3,54250.35999999999,54250.36,2023-05-27,2023-08-02,1.0,pagado_aproximadamente_completo
C002114,95068.45,Contratación Directa,2025-11-23,services,Servicio de capacitación,1,95068.45,95068.45,2026-01-06,2026-02-01,1.0,pagado_aproximadamente_completo
C001474,,Contratación Directa,2024-05-05,services,Consultoría en ingeniería,2,62185.649999999994,62185.65,2024-05-28,2024-06-29,,sin_pago_o_sin_cuantia
C003442,75191.34,Comparación de Precios,2025-04-11,goods,Adquisición de bienes de oficina,1,75191.34,75191.34,2025-05-07,2025-05-21,1.0,pagado_aproximadamente_completo
C000903,27819.14,Contratación Directa,2026-05-14,services,Consultoría en ingeniería,1,27819.14,27819.14,2026-06-01,2026-08-07,1.0,pagado_aproximadamente_completo
C000141,25718.21,Adjudicación Simplificada,2023-08-25,services,Consultoría en ingeniería,1,26878.77,26878.77,2023-09-22,2023-10-12,1.0451260021595594,sobrepago_senal_revisar
C002008,141863.28,Adjudicación Simplificada,2023-09-30,goods,Adquisición de bienes de oficina,2,141863.28,141863.28,2023-10-28,2024-02-01,1.0,pagado_aproximadamente_completo
C000665,206521.6,Comparación de Precios,2023-03-24,goods,Suministro de combustible,1,206521.6,206521.6,2023-05-02,2023-05-20,1.0,pagado_aproximadamente_completo
C001825,28689.02,Comparación de Precios,2025-08-02,goods,Adquisición de bienes de oficina,2,18224.6,18224.6,2025-08-27,2025-09-29,0.6352465159144508,pago_parcial
C001993,34586.2,Adjudicación Simplificada,2023-12-10,services,Servicio de capacitación,2,34586.2,34586.2,2024-01-10,2024-02-14,1.0,pagado_aproximadamente_completo
C000654,53155.21,Adjudicación Simplificada,2025-04-17,services,Servicio de limpieza y vigilancia,2,29244.0,29244.0,2025-05-06,2025-06-06,0.5501624393921123,pago_parcial
C000471,28435.02,Comparación de Precios,2026-02-21,services,Consultoría en ingeniería,3,28435.02,28435.02,2026-03-19,2026-05-03,1.0,pagado_aproximadamente_completo
C001151,34564.17,Contratación Directa,2025-09-16,goods,Adquisición de equipos informáticos,3,34564.17,34564.17,2025-10-22,2025-12-12,1.0,pagado_aproximadamente_completo
C001084,10624.62,Comparación de Precios,2023-09-10,services,Servicio de limpieza y vigilancia,2,10624.619999999999,10624.619999999999,2023-09-30,2023-11-28,0.9999999999999998,pagado_aproximadamente_completo
C000759,113079.15,Comparación de Precios,2026-02-21,goods,Adquisición de materiales de construcción,1,113079.15,113079.15,2026-04-06,2026-04-30,1.0,pagado_aproximadamente_completo
C001210,134158.85,Adjudicación Simplificada,2026-03-13,services,Consultoría en ingeniería,2,134158.85,134158.85,2026-03-27,2026-06-07,1.0,pagado_aproximadamente_completo
C002697,105430.96,Contratación Directa,2026-02-25,services,Servicio de limpieza y vigilancia,1,110052.85,110052.85,2026-03-02,2026-03-03,1.043838071852898,sobrepago_senal_revisar
C002739,48440.19,Contratación Directa,2023-02-07,goods,Suministro de combustible,1,48440.19,48440.19,2023-03-08,2023-03-27,1.0,pagado_aproximadamente_completo
C000069,92069.72,Comparación de Precios,2024-10-25,services,Servicio de transporte,3,92069.72,92069.72,2024-11-23,2025-02-03,1.0,pagado_aproximadamente_completo
C700014,639679.75,Licitación Pública,2025-07-28,services,Servicio de transporte,1,639679.75,639679.75,2025-08-10,2025-08-30,1.0,pagado_aproximadamente_completo
C003475,20229.05,Adjudicación Simplificada,2023-03-26,goods,Adquisición de bienes de oficina,2,11260.23,11260.23,2023-04-23,2023-05-25,0.5566366191195335,pago_parcial
C000195,35315.68,Licitación Pública,2025-06-13,services,Servicio de limpieza y vigilancia,3,35315.68,35315.68,2025-07-08,2025-08-23,1.0,pagado_aproximadamente_completo
C000532,60535.36,Adjudicación Simplificada,2024-08-29,goods,Suministro de combustible,1,60535.36,60535.36,2024-09-22,2024-10-20,1.0,pagado_aproximadamente_completo
C002083,70243.03,Contratación Directa,2023-09-28,goods,Adquisición de materiales de construcción,1,43649.77,0.0,2023-11-06,,0.0,pendiente_sin_pago
C002515,1467310.82,Contratación Directa,2023-05-15,goods,Suministro de combustible,1,1030072.89,1030072.89,2023-06-27,2023-07-13,0.7020141035966735,pago_parcial
C002166,130672.33,Comparación de Precios,2023-02-26,goods,Adquisición de bienes de oficina,1,130672.33,130672.33,2023-03-14,2023-06-03,1.0,pagado_aproximadamente_completo
C002429,40123.34,Comparación de Precios,2026-03-07,goods,Suministro de combustible,3,40123.34,40123.34,2026-04-15,2026-06-02,1.0,pagado_aproximadamente_completo
C002252,18658.24,Adjudicación Simplificada,2026-03-07,services,Servicio de mantenimiento de infraestructura,1,6740.6,0.0,2026-03-15,,0.0,pendiente_sin_pago
C003098,79836.45,Adjudicación Simplificada,2025-08-19,services,Servicio de capacitación,1,46638.4,46638.4,2025-09-01,2025-09-09,0.5841742712758395,pago_parcial
C000227,12085.89,Comparación de Precios,2024-06-18,works,Obra de rehabilitación vial,3,12085.89,12085.89,2024-07-16,2024-08-18,1.0,pagado_aproximadamente_completo
C002468,62648.5,Licitación Pública,2026-05-04,goods,Adquisición de bienes de oficina,2,62648.5,62648.5,2026-06-13,2026-07-03,1.0,pagado_aproximadamente_completo
C000840,42261.45,Contratación Directa,2023-09-29,services,Servicio de transporte,2,42261.45,42261.45,2023-11-04,2023-11-24,1.0,pagado_aproximadamente_completo
C000555,59422.77,Adjudicación Simplificada,2024-08-25,services,Consultoría en ingeniería,3,59422.770000000004,59422.770000000004,2024-09-26,2024-10-24,1.0000000000000002,pagado_aproximadamente_completo
C001507,281140.95,Concurso Público,2026-05-28,services,Servicio de mantenimiento de infraestructura,2,281140.95,281140.94999999995,2026-06-26,2026-08-07,0.9999999999999998,pagado_aproximadamente_completo
C002792,23655.36,Comparación de Precios,2025-04-14,goods,Suministro de combustible,3,23655.359999999997,23655.36,2025-04-20,2025-06-10,1.0,pagado_aproximadamente_completo
C002620,38898.25,,2024-09-12,services,Servicio de mantenimiento de infraestructura,2,31161.89,31161.89,2024-10-22,2024-11-30,0.8011129035367914,pago_parcial
C800029,148438.87,Licitación Pública Abreviada,2025-09-13,goods,Adquisición de bienes de oficina,2,148438.87,148438.87,2025-10-20,2025-11-21,1.0,pagado_aproximadamente_completo
C002997,35274.77,Adjudicación Simplificada,2026-04-27,services,Servicio de transporte,3,35274.77,35274.770000000004,2026-05-20,2026-07-24,1.0000000000000002,pagado_aproximadamente_completo
C002771,222768.08,Adjudicación Simplificada,2024-06-20,services,Servicio de capacitación,2,222768.08000000002,222768.08000000002,2024-07-23,2024-08-31,1.0000000000000002,pagado_aproximadamente_completo
C000847,28123.29,Concurso Público,2025-04-12,services,Servicio de mantenimiento de infraestructura,2,28123.29,28123.29,2025-05-19,2025-06-04,1.0,pagado_aproximadamente_completo
C000631,75144.09,Comparación de Precios,2024-07-26,goods,Adquisición de materiales de construcción,3,75144.09,75144.09,2024-08-18,2024-10-21,1.0,pagado_aproximadamente_completo
C001727,302034.31,Comparación de Precios,2025-07-07,goods,Adquisición de equipos informáticos,2,302034.31,302034.31,2025-07-28,2025-08-29,1.0,pagado_aproximadamente_completo
C000883,14137.03,Adjudicación Simplificada,2023-01-26,services,Servicio de mantenimiento de infraestructura,1,14137.03,14137.03,2023-02-10,2023-04-17,1.0,pagado_aproximadamente_completo
C000162,34278.41,Contratación Directa,2024-10-26,goods,Adquisición de bienes de oficina,1,34278.41,34278.41,2024-11-27,2024-12-17,1.0,pagado_aproximadamente_completo
C000219,60101.87,Adjudicación Simplificada,2025-06-30,services,Consultoría en ingeniería,3,60101.87,60101.87,2025-07-27,2025-09-20,1.0,pagado_aproximadamente_completo
C002189,74154.72,Adjudicación Simplificada,2026-03-31,goods,Adquisición de bienes de oficina,1,74154.72,74154.72,2026-04-14,2026-04-23,1.0,pagado_aproximadamente_completo
C002760,39726.17,Concurso Público,2023-05-13,services,Servicio de mantenimiento de infraestructura,1,26724.59,26724.59,2023-05-31,2023-06-14,0.6727200230981241,pago_parcial
C001373,27783.69,Adjudicación Simplificada,2025-01-08,services,Servicio de transporte,3,27783.69,27783.69,2025-02-06,2025-04-03,1.0,pagado_aproximadamente_completo
C002474,59087.28,Licitación Pública,2024-03-22,services,Servicio de mantenimiento de infraestructura,1,43644.97,0.0,2024-04-16,,0.0,pendiente_sin_pago
C003366,61724.98,Comparación de Precios,2024-08-23,goods,Adquisición de materiales de construcción,3,61724.98,61724.979999999996,2024-09-10,2024-10-30,0.9999999999999999,pagado_aproximadamente_completo
C001587,161178.3,Adjudicación Simplificada,2023-08-27,goods,Adquisición de materiales de construcción,1,128668.88,0.0,2023-09-19,,0.0,pendiente_sin_pago
C000547,22223.24,Comparación de Precios,2025-06-29,goods,Adquisición de equipos informáticos,2,22223.239999999998,22223.24,2025-07-23,2025-09-11,1.0,pagado_aproximadamente_completo
C001442,,Adjudicación Simplificada,2025-10-09,goods,Suministro de combustible,2,62185.65,62185.649999999994,2025-10-24,2025-11-26,,sin_pago_o_sin_cuantia
C003212,63466.07,Adjudicación Simplificada,2024-10-22,services,Servicio de transporte,1,63466.07,63466.07,2024-11-20,2024-12-03,1.0,pagado_aproximadamente_completo
C700103,,,2026-06-10,goods,Adquisición de equipos informáticos,1,48720.74,48720.74,2026-07-04,2026-07-20,,sin_pago_o_sin_cuantia
C000568,251696.21,Adjudicación Simplificada,2024-12-05,goods,Adquisición de bienes de oficina,1,251696.21,251696.21,2025-01-12,2025-01-28,1.0,pagado_aproximadamente_completo
C700109,263619.49,Adjudicación Simplificada,2024-05-25,services,Servicio de mantenimiento de infraestructura,1,263619.49,263619.49,2024-06-02,2024-06-11,1.0,pagado_aproximadamente_completo
C001356,34202.85,Concurso Público,2025-11-29,services,Consultoría en ingeniería,2,34202.85,34202.85,2025-12-15,2026-02-02,1.0,pagado_aproximadamente_completo
C001403,47192.41,Comparación de Precios,2023-02-23,services,Consultoría en ingeniería,3,47192.41,47192.41,2023-03-15,2023-05-23,1.0,pagado_aproximadamente_completo
C003043,178105.97,Comparación de Precios,2025-01-06,goods,Adquisición de bienes de oficina,2,178105.97,178105.97,2025-01-27,2025-03-23,1.0,pagado_aproximadamente_completo
C002400,98981.59,Adjudicación Simplificada,2026-04-30,goods,,1,98981.59,98981.59,2026-05-12,2026-05-21,1.0,pagado_aproximadamente_completo
C001862,32624.96,Comparación de Precios,2024-12-18,services,Servicio de capacitación,2,32624.96,32624.96,2025-01-27,2025-03-02,1.0,pagado_aproximadamente_completo
C001833,347338.36,Comparación de Precios,2024-12-22,services,Servicio de limpieza y vigilancia,2,347338.36,347338.36,2025-01-16,2025-02-02,1.0,pagado_aproximadamente_completo
C000611,24592.82,Contratación Directa,2023-08-05,goods,Adquisición de bienes de oficina,2,24592.82,24592.82,2023-08-18,2023-09-26,1.0,pagado_aproximadamente_completo
C002741,6192.75,Adjudicación Simplificada,2025-07-01,services,Servicio de mantenimiento de infraestructura,2,6192.75,6192.75,2025-08-13,2025-09-08,1.0,pagado_aproximadamente_completo
C002103,143983.76,Licitación Pública,2025-09-13,services,Servicio de capacitación,2,143983.76,143983.76,2025-10-16,2026-01-14,1.0,pagado_aproximadamente_completo
C003395,29928.37,Adjudicación Simplificada,2023-03-25,services,Consultoría en ingeniería,2,29928.370000000003,29928.37,2023-04-18,2023-05-22,1.0,pagado_aproximadamente_completo
C001786,85648.11,Adjudicación Simplificada,2023-12-26,services,Servicio de transporte,1,85648.11,85648.11,2024-01-28,2024-02-14,1.0,pagado_aproximadamente_completo
C000742,101224.49,Contratación Directa,2025-10-30,goods,Adquisición de materiales de construcción,1,101224.49,101224.49,2025-12-06,2025-12-15,1.0,pagado_aproximadamente_completo
C000637,56766.24,Concurso Público,2023-01-07,goods,Adquisición de materiales de construcción,3,56766.24,56766.240000000005,2023-01-18,2023-03-05,1.0000000000000002,pagado_aproximadamente_completo
C002930,18448.41,Adjudicación Simplificada,2023-02-01,goods,Suministro de combustible,1,11047.91,0.0,2023-03-18,,0.0,pendiente_sin_pago
C003177,26727.72,Licitación Pública,2024-03-02,goods,Adquisición de equipos informáticos,2,23770.84,23770.84,2024-03-14,2024-04-20,0.889370286728535,pago_parcial
C000581,377473.49,Adjudicación Simplificada,2025-06-24,services,Servicio de capacitación,1,377473.49,377473.49,2025-07-14,2025-10-07,1.0,pagado_aproximadamente_completo
C002113,48572.24,Contratación Directa,2024-02-15,works,Obra de rehabilitación vial,1,28465.55,0.0,2024-03-18,,0.0,pendiente_sin_pago
C001739,56122.94,Licitación Pública,2023-09-23,services,Servicio de transporte,1,56122.94,56122.94,2023-10-31,2023-11-17,1.0,pagado_aproximadamente_completo
C002990,73579.6,Adjudicación Simplificada,2024-02-20,goods,Suministro de combustible,2,79241.36,79241.36,2024-02-27,2024-04-21,1.0769474147725728,sobrepago_senal_revisar
C000073,29159.03,Concurso Público,2024-04-20,goods,Adquisición de materiales de construcción,2,29159.03,29159.03,2024-04-26,2024-05-30,1.0,pagado_aproximadamente_completo
C001284,184722.57,Comparación de Precios,2025-04-01,services,Servicio de capacitación,3,184722.57,184722.57,2025-04-07,2025-07-01,1.0,pagado_aproximadamente_completo
C000048,30872.62,Comparación de Precios,2023-05-16,goods,Adquisición de materiales de construcción,3,30872.62,30872.620000000003,2023-06-13,2023-08-10,1.0000000000000002,pagado_aproximadamente_completo
C000831,39188.95,Adjudicación Simplificada,2024-11-07,goods,Adquisición de materiales de construcción,2,39188.95,39188.95,2024-11-18,2025-03-16,1.0,pagado_aproximadamente_completo
C001991,26944.28,Adjudicación Simplificada,2026-03-26,services,Consultoría en ingeniería,1,16539.88,16539.88,2026-04-29,2026-05-11,0.6138549629086397,pago_parcial
C001163,22367.12,Comparación de Precios,2024-08-04,services,Servicio de mantenimiento de infraestructura,2,22367.12,22367.12,2024-08-17,2024-10-19,1.0,pagado_aproximadamente_completo
C002481,25396.78,Comparación de Precios,2024-03-19,services,Servicio de limpieza y vigilancia,1,21685.43,21685.43,2024-05-02,2024-05-11,0.853865332534282,pago_parcial
C003301,163396.76,Adjudicación Simplificada,2023-09-27,goods,Adquisición de materiales de construcción,2,163396.76,163396.76,2023-10-20,2024-01-07,1.0,pagado_aproximadamente_completo
C002605,16045.46,Adjudicación Simplificada,2025-06-06,services,Servicio de limpieza y vigilancia,1,16045.46,16045.46,2025-06-12,2025-08-08,1.0,pagado_aproximadamente_completo
C001283,102333.54,Comparación de Precios,2023-01-12,services,Servicio de capacitación,2,102333.54000000001,102333.54,2023-01-24,2023-03-06,1.0,pagado_aproximadamente_completo
C000756,47227.91,Comparación de Precios,2024-01-27,services,Servicio de capacitación,2,47227.91,47227.91,2024-02-24,2024-03-23,1.0,pagado_aproximadamente_completo
C001741,108763.49,Comparación de Precios,2025-05-24,services,Servicio de transporte,1,108763.49,108763.49,2025-06-22,2025-06-28,1.0,pagado_aproximadamente_completo
C002686,106373.82,Licitación Pública,2023-06-30,works,Obra de rehabilitación vial,1,106373.82,106373.82,2023-07-25,2023-08-04,1.0,pagado_aproximadamente_completo
C002196,48189.73,Adjudicación Simplificada,2024-04-10,goods,Adquisición de equipos informáticos,1,50262.33,50262.33,2024-05-22,2024-05-30,1.0430091639857704,sobrepago_senal_revisar
C002547,133071.15,Comparación de Precios,2024-08-04,works,Obra de rehabilitación vial,2,133071.15,133071.15,2024-09-07,2024-10-12,1.0,pagado_aproximadamente_completo
C002807,30393.55,Contratación Directa,2026-04-03,services,Servicio de mantenimiento de infraestructura,1,30393.55,30393.55,2026-05-11,2026-06-05,1.0,pagado_aproximadamente_completo
C001268,96033.37,Comparación de Precios,2023-02-25,goods,Suministro de combustible,2,55646.96,55646.96,2023-03-08,2023-04-21,0.5794544125651323,pago_parcial
C001861,60377.23,Adjudicación Simplificada,2024-01-12,services,Servicio de limpieza y vigilancia,2,60377.229999999996,60377.23,2024-02-09,2024-03-31,1.0,pagado_aproximadamente_completo
C001417,379435.48,Adjudicación Simplificada,2023-10-08,services,Servicio de limpieza y vigilancia,2,379435.48,379435.48,2023-10-14,2023-12-27,1.0,pagado_aproximadamente_completo
C001537,161793.02,Adjudicación Simplificada,2026-01-31,services,Consultoría en ingeniería,1,161793.02,161793.02,2026-02-26,2026-03-15,1.0,pagado_aproximadamente_completo
C002834,136021.96,Contratación Directa,2023-08-09,goods,Adquisición de materiales de construcción,1,136021.96,136021.96,2023-08-27,2023-09-07,1.0,pagado_aproximadamente_completo
C003086,182264.75,Adjudicación Simplificada,2025-09-28,services,Servicio de transporte,1,83910.44,0.0,2025-10-04,,0.0,pendiente_sin_pago
C001138,,Comparación de Precios,2024-12-24,goods,Adquisición de materiales de construcción,3,62185.649999999994,62185.65,2025-01-02,2025-03-03,,sin_pago_o_sin_cuantia
C000572,8868.29,Concurso Público,2024-11-10,goods,Adquisición de equipos informáticos,3,8868.289999999999,8868.29,2024-12-12,2025-02-05,1.0,pagado_aproximadamente_completo
C001938,37934.17,Adjudicación Simplificada,2023-06-22,services,Servicio de mantenimiento de infraestructura,2,37934.17,37934.17,2023-06-28,2023-08-13,1.0,pagado_aproximadamente_completo
C002957,11640.55,Adjudicación Simplificada,2023-10-15,goods,Suministro de combustible,1,11640.55,11640.55,2023-11-24,2023-12-16,1.0,pagado_aproximadamente_completo
C001922,61804.36,Comparación de Precios,2023-07-20,services,Consultoría en ingeniería,1,44972.09,44972.09,2023-08-11,2023-08-30,0.7276523856892944,pago_parcial
C002348,9692.76,Adjudicación Simplificada,2024-08-08,goods,Adquisición de materiales de construcción,2,9692.759999999998,9692.76,2024-09-13,2024-10-08,1.0,pagado_aproximadamente_completo
C700084,124362.24,Licitación Pública,2026-05-19,goods,Adquisición de materiales de construcción,2,124362.23999999999,124362.24,2026-06-28,2026-07-22,1.0,pagado_aproximadamente_completo
C002258,41924.55,Comparación de Precios,2023-10-24,goods,Adquisición de equipos informáticos,3,41924.55,41924.55,2023-11-13,2024-02-01,1.0,pagado_aproximadamente_completo
C001027,132619.98,Adjudicación Simplificada,2026-03-15,works,Obra de rehabilitación vial,2,132619.98,132619.98,2026-04-28,2026-05-23,1.0,pagado_aproximadamente_completo
C002353,47050.97,Adjudicación Simplificada,2024-03-09,services,Servicio de transporte,2,47050.97,47050.97,2024-03-14,2024-05-19,1.0,pagado_aproximadamente_completo
C001104,12201.94,Licitación Pública,2024-12-06,services,Consultoría en ingeniería,2,12201.939999999999,12201.939999999999,2025-01-14,2025-04-26,0.9999999999999999,pagado_aproximadamente_completo
C002586,37696.36,Adjudicación Simplificada,2025-06-29,services,Servicio de transporte,1,37696.36,37696.36,2025-07-29,2025-08-15,1.0,pagado_aproximadamente_completo
C900056,486242.5,Comparación de Precios,2025-07-20,works,Obra de rehabilitación vial,1,486242.5,486242.5,2025-08-07,2025-08-28,1.0,pagado_aproximadamente_completo
C003128,26632.42,Comparación de Precios,2024-12-06,works,Obra de rehabilitación vial,1,26632.42,26632.42,2025-01-13,2025-01-30,1.0,pagado_aproximadamente_completo
C001146,,Contratación Directa,2023-06-21,services,Consultoría en ingeniería,3,62185.65,62185.649999999994,2023-07-17,2023-09-09,,sin_pago_o_sin_cuantia
C002268,,Adjudicación Simplificada,2024-10-27,services,Servicio de capacitación,3,62185.65,62185.649999999994,2024-11-11,2025-01-24,,sin_pago_o_sin_cuantia
C002170,42732.41,Licitación Pública,2023-07-18,goods,Adquisición de materiales de construcción,1,42732.41,42732.41,2023-08-19,2023-09-11,1.0,pagado_aproximadamente_completo
C003415,76341.32,Adjudicación Simplificada,2023-12-05,services,Servicio de limpieza y vigilancia,2,76341.31999999999,76341.32,2024-01-02,2024-02-03,1.0,pagado_aproximadamente_completo
C000259,89675.6,Comparación de Precios,2025-10-11,services,Servicio de mantenimiento de infraestructura,1,89675.6,89675.6,2025-11-20,2025-12-06,1.0,pagado_aproximadamente_completo
C003262,94964.89,Licitación Pública,2025-10-22,works,Obra de rehabilitación vial,3,94964.89,94964.89,2025-11-26,2026-01-19,1.0,pagado_aproximadamente_completo
C002538,190551.0,Comparación de Precios,2025-07-12,goods,Adquisición de bienes de oficina,2,190551.0,190551.0,2025-07-18,2025-09-15,1.0,pagado_aproximadamente_completo
C003338,361385.25,Adjudicación Simplificada,2025-04-11,works,Obra de rehabilitación vial,2,361385.25,361385.25,2025-04-21,2025-08-18,1.0,pagado_aproximadamente_completo
C000812,1030231.81,Contratación Directa,2025-03-18,goods,Adquisición de equipos informáticos,1,1030231.81,1030231.81,2025-04-25,2025-05-15,1.0,pagado_aproximadamente_completo
C002658,114443.29,Comparación de Precios,2023-05-28,services,Servicio de mantenimiento de infraestructura,3,114443.29000000001,114443.29,2023-07-08,2023-08-07,1.0,pagado_aproximadamente_completo
C002178,33248.35,Licitación Pública,2025-07-20,services,Servicio de capacitación,3,33248.35,33248.35,2025-08-13,2025-09-30,1.0,pagado_aproximadamente_completo
C002226,953052.62,Contratación Directa,2025-07-27,services,Consultoría en ingeniería,2,660952.69,660952.69,2025-08-05,2025-09-17,0.6935112250150468,pago_parcial
C000965,37586.99,Licitación Pública,2025-10-10,works,Obra de rehabilitación vial,1,37586.99,37586.99,2025-11-19,2026-03-10,1.0,pagado_aproximadamente_completo
C002864,231202.06,Adjudicación Simplificada,2025-02-14,services,Consultoría en ingeniería,1,231202.06,231202.06,2025-03-16,2025-04-01,1.0,pagado_aproximadamente_completo
C700024,819386.05,Licitación Pública,2024-10-13,goods,Adquisición de bienes de oficina,1,819386.05,819386.05,2024-11-09,2025-02-07,1.0,pagado_aproximadamente_completo
C002131,11101.7,Adjudicación Simplificada,2024-09-14,works,Obra de rehabilitación vial,1,11101.7,11101.7,2024-10-11,2024-10-23,1.0,pagado_aproximadamente_completo
C003360,40333.57,Contratación Directa,2023-10-05,works,Obra de rehabilitación vial,2,40333.57,40333.57,2023-11-02,2023-11-23,1.0,pagado_aproximadamente_completo
C002426,57869.71,Comparación de Precios,2024-09-21,goods,Suministro de combustible,2,57869.71,57869.71,2024-10-25,2024-12-12,1.0,pagado_aproximadamente_completo
C001457,43555.6,Concurso Público,2024-09-22,services,Servicio de limpieza y vigilancia,3,43555.6,43555.600000000006,2024-10-08,2024-12-18,1.0000000000000002,pagado_aproximadamente_completo
C001878,256963.38,Licitación Pública,2025-01-25,services,Servicio de capacitación,1,256963.38,256963.38,2025-02-13,2025-03-08,1.0,pagado_aproximadamente_completo
C001569,49988.59,Licitación Pública,2024-03-28,goods,Adquisición de equipos informáticos,3,49988.59,49988.590000000004,2024-04-24,2024-06-14,1.0000000000000002,pagado_aproximadamente_completo
C001801,87056.99,Concurso Público,2025-10-04,services,Servicio de limpieza y vigilancia,3,87056.98999999999,87056.98999999999,2025-10-30,2025-12-29,0.9999999999999998,pagado_aproximadamente_completo
C001352,20475.82,Concurso Público,2023-05-04,goods,Adquisición de equipos informáticos,3,20475.82,20475.82,2023-06-02,2023-07-13,1.0,pagado_aproximadamente_completo
C003306,30869.68,Licitación Pública,2024-03-03,services,Consultoría en ingeniería,1,24067.54,0.0,2024-03-09,,0.0,pendiente_sin_pago
C700012,635613.97,Adjudicación Simplificada,2024-10-18,services,Servicio de transporte,1,635613.97,635613.97,2024-11-22,2024-12-06,1.0,pagado_aproximadamente_completo
C003403,53869.79,Comparación de Precios,2025-10-30,services,Servicio de limpieza y vigilancia,3,53869.79,53869.79,2025-11-25,2026-01-21,1.0,pagado_aproximadamente_completo
C003117,27070.63,Licitación Pública,2024-01-22,goods,Adquisición de bienes de oficina,1,27070.63,27070.63,2024-02-25,2024-06-03,1.0,pagado_aproximadamente_completo
C002670,53686.94,Adjudicación Simplificada,2025-03-16,services,Consultoría en ingeniería,3,53686.939999999995,53686.939999999995,2025-04-15,2025-06-02,0.9999999999999999,pagado_aproximadamente_completo
C001615,,Contratación Directa,2025-01-29,goods,Adquisición de materiales de construcción,2,62185.65,62185.65,2025-02-27,2025-03-31,,sin_pago_o_sin_cuantia
C000867,75704.7,Comparación de Precios,2023-06-01,goods,Adquisición de equipos informáticos,3,75704.70000000001,75704.7,2023-07-01,2023-08-11,1.0,pagado_aproximadamente_completo
C000926,191465.52,Comparación de Precios,2025-12-07,goods,Adquisición de bienes de oficina,1,191465.52,191465.52,2025-12-22,2026-03-08,1.0,pagado_aproximadamente_completo
C001962,9663.67,Contratación Directa,2026-06-03,works,Obra de rehabilitación vial,2,10398.63,10398.630000000001,2026-07-10,2026-08-07,1.0760539215432647,sobrepago_senal_revisar
C002266,275787.53,Comparación de Precios,2024-04-07,services,Servicio de capacitación,2,275787.53,275787.53,2024-05-20,2024-06-17,1.0,pagado_aproximadamente_completo
C002805,198220.52,Adjudicación Simplificada,2025-11-12,services,Servicio de capacitación,2,198220.52000000002,198220.52,2025-12-15,2026-01-13,1.0,pagado_aproximadamente_completo
C003209,84388.56,Adjudicación Simplificada,2023-05-03,services,Servicio de mantenimiento de infraestructura,3,84388.56,84388.56,2023-05-19,2023-08-06,1.0,pagado_aproximadamente_completo
C000108,25108.28,Licitación Pública,2026-05-13,goods,Adquisición de bienes de oficina,2,25108.28,25108.28,2026-05-27,2026-08-07,1.0,pagado_aproximadamente_completo
C001606,33840.63,Comparación de Precios,2025-04-21,services,Servicio de transporte,2,33840.630000000005,33840.63,2025-05-04,2025-07-08,1.0,pagado_aproximadamente_completo
C001620,29161.25,Licitación Pública,2024-07-07,goods,Adquisición de bienes de oficina,1,29161.25,29161.25,2024-07-25,2024-08-03,1.0,pagado_aproximadamente_completo
C000210,,Adjudicación Simplificada,2026-05-31,works,Obra de rehabilitación vial,1,62185.65,62185.65,2026-06-14,2026-06-29,,sin_pago_o_sin_cuantia
C003344,60244.67,Comparación de Precios,2025-02-24,goods,Adquisición de materiales de construcción,1,60244.67,60244.67,2025-03-31,2025-04-19,1.0,pagado_aproximadamente_completo
C000318,13994.23,Adjudicación Simplificada,2025-09-11,goods,Adquisición de materiales de construcción,1,9638.32,9638.32,2025-09-26,2025-10-08,0.6887352858999745,pago_parcial
C000816,45160.18,Contratación Directa,2025-08-28,services,Consultoría en ingeniería,3,45160.18,45160.18,2025-09-21,2025-12-01,1.0,pagado_aproximadamente_completo
C000997,9388.14,Adjudicación Simplificada,2023-09-14,goods,Suministro de combustible,2,9781.49,9781.49,2023-10-01,2023-11-18,1.0418986082440185,sobrepago_senal_revisar
C000059,85984.46,Adjudicación Simplificada,2025-03-23,services,Servicio de capacitación,1,85984.46,85984.46,2025-04-06,2025-06-25,1.0,pagado_aproximadamente_completo
C001091,85346.86,Adjudicación Simplificada,2025-03-06,services,Consultoría en ingeniería,3,85346.86,85346.86,2025-04-08,2025-06-06,1.0,pagado_aproximadamente_completo
C001499,5899.2,Concurso Público,2023-09-25,goods,Suministro de combustible,1,5899.2,5899.2,2023-10-24,2023-11-17,1.0,pagado_aproximadamente_completo
C001456,14042.18,Contratación Directa,2023-03-18,services,Servicio de capacitación,1,14042.18,14042.18,2023-03-31,2023-04-11,1.0,pagado_aproximadamente_completo
C002374,21137.69,Adjudicación Simplificada,2024-05-20,services,Servicio de capacitación,3,21137.69,21137.690000000002,2024-06-05,2024-08-22,1.0000000000000002,pagado_aproximadamente_completo
C002916,21327.03,Adjudicación Simplificada,2026-04-09,services,Servicio de mantenimiento de infraestructura,2,21327.03,21327.03,2026-05-05,2026-05-28,1.0,pagado_aproximadamente_completo
C900001,483938.94,Adjudicación Simplificada,2025-01-16,goods,Adquisición de materiales de construcción,1,483938.94,483938.94,2025-02-08,2025-03-06,1.0,pagado_aproximadamente_completo
C003329,58679.44,Concurso Público,2023-09-17,goods,Suministro de combustible,2,58679.44,58679.44,2023-10-19,2024-01-24,1.0,pagado_aproximadamente_completo
C000765,15937.21,Contratación Directa,2023-10-16,works,Obra de rehabilitación vial,2,15937.21,15937.21,2023-11-17,2023-11-30,1.0,pagado_aproximadamente_completo
C002208,1283021.03,Adjudicación Simplificada,2024-08-26,services,Servicio de mantenimiento de infraestructura,1,1283021.03,1283021.03,2024-09-26,2024-10-03,1.0,pagado_aproximadamente_completo
C002766,34586.74,Comparación de Precios,2024-07-04,services,Servicio de capacitación,1,34586.74,34586.74,2024-08-07,2024-09-05,1.0,pagado_aproximadamente_completo
C001044,53532.44,Licitación Pública,2025-10-27,goods,Adquisición de equipos informáticos,3,53532.44,53532.44,2025-12-05,2026-01-18,1.0,pagado_aproximadamente_completo
C003180,308064.83,,2023-12-24,services,Consultoría en ingeniería,3,308064.83,308064.82999999996,2024-01-09,2024-04-02,0.9999999999999998,pagado_aproximadamente_completo
C700003,336535.17,,2026-04-26,services,Servicio de capacitación,3,336535.17000000004,336535.17000000004,2026-05-03,2026-06-24,1.0000000000000002,pagado_aproximadamente_completo
C002009,169056.67,Concurso Público,2023-06-08,goods,Suministro de combustible,1,131486.06,131486.06,2023-06-14,2023-06-23,0.7777632198717743,pago_parcial
C003179,35689.53,Licitación Pública,2024-06-05,services,Servicio de capacitación,3,35689.53,35689.53,2024-06-15,2024-09-20,1.0,pagado_aproximadamente_completo
C000727,74273.39,Adjudicación Simplificada,2025-08-29,services,Servicio de limpieza y vigilancia,3,74273.39,74273.39,2025-09-21,2025-11-09,1.0,pagado_aproximadamente_completo
C001055,106859.46,Licitación Pública,2024-08-04,services,,2,106859.45999999999,106859.45999999999,2024-08-30,2024-10-15,0.9999999999999999,pagado_aproximadamente_completo
C001791,66111.17,Comparación de Precios,2023-01-29,goods,Suministro de combustible,3,66111.17,66111.17,2023-03-13,2023-05-11,1.0,pagado_aproximadamente_completo
C000220,60750.34,Concurso Público,2023-10-07,services,Servicio de limpieza y vigilancia,1,52286.16,52286.16,2023-11-07,2023-11-25,0.86067271393049,pago_parcial
C001808,715084.73,Adjudicación Simplificada,2025-09-12,services,Consultoría en ingeniería,1,715084.73,715084.73,2025-10-09,2025-11-07,1.0,pagado_aproximadamente_completo
C000582,37709.23,Comparación de Precios,2026-06-15,goods,Adquisición de equipos informáticos,1,37709.23,37709.23,2026-07-02,2026-07-17,1.0,pagado_aproximadamente_completo
C001850,12656.44,Contratación Directa,2023-10-14,goods,Suministro de combustible,1,12656.44,12656.44,2023-10-27,2023-11-08,1.0,pagado_aproximadamente_completo
C001924,109060.59,Comparación de Precios,2026-02-03,services,Servicio de transporte,2,109060.59,109060.59,2026-02-28,2026-03-22,1.0,pagado_aproximadamente_completo
C003238,17197.0,Contratación Directa,2025-04-28,services,Servicio de limpieza y vigilancia,1,17197.0,17197.0,2025-05-12,2025-07-21,1.0,pagado_aproximadamente_completo
C000940,38489.63,,2025-08-28,services,Servicio de capacitación,3,38489.63,38489.63,2025-09-06,2025-11-05,1.0,pagado_aproximadamente_completo
C000056,15030.23,Comparación de Precios,2024-10-11,services,Consultoría en ingeniería,2,15508.5,15508.5,2024-11-17,2024-12-06,1.031820537676403,sobrepago_senal_revisar
C000187,136455.4,Comparación de Precios,2024-10-11,services,Servicio de mantenimiento de infraestructura,1,136455.4,136455.4,2024-10-16,2024-11-14,1.0,pagado_aproximadamente_completo
C002185,10316.08,Adjudicación Simplificada,2023-09-27,goods,Adquisición de equipos informáticos,2,10316.08,10316.08,2023-10-04,2024-02-10,1.0,pagado_aproximadamente_completo
C001566,26712.49,Comparación de Precios,2024-09-20,works,Obra de rehabilitación vial,2,26712.489999999998,26712.489999999998,2024-10-04,2025-01-25,0.9999999999999999,pagado_aproximadamente_completo
C002140,48046.34,Comparación de Precios,2026-01-01,works,Obra de rehabilitación vial,2,48046.34,48046.34,2026-01-27,2026-02-20,1.0,pagado_aproximadamente_completo
C003207,31247.58,Comparación de Precios,2023-09-04,services,Consultoría en ingeniería,2,32932.350000000006,32932.35,2023-09-29,2023-10-21,1.0539168153181782,sobrepago_senal_revisar
C002273,40892.69,Comparación de Precios,2023-02-07,goods,Suministro de combustible,1,30950.28,30950.28,2023-02-19,2023-03-09,0.756865835923242,pago_parcial
C001905,73844.66,Licitación Pública,2025-02-09,goods,Adquisición de equipos informáticos,3,73844.66,73844.66,2025-03-07,2025-05-13,1.0,pagado_aproximadamente_completo
C001293,34936.52,Comparación de Precios,2023-11-04,goods,Suministro de combustible,1,34936.52,34936.52,2023-11-17,2023-11-29,1.0,pagado_aproximadamente_completo
C000226,18973.45,Licitación Pública,2024-04-19,goods,Adquisición de materiales de construcción,1,18973.45,18973.45,2024-05-03,2024-05-27,1.0,pagado_aproximadamente_completo
C001784,52507.65,Concurso Público,2025-12-01,works,Obra de rehabilitación vial,1,52507.65,52507.65,2025-12-20,2025-12-24,1.0,pagado_aproximadamente_completo
C000535,176725.32,Adjudicación Simplificada,2023-01-05,goods,Adquisición de materiales de construcción,1,176725.32,176725.32,2023-01-23,2023-01-31,1.0,pagado_aproximadamente_completo
C002585,19613.26,Comparación de Precios,2023-05-23,services,Servicio de mantenimiento de infraestructura,2,19613.260000000002,19613.26,2023-06-14,2023-08-05,1.0,pagado_aproximadamente_completo
C000697,110811.44,Comparación de Precios,2026-03-22,services,Consultoría en ingeniería,3,110811.44,110811.44,2026-04-14,2026-06-12,1.0,pagado_aproximadamente_completo
C001536,70432.22,Concurso Público,2024-06-02,goods,Suministro de combustible,2,44146.11,44146.11,2024-06-23,2024-07-10,0.6267885635295891,pago_parcial
C003359,293568.47,Licitación Pública,2025-12-06,services,Servicio de mantenimiento de infraestructura,3,293568.47,293568.47,2026-01-10,2026-02-22,1.0,pagado_aproximadamente_completo
C000208,60385.58,Adjudicación Simplificada,2024-06-24,services,Servicio de capacitación,1,60385.58,60385.58,2024-07-18,2024-08-14,1.0,pagado_aproximadamente_completo
C001278,411419.95,Licitación Pública,2024-11-20,services,Servicio de transporte,2,296122.99,296122.99,2024-12-20,2025-01-08,0.7197584609108041,pago_parcial
C000565,50014.08,Adjudicación Simplificada,2023-01-16,services,Servicio de capacitación,2,33612.05,33612.05,2023-02-17,2023-03-18,0.672051750227136,pago_parcial
C000313,29017.59,Concurso Público,2025-03-14,services,Consultoría en ingeniería,2,29017.59,29017.59,2025-03-20,2025-05-13,1.0,pagado_aproximadamente_completo
C000601,35057.49,Licitación Pública,2024-11-06,services,Servicio de mantenimiento de infraestructura,2,35057.49,35057.49,2024-12-18,2025-05-03,1.0,pagado_aproximadamente_completo
C000233,36820.35,Concurso Público,2024-10-27,services,Servicio de transporte,1,36820.35,36820.35,2024-12-03,2024-12-17,1.0,pagado_aproximadamente_completo
C001684,94189.23,Licitación Pública,2026-01-06,goods,Adquisición de equipos informáticos,1,42519.74,0.0,2026-01-16,,0.0,pendiente_sin_pago
C003386,34389.49,Contratación Directa,2025-07-14,services,Servicio de limpieza y vigilancia,2,34389.490000000005,34389.49,2025-08-07,2025-09-15,1.0,pagado_aproximadamente_completo
C002989,31876.76,Licitación Pública,2023-07-03,services,Servicio de mantenimiento de infraestructura,1,31876.76,31876.76,2023-08-14,2023-09-30,1.0,pagado_aproximadamente_completo
C002029,49693.73,Comparación de Precios,2025-02-10,services,Servicio de limpieza y vigilancia,3,49693.729999999996,49693.73,2025-02-27,2025-04-25,1.0,pagado_aproximadamente_completo
C000111,131248.01,Comparación de Precios,2024-11-06,services,Servicio de transporte,1,59854.74,0.0,2024-11-12,,0.0,pendiente_sin_pago
C002177,106840.67,Concurso Público,2026-02-11,services,Servicio de limpieza y vigilancia,1,106840.67,106840.67,2026-03-17,2026-04-03,1.0,pagado_aproximadamente_completo
C002656,25693.13,Comparación de Precios,2024-07-13,services,Consultoría en ingeniería,2,25693.13,25693.129999999997,2024-08-16,2024-09-01,0.9999999999999999,pagado_aproximadamente_completo
C001749,60886.24,Adjudicación Simplificada,2025-01-18,goods,Adquisición de materiales de construcción,3,60886.24,60886.24,2025-02-03,2025-04-17,1.0,pagado_aproximadamente_completo
C001089,120532.33,Contratación Directa,2024-12-13,services,Servicio de capacitación,1,120532.33,120532.33,2025-01-01,2025-01-23,1.0,pagado_aproximadamente_completo
C001178,88223.25,Adjudicación Simplificada,2023-01-24,goods,Suministro de combustible,1,88223.25,88223.25,2023-03-06,2023-03-15,1.0,pagado_aproximadamente_completo
C000472,117611.8,Comparación de Precios,2026-04-25,goods,Suministro de combustible,3,117611.8,117611.8,2026-05-30,2026-07-07,1.0,pagado_aproximadamente_completo
C001860,100626.35,Concurso Público,2024-10-18,services,Consultoría en ingeniería,2,100626.34999999999,100626.35,2024-10-26,2024-12-11,1.0,pagado_aproximadamente_completo
C001161,17057.41,Concurso Público,2025-11-23,services,Servicio de mantenimiento de infraestructura,1,17057.41,17057.41,2025-12-13,2026-03-20,1.0,pagado_aproximadamente_completo
C002582,201749.98,Adjudicación Simplificada,2024-11-30,goods,Adquisición de bienes de oficina,1,201749.98,201749.98,2025-01-07,2025-03-17,1.0,pagado_aproximadamente_completo
C001788,82172.97,Adjudicación Simplificada,2024-09-25,services,Servicio de limpieza y vigilancia,1,58881.25,0.0,2024-11-06,,0.0,pendiente_sin_pago
C000361,27512.45,Contratación Directa,2024-12-15,works,Obra de rehabilitación vial,1,27512.45,27512.45,2025-01-25,2025-01-30,1.0,pagado_aproximadamente_completo
C000135,231104.47,Comparación de Precios,2023-10-29,goods,Adquisición de materiales de construcción,2,231104.47,231104.47,2023-11-27,2023-12-18,1.0,pagado_aproximadamente_completo
C002289,7299.74,Adjudicación Simplificada,2026-04-21,services,Servicio de limpieza y vigilancia,1,7299.74,7299.74,2026-05-16,2026-05-31,1.0,pagado_aproximadamente_completo
C001053,42260.82,Comparación de Precios,2025-06-27,goods,Suministro de combustible,1,42260.82,42260.82,2025-08-01,2025-08-14,1.0,pagado_aproximadamente_completo
C003076,158662.82,Adjudicación Simplificada,2024-12-07,services,Servicio de capacitación,1,158662.82,158662.82,2024-12-31,2025-01-21,1.0,pagado_aproximadamente_completo
C000022,10461.05,Comparación de Precios,2025-12-04,services,Servicio de transporte,2,10461.05,10461.05,2026-01-08,2026-02-08,1.0,pagado_aproximadamente_completo
C003309,20876.43,Comparación de Precios,2025-08-02,services,Servicio de transporte,3,20876.43,20876.43,2025-08-23,2025-10-06,1.0,pagado_aproximadamente_completo
C002810,16786.05,Concurso Público,2026-01-31,goods,Adquisición de materiales de construcción,2,16786.05,16786.050000000003,2026-02-24,2026-03-27,1.0000000000000002,pagado_aproximadamente_completo
C001650,50938.5,Comparación de Precios,2023-06-16,works,Obra de rehabilitación vial,1,50938.5,50938.5,2023-07-06,2023-10-18,1.0,pagado_aproximadamente_completo
C000695,65210.21,Comparación de Precios,2026-05-05,goods,Adquisición de equipos informáticos,2,65210.21,65210.21,2026-05-16,2026-08-07,1.0,pagado_aproximadamente_completo
C000420,15780.43,Adjudicación Simplificada,2023-11-27,goods,Suministro de combustible,1,15780.43,15780.43,2023-12-15,2024-01-03,1.0,pagado_aproximadamente_completo
C002440,5264.03,Adjudicación Simplificada,2026-04-24,goods,Adquisición de equipos informáticos,2,5264.030000000001,5264.030000000001,2026-05-31,2026-07-03,1.0000000000000002,pagado_aproximadamente_completo
C000460,48283.77,Contratación Directa,2023-12-01,services,Servicio de mantenimiento de infraestructura,2,48283.770000000004,48283.770000000004,2023-12-16,2024-02-16,1.0000000000000002,pagado_aproximadamente_completo
C001067,72219.67,Concurso Público,2023-03-23,services,Servicio de limpieza y vigilancia,1,72219.67,72219.67,2023-04-08,2023-04-27,1.0,pagado_aproximadamente_completo
C000087,147293.81,Concurso Público,2025-03-15,goods,Suministro de combustible,1,147293.81,147293.81,2025-04-14,2025-05-07,1.0,pagado_aproximadamente_completo
C000282,25535.92,Adjudicación Simplificada,2026-04-25,works,Obra de rehabilitación vial,2,25535.920000000002,25535.92,2026-05-09,2026-07-25,1.0,pagado_aproximadamente_completo
C001533,190765.63,Adjudicación Simplificada,2024-06-15,goods,Suministro de combustible,2,190765.63,190765.63,2024-06-30,2024-08-01,1.0,pagado_aproximadamente_completo
C001450,66681.73,Contratación Directa,2024-03-11,services,Servicio de capacitación,1,52048.35,0.0,2024-03-25,,0.0,pendiente_sin_pago
C002947,26145.7,Concurso Público,2024-07-15,services,Servicio de transporte,1,19671.75,19671.75,2024-07-21,2024-08-04,0.7523894942571818,pago_parcial
C700018,430893.53,Licitación Pública,2024-05-31,services,Servicio de transporte,1,430893.53,430893.53,2024-07-02,2024-07-15,1.0,pagado_aproximadamente_completo
C002607,47063.85,Adjudicación Simplificada,2025-02-09,services,Servicio de transporte,1,47063.85,47063.85,2025-03-09,2025-04-02,1.0,pagado_aproximadamente_completo
C000859,95772.16,Adjudicación Simplificada,2025-04-25,goods,Adquisición de equipos informáticos,3,95772.16,95772.16,2025-05-20,2025-07-02,1.0,pagado_aproximadamente_completo
C000533,355860.4,Contratación Directa,2025-03-02,services,Servicio de limpieza y vigilancia,1,355860.4,355860.4,2025-04-03,2025-04-16,1.0,pagado_aproximadamente_completo
C003014,292491.1,Concurso Público,2024-02-07,services,Servicio de limpieza y vigilancia,2,292491.1,292491.1,2024-03-06,2024-06-02,1.0,pagado_aproximadamente_completo
C002157,160219.92,Comparación de Precios,2023-02-01,goods,Adquisición de materiales de construcción,1,120075.03,0.0,2023-02-12,,0.0,pendiente_sin_pago
C002333,52936.78,Comparación de Precios,2024-10-14,services,Servicio de transporte,3,52936.78,52936.78,2024-11-14,2025-01-07,1.0,pagado_aproximadamente_completo
C002895,77199.28,Adjudicación Simplificada,2025-11-26,works,Obra de rehabilitación vial,2,77199.28,77199.28,2026-01-06,2026-01-31,1.0,pagado_aproximadamente_completo
C002940,39029.84,Adjudicación Simplificada,2024-06-14,goods,Suministro de combustible,3,39029.84,39029.840000000004,2024-06-30,2024-09-03,1.0000000000000002,pagado_aproximadamente_completo
C700008,472817.51,Licitación Pública,2025-04-13,services,Servicio de capacitación,1,472817.51,472817.51,2025-05-15,2025-05-28,1.0,pagado_aproximadamente_completo
C002716,208125.01,Adjudicación Simplificada,2024-08-13,works,Obra de rehabilitación vial,1,208125.01,208125.01,2024-09-21,2024-10-01,1.0,pagado_aproximadamente_completo
C900040,476140.94,Adjudicación Simplificada,2024-07-17,goods,Adquisición de bienes de oficina,2,406100.61,406100.61,2024-08-19,2024-09-09,0.8529000047758968,pago_parcial
C001292,9041.93,Concurso Público,2023-07-21,services,Servicio de limpieza y vigilancia,2,9041.93,9041.93,2023-08-10,2023-09-23,1.0,pagado_aproximadamente_completo
C001422,18562.71,Adjudicación Simplificada,2026-04-21,services,Servicio de transporte,1,18562.71,18562.71,2026-05-04,2026-06-01,1.0,pagado_aproximadamente_completo
C001220,60618.85,Comparación de Precios,2025-10-13,services,Servicio de mantenimiento de infraestructura,3,60618.85,60618.85,2025-11-25,2026-01-21,1.0,pagado_aproximadamente_completo
C900010,451748.76,Contratación Directa,2025-08-22,goods,Adquisición de bienes de oficina,2,451748.76,451748.76,2025-09-05,2025-10-04,1.0,pagado_aproximadamente_completo
C002063,308642.52,Adjudicación Simplificada,2023-03-08,goods,Adquisición de materiales de construcción,3,308642.52,308642.52,2023-03-15,2023-06-05,1.0,pagado_aproximadamente_completo
C000942,49603.08,Comparación de Precios,2025-10-15,services,Servicio de transporte,1,49603.08,49603.08,2025-11-07,2025-11-16,1.0,pagado_aproximadamente_completo
C700062,146366.62,Licitación Pública,2024-10-05,goods,Adquisición de bienes de oficina,2,146366.62,146366.62,2024-11-18,2024-12-19,1.0,pagado_aproximadamente_completo
C001459,3518.38,Comparación de Precios,2025-03-10,goods,Adquisición de bienes de oficina,1,3518.38,3518.38,2025-03-23,2025-05-15,1.0,pagado_aproximadamente_completo
C002587,99633.66,Adjudicación Simplificada,2026-06-19,goods,Suministro de combustible,3,99633.66,99633.66,2026-07-13,2026-08-07,1.0,pagado_aproximadamente_completo
C002827,45606.98,Adjudicación Simplificada,2025-12-14,services,Servicio de transporte,1,28337.79,0.0,2026-01-24,,0.0,pendiente_sin_pago
C000887,173426.46,Comparación de Precios,2023-01-09,goods,Adquisición de materiales de construcción,2,173426.46,173426.46,2023-01-20,2023-06-11,1.0,pagado_aproximadamente_completo
C002638,383512.45,Adjudicación Simplificada,2026-06-27,services,Consultoría en ingeniería,2,383512.45,383512.45,2026-08-07,2026-08-07,1.0,pagado_aproximadamente_completo
C000685,71476.2,Adjudicación Simplificada,2026-04-25,goods,Adquisición de equipos informáticos,3,71476.2,71476.2,2026-05-04,2026-07-28,1.0,pagado_aproximadamente_completo
C000413,157183.7,Licitación Pública,2023-11-12,goods,Adquisición de materiales de construcción,1,157183.7,157183.7,2023-12-18,2023-12-21,1.0,pagado_aproximadamente_completo
C000789,123855.75,Comparación de Precios,2025-10-30,services,Servicio de transporte,3,123855.75,123855.75,2025-11-26,2026-02-04,1.0,pagado_aproximadamente_completo
C002002,44594.43,Adjudicación Simplificada,2025-03-08,services,Servicio de mantenimiento de infraestructura,2,44594.43,44594.43,2025-04-13,2025-05-16,1.0,pagado_aproximadamente_completo
C001237,20851.01,Comparación de Precios,2026-05-28,services,Servicio de mantenimiento de infraestructura,3,20851.010000000002,20851.010000000002,2026-06-24,2026-08-07,1.0000000000000002,pagado_aproximadamente_completo
C001672,67367.14,Contratación Directa,2024-11-09,goods,Adquisición de materiales de construcción,3,67367.14,67367.14,2024-11-28,2025-02-08,1.0,pagado_aproximadamente_completo
C002844,160622.23,Contratación Directa,2023-06-01,services,Servicio de mantenimiento de infraestructura,3,160622.22999999998,160622.23,2023-06-19,2023-08-12,1.0,pagado_aproximadamente_completo
C001662,28418.7,Licitación Pública,2023-05-16,services,Servicio de limpieza y vigilancia,1,22367.35,22367.35,2023-06-09,2023-06-27,0.787064503302403,pago_parcial
C003331,60034.65,Concurso Público,2023-04-17,goods,Adquisición de bienes de oficina,3,60034.65,60034.65,2023-06-01,2023-07-05,1.0,pagado_aproximadamente_completo
C000272,137189.86,Comparación de Precios,2025-06-22,works,Obra de rehabilitación vial,2,137189.86,137189.86000000002,2025-07-11,2025-08-30,1.0000000000000002,pagado_aproximadamente_completo
C003198,60754.73,Adjudicación Simplificada,2025-12-24,goods,Adquisición de materiales de construcción,3,60754.73,60754.729999999996,2026-01-23,2026-02-19,0.9999999999999999,pagado_aproximadamente_completo
C000521,224696.15,Concurso Público,2023-10-02,goods,Suministro de combustible,2,224696.15000000002,224696.15000000002,2023-10-18,2023-11-30,1.0000000000000002,pagado_aproximadamente_completo
C000522,38822.97,Comparación de Precios,2026-05-13,services,Servicio de limpieza y vigilancia,1,29905.06,29905.06,2026-06-14,2026-06-27,0.7702929477059586,pago_parcial
C001653,,Comparación de Precios,2023-07-24,works,Obra de rehabilitación vial,2,62185.649999999994,62185.65,2023-08-12,2023-12-01,,sin_pago_o_sin_cuantia
C000350,113662.72,Adjudicación Simplificada,2023-06-13,services,Servicio de transporte,2,113662.72,113662.72,2023-07-13,2023-07-31,1.0,pagado_aproximadamente_completo
C001487,100186.05,Comparación de Precios,2024-10-12,works,Obra de rehabilitación vial,3,100186.05,100186.05,2024-11-01,2025-01-05,1.0,pagado_aproximadamente_completo
C001609,44350.75,Licitación Pública,2024-12-02,services,Consultoría en ingeniería,2,44350.75,44350.75,2025-01-06,2025-04-14,1.0,pagado_aproximadamente_completo
C002883,35572.67,Contratación Directa,2023-03-16,goods,Adquisición de materiales de construcción,1,35572.67,35572.67,2023-03-31,2023-04-16,1.0,pagado_aproximadamente_completo
C001336,22485.41,Comparación de Precios,2023-01-08,goods,Adquisición de bienes de oficina,2,22485.41,22485.41,2023-01-27,2023-02-27,1.0,pagado_aproximadamente_completo
C000651,15394.05,Comparación de Precios,2023-03-11,services,Consultoría en ingeniería,2,15394.05,15394.05,2023-04-05,2023-05-12,1.0,pagado_aproximadamente_completo
C001251,185272.1,Comparación de Precios,2023-04-22,services,Servicio de limpieza y vigilancia,3,185272.1,185272.1,2023-05-06,2023-06-20,1.0,pagado_aproximadamente_completo
C003362,32008.69,Adjudicación Simplificada,2025-05-11,services,Servicio de transporte,1,32008.69,32008.69,2025-05-21,2025-08-06,1.0,pagado_aproximadamente_completo
C003431,57601.95,Adjudicación Simplificada,2025-03-05,works,Obra de rehabilitación vial,2,48930.72,48930.72,2025-03-11,2025-05-10,0.8494629088077748,pago_parcial
C002246,120134.84,Comparación de Precios,2025-07-13,goods,Adquisición de materiales de construcción,1,120134.84,120134.84,2025-08-26,2025-09-11,1.0,pagado_aproximadamente_completo
C001688,117034.2,Adjudicación Simplificada,2024-07-16,services,Consultoría en ingeniería,1,117034.2,117034.2,2024-07-25,2024-08-03,1.0,pagado_aproximadamente_completo
C001632,9752.1,Licitación Pública,2023-07-25,goods,Adquisición de bienes de oficina,2,9752.1,9752.1,2023-09-08,2023-09-21,1.0,pagado_aproximadamente_completo
C001670,31863.88,Adjudicación Simplificada,2023-08-02,goods,Adquisición de materiales de construcción,1,13285.14,0.0,2023-08-29,,0.0,pendiente_sin_pago
C000168,101662.46,Adjudicación Simplificada,2026-01-20,services,Servicio de mantenimiento de infraestructura,1,101662.46,101662.46,2026-01-25,2026-02-08,1.0,pagado_aproximadamente_completo
C003436,10499.52,Comparación de Precios,2024-06-02,services,Consultoría en ingeniería,1,11233.54,11233.54,2024-06-21,2024-07-10,1.0699098625460974,sobrepago_senal_revisar
C000962,11742.88,Comparación de Precios,2024-10-31,goods,Adquisición de materiales de construcción,2,11742.880000000001,11742.88,2024-11-28,2025-01-13,1.0,pagado_aproximadamente_completo
C000945,62533.02,Adjudicación Simplificada,2026-04-12,goods,Adquisición de materiales de construcción,1,62533.02,62533.02,2026-04-30,2026-07-02,1.0,pagado_aproximadamente_completo
C000462,92749.32,Comparación de Precios,2024-10-28,services,Consultoría en ingeniería,2,81470.33,81470.33,2024-11-21,2025-01-15,0.8783927472460175,pago_parcial
C001945,43195.77,Concurso Público,2024-09-29,services,Servicio de mantenimiento de infraestructura,1,43195.77,43195.77,2024-10-10,2024-10-26,1.0,pagado_aproximadamente_completo
C000328,1103772.76,Adjudicación Simplificada,2024-05-29,services,Servicio de mantenimiento de infraestructura,1,1103772.76,1103772.76,2024-07-07,2024-07-29,1.0,pagado_aproximadamente_completo
C002644,17827.48,Adjudicación Simplificada,2025-02-26,services,Servicio de limpieza y vigilancia,3,17827.480000000003,17827.48,2025-04-03,2025-06-01,1.0,pagado_aproximadamente_completo
C002093,70035.54,Adjudicación Simplificada,2024-01-09,goods,Adquisición de equipos informáticos,2,70035.54,70035.54,2024-01-14,2024-03-31,1.0,pagado_aproximadamente_completo
C000367,80947.19,Adjudicación Simplificada,2024-06-27,goods,Adquisición de equipos informáticos,2,80947.19,80947.19,2024-07-13,2024-08-30,1.0,pagado_aproximadamente_completo
C003199,31171.29,Comparación de Precios,2025-10-12,works,Obra de rehabilitación vial,3,31171.29,31171.29,2025-10-26,2026-01-19,1.0,pagado_aproximadamente_completo
C002800,58530.34,Contratación Directa,2026-02-19,services,Servicio de capacitación,1,58530.34,58530.34,2026-02-27,2026-06-03,1.0,pagado_aproximadamente_completo
C003364,59289.6,Contratación Directa,2024-07-02,goods,Adquisición de equipos informáticos,1,59289.6,59289.6,2024-07-11,2024-07-23,1.0,pagado_aproximadamente_completo
C001506,56163.05,Concurso Público,2024-10-20,services,Servicio de capacitación,3,56163.05,56163.05,2024-11-13,2025-01-02,1.0,pagado_aproximadamente_completo
C000772,107065.79,Licitación Pública,2023-12-19,services,Servicio de capacitación,1,60946.83,60946.83,2024-01-13,2024-02-01,0.5692465352378198,pago_parcial
C002356,54225.22,Adjudicación Simplificada,2025-02-23,services,Servicio de transporte,1,32533.71,32533.71,2025-03-11,2025-03-22,0.599973776040005,pago_parcial
C003315,83322.68,Licitación Pública,2025-02-08,services,Consultoría en ingeniería,2,47734.35,47734.35,2025-03-07,2025-04-15,0.5728854376743523,pago_parcial
C002912,32864.85,Adjudicación Simplificada,2023-07-07,services,Servicio de transporte,2,32864.85,32864.85,2023-08-03,2023-08-19,1.0,pagado_aproximadamente_completo
C000498,40627.97,Concurso Público,2023-05-17,goods,Suministro de combustible,3,40627.97,40627.97,2023-05-26,2023-08-14,1.0,pagado_aproximadamente_completo
C003136,19941.71,Comparación de Precios,2023-08-26,services,Servicio de capacitación,2,19941.71,19941.71,2023-09-05,2023-11-16,1.0,pagado_aproximadamente_completo
C000435,95589.65,Adjudicación Simplificada,2024-11-09,goods,Adquisición de bienes de oficina,2,95589.65000000001,95589.65,2024-12-07,2025-01-02,1.0,pagado_aproximadamente_completo
C000365,258423.57,Contratación Directa,2023-06-03,goods,Adquisición de equipos informáticos,1,266683.11,266683.11,2023-06-15,2023-06-16,1.0319612487359415,sobrepago_senal_revisar
C700034,142266.35,Adjudicación Simplificada,2025-03-02,goods,Adquisición de equipos informáticos,2,90159.33,90159.33,2025-03-07,2025-05-01,0.6337361575664238,pago_parcial
C000276,23960.85,Comparación de Precios,2023-04-09,services,Servicio de mantenimiento de infraestructura,2,23960.85,23960.85,2023-05-21,2023-07-03,1.0,pagado_aproximadamente_completo
C002452,34962.04,Licitación Pública,2024-10-18,goods,Adquisición de materiales de construcción,1,13147.28,0.0,2024-11-24,,0.0,pendiente_sin_pago
C002073,28450.78,,2024-11-10,goods,Adquisición de equipos informáticos,2,24605.07,24605.07,2024-12-08,2025-01-08,0.8648293649594141,pago_parcial
C002608,72304.07,Comparación de Precios,2025-09-13,services,Servicio de transporte,1,72304.07,72304.07,2025-10-03,2025-10-13,1.0,pagado_aproximadamente_completo
C000407,75992.38,Licitación Pública,2024-08-03,services,Servicio de mantenimiento de infraestructura,3,75992.38,75992.38,2024-09-08,2024-11-13,1.0,pagado_aproximadamente_completo
C003115,407145.87,Adjudicación Simplificada,2025-12-18,goods,Adquisición de materiales de construcción,1,407145.87,407145.87,2026-01-04,2026-01-14,1.0,pagado_aproximadamente_completo
C002599,36809.22,Concurso Público,2024-09-18,goods,Adquisición de equipos informáticos,1,19054.97,0.0,2024-10-19,,0.0,pendiente_sin_pago
C000844,21452.61,Licitación Pública,2024-02-07,goods,Adquisición de bienes de oficina,2,21452.61,21452.61,2024-03-23,2024-05-07,1.0,pagado_aproximadamente_completo
C001651,17402.62,Licitación Pública,2024-04-03,works,Obra de rehabilitación vial,1,15467.52,15467.52,2024-04-30,2024-05-22,0.8888040996125871,pago_parcial
C001421,56525.4,Adjudicación Simplificada,2026-03-23,services,Servicio de mantenimiento de infraestructura,1,56525.4,56525.4,2026-04-23,2026-05-06,1.0,pagado_aproximadamente_completo
C001966,36117.22,Comparación de Precios,2023-02-10,goods,Adquisición de materiales de construcción,2,30418.96,30418.96,2023-03-16,2023-04-03,0.8422287208151679,pago_parcial
C001925,28199.35,Adjudicación Simplificada,2025-01-17,goods,Adquisición de materiales de construcción,2,28199.35,28199.350000000002,2025-01-27,2025-03-13,1.0000000000000002,pagado_aproximadamente_completo
C001764,14993.75,Concurso Público,2024-02-01,goods,Suministro de combustible,2,14993.75,14993.75,2024-02-24,2024-03-25,1.0,pagado_aproximadamente_completo
C003372,75833.26,Concurso Público,2023-08-26,goods,Adquisición de equipos informáticos,1,75833.26,75833.26,2023-09-30,2023-10-12,1.0,pagado_aproximadamente_completo
C001703,236393.99,Comparación de Precios,2024-01-11,services,Consultoría en ingeniería,1,121254.84,0.0,2024-02-20,,0.0,pendiente_sin_pago
C000855,88891.62,Adjudicación Simplificada,2023-08-30,services,Servicio de mantenimiento de infraestructura,1,88891.62,88891.62,2023-10-12,2023-12-20,1.0,pagado_aproximadamente_completo
C001402,159569.33,Adjudicación Simplificada,2025-07-12,goods,Adquisición de materiales de construcción,2,159569.33000000002,159569.33000000002,2025-08-14,2025-09-08,1.0000000000000002,pagado_aproximadamente_completo
C000078,243731.23,Licitación Pública,2026-06-17,services,Servicio de transporte,2,178968.58,178968.58000000002,2026-07-15,2026-08-06,0.7342866156298478,pago_parcial
C000944,83805.02,Adjudicación Simplificada,2023-07-28,services,Servicio de limpieza y vigilancia,3,83805.02,83805.02,2023-08-15,2023-10-07,1.0,pagado_aproximadamente_completo
C000199,48821.76,Comparación de Precios,2023-10-25,services,Servicio de transporte,2,48821.76,48821.759999999995,2023-11-06,2024-03-05,0.9999999999999999,pagado_aproximadamente_completo
C003480,46521.78,Adjudicación Simplificada,2025-04-23,services,Servicio de mantenimiento de infraestructura,2,46521.78,46521.78,2025-04-30,2025-06-01,1.0,pagado_aproximadamente_completo
C001429,12119.52,Comparación de Precios,2026-04-24,goods,Adquisición de materiales de construcción,3,12119.519999999999,12119.52,2026-05-03,2026-07-07,1.0,pagado_aproximadamente_completo
C000801,20948.62,Comparación de Precios,2025-03-15,services,Consultoría en ingeniería,1,13785.81,13785.81,2025-03-24,2025-04-16,0.6580772385006746,pago_parcial
C002229,77838.27,Adjudicación Simplificada,2024-01-08,goods,Adquisición de equipos informáticos,2,77838.26999999999,77838.26999999999,2024-01-24,2024-02-13,0.9999999999999998,pagado_aproximadamente_completo
C002024,189310.83,Adjudicación Simplificada,2023-10-08,goods,Suministro de combustible,1,129467.35,129467.35,2023-10-30,2023-11-04,0.6838877099635557,pago_parcial
C003332,5116.83,Licitación Pública,2025-03-09,works,Obra de rehabilitación vial,1,5116.83,5116.83,2025-04-05,2025-04-27,1.0,pagado_aproximadamente_completo
C000231,126769.0,Comparación de Precios,2024-08-30,goods,Adquisición de bienes de oficina,3,126769.0,126769.0,2024-09-18,2024-11-10,1.0,pagado_aproximadamente_completo
C002956,77423.28,Licitación Pública,2023-05-12,goods,Adquisición de bienes de oficina,1,77423.28,77423.28,2023-06-17,2023-08-30,1.0,pagado_aproximadamente_completo
C001729,270159.71,,2025-11-04,works,Obra de rehabilitación vial,1,280884.74,280884.74,2025-12-14,2025-12-18,1.0396988507279636,sobrepago_senal_revisar
C002548,17247.41,Comparación de Precios,2023-09-06,services,Servicio de capacitación,2,17247.41,17247.41,2023-10-11,2023-11-03,1.0,pagado_aproximadamente_completo
C003218,241279.47,Concurso Público,2023-07-05,goods,Suministro de combustible,2,241279.46999999997,241279.47,2023-07-31,2023-09-07,1.0,pagado_aproximadamente_completo
C003091,20971.04,Adjudicación Simplificada,2023-11-13,goods,Adquisición de materiales de construcción,2,20971.04,20971.039999999997,2023-12-02,2024-01-24,0.9999999999999998,pagado_aproximadamente_completo
C900045,407265.57,Contratación Directa,2026-05-26,goods,Adquisición de bienes de oficina,3,407265.57,407265.57,2026-06-25,2026-08-07,1.0,pagado_aproximadamente_completo
C003078,11953.02,Adjudicación Simplificada,2025-09-08,goods,Suministro de combustible,3,11953.02,11953.02,2025-10-03,2025-12-15,1.0,pagado_aproximadamente_completo
C001407,35158.52,Comparación de Precios,2026-06-18,services,Consultoría en ingeniería,3,35158.520000000004,35158.520000000004,2026-07-08,2026-08-07,1.0000000000000002,pagado_aproximadamente_completo
C700038,475114.73,Concurso Público,2026-04-29,goods,Adquisición de equipos informáticos,2,475114.73000000004,475114.73,2026-06-03,2026-06-30,1.0,pagado_aproximadamente_completo
C001143,10500.77,Adjudicación Simplificada,2023-04-29,services,Servicio de limpieza y vigilancia,2,10500.77,10500.77,2023-05-27,2023-06-10,1.0,pagado_aproximadamente_completo
C003353,72212.2,Licitación Pública,2025-12-15,goods,Adquisición de materiales de construcción,1,72212.2,72212.2,2025-12-25,2026-01-08,1.0,pagado_aproximadamente_completo
C000191,63080.9,Contratación Directa,2026-01-16,services,Servicio de transporte,1,48583.81,48583.81,2026-01-27,2026-02-11,0.77018257507423,pago_parcial
C000104,106890.6,Concurso Público,2025-05-11,services,Consultoría en ingeniería,3,106890.6,106890.59999999999,2025-06-19,2025-07-14,0.9999999999999999,pagado_aproximadamente_completo
C003151,80840.04,Adjudicación Simplificada,2025-03-16,services,Consultoría en ingeniería,1,59040.1,59040.1,2025-03-27,2025-04-09,0.7303323946895622,pago_parcial
C002168,302318.02,Adjudicación Simplificada,2025-06-03,services,Servicio de capacitación,2,302318.02,302318.02,2025-07-08,2025-07-28,1.0,pagado_aproximadamente_completo
C003287,21424.59,Adjudicación Simplificada,2025-05-08,works,Obra de rehabilitación vial,1,21424.59,21424.59,2025-05-28,2025-06-11,1.0,pagado_aproximadamente_completo
C001539,17968.94,Adjudicación Simplificada,2024-05-18,services,Consultoría en ingeniería,2,17968.94,17968.940000000002,2024-06-25,2024-07-18,1.0000000000000002,pagado_aproximadamente_completo
C001419,111809.12,Adjudicación Simplificada,2023-03-06,services,Servicio de limpieza y vigilancia,2,111809.12,111809.12,2023-03-12,2023-05-13,1.0,pagado_aproximadamente_completo
C001869,9690.05,Adjudicación Simplificada,2025-08-09,services,Servicio de capacitación,3,9690.05,9690.05,2025-09-12,2025-11-19,1.0,pagado_aproximadamente_completo
C001465,55481.47,Licitación Pública,2024-04-07,services,Consultoría en ingeniería,2,55481.47,55481.47,2024-05-06,2024-05-22,1.0,pagado_aproximadamente_completo
C002825,134829.25,Adjudicación Simplificada,2026-04-25,goods,Suministro de combustible,2,134829.25,134829.25,2026-05-22,2026-06-27,1.0,pagado_aproximadamente_completo
C002900,47880.41,Adjudicación Simplificada,2025-08-15,services,Servicio de transporte,1,47880.41,47880.41,2025-08-20,2025-09-03,1.0,pagado_aproximadamente_completo
C001226,18871.62,,2026-05-22,services,Consultoría en ingeniería,1,18871.62,18871.62,2026-06-04,2026-06-12,1.0,pagado_aproximadamente_completo
C001987,40871.93,Adjudicación Simplificada,2023-10-03,services,Servicio de mantenimiento de infraestructura,1,42448.85,42448.85,2023-10-16,2023-10-28,1.038581980346903,sobrepago_senal_revisar
C002242,28057.75,Adjudicación Simplificada,2023-09-20,goods,Adquisición de bienes de oficina,2,28057.75,28057.75,2023-10-17,2023-12-01,1.0,pagado_aproximadamente_completo
C001656,24060.76,Adjudicación Simplificada,2026-02-07,works,Obra de rehabilitación vial,1,20664.9,20664.9,2026-02-22,2026-02-28,0.8588631448050686,pago_parcial
C900005,166418.67,Contratación Directa,2024-05-12,goods,Adquisición de materiales de construcción,1,67787.79,0.0,2024-06-16,,0.0,pendiente_sin_pago
C002962,24111.33,Adjudicación Simplificada,2026-06-17,goods,Adquisición de materiales de construcción,3,24111.33,24111.33,2026-07-23,2026-08-07,1.0,pagado_aproximadamente_completo
C001423,35005.55,Comparación de Precios,2023-11-03,services,Consultoría en ingeniería,1,35005.55,35005.55,2023-12-01,2023-12-28,1.0,pagado_aproximadamente_completo
C003113,267849.53,Adjudicación Simplificada,2024-09-05,services,Consultoría en ingeniería,3,267849.53,267849.53,2024-09-18,2024-11-21,1.0,pagado_aproximadamente_completo
C000994,250565.87,Licitación Pública,2025-04-07,services,Servicio de capacitación,1,157417.71,0.0,2025-05-12,,0.0,pendiente_sin_pago
C000464,60553.21,Licitación Pública,2024-12-18,goods,Adquisición de bienes de oficina,1,60553.21,60553.21,2024-12-29,2025-03-18,1.0,pagado_aproximadamente_completo
C001298,175081.92,Comparación de Precios,2025-04-04,goods,Adquisición de bienes de oficina,1,141901.5,141901.5,2025-05-19,2025-06-15,0.8104863140637251,pago_parcial
C001270,188598.87,Contratación Directa,2025-07-26,services,Consultoría en ingeniería,2,188598.87,188598.87,2025-08-19,2025-11-29,1.0,pagado_aproximadamente_completo
C002973,,Licitación Pública,2023-11-20,works,Obra de rehabilitación vial,3,62185.65,62185.649999999994,2023-12-15,2024-01-13,,sin_pago_o_sin_cuantia
C001950,15306.04,Comparación de Precios,2024-06-03,goods,Adquisición de materiales de construcción,2,15306.039999999999,15306.039999999999,2024-06-17,2024-10-17,0.9999999999999999,pagado_aproximadamente_completo
C002236,192765.79,Contratación Directa,2026-01-18,services,Servicio de capacitación,1,192765.79,192765.79,2026-02-22,2026-03-11,1.0,pagado_aproximadamente_completo
C001454,179755.3,Comparación de Precios,2024-04-15,goods,Adquisición de equipos informáticos,2,179755.3,179755.3,2024-05-13,2024-06-19,1.0,pagado_aproximadamente_completo
C000212,220480.62,Comparación de Precios,2024-05-18,goods,Adquisición de materiales de construcción,1,144663.8,144663.8,2024-06-03,2024-06-18,0.6561293232938115,pago_parcial
C001036,106441.13,Contratación Directa,2026-06-05,goods,Adquisición de materiales de construcción,3,106441.13,106441.13,2026-07-13,2026-08-07,1.0,pagado_aproximadamente_completo
C700087,516456.29,Concurso Público,2025-05-04,services,Servicio de capacitación,1,386317.84,386317.84,2025-06-09,2025-06-13,0.7480165262388421,pago_parcial
C000900,29543.66,Licitación Pública,2024-07-27,services,Consultoría en ingeniería,2,29543.66,29543.66,2024-08-25,2024-09-11,1.0,pagado_aproximadamente_completo
C001578,156554.15,Comparación de Precios,2023-09-09,services,Servicio de mantenimiento de infraestructura,2,156554.15000000002,156554.15,2023-09-19,2023-11-24,1.0,pagado_aproximadamente_completo
C001446,164476.67,Comparación de Precios,2025-02-04,goods,Suministro de combustible,2,101115.37,101115.37000000001,2025-02-09,2025-04-27,0.614770289306076,pago_parcial
C000741,173565.82,,2023-02-07,services,Servicio de capacitación,2,173565.82,173565.82,2023-02-21,2023-03-20,1.0,pagado_aproximadamente_completo
C003434,75677.01,Licitación Pública,2025-07-27,goods,Suministro de combustible,1,75677.01,75677.01,2025-08-01,2025-08-21,1.0,pagado_aproximadamente_completo
C002866,26389.41,Concurso Público,2024-05-12,works,Obra de rehabilitación vial,2,26389.409999999996,26389.41,2024-05-27,2024-07-15,1.0,pagado_aproximadamente_completo
C001961,244759.34,Adjudicación Simplificada,2024-08-28,services,Servicio de mantenimiento de infraestructura,3,244759.34,244759.34,2024-09-06,2024-11-29,1.0,pagado_aproximadamente_completo
C001206,218808.61,Comparación de Precios,2025-12-21,services,Servicio de capacitación,1,175504.66,175504.66,2026-01-24,2026-02-13,0.8020921114575885,pago_parcial
C000509,181674.09,Comparación de Precios,2023-10-10,services,Servicio de limpieza y vigilancia,1,181674.09,181674.09,2023-11-17,2024-02-29,1.0,pagado_aproximadamente_completo
C000597,106230.07,Adjudicación Simplificada,2024-06-12,goods,Adquisición de bienes de oficina,1,66648.08,0.0,2024-07-12,,0.0,pendiente_sin_pago
C001588,72722.48,Licitación Pública,2025-11-23,services,Consultoría en ingeniería,2,72722.48,72722.48000000001,2025-12-14,2026-03-10,1.0000000000000002,pagado_aproximadamente_completo
C000981,145339.31,Licitación Pública,2025-11-14,services,Servicio de mantenimiento de infraestructura,2,145339.31,145339.31,2025-12-12,2026-01-02,1.0,pagado_aproximadamente_completo
C002742,28631.83,Adjudicación Simplificada,2024-02-19,goods,Adquisición de bienes de oficina,2,17152.2,17152.2,2024-02-26,2024-05-13,0.5990605560315215,pago_parcial
C003260,96309.56,Comparación de Precios,2023-12-18,services,Servicio de capacitación,1,96309.56,96309.56,2024-01-05,2024-01-14,1.0,pagado_aproximadamente_completo
C000518,26171.22,Comparación de Precios,2023-03-13,services,Consultoría en ingeniería,1,14325.09,0.0,2023-03-18,,0.0,pendiente_sin_pago
C001289,95462.89,Adjudicación Simplificada,2025-05-01,goods,Adquisición de bienes de oficina,2,95462.88999999998,95462.89,2025-06-12,2025-06-22,1.0,pagado_aproximadamente_completo
C000767,152897.48,Comparación de Precios,2024-02-14,services,Servicio de limpieza y vigilancia,2,152897.48,152897.47999999998,2024-02-27,2024-04-30,0.9999999999999998,pagado_aproximadamente_completo
C003411,117874.56,Comparación de Precios,2025-04-26,services,Consultoría en ingeniería,2,117874.56,117874.56,2025-05-26,2025-06-14,1.0,pagado_aproximadamente_completo
C000421,73527.19,Comparación de Precios,2024-02-25,goods,Adquisición de equipos informáticos,1,37827.03,0.0,2024-04-06,,0.0,pendiente_sin_pago
C000123,54383.77,Comparación de Precios,2025-09-23,goods,Adquisición de equipos informáticos,2,58029.83,58029.83,2025-10-15,2025-11-06,1.067043163796846,sobrepago_senal_revisar
C003217,296134.97,Adjudicación Simplificada,2023-07-04,goods,Adquisición de bienes de oficina,2,246898.79,246898.78999999998,2023-08-09,2023-08-26,0.8337373664447667,pago_parcial
C002298,37002.43,Concurso Público,2025-09-02,goods,Adquisición de materiales de construcción,2,37002.43,37002.43,2025-09-29,2026-01-11,1.0,pagado_aproximadamente_completo
C000819,81068.38,Adjudicación Simplificada,2023-12-28,services,Servicio de capacitación,3,81068.37999999999,81068.38,2024-02-06,2024-03-07,1.0,pagado_aproximadamente_completo
C000100,38535.98,Contratación Directa,2024-07-20,goods,Adquisición de bienes de oficina,1,26103.05,0.0,2024-08-24,,0.0,pendiente_sin_pago
C003257,100627.87,Comparación de Precios,2024-11-26,goods,Adquisición de materiales de construcción,2,100627.87,100627.87,2024-12-20,2025-01-18,1.0,pagado_aproximadamente_completo
C003422,26407.4,Licitación Pública,2023-02-13,services,Servicio de mantenimiento de infraestructura,1,26407.4,26407.4,2023-03-18,2023-03-27,1.0,pagado_aproximadamente_completo
C002859,70491.8,Contratación Directa,2023-08-12,services,Servicio de transporte,1,70491.8,70491.8,2023-08-17,2023-09-12,1.0,pagado_aproximadamente_completo
C003235,52373.96,Comparación de Precios,2023-12-31,goods,Suministro de combustible,3,52373.96,52373.96000000001,2024-02-10,2024-04-05,1.0000000000000002,pagado_aproximadamente_completo
C001103,46260.69,Contratación Directa,2023-05-16,goods,Adquisición de bienes de oficina,1,35601.72,35601.72,2023-05-26,2023-06-11,0.7695890398521942,pago_parcial
C002501,149440.32,Comparación de Precios,2025-03-04,services,Consultoría en ingeniería,3,149440.32,149440.32,2025-04-01,2025-05-02,1.0,pagado_aproximadamente_completo
C002728,12042.87,Licitación Pública,2024-01-20,services,Servicio de mantenimiento de infraestructura,1,12042.87,12042.87,2024-02-22,2024-03-10,1.0,pagado_aproximadamente_completo
C002958,108776.33,Adjudicación Simplificada,2024-02-17,works,Obra de rehabilitación vial,2,108776.33,108776.33,2024-03-12,2024-05-10,1.0,pagado_aproximadamente_completo
C001517,110368.42,Licitación Pública,2024-12-17,services,Servicio de transporte,1,39835.8,0.0,2025-01-31,,0.0,pendiente_sin_pago
C002798,40354.11,Adjudicación Simplificada,2025-08-10,goods,Adquisición de equipos informáticos,3,40354.11,40354.11,2025-08-28,2025-11-16,1.0,pagado_aproximadamente_completo
C003066,33747.65,Comparación de Precios,2026-02-24,services,Servicio de capacitación,1,17675.52,0.0,2026-03-14,,0.0,pendiente_sin_pago
C002855,48109.44,Comparación de Precios,2024-12-31,goods,Adquisición de equipos informáticos,3,48109.44,48109.44,2025-02-03,2025-03-19,1.0,pagado_aproximadamente_completo
C000982,35716.76,Comparación de Precios,2025-08-08,goods,Adquisición de bienes de oficina,1,35716.76,35716.76,2025-09-12,2025-09-16,1.0,pagado_aproximadamente_completo
C000456,499390.38,Contratación Directa,2025-01-20,goods,Adquisición de bienes de oficina,2,499390.38,499390.38,2025-02-09,2025-03-30,1.0,pagado_aproximadamente_completo
C002752,48164.76,Adjudicación Simplificada,2025-12-15,goods,Adquisición de bienes de oficina,1,48164.76,48164.76,2026-01-10,2026-01-13,1.0,pagado_aproximadamente_completo
C002624,138984.28,Comparación de Precios,2026-02-14,goods,Adquisición de bienes de oficina,1,138984.28,138984.28,2026-02-22,2026-03-16,1.0,pagado_aproximadamente_completo
C000381,31522.51,,2023-01-27,goods,Suministro de combustible,1,31522.51,31522.51,2023-02-14,2023-02-19,1.0,pagado_aproximadamente_completo
C003452,189815.18,Comparación de Precios,2025-08-15,goods,Suministro de combustible,2,189815.18,189815.18,2025-09-08,2025-10-16,1.0,pagado_aproximadamente_completo
C002037,45660.79,Licitación Pública,2025-06-16,services,Servicio de mantenimiento de infraestructura,3,45660.79,45660.78999999999,2025-07-28,2025-09-14,0.9999999999999999,pagado_aproximadamente_completo
C003451,69704.06,Adjudicación Simplificada,2025-06-09,services,Servicio de capacitación,2,69704.06,69704.06,2025-07-09,2025-08-06,1.0,pagado_aproximadamente_completo
C001010,44680.65,Adjudicación Simplificada,2023-04-21,services,Consultoría en ingeniería,2,32887.899999999994,32887.9,2023-04-26,2023-06-10,0.7360658361057862,pago_parcial
C001378,139861.29,Comparación de Precios,2025-09-24,goods,Adquisición de materiales de construcción,2,149393.9,149393.90000000002,2025-10-28,2025-11-26,1.0681576010059681,sobrepago_senal_revisar
C800021,180172.41,Concurso Público Abreviado,2026-04-29,services,Servicio de transporte,3,180172.41,180172.41,2026-06-13,2026-08-07,1.0,pagado_aproximadamente_completo
C000662,10664.18,Licitación Pública,2023-08-23,services,Servicio de mantenimiento de infraestructura,2,10664.18,10664.18,2023-10-04,2023-10-31,1.0,pagado_aproximadamente_completo
C001461,47274.84,Adjudicación Simplificada,2023-06-14,services,Servicio de limpieza y vigilancia,1,47274.84,47274.84,2023-07-26,2023-08-09,1.0,pagado_aproximadamente_completo
C001949,134782.19,Comparación de Precios,2024-03-05,goods,Adquisición de equipos informáticos,1,134782.19,134782.19,2024-04-11,2024-05-07,1.0,pagado_aproximadamente_completo
C003354,13107.52,Adjudicación Simplificada,2024-01-14,services,Consultoría en ingeniería,2,13107.52,13107.52,2024-01-29,2024-06-24,1.0,pagado_aproximadamente_completo
C002098,40834.71,Comparación de Precios,2023-11-10,goods,Suministro de combustible,3,40834.71,40834.71,2023-12-08,2024-02-08,1.0,pagado_aproximadamente_completo
C002776,68402.02,Comparación de Precios,2026-02-27,goods,Adquisición de equipos informáticos,1,68402.02,68402.02,2026-04-06,2026-06-05,1.0,pagado_aproximadamente_completo
C002897,131220.08,Contratación Directa,2023-06-12,services,Servicio de capacitación,1,131220.08,131220.08,2023-06-26,2023-07-08,1.0,pagado_aproximadamente_completo
C002812,57449.32,Comparación de Precios,2024-03-09,goods,Adquisición de materiales de construcción,3,57449.32,57449.32,2024-03-21,2024-05-29,1.0,pagado_aproximadamente_completo
C002903,67705.63,Adjudicación Simplificada,2025-06-16,services,Servicio de transporte,2,67705.63,67705.63,2025-07-09,2025-09-07,1.0,pagado_aproximadamente_completo
C000845,89478.08,Licitación Pública,2023-08-29,services,Consultoría en ingeniería,3,89478.08,89478.07999999999,2023-09-20,2023-11-05,0.9999999999999999,pagado_aproximadamente_completo
C000542,251451.69,Concurso Público,2024-09-22,goods,Adquisición de bienes de oficina,1,169134.7,169134.7,2024-10-11,2024-10-16,0.6726329817071423,pago_parcial
C700026,271564.24,Adjudicación Simplificada,2024-08-16,works,Obra de rehabilitación vial,3,271564.24,271564.24,2024-09-02,2024-11-03,1.0,pagado_aproximadamente_completo
C002364,45348.13,Adjudicación Simplificada,2026-06-28,goods,Adquisición de equipos informáticos,3,45348.130000000005,45348.130000000005,2026-07-21,2026-08-07,1.0000000000000002,pagado_aproximadamente_completo
C001846,69732.06,Comparación de Precios,2023-06-12,services,Servicio de limpieza y vigilancia,1,69732.06,69732.06,2023-07-02,2023-07-11,1.0,pagado_aproximadamente_completo
C001196,75831.63,Comparación de Precios,2025-12-07,services,Servicio de limpieza y vigilancia,2,75831.63,75831.63,2026-01-10,2026-02-23,1.0,pagado_aproximadamente_completo
C001102,42478.11,Contratación Directa,2026-03-28,goods,Adquisición de bienes de oficina,3,42478.11,42478.11,2026-05-12,2026-06-13,1.0,pagado_aproximadamente_completo
C002483,61486.17,Contratación Directa,2023-04-28,services,Servicio de limpieza y vigilancia,1,61486.17,61486.17,2023-05-17,2023-05-27,1.0,pagado_aproximadamente_completo
C700078,140431.71,Licitación Pública,2024-12-06,works,Obra de rehabilitación vial,1,92630.73,0.0,2025-01-13,,0.0,pendiente_sin_pago
C002535,40589.86,Adjudicación Simplificada,2023-12-05,services,Servicio de mantenimiento de infraestructura,2,40589.86,40589.86,2024-01-15,2024-02-25,1.0,pagado_aproximadamente_completo
C001582,57403.08,Adjudicación Simplificada,2023-03-11,goods,Adquisición de materiales de construcción,1,57403.08,57403.08,2023-04-22,2023-05-06,1.0,pagado_aproximadamente_completo
C003114,166323.14,Comparación de Precios,2026-06-19,goods,Adquisición de equipos informáticos,3,166323.13999999998,166323.14,2026-07-05,2026-08-07,1.0,pagado_aproximadamente_completo
C003408,61617.31,Adjudicación Simplificada,2026-06-12,goods,Adquisición de equipos informáticos,2,61617.310000000005,61617.31,2026-07-05,2026-08-07,1.0,pagado_aproximadamente_completo
C001048,34671.58,Concurso Público,2024-02-15,services,Servicio de capacitación,2,34671.58,34671.58,2024-02-21,2024-04-29,1.0,pagado_aproximadamente_completo
C700010,871862.16,Concurso Público,2025-11-10,services,Servicio de capacitación,2,871862.1599999999,871862.16,2025-12-17,2026-01-23,1.0,pagado_aproximadamente_completo
C001660,170802.7,Adjudicación Simplificada,2024-06-13,goods,Adquisición de bienes de oficina,3,170802.7,170802.7,2024-06-26,2024-09-18,1.0,pagado_aproximadamente_completo
C002832,44462.82,Adjudicación Simplificada,2024-10-17,services,Servicio de capacitación,1,44462.82,44462.82,2024-12-01,2024-12-17,1.0,pagado_aproximadamente_completo
C001885,27631.27,Contratación Directa,2026-01-17,works,Obra de rehabilitación vial,1,27631.27,27631.27,2026-02-15,2026-02-17,1.0,pagado_aproximadamente_completo
C000237,225247.64,Licitación Pública,2025-03-01,goods,Adquisición de bienes de oficina,2,225247.64,225247.64,2025-03-28,2025-04-22,1.0,pagado_aproximadamente_completo
C002781,60642.02,Concurso Público,2025-05-22,services,Consultoría en ingeniería,1,47637.52,47637.52,2025-06-09,2025-06-27,0.7855529878457215,pago_parcial
C002446,85101.86,Adjudicación Simplificada,2026-05-18,goods,Adquisición de equipos informáticos,2,85101.86,85101.86,2026-06-24,2026-07-10,1.0,pagado_aproximadamente_completo
C001133,15258.41,Comparación de Precios,2025-08-17,goods,Adquisición de bienes de oficina,3,15258.41,15258.41,2025-09-04,2025-10-31,1.0,pagado_aproximadamente_completo
C002414,190068.81,Adjudicación Simplificada,2023-12-23,goods,Adquisición de equipos informáticos,2,190068.81,190068.81,2024-01-26,2024-04-23,1.0,pagado_aproximadamente_completo
C002529,523092.96,Concurso Público,2026-01-15,goods,Adquisición de bienes de oficina,1,333336.83,333336.83,2026-01-26,2026-02-14,0.6372420496731594,pago_parcial
C000163,30454.31,Comparación de Precios,2023-07-24,goods,Adquisición de bienes de oficina,1,30454.31,30454.31,2023-08-16,2023-09-07,1.0,pagado_aproximadamente_completo
C003450,13995.45,Adjudicación Simplificada,2023-11-02,goods,Adquisición de equipos informáticos,2,13995.45,13995.45,2023-11-07,2024-01-11,1.0,pagado_aproximadamente_completo
C000252,132699.0,Adjudicación Simplificada,2024-07-30,goods,Adquisición de materiales de construcción,3,132699.0,132699.0,2024-08-15,2024-10-03,1.0,pagado_aproximadamente_completo
C002721,37794.13,Adjudicación Simplificada,2024-07-25,services,Servicio de transporte,1,37794.13,37794.13,2024-08-29,2024-09-12,1.0,pagado_aproximadamente_completo
C002212,102717.16,Comparación de Precios,2023-08-04,services,Servicio de limpieza y vigilancia,2,102717.16,102717.16,2023-09-14,2023-10-09,1.0,pagado_aproximadamente_completo
C003153,282651.69,Contratación Directa,2023-08-11,services,Servicio de transporte,1,282651.69,282651.69,2023-09-20,2023-10-15,1.0,pagado_aproximadamente_completo
C000930,74261.19,Comparación de Precios,2025-09-04,services,Servicio de limpieza y vigilancia,1,74261.19,74261.19,2025-10-10,2025-11-01,1.0,pagado_aproximadamente_completo
C001747,23537.01,Comparación de Precios,2024-06-09,services,Consultoría en ingeniería,3,23537.01,23537.01,2024-07-15,2024-09-18,1.0,pagado_aproximadamente_completo
C002250,129273.62,,2024-03-06,services,Consultoría en ingeniería,3,129273.62,129273.62,2024-04-08,2024-06-08,1.0,pagado_aproximadamente_completo
C002409,376976.48,Comparación de Precios,2025-08-23,works,Obra de rehabilitación vial,1,376976.48,376976.48,2025-09-04,2025-09-26,1.0,pagado_aproximadamente_completo
C001532,114819.55,Licitación Pública,2023-09-09,services,Servicio de mantenimiento de infraestructura,3,114819.55,114819.55,2023-10-04,2023-12-02,1.0,pagado_aproximadamente_completo
C001411,9550.05,Adjudicación Simplificada,2024-08-25,works,Obra de rehabilitación vial,1,9550.05,9550.05,2024-10-03,2024-10-17,1.0,pagado_aproximadamente_completo
C002533,63737.82,Adjudicación Simplificada,2024-01-20,services,Servicio de transporte,1,55075.98,55075.98,2024-02-11,2024-03-04,0.8641020354947816,pago_parcial
C900032,176679.12,Contratación Directa,2024-10-01,goods,Adquisición de materiales de construcción,3,176679.12,176679.12,2024-10-30,2025-01-01,1.0,pagado_aproximadamente_completo
C001090,45962.51,Adjudicación Simplificada,2023-09-26,goods,Adquisición de materiales de construcción,3,45962.51,45962.51,2023-11-10,2023-12-19,1.0,pagado_aproximadamente_completo
C003241,135812.44,Adjudicación Simplificada,2024-01-31,services,Servicio de limpieza y vigilancia,2,135812.44,135812.44,2024-03-15,2024-04-11,1.0,pagado_aproximadamente_completo
C002619,22454.29,Comparación de Precios,2023-09-20,services,Servicio de limpieza y vigilancia,1,9453.07,0.0,2023-11-01,,0.0,pendiente_sin_pago
C001181,55248.78,Licitación Pública,2024-10-23,goods,Adquisición de equipos informáticos,3,55248.78,55248.78,2024-11-16,2025-01-06,1.0,pagado_aproximadamente_completo
C000593,30912.96,Concurso Público,2024-07-13,services,Servicio de limpieza y vigilancia,1,30912.96,30912.96,2024-08-06,2024-08-16,1.0,pagado_aproximadamente_completo
C000677,47689.69,Adjudicación Simplificada,2025-08-12,works,Obra de rehabilitación vial,3,47689.689999999995,47689.69,2025-09-25,2025-11-02,1.0,pagado_aproximadamente_completo
C000041,263406.97,Adjudicación Simplificada,2024-07-12,goods,Adquisición de bienes de oficina,2,263406.97,263406.97,2024-07-31,2024-10-04,1.0,pagado_aproximadamente_completo
C001602,64459.8,Comparación de Precios,2024-05-05,services,Servicio de mantenimiento de infraestructura,2,64459.8,64459.8,2024-06-11,2024-07-02,1.0,pagado_aproximadamente_completo
C002213,49616.81,Comparación de Precios,2026-06-06,services,Servicio de mantenimiento de infraestructura,2,49616.81,49616.81,2026-06-26,2026-07-22,1.0,pagado_aproximadamente_completo
C002378,5819.56,Licitación Pública,2023-05-10,goods,Adquisición de bienes de oficina,1,3238.31,3238.31,2023-05-17,2023-05-28,0.5564527215115919,pago_parcial
C001677,75394.5,Adjudicación Simplificada,2023-02-10,goods,Adquisición de equipos informáticos,1,75394.5,75394.5,2023-03-03,2023-03-06,1.0,pagado_aproximadamente_completo
C000243,35207.82,Adjudicación Simplificada,2024-07-15,goods,Adquisición de bienes de oficina,1,35207.82,35207.82,2024-08-22,2024-09-15,1.0,pagado_aproximadamente_completo
C001124,15674.52,Adjudicación Simplificada,2023-11-06,goods,Suministro de combustible,2,10777.22,10777.22,2023-12-06,2024-01-05,0.6875630003343004,pago_parcial
C002677,48925.37,Adjudicación Simplificada,2023-03-14,goods,Suministro de combustible,3,48925.37,48925.37,2023-03-20,2023-05-19,1.0,pagado_aproximadamente_completo
C001583,34655.84,Comparación de Precios,2024-03-16,goods,Suministro de combustible,3,34655.840000000004,34655.84,2024-03-25,2024-05-29,1.0,pagado_aproximadamente_completo
C001351,26571.62,Adjudicación Simplificada,2024-07-31,services,Servicio de mantenimiento de infraestructura,1,26571.62,26571.62,2024-08-09,2024-08-21,1.0,pagado_aproximadamente_completo
C000261,58556.78,Contratación Directa,2023-07-28,goods,Adquisición de equipos informáticos,1,58556.78,58556.78,2023-08-26,2023-09-03,1.0,pagado_aproximadamente_completo
C001752,197140.4,Comparación de Precios,2024-05-08,goods,Adquisición de materiales de construcción,2,197140.40000000002,197140.4,2024-06-12,2024-07-20,1.0,pagado_aproximadamente_completo
C002078,246785.2,Comparación de Precios,2026-06-12,goods,Suministro de combustible,2,246785.19999999998,246785.2,2026-06-23,2026-08-07,1.0,pagado_aproximadamente_completo
C002891,12761.66,Comparación de Precios,2024-10-02,goods,Suministro de combustible,1,8040.5,0.0,2024-10-31,,0.0,pendiente_sin_pago
C000834,75433.74,Adjudicación Simplificada,2024-10-23,services,,2,75433.74,75433.74,2024-11-21,2024-12-15,1.0,pagado_aproximadamente_completo
C002846,42706.35,Comparación de Precios,2025-09-29,goods,Adquisición de bienes de oficina,3,42706.35,42706.350000000006,2025-11-04,2025-12-05,1.0000000000000002,pagado_aproximadamente_completo
C002077,11946.48,Licitación Pública,2023-01-25,goods,Suministro de combustible,1,4345.05,0.0,2023-02-17,,0.0,pendiente_sin_pago
C002787,14996.83,Adjudicación Simplificada,2025-10-01,works,Obra de rehabilitación vial,2,14996.83,14996.83,2025-10-16,2025-11-16,1.0,pagado_aproximadamente_completo
C002328,36798.39,Licitación Pública,2024-08-19,services,Servicio de mantenimiento de infraestructura,2,36798.39,36798.39,2024-08-30,2024-10-17,1.0,pagado_aproximadamente_completo
C000340,29771.88,Adjudicación Simplificada,2026-01-22,services,Servicio de capacitación,2,29771.88,29771.88,2026-01-29,2026-04-18,1.0,pagado_aproximadamente_completo
C001618,,Concurso Público,2026-06-29,services,Servicio de mantenimiento de infraestructura,3,62185.649999999994,62185.65,2026-07-13,2026-08-07,,sin_pago_o_sin_cuantia
C000748,258279.9,Comparación de Precios,2025-06-18,goods,Adquisición de bienes de oficina,2,258279.90000000002,258279.9,2025-06-28,2025-07-28,1.0,pagado_aproximadamente_completo
C003388,18913.47,Comparación de Precios,2023-12-05,services,Servicio de limpieza y vigilancia,2,18913.47,18913.47,2023-12-24,2024-01-24,1.0,pagado_aproximadamente_completo
C000480,583868.14,Comparación de Precios,2024-12-09,goods,Adquisición de equipos informáticos,1,583868.14,583868.14,2025-01-18,2025-01-29,1.0,pagado_aproximadamente_completo
C001436,303132.15,Licitación Pública,2024-10-12,goods,Adquisición de equipos informáticos,1,303132.15,303132.15,2024-10-22,2025-01-16,1.0,pagado_aproximadamente_completo
C002913,39922.17,Adjudicación Simplificada,2023-11-28,services,Servicio de capacitación,2,39922.17,39922.17,2023-12-30,2024-02-02,1.0,pagado_aproximadamente_completo
C001736,57638.15,Adjudicación Simplificada,2025-05-14,works,Obra de rehabilitación vial,2,60631.79,60631.79,2025-06-10,2025-06-25,1.0519385164166442,sobrepago_senal_revisar
C000783,11524.41,Licitación Pública,2024-05-01,works,Obra de rehabilitación vial,2,11524.41,11524.41,2024-05-29,2024-08-17,1.0,pagado_aproximadamente_completo
C003173,30506.59,Adjudicación Simplificada,2025-03-26,works,Obra de rehabilitación vial,1,13208.81,0.0,2025-04-21,,0.0,pendiente_sin_pago
C001612,56075.45,Adjudicación Simplificada,2023-08-03,goods,Suministro de combustible,1,44161.18,0.0,2023-09-12,,0.0,pendiente_sin_pago
C002423,104137.55,Adjudicación Simplificada,2024-12-29,goods,Adquisición de materiales de construcción,1,78594.32,78594.32,2025-01-10,2025-01-23,0.7547164303366077,pago_parcial
C002966,69423.17,Licitación Pública,2025-09-20,works,,1,69423.17,69423.17,2025-09-27,2025-10-27,1.0,pagado_aproximadamente_completo
C002543,22500.34,Licitación Pública,2025-04-12,services,Servicio de limpieza y vigilancia,2,22500.34,22500.34,2025-05-11,2025-08-02,1.0,pagado_aproximadamente_completo
C002313,25180.21,,2024-09-04,services,Servicio de mantenimiento de infraestructura,2,25180.21,25180.21,2024-10-08,2025-01-15,1.0,pagado_aproximadamente_completo
C001491,,Concurso Público,2024-02-28,services,Consultoría en ingeniería,1,62185.65,62185.65,2024-03-14,2024-03-28,,sin_pago_o_sin_cuantia
C001398,105176.89,Adjudicación Simplificada,2025-03-11,services,Consultoría en ingeniería,2,105176.89,105176.89,2025-04-14,2025-05-01,1.0,pagado_aproximadamente_completo
C002436,172310.6,Comparación de Precios,2024-02-22,services,Servicio de mantenimiento de infraestructura,2,172310.6,172310.59999999998,2024-04-04,2024-05-11,0.9999999999999998,pagado_aproximadamente_completo
C002614,168879.95,Adjudicación Simplificada,2025-10-24,goods,Adquisición de bienes de oficina,1,168879.95,168879.95,2025-11-19,2025-11-28,1.0,pagado_aproximadamente_completo
C001770,11032.01,Adjudicación Simplificada,2023-09-04,works,Obra de rehabilitación vial,3,11032.01,11032.01,2023-09-15,2023-11-02,1.0,pagado_aproximadamente_completo
C001271,235801.24,Licitación Pública,2025-02-13,services,Servicio de transporte,1,235801.24,235801.24,2025-02-23,2025-02-27,1.0,pagado_aproximadamente_completo
C001728,20246.16,Comparación de Precios,2024-12-31,services,Servicio de capacitación,2,20246.16,20246.16,2025-02-07,2025-05-14,1.0,pagado_aproximadamente_completo
C001127,145805.26,Concurso Público,2023-01-06,goods,Suministro de combustible,2,145805.25999999998,145805.26,2023-01-30,2023-04-02,1.0,pagado_aproximadamente_completo
C000626,31430.82,Contratación Directa,2023-07-24,goods,Suministro de combustible,2,31430.82,31430.82,2023-08-04,2023-09-26,1.0,pagado_aproximadamente_completo
C000347,73396.62,Concurso Público,2023-11-10,goods,Adquisición de equipos informáticos,1,73396.62,73396.62,2023-12-20,2023-12-29,1.0,pagado_aproximadamente_completo
C002184,,Comparación de Precios,2023-01-06,services,Servicio de capacitación,2,62185.65,62185.65,2023-01-26,2023-02-25,,sin_pago_o_sin_cuantia
C003406,198256.07,Licitación Pública,2025-05-14,services,Servicio de mantenimiento de infraestructura,2,198256.07,198256.07,2025-06-20,2025-07-17,1.0,pagado_aproximadamente_completo
C001864,117562.11,Comparación de Precios,2023-06-23,goods,Adquisición de equipos informáticos,2,117562.11,117562.11,2023-07-07,2023-08-18,1.0,pagado_aproximadamente_completo
C000979,160520.04,Adjudicación Simplificada,2024-10-01,goods,Adquisición de materiales de construcción,3,160520.04,160520.04,2024-10-11,2025-01-01,1.0,pagado_aproximadamente_completo
C003186,22317.31,Contratación Directa,2024-05-23,goods,Adquisición de equipos informáticos,2,22317.309999999998,22317.309999999998,2024-06-19,2024-08-04,0.9999999999999999,pagado_aproximadamente_completo
C700020,257856.0,Adjudicación Simplificada,2026-03-05,services,Servicio de transporte,1,188659.35,188659.35,2026-03-30,2026-04-13,0.731646151340283,pago_parcial
C000911,19195.02,Adjudicación Simplificada,2026-02-06,services,Servicio de capacitación,3,19195.019999999997,19195.02,2026-02-15,2026-05-10,1.0,pagado_aproximadamente_completo
C002337,30509.73,,2025-09-30,services,Servicio de transporte,2,30509.73,30509.73,2025-10-18,2025-11-18,1.0,pagado_aproximadamente_completo
C000632,18588.98,Comparación de Precios,2025-06-23,services,Servicio de capacitación,1,18588.98,18588.98,2025-07-25,2025-08-09,1.0,pagado_aproximadamente_completo
C001512,58012.59,Licitación Pública,2024-06-30,services,Servicio de capacitación,2,58012.59,58012.59,2024-08-01,2024-09-05,1.0,pagado_aproximadamente_completo
C000445,82792.21,Comparación de Precios,2025-01-07,services,Consultoría en ingeniería,1,82792.21,82792.21,2025-02-13,2025-03-05,1.0,pagado_aproximadamente_completo
C000617,99858.92,Concurso Público,2026-01-21,goods,Adquisición de bienes de oficina,1,99858.92,99858.92,2026-02-14,2026-03-07,1.0,pagado_aproximadamente_completo
C001871,16854.87,Contratación Directa,2023-07-05,services,Consultoría en ingeniería,1,16854.87,16854.87,2023-07-15,2023-07-19,1.0,pagado_aproximadamente_completo
C002295,34406.44,Adjudicación Simplificada,2025-06-08,goods,Suministro de combustible,2,34406.44,34406.44,2025-07-02,2025-11-06,1.0,pagado_aproximadamente_completo
C002761,35664.91,Concurso Público,2026-04-12,services,Servicio de capacitación,2,35664.909999999996,35664.91,2026-04-23,2026-08-07,1.0,pagado_aproximadamente_completo
C001732,111557.49,,2023-02-25,works,Obra de rehabilitación vial,1,111557.49,111557.49,2023-04-07,2023-04-29,1.0,pagado_aproximadamente_completo
C001731,92939.81,Licitación Pública,2024-12-12,goods,Adquisición de materiales de construcción,3,92939.81,92939.81,2025-01-04,2025-03-12,1.0,pagado_aproximadamente_completo
C003142,142923.12,Adjudicación Simplificada,2025-09-15,goods,Adquisición de materiales de construcción,1,142923.12,142923.12,2025-10-27,2025-11-17,1.0,pagado_aproximadamente_completo
C003426,114583.82,Adjudicación Simplificada,2026-01-24,goods,Adquisición de materiales de construcción,1,114583.82,114583.82,2026-02-24,2026-03-01,1.0,pagado_aproximadamente_completo
C001883,112635.21,Adjudicación Simplificada,2023-11-17,services,Consultoría en ingeniería,1,112635.21,112635.21,2023-11-28,2023-12-14,1.0,pagado_aproximadamente_completo
C002176,10862.05,Adjudicación Simplificada,2024-01-09,services,Consultoría en ingeniería,1,10862.05,10862.05,2024-01-18,2024-01-26,1.0,pagado_aproximadamente_completo
C000353,23376.11,Licitación Pública,2023-04-05,goods,,3,23376.11,23376.11,2023-04-19,2023-07-12,1.0,pagado_aproximadamente_completo
C001232,721620.15,Adjudicación Simplificada,2025-08-14,services,Servicio de capacitación,1,415566.76,0.0,2025-09-24,,0.0,pendiente_sin_pago
C000613,,Adjudicación Simplificada,2026-03-25,services,Servicio de capacitación,1,62185.65,62185.65,2026-04-25,2026-05-17,,sin_pago_o_sin_cuantia
C001432,207344.85,Comparación de Precios,2024-07-08,goods,Adquisición de materiales de construcción,3,207344.84999999998,207344.84999999998,2024-07-18,2024-09-29,0.9999999999999999,pagado_aproximadamente_completo
C001488,52190.04,Contratación Directa,2024-03-08,goods,Adquisición de bienes de oficina,1,38244.76,0.0,2024-04-11,,0.0,pendiente_sin_pago
C002791,43661.71,Concurso Público,2024-08-25,services,Servicio de mantenimiento de infraestructura,2,43661.71000000001,43661.71,2024-09-29,2024-10-27,1.0,pagado_aproximadamente_completo
C800016,125757.47,Licitación Pública Abreviada,2025-11-22,goods,Suministro de combustible,3,125757.47,125757.47,2025-12-18,2026-03-05,1.0,pagado_aproximadamente_completo
C002579,6049.3,Contratación Directa,2024-08-13,services,Servicio de capacitación,2,6049.3,6049.3,2024-09-08,2024-09-28,1.0,pagado_aproximadamente_completo
C003483,50745.18,Adjudicación Simplificada,2024-11-18,services,Servicio de mantenimiento de infraestructura,3,50745.18,50745.18,2024-12-14,2025-01-29,1.0,pagado_aproximadamente_completo
C000057,,Comparación de Precios,2023-02-24,goods,Adquisición de bienes de oficina,1,22015.51,0.0,2023-03-16,,,sin_pago_o_sin_cuantia
C002759,7703.02,Adjudicación Simplificada,2026-05-17,services,Consultoría en ingeniería,1,7703.02,7703.02,2026-06-05,2026-06-28,1.0,pagado_aproximadamente_completo
C002991,103765.88,Comparación de Precios,2026-01-07,goods,Adquisición de materiales de construcción,1,103765.88,103765.88,2026-02-21,2026-03-11,1.0,pagado_aproximadamente_completo
C002704,46127.74,Concurso Público,2024-10-09,services,Servicio de mantenimiento de infraestructura,2,46127.740000000005,46127.74,2024-11-03,2024-12-21,1.0,pagado_aproximadamente_completo
C001253,130239.25,Comparación de Precios,2025-08-25,services,Servicio de transporte,1,75267.17,75267.17,2025-09-30,2025-10-12,0.5779146455465614,pago_parcial
C003148,798956.81,Licitación Pública,2026-04-27,goods,Adquisición de bienes de oficina,3,798956.81,798956.81,2026-06-06,2026-08-02,1.0,pagado_aproximadamente_completo
C002323,18297.66,Adjudicación Simplificada,2024-08-13,goods,Adquisición de materiales de construcción,2,18297.66,18297.66,2024-09-12,2024-10-17,1.0,pagado_aproximadamente_completo
C002163,70893.64,Contratación Directa,2023-08-02,goods,Adquisición de bienes de oficina,1,70893.64,70893.64,2023-09-11,2023-10-03,1.0,pagado_aproximadamente_completo
C001897,109746.95,Licitación Pública,2025-02-12,services,Servicio de capacitación,3,109746.95,109746.95,2025-03-09,2025-05-05,1.0,pagado_aproximadamente_completo
C001644,117182.16,Comparación de Precios,2025-04-07,works,Obra de rehabilitación vial,1,117182.16,117182.16,2025-05-14,2025-06-06,1.0,pagado_aproximadamente_completo
C001803,237973.07,Contratación Directa,2024-11-15,goods,Adquisición de materiales de construcción,1,237973.07,237973.07,2024-12-08,2024-12-13,1.0,pagado_aproximadamente_completo
C003225,75210.9,Comparación de Precios,2025-08-05,services,Servicio de transporte,1,37566.48,0.0,2025-09-11,,0.0,pendiente_sin_pago
C000560,43078.99,Comparación de Precios,2026-04-19,services,Servicio de transporte,1,43078.99,43078.99,2026-05-05,2026-05-13,1.0,pagado_aproximadamente_completo
C000707,41060.72,Adjudicación Simplificada,2024-11-01,services,Servicio de capacitación,3,41060.72,41060.72,2024-12-08,2025-01-24,1.0,pagado_aproximadamente_completo
C001425,192529.25,Adjudicación Simplificada,2023-05-20,works,Obra de rehabilitación vial,1,192529.25,192529.25,2023-06-03,2023-06-26,1.0,pagado_aproximadamente_completo
C000424,406949.7,Adjudicación Simplificada,2024-03-29,services,Servicio de limpieza y vigilancia,1,281700.98,281700.98,2024-04-13,2024-04-16,0.6922255502338495,pago_parcial
C001093,64866.24,Adjudicación Simplificada,2023-10-12,services,Servicio de capacitación,2,64866.240000000005,64866.240000000005,2023-10-27,2023-12-28,1.0000000000000002,pagado_aproximadamente_completo
C001376,47565.54,Adjudicación Simplificada,2026-01-24,goods,Suministro de combustible,1,47565.54,47565.54,2026-02-24,2026-03-20,1.0,pagado_aproximadamente_completo
C000647,39294.78,Contratación Directa,2025-11-11,services,Consultoría en ingeniería,1,39294.78,39294.78,2025-12-03,2025-12-17,1.0,pagado_aproximadamente_completo
C000072,42804.25,Comparación de Precios,2024-07-11,goods,Adquisición de materiales de construcción,2,44620.61,44620.61,2024-07-24,2024-09-09,1.0424341040901313,sobrepago_senal_revisar
C001818,35150.95,Adjudicación Simplificada,2023-02-16,goods,Adquisición de materiales de construcción,2,35150.95,35150.95,2023-03-11,2023-04-11,1.0,pagado_aproximadamente_completo
C003486,210942.0,Comparación de Precios,2023-06-27,services,Consultoría en ingeniería,3,210942.0,210942.0,2023-07-05,2023-09-25,1.0,pagado_aproximadamente_completo
C002457,8037.33,Comparación de Precios,2023-01-12,services,Servicio de transporte,1,8037.33,8037.33,2023-02-07,2023-04-03,1.0,pagado_aproximadamente_completo
C001005,15607.75,Comparación de Precios,2025-07-29,services,Servicio de limpieza y vigilancia,2,15607.75,15607.75,2025-09-10,2025-10-09,1.0,pagado_aproximadamente_completo
C000620,64771.29,Adjudicación Simplificada,2023-05-09,works,Obra de rehabilitación vial,2,64771.29,64771.29,2023-05-21,2023-08-29,1.0,pagado_aproximadamente_completo
C001427,138264.36,Comparación de Precios,2023-02-10,services,Servicio de capacitación,2,109831.97,109831.97,2023-02-23,2023-03-22,0.7943621190594599,pago_parcial
C002893,225524.7,Licitación Pública,2024-10-06,goods,Adquisición de equipos informáticos,2,139236.72,139236.72,2024-11-11,2024-12-13,0.6173901129233295,pago_parcial
C000553,49192.75,Comparación de Precios,2024-09-19,services,Servicio de capacitación,3,49192.75,49192.75,2024-10-04,2024-12-14,1.0,pagado_aproximadamente_completo
C001601,280424.01,Concurso Público,2025-06-08,services,Servicio de mantenimiento de infraestructura,1,280424.01,280424.01,2025-06-14,2025-07-01,1.0,pagado_aproximadamente_completo
C001637,38068.08,Adjudicación Simplificada,2025-05-06,services,Servicio de capacitación,2,38068.08,38068.08,2025-05-14,2025-07-16,1.0,pagado_aproximadamente_completo
C003286,23567.8,Adjudicación Simplificada,2026-01-13,services,Servicio de capacitación,2,20948.8,20948.8,2026-02-03,2026-03-21,0.8888738023913985,pago_parcial
C002092,320430.08,Comparación de Precios,2023-04-24,services,Consultoría en ingeniería,1,320430.08,320430.08,2023-05-11,2023-05-19,1.0,pagado_aproximadamente_completo
C002367,80663.36,Contratación Directa,2025-11-16,services,Servicio de limpieza y vigilancia,3,80663.36,80663.36,2025-12-11,2026-02-11,1.0,pagado_aproximadamente_completo
C000998,4048.08,Licitación Pública,2025-10-06,services,Servicio de capacitación,1,4048.08,4048.08,2025-10-26,2025-11-07,1.0,pagado_aproximadamente_completo
C001873,26269.69,Adjudicación Simplificada,2025-05-09,services,Servicio de mantenimiento de infraestructura,3,26269.690000000002,26269.69,2025-05-28,2025-08-04,1.0,pagado_aproximadamente_completo
C002683,181190.39,Adjudicación Simplificada,2024-01-04,goods,Adquisición de materiales de construcción,3,181190.38999999998,181190.39,2024-01-31,2024-03-29,1.0,pagado_aproximadamente_completo
C002359,81123.81,Comparación de Precios,2024-09-05,goods,Adquisición de materiales de construcción,1,44329.16,0.0,2024-10-01,,0.0,pendiente_sin_pago
C001397,125945.81,Adjudicación Simplificada,2026-01-16,services,Servicio de capacitación,3,125945.81,125945.81,2026-02-13,2026-05-02,1.0,pagado_aproximadamente_completo
C003387,41873.29,Adjudicación Simplificada,2025-11-18,goods,Adquisición de bienes de oficina,2,41873.28999999999,41873.29,2025-11-23,2026-04-03,1.0,pagado_aproximadamente_completo
C001951,199262.46,Adjudicación Simplificada,2025-08-12,services,Consultoría en ingeniería,3,199262.46000000002,199262.45999999996,2025-09-03,2025-11-01,0.9999999999999999,pagado_aproximadamente_completo
C800010,177114.94,Adjudicación Simplificada,2024-11-01,services,Consultoría en ingeniería,1,177114.94,177114.94,2024-11-17,2024-11-29,1.0,pagado_aproximadamente_completo
C002564,6619.5,Adjudicación Simplificada,2023-04-08,services,Servicio de limpieza y vigilancia,3,6619.5,6619.5,2023-04-13,2023-07-01,1.0,pagado_aproximadamente_completo
C002545,12425.73,Comparación de Precios,2024-01-15,services,,2,12425.73,12425.73,2024-02-14,2024-03-24,1.0,pagado_aproximadamente_completo
C000440,98355.43,Adjudicación Simplificada,2025-04-21,goods,Adquisición de bienes de oficina,1,98355.43,98355.43,2025-05-16,2025-05-24,1.0,pagado_aproximadamente_completo
C000508,35041.39,Comparación de Precios,2024-02-27,services,Consultoría en ingeniería,1,35041.39,35041.39,2024-04-01,2024-04-20,1.0,pagado_aproximadamente_completo
C001100,78876.36,Adjudicación Simplificada,2023-07-30,goods,Adquisición de equipos informáticos,2,78876.36,78876.36,2023-08-24,2023-09-14,1.0,pagado_aproximadamente_completo
C000589,145674.12,Comparación de Precios,2026-06-05,goods,Suministro de combustible,3,145674.12,145674.12,2026-06-11,2026-08-07,1.0,pagado_aproximadamente_completo
C800006,147633.39,Adjudicación Simplificada,2024-10-29,services,Consultoría en ingeniería,1,147633.39,147633.39,2024-12-04,2024-12-23,1.0,pagado_aproximadamente_completo
C000649,7748.63,Comparación de Precios,2024-05-12,goods,Suministro de combustible,1,7748.63,7748.63,2024-06-10,2024-07-05,1.0,pagado_aproximadamente_completo
C003374,254985.84,Adjudicación Simplificada,2026-06-28,goods,Adquisición de equipos informáticos,1,254985.84,254985.84,2026-07-31,2026-08-07,1.0,pagado_aproximadamente_completo
C002153,29548.66,Comparación de Precios,2023-09-12,works,Obra de rehabilitación vial,1,29548.66,29548.66,2023-10-23,2023-11-16,1.0,pagado_aproximadamente_completo
C700074,243411.52,Licitación Pública,2024-07-17,services,Servicio de mantenimiento de infraestructura,1,197817.96,197817.96,2024-08-09,2024-08-15,0.812689391200548,pago_parcial
C002010,86166.87,Licitación Pública,2024-05-27,services,Servicio de mantenimiento de infraestructura,1,58696.1,58696.1,2024-06-15,2024-06-25,0.6811910424505382,pago_parcial
C001832,90960.57,Licitación Pública,2025-01-29,goods,Adquisición de equipos informáticos,1,95904.55,95904.55,2025-03-05,2025-03-26,1.054353001525826,sobrepago_senal_revisar
C000660,477687.16,Concurso Público,2024-01-23,goods,Adquisición de bienes de oficina,2,477687.16000000003,477687.16000000003,2024-02-07,2024-05-23,1.0000000000000002,pagado_aproximadamente_completo
C000630,212173.57,,2025-01-22,services,Servicio de limpieza y vigilancia,1,181963.31,181963.31,2025-02-11,2025-03-07,0.8576153476608797,pago_parcial
C001921,,Comparación de Precios,2023-01-20,services,Servicio de mantenimiento de infraestructura,2,62185.649999999994,62185.65,2023-02-09,2023-04-04,,sin_pago_o_sin_cuantia
C001249,5710.31,Comparación de Precios,2025-10-19,services,Servicio de transporte,2,5710.31,5710.3099999999995,2025-10-26,2025-11-22,0.9999999999999999,pagado_aproximadamente_completo
C001502,33060.84,Comparación de Precios,2025-04-23,services,Servicio de transporte,2,33060.84,33060.840000000004,2025-05-02,2025-06-10,1.0000000000000002,pagado_aproximadamente_completo
C000482,784276.91,Licitación Pública,2025-06-21,services,Consultoría en ingeniería,1,531644.28,531644.28,2025-07-31,2025-08-16,0.6778782764368264,pago_parcial
C003049,83028.43,Contratación Directa,2025-10-15,goods,Adquisición de bienes de oficina,2,83028.43,83028.43,2025-11-27,2025-12-23,1.0,pagado_aproximadamente_completo
C003159,371601.06,Adjudicación Simplificada,2026-06-14,goods,Adquisición de materiales de construcción,3,371601.05999999994,371601.06,2026-06-26,2026-08-07,1.0,pagado_aproximadamente_completo
C001674,48799.65,Comparación de Precios,2024-10-24,services,Servicio de capacitación,3,48799.65,48799.649999999994,2024-10-31,2024-12-26,0.9999999999999999,pagado_aproximadamente_completo
C002570,176032.26,Adjudicación Simplificada,2024-08-30,goods,Adquisición de materiales de construcción,3,176032.26,176032.26,2024-10-04,2024-12-02,1.0,pagado_aproximadamente_completo
C002390,23781.27,Contratación Directa,2023-03-07,goods,Adquisición de bienes de oficina,1,14936.49,14936.49,2023-03-23,2023-04-07,0.6280778949147795,pago_parcial
C002906,401699.79,Concurso Público,2026-06-20,works,Obra de rehabilitación vial,1,401699.79,401699.79,2026-08-03,2026-08-07,1.0,pagado_aproximadamente_completo
C000856,60628.1,Adjudicación Simplificada,2024-12-22,services,Servicio de capacitación,3,60628.1,60628.100000000006,2025-01-10,2025-03-07,1.0000000000000002,pagado_aproximadamente_completo
C001225,110208.63,Concurso Público,2023-06-15,services,Consultoría en ingeniería,2,110208.63,110208.63,2023-07-06,2023-08-23,1.0,pagado_aproximadamente_completo
C001190,30681.41,Licitación Pública,2025-01-24,services,Servicio de transporte,2,30681.409999999996,30681.41,2025-02-14,2025-03-12,1.0,pagado_aproximadamente_completo
C002004,231271.38,Adjudicación Simplificada,2023-11-01,goods,Suministro de combustible,1,231271.38,231271.38,2023-11-09,2023-11-23,1.0,pagado_aproximadamente_completo
C000530,85716.11,Comparación de Precios,2025-05-13,works,Obra de rehabilitación vial,2,85716.11,85716.11,2025-05-21,2025-06-22,1.0,pagado_aproximadamente_completo
C002470,140356.14,Licitación Pública,2024-09-05,goods,Adquisición de bienes de oficina,3,140356.14,140356.13999999998,2024-10-18,2024-11-26,0.9999999999999998,pagado_aproximadamente_completo
C000049,,Comparación de Precios,2023-11-10,works,Obra de rehabilitación vial,2,62185.65,62185.65,2023-11-26,2024-03-09,,sin_pago_o_sin_cuantia
C001552,42708.9,Licitación Pública,2025-04-29,goods,Suministro de combustible,3,42708.899999999994,42708.9,2025-05-14,2025-07-28,1.0,pagado_aproximadamente_completo
C000858,85076.8,Comparación de Precios,2023-11-21,goods,Adquisición de equipos informáticos,2,85076.79999999999,85076.8,2023-12-09,2024-01-13,1.0,pagado_aproximadamente_completo
C001557,429005.84,Comparación de Precios,2024-04-26,goods,Suministro de combustible,1,266942.16,0.0,2024-05-16,,0.0,pendiente_sin_pago
C001072,99546.02,Concurso Público,2024-02-01,goods,Adquisición de materiales de construcción,2,99546.01999999999,99546.02,2024-03-06,2024-03-29,1.0,pagado_aproximadamente_completo
C000719,63840.1,Comparación de Precios,2025-11-07,services,Servicio de transporte,3,63840.100000000006,63840.100000000006,2025-12-08,2026-01-15,1.0000000000000002,pagado_aproximadamente_completo
C002878,243255.02,Contratación Directa,2025-03-07,services,Servicio de mantenimiento de infraestructura,2,243255.02000000002,243255.02000000002,2025-03-18,2025-04-22,1.0000000000000002,pagado_aproximadamente_completo
C003400,14699.63,Comparación de Precios,2025-05-24,services,Consultoría en ingeniería,1,13099.62,13099.62,2025-06-27,2025-07-26,0.8911530426276036,pago_parcial
C002769,66105.66,Contratación Directa,2024-01-21,goods,Suministro de combustible,2,66105.66,66105.66,2024-02-12,2024-03-11,1.0,pagado_aproximadamente_completo
C002794,48796.17,Comparación de Precios,2024-10-17,works,Obra de rehabilitación vial,1,43663.99,43663.99,2024-11-09,2024-11-24,0.8948241224669887,pago_parcial
C003371,135929.38,Concurso Público,2023-09-08,services,Servicio de mantenimiento de infraestructura,2,121632.12,121632.12,2023-10-07,2023-11-07,0.894818471179667,pago_parcial
C002622,44323.68,Adjudicación Simplificada,2024-06-24,services,Servicio de capacitación,2,44323.68,44323.68,2024-07-13,2024-08-31,1.0,pagado_aproximadamente_completo
C001971,12505.02,Contratación Directa,2023-07-03,goods,Adquisición de equipos informáticos,3,12505.02,12505.02,2023-07-28,2023-09-14,1.0,pagado_aproximadamente_completo
C900055,265207.14,Contratación Directa,2025-03-15,works,Obra de rehabilitación vial,3,265207.14,265207.14,2025-04-11,2025-06-01,1.0,pagado_aproximadamente_completo
C002758,174117.08,Licitación Pública,2025-05-20,services,Servicio de limpieza y vigilancia,2,117111.89,117111.89,2025-06-06,2025-07-08,0.6726042614544191,pago_parcial
C001965,30174.46,Comparación de Precios,2023-06-15,services,Servicio de transporte,1,30174.46,30174.46,2023-06-25,2023-07-01,1.0,pagado_aproximadamente_completo
C003334,91212.03,Concurso Público,2025-09-08,services,Servicio de transporte,1,91212.03,91212.03,2025-09-17,2025-12-07,1.0,pagado_aproximadamente_completo
C003261,82502.28,,2024-04-09,goods,Adquisición de equipos informáticos,1,82502.28,82502.28,2024-05-15,2024-05-20,1.0,pagado_aproximadamente_completo
C001898,89785.17,Comparación de Precios,2023-06-12,goods,Adquisición de equipos informáticos,1,89785.17,89785.17,2023-07-13,2023-08-05,1.0,pagado_aproximadamente_completo
C002679,143478.18,Licitación Pública,2025-06-19,goods,Adquisición de equipos informáticos,2,143478.18,143478.18,2025-06-28,2025-09-05,1.0,pagado_aproximadamente_completo
C003007,,Licitación Pública,2026-01-25,goods,Adquisición de materiales de construcción,3,62185.649999999994,62185.65,2026-02-08,2026-04-20,,sin_pago_o_sin_cuantia
C002636,9016.29,Adjudicación Simplificada,2026-04-22,goods,Adquisición de materiales de construcción,3,9016.289999999999,9016.29,2026-05-09,2026-08-01,1.0,pagado_aproximadamente_completo
C001385,127864.71,Comparación de Precios,2025-04-20,services,Servicio de mantenimiento de infraestructura,1,127864.71,127864.71,2025-04-28,2025-08-04,1.0,pagado_aproximadamente_completo
C001399,79366.34,Concurso Público,2023-11-15,services,Servicio de transporte,2,79366.34,79366.34,2023-12-05,2024-03-25,1.0,pagado_aproximadamente_completo
C001195,43822.59,Comparación de Precios,2024-03-13,services,Servicio de transporte,1,43822.59,43822.59,2024-04-15,2024-04-18,1.0,pagado_aproximadamente_completo
C003490,14445.51,Licitación Pública,2025-07-30,services,Consultoría en ingeniería,2,14445.51,14445.51,2025-08-04,2025-09-27,1.0,pagado_aproximadamente_completo
C001475,33186.2,Adjudicación Simplificada,2025-06-29,works,Obra de rehabilitación vial,2,33186.2,33186.2,2025-07-11,2025-09-11,1.0,pagado_aproximadamente_completo
C001814,57007.93,Adjudicación Simplificada,2025-11-29,services,Servicio de limpieza y vigilancia,1,41897.88,0.0,2026-01-10,,0.0,pendiente_sin_pago
C003240,41222.09,Concurso Público,2025-04-03,services,Servicio de transporte,2,41222.09,41222.09,2025-04-13,2025-05-10,1.0,pagado_aproximadamente_completo
C002154,294949.52,Comparación de Precios,2024-05-24,goods,Adquisición de materiales de construcción,2,262821.71,262821.71,2024-06-13,2024-08-05,0.8910735301417002,pago_parcial
C000297,105167.87,Adjudicación Simplificada,2023-08-30,services,Servicio de mantenimiento de infraestructura,1,88360.16,88360.16,2023-09-15,2023-09-28,0.840182082227205,pago_parcial
C003053,29340.77,Concurso Público,2023-01-12,services,Servicio de limpieza y vigilancia,1,20533.84,0.0,2023-01-21,,0.0,pendiente_sin_pago
C001264,188074.48,Adjudicación Simplificada,2026-01-20,services,Consultoría en ingeniería,3,188074.48,188074.47999999998,2026-02-14,2026-04-03,0.9999999999999999,pagado_aproximadamente_completo
C001829,39673.88,Licitación Pública,2024-03-02,services,Servicio de limpieza y vigilancia,3,39673.880000000005,39673.880000000005,2024-03-21,2024-06-23,1.0000000000000002,pagado_aproximadamente_completo
C000958,12648.45,Licitación Pública,2023-05-23,services,Consultoría en ingeniería,1,12648.45,12648.45,2023-06-27,2023-07-11,1.0,pagado_aproximadamente_completo
C001813,208390.07,Adjudicación Simplificada,2023-01-04,goods,Adquisición de bienes de oficina,1,208390.07,208390.07,2023-01-21,2023-02-15,1.0,pagado_aproximadamente_completo
C900026,107048.71,Comparación de Precios,2026-01-04,goods,Adquisición de materiales de construcción,3,107048.70999999999,107048.70999999999,2026-01-19,2026-04-05,0.9999999999999999,pagado_aproximadamente_completo
C001667,85043.06,Adjudicación Simplificada,2025-06-04,works,Obra de rehabilitación vial,3,85043.06,85043.06,2025-07-01,2025-08-20,1.0,pagado_aproximadamente_completo
C002234,13971.89,Comparación de Precios,2023-11-05,services,Servicio de capacitación,1,11214.4,11214.4,2023-12-20,2024-01-06,0.8026401582033641,pago_parcial
C001374,62096.43,Comparación de Precios,2023-12-05,services,Servicio de capacitación,1,62096.43,62096.43,2023-12-12,2023-12-29,1.0,pagado_aproximadamente_completo
C001286,27567.44,Adjudicación Simplificada,2023-12-08,services,Servicio de capacitación,2,27567.44,27567.44,2023-12-13,2024-01-29,1.0,pagado_aproximadamente_completo
C002044,96514.6,Adjudicación Simplificada,2024-08-18,services,Servicio de mantenimiento de infraestructura,1,46327.69,0.0,2024-09-10,,0.0,pendiente_sin_pago
C000349,166861.88,Contratación Directa,2024-07-27,services,Servicio de mantenimiento de infraestructura,2,166861.88,166861.88,2024-08-24,2024-09-18,1.0,pagado_aproximadamente_completo
C001368,349232.2,Contratación Directa,2023-03-29,goods,Adquisición de materiales de construcción,1,349232.2,349232.2,2023-04-13,2023-04-19,1.0,pagado_aproximadamente_completo
C001904,446276.34,Concurso Público,2024-12-02,goods,Adquisición de equipos informáticos,3,446276.34,446276.33999999997,2024-12-20,2025-03-09,0.9999999999999999,pagado_aproximadamente_completo
C000643,36849.74,Adjudicación Simplificada,2026-03-12,services,Consultoría en ingeniería,2,36849.740000000005,36849.740000000005,2026-03-20,2026-06-24,1.0000000000000002,pagado_aproximadamente_completo
C002005,55702.39,Adjudicación Simplificada,2024-03-16,services,Servicio de mantenimiento de infraestructura,1,55702.39,55702.39,2024-04-28,2024-05-18,1.0,pagado_aproximadamente_completo
C002689,60525.29,Comparación de Precios,2025-08-25,services,Servicio de capacitación,2,60525.29,60525.28999999999,2025-09-23,2025-11-15,0.9999999999999999,pagado_aproximadamente_completo
C000669,16423.94,Adjudicación Simplificada,2025-11-20,services,Servicio de capacitación,1,16423.94,16423.94,2025-12-25,2026-03-23,1.0,pagado_aproximadamente_completo
C003357,32980.51,Adjudicación Simplificada,2026-05-04,services,Consultoría en ingeniería,1,21427.05,0.0,2026-05-22,,0.0,pendiente_sin_pago
C900047,394474.42,Contratación Directa,2025-05-16,goods,Adquisición de bienes de oficina,2,306877.9,306877.9,2025-06-15,2025-07-29,0.7779411907114282,pago_parcial
C003026,268996.03,Concurso Público,2026-04-19,services,Servicio de capacitación,3,268996.03,268996.03,2026-05-17,2026-08-01,1.0,pagado_aproximadamente_completo
C002949,44604.28,Concurso Público,2024-02-04,goods,,2,44604.28,44604.28,2024-03-17,2024-04-03,1.0,pagado_aproximadamente_completo
C001179,20740.55,Contratación Directa,2023-03-23,goods,Adquisición de equipos informáticos,1,21752.38,21752.38,2023-05-02,2023-05-19,1.0487851093630594,sobrepago_senal_revisar
C002309,,Adjudicación Simplificada,2025-08-22,goods,Adquisición de materiales de construcción,1,62185.65,62185.65,2025-09-16,2025-09-24,,sin_pago_o_sin_cuantia
C001600,51953.74,Adjudicación Simplificada,2024-03-09,goods,Adquisición de materiales de construcción,2,51953.740000000005,51953.74,2024-03-25,2024-05-06,1.0,pagado_aproximadamente_completo
C003396,108509.01,,2025-06-11,goods,Adquisición de bienes de oficina,3,108509.01000000001,108509.01,2025-06-26,2025-08-28,1.0,pagado_aproximadamente_completo
C003156,69519.2,Adjudicación Simplificada,2024-08-24,services,Servicio de transporte,3,69519.2,69519.20000000001,2024-08-31,2024-11-22,1.0000000000000002,pagado_aproximadamente_completo
C003220,131579.98,Adjudicación Simplificada,2024-07-18,services,Consultoría en ingeniería,1,131579.98,131579.98,2024-08-14,2024-09-10,1.0,pagado_aproximadamente_completo
C001357,46062.44,Comparación de Precios,2025-11-19,services,Servicio de limpieza y vigilancia,1,46062.44,46062.44,2025-12-19,2026-01-07,1.0,pagado_aproximadamente_completo
C000786,29692.68,Contratación Directa,2023-04-14,services,Consultoría en ingeniería,1,22597.69,0.0,2023-05-23,,0.0,pendiente_sin_pago
C003321,200019.81,Contratación Directa,2024-04-06,services,Consultoría en ingeniería,1,200019.81,200019.81,2024-05-10,2024-05-21,1.0,pagado_aproximadamente_completo
C000140,162056.67,Licitación Pública,2025-12-03,services,Servicio de limpieza y vigilancia,1,162056.67,162056.67,2026-01-04,2026-01-14,1.0,pagado_aproximadamente_completo
C000788,62712.12,Comparación de Precios,2026-02-07,services,Servicio de transporte,2,62712.12,62712.12,2026-03-06,2026-04-13,1.0,pagado_aproximadamente_completo
C000323,87375.57,Contratación Directa,2023-07-30,services,Servicio de capacitación,2,87375.57,87375.57,2023-08-25,2023-09-24,1.0,pagado_aproximadamente_completo
C003038,106460.45,Adjudicación Simplificada,2023-12-17,services,Servicio de capacitación,1,106460.45,106460.45,2024-01-01,2024-01-02,1.0,pagado_aproximadamente_completo
C000714,100303.76,Comparación de Precios,2024-01-01,services,Consultoría en ingeniería,2,100303.76000000001,100303.76,2024-02-01,2024-02-29,1.0,pagado_aproximadamente_completo
C002013,310432.76,Comparación de Precios,2026-06-10,services,Consultoría en ingeniería,3,310432.76,310432.76,2026-06-24,2026-08-07,1.0,pagado_aproximadamente_completo
C002392,157337.43,Adjudicación Simplificada,2023-10-24,services,,2,157337.43,157337.43,2023-10-31,2024-01-06,1.0,pagado_aproximadamente_completo
C003420,34404.15,Adjudicación Simplificada,2025-01-26,works,Obra de rehabilitación vial,1,29003.6,29003.6,2025-02-04,2025-02-09,0.8430262046875158,pago_parcial
C003416,12855.59,Concurso Público,2025-06-02,services,Servicio de transporte,1,12855.59,12855.59,2025-07-11,2025-08-01,1.0,pagado_aproximadamente_completo
C003116,113250.19,Concurso Público,2024-09-24,services,Consultoría en ingeniería,2,113250.19,113250.19,2024-11-05,2024-12-07,1.0,pagado_aproximadamente_completo
C003358,177080.54,Comparación de Precios,2025-08-16,services,Servicio de capacitación,3,177080.54,177080.54,2025-09-16,2025-11-18,1.0,pagado_aproximadamente_completo
C000618,26434.93,Adjudicación Simplificada,2026-03-11,services,Servicio de mantenimiento de infraestructura,1,27473.79,27473.79,2026-03-31,2026-04-25,1.0392987611467102,sobrepago_senal_revisar
C000406,45665.87,Adjudicación Simplificada,2026-02-03,services,Servicio de mantenimiento de infraestructura,3,45665.869999999995,45665.87,2026-02-18,2026-04-28,1.0,pagado_aproximadamente_completo
C001775,34860.24,Adjudicación Simplificada,2025-02-15,goods,Adquisición de materiales de construcción,3,34860.24,34860.24,2025-02-21,2025-05-07,1.0,pagado_aproximadamente_completo
C002645,62034.24,Concurso Público,2024-11-01,goods,Adquisición de bienes de oficina,1,23315.9,0.0,2024-11-26,,0.0,pendiente_sin_pago
C002285,24242.79,Comparación de Precios,2026-02-22,goods,Adquisición de equipos informáticos,1,24242.79,24242.79,2026-03-24,2026-04-13,1.0,pagado_aproximadamente_completo
C001744,253350.81,Comparación de Precios,2024-03-01,services,Servicio de mantenimiento de infraestructura,3,253350.80999999997,253350.81,2024-03-30,2024-05-14,1.0,pagado_aproximadamente_completo
C002241,211034.7,Adjudicación Simplificada,2023-05-13,goods,Adquisición de materiales de construcción,2,163911.0,163911.0,2023-06-02,2023-07-17,0.7767016514345745,pago_parcial
C000497,42097.13,,2023-09-09,goods,Suministro de combustible,1,42097.13,42097.13,2023-09-30,2023-10-22,1.0,pagado_aproximadamente_completo
C700067,737792.48,Adjudicación Simplificada,2026-06-27,services,,3,737792.48,737792.48,2026-07-05,2026-08-07,1.0,pagado_aproximadamente_completo
C000342,28969.1,Contratación Directa,2025-02-12,services,Consultoría en ingeniería,1,28969.1,28969.1,2025-02-23,2025-03-11,1.0,pagado_aproximadamente_completo
C002676,11013.76,Contratación Directa,2023-03-10,goods,Adquisición de materiales de construcción,1,11013.76,11013.76,2023-04-01,2023-04-29,1.0,pagado_aproximadamente_completo
C700031,365623.15,Adjudicación Simplificada,2025-07-21,works,Obra de rehabilitación vial,1,365623.15,365623.15,2025-08-17,2025-09-13,1.0,pagado_aproximadamente_completo
C000782,671860.18,Licitación Pública,2024-04-17,goods,Adquisición de equipos informáticos,1,436006.43,436006.43,2024-05-07,2024-05-20,0.6489541172093276,pago_parcial
C001323,207240.92,Comparación de Precios,2023-09-10,services,Servicio de capacitación,2,207240.91999999998,207240.91999999998,2023-09-24,2023-11-29,0.9999999999999999,pagado_aproximadamente_completo
C003146,57859.04,Adjudicación Simplificada,2025-01-15,services,Servicio de limpieza y vigilancia,1,42665.73,42665.73,2025-02-23,2025-03-05,0.7374081906647605,pago_parcial
C003188,255202.3,Adjudicación Simplificada,2025-06-09,services,Servicio de transporte,3,255202.30000000002,255202.3,2025-06-26,2025-07-31,1.0,pagado_aproximadamente_completo
C000303,441315.0,Comparación de Precios,2023-11-04,services,Servicio de limpieza y vigilancia,2,441315.0,441315.0,2023-12-10,2023-12-31,1.0,pagado_aproximadamente_completo
C003085,,Licitación Pública,2026-02-04,services,Servicio de transporte,2,62185.65,62185.65,2026-02-14,2026-04-06,,sin_pago_o_sin_cuantia
C002281,72765.71,Contratación Directa,2025-05-19,services,Servicio de capacitación,1,72765.71,72765.71,2025-05-24,2025-06-14,1.0,pagado_aproximadamente_completo
C000664,18737.21,Adjudicación Simplificada,2026-03-14,services,Servicio de transporte,2,11623.05,11623.05,2026-04-01,2026-05-31,0.6203191403629462,pago_parcial
C001177,452520.98,Adjudicación Simplificada,2026-02-15,goods,Adquisición de equipos informáticos,1,452520.98,452520.98,2026-03-27,2026-06-09,1.0,pagado_aproximadamente_completo
C001244,129441.15,Comparación de Precios,2023-10-22,services,Servicio de mantenimiento de infraestructura,3,129441.15,129441.15,2023-11-29,2024-01-31,1.0,pagado_aproximadamente_completo
C002259,28141.4,Comparación de Precios,2024-02-26,goods,Adquisición de materiales de construcción,1,28141.4,28141.4,2024-03-09,2024-04-01,1.0,pagado_aproximadamente_completo
C800017,214087.93,Licitación Pública Abreviada,2025-11-26,goods,Suministro de combustible,2,214087.93,214087.93,2025-12-03,2026-01-23,1.0,pagado_aproximadamente_completo
C002793,154463.29,Adjudicación Simplificada,2023-09-12,services,Servicio de mantenimiento de infraestructura,1,154463.29,154463.29,2023-10-17,2023-10-28,1.0,pagado_aproximadamente_completo
C003303,67424.5,Adjudicación Simplificada,2025-11-02,goods,Adquisición de equipos informáticos,2,67424.5,67424.5,2025-11-12,2025-12-08,1.0,pagado_aproximadamente_completo
C002408,58245.53,Concurso Público,2026-06-14,services,Servicio de transporte,1,58245.53,58245.53,2026-07-04,2026-08-07,1.0,pagado_aproximadamente_completo
C000084,87995.23,Adjudicación Simplificada,2024-02-27,services,Servicio de limpieza y vigilancia,1,69316.16,0.0,2024-03-04,,0.0,pendiente_sin_pago
C002726,41416.58,Concurso Público,2024-10-03,services,Servicio de transporte,3,41416.58,41416.58,2024-11-14,2024-12-13,1.0,pagado_aproximadamente_completo
C000941,64522.98,Concurso Público,2024-03-01,services,Servicio de limpieza y vigilancia,1,48095.17,48095.17,2024-03-21,2024-04-04,0.745395981400735,pago_parcial
C000961,29970.99,Comparación de Precios,2025-09-03,works,Obra de rehabilitación vial,2,18914.48,18914.48,2025-09-27,2025-11-01,0.6310929335333935,pago_parcial
C000841,60496.18,Licitación Pública,2025-12-28,services,Servicio de limpieza y vigilancia,1,60496.18,60496.18,2026-02-04,2026-03-03,1.0,pagado_aproximadamente_completo
C900057,289261.34,Contratación Directa,2024-03-19,works,Obra de rehabilitación vial,3,289261.33999999997,289261.33999999997,2024-04-06,2024-06-05,0.9999999999999998,pagado_aproximadamente_completo
C002922,106150.01,Concurso Público,2025-04-01,services,,2,92376.39,92376.39,2025-04-27,2025-05-29,0.870243818158849,pago_parcial
C002121,24689.63,Comparación de Precios,2024-12-08,services,Servicio de transporte,2,24689.63,24689.629999999997,2025-01-13,2025-01-28,0.9999999999999999,pagado_aproximadamente_completo
C002702,51829.16,Adjudicación Simplificada,2025-05-25,goods,Adquisición de materiales de construcción,2,51829.16,51829.16,2025-06-24,2025-08-01,1.0,pagado_aproximadamente_completo
C001940,19352.41,Adjudicación Simplificada,2024-05-27,services,Servicio de capacitación,3,19352.41,19352.41,2024-06-25,2024-09-05,1.0,pagado_aproximadamente_completo
C000290,43237.13,Adjudicación Simplificada,2025-10-19,goods,Adquisición de equipos informáticos,2,43237.130000000005,43237.13,2025-11-15,2025-12-17,1.0,pagado_aproximadamente_completo
C003251,44976.11,Comparación de Precios,2025-09-02,goods,Adquisición de bienes de oficina,1,44976.11,44976.11,2025-10-09,2025-10-28,1.0,pagado_aproximadamente_completo
C900033,264290.99,Contratación Directa,2026-01-31,goods,Adquisición de materiales de construcción,3,264290.99,264290.99,2026-02-06,2026-04-05,1.0,pagado_aproximadamente_completo
C001718,13103.05,Adjudicación Simplificada,2023-04-17,goods,Suministro de combustible,2,13103.05,13103.05,2023-05-21,2023-06-04,1.0,pagado_aproximadamente_completo
C003100,84322.13,Adjudicación Simplificada,2025-12-14,goods,Adquisición de materiales de construcción,1,84322.13,84322.13,2025-12-26,2026-01-02,1.0,pagado_aproximadamente_completo
C003350,31973.5,Licitación Pública,2025-03-13,goods,Suministro de combustible,1,34138.47,34138.47,2025-04-26,2025-05-06,1.0677113859915244,sobrepago_senal_revisar
C000604,11334.92,Contratación Directa,2026-06-06,services,Servicio de mantenimiento de infraestructura,1,6418.05,6418.05,2026-06-11,2026-06-25,0.5662192587155446,pago_parcial
C002510,90050.88,Comparación de Precios,2026-06-17,goods,Adquisición de materiales de construcción,3,90050.88,90050.88,2026-07-16,2026-08-07,1.0,pagado_aproximadamente_completo
C000916,89279.28,Comparación de Precios,2023-06-15,services,Servicio de mantenimiento de infraestructura,3,89279.28,89279.28,2023-07-13,2023-08-21,1.0,pagado_aproximadamente_completo
C002420,15607.44,Comparación de Precios,2026-01-26,services,Servicio de capacitación,1,15607.44,15607.44,2026-03-07,2026-03-16,1.0,pagado_aproximadamente_completo
C002514,17976.84,Adjudicación Simplificada,2024-04-29,goods,Adquisición de materiales de construcción,1,17976.84,17976.84,2024-06-03,2024-06-13,1.0,pagado_aproximadamente_completo
C001099,400528.52,Contratación Directa,2023-01-30,services,Servicio de transporte,1,400528.52,400528.52,2023-02-23,2023-05-22,1.0,pagado_aproximadamente_completo
C001088,40707.24,Comparación de Precios,2023-06-03,goods,Adquisición de equipos informáticos,1,33836.15,33836.15,2023-06-24,2023-07-02,0.8312071759225141,pago_parcial
C002588,952138.78,Comparación de Precios,2024-01-31,services,Servicio de mantenimiento de infraestructura,2,952138.78,952138.78,2024-03-03,2024-04-06,1.0,pagado_aproximadamente_completo
C001977,17097.33,Comparación de Precios,2026-03-31,goods,Adquisición de materiales de construcción,3,17097.329999999998,17097.33,2026-04-21,2026-06-22,1.0,pagado_aproximadamente_completo
C000821,15616.78,Licitación Pública,2025-06-20,services,Servicio de mantenimiento de infraestructura,2,15616.78,15616.779999999999,2025-07-08,2025-08-19,0.9999999999999999,pagado_aproximadamente_completo
C001960,60360.96,Adjudicación Simplificada,2024-08-31,goods,Adquisición de equipos informáticos,3,60360.95999999999,60360.96,2024-10-08,2024-11-24,1.0,pagado_aproximadamente_completo
C900020,295668.38,Contratación Directa,2025-01-14,services,Servicio de limpieza y vigilancia,3,295668.38,295668.38,2025-01-25,2025-04-01,1.0,pagado_aproximadamente_completo
C002992,14726.96,Comparación de Precios,2026-06-20,goods,Adquisición de equipos informáticos,2,14726.96,14726.960000000001,2026-07-17,2026-08-07,1.0000000000000002,pagado_aproximadamente_completo
C003034,16122.39,Comparación de Precios,2025-05-26,goods,Adquisición de materiales de construcción,1,16122.39,16122.39,2025-07-04,2025-07-21,1.0,pagado_aproximadamente_completo
C001302,225198.38,Contratación Directa,2024-04-29,goods,Adquisición de bienes de oficina,1,225198.38,225198.38,2024-05-31,2024-06-23,1.0,pagado_aproximadamente_completo
C001000,303636.69,Adjudicación Simplificada,2026-03-15,services,Consultoría en ingeniería,3,303636.69,303636.69,2026-04-14,2026-06-17,1.0,pagado_aproximadamente_completo
C003046,25622.6,Contratación Directa,2023-08-09,goods,Adquisición de materiales de construcción,1,9621.2,0.0,2023-08-31,,0.0,pendiente_sin_pago
C001505,120090.97,Comparación de Precios,2025-08-16,goods,Adquisición de materiales de construcción,2,120090.97,120090.97,2025-09-13,2025-10-21,1.0,pagado_aproximadamente_completo
C001477,46596.52,Adjudicación Simplificada,2026-05-31,services,Servicio de capacitación,3,46596.520000000004,46596.52,2026-06-19,2026-07-25,1.0,pagado_aproximadamente_completo
C000018,164837.57,Adjudicación Simplificada,2023-03-10,services,Servicio de mantenimiento de infraestructura,1,164837.57,164837.57,2023-04-06,2023-07-13,1.0,pagado_aproximadamente_completo
C000493,22701.8,Adjudicación Simplificada,2023-01-14,services,,2,22701.8,22701.800000000003,2023-02-14,2023-06-01,1.0000000000000002,pagado_aproximadamente_completo
C001125,604303.07,Licitación Pública,2024-01-09,works,Obra de rehabilitación vial,2,350448.49,350448.49,2024-02-02,2024-02-21,0.5799217435714832,pago_parcial
C001404,487726.76,Comparación de Precios,2023-11-15,goods,Adquisición de equipos informáticos,2,487726.76,487726.76,2023-12-11,2024-01-01,1.0,pagado_aproximadamente_completo
C002902,83136.76,Contratación Directa,2024-05-21,services,Servicio de limpieza y vigilancia,1,83136.76,83136.76,2024-05-27,2024-08-22,1.0,pagado_aproximadamente_completo
C002412,165064.09,Comparación de Precios,2024-10-16,works,Obra de rehabilitación vial,3,165064.09000000003,165064.09,2024-11-29,2024-12-21,1.0,pagado_aproximadamente_completo
C002270,64783.24,Adjudicación Simplificada,2024-08-27,services,Servicio de limpieza y vigilancia,1,64783.24,64783.24,2024-09-22,2024-10-07,1.0,pagado_aproximadamente_completo
C002247,65202.22,Adjudicación Simplificada,2024-06-23,goods,Adquisición de bienes de oficina,1,65202.22,65202.22,2024-07-08,2024-07-17,1.0,pagado_aproximadamente_completo
C001912,79976.43,Adjudicación Simplificada,2024-11-16,goods,Adquisición de bienes de oficina,2,79976.43,79976.43,2024-12-19,2025-01-07,1.0,pagado_aproximadamente_completo
C000584,26068.35,Adjudicación Simplificada,2023-03-20,goods,Adquisición de bienes de oficina,2,26068.35,26068.35,2023-04-29,2023-05-19,1.0,pagado_aproximadamente_completo
C002162,199284.71,Concurso Público,2024-04-04,goods,Adquisición de equipos informáticos,1,199284.71,199284.71,2024-04-26,2024-05-06,1.0,pagado_aproximadamente_completo
C000687,22446.74,Licitación Pública,2024-01-16,services,Servicio de capacitación,2,22446.74,22446.739999999998,2024-02-21,2024-03-21,0.9999999999999999,pagado_aproximadamente_completo
C002272,80383.39,Comparación de Precios,2025-09-12,services,Consultoría en ingeniería,2,80383.39,80383.39,2025-09-17,2025-12-11,1.0,pagado_aproximadamente_completo
C002028,205503.87,Comparación de Precios,2023-09-06,services,Servicio de limpieza y vigilancia,1,135554.19,135554.19,2023-09-28,2023-10-02,0.6596186728746276,pago_parcial
C001608,26503.46,Comparación de Precios,2024-11-02,services,Servicio de limpieza y vigilancia,1,26503.46,26503.46,2024-12-02,2024-12-28,1.0,pagado_aproximadamente_completo
C700013,162627.06,Adjudicación Simplificada,2024-03-21,works,Obra de rehabilitación vial,3,162627.06,162627.06,2024-04-25,2024-05-20,1.0,pagado_aproximadamente_completo
C900039,383617.12,Contratación Directa,2026-01-23,goods,Adquisición de materiales de construcción,3,383617.12,383617.12,2026-02-22,2026-04-26,1.0,pagado_aproximadamente_completo
C001009,37857.78,Adjudicación Simplificada,2024-07-21,goods,Adquisición de equipos informáticos,2,37857.78,37857.78,2024-08-15,2024-09-18,1.0,pagado_aproximadamente_completo
C002970,121844.68,Adjudicación Simplificada,2025-01-14,goods,Adquisición de bienes de oficina,1,121844.68,121844.68,2025-01-31,2025-02-14,1.0,pagado_aproximadamente_completo
C000360,578182.13,Contratación Directa,2024-12-08,services,Consultoría en ingeniería,3,578182.13,578182.13,2025-01-06,2025-03-12,1.0,pagado_aproximadamente_completo
C003149,285688.77,Adjudicación Simplificada,2024-09-29,goods,Adquisición de equipos informáticos,2,180516.16999999998,180516.16999999998,2024-11-03,2024-12-25,0.631863023527316,pago_parcial
C003378,164768.33,Concurso Público,2025-11-05,goods,Adquisición de materiales de construcción,1,164768.33,164768.33,2025-12-16,2026-02-26,1.0,pagado_aproximadamente_completo
C002531,44244.32,Comparación de Precios,2023-01-21,services,Servicio de transporte,3,44244.32,44244.32,2023-02-24,2023-04-22,1.0,pagado_aproximadamente_completo
C001310,50912.59,Comparación de Precios,2023-01-08,goods,Adquisición de equipos informáticos,3,50912.59,50912.59,2023-02-14,2023-04-03,1.0,pagado_aproximadamente_completo
C001847,19209.85,Comparación de Precios,2023-05-21,works,Obra de rehabilitación vial,3,19209.85,19209.85,2023-06-14,2023-08-13,1.0,pagado_aproximadamente_completo
C001910,38500.32,Licitación Pública,2024-04-03,goods,Suministro de combustible,1,38500.32,38500.32,2024-04-23,2024-05-15,1.0,pagado_aproximadamente_completo
C002167,155516.94,Adjudicación Simplificada,2025-05-09,services,Consultoría en ingeniería,1,155516.94,155516.94,2025-05-22,2025-06-11,1.0,pagado_aproximadamente_completo
C002463,65139.14,Adjudicación Simplificada,2023-07-16,services,Servicio de mantenimiento de infraestructura,3,65139.14,65139.14,2023-08-17,2023-10-02,1.0,pagado_aproximadamente_completo
C000344,76722.29,Comparación de Precios,2024-03-20,goods,Adquisición de equipos informáticos,1,76722.29,76722.29,2024-04-07,2024-04-26,1.0,pagado_aproximadamente_completo
C000986,15168.09,Adjudicación Simplificada,2024-02-27,services,Servicio de mantenimiento de infraestructura,1,15168.09,15168.09,2024-03-08,2024-03-19,1.0,pagado_aproximadamente_completo
C003375,152054.67,Comparación de Precios,2024-02-11,services,Servicio de mantenimiento de infraestructura,1,152054.67,152054.67,2024-02-19,2024-02-22,1.0,pagado_aproximadamente_completo
C000743,243645.7,Comparación de Precios,2024-07-22,goods,Suministro de combustible,3,243645.7,243645.7,2024-08-24,2024-09-30,1.0,pagado_aproximadamente_completo
C002034,11288.77,Comparación de Precios,2026-03-27,goods,Adquisición de equipos informáticos,1,11288.77,11288.77,2026-05-07,2026-05-11,1.0,pagado_aproximadamente_completo
C002269,52483.62,Adjudicación Simplificada,2023-09-04,goods,Adquisición de materiales de construcción,3,52483.62,52483.619999999995,2023-09-15,2023-12-03,0.9999999999999999,pagado_aproximadamente_completo
C001745,51734.34,Adjudicación Simplificada,2024-09-22,services,Servicio de capacitación,1,54236.79,54236.79,2024-10-28,2024-11-14,1.048371159272545,sobrepago_senal_revisar
C000113,88230.07,Adjudicación Simplificada,2023-12-28,services,Servicio de limpieza y vigilancia,1,88230.07,88230.07,2024-01-12,2024-03-16,1.0,pagado_aproximadamente_completo
C001437,133308.11,,2023-01-22,services,Servicio de mantenimiento de infraestructura,3,133308.11,133308.11,2023-02-19,2023-05-01,1.0,pagado_aproximadamente_completo
C003399,90474.77,Comparación de Precios,2024-03-26,works,Obra de rehabilitación vial,2,90474.77,90474.77,2024-04-08,2024-05-08,1.0,pagado_aproximadamente_completo
C001241,,Comparación de Precios,2026-05-14,services,Servicio de transporte,2,62185.649999999994,62185.65,2026-06-19,2026-07-12,,sin_pago_o_sin_cuantia
C001142,23005.86,Adjudicación Simplificada,2025-04-02,works,Obra de rehabilitación vial,1,10886.36,0.0,2025-05-05,,0.0,pendiente_sin_pago
C002233,71749.53,Comparación de Precios,2025-11-20,goods,Suministro de combustible,2,53489.61,53489.61,2025-12-19,2026-01-25,0.7455046743860204,pago_parcial
C001216,34732.44,Licitación Pública,2025-02-23,services,Servicio de capacitación,3,34732.44,34732.44,2025-03-28,2025-06-05,1.0,pagado_aproximadamente_completo
C001198,35065.41,Adjudicación Simplificada,2025-01-07,services,Servicio de capacitación,1,35065.41,35065.41,2025-01-14,2025-02-06,1.0,pagado_aproximadamente_completo
C000085,44042.78,Adjudicación Simplificada,2025-12-23,services,Servicio de capacitación,1,28596.49,28596.49,2026-01-10,2026-01-29,0.6492889413429398,pago_parcial
C001948,23219.56,Adjudicación Simplificada,2023-04-19,services,Consultoría en ingeniería,3,23219.56,23219.559999999998,2023-05-21,2023-07-21,0.9999999999999999,pagado_aproximadamente_completo
C002542,83367.99,Contratación Directa,2025-04-05,works,Obra de rehabilitación vial,2,83367.98999999999,83367.99,2025-05-02,2025-08-14,1.0,pagado_aproximadamente_completo
C001381,27602.13,Adjudicación Simplificada,2023-10-27,services,Servicio de mantenimiento de infraestructura,1,27602.13,27602.13,2023-11-19,2023-12-03,1.0,pagado_aproximadamente_completo
C001830,54054.76,Adjudicación Simplificada,2024-11-22,services,Servicio de capacitación,1,54054.76,54054.76,2024-12-31,2025-01-08,1.0,pagado_aproximadamente_completo
C000668,55786.35,Adjudicación Simplificada,2026-01-11,services,Servicio de limpieza y vigilancia,1,59314.88,59314.88,2026-01-25,2026-02-04,1.0632507772958797,sobrepago_senal_revisar
C001014,38866.51,Adjudicación Simplificada,2023-03-31,goods,Suministro de combustible,3,38866.51,38866.51,2023-04-19,2023-06-04,1.0,pagado_aproximadamente_completo
C000128,21576.87,Adjudicación Simplificada,2023-11-05,goods,Adquisición de materiales de construcción,1,17765.57,17765.57,2023-11-17,2023-12-07,0.8233617758275413,pago_parcial
C001364,20772.03,Adjudicación Simplificada,2023-12-09,services,Servicio de mantenimiento de infraestructura,2,22353.699999999997,22353.7,2024-01-10,2024-02-09,1.0761442189328632,sobrepago_senal_revisar
C002918,50464.67,Adjudicación Simplificada,2026-01-13,services,Servicio de transporte,1,39788.08,39788.08,2026-02-18,2026-03-01,0.7884343640808511,pago_parcial
C003145,208509.91,Comparación de Precios,2025-06-11,goods,Adquisición de bienes de oficina,3,208509.91,208509.91,2025-07-04,2025-09-06,1.0,pagado_aproximadamente_completo
C000891,40310.06,Adjudicación Simplificada,2026-06-24,goods,Adquisición de materiales de construcción,1,40310.06,40310.06,2026-07-08,2026-07-12,1.0,pagado_aproximadamente_completo
C002383,25771.9,Comparación de Precios,2026-04-20,goods,Adquisición de bienes de oficina,2,25771.9,25771.899999999998,2026-05-22,2026-06-15,0.9999999999999999,pagado_aproximadamente_completo
C001359,255783.88,Adjudicación Simplificada,2023-08-24,goods,Adquisición de bienes de oficina,1,255783.88,255783.88,2023-09-13,2023-09-25,1.0,pagado_aproximadamente_completo
C000307,176112.63,Comparación de Precios,2026-03-05,goods,Adquisición de equipos informáticos,2,176112.62999999998,176112.63,2026-04-04,2026-04-23,1.0,pagado_aproximadamente_completo
C000383,14809.7,Concurso Público,2025-12-19,services,Servicio de transporte,2,14809.7,14809.7,2026-01-23,2026-02-19,1.0,pagado_aproximadamente_completo
C000150,42790.05,Comparación de Precios,2023-09-18,services,Servicio de capacitación,1,22782.45,0.0,2023-10-04,,0.0,pendiente_sin_pago
C001317,58683.01,Adjudicación Simplificada,2025-10-31,goods,Adquisición de bienes de oficina,1,58683.01,58683.01,2025-11-27,2025-12-01,1.0,pagado_aproximadamente_completo
C001451,90533.32,Adjudicación Simplificada,2023-02-16,goods,Suministro de combustible,3,90533.31999999999,90533.32,2023-03-21,2023-05-01,1.0,pagado_aproximadamente_completo
C700051,668851.87,Adjudicación Simplificada,2026-03-31,services,Servicio de transporte,1,668851.87,668851.87,2026-05-06,2026-05-16,1.0,pagado_aproximadamente_completo
C002415,38748.68,Adjudicación Simplificada,2024-03-10,services,Servicio de capacitación,1,18488.45,0.0,2024-03-16,,0.0,pendiente_sin_pago
C000426,128909.68,Adjudicación Simplificada,2024-12-21,goods,Adquisición de bienes de oficina,1,128909.68,128909.68,2025-01-01,2025-01-14,1.0,pagado_aproximadamente_completo
C000494,126684.75,Licitación Pública,2025-02-19,services,Consultoría en ingeniería,2,126684.75,126684.75,2025-03-30,2025-04-23,1.0,pagado_aproximadamente_completo
C001207,347238.27,Comparación de Precios,2024-07-26,services,Servicio de limpieza y vigilancia,3,347238.27,347238.27,2024-08-07,2024-10-24,1.0,pagado_aproximadamente_completo
C002666,276030.42,Licitación Pública,2024-05-09,services,Servicio de limpieza y vigilancia,1,276030.42,276030.42,2024-05-30,2024-06-08,1.0,pagado_aproximadamente_completo
C002292,59330.55,Licitación Pública,2025-02-18,goods,Adquisición de equipos informáticos,1,59330.55,59330.55,2025-03-19,2025-03-22,1.0,pagado_aproximadamente_completo
C001208,214183.98,Adjudicación Simplificada,2024-01-11,services,Consultoría en ingeniería,2,214183.97999999998,214183.98,2024-01-21,2024-03-07,1.0,pagado_aproximadamente_completo
C003122,121004.19,Adjudicación Simplificada,2025-10-08,goods,Adquisición de bienes de oficina,1,87383.15,0.0,2025-11-19,,0.0,pendiente_sin_pago
C002986,141603.54,Licitación Pública,2025-09-29,services,Servicio de transporte,2,98594.81,98594.81,2025-10-04,2025-12-11,0.6962736242328404,pago_parcial
C002709,157210.55,,2023-04-24,goods,Adquisición de materiales de construcción,2,157210.55,157210.55,2023-05-31,2023-06-14,1.0,pagado_aproximadamente_completo
C001735,68419.5,Contratación Directa,2023-02-13,goods,Suministro de combustible,2,68419.5,68419.5,2023-02-21,2023-03-27,1.0,pagado_aproximadamente_completo
C001239,152463.74,Contratación Directa,2024-06-10,services,Servicio de transporte,2,152463.74,152463.74,2024-06-22,2024-08-18,1.0,pagado_aproximadamente_completo
C001918,36556.51,Adjudicación Simplificada,2025-04-29,services,Servicio de transporte,1,36556.51,36556.51,2025-05-04,2025-05-15,1.0,pagado_aproximadamente_completo
C001988,242153.73,Licitación Pública,2024-07-06,works,Obra de rehabilitación vial,2,188040.98,188040.97999999998,2024-08-04,2024-09-02,0.7765355503712454,pago_parcial
C000275,10382.75,Adjudicación Simplificada,2023-09-06,goods,Adquisición de equipos informáticos,2,10382.75,10382.75,2023-09-12,2023-11-11,1.0,pagado_aproximadamente_completo
C000489,260390.38,Comparación de Precios,2023-07-11,services,Servicio de transporte,2,260390.38,260390.38,2023-07-16,2023-09-13,1.0,pagado_aproximadamente_completo
C002015,86384.09,Licitación Pública,2024-09-12,works,Obra de rehabilitación vial,1,86384.09,86384.09,2024-09-26,2024-12-17,1.0,pagado_aproximadamente_completo
C001229,,Concurso Público,2024-04-20,services,Servicio de transporte,1,62185.65,62185.65,2024-05-12,2024-05-28,,sin_pago_o_sin_cuantia
C000690,33736.32,Comparación de Precios,2025-06-24,services,Servicio de mantenimiento de infraestructura,1,33736.32,33736.32,2025-07-21,2025-10-05,1.0,pagado_aproximadamente_completo
C002014,32958.29,Adjudicación Simplificada,2026-04-11,goods,Adquisición de materiales de construcción,2,32958.29,32958.29,2026-05-23,2026-06-12,1.0,pagado_aproximadamente_completo
C002464,434780.7,Concurso Público,2023-08-11,goods,Adquisición de bienes de oficina,1,222331.11,0.0,2023-09-15,,0.0,pendiente_sin_pago
C003270,26054.64,Adjudicación Simplificada,2025-05-13,services,Servicio de limpieza y vigilancia,1,26054.64,26054.64,2025-06-22,2025-07-05,1.0,pagado_aproximadamente_completo
C003194,54418.96,Contratación Directa,2025-09-06,goods,Adquisición de equipos informáticos,1,54418.96,54418.96,2025-10-01,2025-12-18,1.0,pagado_aproximadamente_completo
C002717,106098.18,Concurso Público,2025-10-21,services,Servicio de limpieza y vigilancia,3,106098.18,106098.18,2025-11-05,2026-01-27,1.0,pagado_aproximadamente_completo
C002562,19014.48,Licitación Pública,2023-10-19,goods,Adquisición de bienes de oficina,2,19014.48,19014.48,2023-10-30,2023-12-20,1.0,pagado_aproximadamente_completo
C001058,90101.48,Adjudicación Simplificada,2025-07-18,goods,Suministro de combustible,2,51502.92,51502.92,2025-08-10,2025-09-10,0.5716101444726546,pago_parcial
C000118,23976.85,Licitación Pública,2023-11-10,services,Consultoría en ingeniería,2,23976.85,23976.850000000002,2023-11-16,2024-01-01,1.0000000000000002,pagado_aproximadamente_completo
C001024,38251.47,Comparación de Precios,2023-11-28,services,Servicio de capacitación,1,38251.47,38251.47,2023-12-31,2024-01-26,1.0,pagado_aproximadamente_completo
C002801,29616.72,Comparación de Precios,2024-11-15,goods,Suministro de combustible,3,29616.719999999998,29616.72,2024-12-13,2025-01-11,1.0,pagado_aproximadamente_completo
C000281,39385.43,Concurso Público,2026-01-06,services,Servicio de capacitación,1,39385.43,39385.43,2026-01-24,2026-01-26,1.0,pagado_aproximadamente_completo
C002171,35507.14,Comparación de Precios,2023-01-14,goods,Adquisición de materiales de construcción,3,35507.14,35507.14,2023-02-11,2023-04-02,1.0,pagado_aproximadamente_completo
C001316,108147.68,Comparación de Precios,2024-06-24,services,Consultoría en ingeniería,1,108147.68,108147.68,2024-07-18,2024-09-24,1.0,pagado_aproximadamente_completo
C002868,9083.39,Comparación de Precios,2025-06-17,services,Consultoría en ingeniería,1,9083.39,9083.39,2025-06-29,2025-07-20,1.0,pagado_aproximadamente_completo
C000968,25163.45,Comparación de Precios,2024-01-16,works,Obra de rehabilitación vial,2,25163.45,25163.45,2024-01-28,2024-06-23,1.0,pagado_aproximadamente_completo
C001665,19815.66,Adjudicación Simplificada,2023-01-04,services,Servicio de limpieza y vigilancia,3,19815.66,19815.66,2023-02-13,2023-03-31,1.0,pagado_aproximadamente_completo
C002377,12709.12,Adjudicación Simplificada,2025-07-12,services,Consultoría en ingeniería,3,12709.12,12709.119999999999,2025-07-30,2025-09-15,0.9999999999999999,pagado_aproximadamente_completo
C001953,194358.9,Adjudicación Simplificada,2025-08-11,services,Servicio de transporte,3,194358.90000000002,194358.9,2025-09-08,2025-11-08,1.0,pagado_aproximadamente_completo
C900024,288236.35,Adjudicación Simplificada,2025-08-27,services,Servicio de limpieza y vigilancia,2,288236.35,288236.35,2025-09-20,2025-10-12,1.0,pagado_aproximadamente_completo
C000619,31627.2,Concurso Público,2023-07-06,services,Servicio de mantenimiento de infraestructura,3,31627.199999999997,31627.2,2023-07-21,2023-09-22,1.0,pagado_aproximadamente_completo
C003033,64199.6,Adjudicación Simplificada,2024-11-24,goods,Adquisición de bienes de oficina,3,64199.6,64199.6,2024-12-26,2025-01-26,1.0,pagado_aproximadamente_completo
C000155,14153.27,Concurso Público,2026-05-03,goods,Adquisición de bienes de oficina,1,14153.27,14153.27,2026-05-30,2026-08-07,1.0,pagado_aproximadamente_completo
C900002,235925.21,Contratación Directa,2025-10-02,goods,Adquisición de bienes de oficina,2,235925.21,235925.21,2025-10-23,2025-11-28,1.0,pagado_aproximadamente_completo
C001655,33438.05,Comparación de Precios,2026-03-01,goods,Adquisición de bienes de oficina,3,33438.05,33438.049999999996,2026-03-16,2026-05-19,0.9999999999999998,pagado_aproximadamente_completo
C002282,49196.17,Adjudicación Simplificada,2025-12-28,services,Servicio de transporte,2,49196.17,49196.17,2026-02-05,2026-03-04,1.0,pagado_aproximadamente_completo
C000304,146620.84,Adjudicación Simplificada,2023-06-17,services,Consultoría en ingeniería,2,146620.84,146620.84,2023-07-02,2023-10-08,1.0,pagado_aproximadamente_completo
C002401,5190.23,Adjudicación Simplificada,2026-05-15,goods,Suministro de combustible,1,5190.23,5190.23,2026-06-06,2026-06-12,1.0,pagado_aproximadamente_completo
C003141,,Adjudicación Simplificada,2025-09-02,services,Servicio de transporte,2,62185.649999999994,62185.65,2025-09-16,2025-11-01,,sin_pago_o_sin_cuantia
C002067,199192.56,Contratación Directa,2023-12-10,services,Servicio de mantenimiento de infraestructura,3,199192.56,199192.55999999997,2024-01-18,2024-02-16,0.9999999999999999,pagado_aproximadamente_completo
C800026,151195.01,Licitación Pública Abreviada,2025-09-17,goods,Adquisición de bienes de oficina,1,151195.01,151195.01,2025-10-10,2025-12-31,1.0,pagado_aproximadamente_completo
C002755,26023.13,Adjudicación Simplificada,2025-01-10,goods,Suministro de combustible,3,26023.129999999997,26023.13,2025-02-01,2025-04-08,1.0,pagado_aproximadamente_completo
C001307,47344.25,Comparación de Precios,2024-06-23,services,Servicio de mantenimiento de infraestructura,2,47344.25,47344.25,2024-06-28,2024-11-15,1.0,pagado_aproximadamente_completo
C002071,67555.88,Adjudicación Simplificada,2023-12-27,goods,Adquisición de equipos informáticos,3,67555.88,67555.88,2024-01-16,2024-04-13,1.0,pagado_aproximadamente_completo
C000575,138050.8,Adjudicación Simplificada,2023-05-09,goods,Adquisición de materiales de construcción,3,138050.8,138050.8,2023-06-05,2023-07-26,1.0,pagado_aproximadamente_completo
C002413,101150.84,Comparación de Precios,2026-06-24,goods,Adquisición de equipos informáticos,2,101150.84000000001,101150.84000000001,2026-08-06,2026-08-07,1.0000000000000002,pagado_aproximadamente_completo
C003169,128666.41,Licitación Pública,2025-01-01,goods,Adquisición de bienes de oficina,2,102046.47,102046.47,2025-01-29,2025-02-24,0.7931088619010975,pago_parcial
C003233,56466.21,Adjudicación Simplificada,2026-01-04,goods,Adquisición de materiales de construcción,1,45740.28,45740.28,2026-02-11,2026-03-04,0.8100469289509602,pago_parcial
C001706,36984.17,Contratación Directa,2024-08-04,services,Servicio de limpieza y vigilancia,3,36984.17,36984.17,2024-08-25,2024-10-28,1.0,pagado_aproximadamente_completo
C001299,130564.29,Comparación de Precios,2026-05-14,goods,Adquisición de equipos informáticos,1,79649.79,79649.79,2026-06-08,2026-06-23,0.6100426847187695,pago_parcial
C000132,208911.35,Contratación Directa,2025-10-16,services,Servicio de mantenimiento de infraestructura,1,208911.35,208911.35,2025-11-13,2025-11-25,1.0,pagado_aproximadamente_completo
C002023,90389.2,Comparación de Precios,2023-03-26,services,Consultoría en ingeniería,1,64545.17,64545.17,2023-05-02,2023-05-24,0.7140805538714802,pago_parcial
C002963,142462.91,Adjudicación Simplificada,2024-05-12,services,Servicio de limpieza y vigilancia,1,142462.91,142462.91,2024-06-14,2024-06-28,1.0,pagado_aproximadamente_completo
C001815,26250.63,Adjudicación Simplificada,2025-05-01,goods,Adquisición de equipos informáticos,1,26250.63,26250.63,2025-06-14,2025-06-16,1.0,pagado_aproximadamente_completo
C000843,90886.87,Comparación de Precios,2025-05-01,goods,Adquisición de bienes de oficina,2,90886.87,90886.87000000001,2025-05-13,2025-06-22,1.0000000000000002,pagado_aproximadamente_completo
C002053,20279.14,Adjudicación Simplificada,2024-06-04,services,Servicio de capacitación,2,20279.14,20279.14,2024-06-13,2024-10-22,1.0,pagado_aproximadamente_completo
C001926,50275.87,Concurso Público,2024-06-05,services,Servicio de limpieza y vigilancia,2,50275.869999999995,50275.869999999995,2024-07-16,2024-10-16,0.9999999999999999,pagado_aproximadamente_completo
C000269,36058.39,Adjudicación Simplificada,2026-01-16,services,Servicio de transporte,1,36058.39,36058.39,2026-02-01,2026-02-10,1.0,pagado_aproximadamente_completo
C000629,10229.57,Concurso Público,2023-03-31,services,Servicio de transporte,2,10229.57,10229.57,2023-04-20,2023-05-22,1.0,pagado_aproximadamente_completo
C001033,78066.61,,2023-09-20,services,Servicio de capacitación,1,78066.61,78066.61,2023-10-31,2023-11-13,1.0,pagado_aproximadamente_completo
C002144,187789.25,,2024-06-08,goods,Adquisición de materiales de construcción,3,187789.25,187789.25,2024-07-15,2024-09-10,1.0,pagado_aproximadamente_completo
C000286,25129.72,Concurso Público,2025-01-21,services,Servicio de mantenimiento de infraestructura,2,25129.72,25129.72,2025-02-02,2025-03-13,1.0,pagado_aproximadamente_completo
C001326,49026.7,Comparación de Precios,2024-06-09,goods,Suministro de combustible,2,49026.7,49026.7,2024-06-30,2024-07-27,1.0,pagado_aproximadamente_completo
C002857,44868.68,Concurso Público,2023-10-11,services,Servicio de limpieza y vigilancia,1,37443.57,37443.57,2023-11-09,2023-11-22,0.834514632478602,pago_parcial
C000300,42040.35,Comparación de Precios,2024-06-23,services,Servicio de mantenimiento de infraestructura,2,42040.35,42040.35,2024-07-22,2024-08-21,1.0,pagado_aproximadamente_completo
C002937,143875.93,Licitación Pública,2025-05-19,goods,Adquisición de materiales de construcción,1,58576.31,0.0,2025-07-03,,0.0,pendiente_sin_pago
C003323,87915.72,Comparación de Precios,2025-04-03,services,Servicio de mantenimiento de infraestructura,3,87915.72,87915.72,2025-05-18,2025-06-23,1.0,pagado_aproximadamente_completo
C001447,67373.68,Comparación de Precios,2025-11-19,goods,Adquisición de equipos informáticos,1,34657.85,0.0,2025-12-19,,0.0,pendiente_sin_pago
C001472,51758.24,Comparación de Precios,2024-08-15,goods,Adquisición de bienes de oficina,1,40032.07,0.0,2024-09-09,,0.0,pendiente_sin_pago
C002653,157972.72,Licitación Pública,2024-12-05,goods,Adquisición de materiales de construcción,1,157972.72,157972.72,2024-12-18,2024-12-29,1.0,pagado_aproximadamente_completo
C002290,36323.3,Concurso Público,2023-08-07,services,Servicio de limpieza y vigilancia,1,36323.3,36323.3,2023-09-04,2023-09-19,1.0,pagado_aproximadamente_completo
C002016,22097.71,Adjudicación Simplificada,2024-11-25,services,Consultoría en ingeniería,3,22097.71,22097.71,2024-12-29,2025-02-07,1.0,pagado_aproximadamente_completo
C000065,22877.49,Concurso Público,2024-08-27,services,Consultoría en ingeniería,1,16274.14,0.0,2024-10-06,,0.0,pendiente_sin_pago
C900050,280159.48,Contratación Directa,2026-05-02,goods,Adquisición de bienes de oficina,2,214480.63,214480.63,2026-05-21,2026-06-21,0.7655662053627456,pago_parcial
C000890,17751.08,Adjudicación Simplificada,2024-11-15,goods,Suministro de combustible,3,17751.08,17751.08,2024-11-29,2025-02-22,1.0,pagado_aproximadamente_completo
C002854,39527.64,Adjudicación Simplificada,2025-08-31,services,Servicio de limpieza y vigilancia,2,39527.64,39527.64,2025-09-08,2025-11-01,1.0,pagado_aproximadamente_completo
C003214,117706.79,Contratación Directa,2025-08-03,goods,Adquisición de equipos informáticos,2,117706.79000000001,117706.79,2025-08-19,2025-09-26,1.0,pagado_aproximadamente_completo
C002330,6172.23,Comparación de Precios,2024-06-27,goods,Adquisición de equipos informáticos,1,6172.23,6172.23,2024-07-19,2024-07-27,1.0,pagado_aproximadamente_completo
C001872,6738.91,Adjudicación Simplificada,2026-05-02,services,Consultoría en ingeniería,1,6738.91,6738.91,2026-05-15,2026-06-07,1.0,pagado_aproximadamente_completo
C000230,110521.5,Contratación Directa,2025-12-07,services,Consultoría en ingeniería,2,110521.5,110521.5,2025-12-16,2026-01-31,1.0,pagado_aproximadamente_completo
C000503,57239.8,Adjudicación Simplificada,2024-04-29,services,Servicio de capacitación,3,57239.8,57239.8,2024-05-22,2024-08-08,1.0,pagado_aproximadamente_completo
C001859,32907.28,Adjudicación Simplificada,2023-07-26,services,Servicio de transporte,1,20056.23,0.0,2023-08-10,,0.0,pendiente_sin_pago
C003351,20427.79,Concurso Público,2024-10-09,services,Servicio de limpieza y vigilancia,1,20427.79,20427.79,2024-10-27,2025-01-25,1.0,pagado_aproximadamente_completo
C000380,,Adjudicación Simplificada,2023-05-14,services,Servicio de capacitación,1,62185.65,62185.65,2023-05-30,2023-06-04,,sin_pago_o_sin_cuantia
C001525,238741.14,Licitación Pública,2025-01-23,goods,,1,153856.03,0.0,2025-02-13,,0.0,pendiente_sin_pago
C002127,16262.76,Concurso Público,2024-06-25,services,Servicio de transporte,2,16262.76,16262.76,2024-08-04,2024-08-27,1.0,pagado_aproximadamente_completo
C001886,50101.14,Concurso Público,2025-02-05,goods,Adquisición de bienes de oficina,3,50101.14,50101.14,2025-03-21,2025-04-21,1.0,pagado_aproximadamente_completo
C001004,24384.75,Comparación de Precios,2026-04-13,services,Servicio de mantenimiento de infraestructura,2,24384.75,24384.75,2026-05-03,2026-06-30,1.0,pagado_aproximadamente_completo
C000836,106740.39,Adjudicación Simplificada,2024-12-15,goods,Adquisición de bienes de oficina,2,106740.39000000001,106740.39000000001,2024-12-29,2025-05-12,1.0000000000000002,pagado_aproximadamente_completo
C002202,59234.26,Adjudicación Simplificada,2026-01-29,services,Consultoría en ingeniería,2,46031.130000000005,46031.130000000005,2026-03-15,2026-04-05,0.7771031494273754,pago_parcial
C000374,46127.82,Adjudicación Simplificada,2025-07-09,goods,Suministro de combustible,3,46127.82,46127.82,2025-08-05,2025-09-18,1.0,pagado_aproximadamente_completo
C001916,73633.64,Concurso Público,2023-06-25,services,Consultoría en ingeniería,2,73633.64,73633.64,2023-07-03,2023-08-21,1.0,pagado_aproximadamente_completo
C002602,164305.87,Adjudicación Simplificada,2023-05-18,services,Servicio de capacitación,2,164305.87,164305.87,2023-05-27,2023-07-04,1.0,pagado_aproximadamente_completo
C002730,156102.86,Adjudicación Simplificada,2023-11-16,services,,2,156102.86,156102.86,2023-11-23,2024-01-03,1.0,pagado_aproximadamente_completo
C000939,325238.86,Concurso Público,2023-07-07,goods,Suministro de combustible,3,325238.86000000004,325238.86,2023-08-04,2023-10-24,1.0,pagado_aproximadamente_completo
C001321,120015.62,Contratación Directa,2025-02-25,goods,Adquisición de bienes de oficina,3,120015.62,120015.62,2025-03-27,2025-05-14,1.0,pagado_aproximadamente_completo
C002344,10745.02,Comparación de Precios,2023-10-04,goods,Adquisición de equipos informáticos,2,10745.02,10745.02,2023-11-04,2023-12-10,1.0,pagado_aproximadamente_completo
C002553,35931.82,Adjudicación Simplificada,2025-05-05,services,Servicio de limpieza y vigilancia,3,35931.82,35931.82,2025-05-17,2025-07-26,1.0,pagado_aproximadamente_completo
C000751,8991.32,Licitación Pública,2024-08-09,goods,Adquisición de equipos informáticos,2,8991.32,8991.32,2024-08-27,2024-09-21,1.0,pagado_aproximadamente_completo
C000099,122249.6,Comparación de Precios,2026-01-09,works,Obra de rehabilitación vial,1,128020.08,128020.08,2026-02-14,2026-02-20,1.0472024448341752,sobrepago_senal_revisar
C001543,25784.22,Adjudicación Simplificada,2024-09-24,services,Servicio de limpieza y vigilancia,2,15186.529999999999,15186.529999999999,2024-11-04,2024-11-29,0.5889854337265195,pago_parcial
C002325,68862.06,Adjudicación Simplificada,2025-07-31,works,Obra de rehabilitación vial,1,68862.06,68862.06,2025-09-12,2025-09-26,1.0,pagado_aproximadamente_completo
C000866,21069.54,Comparación de Precios,2025-08-18,services,Servicio de limpieza y vigilancia,3,21069.54,21069.54,2025-08-27,2025-11-19,1.0,pagado_aproximadamente_completo
C001760,56415.51,Adjudicación Simplificada,2024-07-16,works,Obra de rehabilitación vial,3,56415.509999999995,56415.51,2024-08-26,2024-10-20,1.0,pagado_aproximadamente_completo
C000910,15868.12,Adjudicación Simplificada,2026-03-28,goods,Adquisición de bienes de oficina,3,15868.12,15868.119999999999,2026-04-25,2026-06-11,0.9999999999999999,pagado_aproximadamente_completo
C002554,12012.8,Comparación de Precios,2023-07-25,services,Servicio de limpieza y vigilancia,3,12012.8,12012.8,2023-09-03,2023-10-13,1.0,pagado_aproximadamente_completo
C001575,33713.58,Contratación Directa,2026-05-03,services,Servicio de mantenimiento de infraestructura,1,33713.58,33713.58,2026-06-06,2026-06-17,1.0,pagado_aproximadamente_completo
C000529,97192.95,Adjudicación Simplificada,2023-12-01,goods,Suministro de combustible,3,97192.95,97192.95000000001,2023-12-06,2024-02-06,1.0000000000000002,pagado_aproximadamente_completo
C001260,24956.52,Adjudicación Simplificada,2024-01-22,services,Servicio de limpieza y vigilancia,1,10246.17,0.0,2024-02-13,,0.0,pendiente_sin_pago
C001826,49331.22,Comparación de Precios,2025-11-28,services,Servicio de capacitación,2,49331.22,49331.22,2025-12-29,2026-02-03,1.0,pagado_aproximadamente_completo
C002271,34047.48,Contratación Directa,2023-02-18,works,Obra de rehabilitación vial,2,34047.479999999996,34047.479999999996,2023-03-16,2023-07-03,0.9999999999999998,pagado_aproximadamente_completo
C000636,245218.82,Concurso Público,2023-06-14,goods,Adquisición de bienes de oficina,3,245218.82,245218.82,2023-07-02,2023-08-18,1.0,pagado_aproximadamente_completo
C001269,1439583.64,Adjudicación Simplificada,2024-12-28,services,Servicio de capacitación,3,1439583.6400000001,1439583.6400000001,2025-01-28,2025-03-21,1.0000000000000002,pagado_aproximadamente_completo
C000185,142993.67,Contratación Directa,2024-11-09,services,Consultoría en ingeniería,2,112407.73,112407.73,2024-11-27,2025-01-10,0.7861028393774353,pago_parcial
C003057,296333.61,Comparación de Precios,2023-09-23,services,Servicio de limpieza y vigilancia,1,296333.61,296333.61,2023-09-28,2023-10-08,1.0,pagado_aproximadamente_completo
C800011,170989.08,Adjudicación Simplificada,2024-01-28,services,Servicio de mantenimiento de infraestructura,3,170989.08000000002,170989.08000000002,2024-02-11,2024-04-28,1.0000000000000002,pagado_aproximadamente_completo
C003363,59006.93,Licitación Pública,2025-01-03,goods,Adquisición de equipos informáticos,1,59006.93,59006.93,2025-01-28,2025-02-07,1.0,pagado_aproximadamente_completo
C000931,45811.44,Licitación Pública,2025-01-17,services,Servicio de transporte,1,45811.44,45811.44,2025-03-03,2025-03-24,1.0,pagado_aproximadamente_completo
C001441,69295.25,Comparación de Precios,2024-09-17,works,Obra de rehabilitación vial,1,69295.25,69295.25,2024-10-06,2024-10-20,1.0,pagado_aproximadamente_completo
C002260,18383.52,Comparación de Precios,2024-11-05,services,Servicio de limpieza y vigilancia,2,18383.52,18383.52,2024-11-14,2025-01-26,1.0,pagado_aproximadamente_completo
C002822,178172.55,Contratación Directa,2023-09-05,goods,Suministro de combustible,2,178172.55000000002,178172.55,2023-09-30,2023-11-22,1.0,pagado_aproximadamente_completo
C001972,238144.07,Licitación Pública,2023-02-07,goods,Adquisición de bienes de oficina,2,238144.07,238144.07,2023-03-18,2023-07-06,1.0,pagado_aproximadamente_completo
C001535,10871.53,Adjudicación Simplificada,2026-02-10,goods,Adquisición de equipos informáticos,2,10871.53,10871.53,2026-03-15,2026-07-02,1.0,pagado_aproximadamente_completo
C000865,37982.57,Adjudicación Simplificada,2025-12-20,works,Obra de rehabilitación vial,2,37982.57,37982.57,2026-01-14,2026-02-28,1.0,pagado_aproximadamente_completo
C002951,48717.86,Comparación de Precios,2025-11-14,goods,Adquisición de bienes de oficina,3,48717.86,48717.86,2025-12-14,2026-02-26,1.0,pagado_aproximadamente_completo
C001273,185779.53,Concurso Público,2026-06-07,goods,Adquisición de equipos informáticos,2,185779.53,185779.53,2026-07-12,2026-08-03,1.0,pagado_aproximadamente_completo
C002550,71416.75,Adjudicación Simplificada,2026-06-10,works,Obra de rehabilitación vial,1,71416.75,71416.75,2026-06-15,2026-06-23,1.0,pagado_aproximadamente_completo
C002155,57391.25,Adjudicación Simplificada,2024-08-18,goods,Suministro de combustible,1,57391.25,57391.25,2024-09-05,2024-09-06,1.0,pagado_aproximadamente_completo
C000607,179165.32,Contratación Directa,2025-01-26,goods,Suministro de combustible,1,148872.32,148872.32,2025-02-22,2025-03-17,0.830921519856633,pago_parcial
C003106,64735.06,Comparación de Precios,2025-02-02,services,,2,64735.06,64735.06,2025-02-21,2025-03-30,1.0,pagado_aproximadamente_completo
C001712,27196.28,Adjudicación Simplificada,2024-10-09,goods,Adquisición de bienes de oficina,3,27196.28,27196.28,2024-10-14,2024-12-26,1.0,pagado_aproximadamente_completo
C002610,73393.67,Comparación de Precios,2023-10-02,goods,,2,73393.67,73393.67,2023-10-18,2023-11-25,1.0,pagado_aproximadamente_completo
C000151,54540.64,Comparación de Precios,2024-04-26,goods,Suministro de combustible,1,54540.64,54540.64,2024-05-08,2024-07-15,1.0,pagado_aproximadamente_completo
C002603,102730.38,Contratación Directa,2025-07-13,goods,Adquisición de bienes de oficina,1,102730.38,102730.38,2025-07-26,2025-10-18,1.0,pagado_aproximadamente_completo
C002639,74634.18,Adjudicación Simplificada,2024-08-21,services,Servicio de mantenimiento de infraestructura,1,74634.18,74634.18,2024-09-08,2024-12-10,1.0,pagado_aproximadamente_completo
C002335,78789.49,Adjudicación Simplificada,2024-11-07,goods,Adquisición de materiales de construcción,2,78789.49,78789.48999999999,2024-11-21,2025-01-20,0.9999999999999998,pagado_aproximadamente_completo
C003237,145935.75,Comparación de Precios,2023-05-23,services,Servicio de transporte,1,145935.75,145935.75,2023-07-04,2023-09-23,1.0,pagado_aproximadamente_completo
C000731,75046.25,Comparación de Precios,2026-04-11,works,Obra de rehabilitación vial,2,75046.25,75046.25,2026-04-20,2026-06-11,1.0,pagado_aproximadamente_completo
C002110,15848.19,,2023-08-03,goods,Suministro de combustible,2,13856.75,13856.75,2023-09-11,2023-10-08,0.8743427482886058,pago_parcial
C002354,227823.42,Comparación de Precios,2024-12-17,goods,Adquisición de materiales de construcción,1,227823.42,227823.42,2024-12-22,2024-12-27,1.0,pagado_aproximadamente_completo
C003365,63086.34,Comparación de Precios,2024-02-04,services,Servicio de limpieza y vigilancia,2,63086.34,63086.34,2024-03-14,2024-04-18,1.0,pagado_aproximadamente_completo
C000023,37364.46,Comparación de Precios,2025-01-09,services,Servicio de transporte,2,37364.46,37364.46,2025-01-22,2025-03-29,1.0,pagado_aproximadamente_completo
C003325,83090.75,Comparación de Precios,2025-06-04,services,Servicio de capacitación,1,83090.75,83090.75,2025-07-14,2025-07-23,1.0,pagado_aproximadamente_completo
C000158,9027.71,Contratación Directa,2026-05-09,goods,Adquisición de bienes de oficina,1,9027.71,9027.71,2026-05-31,2026-06-07,1.0,pagado_aproximadamente_completo
C001748,114548.7,Adjudicación Simplificada,2025-12-07,services,Consultoría en ingeniería,2,71687.39,71687.39,2025-12-13,2026-01-16,0.6258245619548716,pago_parcial
C000861,56920.6,Comparación de Precios,2024-02-04,goods,Adquisición de bienes de oficina,1,21170.96,0.0,2024-02-12,,0.0,pendiente_sin_pago
C002819,20517.83,Comparación de Precios,2024-10-10,goods,Adquisición de materiales de construcción,3,20517.83,20517.829999999998,2024-11-04,2025-01-03,0.9999999999999998,pagado_aproximadamente_completo
C000902,44165.09,Adjudicación Simplificada,2023-01-18,goods,Adquisición de equipos informáticos,2,44165.090000000004,44165.090000000004,2023-02-27,2023-06-07,1.0000000000000002,pagado_aproximadamente_completo
C000352,14798.98,Licitación Pública,2024-04-30,services,Servicio de mantenimiento de infraestructura,2,14798.98,14798.98,2024-06-02,2024-06-21,1.0,pagado_aproximadamente_completo
C001230,31797.93,Licitación Pública,2023-01-20,goods,Adquisición de equipos informáticos,1,18511.73,0.0,2023-01-29,,0.0,pendiente_sin_pago
C003441,16210.66,Adjudicación Simplificada,2025-07-09,goods,Adquisición de materiales de construcción,1,16210.66,16210.66,2025-08-04,2025-08-22,1.0,pagado_aproximadamente_completo
C000444,174287.6,Adjudicación Simplificada,2024-12-22,goods,Adquisición de materiales de construcción,2,174287.6,174287.6,2025-01-23,2025-05-22,1.0,pagado_aproximadamente_completo
C900017,436897.85,Contratación Directa,2026-06-28,goods,Adquisición de bienes de oficina,2,436897.85,436897.85,2026-08-07,2026-08-07,1.0,pagado_aproximadamente_completo
C000754,36354.11,Adjudicación Simplificada,2026-02-07,services,Servicio de capacitación,2,36354.11,36354.11,2026-02-22,2026-03-24,1.0,pagado_aproximadamente_completo
C001737,56392.65,Licitación Pública,2023-12-26,services,Servicio de mantenimiento de infraestructura,2,56392.65,56392.65,2024-01-02,2024-02-13,1.0,pagado_aproximadamente_completo
C000923,200690.8,Contratación Directa,2025-11-04,services,Servicio de transporte,2,200690.8,200690.8,2025-12-15,2026-03-06,1.0,pagado_aproximadamente_completo
C001666,83992.32,Licitación Pública,2023-03-10,services,Servicio de capacitación,2,83992.32,83992.32,2023-03-20,2023-05-12,1.0,pagado_aproximadamente_completo
C900059,355342.38,Adjudicación Simplificada,2025-04-08,works,Obra de rehabilitación vial,2,355342.38,355342.38,2025-05-22,2025-09-08,1.0,pagado_aproximadamente_completo
C002762,65695.77,Licitación Pública,2025-07-05,services,Servicio de mantenimiento de infraestructura,3,65695.77,65695.76999999999,2025-07-29,2025-09-27,0.9999999999999998,pagado_aproximadamente_completo
C000311,75883.56,Adjudicación Simplificada,2025-08-13,services,Servicio de mantenimiento de infraestructura,2,45608.22,45608.22,2025-08-22,2025-10-04,0.6010289975852477,pago_parcial
C001375,14024.3,Comparación de Precios,2023-07-12,services,Servicio de capacitación,1,14024.3,14024.3,2023-07-19,2023-08-01,1.0,pagado_aproximadamente_completo
C000548,161837.9,Comparación de Precios,2025-01-03,services,Servicio de transporte,1,166698.0,166698.0,2025-02-03,2025-02-19,1.0300306664878869,sobrepago_senal_revisar
C002459,24643.45,Adjudicación Simplificada,2024-10-10,services,Servicio de transporte,3,24643.449999999997,24643.45,2024-11-03,2025-01-21,1.0,pagado_aproximadamente_completo
C001746,88612.36,Adjudicación Simplificada,2026-04-29,services,Servicio de mantenimiento de infraestructura,1,47535.63,0.0,2026-06-11,,0.0,pendiente_sin_pago
C002768,25401.98,Adjudicación Simplificada,2026-04-02,services,Servicio de limpieza y vigilancia,1,25401.98,25401.98,2026-04-12,2026-06-17,1.0,pagado_aproximadamente_completo
C003089,59179.44,Comparación de Precios,2023-10-10,services,Servicio de transporte,1,21117.51,0.0,2023-11-07,,0.0,pendiente_sin_pago
C001835,31853.44,Adjudicación Simplificada,2025-07-08,goods,Adquisición de materiales de construcción,1,31853.44,31853.44,2025-07-21,2025-08-06,1.0,pagado_aproximadamente_completo
C000306,16847.98,Comparación de Precios,2024-08-24,goods,Adquisición de equipos informáticos,1,16847.98,16847.98,2024-09-09,2024-09-28,1.0,pagado_aproximadamente_completo
C000287,3116.24,Adjudicación Simplificada,2024-10-10,services,Servicio de capacitación,2,3116.2400000000002,3116.24,2024-11-09,2024-12-15,1.0,pagado_aproximadamente_completo
C000694,200438.52,Comparación de Precios,2024-03-26,services,Servicio de mantenimiento de infraestructura,2,126860.76000000001,126860.76,2024-04-25,2024-05-09,0.6329160682288015,pago_parcial
C000308,110999.57,Adjudicación Simplificada,2024-09-19,goods,Adquisición de bienes de oficina,2,110999.57,110999.56999999999,2024-11-03,2024-11-25,0.9999999999999999,pagado_aproximadamente_completo
C002718,50002.73,Adjudicación Simplificada,2024-12-16,services,Servicio de capacitación,2,53302.28999999999,53302.29,2025-01-10,2025-02-20,1.0659875970771995,sobrepago_senal_revisar
C001756,207979.05,Comparación de Precios,2025-05-19,services,Servicio de transporte,1,207979.05,207979.05,2025-06-24,2025-06-28,1.0,pagado_aproximadamente_completo
C003126,31956.98,Comparación de Precios,2025-12-22,services,Servicio de capacitación,1,31956.98,31956.98,2026-01-06,2026-01-20,1.0,pagado_aproximadamente_completo
C002350,16518.98,Adjudicación Simplificada,2026-01-19,services,Servicio de transporte,3,16518.98,16518.98,2026-01-28,2026-04-07,1.0,pagado_aproximadamente_completo
C000749,47678.43,Adjudicación Simplificada,2025-07-23,services,Servicio de capacitación,2,47678.43,47678.43,2025-08-24,2025-09-20,1.0,pagado_aproximadamente_completo
C001590,100349.49,Comparación de Precios,2025-04-21,services,Consultoría en ingeniería,2,100349.49,100349.49,2025-05-01,2025-06-11,1.0,pagado_aproximadamente_completo
C001170,258290.67,Adjudicación Simplificada,2024-03-26,goods,Adquisición de equipos informáticos,1,197093.33,0.0,2024-04-27,,0.0,pendiente_sin_pago
C001902,30663.15,Licitación Pública,2023-01-15,services,Servicio de capacitación,2,30663.15,30663.149999999998,2023-02-06,2023-03-16,0.9999999999999999,pagado_aproximadamente_completo
C001266,142512.05,Comparación de Precios,2026-02-08,services,Servicio de mantenimiento de infraestructura,1,52250.63,0.0,2026-02-13,,0.0,pendiente_sin_pago
C002609,93902.61,Contratación Directa,2025-12-30,works,Obra de rehabilitación vial,1,93902.61,93902.61,2026-01-22,2026-01-24,1.0,pagado_aproximadamente_completo
C002815,201457.55,Comparación de Precios,2024-12-13,services,Servicio de capacitación,1,201457.55,201457.55,2024-12-30,2025-01-21,1.0,pagado_aproximadamente_completo
C000908,87209.59,Concurso Público,2023-12-17,services,Servicio de transporte,2,87209.59,87209.59,2024-01-30,2024-02-22,1.0,pagado_aproximadamente_completo
C002011,42814.09,Adjudicación Simplificada,2024-09-14,goods,Suministro de combustible,2,42814.09,42814.09,2024-09-28,2024-12-30,1.0,pagado_aproximadamente_completo
C000086,24617.25,Adjudicación Simplificada,2023-01-28,services,Servicio de capacitación,1,24617.25,24617.25,2023-02-14,2023-02-21,1.0,pagado_aproximadamente_completo
C003308,109271.27,Comparación de Precios,2025-11-06,goods,Suministro de combustible,2,109271.26999999999,109271.26999999999,2025-12-01,2026-03-01,0.9999999999999999,pagado_aproximadamente_completo
C001964,30028.29,Comparación de Precios,2024-08-29,services,Servicio de capacitación,3,30028.29,30028.29,2024-09-24,2024-11-10,1.0,pagado_aproximadamente_completo
C003064,529945.56,Comparación de Precios,2023-09-11,services,Servicio de mantenimiento de infraestructura,3,529945.56,529945.56,2023-10-10,2023-11-25,1.0,pagado_aproximadamente_completo
C000970,21940.99,Contratación Directa,2025-07-13,goods,Adquisición de bienes de oficina,1,21940.99,21940.99,2025-08-16,2025-10-29,1.0,pagado_aproximadamente_completo
C000013,13807.33,Comparación de Precios,2025-04-11,goods,Suministro de combustible,2,13807.330000000002,13807.33,2025-04-21,2025-06-09,1.0,pagado_aproximadamente_completo
C000873,31269.43,Comparación de Precios,2024-07-11,services,Servicio de mantenimiento de infraestructura,3,31269.43,31269.43,2024-08-23,2024-10-13,1.0,pagado_aproximadamente_completo
C001723,18723.49,Adjudicación Simplificada,2025-09-04,services,Servicio de limpieza y vigilancia,1,18723.49,18723.49,2025-09-09,2025-10-01,1.0,pagado_aproximadamente_completo
C000808,25319.17,Concurso Público,2024-10-08,services,Consultoría en ingeniería,2,18131.32,18131.32,2024-11-16,2024-12-01,0.7161103622275138,pago_parcial
C003256,52088.26,Contratación Directa,2025-10-01,goods,Adquisición de materiales de construcción,1,52088.26,52088.26,2025-10-07,2025-10-31,1.0,pagado_aproximadamente_completo
C000514,22401.83,Comparación de Precios,2025-09-12,services,Servicio de transporte,3,22401.83,22401.83,2025-09-18,2025-12-07,1.0,pagado_aproximadamente_completo
C002964,165883.22,Adjudicación Simplificada,2024-07-09,goods,Adquisición de equipos informáticos,3,165883.22,165883.22,2024-08-10,2024-10-04,1.0,pagado_aproximadamente_completo
C000409,129295.65,Adjudicación Simplificada,2025-08-27,goods,Adquisición de bienes de oficina,1,71332.07,0.0,2025-10-05,,0.0,pendiente_sin_pago
C003393,13080.45,Comparación de Precios,2023-04-26,services,Servicio de mantenimiento de infraestructura,1,14066.92,14066.92,2023-06-02,2023-06-11,1.0754156011452205,sobrepago_senal_revisar
C001337,54402.51,Comparación de Precios,2024-12-29,goods,Suministro de combustible,1,54402.51,54402.51,2025-01-22,2025-01-30,1.0,pagado_aproximadamente_completo
C001413,22350.9,Licitación Pública,2026-04-18,services,Servicio de mantenimiento de infraestructura,2,22350.9,22350.9,2026-05-06,2026-06-14,1.0,pagado_aproximadamente_completo
C002924,2928.39,Adjudicación Simplificada,2026-04-08,goods,Adquisición de materiales de construcción,1,2928.39,2928.39,2026-04-22,2026-05-09,1.0,pagado_aproximadamente_completo
C002411,30492.72,Comparación de Precios,2025-10-13,goods,Suministro de combustible,2,30492.72,30492.72,2025-10-19,2026-02-05,1.0,pagado_aproximadamente_completo
C002465,84779.47,Contratación Directa,2023-06-03,goods,Adquisición de materiales de construcción,2,74467.95,74467.95,2023-06-18,2023-08-21,0.8783724408751317,pago_parcial
C000458,103671.54,Adjudicación Simplificada,2024-08-19,services,Servicio de mantenimiento de infraestructura,3,103671.54,103671.54000000001,2024-08-26,2024-10-31,1.0000000000000002,pagado_aproximadamente_completo
C000006,43145.22,Adjudicación Simplificada,2023-06-18,services,Servicio de mantenimiento de infraestructura,1,43145.22,43145.22,2023-07-14,2023-07-20,1.0,pagado_aproximadamente_completo
C000382,96290.8,Licitación Pública,2026-03-23,works,Obra de rehabilitación vial,3,96290.79999999999,96290.8,2026-04-15,2026-06-13,1.0,pagado_aproximadamente_completo
C002230,23385.91,Adjudicación Simplificada,2024-03-24,services,Servicio de mantenimiento de infraestructura,2,23385.910000000003,23385.91,2024-05-07,2024-05-22,1.0,pagado_aproximadamente_completo
C002698,1047863.18,Contratación Directa,2023-05-03,goods,Suministro de combustible,1,1047863.18,1047863.18,2023-05-17,2023-08-07,1.0,pagado_aproximadamente_completo
C001880,28551.78,Comparación de Precios,2025-11-26,goods,Adquisición de equipos informáticos,2,28551.78,28551.78,2025-12-20,2026-02-13,1.0,pagado_aproximadamente_completo
C002046,8339.62,,2024-06-19,services,Servicio de limpieza y vigilancia,2,8339.619999999999,8339.619999999999,2024-07-23,2024-09-07,0.9999999999999998,pagado_aproximadamente_completo
C002765,24984.91,Adjudicación Simplificada,2023-02-05,services,Consultoría en ingeniería,2,24984.91,24984.91,2023-02-17,2023-03-07,1.0,pagado_aproximadamente_completo
C001713,34808.21,Comparación de Precios,2026-03-08,goods,Adquisición de materiales de construcción,3,34808.21,34808.21,2026-03-26,2026-05-27,1.0,pagado_aproximadamente_completo
C002507,25628.78,Licitación Pública,2023-11-18,services,Servicio de limpieza y vigilancia,1,25628.78,25628.78,2023-11-27,2023-12-21,1.0,pagado_aproximadamente_completo
C002407,209079.54,Comparación de Precios,2026-04-10,services,Servicio de capacitación,2,183558.11,183558.11,2026-04-16,2026-06-18,0.8779343497694704,pago_parcial
C900035,453465.22,Contratación Directa,2026-02-02,goods,Adquisición de materiales de construcción,3,453465.22000000003,453465.22,2026-02-20,2026-05-04,1.0,pagado_aproximadamente_completo
C001393,19645.63,Comparación de Precios,2023-05-31,goods,Adquisición de equipos informáticos,2,13632.41,13632.41,2023-07-01,2023-07-23,0.6939156443443147,pago_parcial
C000552,54839.41,Comparación de Precios,2026-03-10,services,Servicio de mantenimiento de infraestructura,1,54839.41,54839.41,2026-03-20,2026-05-23,1.0,pagado_aproximadamente_completo
C003438,33502.4,Contratación Directa,2024-06-04,services,Servicio de limpieza y vigilancia,3,33502.4,33502.4,2024-06-25,2024-08-14,1.0,pagado_aproximadamente_completo
C000222,34149.97,Licitación Pública,2026-06-17,goods,Adquisición de bienes de oficina,3,34149.97,34149.97,2026-06-25,2026-08-07,1.0,pagado_aproximadamente_completo
C001382,52990.61,Comparación de Precios,2023-12-22,services,Servicio de limpieza y vigilancia,1,52990.61,52990.61,2024-01-19,2024-01-25,1.0,pagado_aproximadamente_completo
C001096,84085.77,Adjudicación Simplificada,2023-01-23,goods,Adquisición de equipos informáticos,2,84085.76999999999,84085.77,2023-02-20,2023-04-09,1.0,pagado_aproximadamente_completo
C003201,3529.74,Comparación de Precios,2025-03-29,services,Consultoría en ingeniería,2,3143.1800000000003,3143.18,2025-04-05,2025-06-08,0.8904848515754702,pago_parcial
C000008,20243.96,Contratación Directa,2025-07-11,goods,Adquisición de bienes de oficina,3,20243.96,20243.96,2025-08-23,2025-09-29,1.0,pagado_aproximadamente_completo
C000634,,Licitación Pública,2024-02-05,services,Servicio de mantenimiento de infraestructura,1,62185.65,62185.65,2024-02-14,2024-03-11,,sin_pago_o_sin_cuantia
C000316,31735.36,Concurso Público,2025-11-05,services,Consultoría en ingeniería,2,31735.36,31735.36,2025-12-15,2026-01-03,1.0,pagado_aproximadamente_completo
C003266,79966.3,Licitación Pública,2025-11-05,works,Obra de rehabilitación vial,2,57939.229999999996,57939.229999999996,2025-11-15,2026-01-04,0.7245455898297157,pago_parcial
C001328,267913.72,Licitación Pública,2024-03-12,services,Servicio de mantenimiento de infraestructura,1,94963.71,0.0,2024-04-22,,0.0,pendiente_sin_pago
C000427,63182.68,Comparación de Precios,2023-11-01,services,Servicio de capacitación,1,45524.23,45524.23,2023-11-20,2023-12-10,0.7205175532281949,pago_parcial
C002357,189925.64,Adjudicación Simplificada,2024-06-18,goods,Adquisición de materiales de construcción,2,189925.64,189925.63999999998,2024-07-07,2024-08-14,0.9999999999999999,pagado_aproximadamente_completo
C000105,71108.37,Comparación de Precios,2025-10-27,goods,Adquisición de equipos informáticos,1,71108.37,71108.37,2025-11-02,2025-11-09,1.0,pagado_aproximadamente_completo
C002084,59700.46,Adjudicación Simplificada,2024-08-03,works,Obra de rehabilitación vial,2,59700.46,59700.46,2024-08-28,2024-12-16,1.0,pagado_aproximadamente_completo
C000142,179868.2,Comparación de Precios,2025-05-14,services,Servicio de capacitación,1,67042.82,0.0,2025-06-01,,0.0,pendiente_sin_pago
C000121,120772.47,Licitación Pública,2024-06-13,services,Servicio de limpieza y vigilancia,3,120772.47,120772.47,2024-07-11,2024-09-04,1.0,pagado_aproximadamente_completo
C001995,145807.79,Concurso Público,2024-02-04,goods,Adquisición de materiales de construcción,1,123198.87,123198.87,2024-03-17,2024-04-08,0.8449402463338892,pago_parcial
C003055,17141.2,Adjudicación Simplificada,2024-10-07,goods,Adquisición de materiales de construcción,1,17141.2,17141.2,2024-11-17,2024-12-08,1.0,pagado_aproximadamente_completo
C700040,148565.41,,2024-11-29,goods,Adquisición de equipos informáticos,1,148565.41,148565.41,2024-12-29,2025-01-13,1.0,pagado_aproximadamente_completo
C001189,43624.63,Adjudicación Simplificada,2024-08-31,works,Obra de rehabilitación vial,2,31817.47,31817.47,2024-10-07,2024-10-31,0.7293464723941498,pago_parcial
C003446,32082.88,Comparación de Precios,2025-04-06,services,Consultoría en ingeniería,1,32082.88,32082.88,2025-05-09,2025-05-19,1.0,pagado_aproximadamente_completo
C003203,53771.41,Contratación Directa,2025-03-03,goods,Suministro de combustible,3,53771.41,53771.41,2025-03-17,2025-05-05,1.0,pagado_aproximadamente_completo
C002706,39268.67,Comparación de Precios,2024-07-22,services,Servicio de limpieza y vigilancia,1,20828.59,0.0,2024-09-04,,0.0,pendiente_sin_pago
C001689,276619.39,Comparación de Precios,2023-01-05,services,Servicio de transporte,1,276619.39,276619.39,2023-02-12,2023-03-02,1.0,pagado_aproximadamente_completo
C000115,37082.37,Comparación de Precios,2026-02-25,services,Consultoría en ingeniería,2,37082.369999999995,37082.37,2026-03-27,2026-04-22,1.0,pagado_aproximadamente_completo
C002104,434201.27,Contratación Directa,2023-09-25,goods,Adquisición de bienes de oficina,1,230609.06,0.0,2023-10-11,,0.0,pendiente_sin_pago
C003290,202266.47,Comparación de Precios,2025-04-04,services,Servicio de capacitación,2,202266.47,202266.46999999997,2025-05-08,2025-06-10,0.9999999999999999,pagado_aproximadamente_completo
C001941,80310.79,Licitación Pública,2024-08-26,goods,Adquisición de bienes de oficina,1,80310.79,80310.79,2024-09-03,2024-09-22,1.0,pagado_aproximadamente_completo
C700077,281515.94,Licitación Pública,2025-02-04,goods,Adquisición de materiales de construcción,3,281515.94,281515.94,2025-02-11,2025-04-25,1.0,pagado_aproximadamente_completo
C003453,111585.5,Comparación de Precios,2024-01-14,services,Consultoría en ingeniería,1,111585.5,111585.5,2024-02-16,2024-02-20,1.0,pagado_aproximadamente_completo
C002574,67516.46,Concurso Público,2024-01-24,services,Servicio de transporte,1,67516.46,67516.46,2024-02-14,2024-03-05,1.0,pagado_aproximadamente_completo
C900031,339528.58,Contratación Directa,2026-05-28,goods,Adquisición de materiales de construcción,1,230302.28,230302.28,2026-06-30,2026-07-26,0.6783001301392654,pago_parcial
C002981,147558.69,Adjudicación Simplificada,2024-07-06,services,Servicio de mantenimiento de infraestructura,1,147558.69,147558.69,2024-08-17,2024-09-06,1.0,pagado_aproximadamente_completo
C002715,,Comparación de Precios,2023-02-19,works,Obra de rehabilitación vial,1,62185.65,62185.65,2023-03-24,2023-04-11,,sin_pago_o_sin_cuantia
C000672,72078.66,Contratación Directa,2025-06-12,services,Consultoría en ingeniería,1,72078.66,72078.66,2025-07-01,2025-07-14,1.0,pagado_aproximadamente_completo
C003294,66189.08,Contratación Directa,2024-06-20,services,Servicio de limpieza y vigilancia,1,66189.08,66189.08,2024-06-27,2024-07-19,1.0,pagado_aproximadamente_completo
C000091,44632.66,Comparación de Precios,2025-07-08,works,Obra de rehabilitación vial,2,44632.66,44632.66,2025-08-01,2025-10-31,1.0,pagado_aproximadamente_completo
C001109,53062.8,Adjudicación Simplificada,2025-09-09,goods,Adquisición de bienes de oficina,1,53062.8,53062.8,2025-10-01,2025-10-13,1.0,pagado_aproximadamente_completo
C700065,515091.74,Adjudicación Simplificada,2026-04-01,services,Servicio de mantenimiento de infraestructura,2,451973.83999999997,451973.83999999997,2026-04-21,2026-07-02,0.8774627991510793,pago_parcial
C000591,46895.23,Contratación Directa,2025-11-20,services,Servicio de capacitación,1,27098.18,27098.18,2025-12-30,2026-01-24,0.5778451241202996,pago_parcial
C002147,46253.9,Concurso Público,2024-04-24,goods,Adquisición de equipos informáticos,1,46253.9,46253.9,2024-04-30,2024-05-09,1.0,pagado_aproximadamente_completo
C003440,31729.23,Contratación Directa,2024-10-16,goods,Adquisición de bienes de oficina,3,31729.23,31729.23,2024-10-31,2025-01-06,1.0,pagado_aproximadamente_completo
C003293,73574.92,Adjudicación Simplificada,2025-06-29,goods,Adquisición de bienes de oficina,3,73574.92,73574.92,2025-07-10,2025-08-30,1.0,pagado_aproximadamente_completo
C000888,90697.01,Adjudicación Simplificada,2024-11-02,goods,Adquisición de equipos informáticos,3,90697.01,90697.01000000001,2024-11-12,2025-02-03,1.0000000000000002,pagado_aproximadamente_completo
C002345,31708.28,Adjudicación Simplificada,2025-03-06,goods,Adquisición de equipos informáticos,1,31708.28,31708.28,2025-03-16,2025-04-12,1.0,pagado_aproximadamente_completo
C003056,140665.19,,2024-04-25,services,Servicio de capacitación,3,140665.19,140665.19,2024-06-07,2024-07-14,1.0,pagado_aproximadamente_completo
C001576,111942.94,Comparación de Precios,2024-09-07,services,Servicio de capacitación,2,111942.94,111942.94,2024-09-12,2024-11-14,1.0,pagado_aproximadamente_completo
C002405,436378.24,Adjudicación Simplificada,2024-10-06,works,Obra de rehabilitación vial,1,436378.24,436378.24,2024-10-20,2024-11-10,1.0,pagado_aproximadamente_completo
C001714,510297.18,Concurso Público,2025-10-07,goods,Adquisición de bienes de oficina,1,372168.52,372168.52,2025-11-20,2025-12-08,0.7293172186450256,pago_parcial
C000213,47078.08,Adjudicación Simplificada,2025-10-19,services,Consultoría en ingeniería,3,47078.08,47078.08,2025-10-31,2025-12-21,1.0,pagado_aproximadamente_completo
C000778,81552.51,Adjudicación Simplificada,2023-06-14,services,Servicio de limpieza y vigilancia,1,62611.44,62611.44,2023-07-07,2023-07-22,0.7677438744681189,pago_parcial
C002649,69146.82,,2025-04-30,services,Consultoría en ingeniería,2,69146.82,69146.82,2025-05-14,2025-06-10,1.0,pagado_aproximadamente_completo
C001448,94016.86,Comparación de Precios,2026-04-30,goods,Suministro de combustible,2,94016.86,94016.86,2026-05-22,2026-06-05,1.0,pagado_aproximadamente_completo
C002753,13263.42,Comparación de Precios,2024-09-20,works,Obra de rehabilitación vial,2,13263.42,13263.42,2024-10-27,2024-12-03,1.0,pagado_aproximadamente_completo
C000800,64839.66,Comparación de Precios,2023-10-11,services,Consultoría en ingeniería,2,51254.91,51254.91,2023-11-05,2023-12-08,0.7904870259961264,pago_parcial
C003048,218416.77,Contratación Directa,2024-01-29,services,Consultoría en ingeniería,3,218416.77,218416.77000000002,2024-02-26,2024-04-09,1.0000000000000002,pagado_aproximadamente_completo
C002803,7114.23,Contratación Directa,2023-11-20,goods,Suministro de combustible,2,6005.1900000000005,6005.1900000000005,2023-12-09,2024-02-13,0.8441096225452369,pago_parcial
C002513,89047.96,Adjudicación Simplificada,2025-11-11,services,Servicio de mantenimiento de infraestructura,3,89047.96,89047.95999999999,2025-12-15,2026-02-07,0.9999999999999999,pagado_aproximadamente_completo
C001567,32847.06,Comparación de Precios,2023-04-26,services,Servicio de mantenimiento de infraestructura,3,32847.06,32847.06,2023-06-02,2023-07-21,1.0,pagado_aproximadamente_completo
C900011,203542.64,Comparación de Precios,2024-10-07,goods,Adquisición de bienes de oficina,3,203542.63999999998,203542.63999999998,2024-10-23,2024-12-26,0.9999999999999999,pagado_aproximadamente_completo
C003284,60980.33,Concurso Público,2023-07-13,services,Servicio de mantenimiento de infraestructura,1,37966.78,37966.78,2023-08-25,2023-09-22,0.6226069947473226,pago_parcial
C001518,28029.57,Comparación de Precios,2025-09-29,services,Servicio de mantenimiento de infraestructura,3,28029.57,28029.57,2025-10-26,2025-12-20,1.0,pagado_aproximadamente_completo
C002802,10691.63,Comparación de Precios,2024-06-28,works,Obra de rehabilitación vial,2,10691.630000000001,10691.63,2024-07-18,2024-08-27,1.0,pagado_aproximadamente_completo
C003343,152370.28,Concurso Público,2023-08-25,goods,Adquisición de equipos informáticos,2,152370.28,152370.28,2023-09-03,2023-11-09,1.0,pagado_aproximadamente_completo
C001343,143893.81,Licitación Pública,2025-12-07,goods,Adquisición de materiales de construcción,3,143893.81,143893.81,2026-01-06,2026-02-22,1.0,pagado_aproximadamente_completo
C000273,86209.4,Licitación Pública,2024-01-19,services,Servicio de transporte,3,86209.4,86209.4,2024-03-01,2024-04-27,1.0,pagado_aproximadamente_completo
C001812,31650.8,Contratación Directa,2026-01-06,goods,Adquisición de equipos informáticos,1,31650.8,31650.8,2026-02-11,2026-03-09,1.0,pagado_aproximadamente_completo
C000071,94274.46,Adjudicación Simplificada,2024-09-14,services,Servicio de transporte,2,94274.46,94274.46,2024-10-03,2024-11-28,1.0,pagado_aproximadamente_completo
C000720,9085.43,Adjudicación Simplificada,2023-11-18,goods,Adquisición de equipos informáticos,1,9085.43,9085.43,2023-12-23,2023-12-27,1.0,pagado_aproximadamente_completo
C001740,47337.98,Comparación de Precios,2023-01-19,goods,Adquisición de equipos informáticos,2,47337.979999999996,47337.98,2023-01-31,2023-04-12,1.0,pagado_aproximadamente_completo
C001087,172234.1,Comparación de Precios,2026-02-13,services,Servicio de transporte,1,172234.1,172234.1,2026-03-22,2026-06-06,1.0,pagado_aproximadamente_completo
C000394,37427.59,Comparación de Precios,2023-09-08,goods,Suministro de combustible,1,37427.59,37427.59,2023-10-01,2023-10-20,1.0,pagado_aproximadamente_completo
C000583,47327.62,Contratación Directa,2024-03-05,works,Obra de rehabilitación vial,1,16658.67,0.0,2024-03-31,,0.0,pendiente_sin_pago
C700085,551963.59,Licitación Pública,2024-10-21,goods,Adquisición de materiales de construcción,2,551963.5900000001,551963.59,2024-11-01,2024-12-10,1.0,pagado_aproximadamente_completo
C002480,25785.2,Licitación Pública,2025-05-22,services,Servicio de transporte,1,25785.2,25785.2,2025-05-29,2025-06-14,1.0,pagado_aproximadamente_completo
C002487,53104.28,Comparación de Precios,2023-10-29,goods,Adquisición de materiales de construcción,2,53104.28,53104.28,2023-12-10,2024-04-04,1.0,pagado_aproximadamente_completo
C000500,99155.5,Comparación de Precios,2026-02-22,services,Servicio de transporte,2,99155.5,99155.5,2026-03-18,2026-04-04,1.0,pagado_aproximadamente_completo
C002503,131513.17,Contratación Directa,2023-10-06,services,Servicio de mantenimiento de infraestructura,3,131513.16999999998,131513.17,2023-10-23,2023-12-25,1.0,pagado_aproximadamente_completo
C003107,173217.27,Comparación de Precios,2025-08-19,works,Obra de rehabilitación vial,3,173217.27,173217.27,2025-09-13,2025-10-29,1.0,pagado_aproximadamente_completo
C002495,279982.36,Adjudicación Simplificada,2024-12-25,goods,Suministro de combustible,1,279982.36,279982.36,2025-02-03,2025-02-22,1.0,pagado_aproximadamente_completo
C800003,217203.02,Concurso Público Abreviado,2026-03-31,services,Servicio de mantenimiento de infraestructura,2,217203.02000000002,217203.02000000002,2026-04-16,2026-05-24,1.0000000000000002,pagado_aproximadamente_completo
C003382,356028.74,Comparación de Precios,2023-09-14,services,Servicio de limpieza y vigilancia,1,356028.74,356028.74,2023-10-20,2023-11-03,1.0,pagado_aproximadamente_completo
C001967,48871.17,Adjudicación Simplificada,2026-04-18,works,Obra de rehabilitación vial,1,48871.17,48871.17,2026-05-18,2026-05-29,1.0,pagado_aproximadamente_completo
C002428,250479.66,Adjudicación Simplificada,2024-08-04,services,Servicio de limpieza y vigilancia,1,162860.61,162860.61,2024-08-26,2024-09-13,0.6501949499612064,pago_parcial
C002148,46754.21,Licitación Pública,2024-11-28,services,Consultoría en ingeniería,1,29302.34,29302.34,2024-12-21,2025-01-06,0.6267315820329336,pago_parcial
C001763,274019.28,Licitación Pública,2024-09-15,goods,Adquisición de materiales de construcción,3,274019.28,274019.28,2024-10-14,2024-12-11,1.0,pagado_aproximadamente_completo
C003319,241612.75,Adjudicación Simplificada,2023-05-14,services,Servicio de transporte,1,155743.3,155743.3,2023-06-27,2023-07-01,0.6445988467082138,pago_parcial
C001259,140038.16,Comparación de Precios,2024-06-18,goods,Adquisición de materiales de construcción,1,140038.16,140038.16,2024-07-06,2024-09-11,1.0,pagado_aproximadamente_completo
C002629,73273.72,Contratación Directa,2023-06-28,services,Consultoría en ingeniería,1,73273.72,73273.72,2023-07-05,2023-07-25,1.0,pagado_aproximadamente_completo
C002304,53171.23,Adjudicación Simplificada,2023-06-20,goods,Adquisición de materiales de construcción,2,53171.229999999996,53171.23,2023-07-23,2023-08-11,1.0,pagado_aproximadamente_completo
C002334,15206.8,Contratación Directa,2024-01-21,goods,Adquisición de bienes de oficina,3,15206.8,15206.8,2024-02-14,2024-04-16,1.0,pagado_aproximadamente_completo
C000205,993720.1,Adjudicación Simplificada,2026-01-24,goods,Suministro de combustible,2,993720.1000000001,993720.1,2026-02-11,2026-03-17,1.0,pagado_aproximadamente_completo
C000733,35924.16,Contratación Directa,2025-10-08,goods,Adquisición de materiales de construcción,3,35924.16,35924.159999999996,2025-10-21,2025-12-22,0.9999999999999998,pagado_aproximadamente_completo
C001176,31104.39,Adjudicación Simplificada,2025-11-20,goods,Adquisición de equipos informáticos,3,31104.39,31104.39,2025-12-01,2026-02-28,1.0,pagado_aproximadamente_completo
C000526,59739.56,Adjudicación Simplificada,2023-03-01,services,Servicio de capacitación,3,59739.56,59739.56,2023-03-06,2023-05-07,1.0,pagado_aproximadamente_completo
C002898,9223.8,Comparación de Precios,2023-05-29,goods,Suministro de combustible,2,9223.8,9223.8,2023-06-24,2023-07-21,1.0,pagado_aproximadamente_completo
C000915,64809.99,Comparación de Precios,2026-05-31,services,Servicio de transporte,3,64809.99,64809.990000000005,2026-06-24,2026-08-07,1.0000000000000002,pagado_aproximadamente_completo
C000898,61687.33,Comparación de Precios,2025-02-23,services,Servicio de transporte,2,61687.33,61687.33,2025-03-09,2025-04-02,1.0,pagado_aproximadamente_completo
C000377,19588.0,Adjudicación Simplificada,2025-03-23,goods,Suministro de combustible,3,19588.0,19588.0,2025-04-08,2025-06-19,1.0,pagado_aproximadamente_completo
C002678,43864.06,Licitación Pública,2023-07-29,services,Servicio de mantenimiento de infraestructura,2,43864.06,43864.06,2023-08-16,2023-11-22,1.0,pagado_aproximadamente_completo
C001559,125528.03,Comparación de Precios,2024-12-29,services,Servicio de limpieza y vigilancia,2,125528.03,125528.03,2025-02-03,2025-02-23,1.0,pagado_aproximadamente_completo
C003288,190057.13,Licitación Pública,2025-09-02,services,Consultoría en ingeniería,3,190057.13,190057.13,2025-09-12,2025-11-18,1.0,pagado_aproximadamente_completo
C001963,37052.74,Adjudicación Simplificada,2024-12-12,services,Consultoría en ingeniería,2,37052.740000000005,37052.740000000005,2025-01-13,2025-04-23,1.0000000000000002,pagado_aproximadamente_completo
C003307,45295.26,Adjudicación Simplificada,2025-09-13,goods,Adquisición de bienes de oficina,1,45295.26,45295.26,2025-09-18,2025-10-08,1.0,pagado_aproximadamente_completo
C000348,5852.53,Contratación Directa,2026-03-30,goods,Suministro de combustible,1,5852.53,5852.53,2026-04-28,2026-08-07,1.0,pagado_aproximadamente_completo
C000386,32331.82,Contratación Directa,2023-09-08,services,Servicio de mantenimiento de infraestructura,1,32331.82,32331.82,2023-10-12,2023-12-11,1.0,pagado_aproximadamente_completo
C000198,103011.35,Comparación de Precios,2023-11-08,services,Servicio de transporte,2,110740.97,110740.97,2023-11-28,2024-01-10,1.075036585774286,sobrepago_senal_revisar
C900013,238528.87,Contratación Directa,2024-10-16,goods,Adquisición de bienes de oficina,3,238528.87,238528.87,2024-11-07,2025-01-04,1.0,pagado_aproximadamente_completo
C001709,6621.2,Contratación Directa,2024-07-13,works,Obra de rehabilitación vial,2,6621.2,6621.2,2024-07-22,2024-08-26,1.0,pagado_aproximadamente_completo
C001050,13385.0,Comparación de Precios,2023-05-19,services,Servicio de limpieza y vigilancia,2,13803.45,13803.449999999999,2023-06-23,2023-08-18,1.0312626073963391,sobrepago_senal_revisar
C000590,345465.32,Comparación de Precios,2026-01-02,services,Consultoría en ingeniería,2,345465.32,345465.32,2026-02-07,2026-04-20,1.0,pagado_aproximadamente_completo
C000519,,,2024-08-13,goods,Adquisición de materiales de construcción,1,62185.65,62185.65,2024-09-25,2024-10-08,,sin_pago_o_sin_cuantia
C002490,70687.29,Adjudicación Simplificada,2025-01-17,goods,Suministro de combustible,2,70687.29000000001,70687.29000000001,2025-02-17,2025-05-30,1.0000000000000002,pagado_aproximadamente_completo
C001628,25566.98,Adjudicación Simplificada,2025-11-04,services,Servicio de limpieza y vigilancia,1,25566.98,25566.98,2025-11-14,2025-11-26,1.0,pagado_aproximadamente_completo
C002988,260867.86,Licitación Pública,2026-02-24,services,Consultoría en ingeniería,3,260867.86,260867.86,2026-03-27,2026-05-26,1.0,pagado_aproximadamente_completo
C002512,14681.05,Adjudicación Simplificada,2023-02-25,works,Obra de rehabilitación vial,2,14681.05,14681.05,2023-03-16,2023-04-25,1.0,pagado_aproximadamente_completo
C000429,87525.69,Concurso Público,2024-03-11,works,Obra de rehabilitación vial,3,87525.69,87525.69,2024-04-04,2024-05-26,1.0,pagado_aproximadamente_completo
C001083,98761.64,Comparación de Precios,2025-09-24,goods,Adquisición de bienes de oficina,1,64817.89,64817.89,2025-10-03,2025-10-18,0.6563063351317374,pago_parcial
C002183,54619.81,Concurso Público,2025-11-10,services,Servicio de mantenimiento de infraestructura,1,30277.65,30277.65,2025-12-02,2025-12-31,0.5543345903253784,pago_parcial
C002043,71335.5,Comparación de Precios,2023-05-02,goods,Suministro de combustible,1,71335.5,71335.5,2023-05-10,2023-07-04,1.0,pagado_aproximadamente_completo
C000207,14792.72,Contratación Directa,2025-06-26,services,Consultoría en ingeniería,2,14792.720000000001,14792.720000000001,2025-07-17,2025-08-24,1.0000000000000002,pagado_aproximadamente_completo
C000491,953062.62,Comparación de Precios,2023-03-02,services,Servicio de capacitación,1,699725.79,699725.79,2023-04-14,2023-04-24,0.7341865847178017,pago_parcial
C800027,135167.92,Licitación Pública Abreviada,2025-09-09,goods,Adquisición de bienes de oficina,1,140383.01,140383.01,2025-10-09,2025-10-23,1.0385823056239971,sobrepago_senal_revisar
C001809,49179.49,Adjudicación Simplificada,2024-08-25,goods,Adquisición de materiales de construcción,2,49179.49,49179.49,2024-09-11,2024-10-03,1.0,pagado_aproximadamente_completo
C002102,125692.03,Comparación de Precios,2025-10-30,services,Servicio de capacitación,3,125692.03,125692.03,2025-11-25,2026-01-25,1.0,pagado_aproximadamente_completo
C700096,792667.69,Adjudicación Simplificada,2025-05-15,services,Servicio de mantenimiento de infraestructura,3,792667.69,792667.69,2025-05-26,2025-08-13,1.0,pagado_aproximadamente_completo
C000792,45524.61,Comparación de Precios,2025-08-23,services,Servicio de capacitación,2,45524.61,45524.61,2025-10-05,2025-12-06,1.0,pagado_aproximadamente_completo
C003063,39766.59,Adjudicación Simplificada,2026-02-17,goods,Adquisición de equipos informáticos,1,24415.78,24415.78,2026-03-16,2026-04-01,0.6139772105176733,pago_parcial
C002668,209544.33,Contratación Directa,2025-04-03,services,Servicio de mantenimiento de infraestructura,3,209544.33000000002,209544.33000000002,2025-04-17,2025-07-10,1.0000000000000002,pagado_aproximadamente_completo
C001186,34543.84,Concurso Público,2024-08-10,services,Servicio de limpieza y vigilancia,3,34543.84,34543.840000000004,2024-09-04,2024-10-29,1.0000000000000002,pagado_aproximadamente_completo
C001980,53231.5,Licitación Pública,2023-02-26,services,Servicio de transporte,3,53231.5,53231.5,2023-04-09,2023-06-06,1.0,pagado_aproximadamente_completo
C001185,409883.08,Adjudicación Simplificada,2023-07-02,goods,Adquisición de materiales de construcción,1,409883.08,409883.08,2023-07-12,2023-09-27,1.0,pagado_aproximadamente_completo
C001550,127942.19,Comparación de Precios,2026-05-04,works,Obra de rehabilitación vial,3,127942.19,127942.19,2026-05-21,2026-08-07,1.0,pagado_aproximadamente_completo
C002375,15897.07,Concurso Público,2023-07-07,goods,Adquisición de bienes de oficina,2,11354.49,11354.49,2023-07-27,2023-09-13,0.7142504876684823,pago_parcial
C001915,27698.51,Comparación de Precios,2025-10-22,goods,Adquisición de materiales de construcción,1,27698.51,27698.51,2025-11-12,2025-11-25,1.0,pagado_aproximadamente_completo
C002321,64587.41,Adjudicación Simplificada,2025-12-11,goods,Suministro de combustible,1,64587.41,64587.41,2025-12-21,2026-01-03,1.0,pagado_aproximadamente_completo
C002746,27293.6,Adjudicación Simplificada,2025-02-07,services,Servicio de transporte,2,27293.600000000002,27293.600000000002,2025-03-01,2025-03-10,1.0000000000000002,pagado_aproximadamente_completo
C001530,96594.85,Licitación Pública,2023-09-25,works,Obra de rehabilitación vial,2,103581.59,103581.59,2023-10-05,2023-11-12,1.072330357156722,sobrepago_senal_revisar
C001410,252542.74,Concurso Público,2023-04-24,works,Obra de rehabilitación vial,2,252542.74,252542.74,2023-05-22,2023-06-26,1.0,pagado_aproximadamente_completo
C001476,,Adjudicación Simplificada,2024-04-23,services,Consultoría en ingeniería,2,62185.65,62185.65,2024-05-19,2024-07-11,,sin_pago_o_sin_cuantia
C700053,496027.41,Licitación Pública,2025-11-29,services,Servicio de limpieza y vigilancia,2,496027.41,496027.41000000003,2025-12-10,2026-04-15,1.0000000000000002,pagado_aproximadamente_completo
C002935,187997.94,Comparación de Precios,2025-04-19,services,Servicio de transporte,1,187997.94,187997.94,2025-05-24,2025-06-02,1.0,pagado_aproximadamente_completo
C001797,102883.84,Concurso Público,2024-07-10,services,Servicio de mantenimiento de infraestructura,3,102883.84,102883.84,2024-08-21,2024-10-22,1.0,pagado_aproximadamente_completo
C000083,73378.65,Comparación de Precios,2025-05-05,services,Servicio de capacitación,1,73378.65,73378.65,2025-05-23,2025-07-24,1.0,pagado_aproximadamente_completo
C001978,45384.72,Comparación de Precios,2024-03-05,works,Obra de rehabilitación vial,2,45384.72,45384.72,2024-03-21,2024-04-23,1.0,pagado_aproximadamente_completo
C002910,63058.83,Licitación Pública,2025-10-11,goods,Adquisición de materiales de construcción,1,56663.9,56663.9,2025-10-25,2025-11-02,0.8985878742120651,pago_parcial
C001999,173134.56,Comparación de Precios,2025-06-05,services,Servicio de transporte,2,173134.56,173134.56,2025-06-11,2025-08-16,1.0,pagado_aproximadamente_completo
C002740,22176.06,Adjudicación Simplificada,2023-05-08,goods,Suministro de combustible,1,22176.06,22176.06,2023-05-14,2023-06-03,1.0,pagado_aproximadamente_completo
C000020,998574.32,Concurso Público,2023-10-19,services,Servicio de capacitación,2,561746.75,561746.75,2023-11-15,2023-12-11,0.5625487645226046,pago_parcial
C002080,49228.39,Contratación Directa,2023-06-20,goods,Adquisición de materiales de construcción,1,49228.39,49228.39,2023-07-12,2023-07-27,1.0,pagado_aproximadamente_completo
C001627,40276.93,Concurso Público,2023-12-17,goods,Adquisición de bienes de oficina,2,40276.93,40276.93,2024-01-08,2024-03-12,1.0,pagado_aproximadamente_completo
C002571,55472.1,Comparación de Precios,2024-08-28,services,Servicio de mantenimiento de infraestructura,3,55472.1,55472.100000000006,2024-09-05,2024-11-19,1.0000000000000002,pagado_aproximadamente_completo
C900022,,Contratación Directa,2025-03-22,services,Servicio de limpieza y vigilancia,1,29730.68,0.0,2025-04-15,,,sin_pago_o_sin_cuantia
C001405,14087.66,Contratación Directa,2025-05-19,services,Servicio de transporte,1,5928.17,0.0,2025-05-27,,0.0,pendiente_sin_pago
C003245,142620.12,Licitación Pública,2024-01-21,services,Servicio de transporte,3,142620.12,142620.12,2024-03-04,2024-04-18,1.0,pagado_aproximadamente_completo
C001730,,Adjudicación Simplificada,2023-10-04,services,Servicio de mantenimiento de infraestructura,3,62185.649999999994,62185.649999999994,2023-11-04,2023-12-13,,sin_pago_o_sin_cuantia
C001562,13894.87,Licitación Pública,2023-01-08,services,Servicio de limpieza y vigilancia,1,13894.87,13894.87,2023-02-16,2023-03-16,1.0,pagado_aproximadamente_completo
C800018,144231.53,Concurso Público Abreviado,2026-04-27,services,Servicio de transporte,3,144231.53000000003,144231.53,2026-05-22,2026-07-29,1.0,pagado_aproximadamente_completo
C003320,415836.78,Comparación de Precios,2025-05-04,goods,Suministro de combustible,1,415836.78,415836.78,2025-06-18,2025-07-03,1.0,pagado_aproximadamente_completo
C700057,140772.71,Licitación Pública,2026-01-28,services,Servicio de limpieza y vigilancia,2,140772.71,140772.71000000002,2026-02-23,2026-03-30,1.0000000000000002,pagado_aproximadamente_completo
C000973,135682.12,Licitación Pública,2025-05-22,services,Servicio de limpieza y vigilancia,2,135682.12,135682.12,2025-06-18,2025-10-08,1.0,pagado_aproximadamente_completo
C001710,12972.85,Comparación de Precios,2025-07-06,services,Consultoría en ingeniería,2,12972.849999999999,12972.85,2025-07-30,2025-09-22,1.0,pagado_aproximadamente_completo
C002416,7342.82,Concurso Público,2025-06-26,goods,Adquisición de materiales de construcción,1,7342.82,7342.82,2025-07-05,2025-08-01,1.0,pagado_aproximadamente_completo
C001098,184751.1,Comparación de Precios,2023-10-23,works,Obra de rehabilitación vial,1,184751.1,184751.1,2023-12-03,2023-12-03,1.0,pagado_aproximadamente_completo
C000886,142317.68,,2024-08-24,works,Obra de rehabilitación vial,1,110175.24,110175.24,2024-09-01,2024-09-19,0.774150056409014,pago_parcial
C002240,100984.25,Comparación de Precios,2025-03-13,goods,Adquisición de equipos informáticos,1,68974.64,68974.64,2025-04-01,2025-04-15,0.6830237388503653,pago_parcial
C003368,137179.16,Contratación Directa,2023-01-19,goods,Adquisición de materiales de construcción,1,137179.16,137179.16,2023-02-21,2023-06-12,1.0,pagado_aproximadamente_completo
C700059,700263.82,Adjudicación Simplificada,2026-05-02,services,Servicio de limpieza y vigilancia,3,700263.8200000001,700263.8200000001,2026-05-11,2026-07-03,1.0000000000000002,pagado_aproximadamente_completo
C000737,318418.31,Contratación Directa,2024-12-19,goods,Adquisición de bienes de oficina,2,318418.31,318418.31,2025-01-20,2025-02-09,1.0,pagado_aproximadamente_completo
C001453,127109.2,Adjudicación Simplificada,2026-02-04,goods,Adquisición de bienes de oficina,2,99985.39000000001,99985.39,2026-02-13,2026-03-29,0.7866101745585685,pago_parcial
C002915,110196.19,Adjudicación Simplificada,2024-09-21,services,Servicio de transporte,3,110196.19,110196.19,2024-10-04,2024-11-20,1.0,pagado_aproximadamente_completo
C003268,66561.86,Comparación de Precios,2026-02-07,services,Servicio de mantenimiento de infraestructura,2,66561.86,66561.86,2026-02-24,2026-06-14,1.0,pagado_aproximadamente_completo
C000906,40920.04,Contratación Directa,2026-06-07,goods,,3,40920.04,40920.04,2026-07-05,2026-08-07,1.0,pagado_aproximadamente_completo
C002223,32048.19,Concurso Público,2023-06-11,services,Servicio de limpieza y vigilancia,3,32048.190000000002,32048.190000000002,2023-06-16,2023-09-07,1.0000000000000002,pagado_aproximadamente_completo
C002727,47424.38,Concurso Público,2023-09-01,services,Consultoría en ingeniería,3,47424.380000000005,47424.380000000005,2023-09-18,2023-12-02,1.0000000000000002,pagado_aproximadamente_completo
C000947,66180.62,Adjudicación Simplificada,2024-11-24,works,Obra de rehabilitación vial,2,66180.62,66180.62,2024-12-01,2025-03-30,1.0,pagado_aproximadamente_completo
C002318,32946.98,Adjudicación Simplificada,2023-07-12,services,Consultoría en ingeniería,3,32946.979999999996,32946.979999999996,2023-08-17,2023-10-03,0.9999999999999998,pagado_aproximadamente_completo
C002473,7507.85,Comparación de Precios,2024-07-13,services,Servicio de capacitación,1,4492.54,4492.54,2024-08-06,2024-08-21,0.5983790299486537,pago_parcial
C000715,38410.97,Contratación Directa,2026-04-12,services,,1,26378.84,0.0,2026-05-06,,0.0,pendiente_sin_pago
C002462,89310.62,Adjudicación Simplificada,2023-10-09,services,Servicio de limpieza y vigilancia,1,89310.62,89310.62,2023-11-14,2023-11-20,1.0,pagado_aproximadamente_completo
C000686,29376.37,Licitación Pública,2025-10-22,works,Obra de rehabilitación vial,3,29376.370000000003,29376.37,2025-11-13,2026-01-20,1.0,pagado_aproximadamente_completo
C003161,297214.61,Comparación de Precios,2025-02-24,goods,Adquisición de equipos informáticos,2,297214.61,297214.61,2025-03-29,2025-04-13,1.0,pagado_aproximadamente_completo
C003324,177483.66,Comparación de Precios,2024-06-04,goods,Suministro de combustible,3,177483.66,177483.66,2024-06-18,2024-09-09,1.0,pagado_aproximadamente_completo
C900065,448170.34,Contratación Directa,2025-12-27,goods,Adquisición de materiales de construcción,2,448170.34,448170.34,2026-01-28,2026-03-19,1.0,pagado_aproximadamente_completo
C000885,89241.66,Adjudicación Simplificada,2024-08-28,goods,Adquisición de bienes de oficina,2,89241.66,89241.66,2024-09-26,2024-10-17,1.0,pagado_aproximadamente_completo
C000917,163277.4,Comparación de Precios,2023-09-09,goods,Suministro de combustible,1,171346.86,171346.86,2023-10-23,2023-11-09,1.0494217815815292,sobrepago_senal_revisar
C002284,168415.61,Contratación Directa,2023-09-07,services,Servicio de capacitación,1,78640.86,0.0,2023-09-27,,0.0,pendiente_sin_pago
C002340,64138.73,Comparación de Precios,2023-08-29,services,Servicio de transporte,1,64138.73,64138.73,2023-10-12,2023-10-23,1.0,pagado_aproximadamente_completo
C001265,75122.32,Adjudicación Simplificada,2025-03-31,services,Servicio de mantenimiento de infraestructura,1,75122.32,75122.32,2025-05-10,2025-05-24,1.0,pagado_aproximadamente_completo
C000483,36672.33,Licitación Pública,2024-11-25,goods,Adquisición de bienes de oficina,1,28994.26,28994.26,2024-12-14,2024-12-20,0.790630428991013,pago_parcial
C003263,33618.47,,2024-07-31,services,Servicio de mantenimiento de infraestructura,3,33618.47,33618.47,2024-08-28,2024-10-24,1.0,pagado_aproximadamente_completo
C900042,349804.6,Contratación Directa,2024-02-11,goods,Adquisición de bienes de oficina,2,349804.6,349804.6,2024-02-28,2024-04-11,1.0,pagado_aproximadamente_completo
C000277,95055.15,Licitación Pública,2025-02-20,goods,Suministro de combustible,3,95055.15,95055.15,2025-03-29,2025-05-06,1.0,pagado_aproximadamente_completo
C000988,29701.69,Licitación Pública,2023-10-05,goods,Suministro de combustible,3,29701.69,29701.69,2023-10-19,2024-01-05,1.0,pagado_aproximadamente_completo
C001245,96055.66,Comparación de Precios,2025-08-27,goods,Adquisición de materiales de construcción,3,96055.66,96055.66,2025-10-04,2025-11-29,1.0,pagado_aproximadamente_completo
C000571,68952.22,Concurso Público,2025-09-25,services,Servicio de transporte,2,68952.22,68952.22,2025-11-01,2025-12-06,1.0,pagado_aproximadamente_completo
C001435,70802.63,Licitación Pública,2024-09-28,services,Servicio de transporte,2,70802.63,70802.63,2024-10-31,2024-11-30,1.0,pagado_aproximadamente_completo
C000993,169270.55,Adjudicación Simplificada,2025-03-06,services,Servicio de mantenimiento de infraestructura,2,122804.94,122804.94,2025-03-13,2025-05-10,0.7254950137516538,pago_parcial
C002099,43474.18,Contratación Directa,2023-12-01,works,Obra de rehabilitación vial,3,43474.18,43474.18,2023-12-21,2024-02-04,1.0,pagado_aproximadamente_completo
C002095,39749.96,Licitación Pública,2023-03-29,services,Servicio de mantenimiento de infraestructura,1,39749.96,39749.96,2023-05-02,2023-05-27,1.0,pagado_aproximadamente_completo
C000585,170425.28,Comparación de Precios,2026-02-26,services,Consultoría en ingeniería,1,170425.28,170425.28,2026-03-18,2026-04-04,1.0,pagado_aproximadamente_completo
C001349,15801.41,Adjudicación Simplificada,2024-07-10,services,Servicio de limpieza y vigilancia,1,15801.41,15801.41,2024-08-14,2024-08-21,1.0,pagado_aproximadamente_completo
C001007,42062.15,Comparación de Precios,2025-07-16,goods,Adquisición de materiales de construcción,1,42062.15,42062.15,2025-08-03,2025-08-23,1.0,pagado_aproximadamente_completo
C000674,116823.28,Contratación Directa,2026-03-15,services,Servicio de limpieza y vigilancia,2,116823.28,116823.28,2026-04-10,2026-04-25,1.0,pagado_aproximadamente_completo
C000447,894468.63,Comparación de Precios,2023-12-03,services,Servicio de limpieza y vigilancia,1,894468.63,894468.63,2024-01-02,2024-01-07,1.0,pagado_aproximadamente_completo
C002111,273284.57,Comparación de Precios,2025-09-28,goods,Adquisición de materiales de construcción,1,273284.57,273284.57,2025-11-07,2025-11-18,1.0,pagado_aproximadamente_completo
C003035,39052.36,Contratación Directa,2025-01-05,goods,Adquisición de materiales de construcción,3,39052.36,39052.36,2025-02-17,2025-03-15,1.0,pagado_aproximadamente_completo
C002064,77401.29,,2026-01-02,works,Obra de rehabilitación vial,1,77401.29,77401.29,2026-01-19,2026-01-27,1.0,pagado_aproximadamente_completo
C002932,73141.83,Adjudicación Simplificada,2026-05-19,goods,Suministro de combustible,2,73141.83,73141.83,2026-05-30,2026-07-22,1.0,pagado_aproximadamente_completo
C002320,46188.53,Comparación de Precios,2024-12-09,goods,Adquisición de bienes de oficina,3,46188.53,46188.53,2024-12-19,2025-03-12,1.0,pagado_aproximadamente_completo
C001690,26693.56,Comparación de Precios,2024-01-03,services,Servicio de transporte,1,26693.56,26693.56,2024-01-30,2024-02-09,1.0,pagado_aproximadamente_completo
C003058,330368.24,Adjudicación Simplificada,2024-10-30,goods,,2,224830.4,224830.4,2024-11-17,2025-01-10,0.6805448368765714,pago_parcial
C001247,158758.2,Comparación de Precios,2026-03-08,works,Obra de rehabilitación vial,1,84742.91,0.0,2026-04-06,,0.0,pendiente_sin_pago
C001985,35408.0,Adjudicación Simplificada,2024-02-08,services,Servicio de transporte,2,26473.309999999998,26473.31,2024-03-10,2024-04-18,0.7476646520560326,pago_parcial
C000294,14369.51,Adjudicación Simplificada,2025-07-28,services,Servicio de limpieza y vigilancia,3,14369.509999999998,14369.51,2025-09-10,2025-10-20,1.0,pagado_aproximadamente_completo
C001547,72390.94,Licitación Pública,2024-12-20,services,Servicio de capacitación,1,72390.94,72390.94,2024-12-29,2025-01-11,1.0,pagado_aproximadamente_completo
C002012,82675.32,,2025-07-31,goods,Adquisición de bienes de oficina,1,82675.32,82675.32,2025-08-14,2025-08-28,1.0,pagado_aproximadamente_completo
C000588,143196.84,Contratación Directa,2024-01-03,services,Servicio de mantenimiento de infraestructura,2,147792.45,147792.45,2024-02-09,2024-03-10,1.0320929567998849,sobrepago_senal_revisar
C002840,144084.02,Comparación de Precios,2024-05-21,goods,Adquisición de equipos informáticos,2,144084.02,144084.02000000002,2024-06-16,2024-07-16,1.0000000000000002,pagado_aproximadamente_completo
C000425,115895.31,Comparación de Precios,2023-12-06,goods,Adquisición de equipos informáticos,2,115895.31,115895.31,2024-01-06,2024-02-01,1.0,pagado_aproximadamente_completo
C001054,12623.1,Comparación de Precios,2023-08-18,works,Obra de rehabilitación vial,3,12623.099999999999,12623.099999999999,2023-09-28,2023-11-05,0.9999999999999999,pagado_aproximadamente_completo
C003079,16154.91,Comparación de Precios,2025-06-23,services,Consultoría en ingeniería,1,16154.91,16154.91,2025-08-04,2025-09-01,1.0,pagado_aproximadamente_completo
C000556,30195.37,Comparación de Precios,2025-04-14,goods,Adquisición de equipos informáticos,1,30195.37,30195.37,2025-05-28,2025-08-12,1.0,pagado_aproximadamente_completo
C003140,246862.98,Adjudicación Simplificada,2023-01-18,services,Servicio de transporte,3,246862.97999999998,246862.98,2023-02-03,2023-04-19,1.0,pagado_aproximadamente_completo
C003282,670276.88,Contratación Directa,2023-06-11,services,Consultoría en ingeniería,1,326220.2,0.0,2023-07-18,,0.0,pendiente_sin_pago
C003279,135618.82,Adjudicación Simplificada,2024-06-13,services,Servicio de limpieza y vigilancia,2,118367.06,118367.06,2024-07-12,2024-08-05,0.8727922864982898,pago_parcial
C002509,316457.06,Contratación Directa,2026-01-16,services,Servicio de transporte,3,316457.06,316457.06,2026-01-30,2026-04-09,1.0,pagado_aproximadamente_completo
C001193,79802.54,Contratación Directa,2024-07-01,services,Consultoría en ingeniería,3,79802.54000000001,79802.54000000001,2024-07-27,2024-10-08,1.0000000000000002,pagado_aproximadamente_completo
C001716,48779.12,Adjudicación Simplificada,2025-08-10,services,Servicio de transporte,1,48779.12,48779.12,2025-09-17,2025-09-29,1.0,pagado_aproximadamente_completo
C002516,46914.27,Comparación de Precios,2023-11-26,goods,Adquisición de bienes de oficina,1,46914.27,46914.27,2024-01-08,2024-04-16,1.0,pagado_aproximadamente_completo
C003339,281863.8,Concurso Público,2025-12-20,goods,Adquisición de equipos informáticos,2,247280.47,247280.47000000003,2026-01-11,2026-02-11,0.8773048188522259,pago_parcial
C002279,19062.9,Licitación Pública,2023-01-25,works,Obra de rehabilitación vial,3,19062.9,19062.9,2023-03-02,2023-04-14,1.0,pagado_aproximadamente_completo
C001285,22173.94,Comparación de Precios,2025-12-25,services,Consultoría en ingeniería,2,22173.940000000002,22173.940000000002,2026-01-25,2026-02-15,1.0000000000000002,pagado_aproximadamente_completo
C003208,153496.15,Comparación de Precios,2025-04-01,works,Obra de rehabilitación vial,1,114487.88,0.0,2025-05-10,,0.0,pendiente_sin_pago
C003093,66184.93,Comparación de Precios,2026-06-03,goods,Adquisición de equipos informáticos,2,66184.93,66184.93000000001,2026-06-20,2026-08-07,1.0000000000000002,pagado_aproximadamente_completo
C003008,47798.42,Adjudicación Simplificada,2026-02-13,services,Servicio de capacitación,1,47798.42,47798.42,2026-03-10,2026-03-28,1.0,pagado_aproximadamente_completo
C002087,56049.37,,2024-04-05,services,Servicio de transporte,3,56049.37,56049.37,2024-05-03,2024-06-02,1.0,pagado_aproximadamente_completo
C001889,64822.23,Adjudicación Simplificada,2025-08-07,works,Obra de rehabilitación vial,3,64822.229999999996,64822.229999999996,2025-09-06,2025-10-29,0.9999999999999999,pagado_aproximadamente_completo
C001591,34955.45,Licitación Pública,2025-09-12,services,Servicio de capacitación,3,34955.45,34955.45,2025-09-19,2025-11-18,1.0,pagado_aproximadamente_completo
C003267,27367.25,Adjudicación Simplificada,2023-02-24,services,Servicio de transporte,3,27367.25,27367.25,2023-03-25,2023-05-22,1.0,pagado_aproximadamente_completo
C002618,115956.58,Adjudicación Simplificada,2025-11-26,goods,Adquisición de equipos informáticos,3,115956.57999999999,115956.58,2025-12-10,2026-02-20,1.0,pagado_aproximadamente_completo
C002985,444836.69,Comparación de Precios,2023-06-08,services,Consultoría en ingeniería,3,444836.69,444836.68999999994,2023-06-27,2023-08-19,0.9999999999999999,pagado_aproximadamente_completo
C001137,55086.91,Comparación de Precios,2025-11-18,works,Obra de rehabilitación vial,1,55086.91,55086.91,2025-12-15,2025-12-30,1.0,pagado_aproximadamente_completo
C002366,98636.89,Comparación de Precios,2026-05-18,goods,Adquisición de equipos informáticos,1,98636.89,98636.89,2026-05-27,2026-06-06,1.0,pagado_aproximadamente_completo
C800007,180349.38,Adjudicación Simplificada,2024-10-28,services,Consultoría en ingeniería,2,111955.72,111955.72,2024-11-12,2024-12-26,0.6207713051189863,pago_parcial
C700004,366534.54,Adjudicación Simplificada,2026-06-23,services,Servicio de capacitación,1,366534.54,366534.54,2026-08-04,2026-08-07,1.0,pagado_aproximadamente_completo
C001711,34562.09,Licitación Pública,2025-05-12,services,Servicio de transporte,1,34562.09,34562.09,2025-06-04,2025-06-19,1.0,pagado_aproximadamente_completo
C003143,112191.83,Concurso Público,2024-08-21,services,Consultoría en ingeniería,1,78413.82,78413.82,2024-09-21,2024-10-06,0.6989262943656415,pago_parcial
C000453,10837.57,Licitación Pública,2023-04-22,goods,Adquisición de materiales de construcción,2,10837.57,10837.57,2023-06-03,2023-06-30,1.0,pagado_aproximadamente_completo
C000913,28390.37,Adjudicación Simplificada,2026-06-27,goods,Adquisición de bienes de oficina,1,22438.23,0.0,2026-07-15,,0.0,pendiente_sin_pago
C002813,80490.25,Comparación de Precios,2023-06-10,services,Servicio de capacitación,1,85047.74,85047.74,2023-06-28,2023-07-25,1.0566216405092543,sobrepago_senal_revisar
C001199,156140.46,Contratación Directa,2025-03-04,goods,Adquisición de bienes de oficina,2,156140.46,156140.46,2025-04-12,2025-04-29,1.0,pagado_aproximadamente_completo
C001274,9713.21,Comparación de Precios,2023-10-13,services,Consultoría en ingeniería,2,9713.21,9713.21,2023-11-15,2023-12-17,1.0,pagado_aproximadamente_completo
C000037,108110.2,Comparación de Precios,2025-02-04,services,,3,108110.2,108110.20000000001,2025-02-14,2025-04-15,1.0000000000000002,pagado_aproximadamente_completo
C000974,57690.01,Comparación de Precios,2023-12-17,services,Servicio de mantenimiento de infraestructura,2,36797.03,36797.03,2024-01-28,2024-03-13,0.6378405897312203,pago_parcial
C000983,92139.08,Adjudicación Simplificada,2025-09-08,works,Obra de rehabilitación vial,3,92139.08,92139.08,2025-09-22,2025-11-16,1.0,pagado_aproximadamente_completo
C002475,390173.34,Concurso Público,2024-08-13,goods,Suministro de combustible,2,390173.33999999997,390173.34,2024-09-14,2024-10-04,1.0,pagado_aproximadamente_completo
C001418,42343.23,Licitación Pública,2024-06-25,goods,Adquisición de bienes de oficina,1,42343.23,42343.23,2024-07-13,2024-10-17,1.0,pagado_aproximadamente_completo
C001560,83843.5,Concurso Público,2024-08-14,goods,Adquisición de equipos informáticos,2,55628.75,55628.75,2024-09-12,2024-10-02,0.6634831561182442,pago_parcial
C000039,75689.97,Comparación de Precios,2024-03-01,services,Consultoría en ingeniería,2,58135.15,58135.15,2024-03-10,2024-05-12,0.7680694020621226,pago_parcial
C001486,134828.53,Concurso Público,2024-05-26,goods,Adquisición de materiales de construcción,2,134828.53,134828.53,2024-06-11,2024-08-06,1.0,pagado_aproximadamente_completo
C002687,12181.61,Licitación Pública,2025-04-14,services,Consultoría en ingeniería,3,12181.61,12181.61,2025-04-29,2025-07-12,1.0,pagado_aproximadamente_completo
C000169,25159.6,Concurso Público,2023-04-05,services,Consultoría en ingeniería,2,15301.46,15301.46,2023-04-11,2023-06-08,0.6081758056566877,pago_parcial
C001355,25775.71,Comparación de Precios,2024-03-28,services,Servicio de capacitación,3,25775.71,25775.71,2024-04-09,2024-06-02,1.0,pagado_aproximadamente_completo
C002211,64461.66,Adjudicación Simplificada,2024-07-06,services,Consultoría en ingeniería,1,64461.66,64461.66,2024-07-11,2024-09-17,1.0,pagado_aproximadamente_completo
C003328,131699.58,Licitación Pública,2026-01-27,services,Servicio de limpieza y vigilancia,1,66479.39,0.0,2026-03-06,,0.0,pendiente_sin_pago
C002431,17400.59,Adjudicación Simplificada,2024-04-27,services,Consultoría en ingeniería,3,17400.59,17400.59,2024-05-06,2024-06-27,1.0,pagado_aproximadamente_completo
C002442,264595.24,Adjudicación Simplificada,2024-11-30,works,Obra de rehabilitación vial,1,264595.24,264595.24,2024-12-14,2025-03-07,1.0,pagado_aproximadamente_completo
C001640,,Concurso Público,2023-08-30,goods,Suministro de combustible,3,62185.649999999994,62185.65,2023-09-23,2023-10-24,,sin_pago_o_sin_cuantia
C001290,39612.11,Adjudicación Simplificada,2024-11-04,services,Servicio de limpieza y vigilancia,1,39612.11,39612.11,2024-11-22,2024-11-29,1.0,pagado_aproximadamente_completo
C001380,49357.22,Contratación Directa,2024-03-20,goods,Adquisición de equipos informáticos,2,41338.22,41338.22,2024-04-05,2024-05-15,0.8375313682577746,pago_parcial
C001933,128970.93,Licitación Pública,2024-12-01,goods,Adquisición de materiales de construcción,3,128970.93,128970.93,2024-12-30,2025-02-04,1.0,pagado_aproximadamente_completo
C000579,20210.66,Licitación Pública,2023-04-29,services,Consultoría en ingeniería,2,13930.42,13930.420000000002,2023-06-02,2023-06-24,0.6892610137422529,pago_parcial
C002030,16374.68,Comparación de Precios,2023-05-25,goods,Adquisición de equipos informáticos,1,16374.68,16374.68,2023-07-08,2023-07-17,1.0,pagado_aproximadamente_completo
C000892,64722.02,Comparación de Precios,2025-05-16,services,Servicio de capacitación,1,64722.02,64722.02,2025-05-21,2025-06-08,1.0,pagado_aproximadamente_completo
C000780,362576.44,Adjudicación Simplificada,2024-01-16,goods,Adquisición de materiales de construcción,2,362576.44,362576.44,2024-02-01,2024-05-20,1.0,pagado_aproximadamente_completo
C000159,53991.39,Adjudicación Simplificada,2023-11-19,services,Servicio de mantenimiento de infraestructura,1,30114.09,30114.09,2023-11-26,2023-12-02,0.5577572646305272,pago_parcial
C000002,50846.02,Adjudicación Simplificada,2026-05-25,goods,Suministro de combustible,2,50846.020000000004,50846.020000000004,2026-05-31,2026-08-07,1.0000000000000002,pagado_aproximadamente_completo
C003205,149817.16,Adjudicación Simplificada,2025-03-19,services,Servicio de mantenimiento de infraestructura,2,149817.16,149817.16,2025-03-29,2025-06-09,1.0,pagado_aproximadamente_completo
C000849,20819.67,Adjudicación Simplificada,2024-07-08,services,Servicio de capacitación,2,20819.67,20819.67,2024-08-08,2024-08-24,1.0,pagado_aproximadamente_completo
C002225,15925.02,Adjudicación Simplificada,2024-02-14,goods,Adquisición de materiales de construcción,1,15925.02,15925.02,2024-02-22,2024-03-02,1.0,pagado_aproximadamente_completo
C001596,200629.54,Adjudicación Simplificada,2023-12-20,services,Servicio de limpieza y vigilancia,1,200629.54,200629.54,2024-01-27,2024-02-17,1.0,pagado_aproximadamente_completo
C001776,54735.01,Comparación de Precios,2023-03-26,goods,Suministro de combustible,1,32148.44,32148.44,2023-04-05,2023-04-19,0.5873469284101711,pago_parcial
C001913,82910.65,Contratación Directa,2025-07-22,works,Obra de rehabilitación vial,2,82910.65,82910.65,2025-08-18,2025-09-17,1.0,pagado_aproximadamente_completo
C001043,147240.98,Licitación Pública,2023-06-09,goods,Adquisición de bienes de oficina,1,109871.19,0.0,2023-07-16,,0.0,pendiente_sin_pago
C001544,243764.06,Adjudicación Simplificada,2023-12-03,goods,Suministro de combustible,2,243764.06,243764.06,2023-12-20,2024-02-12,1.0,pagado_aproximadamente_completo
C003367,356417.06,Contratación Directa,2026-03-10,goods,Suministro de combustible,2,356417.06000000006,356417.06,2026-03-18,2026-05-01,1.0,pagado_aproximadamente_completo
C000053,177942.81,Comparación de Precios,2025-11-12,services,Servicio de transporte,2,177942.81,177942.81,2025-12-07,2026-01-07,1.0,pagado_aproximadamente_completo
C700071,662661.97,Licitación Pública,2024-06-30,services,Servicio de mantenimiento de infraestructura,2,662661.97,662661.97,2024-08-01,2024-08-20,1.0,pagado_aproximadamente_completo
C001911,711704.55,Adjudicación Simplificada,2026-05-09,services,Consultoría en ingeniería,1,603085.04,603085.04,2026-06-22,2026-07-01,0.8473811780464239,pago_parcial
C002486,28501.13,Adjudicación Simplificada,2024-12-04,services,Servicio de mantenimiento de infraestructura,2,28501.13,28501.129999999997,2024-12-18,2025-02-09,0.9999999999999999,pagado_aproximadamente_completo
C000824,371342.1,Licitación Pública,2025-01-12,services,Servicio de limpieza y vigilancia,2,386887.72,386887.72,2025-02-01,2025-03-22,1.041863338414901,sobrepago_senal_revisar
C003311,32559.74,Comparación de Precios,2025-06-29,goods,Suministro de combustible,1,32559.74,32559.74,2025-08-12,2025-08-27,1.0,pagado_aproximadamente_completo
C001389,186433.49,Concurso Público,2023-05-17,services,Servicio de capacitación,2,186433.49,186433.49,2023-06-10,2023-10-06,1.0,pagado_aproximadamente_completo
C003031,56835.29,Adjudicación Simplificada,2024-05-04,works,Obra de rehabilitación vial,2,56835.28999999999,56835.28999999999,2024-06-04,2024-06-30,0.9999999999999999,pagado_aproximadamente_completo
C002591,71146.48,Licitación Pública,2023-07-29,goods,Adquisición de equipos informáticos,2,58353.75,58353.75,2023-08-03,2023-10-11,0.8201916665448523,pago_parcial
C001607,125360.13,Adjudicación Simplificada,2026-05-06,goods,Adquisición de bienes de oficina,2,125360.13,125360.13,2026-05-25,2026-08-07,1.0,pagado_aproximadamente_completo
C001594,148607.15,Licitación Pública,2024-02-22,goods,Adquisición de bienes de oficina,3,148607.15,148607.15,2024-03-25,2024-05-17,1.0,pagado_aproximadamente_completo
C000771,10893.27,Comparación de Precios,2023-12-02,services,,1,10893.27,10893.27,2023-12-23,2023-12-26,1.0,pagado_aproximadamente_completo
C001868,269197.72,Adjudicación Simplificada,2025-12-14,services,Servicio de capacitación,1,113858.39,0.0,2025-12-29,,0.0,pendiente_sin_pago
C001085,42724.32,,2023-08-12,services,Servicio de transporte,2,42724.32000000001,42724.32,2023-09-10,2023-10-18,1.0,pagado_aproximadamente_completo
C003083,37864.61,Adjudicación Simplificada,2024-12-21,services,Consultoría en ingeniería,2,37864.61,37864.61,2025-01-20,2025-02-16,1.0,pagado_aproximadamente_completo
C001325,67578.01,Adjudicación Simplificada,2023-04-19,goods,Suministro de combustible,2,47544.42,47544.42,2023-05-19,2023-07-12,0.7035486839579916,pago_parcial
C001463,192926.85,Comparación de Precios,2025-12-25,services,Servicio de capacitación,3,192926.85,192926.85,2026-01-12,2026-03-30,1.0,pagado_aproximadamente_completo
C000806,50082.56,Licitación Pública,2023-05-09,services,,1,50082.56,50082.56,2023-05-26,2023-08-17,1.0,pagado_aproximadamente_completo
C002274,29034.54,Adjudicación Simplificada,2025-11-23,works,Obra de rehabilitación vial,3,29034.539999999997,29034.54,2025-12-04,2026-02-07,1.0,pagado_aproximadamente_completo
C002757,38093.33,Licitación Pública,2026-05-09,services,Servicio de mantenimiento de infraestructura,2,38093.33,38093.33,2026-05-15,2026-08-07,1.0,pagado_aproximadamente_completo
C002108,68267.94,Contratación Directa,2026-04-18,services,Consultoría en ingeniería,2,68267.94,68267.94,2026-05-22,2026-06-18,1.0,pagado_aproximadamente_completo
C002630,16126.31,Comparación de Precios,2025-08-25,works,Obra de rehabilitación vial,1,16126.31,16126.31,2025-09-07,2025-11-16,1.0,pagado_aproximadamente_completo
C900030,456629.65,Contratación Directa,2024-06-05,goods,Adquisición de materiales de construcción,3,456629.65,456629.65,2024-07-06,2024-09-05,1.0,pagado_aproximadamente_completo
C000963,20426.33,Adjudicación Simplificada,2023-01-31,services,Servicio de mantenimiento de infraestructura,1,20426.33,20426.33,2023-02-07,2023-02-23,1.0,pagado_aproximadamente_completo
C000398,33419.17,Adjudicación Simplificada,2023-06-16,goods,Adquisición de equipos informáticos,2,33419.17,33419.17,2023-07-07,2023-08-21,1.0,pagado_aproximadamente_completo
C003472,189454.36,Licitación Pública,2025-03-15,services,Consultoría en ingeniería,1,116439.06,116439.06,2025-04-28,2025-05-18,0.6146021659253448,pago_parcial
C000704,,Adjudicación Simplificada,2024-03-24,goods,Adquisición de equipos informáticos,2,62185.64,62185.65,2024-04-22,2024-06-21,,sin_pago_o_sin_cuantia
C000431,8285.41,Licitación Pública,2023-02-20,works,Obra de rehabilitación vial,1,8285.41,8285.41,2023-03-23,2023-04-15,1.0,pagado_aproximadamente_completo
C000292,85589.63,Adjudicación Simplificada,2025-03-16,services,Servicio de transporte,3,85589.63,85589.63,2025-04-04,2025-05-20,1.0,pagado_aproximadamente_completo
C700000,102613.93,Concurso Público,2026-05-02,services,,1,102613.93,102613.93,2026-05-25,2026-06-18,1.0,pagado_aproximadamente_completo
C000145,78684.7,Contratación Directa,2024-04-03,services,Servicio de transporte,3,78684.7,78684.70000000001,2024-04-29,2024-06-01,1.0000000000000002,pagado_aproximadamente_completo
C002033,171255.64,Licitación Pública,2023-08-17,works,Obra de rehabilitación vial,3,171255.63999999998,171255.64,2023-09-01,2023-11-04,1.0,pagado_aproximadamente_completo
C002600,106946.52,Comparación de Precios,2025-06-15,services,Servicio de transporte,3,106946.52,106946.52,2025-07-16,2025-09-10,1.0,pagado_aproximadamente_completo
C001165,108045.87,Contratación Directa,2024-02-20,services,Servicio de limpieza y vigilancia,3,108045.87,108045.87,2024-03-18,2024-05-14,1.0,pagado_aproximadamente_completo
C002050,9396.15,Adjudicación Simplificada,2024-10-08,goods,Adquisición de bienes de oficina,1,9396.15,9396.15,2024-10-27,2024-11-15,1.0,pagado_aproximadamente_completo
C002829,332260.39,Concurso Público,2026-01-17,goods,Suministro de combustible,1,253327.9,253327.9,2026-03-01,2026-03-13,0.7624378578499832,pago_parcial
C000339,197084.85,Adjudicación Simplificada,2023-10-11,services,Servicio de limpieza y vigilancia,2,197084.85,197084.85,2023-11-13,2023-11-25,1.0,pagado_aproximadamente_completo
C002238,,Comparación de Precios,2023-10-07,services,Servicio de limpieza y vigilancia,1,62185.65,62185.65,2023-10-13,2023-10-24,,sin_pago_o_sin_cuantia
C000265,48348.74,Comparación de Precios,2024-04-04,goods,Adquisición de bienes de oficina,2,48348.740000000005,48348.74,2024-05-13,2024-06-06,1.0,pagado_aproximadamente_completo
C002880,120996.73,Licitación Pública,2023-11-07,works,Obra de rehabilitación vial,2,82692.19,82692.19,2023-12-02,2023-12-25,0.6834249983449966,pago_parcial
C001771,107309.03,Adjudicación Simplificada,2024-01-13,services,Servicio de limpieza y vigilancia,1,107309.03,107309.03,2024-01-22,2024-02-01,1.0,pagado_aproximadamente_completo
C000271,19399.68,Adjudicación Simplificada,2023-09-13,services,Servicio de limpieza y vigilancia,1,8391.57,0.0,2023-10-11,,0.0,pendiente_sin_pago
C000696,23990.75,Comparación de Precios,2023-02-03,services,Servicio de transporte,2,23990.75,23990.75,2023-02-08,2023-03-30,1.0,pagado_aproximadamente_completo
C900063,439620.58,Comparación de Precios,2024-11-24,works,Obra de rehabilitación vial,3,439620.58,439620.58,2024-12-20,2025-01-25,1.0,pagado_aproximadamente_completo
C000244,50434.74,Comparación de Precios,2026-03-28,services,Servicio de transporte,1,32871.38,32871.38,2026-04-20,2026-05-05,0.6517606713150499,pago_parcial
C003477,19014.19,Contratación Directa,2024-02-16,services,Consultoría en ingeniería,1,9122.34,0.0,2024-03-20,,0.0,pendiente_sin_pago
C000476,37968.75,Adjudicación Simplificada,2025-12-11,services,Servicio de mantenimiento de infraestructura,3,37968.75,37968.75,2026-01-09,2026-02-26,1.0,pagado_aproximadamente_completo
C002032,113455.13,Comparación de Precios,2023-03-24,services,Servicio de limpieza y vigilancia,2,65699.12,65699.12,2023-04-08,2023-05-27,0.5790757985117111,pago_parcial
C003144,51174.55,Contratación Directa,2025-01-17,services,Servicio de capacitación,1,51174.55,51174.55,2025-01-27,2025-02-16,1.0,pagado_aproximadamente_completo
C002682,25770.94,Adjudicación Simplificada,2023-08-10,goods,Adquisición de equipos informáticos,2,25770.94,25770.940000000002,2023-09-17,2023-10-15,1.0000000000000002,pagado_aproximadamente_completo
C000813,280533.8,Licitación Pública,2024-11-17,goods,Adquisición de equipos informáticos,2,280533.8,280533.8,2024-11-23,2025-01-15,1.0,pagado_aproximadamente_completo
C001914,25105.04,Contratación Directa,2024-05-27,services,,2,20778.19,20778.190000000002,2024-06-05,2024-07-03,0.8276501451501372,pago_parcial
C003123,49012.55,Adjudicación Simplificada,2023-06-24,works,Obra de rehabilitación vial,1,49012.55,49012.55,2023-07-20,2023-07-29,1.0,pagado_aproximadamente_completo
C900036,392135.02,Contratación Directa,2024-06-29,goods,Adquisición de materiales de construcción,2,392135.01999999996,392135.02,2024-07-26,2024-09-11,1.0,pagado_aproximadamente_completo
C001804,214694.99,Adjudicación Simplificada,2025-08-27,works,,1,170325.63,170325.63,2025-09-21,2025-09-26,0.793337702011584,pago_parcial
C002673,14131.81,Licitación Pública,2023-02-10,services,Consultoría en ingeniería,3,14131.810000000001,14131.810000000001,2023-03-18,2023-05-07,1.0000000000000002,pagado_aproximadamente_completo
C000250,32093.2,Comparación de Precios,2026-06-03,goods,,1,14239.05,0.0,2026-07-17,,0.0,pendiente_sin_pago
C000545,113542.92,Concurso Público,2025-01-21,services,Servicio de limpieza y vigilancia,2,113542.92000000001,113542.92000000001,2025-02-22,2025-03-22,1.0000000000000002,pagado_aproximadamente_completo
C000738,57506.75,Adjudicación Simplificada,2026-05-05,services,,1,57506.75,57506.75,2026-06-16,2026-07-09,1.0,pagado_aproximadamente_completo
C000310,23617.31,Comparación de Precios,2025-05-02,services,Consultoría en ingeniería,2,23617.31,23617.31,2025-06-03,2025-06-20,1.0,pagado_aproximadamente_completo
C001131,35937.7,Adjudicación Simplificada,2025-04-13,goods,Suministro de combustible,2,35937.7,35937.7,2025-04-23,2025-06-27,1.0,pagado_aproximadamente_completo
C001449,127791.62,Adjudicación Simplificada,2025-12-13,goods,Adquisición de bienes de oficina,1,127791.62,127791.62,2026-01-22,2026-02-03,1.0,pagado_aproximadamente_completo
C700091,505389.79,Licitación Pública,2025-08-10,services,Servicio de capacitación,3,505389.79,505389.79,2025-08-27,2025-11-02,1.0,pagado_aproximadamente_completo
C000015,337289.75,Licitación Pública,2025-01-28,services,Servicio de transporte,2,337289.75,337289.75,2025-02-04,2025-03-27,1.0,pagado_aproximadamente_completo
C003246,38229.56,Comparación de Precios,2025-04-27,services,Servicio de transporte,1,25544.3,25544.3,2025-06-04,2025-06-13,0.6681818990331042,pago_parcial
C002594,377848.94,Licitación Pública,2023-02-02,goods,Adquisición de equipos informáticos,3,377848.94,377848.94,2023-03-12,2023-04-08,1.0,pagado_aproximadamente_completo
C002974,65173.51,Contratación Directa,2024-08-02,services,Consultoría en ingeniería,2,65173.509999999995,65173.51,2024-08-25,2024-09-14,1.0,pagado_aproximadamente_completo
C000363,38124.62,Comparación de Precios,2023-02-17,services,Consultoría en ingeniería,3,38124.619999999995,38124.619999999995,2023-03-05,2023-04-16,0.9999999999999998,pagado_aproximadamente_completo
C000182,93322.14,Adjudicación Simplificada,2025-04-22,goods,Adquisición de materiales de construcción,1,93322.14,93322.14,2025-05-17,2025-06-06,1.0,pagado_aproximadamente_completo
C001194,107464.73,Concurso Público,2024-01-26,goods,Suministro de combustible,1,107464.73,107464.73,2024-03-10,2024-04-02,1.0,pagado_aproximadamente_completo
C002484,37924.06,Adjudicación Simplificada,2025-10-05,goods,Adquisición de bienes de oficina,3,37924.06,37924.06,2025-11-04,2025-11-29,1.0,pagado_aproximadamente_completo
C001121,30165.93,Concurso Público,2023-11-25,services,Consultoría en ingeniería,3,30165.93,30165.93,2023-12-27,2024-02-01,1.0,pagado_aproximadamente_completo
C700093,826440.34,Licitación Pública,2026-05-10,services,Servicio de capacitación,1,826440.34,826440.34,2026-05-24,2026-07-21,1.0,pagado_aproximadamente_completo
C001182,99131.99,Concurso Público,2023-03-14,goods,Adquisición de bienes de oficina,1,83487.99,83487.99,2023-04-25,2023-05-07,0.8421901951125969,pago_parcial
C002712,75706.57,Adjudicación Simplificada,2026-01-26,works,Obra de rehabilitación vial,1,75706.57,75706.57,2026-02-02,2026-02-21,1.0,pagado_aproximadamente_completo
C000614,8999.77,Licitación Pública,2024-02-15,goods,Adquisición de materiales de construcción,2,8999.77,8999.77,2024-02-28,2024-05-01,1.0,pagado_aproximadamente_completo
C001466,97697.0,Contratación Directa,2025-09-11,goods,Adquisición de bienes de oficina,2,97697.0,97697.0,2025-09-27,2026-02-07,1.0,pagado_aproximadamente_completo
C000401,16737.08,Contratación Directa,2023-11-05,services,Servicio de mantenimiento de infraestructura,2,10434.279999999999,10434.28,2023-11-20,2024-01-29,0.6234229626673231,pago_parcial
C000934,142596.68,Licitación Pública,2025-08-08,services,Servicio de transporte,1,142596.68,142596.68,2025-08-26,2025-09-02,1.0,pagado_aproximadamente_completo
C003096,89744.24,Concurso Público,2025-06-14,services,Consultoría en ingeniería,3,89744.24,89744.24,2025-07-10,2025-10-02,1.0,pagado_aproximadamente_completo
C002437,59250.84,Concurso Público,2024-10-25,goods,Adquisición de bienes de oficina,2,59250.840000000004,59250.84,2024-11-03,2024-12-10,1.0,pagado_aproximadamente_completo
C000726,21599.29,Adjudicación Simplificada,2023-04-07,goods,Adquisición de equipos informáticos,2,21599.29,21599.29,2023-05-21,2023-07-02,1.0,pagado_aproximadamente_completo
C000826,123278.55,Comparación de Precios,2026-01-26,goods,Adquisición de equipos informáticos,1,123278.55,123278.55,2026-02-14,2026-03-02,1.0,pagado_aproximadamente_completo
C001521,52640.52,Comparación de Precios,2025-09-14,services,Servicio de mantenimiento de infraestructura,2,52640.520000000004,52640.52,2025-10-07,2025-12-25,1.0,pagado_aproximadamente_completo
C000136,63601.09,Concurso Público,2025-06-03,goods,Adquisición de materiales de construcción,1,63601.09,63601.09,2025-07-14,2025-07-30,1.0,pagado_aproximadamente_completo
C000628,194499.5,Comparación de Precios,2023-09-26,services,Servicio de transporte,1,135617.72,0.0,2023-10-18,,0.0,pendiente_sin_pago
C000334,37765.02,Comparación de Precios,2025-11-12,goods,Suministro de combustible,2,37765.02,37765.02,2025-12-06,2026-01-09,1.0,pagado_aproximadamente_completo
C000390,166793.65,Comparación de Precios,2026-01-08,goods,Adquisición de materiales de construcción,2,166793.65,166793.65000000002,2026-02-17,2026-05-31,1.0000000000000002,pagado_aproximadamente_completo
C003176,47927.79,Licitación Pública,2025-09-08,goods,Adquisición de materiales de construcción,1,47927.79,47927.79,2025-10-17,2025-10-26,1.0,pagado_aproximadamente_completo
C001817,19702.18,Comparación de Precios,2025-08-06,services,Servicio de capacitación,2,19702.18,19702.18,2025-09-04,2026-01-09,1.0,pagado_aproximadamente_completo
C003327,355741.49,Comparación de Precios,2023-05-28,services,Servicio de capacitación,1,355741.49,355741.49,2023-06-21,2023-07-05,1.0,pagado_aproximadamente_completo
C000710,175125.45,Adjudicación Simplificada,2025-01-16,services,Servicio de mantenimiento de infraestructura,1,175125.45,175125.45,2025-02-28,2025-03-09,1.0,pagado_aproximadamente_completo
C001039,69898.0,Licitación Pública,2025-11-20,services,Servicio de mantenimiento de infraestructura,3,69898.0,69898.0,2025-12-24,2026-02-22,1.0,pagado_aproximadamente_completo
C002422,33562.96,Comparación de Precios,2025-09-24,works,Obra de rehabilitación vial,2,29736.699999999997,29736.699999999997,2025-10-21,2025-11-22,0.885997540145446,pago_parcial
C003197,33088.72,Licitación Pública,2025-09-25,goods,Adquisición de equipos informáticos,2,33088.72,33088.72,2025-10-06,2026-02-09,1.0,pagado_aproximadamente_completo
C001561,,Comparación de Precios,2024-11-26,services,Servicio de mantenimiento de infraestructura,1,34802.97,34802.97,2024-12-26,2025-01-05,,sin_pago_o_sin_cuantia
C003402,99356.25,Comparación de Precios,2024-03-21,goods,Adquisición de equipos informáticos,2,99356.25,99356.25,2024-04-14,2024-04-27,1.0,pagado_aproximadamente_completo
C003101,29338.25,Comparación de Precios,2024-03-20,services,Servicio de transporte,1,21175.91,21175.91,2024-04-18,2024-04-24,0.7217850417117585,pago_parcial
C001112,60206.23,Comparación de Precios,2026-06-18,goods,Adquisición de bienes de oficina,2,60206.229999999996,60206.229999999996,2026-07-16,2026-08-07,0.9999999999999999,pagado_aproximadamente_completo
C001223,26740.45,,2024-01-04,services,Servicio de limpieza y vigilancia,3,26740.45,26740.45,2024-01-28,2024-03-24,1.0,pagado_aproximadamente_completo
C002466,56304.66,Adjudicación Simplificada,2025-08-23,services,Servicio de mantenimiento de infraestructura,1,56304.66,56304.66,2025-10-02,2025-10-18,1.0,pagado_aproximadamente_completo
C001508,238548.39,Contratación Directa,2023-01-26,services,Servicio de capacitación,1,238548.39,238548.39,2023-02-22,2023-03-14,1.0,pagado_aproximadamente_completo
C001750,59384.29,Adjudicación Simplificada,2025-06-24,services,Servicio de capacitación,2,59384.29,59384.28999999999,2025-07-31,2025-10-26,0.9999999999999999,pagado_aproximadamente_completo
C003313,80802.87,Adjudicación Simplificada,2023-08-20,goods,Adquisición de bienes de oficina,1,80802.87,80802.87,2023-09-02,2023-11-03,1.0,pagado_aproximadamente_completo
C000338,651447.31,Comparación de Precios,2025-07-10,goods,Adquisición de equipos informáticos,1,651447.31,651447.31,2025-07-20,2025-07-28,1.0,pagado_aproximadamente_completo
C000215,28287.82,Licitación Pública,2023-03-09,services,Consultoría en ingeniería,2,28287.82,28287.82,2023-03-20,2023-08-17,1.0,pagado_aproximadamente_completo
C001341,103136.36,Comparación de Precios,2024-11-04,goods,Adquisición de bienes de oficina,1,58560.49,58560.49,2024-11-09,2024-11-11,0.5677967498562098,pago_parcial
C003095,76798.7,Adjudicación Simplificada,2024-09-07,goods,Adquisición de materiales de construcción,2,49993.39,49993.39,2024-10-14,2024-11-09,0.6509666179245222,pago_parcial
C003465,35452.49,Adjudicación Simplificada,2023-06-18,goods,Adquisición de bienes de oficina,2,31597.809999999998,31597.81,2023-06-27,2023-08-12,0.8912719529714275,pago_parcial
C002477,101478.93,Licitación Pública,2024-08-28,goods,Adquisición de materiales de construcción,1,59847.97,0.0,2024-09-12,,0.0,pendiente_sin_pago
C003278,33094.99,Adjudicación Simplificada,2023-06-27,services,Servicio de limpieza y vigilancia,2,33094.99,33094.990000000005,2023-08-06,2023-08-18,1.0000000000000002,pagado_aproximadamente_completo
C002499,41227.29,Adjudicación Simplificada,2024-06-19,goods,Suministro de combustible,3,41227.29,41227.29,2024-06-27,2024-08-27,1.0,pagado_aproximadamente_completo
C000101,35120.76,Licitación Pública,2025-05-14,goods,Suministro de combustible,1,35120.76,35120.76,2025-06-17,2025-06-19,1.0,pagado_aproximadamente_completo
C002648,333176.44,Adjudicación Simplificada,2026-03-12,services,Servicio de limpieza y vigilancia,2,252035.78,252035.77999999997,2026-03-29,2026-04-18,0.7564633921894356,pago_parcial
C000171,60235.47,Licitación Pública,2024-07-08,services,Servicio de limpieza y vigilancia,2,60235.47,60235.47,2024-08-05,2024-08-30,1.0,pagado_aproximadamente_completo
C000107,317390.33,Licitación Pública,2024-09-26,goods,Adquisición de equipos informáticos,2,317390.33,317390.33,2024-10-17,2024-12-08,1.0,pagado_aproximadamente_completo
C002592,53267.09,Comparación de Precios,2025-01-23,services,Servicio de capacitación,1,41594.85,41594.85,2025-01-29,2025-02-14,0.7808733309816625,pago_parcial
C800013,180328.08,Adjudicación Simplificada,2024-01-20,services,Servicio de mantenimiento de infraestructura,3,180328.08000000002,180328.08,2024-02-28,2024-04-17,1.0,pagado_aproximadamente_completo
C002714,17697.54,Concurso Público,2024-09-28,services,Servicio de limpieza y vigilancia,3,17697.54,17697.54,2024-10-23,2025-01-02,1.0,pagado_aproximadamente_completo
C002575,15442.47,Comparación de Precios,2023-09-16,goods,Adquisición de equipos informáticos,3,15442.470000000001,15442.470000000001,2023-10-20,2023-11-18,1.0000000000000002,pagado_aproximadamente_completo
C002351,128764.69,Licitación Pública,2023-04-15,services,Servicio de transporte,3,128764.69,128764.69,2023-04-24,2023-07-04,1.0,pagado_aproximadamente_completo
C900028,456995.53,Adjudicación Simplificada,2025-01-18,goods,Adquisición de materiales de construcción,1,456995.53,456995.53,2025-02-08,2025-03-03,1.0,pagado_aproximadamente_completo
C002476,113842.92,Adjudicación Simplificada,2024-02-24,services,Consultoría en ingeniería,1,113842.92,113842.92,2024-03-29,2024-04-23,1.0,pagado_aproximadamente_completo
C003090,165912.5,Adjudicación Simplificada,2025-02-13,services,Servicio de capacitación,2,165912.5,165912.5,2025-03-30,2025-05-08,1.0,pagado_aproximadamente_completo
C003297,194955.76,Adjudicación Simplificada,2025-09-10,goods,Adquisición de equipos informáticos,1,194955.76,194955.76,2025-10-17,2025-10-29,1.0,pagado_aproximadamente_completo
C003172,86103.8,,2026-05-12,services,Consultoría en ingeniería,2,86103.79999999999,86103.79999999999,2026-06-14,2026-07-01,0.9999999999999998,pagado_aproximadamente_completo
C001040,41914.56,Comparación de Precios,2025-04-05,services,Servicio de mantenimiento de infraestructura,2,41914.56,41914.56,2025-05-06,2025-05-28,1.0,pagado_aproximadamente_completo
C002120,76180.29,Comparación de Precios,2026-05-17,goods,Adquisición de materiales de construcción,1,44421.09,44421.09,2026-05-24,2026-06-04,0.5831047637125036,pago_parcial
C001524,89288.74,Comparación de Precios,2024-08-02,goods,Adquisición de bienes de oficina,1,68205.43,68205.43,2024-08-29,2024-09-23,0.7638749298063786,pago_parcial
C003154,52807.07,Comparación de Precios,2026-05-23,goods,Adquisición de equipos informáticos,2,52807.07,52807.07,2026-06-09,2026-08-03,1.0,pagado_aproximadamente_completo
C002248,21690.32,Concurso Público,2025-09-24,goods,Adquisición de materiales de construcción,1,21690.32,21690.32,2025-10-14,2025-11-03,1.0,pagado_aproximadamente_completo
C000481,199326.77,Licitación Pública,2023-08-06,works,Obra de rehabilitación vial,2,144670.03,144670.03,2023-09-07,2023-10-13,0.7257932790462616,pago_parcial
C002627,14476.51,Concurso Público,2025-08-16,goods,Suministro de combustible,2,10919.43,10919.43,2025-09-13,2025-10-16,0.7542860813828748,pago_parcial
C002732,60474.1,Licitación Pública,2023-01-06,goods,Adquisición de materiales de construcción,2,43328.869999999995,43328.869999999995,2023-01-25,2023-03-14,0.7164863966557583,pago_parcial
C001762,26562.43,Adjudicación Simplificada,2024-04-17,goods,Suministro de combustible,1,26562.43,26562.43,2024-04-25,2024-05-12,1.0,pagado_aproximadamente_completo
C003012,53219.74,Contratación Directa,2026-01-24,services,Consultoría en ingeniería,2,53219.74,53219.740000000005,2026-03-07,2026-05-10,1.0000000000000002,pagado_aproximadamente_completo
C003129,494005.35,Adjudicación Simplificada,2024-11-22,goods,Adquisición de materiales de construcción,3,494005.35,494005.35,2024-12-17,2025-02-16,1.0,pagado_aproximadamente_completo
C002555,11579.78,Adjudicación Simplificada,2025-03-23,goods,Suministro de combustible,1,11579.78,11579.78,2025-04-07,2025-04-21,1.0,pagado_aproximadamente_completo
C002525,14354.85,Adjudicación Simplificada,2025-08-24,services,Servicio de mantenimiento de infraestructura,2,14354.85,14354.85,2025-08-30,2025-10-10,1.0,pagado_aproximadamente_completo
C000405,44964.74,Comparación de Precios,2024-07-23,services,Servicio de limpieza y vigilancia,2,44964.740000000005,44964.74,2024-08-10,2024-09-30,1.0,pagado_aproximadamente_completo
C000757,76225.56,Adjudicación Simplificada,2023-06-29,services,Servicio de limpieza y vigilancia,3,76225.56,76225.56,2023-07-17,2023-09-17,1.0,pagado_aproximadamente_completo
C002417,609400.14,Comparación de Precios,2025-09-22,goods,Suministro de combustible,2,609400.14,609400.14,2025-09-29,2025-12-21,1.0,pagado_aproximadamente_completo
C000097,93723.04,,2026-03-25,services,Servicio de capacitación,2,93723.04,93723.04000000001,2026-04-23,2026-06-07,1.0000000000000002,pagado_aproximadamente_completo
C001333,142065.52,Comparación de Precios,2025-04-09,services,Consultoría en ingeniería,1,142065.52,142065.52,2025-05-03,2025-07-03,1.0,pagado_aproximadamente_completo
C002936,48682.38,Concurso Público,2024-12-23,goods,Adquisición de bienes de oficina,2,48682.38,48682.38,2025-02-06,2025-05-21,1.0,pagado_aproximadamente_completo
C003495,76455.99,Concurso Público,2023-03-11,goods,Adquisición de bienes de oficina,1,76455.99,76455.99,2023-03-23,2023-04-19,1.0,pagado_aproximadamente_completo
C002430,10759.31,Adjudicación Simplificada,2026-02-05,services,Servicio de capacitación,2,10759.310000000001,10759.310000000001,2026-02-19,2026-04-15,1.0000000000000002,pagado_aproximadamente_completo
C002058,75634.19,Concurso Público,2025-11-09,services,Servicio de transporte,1,75634.19,75634.19,2025-12-21,2026-01-13,1.0,pagado_aproximadamente_completo
C002596,63479.95,Licitación Pública,2025-03-26,goods,Adquisición de bienes de oficina,3,63479.95,63479.95,2025-05-05,2025-07-04,1.0,pagado_aproximadamente_completo
C000148,88959.27,Comparación de Precios,2025-08-04,goods,Adquisición de equipos informáticos,1,88959.27,88959.27,2025-09-13,2025-10-02,1.0,pagado_aproximadamente_completo
C000028,107221.84,,2024-01-14,services,Servicio de mantenimiento de infraestructura,2,107221.84,107221.84,2024-02-09,2024-03-02,1.0,pagado_aproximadamente_completo
C002527,12912.36,Comparación de Precios,2025-10-15,goods,Suministro de combustible,1,7136.58,0.0,2025-11-14,,0.0,pendiente_sin_pago
C800005,271753.62,Concurso Público Abreviado,2026-04-03,services,Servicio de mantenimiento de infraestructura,2,271753.62,271753.62,2026-04-11,2026-05-27,1.0,pagado_aproximadamente_completo
C000692,166189.31,Adjudicación Simplificada,2023-07-24,works,Obra de rehabilitación vial,2,166189.31,166189.31,2023-08-27,2024-01-13,1.0,pagado_aproximadamente_completo
C001386,146359.08,Licitación Pública,2023-12-18,services,Servicio de transporte,3,146359.08,146359.08,2024-01-23,2024-03-28,1.0,pagado_aproximadamente_completo
C001845,18423.88,Comparación de Precios,2023-08-08,goods,Adquisición de equipos informáticos,1,18423.88,18423.88,2023-08-25,2023-09-10,1.0,pagado_aproximadamente_completo
C002530,95395.33,Licitación Pública,2024-05-25,services,Servicio de mantenimiento de infraestructura,2,95395.33,95395.33,2024-06-01,2024-07-02,1.0,pagado_aproximadamente_completo
C001599,129792.45,Comparación de Precios,2024-04-03,services,Servicio de capacitación,1,129792.45,129792.45,2024-05-02,2024-07-31,1.0,pagado_aproximadamente_completo
C000701,25750.0,Comparación de Precios,2024-12-03,goods,Adquisición de bienes de oficina,1,19603.05,0.0,2024-12-14,,0.0,pendiente_sin_pago
C001708,15800.59,Concurso Público,2025-10-23,goods,Adquisición de equipos informáticos,1,6653.38,0.0,2025-11-15,,0.0,pendiente_sin_pago
C000454,20382.19,Adjudicación Simplificada,2025-07-29,goods,Suministro de combustible,2,20382.19,20382.19,2025-08-12,2025-12-15,1.0,pagado_aproximadamente_completo
C002040,34576.28,Comparación de Precios,2024-12-14,goods,Adquisición de bienes de oficina,1,34576.28,34576.28,2025-01-26,2025-05-05,1.0,pagado_aproximadamente_completo
C002583,106883.43,Adjudicación Simplificada,2024-08-29,goods,Adquisición de bienes de oficina,3,106883.43000000001,106883.43,2024-09-17,2024-10-29,1.0,pagado_aproximadamente_completo
C002315,104988.78,Comparación de Precios,2024-03-15,goods,Suministro de combustible,2,104988.78,104988.78,2024-04-22,2024-05-09,1.0,pagado_aproximadamente_completo
C000609,51270.44,Adjudicación Simplificada,2025-11-15,services,Servicio de capacitación,1,24042.58,0.0,2025-12-11,,0.0,pendiente_sin_pago
C000167,32139.22,Adjudicación Simplificada,2026-01-26,works,Obra de rehabilitación vial,1,32139.22,32139.22,2026-03-08,2026-03-24,1.0,pagado_aproximadamente_completo
C000730,32589.72,Licitación Pública,2023-07-22,works,Obra de rehabilitación vial,2,19890.18,19890.18,2023-08-21,2023-09-28,0.6103206778088305,pago_parcial
C002659,258497.77,Comparación de Precios,2023-08-03,services,Consultoría en ingeniería,3,258497.77000000002,258497.77,2023-08-25,2023-11-03,1.0,pagado_aproximadamente_completo
C700030,697418.17,Licitación Pública,2024-09-13,works,Obra de rehabilitación vial,2,697418.17,697418.17,2024-09-28,2024-10-21,1.0,pagado_aproximadamente_completo
C002451,122316.27,Adjudicación Simplificada,2023-08-06,services,Servicio de limpieza y vigilancia,2,83304.22,83304.22,2023-08-31,2023-11-06,0.6810559216692922,pago_parcial
C001622,34893.67,,2023-03-03,goods,,2,34893.67,34893.67,2023-04-10,2023-05-08,1.0,pagado_aproximadamente_completo
C000587,176135.64,Adjudicación Simplificada,2023-11-22,goods,,1,176135.64,176135.64,2024-01-06,2024-02-04,1.0,pagado_aproximadamente_completo
C001401,34227.94,Adjudicación Simplificada,2026-06-11,services,Consultoría en ingeniería,2,34227.94,34227.94,2026-07-17,2026-08-07,1.0,pagado_aproximadamente_completo
C001700,50655.0,Adjudicación Simplificada,2023-08-14,goods,Adquisición de bienes de oficina,2,50655.0,50655.0,2023-09-12,2023-12-18,1.0,pagado_aproximadamente_completo
C002696,107761.48,Comparación de Precios,2025-05-15,works,Obra de rehabilitación vial,2,107761.48000000001,107761.48000000001,2025-06-18,2025-07-14,1.0000000000000002,pagado_aproximadamente_completo
C002909,72830.7,Adjudicación Simplificada,2025-03-31,services,Servicio de mantenimiento de infraestructura,1,76257.71,76257.71,2025-04-17,2025-05-03,1.0470544701616216,sobrepago_senal_revisar
C001379,68644.7,Comparación de Precios,2024-02-23,services,Servicio de transporte,1,68644.7,68644.7,2024-03-11,2024-04-06,1.0,pagado_aproximadamente_completo
C002089,26830.26,Adjudicación Simplificada,2024-11-09,goods,Adquisición de bienes de oficina,3,26830.26,26830.26,2024-12-02,2025-01-28,1.0,pagado_aproximadamente_completo
C002175,54683.6,Contratación Directa,2023-05-18,services,Servicio de transporte,1,54683.6,54683.6,2023-06-13,2023-06-25,1.0,pagado_aproximadamente_completo
C002662,58709.75,Comparación de Precios,2024-05-15,services,Servicio de mantenimiento de infraestructura,1,39726.78,39726.78,2024-06-28,2024-07-19,0.6766640975306486,pago_parcial
C002611,59615.76,Licitación Pública,2023-09-21,services,Servicio de limpieza y vigilancia,1,59615.76,59615.76,2023-10-19,2023-12-21,1.0,pagado_aproximadamente_completo
C002996,24566.18,Adjudicación Simplificada,2025-11-23,services,Servicio de limpieza y vigilancia,2,24566.18,24566.18,2025-12-18,2026-01-29,1.0,pagado_aproximadamente_completo
C000441,63748.33,Adjudicación Simplificada,2024-05-16,goods,Adquisición de equipos informáticos,2,63748.33,63748.33,2024-06-10,2024-07-09,1.0,pagado_aproximadamente_completo
C002051,86588.84,Comparación de Precios,2024-12-28,works,Obra de rehabilitación vial,1,86588.84,86588.84,2025-02-02,2025-02-17,1.0,pagado_aproximadamente_completo
C001301,97016.42,Adjudicación Simplificada,2023-06-01,services,Servicio de capacitación,3,97016.42,97016.42,2023-06-09,2023-09-10,1.0,pagado_aproximadamente_completo
C003127,175626.04,Comparación de Precios,2026-02-21,goods,Adquisición de equipos informáticos,2,175626.04,175626.03999999998,2026-02-27,2026-04-26,0.9999999999999999,pagado_aproximadamente_completo
C001304,36238.41,Licitación Pública,2023-06-03,works,Obra de rehabilitación vial,1,24385.47,0.0,2023-06-29,,0.0,pendiente_sin_pago
C000236,4222.96,Comparación de Precios,2025-08-19,services,Consultoría en ingeniería,1,4222.96,4222.96,2025-09-17,2025-10-04,1.0,pagado_aproximadamente_completo
C000520,51297.09,Comparación de Precios,2023-01-27,goods,Adquisición de bienes de oficina,3,51297.09,51297.09,2023-02-19,2023-04-15,1.0,pagado_aproximadamente_completo
C000735,9337.16,Adjudicación Simplificada,2024-12-06,goods,Adquisición de equipos informáticos,2,9337.16,9337.16,2024-12-27,2025-04-09,1.0,pagado_aproximadamente_completo
C003273,67990.13,Adjudicación Simplificada,2023-05-24,goods,Adquisición de bienes de oficina,3,67990.13,67990.13,2023-06-06,2023-08-08,1.0,pagado_aproximadamente_completo
C002106,77955.5,Contratación Directa,2023-09-07,services,Servicio de capacitación,1,51829.32,51829.32,2023-10-13,2023-11-02,0.6648577714208748,pago_parcial
C000592,,Adjudicación Simplificada,2023-08-31,works,Obra de rehabilitación vial,2,62185.65,62185.65,2023-09-26,2023-10-26,,sin_pago_o_sin_cuantia
C001303,71504.9,Comparación de Precios,2025-08-27,goods,Adquisición de bienes de oficina,2,71504.9,71504.9,2025-10-06,2025-10-31,1.0,pagado_aproximadamente_completo
C001387,142142.48,Contratación Directa,2023-09-10,services,Consultoría en ingeniería,3,142142.47999999998,142142.48,2023-09-15,2023-12-19,1.0,pagado_aproximadamente_completo
C002402,38110.46,Adjudicación Simplificada,2023-06-23,services,Servicio de transporte,1,38110.46,38110.46,2023-07-31,2023-08-24,1.0,pagado_aproximadamente_completo
C002743,46893.87,,2023-10-16,goods,Adquisición de equipos informáticos,3,46893.869999999995,46893.87,2023-11-28,2023-12-31,1.0,pagado_aproximadamente_completo
C003443,29011.93,Comparación de Precios,2024-01-29,services,Servicio de capacitación,1,29011.93,29011.93,2024-02-26,2024-03-15,1.0,pagado_aproximadamente_completo
C000904,238678.38,Licitación Pública,2026-05-30,goods,Adquisición de equipos informáticos,3,238678.38,238678.38,2026-06-11,2026-08-07,1.0,pagado_aproximadamente_completo
C003132,34595.89,Concurso Público,2026-03-21,services,Servicio de transporte,2,34595.89,34595.89,2026-03-29,2026-06-17,1.0,pagado_aproximadamente_completo
C001279,53906.98,Adjudicación Simplificada,2025-10-15,goods,Adquisición de materiales de construcción,3,53906.979999999996,53906.98,2025-11-13,2025-12-31,1.0,pagado_aproximadamente_completo
C002952,388729.6,Comparación de Precios,2023-08-10,goods,Suministro de combustible,1,388729.6,388729.6,2023-09-02,2023-09-13,1.0,pagado_aproximadamente_completo
C700055,310804.23,Adjudicación Simplificada,2025-03-19,goods,Adquisición de equipos informáticos,2,310804.23,310804.23,2025-03-28,2025-04-25,1.0,pagado_aproximadamente_completo
C002308,14763.27,Concurso Público,2023-03-08,services,Servicio de mantenimiento de infraestructura,1,15570.5,15570.5,2023-04-01,2023-04-30,1.0546782657229732,sobrepago_senal_revisar
C002934,36841.18,Contratación Directa,2024-10-17,services,Servicio de limpieza y vigilancia,3,36841.18,36841.18,2024-11-17,2024-12-31,1.0,pagado_aproximadamente_completo
C003030,46239.96,Licitación Pública,2025-05-05,goods,Adquisición de equipos informáticos,2,46239.96,46239.96,2025-05-18,2025-09-02,1.0,pagado_aproximadamente_completo
C002927,119666.52,Contratación Directa,2024-10-13,works,,3,119666.51999999999,119666.51999999999,2024-10-29,2024-12-11,0.9999999999999999,pagado_aproximadamente_completo
C000706,26410.12,Contratación Directa,2024-10-03,services,Servicio de mantenimiento de infraestructura,1,17368.44,17368.44,2024-10-27,2024-11-01,0.6576433579249167,pago_parcial
C003258,68630.48,Comparación de Precios,2025-02-14,services,Servicio de limpieza y vigilancia,2,68630.48000000001,68630.48,2025-03-27,2025-04-28,1.0,pagado_aproximadamente_completo
C000745,,Comparación de Precios,2025-01-30,goods,Adquisición de materiales de construcción,3,62185.65,62185.65,2025-03-02,2025-04-03,,sin_pago_o_sin_cuantia
C001939,61701.88,Comparación de Precios,2024-02-14,services,Servicio de mantenimiento de infraestructura,2,61701.88,61701.88,2024-03-15,2024-04-15,1.0,pagado_aproximadamente_completo
C002425,116868.95,Concurso Público,2024-10-28,goods,Suministro de combustible,2,116868.95,116868.95,2024-11-16,2024-12-27,1.0,pagado_aproximadamente_completo
C000513,167306.22,Licitación Pública,2023-02-17,services,Servicio de capacitación,1,167306.22,167306.22,2023-03-14,2023-04-02,1.0,pagado_aproximadamente_completo
C000081,188680.93,Adjudicación Simplificada,2024-01-08,works,Obra de rehabilitación vial,2,150671.83000000002,150671.83,2024-02-01,2024-03-24,0.7985535687151849,pago_parcial
C001308,196200.3,Licitación Pública,2023-06-08,goods,,2,196200.3,196200.30000000002,2023-07-07,2023-07-29,1.0000000000000002,pagado_aproximadamente_completo
C700068,234192.56,Licitación Pública,2026-05-17,services,Servicio de mantenimiento de infraestructura,3,234192.56,234192.56,2026-06-15,2026-08-07,1.0,pagado_aproximadamente_completo
C000914,83836.5,Licitación Pública,2026-04-13,services,Servicio de transporte,2,83836.5,83836.5,2026-04-28,2026-06-21,1.0,pagado_aproximadamente_completo
C003407,68426.36,,2025-08-12,goods,Adquisición de bienes de oficina,1,68426.36,68426.36,2025-08-29,2025-11-18,1.0,pagado_aproximadamente_completo
C003391,47761.49,Concurso Público,2024-10-21,goods,Suministro de combustible,2,47761.490000000005,47761.49,2024-11-14,2024-11-28,1.0,pagado_aproximadamente_completo
C000774,18208.73,Adjudicación Simplificada,2026-01-01,services,Consultoría en ingeniería,1,18208.73,18208.73,2026-02-02,2026-05-14,1.0,pagado_aproximadamente_completo
C000329,106660.12,Licitación Pública,2025-09-30,works,Obra de rehabilitación vial,3,106660.12,106660.12,2025-11-02,2026-01-02,1.0,pagado_aproximadamente_completo
C002054,321017.04,Comparación de Precios,2025-09-10,goods,Suministro de combustible,2,321017.04,321017.04000000004,2025-09-30,2025-11-16,1.0000000000000002,pagado_aproximadamente_completo
C002001,81802.77,Adjudicación Simplificada,2024-06-08,goods,Adquisición de materiales de construcción,2,81802.77,81802.77,2024-07-07,2024-10-04,1.0,pagado_aproximadamente_completo
C000943,33033.34,Adjudicación Simplificada,2024-08-29,services,Consultoría en ingeniería,1,24585.52,0.0,2024-09-30,,0.0,pendiente_sin_pago
C000822,23474.7,Adjudicación Simplificada,2024-12-08,goods,Adquisición de bienes de oficina,2,23474.7,23474.7,2025-01-01,2025-02-08,1.0,pagado_aproximadamente_completo
C000909,228249.85,Adjudicación Simplificada,2023-08-27,services,Consultoría en ingeniería,1,228249.85,228249.85,2023-10-11,2023-10-23,1.0,pagado_aproximadamente_completo
C000181,22032.81,Comparación de Precios,2024-06-12,works,Obra de rehabilitación vial,1,8710.76,0.0,2024-07-21,,0.0,pendiente_sin_pago
C000164,88405.7,Adjudicación Simplificada,2023-05-22,goods,Adquisición de materiales de construcción,2,88405.7,88405.7,2023-06-06,2023-07-07,1.0,pagado_aproximadamente_completo
C001523,15084.69,Comparación de Precios,2023-08-30,goods,Adquisición de materiales de construcción,3,15084.69,15084.69,2023-09-15,2023-11-03,1.0,pagado_aproximadamente_completo
C000451,35541.68,Adjudicación Simplificada,2025-07-05,services,Servicio de mantenimiento de infraestructura,1,22595.74,22595.74,2025-07-19,2025-07-26,0.635753290221509,pago_parcial
C001311,63108.58,Adjudicación Simplificada,2025-07-03,services,Servicio de limpieza y vigilancia,1,55160.31,55160.31,2025-08-02,2025-08-20,0.8740540509705653,pago_parcial
C001111,13749.48,Adjudicación Simplificada,2024-01-29,goods,Adquisición de bienes de oficina,2,13749.48,13749.48,2024-03-07,2024-04-01,1.0,pagado_aproximadamente_completo
C003373,67993.38,Adjudicación Simplificada,2024-08-24,services,Servicio de limpieza y vigilancia,2,67993.38,67993.37999999999,2024-09-02,2024-11-09,0.9999999999999998,pagado_aproximadamente_completo
C001287,120696.7,Comparación de Precios,2025-03-11,services,Servicio de limpieza y vigilancia,2,120696.7,120696.7,2025-04-04,2025-04-26,1.0,pagado_aproximadamente_completo
C000327,57378.3,Adjudicación Simplificada,2023-12-06,services,Servicio de capacitación,3,57378.3,57378.299999999996,2024-01-07,2024-02-24,0.9999999999999999,pagado_aproximadamente_completo
C001790,206146.67,Adjudicación Simplificada,2024-08-06,goods,Suministro de combustible,1,206146.67,206146.67,2024-08-23,2024-09-09,1.0,pagado_aproximadamente_completo
C003275,71074.87,Adjudicación Simplificada,2025-10-25,services,Servicio de limpieza y vigilancia,3,71074.87,71074.87,2025-11-09,2025-12-20,1.0,pagado_aproximadamente_completo
C002007,189536.52,Adjudicación Simplificada,2026-01-16,services,Servicio de mantenimiento de infraestructura,2,137668.1,137668.1,2026-02-25,2026-04-10,0.7263407600814873,pago_parcial
C001858,55667.01,Adjudicación Simplificada,2026-03-18,services,Servicio de mantenimiento de infraestructura,1,55667.01,55667.01,2026-03-26,2026-04-12,1.0,pagado_aproximadamente_completo
C000312,26816.16,Adjudicación Simplificada,2026-04-12,services,Servicio de transporte,1,20797.63,20797.63,2026-04-20,2026-05-03,0.7755633170446478,pago_parcial
C000832,285030.35,Adjudicación Simplificada,2023-07-21,services,Servicio de transporte,1,219200.98,0.0,2023-08-07,,0.0,pendiente_sin_pago
C001201,31996.07,Adjudicación Simplificada,2024-03-16,works,Obra de rehabilitación vial,1,31996.07,31996.07,2024-04-08,2024-06-06,1.0,pagado_aproximadamente_completo
C002843,249440.12,Adjudicación Simplificada,2024-09-05,services,Consultoría en ingeniería,3,249440.12,249440.12,2024-10-15,2024-11-19,1.0,pagado_aproximadamente_completo
C002424,104196.75,Adjudicación Simplificada,2025-05-25,services,Servicio de mantenimiento de infraestructura,2,104196.75,104196.75,2025-06-22,2025-08-06,1.0,pagado_aproximadamente_completo
C002134,50027.72,Comparación de Precios,2023-08-23,services,Consultoría en ingeniería,1,50027.72,50027.72,2023-09-08,2023-09-23,1.0,pagado_aproximadamente_completo
C002209,42315.42,Comparación de Precios,2024-09-09,goods,Adquisición de materiales de construcción,1,42315.42,42315.42,2024-10-23,2024-11-03,1.0,pagado_aproximadamente_completo
C002852,109107.57,Adjudicación Simplificada,2025-01-31,goods,Suministro de combustible,1,109107.57,109107.57,2025-02-15,2025-03-13,1.0,pagado_aproximadamente_completo
C001481,33085.27,Adjudicación Simplificada,2025-07-16,works,Obra de rehabilitación vial,2,33085.27,33085.270000000004,2025-07-21,2025-09-07,1.0000000000000002,pagado_aproximadamente_completo
C000777,15716.34,Contratación Directa,2023-11-16,goods,Suministro de combustible,1,15716.34,15716.34,2023-11-22,2023-12-09,1.0,pagado_aproximadamente_completo
C000799,430852.65,Adjudicación Simplificada,2026-06-14,services,Consultoría en ingeniería,1,430852.65,430852.65,2026-07-01,2026-07-26,1.0,pagado_aproximadamente_completo
C000054,231789.73,Concurso Público,2024-11-30,goods,Adquisición de equipos informáticos,2,173726.77,173726.77,2024-12-26,2025-01-19,0.7495015849062855,pago_parcial
C001920,22768.29,Comparación de Precios,2025-05-16,services,Consultoría en ingeniería,2,16608.79,16608.79,2025-05-29,2025-06-28,0.7294702412873343,pago_parcial
C900012,448517.04,Contratación Directa,2024-07-01,services,Servicio de capacitación,3,448517.04000000004,448517.04,2024-08-05,2024-09-22,1.0,pagado_aproximadamente_completo
C002654,14778.56,Comparación de Precios,2023-06-04,services,Servicio de limpieza y vigilancia,1,10265.19,0.0,2023-07-06,,0.0,pendiente_sin_pago
C001701,55194.29,Comparación de Precios,2023-05-01,goods,Adquisición de materiales de construcción,3,55194.29,55194.29,2023-05-24,2023-07-30,1.0,pagado_aproximadamente_completo
C002161,95964.5,Adjudicación Simplificada,2025-08-16,goods,Adquisición de equipos informáticos,1,36246.23,0.0,2025-09-25,,0.0,pendiente_sin_pago
C003467,103757.71,Licitación Pública,2023-10-09,works,Obra de rehabilitación vial,1,103757.71,103757.71,2023-11-12,2023-12-06,1.0,pagado_aproximadamente_completo
C000987,36307.7,Contratación Directa,2025-08-09,goods,Suministro de combustible,3,36307.7,36307.7,2025-09-10,2025-10-14,1.0,pagado_aproximadamente_completo
C002651,68763.92,Contratación Directa,2023-06-24,services,Servicio de capacitación,2,68763.92,68763.92,2023-06-30,2023-08-27,1.0,pagado_aproximadamente_completo
C001394,,Comparación de Precios,2025-05-04,works,Obra de rehabilitación vial,3,62185.649999999994,62185.65,2025-06-10,2025-07-29,,sin_pago_o_sin_cuantia
C000768,71471.16,Comparación de Precios,2024-03-11,services,Consultoría en ingeniería,2,71471.16,71471.16,2024-04-10,2024-05-02,1.0,pagado_aproximadamente_completo
C003421,104245.51,Adjudicación Simplificada,2024-11-10,services,Servicio de mantenimiento de infraestructura,3,104245.51000000001,104245.51000000001,2024-12-06,2025-02-08,1.0000000000000002,pagado_aproximadamente_completo
C000285,115227.02,Concurso Público,2024-07-08,works,Obra de rehabilitación vial,2,115227.02,115227.01999999999,2024-07-24,2024-09-10,0.9999999999999999,pagado_aproximadamente_completo
C003252,494768.84,Comparación de Precios,2023-10-15,services,Servicio de capacitación,1,494768.84,494768.84,2023-11-12,2023-12-09,1.0,pagado_aproximadamente_completo
C000428,32770.39,Contratación Directa,2024-06-14,services,Servicio de transporte,2,32770.39,32770.39,2024-07-21,2024-08-12,1.0,pagado_aproximadamente_completo
C002332,69266.83,,2025-01-27,services,Servicio de limpieza y vigilancia,1,49213.73,0.0,2025-03-13,,0.0,pendiente_sin_pago
C002079,56448.68,Comparación de Precios,2024-04-01,goods,Suministro de combustible,3,56448.68,56448.68,2024-04-07,2024-07-17,1.0,pagado_aproximadamente_completo
C000722,128555.3,Comparación de Precios,2025-03-02,works,Obra de rehabilitación vial,3,128555.29999999999,128555.29999999999,2025-03-13,2025-05-21,0.9999999999999999,pagado_aproximadamente_completo
C000951,46635.99,Comparación de Precios,2024-02-06,goods,Adquisición de equipos informáticos,2,46635.99,46635.99,2024-02-24,2024-04-01,1.0,pagado_aproximadamente_completo
C002262,99962.26,Comparación de Precios,2023-12-17,goods,Adquisición de bienes de oficina,1,99962.26,99962.26,2024-01-27,2024-02-03,1.0,pagado_aproximadamente_completo
C000989,23930.7,Contratación Directa,2025-10-30,services,Servicio de transporte,1,23930.7,23930.7,2025-12-06,2025-12-19,1.0,pagado_aproximadamente_completo
C003448,85770.67,Contratación Directa,2024-04-24,goods,,2,85770.67,85770.67,2024-04-30,2024-07-14,1.0,pagado_aproximadamente_completo
C002500,74849.74,Adjudicación Simplificada,2023-07-20,goods,Adquisición de bienes de oficina,3,74849.74,74849.73999999999,2023-08-17,2023-10-07,0.9999999999999998,pagado_aproximadamente_completo
C000326,72784.84,Adjudicación Simplificada,2023-09-28,goods,Adquisición de equipos informáticos,1,72784.84,72784.84,2023-10-18,2023-11-08,1.0,pagado_aproximadamente_completo
C001383,128174.84,Adjudicación Simplificada,2025-06-17,services,Servicio de limpieza y vigilancia,2,128174.84,128174.84,2025-06-26,2025-09-05,1.0,pagado_aproximadamente_completo
C001724,262506.68,Contratación Directa,2024-04-03,services,Servicio de transporte,2,262506.68,262506.68,2024-05-17,2024-06-11,1.0,pagado_aproximadamente_completo
C001086,183975.87,Comparación de Precios,2023-11-10,services,Servicio de capacitación,1,183975.87,183975.87,2023-12-23,2024-01-02,1.0,pagado_aproximadamente_completo
C000341,93903.29,Comparación de Precios,2023-11-15,services,Servicio de limpieza y vigilancia,3,93903.29,93903.29,2023-12-22,2024-02-09,1.0,pagado_aproximadamente_completo
C000147,61642.69,Comparación de Precios,2025-04-04,services,Consultoría en ingeniería,1,61642.69,61642.69,2025-04-28,2025-05-08,1.0,pagado_aproximadamente_completo
C002872,25345.19,Comparación de Precios,2025-11-27,services,Servicio de limpieza y vigilancia,1,25345.19,25345.19,2025-12-11,2025-12-29,1.0,pagado_aproximadamente_completo
C001107,18204.56,Comparación de Precios,2023-10-18,services,Consultoría en ingeniería,2,18204.559999999998,18204.559999999998,2023-11-10,2024-02-24,0.9999999999999998,pagado_aproximadamente_completo
C000848,28973.64,Licitación Pública,2025-04-11,works,Obra de rehabilitación vial,1,20907.31,20907.31,2025-05-16,2025-06-05,0.7215976315022897,pago_parcial
C000966,35127.79,Adjudicación Simplificada,2025-08-23,services,Servicio de transporte,1,35127.79,35127.79,2025-09-17,2025-10-07,1.0,pagado_aproximadamente_completo
C003027,100399.93,Adjudicación Simplificada,2026-06-04,works,Obra de rehabilitación vial,1,100399.93,100399.93,2026-06-22,2026-08-07,1.0,pagado_aproximadamente_completo
C002203,84821.99,Comparación de Precios,2026-06-29,goods,Suministro de combustible,2,84821.98999999999,84821.99,2026-07-12,2026-08-07,1.0,pagado_aproximadamente_completo
C000661,12442.86,Contratación Directa,2023-03-28,goods,Adquisición de bienes de oficina,2,12442.86,12442.859999999999,2023-04-26,2023-05-21,0.9999999999999999,pagado_aproximadamente_completo
C001002,28736.59,Concurso Público,2026-06-20,works,Obra de rehabilitación vial,1,28736.59,28736.59,2026-06-30,2026-07-16,1.0,pagado_aproximadamente_completo
C002876,10692.96,Licitación Pública,2025-03-04,goods,Suministro de combustible,1,10692.96,10692.96,2025-04-04,2025-06-22,1.0,pagado_aproximadamente_completo
C003097,53671.07,Adjudicación Simplificada,2026-03-14,services,Servicio de limpieza y vigilancia,3,53671.07000000001,53671.07,2026-04-20,2026-06-01,1.0,pagado_aproximadamente_completo
C900044,127446.33,Adjudicación Simplificada,2026-06-21,goods,Adquisición de equipos informáticos,1,127446.33,127446.33,2026-07-16,2026-07-30,1.0,pagado_aproximadamente_completo
C003274,20740.32,Licitación Pública,2024-03-29,services,Consultoría en ingeniería,2,21386.76,21386.76,2024-05-13,2024-06-01,1.0311682751278668,sobrepago_senal_revisar
C001879,286579.27,Licitación Pública,2024-10-31,goods,Suministro de combustible,2,286579.27,286579.27,2024-12-01,2025-03-22,1.0,pagado_aproximadamente_completo
C003481,30703.04,Concurso Público,2023-04-09,services,Servicio de transporte,2,30703.04,30703.04,2023-05-17,2023-06-06,1.0,pagado_aproximadamente_completo
C001203,23422.57,Concurso Público,2026-01-14,services,Servicio de mantenimiento de infraestructura,1,23422.57,23422.57,2026-02-09,2026-03-04,1.0,pagado_aproximadamente_completo
C001990,21304.57,Licitación Pública,2023-09-22,services,Servicio de mantenimiento de infraestructura,2,21304.57,21304.57,2023-10-17,2023-11-22,1.0,pagado_aproximadamente_completo
C000024,46537.91,Licitación Pública,2025-09-20,works,Obra de rehabilitación vial,2,46537.91,46537.91,2025-10-17,2025-11-18,1.0,pagado_aproximadamente_completo
C003473,203368.22,Licitación Pública,2023-02-16,goods,Suministro de combustible,1,203368.22,203368.22,2023-03-11,2023-05-15,1.0,pagado_aproximadamente_completo
C002496,84403.91,Adjudicación Simplificada,2024-09-02,services,Servicio de mantenimiento de infraestructura,1,84403.91,84403.91,2024-10-16,2024-11-02,1.0,pagado_aproximadamente_completo
C003236,132227.54,Licitación Pública,2025-12-15,works,Obra de rehabilitación vial,1,55447.7,0.0,2025-12-30,,0.0,pendiente_sin_pago
C002828,77312.01,Licitación Pública,2024-10-31,services,Servicio de mantenimiento de infraestructura,2,77312.01,77312.01000000001,2024-12-03,2024-12-31,1.0000000000000002,pagado_aproximadamente_completo
C000875,95769.23,Adjudicación Simplificada,2026-03-01,services,Servicio de limpieza y vigilancia,1,43162.7,0.0,2026-04-07,,0.0,pendiente_sin_pago
C003322,23925.04,Concurso Público,2026-01-11,services,Servicio de transporte,2,23925.04,23925.04,2026-02-01,2026-02-27,1.0,pagado_aproximadamente_completo
C000938,4725.8,Adjudicación Simplificada,2023-10-15,goods,Adquisición de materiales de construcción,3,4725.8,4725.799999999999,2023-10-22,2023-12-12,0.9999999999999998,pagado_aproximadamente_completo
C002394,47473.26,Concurso Público,2025-08-25,services,Servicio de limpieza y vigilancia,1,20164.52,0.0,2025-10-04,,0.0,pendiente_sin_pago
C003082,28636.71,Concurso Público,2025-08-17,services,Consultoría en ingeniería,2,28636.71,28636.71,2025-09-17,2025-10-06,1.0,pagado_aproximadamente_completo
C900060,74409.65,Adjudicación Simplificada,2025-04-13,works,Obra de rehabilitación vial,3,74409.65,74409.65,2025-04-23,2025-06-27,1.0,pagado_aproximadamente_completo
C000385,41324.95,Comparación de Precios,2023-08-16,services,Servicio de mantenimiento de infraestructura,3,41324.95,41324.95,2023-08-29,2023-11-01,1.0,pagado_aproximadamente_completo
C002821,41864.57,Contratación Directa,2023-09-04,goods,Adquisición de materiales de construcción,1,41864.57,41864.57,2023-10-11,2023-11-06,1.0,pagado_aproximadamente_completo
C003084,30066.6,Concurso Público,2025-06-07,goods,Adquisición de materiales de construcción,3,30066.600000000002,30066.6,2025-07-17,2025-08-24,1.0,pagado_aproximadamente_completo
C002708,14946.71,Concurso Público,2025-03-12,services,Servicio de capacitación,2,14946.71,14946.71,2025-04-04,2025-05-01,1.0,pagado_aproximadamente_completo
C002291,18333.99,Adjudicación Simplificada,2025-02-12,services,Consultoría en ingeniería,2,18333.989999999998,18333.99,2025-02-20,2025-03-30,1.0,pagado_aproximadamente_completo
C700016,341249.53,Licitación Pública,2025-03-23,services,Servicio de transporte,1,341249.53,341249.53,2025-04-28,2025-05-01,1.0,pagado_aproximadamente_completo
C000936,88840.63,Adjudicación Simplificada,2023-07-31,goods,Adquisición de equipos informáticos,2,88840.63,88840.63,2023-08-22,2023-10-10,1.0,pagado_aproximadamente_completo
C003178,29594.59,Comparación de Precios,2026-05-21,goods,Adquisición de equipos informáticos,3,29594.59,29594.59,2026-05-27,2026-08-05,1.0,pagado_aproximadamente_completo
C002360,67101.46,Comparación de Precios,2025-06-24,services,Servicio de capacitación,1,67101.46,67101.46,2025-07-10,2025-09-28,1.0,pagado_aproximadamente_completo
C900000,480407.97,Adjudicación Simplificada,2026-02-10,goods,Adquisición de materiales de construcción,3,480407.97000000003,480407.97,2026-02-23,2026-05-10,1.0,pagado_aproximadamente_completo
C001332,300571.51,Concurso Público,2024-08-15,goods,Adquisición de equipos informáticos,2,300571.51,300571.51,2024-08-24,2024-12-13,1.0,pagado_aproximadamente_completo
C001934,71754.48,Licitación Pública,2024-05-12,services,Servicio de capacitación,2,71754.48,71754.48000000001,2024-05-30,2024-09-25,1.0000000000000002,pagado_aproximadamente_completo
C000935,84343.01,Adjudicación Simplificada,2026-01-27,services,Servicio de capacitación,1,84343.01,84343.01,2026-02-23,2026-03-16,1.0,pagado_aproximadamente_completo
C002418,16121.2,Comparación de Precios,2023-08-19,services,Servicio de capacitación,2,16121.2,16121.2,2023-09-18,2023-10-07,1.0,pagado_aproximadamente_completo
C000566,42303.16,Adjudicación Simplificada,2023-11-21,services,Servicio de transporte,2,42303.16,42303.16,2023-11-28,2024-01-24,1.0,pagado_aproximadamente_completo
C001854,122022.43,Licitación Pública,2025-01-03,services,Consultoría en ingeniería,1,74337.85,0.0,2025-01-26,,0.0,pendiente_sin_pago
C002979,27312.6,Comparación de Precios,2025-02-28,goods,Adquisición de equipos informáticos,3,27312.6,27312.600000000002,2025-03-24,2025-05-14,1.0000000000000002,pagado_aproximadamente_completo
C002467,193725.86,Comparación de Precios,2025-02-25,goods,Suministro de combustible,3,193725.86,193725.86,2025-03-14,2025-06-01,1.0,pagado_aproximadamente_completo
C001645,205968.52,Licitación Pública,2025-05-12,services,Servicio de limpieza y vigilancia,1,121527.07,121527.07,2025-06-10,2025-06-20,0.5900273983616526,pago_parcial
C900046,101889.71,Contratación Directa,2026-03-11,goods,Adquisición de bienes de oficina,3,101889.70999999999,101889.70999999999,2026-04-06,2026-06-04,0.9999999999999999,pagado_aproximadamente_completo
C001792,89757.99,Adjudicación Simplificada,2025-05-06,services,Servicio de capacitación,2,89757.99,89757.98999999999,2025-05-31,2025-07-05,0.9999999999999999,pagado_aproximadamente_completo
C001430,,Adjudicación Simplificada,2023-08-16,works,Obra de rehabilitación vial,2,34382.56,34382.56,2023-08-22,2023-10-16,,sin_pago_o_sin_cuantia
C002850,27403.12,Comparación de Precios,2023-08-31,works,Obra de rehabilitación vial,2,27403.120000000003,27403.12,2023-10-07,2023-11-25,1.0,pagado_aproximadamente_completo
C001013,53333.89,Adjudicación Simplificada,2025-08-10,services,Servicio de capacitación,3,53333.89,53333.89,2025-09-22,2025-10-23,1.0,pagado_aproximadamente_completo
C001928,191359.01,Comparación de Precios,2026-03-06,goods,Adquisición de bienes de oficina,2,191359.01,191359.01,2026-03-15,2026-05-25,1.0,pagado_aproximadamente_completo
C002770,213805.24,Comparación de Precios,2025-04-20,services,Consultoría en ingeniería,1,213805.24,213805.24,2025-05-27,2025-06-04,1.0,pagado_aproximadamente_completo
C000126,49628.92,Licitación Pública,2023-07-11,goods,Adquisición de materiales de construcción,3,49628.92,49628.92,2023-07-29,2023-10-15,1.0,pagado_aproximadamente_completo
C002578,99470.14,Licitación Pública,2023-05-18,services,Consultoría en ingeniería,3,99470.14,99470.14,2023-06-02,2023-07-31,1.0,pagado_aproximadamente_completo
C001347,65516.18,Comparación de Precios,2023-02-11,services,Servicio de mantenimiento de infraestructura,2,65516.18,65516.18,2023-03-14,2023-04-12,1.0,pagado_aproximadamente_completo
C000355,149436.08,Adjudicación Simplificada,2025-06-28,goods,Adquisición de equipos informáticos,1,149436.08,149436.08,2025-07-04,2025-09-08,1.0,pagado_aproximadamente_completo
C000827,20838.68,Comparación de Precios,2023-02-20,services,Consultoría en ingeniería,3,20838.68,20838.68,2023-03-23,2023-05-09,1.0,pagado_aproximadamente_completo
C001639,326665.42,Licitación Pública,2023-02-15,services,Servicio de limpieza y vigilancia,1,326665.42,326665.42,2023-03-31,2023-04-13,1.0,pagado_aproximadamente_completo
C000984,325711.16,Concurso Público,2026-05-24,works,Obra de rehabilitación vial,1,325711.16,325711.16,2026-05-30,2026-06-05,1.0,pagado_aproximadamente_completo
C002188,157792.46,Adjudicación Simplificada,2023-08-18,works,Obra de rehabilitación vial,1,123519.2,123519.2,2023-09-12,2023-09-30,0.7827953249477193,pago_parcial
C003139,63373.22,Adjudicación Simplificada,2023-05-24,services,Consultoría en ingeniería,2,63373.22,63373.22,2023-06-07,2023-07-16,1.0,pagado_aproximadamente_completo
C002443,81389.67,Comparación de Precios,2025-02-20,services,Servicio de transporte,1,81389.67,81389.67,2025-03-15,2025-03-28,1.0,pagado_aproximadamente_completo
C000362,17734.76,Adjudicación Simplificada,2024-07-24,works,Obra de rehabilitación vial,1,10095.24,10095.24,2024-08-08,2024-08-21,0.569234655557786,pago_parcial
C002349,37755.65,Contratación Directa,2025-12-18,services,Servicio de capacitación,2,37755.65,37755.65,2026-01-15,2026-04-23,1.0,pagado_aproximadamente_completo
C000345,12425.07,Licitación Pública,2026-04-21,services,Servicio de limpieza y vigilancia,1,12425.07,12425.07,2026-05-19,2026-06-10,1.0,pagado_aproximadamente_completo
C003259,56397.34,Adjudicación Simplificada,2024-03-02,services,Servicio de mantenimiento de infraestructura,1,56397.34,56397.34,2024-03-31,2024-04-17,1.0,pagado_aproximadamente_completo
C003130,35027.54,Adjudicación Simplificada,2024-09-17,goods,Suministro de combustible,1,28332.88,28332.88,2024-10-29,2024-11-24,0.8088743885525503,pago_parcial
C000711,79011.14,Contratación Directa,2024-04-19,services,Servicio de limpieza y vigilancia,2,49566.93,49566.93,2024-04-30,2024-07-04,0.6273410306445395,pago_parcial
C002540,117438.13,,2024-09-28,services,Consultoría en ingeniería,2,117438.13,117438.13,2024-10-22,2024-10-29,1.0,pagado_aproximadamente_completo
C000010,82092.75,Comparación de Precios,2025-04-26,services,Servicio de transporte,2,82092.75,82092.75,2025-05-05,2025-07-25,1.0,pagado_aproximadamente_completo
C002968,65242.18,Adjudicación Simplificada,2023-03-21,services,Servicio de mantenimiento de infraestructura,2,65242.18,65242.17999999999,2023-04-21,2023-05-20,0.9999999999999999,pagado_aproximadamente_completo
C002116,18769.91,Adjudicación Simplificada,2023-03-13,goods,Adquisición de equipos informáticos,2,18769.91,18769.91,2023-03-20,2023-07-22,1.0,pagado_aproximadamente_completo
C001834,330003.3,Adjudicación Simplificada,2025-05-03,services,Servicio de capacitación,3,330003.3,330003.3,2025-05-25,2025-07-16,1.0,pagado_aproximadamente_completo
C000793,235014.27,Concurso Público,2023-10-08,services,Servicio de capacitación,1,235014.27,235014.27,2023-11-18,2023-12-05,1.0,pagado_aproximadamente_completo
C003412,65943.58,Adjudicación Simplificada,2024-09-28,services,Consultoría en ingeniería,2,65943.58,65943.58,2024-10-30,2024-11-27,1.0,pagado_aproximadamente_completo
C000094,11478.61,Adjudicación Simplificada,2024-01-15,goods,Adquisición de materiales de construcción,1,11478.61,11478.61,2024-02-26,2024-03-09,1.0,pagado_aproximadamente_completo
C000129,361347.19,Comparación de Precios,2024-08-07,services,Servicio de transporte,3,361347.19000000006,361347.19,2024-09-15,2024-10-31,1.0,pagado_aproximadamente_completo
C002371,250044.11,Adjudicación Simplificada,2025-03-04,services,Servicio de transporte,1,250044.11,250044.11,2025-04-11,2025-04-13,1.0,pagado_aproximadamente_completo
C002862,37726.6,Licitación Pública,2023-02-13,services,Servicio de capacitación,2,37726.6,37726.6,2023-03-03,2023-04-14,1.0,pagado_aproximadamente_completo
C700088,80041.51,Concurso Público,2025-10-04,services,Servicio de capacitación,2,80041.51000000001,80041.51,2025-11-06,2025-11-27,1.0,pagado_aproximadamente_completo
C002263,24398.88,Adjudicación Simplificada,2023-11-09,services,Servicio de transporte,2,24398.88,24398.88,2023-11-30,2024-01-02,1.0,pagado_aproximadamente_completo
C001900,61680.6,Concurso Público,2026-01-09,works,Obra de rehabilitación vial,1,61680.6,61680.6,2026-02-17,2026-03-01,1.0,pagado_aproximadamente_completo
C002699,42191.21,Adjudicación Simplificada,2026-01-02,services,Servicio de transporte,2,42191.21,42191.21,2026-02-05,2026-03-09,1.0,pagado_aproximadamente_completo
C003379,79592.57,Comparación de Precios,2026-05-15,goods,Suministro de combustible,2,79592.57,79592.57,2026-06-08,2026-08-07,1.0,pagado_aproximadamente_completo
C001932,221695.69,Comparación de Precios,2024-10-04,services,Servicio de capacitación,2,221695.69,221695.69,2024-11-13,2024-12-13,1.0,pagado_aproximadamente_completo
C002643,34869.73,Comparación de Precios,2026-03-17,services,Servicio de limpieza y vigilancia,2,34869.729999999996,34869.73,2026-04-08,2026-06-04,1.0,pagado_aproximadamente_completo
C001865,48107.77,Adjudicación Simplificada,2024-06-26,works,Obra de rehabilitación vial,2,48107.770000000004,48107.770000000004,2024-07-20,2024-09-16,1.0000000000000002,pagado_aproximadamente_completo
C001658,74184.72,Comparación de Precios,2026-02-18,goods,Adquisición de equipos informáticos,1,74184.72,74184.72,2026-03-19,2026-03-31,1.0,pagado_aproximadamente_completo
C000516,135854.96,Concurso Público,2025-05-15,services,Servicio de capacitación,1,135854.96,135854.96,2025-06-18,2025-10-03,1.0,pagado_aproximadamente_completo
C001857,39415.93,Contratación Directa,2026-02-06,services,Servicio de transporte,2,39415.93,39415.93,2026-03-16,2026-04-14,1.0,pagado_aproximadamente_completo
C002243,21178.13,Licitación Pública,2023-08-17,goods,Adquisición de bienes de oficina,1,21178.13,21178.13,2023-08-30,2023-10-27,1.0,pagado_aproximadamente_completo
C001277,1980.86,Comparación de Precios,2023-02-05,services,Servicio de capacitación,2,1980.8600000000001,1980.86,2023-03-18,2023-07-01,1.0,pagado_aproximadamente_completo
C700073,896103.21,Licitación Pública,2024-11-29,services,Servicio de mantenimiento de infraestructura,3,896103.21,896103.21,2025-01-11,2025-02-11,1.0,pagado_aproximadamente_completo
C000950,106652.67,Concurso Público,2024-03-18,services,,2,94851.44,94851.44,2024-04-16,2024-05-18,0.8893489492574355,pago_parcial
C001120,206664.07,Adjudicación Simplificada,2025-08-13,services,Servicio de transporte,1,206664.07,206664.07,2025-09-13,2025-09-23,1.0,pagado_aproximadamente_completo
C002204,75160.42,Adjudicación Simplificada,2023-09-19,works,Obra de rehabilitación vial,1,75160.42,75160.42,2023-10-30,2024-02-15,1.0,pagado_aproximadamente_completo
C000419,96432.92,Adjudicación Simplificada,2025-07-20,services,Servicio de capacitación,2,96432.92000000001,96432.92000000001,2025-08-13,2025-09-06,1.0000000000000002,pagado_aproximadamente_completo
C000922,52413.71,Comparación de Precios,2024-10-25,goods,Adquisición de bienes de oficina,1,37103.34,37103.34,2024-12-03,2024-12-18,0.7078937934368698,pago_parcial
C002711,52801.27,Concurso Público,2024-11-14,goods,Suministro de combustible,3,52801.270000000004,52801.27,2024-12-15,2025-02-01,1.0,pagado_aproximadamente_completo
C000477,67973.08,Licitación Pública,2024-05-29,goods,Suministro de combustible,1,58966.21,58966.21,2024-07-12,2024-07-31,0.8674935724554486,pago_parcial
C002035,97929.8,Adjudicación Simplificada,2025-02-11,goods,Adquisición de equipos informáticos,1,82196.1,82196.1,2025-03-02,2025-03-26,0.8393369536137111,pago_parcial
C002684,36246.37,Comparación de Precios,2024-11-29,services,Servicio de limpieza y vigilancia,3,36246.37,36246.37,2025-01-12,2025-02-21,1.0,pagado_aproximadamente_completo
C001692,113698.3,Adjudicación Simplificada,2023-02-05,services,Servicio de capacitación,3,113698.29999999999,113698.3,2023-03-12,2023-04-20,1.0,pagado_aproximadamente_completo
C002725,244482.15,Contratación Directa,2023-08-08,services,Servicio de limpieza y vigilancia,1,263769.81,263769.81,2023-09-09,2023-09-19,1.0788918945616275,sobrepago_senal_revisar
C001471,44104.72,Comparación de Precios,2023-02-19,services,Servicio de transporte,1,22722.13,0.0,2023-04-01,,0.0,pendiente_sin_pago
C001202,13260.15,Adjudicación Simplificada,2026-03-31,services,Consultoría en ingeniería,2,13260.15,13260.15,2026-04-26,2026-05-31,1.0,pagado_aproximadamente_completo
C002438,172674.18,Concurso Público,2025-05-25,works,Obra de rehabilitación vial,1,139184.11,139184.11,2025-06-18,2025-06-30,0.8060505050610346,pago_parcial
C001669,131774.28,Comparación de Precios,2023-10-01,goods,Suministro de combustible,2,131774.28,131774.28,2023-10-19,2023-11-19,1.0,pagado_aproximadamente_completo
C003427,38028.64,Comparación de Precios,2024-06-15,services,Servicio de limpieza y vigilancia,1,38028.64,38028.64,2024-06-21,2024-07-08,1.0,pagado_aproximadamente_completo
C001970,308748.66,Comparación de Precios,2024-06-30,goods,Adquisición de materiales de construcción,1,308748.66,308748.66,2024-08-04,2024-08-20,1.0,pagado_aproximadamente_completo
C002151,127102.18,Comparación de Precios,2023-09-18,goods,Adquisición de materiales de construcción,3,127102.18,127102.18000000001,2023-10-28,2023-12-15,1.0000000000000002,pagado_aproximadamente_completo
C000820,150949.28,Contratación Directa,2024-04-28,services,Servicio de limpieza y vigilancia,1,118990.56,0.0,2024-05-30,,0.0,pendiente_sin_pago
C001997,72370.27,Comparación de Precios,2023-06-30,goods,Adquisición de equipos informáticos,2,72370.26999999999,72370.26999999999,2023-08-08,2023-09-02,0.9999999999999998,pagado_aproximadamente_completo
C700043,646016.26,Licitación Pública,2024-07-10,services,Servicio de transporte,1,646016.26,646016.26,2024-08-19,2024-08-27,1.0,pagado_aproximadamente_completo
C001248,8136.31,Adjudicación Simplificada,2025-04-01,goods,Adquisición de equipos informáticos,2,8136.3099999999995,8136.3099999999995,2025-04-23,2025-05-14,0.9999999999999999,pagado_aproximadamente_completo
C002707,23542.85,Licitación Pública,2025-05-02,services,Servicio de capacitación,2,23542.85,23542.85,2025-05-30,2025-08-24,1.0,pagado_aproximadamente_completo
C003281,158294.5,Comparación de Precios,2025-02-01,goods,Adquisición de equipos informáticos,3,158294.5,158294.5,2025-03-01,2025-04-25,1.0,pagado_aproximadamente_completo
C002190,59682.76,,2025-12-08,services,Servicio de capacitación,2,63831.4,63831.399999999994,2026-01-08,2026-02-05,1.0695115306329666,sobrepago_senal_revisar
C003222,277890.71,Comparación de Precios,2025-02-14,works,Obra de rehabilitación vial,3,277890.71,277890.70999999996,2025-03-03,2025-05-13,0.9999999999999998,pagado_aproximadamente_completo
C001046,142400.3,Concurso Público,2026-03-17,services,Servicio de mantenimiento de infraestructura,1,142400.3,142400.3,2026-04-16,2026-06-15,1.0,pagado_aproximadamente_completo
C001888,62715.26,Adjudicación Simplificada,2024-10-11,services,Servicio de transporte,3,62715.259999999995,62715.26,2024-10-20,2025-01-09,1.0,pagado_aproximadamente_completo
C002469,49736.46,Adjudicación Simplificada,2025-09-07,goods,,3,49736.46,49736.46,2025-09-19,2025-11-13,1.0,pagado_aproximadamente_completo
C000615,34989.6,Concurso Público,2026-06-17,goods,Adquisición de bienes de oficina,3,34989.6,34989.600000000006,2026-07-16,2026-08-07,1.0000000000000002,pagado_aproximadamente_completo
C001318,128554.5,Comparación de Precios,2023-08-09,services,Servicio de limpieza y vigilancia,1,128554.5,128554.5,2023-09-08,2023-09-22,1.0,pagado_aproximadamente_completo
C700063,468536.37,Concurso Público,2026-06-04,services,Servicio de limpieza y vigilancia,2,468536.37,468536.37,2026-06-29,2026-08-07,1.0,pagado_aproximadamente_completo
C700101,859270.25,Licitación Pública,2026-05-23,goods,Adquisición de equipos informáticos,2,859270.25,859270.25,2026-06-20,2026-08-07,1.0,pagado_aproximadamente_completo
C900004,312555.94,Contratación Directa,2024-05-08,goods,Adquisición de materiales de construcción,3,312555.94,312555.94,2024-06-17,2024-08-09,1.0,pagado_aproximadamente_completo
C002136,112916.01,Contratación Directa,2024-01-04,goods,Adquisición de bienes de oficina,1,112916.01,112916.01,2024-01-11,2024-01-13,1.0,pagado_aproximadamente_completo
C003022,6783.93,Contratación Directa,2024-12-05,services,Servicio de limpieza y vigilancia,2,6783.93,6783.93,2024-12-24,2025-02-26,1.0,pagado_aproximadamente_completo
C001772,26108.79,Comparación de Precios,2025-10-15,goods,Adquisición de materiales de construcción,2,26108.79,26108.79,2025-10-23,2025-12-09,1.0,pagado_aproximadamente_completo
C900034,452080.4,Comparación de Precios,2024-07-10,goods,Adquisición de materiales de construcción,1,452080.4,452080.4,2024-07-17,2024-08-07,1.0,pagado_aproximadamente_completo
C000131,186474.3,Comparación de Precios,2025-07-25,goods,Adquisición de equipos informáticos,3,186474.3,186474.3,2025-08-07,2025-09-25,1.0,pagado_aproximadamente_completo
C000077,22693.88,Comparación de Precios,2025-12-03,goods,Adquisición de materiales de construcción,1,22693.88,22693.88,2025-12-30,2026-03-23,1.0,pagado_aproximadamente_completo
C002052,64924.35,Adjudicación Simplificada,2023-12-23,goods,Adquisición de materiales de construcción,1,64924.35,64924.35,2024-01-20,2024-02-14,1.0,pagado_aproximadamente_completo
C000724,63891.59,Licitación Pública,2024-11-05,services,Servicio de limpieza y vigilancia,2,63891.59,63891.59,2024-11-15,2024-12-26,1.0,pagado_aproximadamente_completo
C001314,44615.99,Adjudicación Simplificada,2026-03-25,goods,Adquisición de materiales de construcción,2,44615.99,44615.99,2026-04-24,2026-05-14,1.0,pagado_aproximadamente_completo
C001851,77588.14,Adjudicación Simplificada,2024-05-12,services,Servicio de capacitación,2,77588.14,77588.14,2024-05-17,2024-09-19,1.0,pagado_aproximadamente_completo
C700108,431991.25,,2024-09-02,services,Servicio de mantenimiento de infraestructura,2,431991.25,431991.25,2024-10-01,2024-11-01,1.0,pagado_aproximadamente_completo
C002823,36817.78,Comparación de Precios,2024-11-07,services,Servicio de capacitación,2,36817.78,36817.78,2024-12-14,2025-01-16,1.0,pagado_aproximadamente_completo
C003054,33451.47,Comparación de Precios,2026-05-08,goods,Adquisición de equipos informáticos,3,33451.47,33451.47,2026-06-05,2026-07-16,1.0,pagado_aproximadamente_completo
C001372,43764.32,Adjudicación Simplificada,2023-05-21,goods,Adquisición de materiales de construcción,2,43764.32,43764.32,2023-06-18,2023-07-01,1.0,pagado_aproximadamente_completo
C001855,50018.23,Comparación de Precios,2025-09-14,goods,Adquisición de materiales de construcción,2,50018.23,50018.229999999996,2025-09-22,2025-11-05,0.9999999999999999,pagado_aproximadamente_completo
C001319,116217.12,Licitación Pública,2023-04-17,services,Servicio de mantenimiento de infraestructura,1,81538.04,81538.04,2023-05-10,2023-06-01,0.7016009345266859,pago_parcial
C002560,35941.03,Comparación de Precios,2025-05-09,works,Obra de rehabilitación vial,1,35941.03,35941.03,2025-06-14,2025-06-28,1.0,pagado_aproximadamente_completo
C700050,460993.34,Concurso Público,2025-12-28,services,Servicio de transporte,1,260813.59,260813.59,2026-01-20,2026-02-03,0.5657643340357151,pago_parcial
C002674,24326.68,Comparación de Precios,2024-02-22,goods,Adquisición de bienes de oficina,1,15016.86,0.0,2024-03-04,,0.0,pendiente_sin_pago
C000375,114068.95,Concurso Público,2025-05-02,goods,,2,114068.95000000001,114068.95,2025-06-10,2025-07-06,1.0,pagado_aproximadamente_completo
C001908,8929.35,Comparación de Precios,2023-02-20,goods,Adquisición de bienes de oficina,1,4038.52,0.0,2023-03-29,,0.0,pendiente_sin_pago
C000333,60372.07,Adjudicación Simplificada,2023-08-28,goods,Suministro de combustible,3,60372.07,60372.07,2023-09-17,2023-11-29,1.0,pagado_aproximadamente_completo
C002775,29255.89,Adjudicación Simplificada,2025-03-23,services,,1,29255.89,29255.89,2025-03-28,2025-04-03,1.0,pagado_aproximadamente_completo
C002830,34571.86,Adjudicación Simplificada,2024-01-02,services,Servicio de mantenimiento de infraestructura,2,26527.84,26527.840000000004,2024-01-08,2024-03-19,0.7673246391718583,pago_parcial
C002365,212954.33,Adjudicación Simplificada,2025-04-02,services,Servicio de capacitación,3,212954.33000000002,212954.33000000002,2025-04-16,2025-06-29,1.0000000000000002,pagado_aproximadamente_completo
C001604,24189.85,Licitación Pública,2023-08-24,services,Servicio de limpieza y vigilancia,2,24189.85,24189.85,2023-09-27,2023-11-03,1.0,pagado_aproximadamente_completo
C001118,85656.78,Adjudicación Simplificada,2024-02-05,services,Servicio de transporte,3,85656.78,85656.78,2024-02-27,2024-05-01,1.0,pagado_aproximadamente_completo
C003496,33699.25,Comparación de Precios,2024-07-26,works,Obra de rehabilitación vial,2,33699.25,33699.25,2024-08-15,2024-10-05,1.0,pagado_aproximadamente_completo
C001943,126842.32,Comparación de Precios,2024-01-24,services,Servicio de limpieza y vigilancia,2,87631.47,87631.47,2024-02-19,2024-04-06,0.6908693407689168,pago_parcial
C002817,36021.27,Contratación Directa,2023-12-07,services,Servicio de capacitación,2,23172.78,23172.78,2023-12-18,2024-01-30,0.6433082453783556,pago_parcial
C002376,23748.29,Adjudicación Simplificada,2025-01-15,goods,Adquisición de equipos informáticos,2,18764.58,18764.58,2025-02-25,2025-03-22,0.7901444693491616,pago_parcial
C003102,91087.37,Adjudicación Simplificada,2026-04-10,goods,Adquisición de bienes de oficina,2,91087.37,91087.37,2026-05-08,2026-08-03,1.0,pagado_aproximadamente_completo
C001342,56281.25,Comparación de Precios,2025-06-22,services,Servicio de mantenimiento de infraestructura,2,56281.25,56281.25,2025-07-29,2025-11-09,1.0,pagado_aproximadamente_completo
C000320,103798.05,Adjudicación Simplificada,2023-09-23,goods,Adquisición de bienes de oficina,1,103798.05,103798.05,2023-10-09,2023-10-15,1.0,pagado_aproximadamente_completo
C001619,,Comparación de Precios,2025-04-06,goods,Suministro de combustible,2,62185.649999999994,62185.65,2025-05-04,2025-08-06,,sin_pago_o_sin_cuantia
C003004,7408.01,Adjudicación Simplificada,2026-03-19,works,Obra de rehabilitación vial,2,7408.01,7408.01,2026-04-04,2026-05-08,1.0,pagado_aproximadamente_completo
C002060,27631.3,Comparación de Precios,2024-12-21,services,Consultoría en ingeniería,1,27631.3,27631.3,2025-01-18,2025-01-21,1.0,pagado_aproximadamente_completo
C002219,136697.46,Adjudicación Simplificada,2024-09-15,works,,1,136697.46,136697.46,2024-09-26,2024-09-30,1.0,pagado_aproximadamente_completo
C001673,156741.89,Adjudicación Simplificada,2026-04-08,services,Consultoría en ingeniería,1,113997.31,0.0,2026-04-27,,0.0,pendiente_sin_pago
C001942,4421.4,Adjudicación Simplificada,2023-02-19,goods,Adquisición de equipos informáticos,2,4421.4,4421.4,2023-03-16,2023-03-31,1.0,pagado_aproximadamente_completo
C000260,87207.39,Licitación Pública,2024-10-08,services,Servicio de limpieza y vigilancia,3,87207.38999999998,87207.39,2024-11-11,2024-12-25,1.0,pagado_aproximadamente_completo
C002890,92503.83,Adjudicación Simplificada,2025-08-22,services,Servicio de mantenimiento de infraestructura,3,92503.83,92503.83,2025-09-05,2025-11-10,1.0,pagado_aproximadamente_completo
C002039,17907.98,Concurso Público,2024-04-15,services,Consultoría en ingeniería,3,17907.98,17907.98,2024-05-13,2024-07-24,1.0,pagado_aproximadamente_completo
C000689,172569.07,Licitación Pública,2024-02-03,goods,Adquisición de materiales de construcción,1,118115.96,118115.96,2024-02-12,2024-03-02,0.6844561426911555,pago_parcial
C000901,22026.8,Licitación Pública,2023-11-23,services,Servicio de mantenimiento de infraestructura,2,22026.8,22026.8,2023-12-15,2024-04-01,1.0,pagado_aproximadamente_completo
C002306,41896.91,Adjudicación Simplificada,2025-09-24,goods,Adquisición de equipos informáticos,1,41896.91,41896.91,2025-10-25,2026-02-04,1.0,pagado_aproximadamente_completo
C002026,249691.08,Adjudicación Simplificada,2024-09-01,goods,Adquisición de bienes de oficina,1,145286.52,145286.52,2024-09-19,2024-09-28,0.5818650790408693,pago_parcial
C000138,48878.16,Comparación de Precios,2026-02-18,services,Servicio de limpieza y vigilancia,3,48878.159999999996,48878.16,2026-04-03,2026-05-27,1.0,pagado_aproximadamente_completo
C001917,232763.35,Concurso Público,2023-01-18,services,Servicio de mantenimiento de infraestructura,1,152396.9,0.0,2023-02-25,,0.0,pendiente_sin_pago
C001828,533230.02,Adjudicación Simplificada,2026-01-09,goods,Adquisición de equipos informáticos,2,571555.36,571555.36,2026-01-24,2026-03-16,1.071873935379707,sobrepago_senal_revisar
C001573,78738.22,Licitación Pública,2023-10-30,services,Servicio de mantenimiento de infraestructura,3,78738.22,78738.22,2023-11-28,2024-02-10,1.0,pagado_aproximadamente_completo
C000319,6540.79,Adjudicación Simplificada,2023-01-06,services,Consultoría en ingeniería,1,4519.27,0.0,2023-02-17,,0.0,pendiente_sin_pago
C000653,68810.51,Comparación de Precios,2025-05-19,works,Obra de rehabilitación vial,2,68810.51,68810.51,2025-06-14,2025-06-26,1.0,pagado_aproximadamente_completo
C002137,41374.48,Contratación Directa,2025-01-05,goods,Adquisición de equipos informáticos,1,25223.94,25223.94,2025-02-03,2025-02-19,0.6096497164435661,pago_parcial
C002851,65511.99,Licitación Pública,2024-12-29,goods,Adquisición de materiales de construcción,2,65511.99,65511.99,2025-01-25,2025-03-04,1.0,pagado_aproximadamente_completo
C000558,57386.6,Contratación Directa,2024-09-12,goods,Adquisición de materiales de construcción,1,57386.6,57386.6,2024-10-22,2024-11-11,1.0,pagado_aproximadamente_completo
C002187,52378.54,Licitación Pública,2023-04-09,services,Servicio de mantenimiento de infraestructura,3,52378.53999999999,52378.54,2023-05-15,2023-06-19,1.0,pagado_aproximadamente_completo
C000112,138110.3,Concurso Público,2023-08-15,works,Obra de rehabilitación vial,1,138110.3,138110.3,2023-09-22,2023-10-11,1.0,pagado_aproximadamente_completo
C000531,74325.15,Licitación Pública,2023-02-22,services,Servicio de limpieza y vigilancia,3,74325.15,74325.15,2023-03-24,2023-05-05,1.0,pagado_aproximadamente_completo
C000224,,Concurso Público,2026-04-22,services,Servicio de transporte,1,62185.65,62185.65,2026-05-12,2026-05-25,,sin_pago_o_sin_cuantia
C000723,47459.54,,2023-05-21,services,Servicio de transporte,2,47459.54,47459.54,2023-06-06,2023-08-11,1.0,pagado_aproximadamente_completo
C003020,552380.44,Licitación Pública,2023-07-20,services,Servicio de mantenimiento de infraestructura,1,552380.44,552380.44,2023-08-22,2023-09-09,1.0,pagado_aproximadamente_completo
C003166,21804.17,,2025-07-11,services,Servicio de transporte,2,23195.33,23195.33,2025-08-20,2025-09-22,1.063802474480799,sobrepago_senal_revisar
C001433,48885.23,Adjudicación Simplificada,2025-12-15,services,Consultoría en ingeniería,1,51521.48,51521.48,2026-01-25,2026-01-29,1.0539273314250541,sobrepago_senal_revisar
C002373,48286.45,Comparación de Precios,2024-10-29,services,Consultoría en ingeniería,2,48286.450000000004,48286.45,2024-11-24,2025-02-14,1.0,pagado_aproximadamente_completo
C002861,46672.75,Licitación Pública,2023-04-22,goods,Adquisición de bienes de oficina,1,46672.75,46672.75,2023-05-30,2023-06-19,1.0,pagado_aproximadamente_completo
C002946,361494.63,Comparación de Precios,2026-02-08,services,Consultoría en ingeniería,3,361494.63,361494.63,2026-03-12,2026-04-20,1.0,pagado_aproximadamente_completo
C001458,171792.32,Concurso Público,2026-01-31,works,Obra de rehabilitación vial,1,171792.32,171792.32,2026-02-26,2026-06-11,1.0,pagado_aproximadamente_completo
C003330,23808.93,Licitación Pública,2025-11-02,services,Servicio de transporte,1,23808.93,23808.93,2025-12-09,2025-12-20,1.0,pagado_aproximadamente_completo
C000846,36728.84,Licitación Pública,2026-05-02,goods,Adquisición de bienes de oficina,2,36728.84,36728.84,2026-05-24,2026-08-07,1.0,pagado_aproximadamente_completo
C000193,41587.78,Comparación de Precios,2025-01-13,services,Consultoría en ingeniería,2,41587.78,41587.78,2025-02-03,2025-03-01,1.0,pagado_aproximadamente_completo
C001464,29578.67,Adjudicación Simplificada,2024-05-17,goods,Suministro de combustible,1,29578.67,29578.67,2024-06-21,2024-07-17,1.0,pagado_aproximadamente_completo
C002621,54628.16,Adjudicación Simplificada,2025-11-06,services,Servicio de mantenimiento de infraestructura,1,54628.16,54628.16,2025-12-09,2025-12-20,1.0,pagado_aproximadamente_completo
C000946,34819.02,Adjudicación Simplificada,2024-10-13,services,Consultoría en ingeniería,3,34819.020000000004,34819.020000000004,2024-10-19,2025-01-19,1.0000000000000002,pagado_aproximadamente_completo
C002021,21392.77,Adjudicación Simplificada,2024-02-23,services,Servicio de mantenimiento de infraestructura,2,15490.45,15490.449999999999,2024-04-03,2024-04-29,0.724097440396919,pago_parcial
C002551,43377.15,Comparación de Precios,2026-01-09,services,Servicio de transporte,2,43377.149999999994,43377.15,2026-02-07,2026-03-13,1.0,pagado_aproximadamente_completo
C001629,78456.13,Adjudicación Simplificada,2024-03-29,services,Servicio de limpieza y vigilancia,2,64817.45,64817.450000000004,2024-04-26,2024-05-16,0.826161703362121,pago_parcial
C000117,6299.48,Licitación Pública,2025-08-01,services,Servicio de capacitación,1,5216.98,5216.98,2025-08-28,2025-09-04,0.8281604195901884,pago_parcial
C000645,12735.74,Comparación de Precios,2023-01-15,goods,Suministro de combustible,1,10018.64,0.0,2023-01-23,,0.0,pendiente_sin_pago
C001870,25753.01,Contratación Directa,2024-12-30,works,Obra de rehabilitación vial,2,25753.010000000002,25753.010000000002,2025-02-02,2025-02-24,1.0000000000000002,pagado_aproximadamente_completo
C000003,113998.3,Licitación Pública,2026-05-21,goods,Adquisición de bienes de oficina,1,100503.58,100503.58,2026-05-30,2026-06-12,0.8816234978942669,pago_parcial
C000074,673615.68,Comparación de Precios,2024-07-27,services,Servicio de mantenimiento de infraestructura,1,673615.68,673615.68,2024-09-10,2024-09-12,1.0,pagado_aproximadamente_completo
C001755,88917.0,Concurso Público,2025-12-04,goods,Suministro de combustible,1,74406.91,74406.91,2025-12-29,2026-01-17,0.8368130953585928,pago_parcial
C000467,79006.83,Comparación de Precios,2024-09-15,services,Servicio de capacitación,3,79006.83,79006.83,2024-09-23,2024-12-29,1.0,pagado_aproximadamente_completo
C000005,61736.55,Comparación de Precios,2025-07-01,services,Servicio de transporte,1,61736.55,61736.55,2025-07-16,2025-08-09,1.0,pagado_aproximadamente_completo
C001246,11086.94,Adjudicación Simplificada,2023-01-23,works,Obra de rehabilitación vial,1,9139.08,9139.08,2023-02-27,2023-03-25,0.824310404854721,pago_parcial
C000919,82313.57,Adjudicación Simplificada,2024-01-17,goods,Adquisición de equipos informáticos,1,54105.44,54105.44,2024-02-03,2024-02-12,0.6573088738588303,pago_parcial
C002595,81459.87,Licitación Pública,2026-05-05,services,Servicio de limpieza y vigilancia,2,81459.87,81459.87,2026-06-04,2026-07-19,1.0,pagado_aproximadamente_completo
C000228,90896.06,Adjudicación Simplificada,2023-07-27,services,Servicio de capacitación,1,90896.06,90896.06,2023-08-28,2023-09-23,1.0,pagado_aproximadamente_completo
C001063,260334.8,Adjudicación Simplificada,2026-04-06,services,Servicio de limpieza y vigilancia,1,137994.66,0.0,2026-05-19,,0.0,pendiente_sin_pago
C002590,162375.87,,2024-03-18,services,Servicio de limpieza y vigilancia,1,162375.87,162375.87,2024-04-24,2024-05-11,1.0,pagado_aproximadamente_completo
C000242,282626.11,Concurso Público,2025-10-15,services,Servicio de mantenimiento de infraestructura,2,228184.07,228184.07,2025-11-26,2025-12-18,0.8073708051955993,pago_parcial
C002804,71685.98,Concurso Público,2024-10-16,works,Obra de rehabilitación vial,1,71685.98,71685.98,2024-11-21,2025-01-29,1.0,pagado_aproximadamente_completo
C001160,54335.92,Contratación Directa,2025-07-28,services,Servicio de capacitación,1,42597.93,42597.93,2025-08-16,2025-08-26,0.7839736586773538,pago_parcial
C003094,11023.21,Comparación de Precios,2024-07-25,services,Servicio de transporte,1,11023.21,11023.21,2024-08-04,2024-08-22,1.0,pagado_aproximadamente_completo
C002751,91321.23,Comparación de Precios,2024-08-26,goods,Adquisición de materiales de construcción,1,60457.24,60457.24,2024-10-10,2024-10-14,0.662028314774122,pago_parcial
C002563,30980.91,Comparación de Precios,2023-12-28,services,Servicio de capacitación,2,30980.91,30980.91,2024-02-05,2024-02-18,1.0,pagado_aproximadamente_completo
C002671,44988.41,Adjudicación Simplificada,2024-11-16,goods,Adquisición de materiales de construcción,3,44988.41,44988.409999999996,2024-11-24,2025-02-05,0.9999999999999999,pagado_aproximadamente_completo
C001526,56406.04,Comparación de Precios,2023-11-07,services,Servicio de limpieza y vigilancia,3,56406.04,56406.03999999999,2023-12-05,2024-01-22,0.9999999999999999,pagado_aproximadamente_completo
C001605,165323.97,Comparación de Precios,2026-03-12,goods,Adquisición de materiales de construcción,3,165323.97,165323.97,2026-04-17,2026-06-02,1.0,pagado_aproximadamente_completo
C003439,197185.43,Licitación Pública,2023-11-14,works,Obra de rehabilitación vial,3,197185.43,197185.43,2023-11-19,2024-02-06,1.0,pagado_aproximadamente_completo
C800002,378594.32,Concurso Público Abreviado,2026-04-29,services,Servicio de capacitación,2,378594.32,378594.32,2026-05-20,2026-07-01,1.0,pagado_aproximadamente_completo
C002858,22472.43,Adjudicación Simplificada,2023-12-04,services,Servicio de transporte,3,22472.43,22472.43,2023-12-09,2024-03-13,1.0,pagado_aproximadamente_completo
C003133,19350.57,Comparación de Precios,2025-07-30,goods,Adquisición de equipos informáticos,1,19350.57,19350.57,2025-08-30,2025-09-05,1.0,pagado_aproximadamente_completo
C001989,258465.46,Adjudicación Simplificada,2024-03-04,goods,Adquisición de materiales de construcción,2,258465.46,258465.46000000002,2024-03-14,2024-05-11,1.0000000000000002,pagado_aproximadamente_completo
C002887,64536.72,Adjudicación Simplificada,2025-09-01,goods,Adquisición de equipos informáticos,3,64536.72,64536.72,2025-09-23,2025-11-20,1.0,pagado_aproximadamente_completo
C002362,36350.77,Licitación Pública,2025-10-04,works,Obra de rehabilitación vial,2,36350.77,36350.770000000004,2025-10-19,2025-12-20,1.0000000000000002,pagado_aproximadamente_completo
C001975,85044.77,Adjudicación Simplificada,2026-01-18,services,Servicio de transporte,2,85044.76999999999,85044.77,2026-02-27,2026-03-23,1.0,pagado_aproximadamente_completo
C001761,59453.72,Adjudicación Simplificada,2023-06-12,services,Servicio de limpieza y vigilancia,1,59453.72,59453.72,2023-07-06,2023-10-23,1.0,pagado_aproximadamente_completo
C001305,185730.39,Comparación de Precios,2024-10-21,services,Servicio de transporte,1,185730.39,185730.39,2024-11-18,2024-11-28,1.0,pagado_aproximadamente_completo
C001541,21459.4,Comparación de Precios,2026-04-12,services,Servicio de transporte,2,21459.4,21459.4,2026-04-25,2026-08-07,1.0,pagado_aproximadamente_completo
C003210,32029.85,Adjudicación Simplificada,2025-01-13,goods,Suministro de combustible,1,28361.65,28361.65,2025-02-15,2025-02-16,0.8854755798107079,pago_parcial
C002472,314649.84,Comparación de Precios,2023-03-11,services,Servicio de limpieza y vigilancia,1,131877.21,0.0,2023-04-01,,0.0,pendiente_sin_pago
C002642,13937.7,Adjudicación Simplificada,2026-03-21,goods,Suministro de combustible,2,13937.7,13937.7,2026-04-14,2026-06-20,1.0,pagado_aproximadamente_completo
C000622,62391.23,Contratación Directa,2023-11-30,services,Consultoría en ingeniería,2,43625.97,43625.97,2023-12-28,2024-01-29,0.6992324081445421,pago_parcial
C002873,9174.8,Licitación Pública,2023-05-18,services,Servicio de capacitación,3,9174.8,9174.8,2023-05-26,2023-07-31,1.0,pagado_aproximadamente_completo
C001493,43253.81,Licitación Pública,2024-10-22,services,Servicio de limpieza y vigilancia,1,43253.81,43253.81,2024-11-09,2024-11-19,1.0,pagado_aproximadamente_completo
C000110,10876.37,Comparación de Precios,2024-12-16,services,Servicio de capacitación,2,10876.369999999999,10876.369999999999,2025-01-03,2025-05-23,0.9999999999999998,pagado_aproximadamente_completo
C002275,36751.86,Adjudicación Simplificada,2025-08-23,services,Servicio de capacitación,2,27343.6,27343.6,2025-10-03,2025-10-19,0.7440058816070805,pago_parcial
C002788,,Adjudicación Simplificada,2024-09-19,services,Servicio de capacitación,2,62185.649999999994,62185.65,2024-10-21,2024-11-17,,sin_pago_o_sin_cuantia
C001169,96790.86,Adjudicación Simplificada,2023-06-12,goods,Adquisición de materiales de construcción,2,96790.86,96790.86,2023-06-18,2023-09-07,1.0,pagado_aproximadamente_completo
C003023,102797.03,Adjudicación Simplificada,2025-04-28,goods,Suministro de combustible,2,71034.94,71034.94,2025-05-19,2025-07-10,0.691021326199794,pago_parcial
C000232,23705.61,Concurso Público,2023-02-04,services,Consultoría en ingeniería,2,23705.61,23705.61,2023-03-17,2023-04-22,1.0,pagado_aproximadamente_completo
C000066,72065.14,Contratación Directa,2025-02-25,services,Servicio de capacitación,3,72065.14,72065.14,2025-03-10,2025-05-25,1.0,pagado_aproximadamente_completo
C003337,6910.18,Adjudicación Simplificada,2024-10-22,services,Consultoría en ingeniería,3,6910.18,6910.18,2024-10-27,2025-01-03,1.0,pagado_aproximadamente_completo
C002072,60259.78,Comparación de Precios,2025-02-13,services,Consultoría en ingeniería,2,60259.78,60259.78,2025-02-25,2025-04-21,1.0,pagado_aproximadamente_completo
C002192,340286.24,Comparación de Precios,2025-11-27,goods,Adquisición de materiales de construcción,2,340286.24,340286.24,2025-12-22,2026-01-22,1.0,pagado_aproximadamente_completo
C000536,76472.15,Adjudicación Simplificada,2024-07-29,services,Servicio de mantenimiento de infraestructura,2,76472.15,76472.15,2024-08-24,2024-09-23,1.0,pagado_aproximadamente_completo
C000125,19544.79,Licitación Pública,2026-04-02,goods,Adquisición de materiales de construcción,2,19544.79,19544.79,2026-04-08,2026-05-22,1.0,pagado_aproximadamente_completo
C002133,,Comparación de Precios,2025-02-12,goods,Adquisición de bienes de oficina,1,62185.65,62185.65,2025-03-17,2025-03-21,,sin_pago_o_sin_cuantia
C001254,42947.68,Licitación Pública,2023-06-19,services,Servicio de mantenimiento de infraestructura,1,42947.68,42947.68,2023-08-03,2023-08-19,1.0,pagado_aproximadamente_completo
C003052,166539.57,Contratación Directa,2025-04-30,services,Servicio de mantenimiento de infraestructura,3,166539.57,166539.57,2025-06-14,2025-07-19,1.0,pagado_aproximadamente_completo
C001976,101862.93,Comparación de Precios,2026-06-20,services,Servicio de capacitación,2,86056.56,86056.56,2026-06-29,2026-07-27,0.8448270631916832,pago_parcial
C003024,30986.28,Comparación de Precios,2023-03-20,services,Servicio de capacitación,2,33242.42,33242.42,2023-04-22,2023-05-05,1.0728109343877354,sobrepago_senal_revisar
C002856,29703.64,Adjudicación Simplificada,2024-10-20,goods,Adquisición de equipos informáticos,2,29703.64,29703.64,2024-11-27,2025-01-18,1.0,pagado_aproximadamente_completo
C002075,1518895.01,Comparación de Precios,2023-07-20,services,Servicio de mantenimiento de infraestructura,3,1518895.01,1518895.01,2023-07-26,2023-09-23,1.0,pagado_aproximadamente_completo
C000484,86626.24,Adjudicación Simplificada,2023-12-30,goods,Adquisición de materiales de construcción,1,86626.24,86626.24,2024-01-09,2024-01-27,1.0,pagado_aproximadamente_completo
C001654,13611.5,Comparación de Precios,2024-02-17,services,Servicio de limpieza y vigilancia,3,13611.5,13611.5,2024-03-23,2024-05-12,1.0,pagado_aproximadamente_completo
C003300,50919.7,Licitación Pública,2026-01-04,goods,Adquisición de bienes de oficina,2,33925.009999999995,33925.01,2026-02-08,2026-03-14,0.666245284241659,pago_parcial
C002789,98664.7,Adjudicación Simplificada,2023-06-22,goods,Adquisición de materiales de construcción,3,98664.70000000001,98664.7,2023-07-17,2023-08-25,1.0,pagado_aproximadamente_completo
C002955,580396.02,Comparación de Precios,2026-01-14,goods,Adquisición de materiales de construcción,3,580396.02,580396.02,2026-01-28,2026-03-18,1.0,pagado_aproximadamente_completo
C001774,11642.07,Comparación de Precios,2024-06-11,goods,Adquisición de materiales de construcción,2,11642.07,11642.07,2024-07-09,2024-11-03,1.0,pagado_aproximadamente_completo
C002410,161850.44,Adjudicación Simplificada,2024-03-09,goods,Suministro de combustible,3,161850.44,161850.44,2024-03-22,2024-05-26,1.0,pagado_aproximadamente_completo
C000918,25767.45,Adjudicación Simplificada,2023-04-06,services,Consultoría en ingeniería,2,25767.449999999997,25767.449999999997,2023-05-04,2023-05-29,0.9999999999999999,pagado_aproximadamente_completo
C001646,230802.59,Adjudicación Simplificada,2025-05-06,services,Servicio de limpieza y vigilancia,1,182439.07,182439.07,2025-05-23,2025-05-29,0.7904550377879209,pago_parcial
C001026,105553.23,Adjudicación Simplificada,2024-12-04,goods,Adquisición de equipos informáticos,2,85317.0,85317.0,2024-12-23,2025-02-24,0.8082841235649539,pago_parcial
C001030,20022.39,Concurso Público,2025-05-16,services,Servicio de limpieza y vigilancia,1,20022.39,20022.39,2025-05-24,2025-08-09,1.0,pagado_aproximadamente_completo
C000882,29935.88,Contratación Directa,2023-06-30,goods,Suministro de combustible,3,29935.88,29935.88,2023-08-01,2023-09-08,1.0,pagado_aproximadamente_completo
C001335,121124.77,Licitación Pública,2024-06-23,goods,Suministro de combustible,2,121124.77,121124.77,2024-07-18,2024-08-08,1.0,pagado_aproximadamente_completo
C002736,45493.22,Comparación de Precios,2023-02-24,works,Obra de rehabilitación vial,1,45493.22,45493.22,2023-03-31,2023-04-16,1.0,pagado_aproximadamente_completo
C002713,94749.32,Comparación de Precios,2025-03-21,services,Servicio de limpieza y vigilancia,1,78510.42,78510.42,2025-05-05,2025-05-07,0.8286119625977262,pago_parcial
C000364,80572.76,Contratación Directa,2024-09-28,goods,Suministro de combustible,1,80572.76,80572.76,2024-11-05,2024-11-23,1.0,pagado_aproximadamente_completo
C002125,14674.27,Concurso Público,2023-03-06,services,Servicio de transporte,1,14674.27,14674.27,2023-03-17,2023-04-06,1.0,pagado_aproximadamente_completo
C000027,43108.47,Adjudicación Simplificada,2024-07-07,services,Consultoría en ingeniería,2,43108.47,43108.47,2024-07-12,2024-08-15,1.0,pagado_aproximadamente_completo
C000473,83449.38,Adjudicación Simplificada,2024-12-15,goods,Adquisición de equipos informáticos,1,83449.38,83449.38,2025-01-20,2025-02-08,1.0,pagado_aproximadamente_completo
C000525,53405.97,Licitación Pública,2024-04-26,services,Servicio de mantenimiento de infraestructura,2,53405.97,53405.97,2024-05-07,2024-09-01,1.0,pagado_aproximadamente_completo
C000725,42397.43,Adjudicación Simplificada,2026-02-24,goods,Suministro de combustible,1,42397.43,42397.43,2026-03-28,2026-04-19,1.0,pagado_aproximadamente_completo
C000055,24633.59,Comparación de Precios,2023-07-18,goods,Adquisición de bienes de oficina,1,24633.59,24633.59,2023-08-07,2023-08-29,1.0,pagado_aproximadamente_completo
C000638,82289.49,Comparación de Precios,2024-05-11,services,Servicio de limpieza y vigilancia,1,82289.49,82289.49,2024-06-01,2024-07-29,1.0,pagado_aproximadamente_completo
C000302,83307.17,Adjudicación Simplificada,2023-10-23,services,Servicio de transporte,3,83307.17,83307.17,2023-10-28,2024-01-30,1.0,pagado_aproximadamente_completo
C003216,12913.62,Comparación de Precios,2023-04-19,goods,Suministro de combustible,2,12913.619999999999,12913.619999999999,2023-05-20,2023-08-14,0.9999999999999999,pagado_aproximadamente_completo
C001276,25024.61,Comparación de Precios,2024-02-15,goods,Suministro de combustible,1,15162.42,0.0,2024-03-17,,0.0,pendiente_sin_pago
C003248,36321.02,Concurso Público,2025-10-19,services,Servicio de capacitación,2,36321.02,36321.020000000004,2025-11-15,2025-12-08,1.0000000000000002,pagado_aproximadamente_completo
C000624,85593.53,Contratación Directa,2026-01-21,goods,Adquisición de materiales de construcción,1,85593.53,85593.53,2026-02-08,2026-03-09,1.0,pagado_aproximadamente_completo
C002055,181489.05,Adjudicación Simplificada,2024-12-10,works,Obra de rehabilitación vial,2,107397.61,107397.61000000002,2025-01-08,2025-02-18,0.5917580702527233,pago_parcial
C001280,56706.94,Adjudicación Simplificada,2025-07-06,works,Obra de rehabilitación vial,3,56706.94,56706.939999999995,2025-07-17,2025-10-13,0.9999999999999999,pagado_aproximadamente_completo
C001049,199920.12,Adjudicación Simplificada,2023-07-11,services,Servicio de transporte,3,199920.12,199920.12,2023-08-21,2023-10-16,1.0,pagado_aproximadamente_completo
C000336,213818.49,Comparación de Precios,2025-10-01,services,Servicio de transporte,1,213818.49,213818.49,2025-11-10,2025-11-17,1.0,pagado_aproximadamente_completo
C000047,63218.58,Comparación de Precios,2025-05-23,goods,Adquisición de materiales de construcción,1,63218.58,63218.58,2025-05-28,2025-06-16,1.0,pagado_aproximadamente_completo
C000106,10607.63,Adjudicación Simplificada,2023-03-18,goods,Adquisición de equipos informáticos,2,10607.63,10607.630000000001,2023-04-18,2023-08-13,1.0000000000000002,pagado_aproximadamente_completo
C002397,238576.89,Licitación Pública,2026-03-30,services,Consultoría en ingeniería,3,238576.89,238576.89,2026-04-24,2026-06-15,1.0,pagado_aproximadamente_completo
C001079,25467.67,Concurso Público,2025-07-15,goods,Adquisición de bienes de oficina,1,21081.63,21081.63,2025-08-26,2025-09-14,0.8277800835333583,pago_parcial
C002286,136980.69,Adjudicación Simplificada,2023-06-15,services,Servicio de mantenimiento de infraestructura,1,136980.69,136980.69,2023-07-13,2023-10-16,1.0,pagado_aproximadamente_completo
C002261,17196.51,Comparación de Precios,2025-08-20,services,Servicio de mantenimiento de infraestructura,1,17196.51,17196.51,2025-10-04,2025-10-09,1.0,pagado_aproximadamente_completo
C001144,56369.63,Licitación Pública,2023-02-18,goods,Adquisición de materiales de construcción,2,56369.630000000005,56369.630000000005,2023-03-16,2023-04-06,1.0000000000000002,pagado_aproximadamente_completo
C002941,26365.68,Adjudicación Simplificada,2024-10-12,goods,Suministro de combustible,3,26365.68,26365.68,2024-11-07,2024-12-29,1.0,pagado_aproximadamente_completo
C002296,46799.46,Licitación Pública,2024-11-09,goods,Suministro de combustible,1,24854.36,0.0,2024-11-21,,0.0,pendiente_sin_pago
C001836,86516.18,Adjudicación Simplificada,2025-10-12,services,Servicio de transporte,3,86516.18,86516.18,2025-11-19,2025-12-17,1.0,pagado_aproximadamente_completo
C001753,78746.45,Adjudicación Simplificada,2025-01-24,services,Servicio de capacitación,1,78746.45,78746.45,2025-02-02,2025-02-13,1.0,pagado_aproximadamente_completo
C001101,56059.63,Contratación Directa,2024-03-09,services,Servicio de transporte,3,56059.63,56059.63,2024-03-26,2024-05-17,1.0,pagado_aproximadamente_completo
C001968,18929.86,Adjudicación Simplificada,2025-08-13,goods,Adquisición de equipos informáticos,1,15777.73,15777.73,2025-08-22,2025-08-31,0.8334837130332712,pago_parcial
C002795,109086.94,Adjudicación Simplificada,2025-02-13,services,Servicio de limpieza y vigilancia,3,109086.94,109086.94,2025-03-08,2025-05-18,1.0,pagado_aproximadamente_completo
C003384,4373.2,Comparación de Precios,2025-02-01,services,,3,4373.2,4373.200000000001,2025-03-06,2025-05-01,1.0000000000000002,pagado_aproximadamente_completo
C000523,7850.88,Contratación Directa,2025-11-23,goods,Adquisición de bienes de oficina,2,7850.88,7850.88,2025-12-13,2026-01-21,1.0,pagado_aproximadamente_completo
C002280,56088.9,Adjudicación Simplificada,2026-04-21,goods,Adquisición de materiales de construcción,3,56088.9,56088.9,2026-05-11,2026-07-20,1.0,pagado_aproximadamente_completo
C002692,30144.36,Comparación de Precios,2023-07-28,goods,Adquisición de bienes de oficina,1,30144.36,30144.36,2023-08-18,2023-09-03,1.0,pagado_aproximadamente_completo
C001428,347357.89,Adjudicación Simplificada,2025-02-12,services,Servicio de transporte,1,347357.89,347357.89,2025-03-16,2025-03-30,1.0,pagado_aproximadamente_completo
C002581,33897.19,Comparación de Precios,2024-11-07,services,Servicio de transporte,2,33897.19,33897.19,2024-12-09,2025-03-21,1.0,pagado_aproximadamente_completo
C003215,71821.88,Adjudicación Simplificada,2023-07-06,goods,Adquisición de equipos informáticos,3,71821.88,71821.88,2023-07-29,2023-09-22,1.0,pagado_aproximadamente_completo
C000603,21349.81,Comparación de Precios,2025-06-21,services,Consultoría en ingeniería,3,21349.809999999998,21349.809999999998,2025-07-17,2025-09-19,0.9999999999999998,pagado_aproximadamente_completo
C001489,106930.44,Comparación de Precios,2025-11-30,goods,Adquisición de equipos informáticos,1,106930.44,106930.44,2025-12-22,2026-02-19,1.0,pagado_aproximadamente_completo
C002886,60035.47,Adjudicación Simplificada,2024-06-29,goods,Suministro de combustible,1,60035.47,60035.47,2024-07-11,2024-09-27,1.0,pagado_aproximadamente_completo
C900009,216636.31,Adjudicación Simplificada,2024-03-20,goods,Adquisición de bienes de oficina,1,216636.31,216636.31,2024-03-25,2024-04-02,1.0,pagado_aproximadamente_completo
C000060,174071.67,Adjudicación Simplificada,2023-11-25,goods,Suministro de combustible,1,146120.91,146120.91,2023-12-22,2024-01-17,0.8394295866754193,pago_parcial
C003392,41976.04,Adjudicación Simplificada,2024-06-26,goods,,1,31244.36,31244.36,2024-08-06,2024-08-24,0.7443379604174191,pago_parcial
C000671,30737.82,Adjudicación Simplificada,2025-02-14,services,Servicio de mantenimiento de infraestructura,1,30737.82,30737.82,2025-03-25,2025-04-08,1.0,pagado_aproximadamente_completo
C000092,,Comparación de Precios,2025-04-08,services,Servicio de transporte,1,47113.76,0.0,2025-04-15,,,sin_pago_o_sin_cuantia
C000666,19268.54,Licitación Pública,2023-08-29,services,Consultoría en ingeniería,3,19268.54,19268.54,2023-10-05,2023-11-22,1.0,pagado_aproximadamente_completo
C001887,41191.57,Adjudicación Simplificada,2023-11-23,services,Servicio de limpieza y vigilancia,3,41191.57,41191.57,2023-12-12,2024-01-30,1.0,pagado_aproximadamente_completo
C000280,77335.38,Adjudicación Simplificada,2023-09-06,goods,Suministro de combustible,2,77335.38,77335.38,2023-09-29,2023-10-20,1.0,pagado_aproximadamente_completo
C001719,27244.19,Comparación de Precios,2023-06-11,works,Obra de rehabilitación vial,1,13282.45,0.0,2023-07-13,,0.0,pendiente_sin_pago
C000359,31058.54,Comparación de Precios,2026-06-10,services,Consultoría en ingeniería,3,31058.54,31058.54,2026-07-10,2026-08-05,1.0,pagado_aproximadamente_completo
C000899,103478.83,Adjudicación Simplificada,2025-08-30,services,Servicio de mantenimiento de infraestructura,2,103478.82999999999,103478.83,2025-09-13,2025-10-17,1.0,pagado_aproximadamente_completo
C001935,31189.6,Contratación Directa,2024-05-19,goods,Adquisición de materiales de construcción,1,31189.6,31189.6,2024-06-25,2024-07-13,1.0,pagado_aproximadamente_completo
C001994,17366.08,Adjudicación Simplificada,2024-10-25,services,Servicio de limpieza y vigilancia,3,17366.079999999998,17366.08,2024-11-08,2025-01-29,1.0,pagado_aproximadamente_completo
C002841,238085.41,Licitación Pública,2024-01-24,works,Obra de rehabilitación vial,1,153085.93,153085.93,2024-02-19,2024-03-12,0.642987447235847,pago_parcial
C000760,93687.03,Comparación de Precios,2024-09-09,goods,Suministro de combustible,2,93687.03,93687.03,2024-10-07,2024-10-30,1.0,pagado_aproximadamente_completo
C002158,116275.63,Concurso Público,2023-04-05,goods,Adquisición de equipos informáticos,2,116275.63,116275.62999999999,2023-04-24,2023-05-28,0.9999999999999999,pagado_aproximadamente_completo
C003232,43676.67,Concurso Público,2025-11-05,services,Servicio de transporte,3,43676.67,43676.67,2025-12-05,2026-02-08,1.0,pagado_aproximadamente_completo
C000042,139300.0,Comparación de Precios,2026-04-09,services,Servicio de capacitación,3,139300.0,139300.0,2026-05-05,2026-07-10,1.0,pagado_aproximadamente_completo
C002173,59624.05,Comparación de Precios,2023-09-15,goods,Adquisición de bienes de oficina,2,52074.25,52074.25,2023-10-18,2023-10-31,0.8733765988724348,pago_parcial
C000204,12175.8,Adjudicación Simplificada,2024-01-01,goods,Adquisición de materiales de construcción,2,12175.800000000001,12175.8,2024-01-10,2024-03-03,1.0,pagado_aproximadamente_completo
C001473,4915.11,Adjudicación Simplificada,2024-10-02,services,Servicio de limpieza y vigilancia,2,4915.110000000001,4915.11,2024-11-10,2025-02-06,1.0,pagado_aproximadamente_completo
C002100,33903.72,Licitación Pública,2024-12-09,goods,Adquisición de materiales de construcción,1,33903.72,33903.72,2024-12-16,2025-02-25,1.0,pagado_aproximadamente_completo
C002593,,Adjudicación Simplificada,2026-01-25,services,Consultoría en ingeniería,3,62185.65,62185.65,2026-02-08,2026-04-21,,sin_pago_o_sin_cuantia
C000068,65612.41,Comparación de Precios,2023-06-13,services,Servicio de limpieza y vigilancia,1,65612.41,65612.41,2023-06-30,2023-07-24,1.0,pagado_aproximadamente_completo
C001875,22541.47,Adjudicación Simplificada,2023-09-19,goods,Suministro de combustible,1,22541.47,22541.47,2023-10-05,2023-12-20,1.0,pagado_aproximadamente_completo
C002925,38280.47,Contratación Directa,2024-08-16,goods,Adquisición de bienes de oficina,1,38280.47,38280.47,2024-08-30,2024-09-18,1.0,pagado_aproximadamente_completo
C002231,42007.44,Comparación de Precios,2023-01-03,goods,Adquisición de materiales de construcción,2,42007.44,42007.44,2023-01-20,2023-03-26,1.0,pagado_aproximadamente_completo
C000137,361335.14,Licitación Pública,2025-01-07,goods,Suministro de combustible,3,361335.14,361335.14,2025-02-05,2025-03-29,1.0,pagado_aproximadamente_completo
C000796,38969.22,Adjudicación Simplificada,2026-01-23,services,Consultoría en ingeniería,2,32173.440000000002,32173.44,2026-01-30,2026-03-13,0.8256115980766358,pago_parcial
C002180,57961.77,Concurso Público,2023-05-24,works,Obra de rehabilitación vial,2,57961.770000000004,57961.77,2023-06-23,2023-07-07,1.0,pagado_aproximadamente_completo
C002128,45948.18,Comparación de Precios,2024-09-30,goods,Adquisición de bienes de oficina,1,45948.18,45948.18,2024-10-23,2024-11-17,1.0,pagado_aproximadamente_completo
C000758,47503.24,Licitación Pública,2025-08-08,goods,Adquisición de equipos informáticos,2,47503.24,47503.240000000005,2025-09-03,2025-09-28,1.0000000000000002,pagado_aproximadamente_completo
C000541,7442.57,Comparación de Precios,2024-02-02,services,Servicio de limpieza y vigilancia,3,7442.57,7442.569999999999,2024-03-02,2024-05-04,0.9999999999999999,pagado_aproximadamente_completo
C001019,12517.36,Contratación Directa,2024-07-19,services,Consultoría en ingeniería,2,12517.36,12517.36,2024-07-30,2024-09-04,1.0,pagado_aproximadamente_completo
C900029,463532.52,Contratación Directa,2026-06-28,goods,Adquisición de materiales de construcción,1,463532.52,463532.52,2026-08-04,2026-08-07,1.0,pagado_aproximadamente_completo
C000165,469910.8,Comparación de Precios,2023-09-21,goods,Adquisición de bienes de oficina,2,469910.80000000005,469910.8,2023-10-20,2023-12-03,1.0,pagado_aproximadamente_completo
C000248,53343.16,Comparación de Precios,2024-11-02,goods,Adquisición de materiales de construcción,1,53343.16,53343.16,2024-12-02,2024-12-16,1.0,pagado_aproximadamente_completo
C001331,43741.72,Concurso Público,2026-05-05,services,Consultoría en ingeniería,2,43741.72,43741.72,2026-05-25,2026-06-27,1.0,pagado_aproximadamente_completo
C002017,249146.28,Licitación Pública,2024-03-25,goods,Adquisición de materiales de construcción,2,249146.28,249146.28,2024-04-27,2024-06-11,1.0,pagado_aproximadamente_completo
C000446,139567.56,Adjudicación Simplificada,2023-10-17,services,Servicio de mantenimiento de infraestructura,1,139567.56,139567.56,2023-11-24,2023-11-30,1.0,pagado_aproximadamente_completo
C002482,50256.56,Licitación Pública,2023-06-21,services,Servicio de transporte,1,50256.56,50256.56,2023-07-31,2023-08-19,1.0,pagado_aproximadamente_completo
C001358,48327.47,Comparación de Precios,2023-11-10,goods,Suministro de combustible,2,48327.469999999994,48327.47,2023-12-06,2024-02-16,1.0,pagado_aproximadamente_completo
C002145,30266.09,Comparación de Precios,2025-06-03,services,Consultoría en ingeniería,1,18991.05,18991.05,2025-06-08,2025-07-03,0.6274695542106694,pago_parcial
C001329,5020.29,Adjudicación Simplificada,2023-05-12,services,Consultoría en ingeniería,1,5020.29,5020.29,2023-06-04,2023-06-25,1.0,pagado_aproximadamente_completo
C002785,28763.25,Comparación de Precios,2023-12-26,goods,Adquisición de materiales de construcción,1,28763.25,28763.25,2024-01-07,2024-01-21,1.0,pagado_aproximadamente_completo
C700094,428994.75,Licitación Pública,2024-04-23,services,Servicio de capacitación,2,428994.75,428994.75,2024-05-11,2024-05-26,1.0,pagado_aproximadamente_completo
C002150,41436.31,Contratación Directa,2023-03-03,services,Servicio de mantenimiento de infraestructura,1,26945.62,26945.62,2023-03-09,2023-03-20,0.6502900475452568,pago_parcial
C000434,166442.84,Comparación de Precios,2024-03-24,goods,Adquisición de bienes de oficina,2,166442.84,166442.84,2024-05-04,2024-06-03,1.0,pagado_aproximadamente_completo
C002122,221788.69,Adjudicación Simplificada,2023-05-20,goods,Adquisición de bienes de oficina,1,221788.69,221788.69,2023-06-03,2023-06-15,1.0,pagado_aproximadamente_completo
C000577,121361.93,Comparación de Precios,2025-10-17,services,Consultoría en ingeniería,1,66952.04,66952.04,2025-10-25,2025-11-08,0.5516725055377745,pago_parcial
C003028,20623.81,Adjudicación Simplificada,2023-07-02,services,Servicio de mantenimiento de infraestructura,1,20623.81,20623.81,2023-07-23,2023-07-29,1.0,pagado_aproximadamente_completo
C700042,266512.54,Adjudicación Simplificada,2025-02-04,services,Servicio de transporte,3,266512.54,266512.54,2025-03-07,2025-05-04,1.0,pagado_aproximadamente_completo
C003383,,Adjudicación Simplificada,2025-04-22,services,Consultoría en ingeniería,1,62185.65,62185.65,2025-05-05,2025-05-17,,sin_pago_o_sin_cuantia
C002448,116845.75,Adjudicación Simplificada,2023-08-22,goods,Suministro de combustible,1,116845.75,116845.75,2023-09-28,2023-10-24,1.0,pagado_aproximadamente_completo
C001848,50675.84,Comparación de Precios,2024-10-02,goods,Adquisición de bienes de oficina,1,34525.92,0.0,2024-11-03,,0.0,pendiente_sin_pago
C000762,85541.45,Comparación de Precios,2026-01-14,goods,Adquisición de equipos informáticos,3,85541.45,85541.45000000001,2026-02-21,2026-03-21,1.0000000000000002,pagado_aproximadamente_completo
C000388,248228.84,Licitación Pública,2024-09-07,services,Servicio de limpieza y vigilancia,1,248228.84,248228.84,2024-10-19,2024-11-07,1.0,pagado_aproximadamente_completo
C000235,145329.53,Adjudicación Simplificada,2024-04-01,services,Consultoría en ingeniería,2,145329.53,145329.53,2024-05-08,2024-06-14,1.0,pagado_aproximadamente_completo
C003213,30402.81,Adjudicación Simplificada,2023-01-28,services,Consultoría en ingeniería,3,30402.81,30402.81,2023-02-20,2023-04-15,1.0,pagado_aproximadamente_completo
C001984,260556.17,,2026-06-23,services,Servicio de capacitación,3,260556.17,260556.16999999998,2026-07-26,2026-08-07,0.9999999999999999,pagado_aproximadamente_completo
C000267,149631.41,Comparación de Precios,2024-10-28,goods,Suministro de combustible,1,95245.18,0.0,2024-11-07,,0.0,pendiente_sin_pago
C000770,105708.89,Adjudicación Simplificada,2026-05-16,services,Servicio de mantenimiento de infraestructura,2,105708.89000000001,105708.89,2026-06-03,2026-07-01,1.0,pagado_aproximadamente_completo
C002165,41760.82,Licitación Pública,2024-02-26,goods,Adquisición de bienes de oficina,3,41760.82,41760.82,2024-03-15,2024-05-22,1.0,pagado_aproximadamente_completo
C000437,9816.85,Comparación de Precios,2024-01-29,goods,Adquisición de materiales de construcción,2,9816.85,9816.85,2024-03-01,2024-04-14,1.0,pagado_aproximadamente_completo
C000673,104465.97,Concurso Público,2024-11-16,services,Servicio de capacitación,1,59196.74,0.0,2024-12-18,,0.0,pendiente_sin_pago
C000249,278442.17,Contratación Directa,2025-02-01,goods,Suministro de combustible,3,278442.17,278442.17,2025-03-12,2025-05-10,1.0,pagado_aproximadamente_completo
C002201,106917.19,Comparación de Precios,2025-12-05,goods,Adquisición de bienes de oficina,1,106917.19,106917.19,2026-01-11,2026-01-16,1.0,pagado_aproximadamente_completo
C001574,427041.09,Adjudicación Simplificada,2026-06-15,services,Servicio de transporte,2,427041.08999999997,427041.08999999997,2026-07-20,2026-08-07,0.9999999999999999,pagado_aproximadamente_completo
C002142,59913.56,Adjudicación Simplificada,2026-05-10,services,Consultoría en ingeniería,2,59913.56,59913.56,2026-05-26,2026-07-28,1.0,pagado_aproximadamente_completo
C002081,49992.47,Comparación de Precios,2024-05-21,goods,Adquisición de materiales de construcción,3,49992.47,49992.47,2024-05-26,2024-08-04,1.0,pagado_aproximadamente_completo
C003227,78597.23,Adjudicación Simplificada,2024-02-22,goods,Adquisición de materiales de construcción,1,78597.23,78597.23,2024-03-29,2024-04-13,1.0,pagado_aproximadamente_completo
C003164,638980.48,Concurso Público,2026-01-01,goods,Suministro de combustible,1,638980.48,638980.48,2026-01-22,2026-02-06,1.0,pagado_aproximadamente_completo
C003381,10556.14,Concurso Público,2023-07-21,services,Servicio de mantenimiento de infraestructura,1,10556.14,10556.14,2023-08-26,2023-09-01,1.0,pagado_aproximadamente_completo
C000448,23325.91,Licitación Pública,2023-08-19,services,Servicio de capacitación,1,18400.24,18400.24,2023-09-18,2023-09-30,0.7888326757669906,pago_parcial
C001469,131442.35,Concurso Público,2023-12-06,services,Consultoría en ingeniería,2,131442.35,131442.35,2023-12-15,2024-02-11,1.0,pagado_aproximadamente_completo
C000716,177629.4,Licitación Pública,2023-12-09,services,Servicio de capacitación,1,177629.4,177629.4,2024-01-08,2024-02-03,1.0,pagado_aproximadamente_completo
C002948,129882.67,Licitación Pública,2023-08-05,goods,Adquisición de equipos informáticos,2,129882.67000000001,129882.67000000001,2023-08-30,2023-12-25,1.0000000000000002,pagado_aproximadamente_completo
C003223,21293.06,Contratación Directa,2023-06-24,services,Consultoría en ingeniería,3,21293.059999999998,21293.059999999998,2023-07-28,2023-09-03,0.9999999999999998,pagado_aproximadamente_completo
C002048,65676.23,Concurso Público,2025-12-02,goods,Adquisición de bienes de oficina,3,65676.23,65676.23,2025-12-30,2026-03-15,1.0,pagado_aproximadamente_completo
C001901,187207.33,Licitación Pública,2025-09-26,goods,Adquisición de materiales de construcción,2,187207.33000000002,187207.33,2025-11-07,2026-01-30,1.0,pagado_aproximadamente_completo
C003070,33910.91,Comparación de Precios,2023-03-10,services,Servicio de capacitación,3,33910.91,33910.91,2023-04-01,2023-05-19,1.0,pagado_aproximadamente_completo
C001168,23274.42,Comparación de Precios,2025-01-27,services,Servicio de transporte,2,23274.42,23274.42,2025-02-03,2025-03-30,1.0,pagado_aproximadamente_completo
C000082,26206.7,Concurso Público,2025-12-25,goods,Adquisición de equipos informáticos,3,26206.699999999997,26206.7,2025-12-30,2026-03-22,1.0,pagado_aproximadamente_completo
C003401,6842.8,Contratación Directa,2023-10-02,goods,Adquisición de bienes de oficina,1,6842.8,6842.8,2023-10-29,2023-11-21,1.0,pagado_aproximadamente_completo
C002724,6939.85,Comparación de Precios,2023-09-27,goods,Suministro de combustible,1,6939.85,6939.85,2023-10-14,2023-10-30,1.0,pagado_aproximadamente_completo
C001460,46243.66,Adjudicación Simplificada,2023-01-28,services,Servicio de transporte,1,31252.26,31252.26,2023-02-23,2023-03-15,0.675817182290502,pago_parcial
C002818,17995.72,Licitación Pública,2024-02-26,goods,Adquisición de materiales de construcción,1,17995.72,17995.72,2024-03-10,2024-03-16,1.0,pagado_aproximadamente_completo
C001893,15872.0,Licitación Pública,2026-06-04,works,Obra de rehabilitación vial,1,17024.71,17024.71,2026-06-30,2026-07-17,1.0726253780241934,sobrepago_senal_revisar
C001668,67518.77,Comparación de Precios,2024-06-21,services,Servicio de limpieza y vigilancia,3,67518.76999999999,67518.76999999999,2024-07-17,2024-09-26,0.9999999999999998,pagado_aproximadamente_completo
C002756,22262.19,Licitación Pública,2024-06-02,goods,Suministro de combustible,2,22262.19,22262.190000000002,2024-07-11,2024-08-11,1.0000000000000002,pagado_aproximadamente_completo
C002000,20036.17,Contratación Directa,2023-12-26,services,Servicio de limpieza y vigilancia,2,20036.17,20036.17,2024-01-25,2024-02-18,1.0,pagado_aproximadamente_completo
C000475,131842.93,Adjudicación Simplificada,2023-12-17,services,Servicio de limpieza y vigilancia,3,131842.93,131842.93,2024-01-13,2024-03-24,1.0,pagado_aproximadamente_completo
C000517,135822.5,Comparación de Precios,2025-05-21,services,Servicio de mantenimiento de infraestructura,2,135822.5,135822.5,2025-06-14,2025-07-20,1.0,pagado_aproximadamente_completo
C000404,,Adjudicación Simplificada,2025-07-22,goods,Adquisición de materiales de construcción,1,62185.65,62185.65,2025-08-02,2025-11-14,,sin_pago_o_sin_cuantia
C000384,166724.64,Licitación Pública,2025-03-10,goods,Adquisición de equipos informáticos,1,115183.35,115183.35,2025-04-23,2025-04-23,0.6908597913301837,pago_parcial
C002987,172994.77,Adjudicación Simplificada,2023-04-02,goods,Suministro de combustible,2,172994.77000000002,172994.77000000002,2023-04-15,2023-05-26,1.0000000000000002,pagado_aproximadamente_completo
C002152,56418.71,Adjudicación Simplificada,2025-09-06,goods,Adquisición de bienes de oficina,1,56418.71,56418.71,2025-10-10,2025-11-05,1.0,pagado_aproximadamente_completo
C001633,45255.17,Licitación Pública,2025-05-06,goods,Suministro de combustible,2,48803.32,48803.32,2025-05-30,2025-06-30,1.0784031968060224,sobrepago_senal_revisar
C700104,640592.38,Adjudicación Simplificada,2024-05-15,services,Servicio de mantenimiento de infraestructura,3,640592.38,640592.38,2024-06-19,2024-08-01,1.0,pagado_aproximadamente_completo
C000688,26322.11,,2024-03-08,goods,Adquisición de bienes de oficina,2,19310.91,19310.91,2024-04-04,2024-05-03,0.7336383747351561,pago_parcial
C003000,46074.87,Licitación Pública,2025-11-14,works,Obra de rehabilitación vial,2,27677.24,27677.24,2025-12-07,2026-02-11,0.6007014235742825,pago_parcial
C002874,63924.72,Adjudicación Simplificada,2024-01-19,goods,Adquisición de equipos informáticos,2,63924.72,63924.72,2024-02-06,2024-03-07,1.0,pagado_aproximadamente_completo
C001240,29254.27,Comparación de Precios,2023-12-18,services,Servicio de limpieza y vigilancia,2,24356.190000000002,24356.190000000002,2024-01-26,2024-02-20,0.8325687156097213,pago_parcial
C000062,70276.35,Licitación Pública,2023-04-30,goods,Adquisición de equipos informáticos,2,70276.35,70276.35,2023-05-24,2023-06-11,1.0,pagado_aproximadamente_completo
C000852,12150.49,Adjudicación Simplificada,2023-06-18,goods,,2,12150.49,12150.49,2023-06-26,2023-07-26,1.0,pagado_aproximadamente_completo
C003394,43072.97,,2023-01-07,goods,Adquisición de materiales de construcción,2,43072.97,43072.97,2023-02-04,2023-03-25,1.0,pagado_aproximadamente_completo
C003044,33608.19,Adjudicación Simplificada,2025-03-12,services,Consultoría en ingeniería,1,33608.19,33608.19,2025-04-05,2025-04-15,1.0,pagado_aproximadamente_completo
C001262,45751.24,Adjudicación Simplificada,2023-11-13,goods,Adquisición de equipos informáticos,1,40192.2,40192.2,2023-11-29,2023-12-22,0.8784942222331023,pago_parcial
C000223,261176.99,Comparación de Precios,2024-05-16,goods,Adquisición de equipos informáticos,1,261176.99,261176.99,2024-06-13,2024-07-09,1.0,pagado_aproximadamente_completo
C002193,2743.75,Adjudicación Simplificada,2024-09-18,services,Servicio de limpieza y vigilancia,1,1983.29,1983.29,2024-10-03,2024-10-29,0.7228391799544419,pago_parcial
C000373,37717.25,Adjudicación Simplificada,2023-11-16,goods,Adquisición de materiales de construcción,1,37717.25,37717.25,2023-12-29,2024-01-24,1.0,pagado_aproximadamente_completo
C001824,93329.04,Licitación Pública,2025-03-11,services,Servicio de capacitación,2,52058.4,52058.399999999994,2025-03-26,2025-05-24,0.5577942299631498,pago_parcial
C003121,10320.6,Adjudicación Simplificada,2024-08-25,services,Servicio de capacitación,2,10320.599999999999,10320.6,2024-10-08,2024-11-03,1.0,pagado_aproximadamente_completo
C700045,895441.61,Adjudicación Simplificada,2024-09-16,services,Consultoría en ingeniería,3,895441.61,895441.6100000001,2024-10-12,2024-11-30,1.0000000000000002,pagado_aproximadamente_completo
C003200,67881.55,Comparación de Precios,2025-06-18,goods,Suministro de combustible,2,67881.55,67881.54999999999,2025-06-27,2025-08-16,0.9999999999999998,pagado_aproximadamente_completo
C003310,24720.31,Licitación Pública,2025-02-11,services,Consultoría en ingeniería,2,24720.31,24720.309999999998,2025-03-09,2025-04-15,0.9999999999999999,pagado_aproximadamente_completo
C002871,29447.85,Contratación Directa,2023-08-14,services,Consultoría en ingeniería,1,29447.85,29447.85,2023-09-27,2023-10-10,1.0,pagado_aproximadamente_completo
C000009,25508.24,Adjudicación Simplificada,2026-05-17,goods,Adquisición de materiales de construcción,2,25508.239999999998,25508.24,2026-06-23,2026-07-30,1.0,pagado_aproximadamente_completo
C002497,39193.91,Adjudicación Simplificada,2023-12-13,works,Obra de rehabilitación vial,2,39193.91,39193.91,2024-01-21,2024-02-23,1.0,pagado_aproximadamente_completo
C001944,184792.02,Comparación de Precios,2025-10-19,services,Servicio de mantenimiento de infraestructura,3,184792.02,184792.02,2025-10-31,2026-01-12,1.0,pagado_aproximadamente_completo
C001838,23950.99,Comparación de Precios,2026-04-29,services,Consultoría en ingeniería,3,23950.989999999998,23950.989999999998,2026-05-12,2026-07-01,0.9999999999999999,pagado_aproximadamente_completo
C000708,27824.85,Adjudicación Simplificada,2024-02-24,services,Servicio de transporte,3,27824.850000000002,27824.85,2024-03-20,2024-04-28,1.0,pagado_aproximadamente_completo
C000255,12386.73,Comparación de Precios,2025-10-07,goods,Adquisición de equipos informáticos,2,12386.73,12386.73,2025-11-03,2025-11-27,1.0,pagado_aproximadamente_completo
C001617,19504.67,Adjudicación Simplificada,2023-12-27,services,Servicio de capacitación,1,8308.97,0.0,2024-02-04,,0.0,pendiente_sin_pago
C000389,20670.03,Contratación Directa,2024-07-14,services,Servicio de limpieza y vigilancia,1,20670.03,20670.03,2024-08-17,2024-08-31,1.0,pagado_aproximadamente_completo
C001581,142638.38,Comparación de Precios,2023-09-25,goods,Adquisición de bienes de oficina,2,142638.38,142638.38,2023-10-04,2023-11-24,1.0,pagado_aproximadamente_completo
C000924,103003.21,Comparación de Precios,2024-05-21,goods,Adquisición de bienes de oficina,1,103003.21,103003.21,2024-07-02,2024-07-17,1.0,pagado_aproximadamente_completo
C003424,12784.47,Comparación de Precios,2025-08-05,works,Obra de rehabilitación vial,2,12784.470000000001,12784.470000000001,2025-09-03,2025-12-13,1.0000000000000002,pagado_aproximadamente_completo
C003405,8438.91,Comparación de Precios,2025-06-28,works,Obra de rehabilitación vial,1,8438.91,8438.91,2025-08-12,2025-09-05,1.0,pagado_aproximadamente_completo
C002508,11409.97,Adjudicación Simplificada,2025-08-28,services,Servicio de mantenimiento de infraestructura,1,11409.97,11409.97,2025-09-18,2025-10-13,1.0,pagado_aproximadamente_completo
C002036,20452.55,Adjudicación Simplificada,2026-04-09,goods,Adquisición de bienes de oficina,2,20452.550000000003,20452.550000000003,2026-05-14,2026-08-03,1.0000000000000002,pagado_aproximadamente_completo
C002953,79519.62,Licitación Pública,2023-10-10,services,Servicio de limpieza y vigilancia,2,79519.62,79519.62,2023-11-09,2023-12-22,1.0,pagado_aproximadamente_completo
C001224,94391.16,Comparación de Precios,2024-10-29,goods,Adquisición de materiales de construcción,2,94391.16,94391.16,2024-11-30,2024-12-24,1.0,pagado_aproximadamente_completo
C002549,154444.42,Adjudicación Simplificada,2023-03-28,services,Servicio de capacitación,2,154444.41999999998,154444.41999999998,2023-04-08,2023-05-25,0.9999999999999998,pagado_aproximadamente_completo
C001946,120073.07,Licitación Pública,2023-04-14,services,Servicio de capacitación,1,120073.07,120073.07,2023-05-27,2023-06-18,1.0,pagado_aproximadamente_completo
C000739,41853.78,Licitación Pública,2023-10-22,services,Servicio de capacitación,2,41853.78,41853.78,2023-10-27,2024-02-11,1.0,pagado_aproximadamente_completo
C000040,51404.32,Adjudicación Simplificada,2026-05-11,services,Consultoría en ingeniería,2,51404.32,51404.32,2026-06-25,2026-07-24,1.0,pagado_aproximadamente_completo
C000868,81855.65,Concurso Público,2024-05-29,works,Obra de rehabilitación vial,2,81855.65,81855.65,2024-06-07,2024-08-01,1.0,pagado_aproximadamente_completo
C002779,30631.34,Comparación de Precios,2023-01-09,goods,Adquisición de materiales de construcción,1,30631.34,30631.34,2023-02-09,2023-03-06,1.0,pagado_aproximadamente_completo
C000539,57207.59,Adjudicación Simplificada,2024-09-17,goods,Adquisición de equipos informáticos,2,60010.229999999996,60010.23,2024-10-11,2024-11-13,1.0489907021078848,sobrepago_senal_revisar
C002745,32198.67,Comparación de Precios,2025-05-31,goods,Adquisición de equipos informáticos,3,32198.67,32198.670000000002,2025-07-08,2025-08-06,1.0000000000000002,pagado_aproximadamente_completo
C003088,21166.1,Adjudicación Simplificada,2023-06-24,goods,Adquisición de materiales de construcción,1,21166.1,21166.1,2023-07-12,2023-07-17,1.0,pagado_aproximadamente_completo
C002723,34364.86,Concurso Público,2025-03-01,goods,Adquisición de equipos informáticos,1,34364.86,34364.86,2025-03-27,2025-04-23,1.0,pagado_aproximadamente_completo
C001371,4159.22,Contratación Directa,2023-11-01,goods,Adquisición de materiales de construcción,2,4159.219999999999,4159.219999999999,2023-12-10,2024-03-28,0.9999999999999998,pagado_aproximadamente_completo
C001145,110913.7,Adjudicación Simplificada,2023-08-23,services,Servicio de capacitación,1,110913.7,110913.7,2023-09-22,2023-10-14,1.0,pagado_aproximadamente_completo
C001031,32164.08,Adjudicación Simplificada,2024-07-05,services,Servicio de capacitación,2,32164.08,32164.08,2024-08-18,2024-09-22,1.0,pagado_aproximadamente_completo
C000372,8494.59,Comparación de Precios,2025-10-26,services,Servicio de capacitación,2,8494.59,8494.59,2025-11-08,2025-12-25,1.0,pagado_aproximadamente_completo
C000667,108155.01,Comparación de Precios,2024-09-01,goods,Suministro de combustible,1,108155.01,108155.01,2024-10-16,2024-10-29,1.0,pagado_aproximadamente_completo
C000357,16126.14,Comparación de Precios,2026-04-30,services,Servicio de mantenimiento de infraestructura,2,10583.86,10583.86,2026-05-12,2026-06-21,0.6563170107663707,pago_parcial
C000967,249780.62,Licitación Pública,2023-10-20,services,Servicio de capacitación,1,249780.62,249780.62,2023-11-24,2024-02-26,1.0,pagado_aproximadamente_completo
C002831,142253.07,Comparación de Precios,2023-06-12,services,Servicio de transporte,1,142253.07,142253.07,2023-06-30,2023-10-16,1.0,pagado_aproximadamente_completo
C002783,81393.42,Comparación de Precios,2026-06-09,services,Servicio de limpieza y vigilancia,1,81393.42,81393.42,2026-07-21,2026-08-07,1.0,pagado_aproximadamente_completo
C001353,30160.65,Comparación de Precios,2025-05-03,works,Obra de rehabilitación vial,2,30160.649999999998,30160.65,2025-05-09,2025-09-06,1.0,pagado_aproximadamente_completo
C001035,36685.9,Adjudicación Simplificada,2024-09-30,services,Consultoría en ingeniería,2,31692.07,31692.07,2024-10-29,2024-11-29,0.8638760395683355,pago_parcial
C000470,153674.75,Contratación Directa,2025-06-22,services,Servicio de mantenimiento de infraestructura,1,153674.75,153674.75,2025-08-06,2025-08-08,1.0,pagado_aproximadamente_completo
C003193,188492.41,Contratación Directa,2026-06-20,services,Servicio de capacitación,2,188492.40999999997,188492.41,2026-07-22,2026-08-07,1.0,pagado_aproximadamente_completo
C001396,102417.97,Licitación Pública,2024-07-17,goods,Suministro de combustible,1,79227.44,79227.44,2024-08-19,2024-08-25,0.7735697163300542,pago_parcial
C003230,68651.05,Concurso Público,2025-12-01,goods,Adquisición de materiales de construcción,2,61773.420000000006,61773.42,2026-01-01,2026-02-18,0.8998175555945611,pago_parcial
C001549,34168.89,Concurso Público,2025-09-01,services,Servicio de limpieza y vigilancia,1,34168.89,34168.89,2025-10-10,2026-01-23,1.0,pagado_aproximadamente_completo
C001256,82256.27,Comparación de Precios,2025-02-11,services,Servicio de transporte,2,82256.27,82256.27,2025-03-03,2025-04-04,1.0,pagado_aproximadamente_completo
C002094,142814.17,Licitación Pública,2024-10-31,services,Servicio de transporte,3,142814.17,142814.16999999998,2024-11-29,2025-01-09,0.9999999999999998,pagado_aproximadamente_completo
C001555,177568.23,Comparación de Precios,2024-03-22,goods,Adquisición de bienes de oficina,1,108511.45,0.0,2024-04-19,,0.0,pendiente_sin_pago
C003187,44419.45,Comparación de Precios,2026-06-16,works,Obra de rehabilitación vial,1,44419.45,44419.45,2026-07-20,2026-08-05,1.0,pagado_aproximadamente_completo
C001250,107455.02,Licitación Pública,2025-05-02,services,Servicio de capacitación,2,107455.01999999999,107455.02,2025-06-11,2025-06-27,1.0,pagado_aproximadamente_completo
C001699,13600.06,Adjudicación Simplificada,2024-04-07,works,Obra de rehabilitación vial,2,13600.06,13600.06,2024-04-22,2024-06-19,1.0,pagado_aproximadamente_completo
C001252,12173.6,Concurso Público,2026-01-10,goods,Adquisición de equipos informáticos,3,12173.6,12173.6,2026-02-09,2026-04-13,1.0,pagado_aproximadamente_completo
C003414,50760.83,Adjudicación Simplificada,2025-07-24,services,Consultoría en ingeniería,2,50760.83,50760.83,2025-09-06,2025-10-02,1.0,pagado_aproximadamente_completo
C003435,61277.4,,2026-04-05,goods,Adquisición de bienes de oficina,2,61277.4,61277.4,2026-04-15,2026-05-05,1.0,pagado_aproximadamente_completo
C002933,63495.26,Licitación Pública,2025-10-17,works,Obra de rehabilitación vial,2,41548.83,41548.83,2025-11-02,2025-12-22,0.6543611286889761,pago_parcial
C000079,77515.16,Comparación de Precios,2023-04-13,services,Servicio de limpieza y vigilancia,2,77515.16,77515.16,2023-05-19,2023-08-03,1.0,pagado_aproximadamente_completo
C001172,271615.72,Contratación Directa,2026-03-29,services,Consultoría en ingeniería,1,271615.72,271615.72,2026-04-13,2026-07-14,1.0,pagado_aproximadamente_completo
C000814,28068.08,Adjudicación Simplificada,2025-03-22,services,Servicio de capacitación,2,28068.079999999998,28068.079999999998,2025-05-06,2025-05-25,0.9999999999999999,pagado_aproximadamente_completo
C001852,116613.3,Comparación de Precios,2025-10-08,services,Servicio de limpieza y vigilancia,2,116613.29999999999,116613.29999999999,2025-11-13,2025-12-08,0.9999999999999999,pagado_aproximadamente_completo
C002220,24406.26,Adjudicación Simplificada,2025-11-04,services,Consultoría en ingeniería,2,24406.26,24406.260000000002,2025-12-08,2026-01-10,1.0000000000000002,pagado_aproximadamente_completo
C002719,9529.44,Licitación Pública,2023-07-04,works,Obra de rehabilitación vial,1,9529.44,9529.44,2023-08-15,2023-08-23,1.0,pagado_aproximadamente_completo
C003239,52767.69,Adjudicación Simplificada,2023-01-20,services,Servicio de mantenimiento de infraestructura,3,52767.69,52767.69,2023-02-17,2023-04-18,1.0,pagado_aproximadamente_completo
C002105,78696.8,Comparación de Precios,2024-03-17,services,Consultoría en ingeniería,1,50354.41,0.0,2024-03-22,,0.0,pendiente_sin_pago
C000133,84186.63,Licitación Pública,2025-07-28,goods,Adquisición de equipos informáticos,2,84186.63,84186.63,2025-09-08,2025-09-30,1.0,pagado_aproximadamente_completo
C001140,24217.36,Comparación de Precios,2025-12-29,services,,1,24217.36,24217.36,2026-02-12,2026-02-15,1.0,pagado_aproximadamente_completo
C000933,41379.66,Concurso Público,2026-04-02,goods,Adquisición de equipos informáticos,2,41379.659999999996,41379.66,2026-04-12,2026-06-14,1.0,pagado_aproximadamente_completo
C000928,113639.35,Adjudicación Simplificada,2023-02-01,services,Consultoría en ingeniería,2,113639.35,113639.35,2023-02-14,2023-03-16,1.0,pagado_aproximadamente_completo
C000823,87125.79,Contratación Directa,2023-11-25,services,Consultoría en ingeniería,2,87125.79,87125.79000000001,2023-12-24,2024-02-02,1.0000000000000002,pagado_aproximadamente_completo
C001531,64621.78,Comparación de Precios,2023-10-10,works,Obra de rehabilitación vial,2,64621.78,64621.78,2023-11-05,2023-12-07,1.0,pagado_aproximadamente_completo
C001214,134253.79,Concurso Público,2025-03-11,goods,Suministro de combustible,2,134253.79,134253.79,2025-03-16,2025-05-14,1.0,pagado_aproximadamente_completo
C000504,24650.1,Adjudicación Simplificada,2023-09-16,goods,Adquisición de equipos informáticos,1,15878.39,15878.39,2023-09-23,2023-10-03,0.6441511393462906,pago_parcial
C900052,454528.72,Adjudicación Simplificada,2024-05-10,goods,Adquisición de bienes de oficina,2,454528.72,454528.72,2024-05-18,2024-08-01,1.0,pagado_aproximadamente_completo
C002395,21840.11,Licitación Pública,2023-01-29,services,Servicio de mantenimiento de infraestructura,1,21840.11,21840.11,2023-03-13,2023-03-14,1.0,pagado_aproximadamente_completo
C001996,13007.8,Adjudicación Simplificada,2026-06-09,goods,,3,13007.8,13007.8,2026-07-04,2026-08-07,1.0,pagado_aproximadamente_completo
C002434,69915.75,Adjudicación Simplificada,2023-10-11,services,Servicio de capacitación,3,69915.75,69915.75,2023-11-18,2024-01-08,1.0,pagado_aproximadamente_completo
C001958,51722.61,Licitación Pública,2023-05-30,works,Obra de rehabilitación vial,2,51722.61,51722.61,2023-07-05,2023-09-30,1.0,pagado_aproximadamente_completo
C001384,147866.47,Adjudicación Simplificada,2024-10-16,services,Consultoría en ingeniería,3,147866.47,147866.47,2024-11-01,2025-01-04,1.0,pagado_aproximadamente_completo
C000894,63679.01,Licitación Pública,2023-08-01,goods,Suministro de combustible,1,63679.01,63679.01,2023-08-09,2023-08-14,1.0,pagado_aproximadamente_completo
C000828,28317.93,,2024-09-08,goods,Suministro de combustible,2,28317.93,28317.93,2024-10-15,2024-10-24,1.0,pagado_aproximadamente_completo
C700105,333527.03,Adjudicación Simplificada,2026-06-15,services,Servicio de mantenimiento de infraestructura,3,333527.03,333527.03,2026-07-03,2026-08-07,1.0,pagado_aproximadamente_completo
C002523,33012.04,Licitación Pública,2026-02-20,services,Servicio de capacitación,2,33012.04,33012.04,2026-03-05,2026-04-29,1.0,pagado_aproximadamente_completo
C001683,43606.89,Comparación de Precios,2024-08-06,goods,Adquisición de bienes de oficina,1,43606.89,43606.89,2024-08-12,2024-08-31,1.0,pagado_aproximadamente_completo
C800015,180084.44,Licitación Pública Abreviada,2025-11-25,goods,Suministro de combustible,2,180084.44,180084.44,2026-01-04,2026-01-20,1.0,pagado_aproximadamente_completo
C003150,239160.58,Contratación Directa,2026-06-03,goods,Adquisición de materiales de construcción,1,111132.72,0.0,2026-06-27,,0.0,pendiente_sin_pago
C800024,304136.43,Adjudicación Simplificada,2024-07-31,goods,Suministro de combustible,2,304136.43,304136.43,2024-08-08,2024-10-17,1.0,pagado_aproximadamente_completo
C000652,17509.39,Contratación Directa,2025-03-28,goods,Adquisición de materiales de construcción,2,17509.39,17509.39,2025-04-25,2025-05-15,1.0,pagado_aproximadamente_completo
C000172,81602.9,Comparación de Precios,2024-09-07,goods,Suministro de combustible,1,64470.05,64470.05,2024-09-14,2024-09-16,0.7900460645393731,pago_parcial
C000038,139606.63,Contratación Directa,2026-03-21,services,Servicio de mantenimiento de infraestructura,2,91374.67000000001,91374.67000000001,2026-04-06,2026-05-03,0.6545152619184348,pago_parcial
C700035,660812.44,Licitación Pública,2024-10-29,services,Servicio de capacitación,1,479163.56,479163.56,2024-11-12,2024-11-30,0.7251128020531817,pago_parcial
C000713,103803.37,Licitación Pública,2024-11-02,services,Servicio de capacitación,1,103803.37,103803.37,2024-11-13,2024-12-06,1.0,pagado_aproximadamente_completo
C000090,208553.31,Contratación Directa,2026-06-10,works,Obra de rehabilitación vial,1,208553.31,208553.31,2026-06-30,2026-07-13,1.0,pagado_aproximadamente_completo
C900037,220193.42,Contratación Directa,2024-11-23,works,Obra de rehabilitación vial,1,220193.42,220193.42,2025-01-05,2025-01-26,1.0,pagado_aproximadamente_completo
C001205,56785.79,Adjudicación Simplificada,2023-05-17,services,Servicio de capacitación,1,47010.14,47010.14,2023-06-03,2023-06-19,0.827850418212021,pago_parcial
C002923,45777.53,Comparación de Precios,2023-10-20,services,Servicio de mantenimiento de infraestructura,2,45777.53,45777.53,2023-11-13,2023-12-28,1.0,pagado_aproximadamente_completo
C003041,190024.03,Adjudicación Simplificada,2024-01-19,services,Servicio de transporte,1,190024.03,190024.03,2024-01-26,2024-02-15,1.0,pagado_aproximadamente_completo
C003352,97109.97,Contratación Directa,2025-08-07,works,Obra de rehabilitación vial,2,97109.97,97109.97,2025-08-25,2025-12-20,1.0,pagado_aproximadamente_completo
C001827,33709.44,Concurso Público,2023-07-25,goods,Adquisición de equipos informáticos,2,29076.43,29076.43,2023-08-22,2023-09-21,0.8625604578420762,pago_parcial
C001155,43837.82,Contratación Directa,2024-01-13,goods,Adquisición de materiales de construcción,3,43837.82,43837.82,2024-02-09,2024-04-10,1.0,pagado_aproximadamente_completo
C001324,55974.83,Comparación de Precios,2023-02-25,goods,Adquisición de equipos informáticos,2,55974.83,55974.83,2023-03-17,2023-07-11,1.0,pagado_aproximadamente_completo
C000216,,Contratación Directa,2023-02-14,goods,Adquisición de materiales de construcción,1,62185.65,62185.65,2023-03-29,2023-04-04,,sin_pago_o_sin_cuantia
C000510,110883.5,Adjudicación Simplificada,2025-12-04,services,Servicio de capacitación,3,110883.5,110883.5,2025-12-25,2026-02-07,1.0,pagado_aproximadamente_completo
C001680,50401.68,Adjudicación Simplificada,2023-09-06,services,Servicio de capacitación,1,50401.68,50401.68,2023-10-09,2023-10-26,1.0,pagado_aproximadamente_completo
C000499,47172.37,Licitación Pública,2025-08-16,goods,Adquisición de bienes de oficina,1,47172.37,47172.37,2025-09-05,2025-09-27,1.0,pagado_aproximadamente_completo
C003047,33038.57,Adjudicación Simplificada,2024-06-01,goods,,1,33038.57,33038.57,2024-07-10,2024-07-22,1.0,pagado_aproximadamente_completo
C001856,128327.72,Comparación de Precios,2024-11-19,goods,Adquisición de bienes de oficina,1,128327.72,128327.72,2024-12-21,2025-01-02,1.0,pagado_aproximadamente_completo
C001388,50461.6,Comparación de Precios,2025-08-26,services,Servicio de limpieza y vigilancia,2,50461.6,50461.6,2025-09-16,2025-10-14,1.0,pagado_aproximadamente_completo
C001519,37722.31,Comparación de Precios,2026-06-09,goods,Suministro de combustible,3,37722.31,37722.31,2026-07-09,2026-08-07,1.0,pagado_aproximadamente_completo
C002386,178419.1,Adjudicación Simplificada,2024-07-31,goods,Adquisición de equipos informáticos,3,178419.1,178419.09999999998,2024-08-10,2024-10-05,0.9999999999999999,pagado_aproximadamente_completo
C003356,16039.1,Comparación de Precios,2026-03-30,goods,Adquisición de equipos informáticos,1,16039.1,16039.1,2026-04-09,2026-05-03,1.0,pagado_aproximadamente_completo
C002076,117398.47,Adjudicación Simplificada,2025-01-03,services,Consultoría en ingeniería,2,117398.47,117398.47,2025-01-08,2025-05-10,1.0,pagado_aproximadamente_completo
C001540,28764.05,Licitación Pública,2026-06-21,services,Servicio de transporte,1,28764.05,28764.05,2026-07-22,2026-08-01,1.0,pagado_aproximadamente_completo
C001217,108008.03,Licitación Pública,2023-11-01,goods,Adquisición de materiales de construcción,3,108008.03,108008.03,2023-12-13,2024-02-02,1.0,pagado_aproximadamente_completo
C002681,516173.5,Licitación Pública,2025-07-06,goods,Suministro de combustible,1,516173.5,516173.5,2025-08-15,2025-09-09,1.0,pagado_aproximadamente_completo
C700039,446922.51,Adjudicación Simplificada,2024-11-06,services,Servicio de capacitación,1,446922.51,446922.51,2024-12-03,2024-12-14,1.0,pagado_aproximadamente_completo
C002993,60683.58,Comparación de Precios,2024-01-06,goods,Adquisición de bienes de oficina,1,50270.21,50270.21,2024-01-15,2024-02-08,0.8283988848383698,pago_parcial
C001416,134201.42,Adjudicación Simplificada,2023-11-04,works,Obra de rehabilitación vial,1,103694.9,103694.9,2023-11-28,2023-12-17,0.7726810938364138,pago_parcial
C002217,67330.31,Comparación de Precios,2024-05-16,works,Obra de rehabilitación vial,1,53157.74,0.0,2024-06-11,,0.0,pendiente_sin_pago
C700066,417920.54,Licitación Pública,2026-04-23,services,Servicio de mantenimiento de infraestructura,3,417920.54,417920.54,2026-05-02,2026-07-12,1.0,pagado_aproximadamente_completo
C001676,152682.08,Adjudicación Simplificada,2025-04-26,goods,Adquisición de bienes de oficina,1,121269.11,121269.11,2025-05-22,2025-05-23,0.7942589595321207,pago_parcial
C001197,20226.82,Licitación Pública,2024-04-16,works,Obra de rehabilitación vial,2,20226.82,20226.82,2024-05-16,2024-06-12,1.0,pagado_aproximadamente_completo
C001542,33093.63,Adjudicación Simplificada,2025-08-09,goods,Adquisición de materiales de construcción,1,33093.63,33093.63,2025-08-29,2025-09-12,1.0,pagado_aproximadamente_completo
C002960,33881.84,Concurso Público,2023-05-03,goods,Adquisición de materiales de construcción,1,33881.84,33881.84,2023-05-27,2023-08-27,1.0,pagado_aproximadamente_completo
C002539,10884.93,Licitación Pública,2023-03-09,services,,2,10884.93,10884.93,2023-04-11,2023-05-13,1.0,pagado_aproximadamente_completo
C000953,89960.85,Comparación de Precios,2025-12-10,goods,Adquisición de materiales de construcción,3,89960.85,89960.84999999999,2025-12-17,2026-02-21,0.9999999999999999,pagado_aproximadamente_completo
C002635,73615.37,Adjudicación Simplificada,2023-09-23,services,Servicio de mantenimiento de infraestructura,1,39316.7,0.0,2023-10-16,,0.0,pendiente_sin_pago
C000750,15045.53,Adjudicación Simplificada,2023-10-15,services,Servicio de capacitación,1,15045.53,15045.53,2023-11-01,2024-01-10,1.0,pagado_aproximadamente_completo
C002705,44300.39,,2023-07-17,services,Servicio de mantenimiento de infraestructura,2,29695.18,29695.18,2023-08-14,2023-09-24,0.6703141891075902,pago_parcial
C000234,30509.32,Comparación de Precios,2024-03-14,goods,Adquisición de bienes de oficina,3,30509.32,30509.32,2024-04-19,2024-05-22,1.0,pagado_aproximadamente_completo
C000732,55632.42,Comparación de Precios,2024-05-08,goods,Adquisición de materiales de construcción,1,24086.24,0.0,2024-05-14,,0.0,pendiente_sin_pago
C800020,199450.77,Concurso Público Abreviado,2026-05-05,services,Servicio de transporte,1,199450.77,199450.77,2026-06-19,2026-07-06,1.0,pagado_aproximadamente_completo
C001156,32013.71,Adjudicación Simplificada,2024-06-15,works,Obra de rehabilitación vial,2,32013.71,32013.71,2024-07-05,2024-08-10,1.0,pagado_aproximadamente_completo
C003283,11638.88,Adjudicación Simplificada,2024-02-01,goods,Adquisición de materiales de construcción,2,11638.880000000001,11638.88,2024-02-07,2024-03-26,1.0,pagado_aproximadamente_completo
C002445,67409.03,Adjudicación Simplificada,2023-05-17,goods,Adquisición de materiales de construcción,3,67409.03,67409.03,2023-06-30,2023-08-01,1.0,pagado_aproximadamente_completo
C002982,29941.05,Adjudicación Simplificada,2025-08-15,goods,Adquisición de materiales de construcción,1,29941.05,29941.05,2025-09-17,2025-09-30,1.0,pagado_aproximadamente_completo
C001209,50964.09,Adjudicación Simplificada,2026-03-10,goods,Adquisición de equipos informáticos,1,45577.87,45577.87,2026-03-23,2026-04-08,0.8943134273563995,pago_parcial
C001065,8541.52,Comparación de Precios,2026-01-25,works,Obra de rehabilitación vial,2,5624.57,5624.57,2026-03-06,2026-04-08,0.6584975507872135,pago_parcial
C002156,66717.17,Adjudicación Simplificada,2024-09-25,services,Servicio de transporte,3,66717.17,66717.17,2024-11-04,2024-12-03,1.0,pagado_aproximadamente_completo
C001062,107004.12,Contratación Directa,2024-05-23,services,Servicio de limpieza y vigilancia,1,107004.12,107004.12,2024-06-24,2024-07-12,1.0,pagado_aproximadamente_completo
C002616,66227.97,Licitación Pública,2025-05-28,services,Consultoría en ingeniería,1,66227.97,66227.97,2025-07-01,2025-07-29,1.0,pagado_aproximadamente_completo
C001167,22141.14,Concurso Público,2024-03-28,services,Servicio de limpieza y vigilancia,1,22141.14,22141.14,2024-05-06,2024-05-18,1.0,pagado_aproximadamente_completo
C001492,111711.66,,2024-08-14,services,Servicio de transporte,3,111711.66,111711.66,2024-09-17,2024-11-23,1.0,pagado_aproximadamente_completo
C002938,117888.71,Adjudicación Simplificada,2024-06-29,services,,1,117888.71,117888.71,2024-07-05,2024-07-16,1.0,pagado_aproximadamente_completo
C002995,30313.5,Licitación Pública,2023-08-25,services,Servicio de transporte,3,30313.500000000004,30313.5,2023-09-19,2023-12-04,1.0,pagado_aproximadamente_completo
C003042,106678.76,Comparación de Precios,2024-05-25,services,Servicio de limpieza y vigilancia,1,106678.76,106678.76,2024-06-19,2024-06-23,1.0,pagado_aproximadamente_completo
C000884,33989.63,Adjudicación Simplificada,2025-10-12,goods,Adquisición de materiales de construcción,3,33989.630000000005,33989.63,2025-10-24,2026-01-11,1.0,pagado_aproximadamente_completo
C000143,74401.49,Adjudicación Simplificada,2026-04-17,goods,Adquisición de materiales de construcción,3,74401.49,74401.49,2026-05-17,2026-07-09,1.0,pagado_aproximadamente_completo
C900023,119225.16,Contratación Directa,2025-11-26,services,Servicio de limpieza y vigilancia,1,93861.23,0.0,2025-12-31,,0.0,pendiente_sin_pago
C000850,358935.71,Comparación de Precios,2026-01-29,services,Servicio de mantenimiento de infraestructura,1,140945.66,0.0,2026-02-15,,0.0,pendiente_sin_pago
C002782,86439.75,Comparación de Precios,2025-11-08,goods,Adquisición de materiales de construcción,3,86439.75,86439.75,2025-12-01,2026-02-07,1.0,pagado_aproximadamente_completo
C000717,186330.03,Comparación de Precios,2025-12-22,goods,Suministro de combustible,3,186330.03,186330.03,2026-01-03,2026-03-11,1.0,pagado_aproximadamente_completo
C700011,106227.86,Adjudicación Simplificada,2026-06-12,services,Servicio de transporte,3,106227.86000000002,106227.86,2026-06-26,2026-08-07,1.0,pagado_aproximadamente_completo
C002502,107535.77,Contratación Directa,2024-09-16,services,Servicio de mantenimiento de infraestructura,1,107535.77,107535.77,2024-09-29,2024-12-27,1.0,pagado_aproximadamente_completo
C000264,384421.47,Comparación de Precios,2024-05-31,services,Servicio de capacitación,1,384421.47,384421.47,2024-06-23,2024-08-29,1.0,pagado_aproximadamente_completo
C000075,44474.74,Comparación de Precios,2025-05-27,goods,Adquisición de equipos informáticos,2,39560.95,39560.95,2025-06-19,2025-08-07,0.8895150370749778,pago_parcial
C002492,20429.51,Adjudicación Simplificada,2023-11-13,works,Obra de rehabilitación vial,1,21261.08,21261.08,2023-12-10,2023-12-23,1.0407043536531226,sobrepago_senal_revisar
C000395,3238.42,Licitación Pública,2024-12-03,services,Consultoría en ingeniería,3,3238.42,3238.42,2025-01-04,2025-03-03,1.0,pagado_aproximadamente_completo
C700080,135772.19,Licitación Pública,2024-07-13,works,Obra de rehabilitación vial,1,108420.15,0.0,2024-08-21,,0.0,pendiente_sin_pago
C002224,52773.03,Licitación Pública,2026-03-01,goods,Adquisición de bienes de oficina,3,52773.03,52773.03,2026-03-20,2026-05-07,1.0,pagado_aproximadamente_completo
C003455,75069.18,Adjudicación Simplificada,2024-12-30,works,Obra de rehabilitación vial,2,79323.7,79323.7,2025-01-17,2025-03-07,1.0566746566300578,sobrepago_senal_revisar
C000396,166933.04,Adjudicación Simplificada,2024-10-02,works,Obra de rehabilitación vial,3,166933.03999999998,166933.03999999998,2024-10-27,2024-12-31,0.9999999999999998,pagado_aproximadamente_completo
C001365,85423.47,Comparación de Precios,2025-07-07,services,Servicio de limpieza y vigilancia,1,85423.47,85423.47,2025-07-26,2025-08-03,1.0,pagado_aproximadamente_completo
C003075,205861.23,Adjudicación Simplificada,2024-02-05,services,Servicio de capacitación,1,205861.23,205861.23,2024-03-20,2024-03-28,1.0,pagado_aproximadamente_completo
C001903,94677.86,Adjudicación Simplificada,2023-10-23,goods,Adquisición de equipos informáticos,2,94677.86,94677.86,2023-12-02,2023-12-31,1.0,pagado_aproximadamente_completo
C000595,262916.13,Comparación de Precios,2024-07-04,works,Obra de rehabilitación vial,2,154257.13,154257.13,2024-07-24,2024-09-15,0.5867161136138738,pago_parcial
C002109,58834.65,Adjudicación Simplificada,2023-06-30,services,Consultoría en ingeniería,3,58834.65,58834.65,2023-07-27,2023-08-26,1.0,pagado_aproximadamente_completo
C001296,59201.91,Contratación Directa,2023-06-22,services,Servicio de limpieza y vigilancia,1,59201.91,59201.91,2023-07-14,2023-07-20,1.0,pagado_aproximadamente_completo
C001821,114616.74,Concurso Público,2024-01-17,goods,Adquisición de bienes de oficina,3,114616.73999999999,114616.74,2024-02-12,2024-03-25,1.0,pagado_aproximadamente_completo
C000872,109304.81,Contratación Directa,2024-11-19,goods,Suministro de combustible,2,109304.81,109304.81,2024-11-30,2025-01-01,1.0,pagado_aproximadamente_completo
C003196,30634.11,Adjudicación Simplificada,2023-02-11,services,Servicio de capacitación,2,30634.11,30634.11,2023-03-12,2023-06-26,1.0,pagado_aproximadamente_completo
C700095,485681.84,Adjudicación Simplificada,2024-05-09,services,Servicio de capacitación,3,485681.84,485681.84,2024-05-18,2024-08-24,1.0,pagado_aproximadamente_completo
C002326,15130.91,Adjudicación Simplificada,2024-06-13,services,Consultoría en ingeniería,3,15130.91,15130.91,2024-07-25,2024-09-08,1.0,pagado_aproximadamente_completo
C001548,49388.53,Comparación de Precios,2024-11-09,goods,Adquisición de materiales de construcción,2,49388.53,49388.53,2024-11-25,2025-03-06,1.0,pagado_aproximadamente_completo
C000036,64346.23,Adjudicación Simplificada,2026-03-20,services,Servicio de capacitación,1,44941.28,0.0,2026-04-18,,0.0,pendiente_sin_pago
C002710,48460.3,Contratación Directa,2025-03-13,services,Servicio de capacitación,1,48460.3,48460.3,2025-04-21,2025-04-25,1.0,pagado_aproximadamente_completo
C003109,87677.74,Adjudicación Simplificada,2025-02-20,services,Servicio de limpieza y vigilancia,1,60059.03,0.0,2025-03-23,,0.0,pendiente_sin_pago
C002143,11534.61,Adjudicación Simplificada,2023-04-19,services,Servicio de limpieza y vigilancia,3,11534.61,11534.61,2023-05-20,2023-07-22,1.0,pagado_aproximadamente_completo
C003155,16328.84,Adjudicación Simplificada,2023-05-08,goods,Adquisición de equipos informáticos,1,16328.84,16328.84,2023-05-28,2023-06-23,1.0,pagado_aproximadamente_completo
C000977,707289.99,Comparación de Precios,2026-06-26,goods,Adquisición de materiales de construcción,3,707289.99,707289.99,2026-07-01,2026-08-07,1.0,pagado_aproximadamente_completo
C001571,16433.3,Contratación Directa,2026-03-28,services,Servicio de transporte,3,16433.3,16433.3,2026-05-06,2026-07-09,1.0,pagado_aproximadamente_completo
C001122,48010.8,Licitación Pública,2024-03-02,goods,Adquisición de equipos informáticos,1,48010.8,48010.8,2024-03-07,2024-03-24,1.0,pagado_aproximadamente_completo
C002786,8708.52,Adjudicación Simplificada,2025-01-02,goods,Adquisición de materiales de construcción,3,8708.52,8708.52,2025-02-03,2025-04-11,1.0,pagado_aproximadamente_completo
C002239,45461.8,Licitación Pública,2024-05-18,services,Servicio de limpieza y vigilancia,1,45461.8,45461.8,2024-06-16,2024-07-07,1.0,pagado_aproximadamente_completo
C002967,20765.72,Adjudicación Simplificada,2026-04-11,services,Servicio de transporte,3,20765.72,20765.72,2026-05-06,2026-06-13,1.0,pagado_aproximadamente_completo
C002504,26007.79,Licitación Pública,2025-12-12,goods,Adquisición de materiales de construcción,2,26007.79,26007.79,2025-12-31,2026-02-23,1.0,pagado_aproximadamente_completo
C001892,77944.08,Adjudicación Simplificada,2024-01-19,works,Obra de rehabilitación vial,1,77944.08,77944.08,2024-02-09,2024-02-29,1.0,pagado_aproximadamente_completo
C000675,35365.54,Licitación Pública,2023-01-05,goods,Adquisición de equipos informáticos,1,20966.95,20966.95,2023-02-11,2023-02-28,0.592863844295888,pago_parcial
C002808,14631.23,Concurso Público,2023-05-07,services,Servicio de limpieza y vigilancia,3,14631.23,14631.23,2023-06-13,2023-08-01,1.0,pagado_aproximadamente_completo
C003068,375453.16,Adjudicación Simplificada,2025-08-20,services,Servicio de mantenimiento de infraestructura,3,375453.16,375453.16000000003,2025-08-25,2025-11-23,1.0000000000000002,pagado_aproximadamente_completo
C000728,61697.98,Adjudicación Simplificada,2023-07-09,goods,Adquisición de bienes de oficina,2,61697.979999999996,61697.979999999996,2023-08-07,2023-09-15,0.9999999999999999,pagado_aproximadamente_completo
C000412,15363.6,Adjudicación Simplificada,2024-03-16,works,Obra de rehabilitación vial,2,15363.6,15363.6,2024-04-20,2024-05-25,1.0,pagado_aproximadamente_completo
C001516,12512.37,Comparación de Precios,2025-06-17,services,Servicio de capacitación,1,12512.37,12512.37,2025-07-06,2025-08-01,1.0,pagado_aproximadamente_completo
C001649,,Comparación de Precios,2024-01-13,goods,Adquisición de bienes de oficina,3,62185.65,62185.649999999994,2024-01-21,2024-03-27,,sin_pago_o_sin_cuantia
C000825,36575.4,Comparación de Precios,2023-01-03,works,Obra de rehabilitación vial,2,36575.4,36575.399999999994,2023-02-08,2023-05-15,0.9999999999999998,pagado_aproximadamente_completo
C000616,146356.21,Adjudicación Simplificada,2024-11-18,works,Obra de rehabilitación vial,3,146356.21000000002,146356.21000000002,2024-12-03,2025-01-29,1.0000000000000002,pagado_aproximadamente_completo
C000114,209342.09,Adjudicación Simplificada,2025-01-21,goods,Adquisición de materiales de construcción,2,209342.09000000003,209342.09000000003,2025-01-26,2025-03-30,1.0000000000000002,pagado_aproximadamente_completo
C000417,354046.25,Adjudicación Simplificada,2024-01-07,services,Servicio de transporte,1,354046.25,354046.25,2024-01-19,2024-03-30,1.0,pagado_aproximadamente_completo
C003069,14272.11,Adjudicación Simplificada,2024-12-15,services,Servicio de limpieza y vigilancia,2,14272.11,14272.11,2024-12-30,2025-02-13,1.0,pagado_aproximadamente_completo
C001625,46478.19,Licitación Pública,2024-11-24,goods,Adquisición de materiales de construcción,1,46478.19,46478.19,2024-12-14,2025-01-02,1.0,pagado_aproximadamente_completo
C003017,58372.64,,2025-03-08,services,Servicio de capacitación,2,51105.17,51105.17,2025-04-07,2025-05-05,0.8754986925381479,pago_parcial
C002652,93067.07,Adjudicación Simplificada,2026-01-12,services,Servicio de limpieza y vigilancia,2,93067.07,93067.07,2026-02-06,2026-02-16,1.0,pagado_aproximadamente_completo
C900018,270638.63,Comparación de Precios,2026-05-06,services,Servicio de limpieza y vigilancia,3,270638.63,270638.63,2026-06-10,2026-08-07,1.0,pagado_aproximadamente_completo
C000089,24350.44,Adjudicación Simplificada,2023-01-10,services,Servicio de mantenimiento de infraestructura,2,24350.440000000002,24350.44,2023-01-23,2023-02-15,1.0,pagado_aproximadamente_completo
C002896,53383.19,Contratación Directa,2023-09-11,services,Servicio de transporte,3,53383.19,53383.19,2023-10-02,2023-11-30,1.0,pagado_aproximadamente_completo
C003226,303096.63,,2025-07-28,goods,Adquisición de materiales de construcción,1,303096.63,303096.63,2025-08-21,2025-10-13,1.0,pagado_aproximadamente_completo
C002082,16827.93,Concurso Público,2025-02-18,services,Servicio de capacitación,2,16827.93,16827.93,2025-04-01,2025-04-21,1.0,pagado_aproximadamente_completo
C000753,7062.11,Comparación de Precios,2024-09-27,goods,Adquisición de bienes de oficina,3,7062.11,7062.110000000001,2024-10-14,2024-11-23,1.0000000000000002,pagado_aproximadamente_completo
C002546,75024.76,Adjudicación Simplificada,2024-05-28,services,Servicio de transporte,3,75024.76,75024.76000000001,2024-06-04,2024-08-25,1.0000000000000002,pagado_aproximadamente_completo
C001630,32347.84,Comparación de Precios,2024-10-03,services,Servicio de limpieza y vigilancia,2,21344.55,21344.55,2024-11-04,2024-11-16,0.6598446758732577,pago_parcial
C000011,50885.54,Concurso Público,2025-10-13,services,Consultoría en ingeniería,1,31271.69,0.0,2025-11-20,,0.0,pendiente_sin_pago
C002444,658102.99,Adjudicación Simplificada,2023-05-01,goods,Adquisición de materiales de construcción,1,378035.11,0.0,2023-06-11,,0.0,pendiente_sin_pago
C000284,71776.63,Adjudicación Simplificada,2023-08-22,services,Servicio de mantenimiento de infraestructura,1,41069.64,41069.64,2023-09-29,2023-10-05,0.5721867967331428,pago_parcial
C001066,7984.72,Comparación de Precios,2023-10-30,works,Obra de rehabilitación vial,1,7984.72,7984.72,2023-12-08,2024-02-20,1.0,pagado_aproximadamente_completo
C001191,17122.48,Licitación Pública,2025-03-03,goods,Adquisición de equipos informáticos,1,14533.82,14533.82,2025-03-26,2025-04-06,0.8488151249118119,pago_parcial
C001440,127493.61,Contratación Directa,2025-03-10,services,Servicio de limpieza y vigilancia,1,95425.23,95425.23,2025-04-03,2025-04-21,0.7484706880603663,pago_parcial
C003462,33167.89,Comparación de Precios,2025-09-13,works,Obra de rehabilitación vial,1,33167.89,33167.89,2025-10-15,2025-10-21,1.0,pagado_aproximadamente_completo
C003460,393785.36,Comparación de Precios,2025-11-12,goods,Adquisición de materiales de construcción,3,393785.36,393785.36,2025-12-27,2026-01-22,1.0,pagado_aproximadamente_completo
C002738,36108.54,Adjudicación Simplificada,2023-05-26,services,Servicio de mantenimiento de infraestructura,1,36108.54,36108.54,2023-06-29,2023-07-10,1.0,pagado_aproximadamente_completo
C003340,38255.53,Licitación Pública,2023-02-26,goods,Suministro de combustible,1,38255.53,38255.53,2023-03-19,2023-04-02,1.0,pagado_aproximadamente_completo
C001568,217703.96,Comparación de Precios,2023-01-08,services,Servicio de limpieza y vigilancia,2,217703.96000000002,217703.96,2023-02-11,2023-03-29,1.0,pagado_aproximadamente_completo
C002427,15752.16,Adjudicación Simplificada,2023-11-24,services,Consultoría en ingeniería,1,15752.16,15752.16,2023-12-19,2024-03-08,1.0,pagado_aproximadamente_completo
C002737,66362.31,Licitación Pública,2026-03-08,goods,Suministro de combustible,2,66362.31,66362.31,2026-04-06,2026-05-08,1.0,pagado_aproximadamente_completo
C800030,142059.37,Licitación Pública Abreviada,2025-09-14,goods,Adquisición de bienes de oficina,3,142059.37,142059.37,2025-10-23,2025-12-22,1.0,pagado_aproximadamente_completo
C001687,127725.39,Adjudicación Simplificada,2023-01-02,services,,3,127725.39,127725.39,2023-01-18,2023-03-10,1.0,pagado_aproximadamente_completo
C000851,13064.92,Adjudicación Simplificada,2023-04-13,services,Servicio de capacitación,2,13064.92,13064.919999999998,2023-05-11,2023-05-22,0.9999999999999999,pagado_aproximadamente_completo
C002207,15972.94,Adjudicación Simplificada,2025-05-30,works,Obra de rehabilitación vial,3,15972.94,15972.94,2025-06-25,2025-08-15,1.0,pagado_aproximadamente_completo
C000895,103812.86,Comparación de Precios,2023-04-14,goods,Suministro de combustible,1,103812.86,103812.86,2023-05-06,2023-05-15,1.0,pagado_aproximadamente_completo
C000496,200639.4,Adjudicación Simplificada,2024-12-10,services,Consultoría en ingeniería,1,200639.4,200639.4,2025-01-21,2025-02-08,1.0,pagado_aproximadamente_completo
C002305,55298.64,Contratación Directa,2026-06-21,services,Consultoría en ingeniería,1,33648.05,0.0,2026-08-03,,0.0,pendiente_sin_pago
C001782,49888.41,Adjudicación Simplificada,2024-12-27,goods,Adquisición de materiales de construcción,1,49888.41,49888.41,2025-01-03,2025-01-29,1.0,pagado_aproximadamente_completo
C000335,53147.76,Adjudicación Simplificada,2024-10-06,services,Servicio de mantenimiento de infraestructura,2,39788.94,39788.94,2024-10-19,2024-12-14,0.7486475441297996,pago_parcial
C002839,46478.06,Licitación Pública,2026-06-08,services,Servicio de capacitación,1,46478.06,46478.06,2026-07-16,2026-08-07,1.0,pagado_aproximadamente_completo
C003087,,Adjudicación Simplificada,2025-02-04,services,Servicio de limpieza y vigilancia,2,62185.65,62185.65,2025-03-07,2025-04-18,,sin_pago_o_sin_cuantia
C000515,64222.77,Comparación de Precios,2023-03-07,goods,Adquisición de equipos informáticos,2,64222.770000000004,64222.770000000004,2023-03-20,2023-05-05,1.0000000000000002,pagado_aproximadamente_completo
C001348,114004.44,Concurso Público,2024-03-18,services,Servicio de capacitación,1,114004.44,114004.44,2024-04-04,2024-04-18,1.0,pagado_aproximadamente_completo
C001015,30760.42,Adjudicación Simplificada,2024-05-29,services,Consultoría en ingeniería,1,13588.64,0.0,2024-07-01,,0.0,pendiente_sin_pago
C002816,51158.59,Contratación Directa,2024-02-20,services,,3,51158.59,51158.59,2024-03-01,2024-05-02,1.0,pagado_aproximadamente_completo
C003470,64129.17,Comparación de Precios,2025-08-22,works,Obra de rehabilitación vial,1,64129.17,64129.17,2025-10-02,2025-10-25,1.0,pagado_aproximadamente_completo
C003464,49413.66,Adjudicación Simplificada,2023-11-07,services,Servicio de capacitación,2,42843.01,42843.01,2023-12-08,2024-01-18,0.8670276599628524,pago_parcial
C002809,15817.99,Adjudicación Simplificada,2024-06-10,goods,Adquisición de materiales de construcción,3,15817.99,15817.990000000002,2024-06-28,2024-08-18,1.0000000000000002,pagado_aproximadamente_completo
C003168,555964.38,Comparación de Precios,2023-12-08,goods,Adquisición de bienes de oficina,1,288030.47,0.0,2023-12-19,,0.0,pendiente_sin_pago
C001781,466036.68,Comparación de Precios,2025-03-17,services,Consultoría en ingeniería,2,466036.68,466036.68000000005,2025-04-15,2025-07-11,1.0000000000000002,pagado_aproximadamente_completo
C002569,36661.32,Comparación de Precios,2024-05-09,goods,Adquisición de bienes de oficina,3,36661.32,36661.32,2024-06-18,2024-08-09,1.0,pagado_aproximadamente_completo
C001785,20566.48,Adjudicación Simplificada,2025-01-25,goods,Adquisición de materiales de construcción,1,21306.47,21306.47,2025-03-06,2025-04-05,1.035980391394152,sobrepago_senal_revisar
C002070,17764.38,Comparación de Precios,2024-05-21,services,Servicio de mantenimiento de infraestructura,2,17764.38,17764.379999999997,2024-05-30,2024-07-26,0.9999999999999998,pagado_aproximadamente_completo
C000356,66926.51,Comparación de Precios,2023-08-05,goods,Adquisición de equipos informáticos,1,66926.51,66926.51,2023-09-10,2023-09-14,1.0,pagado_aproximadamente_completo
C700025,411776.65,Licitación Pública,2025-10-29,works,Obra de rehabilitación vial,1,171855.02,0.0,2025-12-12,,0.0,pendiente_sin_pago
C001312,73376.91,Concurso Público,2025-12-19,services,Servicio de mantenimiento de infraestructura,2,73376.91,73376.91,2026-01-20,2026-02-11,1.0,pagado_aproximadamente_completo
C001635,23458.58,Concurso Público,2026-06-09,services,Servicio de capacitación,1,20717.74,20717.74,2026-06-22,2026-07-10,0.8831625784680914,pago_parcial
C000550,122149.07,Adjudicación Simplificada,2024-05-17,goods,Adquisición de bienes de oficina,2,122149.07,122149.07,2024-05-26,2024-07-17,1.0,pagado_aproximadamente_completo
C002388,53636.4,Adjudicación Simplificada,2024-09-21,services,Servicio de transporte,2,53636.4,53636.399999999994,2024-10-24,2025-01-12,0.9999999999999999,pagado_aproximadamente_completo
C002479,117183.87,Adjudicación Simplificada,2024-04-03,services,Servicio de transporte,2,117183.87,117183.87,2024-05-10,2024-06-03,1.0,pagado_aproximadamente_completo
C002521,27662.75,Adjudicación Simplificada,2025-05-30,services,Servicio de transporte,2,27662.75,27662.75,2025-06-13,2025-08-11,1.0,pagado_aproximadamente_completo
C002265,10392.96,Licitación Pública,2023-06-18,services,Consultoría en ingeniería,1,10392.96,10392.96,2023-07-21,2023-08-09,1.0,pagado_aproximadamente_completo
C002959,233079.05,Comparación de Precios,2023-09-10,goods,Adquisición de equipos informáticos,2,233079.05,233079.05,2023-10-16,2023-11-22,1.0,pagado_aproximadamente_completo
C001227,68361.82,Adjudicación Simplificada,2024-04-06,services,Servicio de capacitación,2,68361.82,68361.82,2024-04-18,2024-07-27,1.0,pagado_aproximadamente_completo
C003305,116549.13,Comparación de Precios,2024-02-14,services,Servicio de transporte,2,116549.12999999999,116549.13,2024-03-14,2024-04-19,1.0,pagado_aproximadamente_completo
C003059,158122.42,Comparación de Precios,2024-01-04,goods,Adquisición de bienes de oficina,1,158122.42,158122.42,2024-02-14,2024-02-27,1.0,pagado_aproximadamente_completo
C000957,93742.76,Concurso Público,2026-06-19,services,,1,66844.53,66844.53,2026-06-27,2026-07-06,0.7130633875085394,pago_parcial
C001773,27434.21,Adjudicación Simplificada,2025-07-14,services,Consultoría en ingeniería,1,27434.21,27434.21,2025-07-19,2025-07-31,1.0,pagado_aproximadamente_completo
C002141,629268.87,Licitación Pública,2026-01-31,goods,Adquisición de materiales de construcción,1,629268.87,629268.87,2026-03-16,2026-06-10,1.0,pagado_aproximadamente_completo
C001008,44568.53,Adjudicación Simplificada,2026-02-07,works,Obra de rehabilitación vial,1,26818.24,0.0,2026-03-13,,0.0,pendiente_sin_pago
C003118,28249.87,Adjudicación Simplificada,2023-12-26,services,Servicio de transporte,2,28249.87,28249.870000000003,2024-01-01,2024-02-18,1.0000000000000002,pagado_aproximadamente_completo
C001092,26112.82,Adjudicación Simplificada,2026-04-17,services,Servicio de capacitación,1,26112.82,26112.82,2026-05-22,2026-06-10,1.0,pagado_aproximadamente_completo
C003447,41202.04,Contratación Directa,2024-09-08,goods,Adquisición de materiales de construcción,2,41202.04,41202.04,2024-10-17,2025-01-08,1.0,pagado_aproximadamente_completo
C002744,16343.21,Comparación de Precios,2024-07-04,works,Obra de rehabilitación vial,2,16343.21,16343.21,2024-08-09,2024-09-04,1.0,pagado_aproximadamente_completo
C000996,19799.61,Adjudicación Simplificada,2023-02-19,goods,Adquisición de bienes de oficina,1,19799.61,19799.61,2023-03-03,2023-03-21,1.0,pagado_aproximadamente_completo
C001679,70143.4,Concurso Público,2025-01-07,services,Consultoría en ingeniería,1,70143.4,70143.4,2025-01-25,2025-02-13,1.0,pagado_aproximadamente_completo
C000153,148538.78,Adjudicación Simplificada,2026-04-08,goods,Adquisición de bienes de oficina,2,148538.78,148538.78,2026-05-18,2026-06-21,1.0,pagado_aproximadamente_completo
C003147,402448.81,Concurso Público,2024-12-12,goods,Adquisición de equipos informáticos,1,353396.42,353396.42,2025-01-04,2025-01-23,0.8781152067513878,pago_parcial
C003437,126954.39,Comparación de Precios,2025-08-12,goods,Suministro de combustible,3,126954.39,126954.39,2025-08-17,2025-11-20,1.0,pagado_aproximadamente_completo
C002908,22990.46,Adjudicación Simplificada,2026-05-08,services,Consultoría en ingeniería,3,22990.46,22990.46,2026-06-05,2026-07-25,1.0,pagado_aproximadamente_completo
C002837,14166.98,Concurso Público,2023-11-04,services,Servicio de transporte,2,14166.98,14166.98,2023-12-11,2023-12-29,1.0,pagado_aproximadamente_completo
C000580,33343.61,Contratación Directa,2023-10-04,services,Consultoría en ingeniería,2,33343.61,33343.61,2023-10-15,2024-01-06,1.0,pagado_aproximadamente_completo
C001470,51866.45,Adjudicación Simplificada,2025-05-14,services,Servicio de capacitación,1,26998.11,0.0,2025-06-25,,0.0,pendiente_sin_pago
C000703,84288.73,Adjudicación Simplificada,2023-04-13,services,Consultoría en ingeniería,1,65453.61,0.0,2023-05-03,,0.0,pendiente_sin_pago
C001212,20719.03,Licitación Pública,2024-12-11,services,Servicio de capacitación,2,20719.03,20719.03,2024-12-29,2025-02-13,1.0,pagado_aproximadamente_completo
C000896,105339.17,Adjudicación Simplificada,2023-05-05,services,Servicio de transporte,1,105339.17,105339.17,2023-06-13,2023-07-08,1.0,pagado_aproximadamente_completo
C000487,559269.22,Adjudicación Simplificada,2023-12-02,goods,Suministro de combustible,2,559269.22,559269.22,2023-12-12,2024-01-05,1.0,pagado_aproximadamente_completo
C000559,187251.79,Comparación de Precios,2024-05-01,services,Servicio de mantenimiento de infraestructura,1,187251.79,187251.79,2024-05-22,2024-05-31,1.0,pagado_aproximadamente_completo
C001141,557816.95,Adjudicación Simplificada,2024-02-28,services,Servicio de capacitación,2,557816.95,557816.95,2024-03-11,2024-06-29,1.0,pagado_aproximadamente_completo
C001119,37117.17,Licitación Pública,2025-05-19,goods,Adquisición de materiales de construcción,2,37117.17,37117.17,2025-06-08,2025-08-30,1.0,pagado_aproximadamente_completo
C002849,29857.14,Comparación de Precios,2024-10-04,goods,Suministro de combustible,2,29857.14,29857.14,2024-11-02,2024-12-28,1.0,pagado_aproximadamente_completo
C000512,33629.25,Adjudicación Simplificada,2023-09-04,goods,Adquisición de materiales de construcción,2,33629.25,33629.25,2023-10-06,2023-10-30,1.0,pagado_aproximadamente_completo
C000633,4836.3,Adjudicación Simplificada,2025-01-26,services,Servicio de limpieza y vigilancia,2,4836.299999999999,4836.3,2025-02-13,2025-03-17,1.0,pagado_aproximadamente_completo
C003182,196754.1,Licitación Pública,2024-03-20,services,Consultoría en ingeniería,2,196754.1,196754.09999999998,2024-03-29,2024-05-16,0.9999999999999999,pagado_aproximadamente_completo
C001664,73947.51,Comparación de Precios,2025-03-08,goods,,3,73947.51,73947.51,2025-03-23,2025-06-05,1.0,pagado_aproximadamente_completo
C001012,125819.67,Adjudicación Simplificada,2023-09-05,goods,,1,125819.67,125819.67,2023-09-17,2023-09-27,1.0,pagado_aproximadamente_completo
C001931,1755.99,Contratación Directa,2026-06-20,services,Servicio de limpieza y vigilancia,3,1755.99,1755.99,2026-06-25,2026-08-07,1.0,pagado_aproximadamente_completo
C001150,22014.89,Comparación de Precios,2024-07-24,services,Servicio de limpieza y vigilancia,3,22014.89,22014.89,2024-08-21,2024-09-24,1.0,pagado_aproximadamente_completo
C002838,76245.31,Contratación Directa,2024-09-09,services,Servicio de transporte,1,66389.89,66389.89,2024-10-20,2024-10-29,0.8707406396537702,pago_parcial
C003466,193346.1,Comparación de Precios,2023-01-20,services,Servicio de capacitación,2,193346.09999999998,193346.09999999998,2023-02-08,2023-02-26,0.9999999999999999,pagado_aproximadamente_completo
C000116,39152.76,Contratación Directa,2023-05-11,services,Servicio de capacitación,1,39152.76,39152.76,2023-06-23,2023-09-15,1.0,pagado_aproximadamente_completo
C000740,68638.05,Comparación de Precios,2024-05-15,goods,Adquisición de materiales de construcción,1,68638.05,68638.05,2024-06-23,2024-07-10,1.0,pagado_aproximadamente_completo
C003410,79198.09,Comparación de Precios,2023-01-30,services,Servicio de limpieza y vigilancia,1,79198.09,79198.09,2023-02-06,2023-03-01,1.0,pagado_aproximadamente_completo
C001974,185964.91,Adjudicación Simplificada,2026-02-09,services,Servicio de transporte,3,185964.91,185964.91,2026-03-08,2026-05-20,1.0,pagado_aproximadamente_completo
C001081,61437.16,Comparación de Precios,2024-02-17,goods,Suministro de combustible,1,61437.16,61437.16,2024-03-14,2024-03-30,1.0,pagado_aproximadamente_completo
C001810,94567.1,Concurso Público,2024-05-11,services,Servicio de capacitación,1,94567.1,94567.1,2024-05-28,2024-06-12,1.0,pagado_aproximadamente_completo
C000830,78240.31,Concurso Público,2025-07-26,goods,Adquisición de equipos informáticos,1,78240.31,78240.31,2025-07-31,2025-08-27,1.0,pagado_aproximadamente_completo
C000119,21358.1,Licitación Pública,2025-03-21,services,Servicio de capacitación,2,21358.1,21358.1,2025-04-13,2025-05-09,1.0,pagado_aproximadamente_completo
C000656,162082.17,Adjudicación Simplificada,2024-02-27,goods,Suministro de combustible,1,162082.17,162082.17,2024-03-27,2024-04-14,1.0,pagado_aproximadamente_completo
C003389,55965.4,Concurso Público,2023-11-12,goods,,2,34244.68,34244.68,2023-11-17,2023-12-17,0.6118902035900753,pago_parcial
C003318,53169.37,Comparación de Precios,2024-07-09,services,Consultoría en ingeniería,1,53169.37,53169.37,2024-07-22,2024-08-09,1.0,pagado_aproximadamente_completo
C900007,275384.08,Adjudicación Simplificada,2024-04-11,goods,Adquisición de materiales de construcción,1,275384.08,275384.08,2024-04-24,2024-05-18,1.0,pagado_aproximadamente_completo
C000635,81180.92,Adjudicación Simplificada,2025-02-07,services,Servicio de transporte,2,63695.380000000005,63695.380000000005,2025-03-07,2025-04-15,0.784610226146735,pago_parcial
C000369,51633.58,Adjudicación Simplificada,2023-02-11,services,,2,51633.58,51633.58,2023-03-17,2023-04-16,1.0,pagado_aproximadamente_completo
C000268,85188.97,Comparación de Precios,2026-04-09,services,Servicio de limpieza y vigilancia,2,85188.97,85188.97,2026-05-11,2026-08-07,1.0,pagado_aproximadamente_completo
C002703,273791.68,Concurso Público,2024-08-08,works,Obra de rehabilitación vial,3,273791.68,273791.68,2024-09-17,2024-11-17,1.0,pagado_aproximadamente_completo
C002983,107761.23,Licitación Pública,2026-05-20,services,Servicio de transporte,1,66191.21,66191.21,2026-06-13,2026-06-24,0.6142395553577108,pago_parcial
C002870,70602.7,Comparación de Precios,2025-02-11,services,Servicio de transporte,3,70602.7,70602.70000000001,2025-03-10,2025-05-03,1.0000000000000002,pagado_aproximadamente_completo
C002914,38505.34,Adjudicación Simplificada,2023-03-20,services,Servicio de limpieza y vigilancia,2,38505.340000000004,38505.34,2023-04-04,2023-05-30,1.0,pagado_aproximadamente_completo
C000046,101132.6,Adjudicación Simplificada,2024-07-18,goods,Suministro de combustible,2,101132.6,101132.6,2024-08-21,2024-12-09,1.0,pagado_aproximadamente_completo
C003428,173751.22,Contratación Directa,2024-11-04,goods,Adquisición de materiales de construcción,1,134764.4,134764.4,2024-11-15,2024-12-01,0.7756169999842303,pago_parcial
C000991,51041.14,Comparación de Precios,2026-03-21,services,Servicio de capacitación,1,51041.14,51041.14,2026-04-08,2026-04-25,1.0,pagado_aproximadamente_completo
C000876,77378.09,Comparación de Precios,2026-05-12,services,Servicio de capacitación,1,77378.09,77378.09,2026-05-31,2026-06-21,1.0,pagado_aproximadamente_completo
C000773,17050.68,Comparación de Precios,2023-10-30,services,Servicio de mantenimiento de infraestructura,2,9643.5,9643.5,2023-12-08,2024-01-15,0.5655786162194117,pago_parcial
C001219,35830.26,Comparación de Precios,2023-08-20,works,Obra de rehabilitación vial,1,38563.69,38563.69,2023-09-22,2023-10-02,1.0762883104950955,sobrepago_senal_revisar
C001126,298402.69,Licitación Pública,2025-10-16,services,Servicio de capacitación,1,298402.69,298402.69,2025-11-27,2026-02-06,1.0,pagado_aproximadamente_completo
C000004,24880.7,Adjudicación Simplificada,2025-06-04,services,Consultoría en ingeniería,2,24880.699999999997,24880.7,2025-06-24,2025-08-13,1.0,pagado_aproximadamente_completo
C003051,,Comparación de Precios,2023-02-14,services,Servicio de transporte,1,62185.65,62185.65,2023-03-06,2023-05-21,,sin_pago_o_sin_cuantia
C001595,105493.16,Comparación de Precios,2023-08-01,services,Servicio de limpieza y vigilancia,2,105493.16,105493.16,2023-08-30,2023-10-20,1.0,pagado_aproximadamente_completo
C003124,49079.84,Comparación de Precios,2025-04-07,services,Consultoría en ingeniería,2,49079.84,49079.84,2025-04-16,2025-07-03,1.0,pagado_aproximadamente_completo
C002311,185530.47,Concurso Público,2026-03-18,goods,Adquisición de bienes de oficina,1,185530.47,185530.47,2026-04-10,2026-04-15,1.0,pagado_aproximadamente_completo
C003040,,Contratación Directa,2024-05-19,goods,Suministro de combustible,3,62185.649999999994,62185.649999999994,2024-05-29,2024-08-19,,sin_pago_o_sin_cuantia
C700048,505406.7,Licitación Pública,2024-07-31,services,Servicio de transporte,3,505406.7,505406.69999999995,2024-08-14,2024-10-06,0.9999999999999999,pagado_aproximadamente_completo
C002491,68228.28,Adjudicación Simplificada,2023-10-11,services,Servicio de mantenimiento de infraestructura,2,68228.28,68228.28,2023-11-19,2023-12-13,1.0,pagado_aproximadamente_completo
C003050,72208.68,Comparación de Precios,2024-10-02,goods,Adquisición de materiales de construcción,1,28571.66,0.0,2024-10-27,,0.0,pendiente_sin_pago
C001077,42244.41,Adjudicación Simplificada,2023-02-25,works,Obra de rehabilitación vial,1,42244.41,42244.41,2023-04-03,2023-04-24,1.0,pagado_aproximadamente_completo
C000837,15021.86,Adjudicación Simplificada,2023-10-28,services,Servicio de mantenimiento de infraestructura,2,15021.86,15021.86,2023-11-05,2023-12-18,1.0,pagado_aproximadamente_completo
C000681,56864.82,Concurso Público,2023-05-08,services,Servicio de mantenimiento de infraestructura,2,56864.82,56864.82000000001,2023-06-18,2023-10-10,1.0000000000000002,pagado_aproximadamente_completo
C001715,32674.83,Contratación Directa,2025-06-11,services,Servicio de transporte,3,32674.83,32674.83,2025-07-05,2025-09-14,1.0,pagado_aproximadamente_completo
C002352,58761.38,Contratación Directa,2024-08-22,works,Obra de rehabilitación vial,2,58761.380000000005,58761.380000000005,2024-09-12,2024-10-22,1.0000000000000002,pagado_aproximadamente_completo
C002617,32195.24,Licitación Pública,2025-06-24,services,Servicio de limpieza y vigilancia,2,28819.95,28819.949999999997,2025-08-02,2025-08-30,0.8951618313763151,pago_parcial
C002361,91446.17,Adjudicación Simplificada,2025-04-28,goods,Adquisición de equipos informáticos,2,91446.17000000001,91446.17000000001,2025-05-07,2025-06-27,1.0000000000000002,pagado_aproximadamente_completo
C002197,9605.3,Adjudicación Simplificada,2023-08-20,services,Consultoría en ingeniería,1,6695.7,6695.7,2023-08-30,2023-09-07,0.6970839015959939,pago_parcial
C001148,32859.45,Comparación de Precios,2024-03-17,goods,Adquisición de bienes de oficina,2,32859.45,32859.45,2024-03-29,2024-05-31,1.0,pagado_aproximadamente_completo
C000574,69260.52,Contratación Directa,2024-07-11,services,Servicio de capacitación,3,69260.52,69260.52,2024-08-05,2024-09-25,1.0,pagado_aproximadamente_completo
C000050,40386.82,Concurso Público,2025-09-18,goods,Adquisición de equipos informáticos,1,40386.82,40386.82,2025-11-01,2025-11-11,1.0,pagado_aproximadamente_completo
C000853,231559.91,Adjudicación Simplificada,2024-06-11,works,Obra de rehabilitación vial,3,231559.91,231559.91,2024-07-26,2024-08-27,1.0,pagado_aproximadamente_completo
C001982,8172.26,Adjudicación Simplificada,2026-06-20,goods,Adquisición de bienes de oficina,1,8172.26,8172.26,2026-07-22,2026-07-29,1.0,pagado_aproximadamente_completo
C002774,132027.5,Concurso Público,2023-05-01,services,Consultoría en ingeniería,1,132027.5,132027.5,2023-06-13,2023-06-29,1.0,pagado_aproximadamente_completo
C001823,16529.18,Adjudicación Simplificada,2025-05-07,services,Servicio de capacitación,3,16529.18,16529.18,2025-06-01,2025-07-29,1.0,pagado_aproximadamente_completo
C000833,48498.15,Adjudicación Simplificada,2026-01-09,goods,Adquisición de bienes de oficina,2,48498.149999999994,48498.15,2026-01-18,2026-03-16,1.0,pagado_aproximadamente_completo
C001115,179002.33,Concurso Público,2023-03-01,goods,Adquisición de materiales de construcción,3,179002.33000000002,179002.33000000002,2023-03-20,2023-05-01,1.0000000000000002,pagado_aproximadamente_completo
C001166,37388.79,Adjudicación Simplificada,2023-06-04,works,Obra de rehabilitación vial,2,29241.87,29241.870000000003,2023-06-13,2023-08-08,0.782102603480883,pago_parcial
C002518,13585.78,Adjudicación Simplificada,2024-07-02,services,Servicio de transporte,2,13585.779999999999,13585.779999999999,2024-07-16,2024-09-16,0.9999999999999999,pagado_aproximadamente_completo
C001906,44712.47,Licitación Pública,2025-07-06,services,Servicio de mantenimiento de infraestructura,3,44712.47,44712.47,2025-08-03,2025-09-08,1.0,pagado_aproximadamente_completo
C000971,49575.69,Adjudicación Simplificada,2025-12-29,services,,1,38917.47,38917.47,2026-01-31,2026-02-25,0.7850111617205933,pago_parcial
C002701,91572.4,Licitación Pública,2023-02-01,services,Servicio de transporte,2,77102.9,77102.90000000001,2023-03-01,2023-03-28,0.8419884157235151,pago_parcial
C000399,39990.93,Concurso Público,2023-08-12,goods,Adquisición de bienes de oficina,2,24038.47,24038.47,2023-08-18,2023-10-18,0.6010980489826069,pago_parcial
C002559,23132.89,Concurso Público,2024-10-03,services,Servicio de mantenimiento de infraestructura,1,23132.89,23132.89,2024-10-19,2024-11-14,1.0,pagado_aproximadamente_completo
C002368,230833.65,Comparación de Precios,2023-10-11,services,Consultoría en ingeniería,1,172256.29,172256.29,2023-11-18,2023-11-30,0.7462356116623379,pago_parcial
C000019,59879.19,Adjudicación Simplificada,2025-10-08,services,Servicio de limpieza y vigilancia,2,59879.19,59879.19,2025-11-07,2025-12-05,1.0,pagado_aproximadamente_completo
C000684,62274.86,Comparación de Precios,2024-03-16,services,Servicio de capacitación,1,62274.86,62274.86,2024-04-13,2024-04-21,1.0,pagado_aproximadamente_completo
C000035,190101.24,Concurso Público,2025-02-25,goods,Adquisición de bienes de oficina,2,190101.24,190101.24,2025-03-21,2025-04-04,1.0,pagado_aproximadamente_completo
C002950,48058.75,Licitación Pública,2025-03-20,goods,Adquisición de bienes de oficina,2,48058.75,48058.75,2025-04-24,2025-05-06,1.0,pagado_aproximadamente_completo
C003497,122783.22,Licitación Pública,2024-06-18,goods,Adquisición de equipos informáticos,2,122783.22,122783.22,2024-07-19,2024-08-13,1.0,pagado_aproximadamente_completo
C002875,33454.89,Licitación Pública,2023-06-13,goods,Adquisición de materiales de construcción,1,17101.72,0.0,2023-06-24,,0.0,pendiente_sin_pago
C000524,368253.56,Licitación Pública,2026-03-06,works,Obra de rehabilitación vial,2,368253.56,368253.56,2026-04-07,2026-05-09,1.0,pagado_aproximadamente_completo
C002455,48838.89,Concurso Público,2026-01-23,services,Servicio de transporte,2,31850.629999999997,31850.63,2026-03-04,2026-04-15,0.6521571231451002,pago_parcial
C000920,240280.02,Comparación de Precios,2025-06-29,services,Servicio de transporte,1,240280.02,240280.02,2025-07-24,2025-10-16,1.0,pagado_aproximadamente_completo
C001841,24252.34,Contratación Directa,2025-12-11,services,Consultoría en ingeniería,1,24252.34,24252.34,2025-12-17,2026-03-28,1.0,pagado_aproximadamente_completo
C001890,140170.33,Adjudicación Simplificada,2023-01-19,goods,Adquisición de bienes de oficina,2,140170.33,140170.33000000002,2023-02-14,2023-03-12,1.0000000000000002,pagado_aproximadamente_completo
C000537,25085.43,Licitación Pública,2025-07-24,services,Servicio de transporte,3,25085.43,25085.43,2025-08-25,2025-10-23,1.0,pagado_aproximadamente_completo
C002806,17565.31,Comparación de Precios,2023-02-02,services,Consultoría en ingeniería,1,17565.31,17565.31,2023-03-10,2023-06-13,1.0,pagado_aproximadamente_completo
C001705,49547.13,Adjudicación Simplificada,2024-03-16,services,Consultoría en ingeniería,2,49547.13,49547.130000000005,2024-04-29,2024-05-31,1.0000000000000002,pagado_aproximadamente_completo
C900006,385569.74,Comparación de Precios,2026-04-28,goods,Adquisición de materiales de construcción,1,385569.74,385569.74,2026-05-20,2026-07-26,1.0,pagado_aproximadamente_completo
C003110,237861.1,Licitación Pública,2024-02-29,services,Servicio de transporte,2,237861.1,237861.1,2024-04-14,2024-05-19,1.0,pagado_aproximadamente_completo
C003247,43763.39,Comparación de Precios,2024-11-24,goods,Suministro de combustible,3,43763.39,43763.39,2024-12-28,2025-03-13,1.0,pagado_aproximadamente_completo
C000245,26986.42,Adjudicación Simplificada,2024-01-07,services,Servicio de limpieza y vigilancia,1,26986.42,26986.42,2024-02-15,2024-05-29,1.0,pagado_aproximadamente_completo
C003175,102959.7,Adjudicación Simplificada,2024-09-18,services,Servicio de mantenimiento de infraestructura,3,102959.7,102959.7,2024-11-02,2024-12-10,1.0,pagado_aproximadamente_completo
C000784,114132.2,Comparación de Precios,2023-12-28,goods,,3,114132.20000000001,114132.20000000001,2024-01-27,2024-03-14,1.0000000000000002,pagado_aproximadamente_completo
C001409,53018.78,Comparación de Precios,2023-01-27,goods,Adquisición de bienes de oficina,1,53018.78,53018.78,2023-03-01,2023-03-05,1.0,pagado_aproximadamente_completo
C002537,203549.57,Comparación de Precios,2023-01-21,goods,Suministro de combustible,1,203549.57,203549.57,2023-02-11,2023-05-20,1.0,pagado_aproximadamente_completo
C000154,83833.09,Licitación Pública,2024-01-28,services,Servicio de limpieza y vigilancia,2,83833.09000000001,83833.09,2024-02-05,2024-04-01,1.0,pagado_aproximadamente_completo
C003009,58895.89,Licitación Pública,2024-09-16,services,Servicio de transporte,3,58895.89,58895.89,2024-10-17,2024-12-19,1.0,pagado_aproximadamente_completo
C001686,14864.3,Adjudicación Simplificada,2025-04-15,services,Servicio de limpieza y vigilancia,2,14864.3,14864.3,2025-04-25,2025-10-01,1.0,pagado_aproximadamente_completo
C002901,11890.18,Adjudicación Simplificada,2023-08-07,goods,Suministro de combustible,1,11890.18,11890.18,2023-09-05,2023-09-24,1.0,pagado_aproximadamente_completo
C000625,21595.49,Licitación Pública,2024-09-26,goods,Adquisición de bienes de oficina,1,21595.49,21595.49,2024-10-16,2024-10-30,1.0,pagado_aproximadamente_completo
C002733,18452.01,Adjudicación Simplificada,2023-04-30,services,Servicio de capacitación,3,18452.01,18452.010000000002,2023-05-27,2023-07-16,1.0000000000000002,pagado_aproximadamente_completo
C700052,427372.27,Adjudicación Simplificada,2026-06-12,services,Servicio de transporte,2,427372.27,427372.27,2026-07-13,2026-08-07,1.0,pagado_aproximadamente_completo
C001346,180086.49,Adjudicación Simplificada,2026-03-25,services,Servicio de mantenimiento de infraestructura,1,180086.49,180086.49,2026-05-07,2026-05-29,1.0,pagado_aproximadamente_completo
C000569,286581.87,Adjudicación Simplificada,2023-08-20,services,Servicio de capacitación,2,286581.87,286581.87,2023-08-28,2023-10-08,1.0,pagado_aproximadamente_completo
C900008,193955.01,Comparación de Precios,2025-05-02,goods,Adquisición de materiales de construcción,2,193955.01,193955.01,2025-05-16,2025-07-17,1.0,pagado_aproximadamente_completo
C001758,19902.2,Comparación de Precios,2023-01-14,goods,Adquisición de materiales de construcción,3,19902.2,19902.2,2023-01-29,2023-04-07,1.0,pagado_aproximadamente_completo
C001816,26052.22,Licitación Pública,2026-06-13,services,Servicio de transporte,1,20699.16,0.0,2026-07-02,,0.0,pendiente_sin_pago
C002065,37545.6,Comparación de Precios,2024-09-03,goods,Adquisición de materiales de construcción,2,37545.6,37545.6,2024-10-18,2024-11-28,1.0,pagado_aproximadamente_completo
C000127,134189.5,Concurso Público,2023-07-15,goods,Suministro de combustible,1,106247.21,106247.21,2023-08-15,2023-09-03,0.7917699223858797,pago_parcial
C800001,289340.14,Concurso Público Abreviado,2026-04-27,services,Servicio de capacitación,2,289340.14,289340.14,2026-05-17,2026-06-14,1.0,pagado_aproximadamente_completo
C002006,345234.48,Comparación de Precios,2024-08-22,goods,Suministro de combustible,3,345234.48,345234.48,2024-10-05,2024-11-29,1.0,pagado_aproximadamente_completo
C002975,48090.49,Concurso Público,2026-03-29,goods,Suministro de combustible,1,48090.49,48090.49,2026-04-10,2026-05-07,1.0,pagado_aproximadamente_completo
C000980,26449.47,Adjudicación Simplificada,2023-07-27,goods,Adquisición de bienes de oficina,1,26449.47,26449.47,2023-08-26,2023-09-13,1.0,pagado_aproximadamente_completo
C900064,63665.67,Adjudicación Simplificada,2024-10-11,works,Obra de rehabilitación vial,2,63665.67,63665.67,2024-11-15,2024-12-09,1.0,pagado_aproximadamente_completo
C000190,36288.47,Concurso Público,2024-02-21,services,Servicio de limpieza y vigilancia,2,36288.47,36288.47,2024-03-05,2024-06-04,1.0,pagado_aproximadamente_completo
C001139,56769.77,Comparación de Precios,2024-01-22,goods,Adquisición de materiales de construcción,2,56769.77,56769.770000000004,2024-02-13,2024-04-09,1.0000000000000002,pagado_aproximadamente_completo
C000992,20821.78,Comparación de Precios,2025-03-05,services,Servicio de capacitación,1,20821.78,20821.78,2025-03-31,2025-06-20,1.0,pagado_aproximadamente_completo
C000699,125653.3,Contratación Directa,2024-09-11,goods,Suministro de combustible,1,125653.3,125653.3,2024-10-04,2024-10-11,1.0,pagado_aproximadamente_completo
C003370,56717.9,,2025-01-12,services,Consultoría en ingeniería,3,56717.9,56717.9,2025-02-23,2025-03-25,1.0,pagado_aproximadamente_completo
C000606,75408.28,Comparación de Precios,2024-05-04,services,Servicio de capacitación,1,46740.77,0.0,2024-05-14,,0.0,pendiente_sin_pago
C000180,45125.57,Licitación Pública,2024-08-07,services,Servicio de transporte,1,45125.57,45125.57,2024-08-24,2024-11-22,1.0,pagado_aproximadamente_completo
C000301,18370.86,Comparación de Precios,2025-08-12,services,Consultoría en ingeniería,3,18370.86,18370.86,2025-09-10,2025-11-08,1.0,pagado_aproximadamente_completo
C002544,103124.0,Comparación de Precios,2025-06-20,services,Servicio de capacitación,2,103124.0,103124.0,2025-08-03,2025-10-14,1.0,pagado_aproximadamente_completo
C003429,282852.24,Comparación de Precios,2025-02-06,goods,,1,282852.24,282852.24,2025-03-03,2025-03-18,1.0,pagado_aproximadamente_completo
C001060,56061.06,Adjudicación Simplificada,2026-01-07,goods,Adquisición de equipos informáticos,2,56061.06,56061.06,2026-02-12,2026-03-13,1.0,pagado_aproximadamente_completo
C003484,40491.94,Comparación de Precios,2023-11-26,services,Consultoría en ingeniería,3,40491.939999999995,40491.94,2024-01-04,2024-02-13,1.0,pagado_aproximadamente_completo
C700054,364899.43,Licitación Pública,2025-06-26,services,Servicio de limpieza y vigilancia,3,364899.43,364899.43,2025-08-06,2025-09-09,1.0,pagado_aproximadamente_completo
C002565,267732.57,Adjudicación Simplificada,2024-03-10,services,Servicio de capacitación,2,267732.57,267732.57,2024-04-10,2024-05-21,1.0,pagado_aproximadamente_completo
C001069,61362.23,Contratación Directa,2025-10-29,services,Servicio de limpieza y vigilancia,2,61362.23,61362.229999999996,2025-11-03,2026-03-28,0.9999999999999999,pagado_aproximadamente_completo
C002524,38979.16,Adjudicación Simplificada,2025-09-04,goods,Adquisición de equipos informáticos,1,38979.16,38979.16,2025-10-14,2025-10-19,1.0,pagado_aproximadamente_completo
C002205,10995.5,Adjudicación Simplificada,2025-04-20,services,Servicio de limpieza y vigilancia,1,10995.5,10995.5,2025-05-08,2025-05-27,1.0,pagado_aproximadamente_completo
C001243,150441.59,Contratación Directa,2026-02-18,goods,Adquisición de materiales de construcción,3,150441.59,150441.59,2026-03-27,2026-04-19,1.0,pagado_aproximadamente_completo
C003243,120893.85,Comparación de Precios,2024-09-26,services,Servicio de transporte,2,120893.85,120893.84999999999,2024-10-24,2024-11-29,0.9999999999999999,pagado_aproximadamente_completo
C000016,92481.7,Comparación de Precios,2023-07-18,services,Servicio de limpieza y vigilancia,2,63655.68,63655.68,2023-08-22,2023-09-20,0.6883056864222868,pago_parcial
C003120,288576.87,Comparación de Precios,2026-01-08,goods,Adquisición de equipos informáticos,2,288576.87,288576.87,2026-02-04,2026-03-04,1.0,pagado_aproximadamente_completo
C800004,187808.06,Concurso Público Abreviado,2026-03-29,services,Servicio de mantenimiento de infraestructura,2,111245.15,111245.15000000001,2026-04-07,2026-06-12,0.5923342693598986,pago_parcial
C000546,26480.75,Adjudicación Simplificada,2025-03-15,services,Servicio de transporte,1,26480.75,26480.75,2025-03-26,2025-06-19,1.0,pagado_aproximadamente_completo
C000658,43661.0,Licitación Pública,2026-02-23,services,Servicio de mantenimiento de infraestructura,2,43661.0,43661.0,2026-03-18,2026-04-11,1.0,pagado_aproximadamente_completo
C003333,142009.32,Comparación de Precios,2024-03-15,services,Servicio de capacitación,1,142009.32,142009.32,2024-04-01,2024-04-11,1.0,pagado_aproximadamente_completo
C003067,173708.06,Comparación de Precios,2026-02-12,services,Servicio de capacitación,2,173708.06,173708.06,2026-03-20,2026-04-10,1.0,pagado_aproximadamente_completo
C003376,23617.82,Comparación de Precios,2025-03-02,works,Obra de rehabilitación vial,3,23617.82,23617.82,2025-04-11,2025-05-09,1.0,pagado_aproximadamente_completo
C001504,83274.93,Adjudicación Simplificada,2023-04-26,goods,Adquisición de materiales de construcción,1,51966.79,51966.79,2023-05-24,2023-06-13,0.6240388313745806,pago_parcial
C000959,6616.4,Comparación de Precios,2023-10-31,services,Servicio de limpieza y vigilancia,2,6616.4,6616.4,2023-12-15,2024-01-02,1.0,pagado_aproximadamente_completo
C002926,26907.93,Concurso Público,2024-11-10,services,Servicio de transporte,2,26907.93,26907.93,2024-12-01,2025-01-16,1.0,pagado_aproximadamente_completo
C002331,303410.29,Adjudicación Simplificada,2025-10-07,services,Servicio de limpieza y vigilancia,2,177701.37,177701.37,2025-10-14,2025-11-22,0.5856801033346628,pago_parcial
C000797,60448.82,Adjudicación Simplificada,2024-10-14,goods,Adquisición de bienes de oficina,1,60448.82,60448.82,2024-11-07,2024-11-19,1.0,pagado_aproximadamente_completo
C000225,699012.63,Adjudicación Simplificada,2024-12-23,services,Consultoría en ingeniería,2,699012.63,699012.63,2025-01-20,2025-02-10,1.0,pagado_aproximadamente_completo
C002074,58502.6,Comparación de Precios,2024-03-16,services,Servicio de mantenimiento de infraestructura,3,58502.600000000006,58502.6,2024-04-17,2024-07-03,1.0,pagado_aproximadamente_completo
C001799,67999.26,Comparación de Precios,2024-12-31,services,Servicio de transporte,1,67999.26,67999.26,2025-02-06,2025-02-19,1.0,pagado_aproximadamente_completo
C002485,23825.63,Comparación de Precios,2023-10-19,goods,Suministro de combustible,2,23825.629999999997,23825.629999999997,2023-12-02,2024-01-09,0.9999999999999999,pagado_aproximadamente_completo
C900048,292158.78,Contratación Directa,2024-03-18,goods,Adquisición de bienes de oficina,1,221733.13,221733.13,2024-04-02,2024-04-09,0.7589473436328013,pago_parcial
C002277,11628.57,Contratación Directa,2025-09-04,services,Servicio de capacitación,2,10051.12,10051.12,2025-09-14,2025-11-06,0.8643470349320682,pago_parcial
C002085,19532.09,Licitación Pública,2025-07-11,works,Obra de rehabilitación vial,1,19532.09,19532.09,2025-07-31,2025-08-21,1.0,pagado_aproximadamente_completo
C001693,49380.57,Adjudicación Simplificada,2026-04-17,services,Servicio de limpieza y vigilancia,3,49380.56999999999,49380.57,2026-05-17,2026-07-25,1.0,pagado_aproximadamente_completo
C002797,10200.62,Licitación Pública,2023-02-14,services,Servicio de transporte,3,10200.62,10200.619999999999,2023-03-10,2023-05-23,0.9999999999999998,pagado_aproximadamente_completo
C001045,127161.35,Comparación de Precios,2023-12-13,services,Servicio de mantenimiento de infraestructura,1,127161.35,127161.35,2024-01-19,2024-01-29,1.0,pagado_aproximadamente_completo
C000469,24282.07,Comparación de Precios,2023-12-18,goods,Adquisición de bienes de oficina,1,24282.07,24282.07,2023-12-26,2024-01-07,1.0,pagado_aproximadamente_completo
C000954,65443.05,Adjudicación Simplificada,2025-05-07,works,Obra de rehabilitación vial,2,65443.05,65443.05,2025-06-03,2025-06-21,1.0,pagado_aproximadamente_completo
C800000,376117.57,Concurso Público Abreviado,2026-04-28,services,Servicio de capacitación,1,376117.57,376117.57,2026-05-22,2026-06-14,1.0,pagado_aproximadamente_completo
C002735,89585.42,Contratación Directa,2023-09-21,services,Servicio de capacitación,1,89585.42,89585.42,2023-10-25,2023-10-31,1.0,pagado_aproximadamente_completo
C700060,610652.73,Licitación Pública,2024-01-24,services,Servicio de limpieza y vigilancia,1,610652.73,610652.73,2024-02-18,2024-02-28,1.0,pagado_aproximadamente_completo
C000639,32529.45,Contratación Directa,2024-08-11,services,Consultoría en ingeniería,3,32529.449999999997,32529.45,2024-08-17,2024-10-11,1.0,pagado_aproximadamente_completo
C003432,86064.15,Adjudicación Simplificada,2024-03-27,works,Obra de rehabilitación vial,2,86064.15,86064.15,2024-04-03,2024-06-11,1.0,pagado_aproximadamente_completo
C001218,20117.39,Licitación Pública,2024-06-20,goods,Adquisición de materiales de construcción,1,20117.39,20117.39,2024-07-18,2024-08-02,1.0,pagado_aproximadamente_completo
C001158,131743.37,Adjudicación Simplificada,2023-02-25,goods,Adquisición de equipos informáticos,2,131743.37,131743.37,2023-03-06,2023-04-28,1.0,pagado_aproximadamente_completo
C001415,474681.16,Adjudicación Simplificada,2023-07-10,goods,Adquisición de materiales de construcción,2,474681.16000000003,474681.16000000003,2023-08-12,2023-09-03,1.0000000000000002,pagado_aproximadamente_completo
C003345,63374.92,Concurso Público,2023-03-13,services,Consultoría en ingeniería,1,63374.92,63374.92,2023-03-20,2023-03-25,1.0,pagado_aproximadamente_completo
C001527,4179.87,Adjudicación Simplificada,2024-10-09,goods,Adquisición de bienes de oficina,2,4179.87,4179.87,2024-11-05,2024-12-21,1.0,pagado_aproximadamente_completo
C700107,359002.45,Concurso Público,2024-02-09,services,Servicio de mantenimiento de infraestructura,2,359002.44999999995,359002.45,2024-02-19,2024-04-19,1.0,pagado_aproximadamente_completo
C001300,198624.32,Comparación de Precios,2024-04-01,services,Servicio de limpieza y vigilancia,1,198624.32,198624.32,2024-05-06,2024-05-28,1.0,pagado_aproximadamente_completo
C700041,665670.83,Concurso Público,2024-08-11,services,Servicio de transporte,2,665670.83,665670.8300000001,2024-09-14,2024-10-01,1.0000000000000002,pagado_aproximadamente_completo
C002848,54732.93,Adjudicación Simplificada,2023-12-31,services,Servicio de limpieza y vigilancia,2,54732.93,54732.93,2024-01-21,2024-04-09,1.0,pagado_aproximadamente_completo
C001603,77054.19,Adjudicación Simplificada,2025-06-29,services,Consultoría en ingeniería,3,77054.19,77054.19,2025-07-04,2025-10-03,1.0,pagado_aproximadamente_completo
C000160,19710.27,Comparación de Precios,2024-03-28,services,Servicio de transporte,2,19710.27,19710.269999999997,2024-05-01,2024-05-31,0.9999999999999998,pagado_aproximadamente_completo
C001704,26058.86,,2023-06-19,goods,Suministro de combustible,2,27301.5,27301.5,2023-07-04,2023-08-26,1.0476858926292247,sobrepago_senal_revisar
C000956,84035.49,Concurso Público,2025-01-27,services,Servicio de limpieza y vigilancia,2,69472.36,69472.36,2025-03-01,2025-03-11,0.8267026229037279,pago_parcial
C003234,68780.21,Comparación de Precios,2025-04-12,services,Servicio de mantenimiento de infraestructura,3,68780.20999999999,68780.21,2025-05-17,2025-07-03,1.0,pagado_aproximadamente_completo
C002869,54889.54,Adjudicación Simplificada,2025-02-20,goods,Adquisición de equipos informáticos,3,54889.54,54889.54,2025-03-21,2025-05-22,1.0,pagado_aproximadamente_completo
C700099,588168.63,Licitación Pública,2024-06-10,goods,Adquisición de equipos informáticos,2,588168.63,588168.63,2024-06-24,2024-08-12,1.0,pagado_aproximadamente_completo
C000877,270687.32,Adjudicación Simplificada,2026-03-13,goods,Adquisición de bienes de oficina,1,279940.64,279940.64,2026-03-21,2026-04-09,1.0341845343919325,sobrepago_senal_revisar
C001919,74040.43,Adjudicación Simplificada,2026-04-29,goods,Adquisición de materiales de construcción,3,74040.43,74040.43000000001,2026-05-14,2026-07-16,1.0000000000000002,pagado_aproximadamente_completo
C002961,48071.25,Concurso Público,2025-02-05,goods,Suministro de combustible,2,48071.25,48071.25,2025-03-18,2025-03-24,1.0,pagado_aproximadamente_completo
C001884,164192.29,Licitación Pública,2025-03-31,services,Servicio de mantenimiento de infraestructura,1,164192.29,164192.29,2025-04-12,2025-04-23,1.0,pagado_aproximadamente_completo
C002200,9656.49,Adjudicación Simplificada,2025-01-21,services,Servicio de mantenimiento de infraestructura,2,9656.490000000002,9656.49,2025-02-16,2025-03-27,1.0,pagado_aproximadamente_completo
C000098,75756.24,Licitación Pública,2025-08-31,services,Servicio de limpieza y vigilancia,1,75756.24,75756.24,2025-10-02,2025-10-18,1.0,pagado_aproximadamente_completo
C003494,22179.17,Comparación de Precios,2025-05-02,goods,Adquisición de equipos informáticos,3,22179.17,22179.17,2025-06-07,2025-08-16,1.0,pagado_aproximadamente_completo
C002557,86737.44,Adjudicación Simplificada,2023-04-12,services,Servicio de limpieza y vigilancia,3,86737.44,86737.44,2023-05-09,2023-07-08,1.0,pagado_aproximadamente_completo
C003183,6183.58,Adjudicación Simplificada,2023-12-01,goods,Adquisición de materiales de construcción,2,6183.58,6183.58,2023-12-26,2024-02-06,1.0,pagado_aproximadamente_completo
C003298,145064.43,Adjudicación Simplificada,2024-11-11,services,Servicio de mantenimiento de infraestructura,2,145064.43,145064.43,2024-11-16,2025-01-31,1.0,pagado_aproximadamente_completo
C000253,443968.73,Comparación de Precios,2024-02-26,services,Servicio de capacitación,3,443968.73,443968.73,2024-04-01,2024-06-07,1.0,pagado_aproximadamente_completo
C000103,43893.26,Adjudicación Simplificada,2024-01-17,goods,Adquisición de materiales de construcción,2,43893.26,43893.259999999995,2024-02-17,2024-03-15,0.9999999999999999,pagado_aproximadamente_completo
C001445,34190.37,Contratación Directa,2024-01-07,works,Obra de rehabilitación vial,1,34190.37,34190.37,2024-02-08,2024-02-19,1.0,pagado_aproximadamente_completo
C001443,57084.22,Adjudicación Simplificada,2023-04-30,services,Servicio de transporte,2,60436.03999999999,60436.04,2023-05-13,2023-06-14,1.0587171025547866,sobrepago_senal_revisar
C001648,20649.84,Comparación de Precios,2023-06-08,services,Consultoría en ingeniería,3,20649.84,20649.84,2023-07-19,2023-09-05,1.0,pagado_aproximadamente_completo
C000586,88565.36,Contratación Directa,2026-01-19,goods,Adquisición de bienes de oficina,1,88565.36,88565.36,2026-02-18,2026-03-06,1.0,pagado_aproximadamente_completo
C000627,78969.72,Adjudicación Simplificada,2023-03-05,services,Servicio de transporte,2,78969.72,78969.72,2023-03-24,2023-04-25,1.0,pagado_aproximadamente_completo
C001696,18304.93,Adjudicación Simplificada,2024-06-29,goods,Suministro de combustible,1,18304.93,18304.93,2024-07-14,2024-08-05,1.0,pagado_aproximadamente_completo
C003191,76238.79,Comparación de Precios,2024-11-12,goods,Adquisición de materiales de construcción,1,76238.79,76238.79,2024-12-21,2025-01-14,1.0,pagado_aproximadamente_completo
C002101,12089.2,Comparación de Precios,2026-05-09,services,Servicio de mantenimiento de infraestructura,1,12089.2,12089.2,2026-06-20,2026-08-07,1.0,pagado_aproximadamente_completo
C002199,163229.08,Adjudicación Simplificada,2025-10-08,goods,Suministro de combustible,3,163229.08000000002,163229.08,2025-11-08,2026-01-02,1.0,pagado_aproximadamente_completo
C000403,442839.69,Licitación Pública,2024-03-09,works,Obra de rehabilitación vial,2,356556.79000000004,356556.79000000004,2024-04-05,2024-05-09,0.8051599665784249,pago_parcial
C001154,88182.32,Concurso Público,2025-04-30,goods,Adquisición de materiales de construcción,3,88182.32,88182.32,2025-05-12,2025-07-17,1.0,pagado_aproximadamente_completo
C002255,109045.12,Adjudicación Simplificada,2024-06-25,services,Servicio de transporte,2,97721.89000000001,97721.89,2024-08-03,2024-08-20,0.8961601399494081,pago_parcial
C002863,166968.15,Comparación de Precios,2023-06-09,goods,Adquisición de equipos informáticos,3,166968.15000000002,166968.15,2023-06-21,2023-09-08,1.0,pagado_aproximadamente_completo
C001682,37802.19,Concurso Público,2024-06-27,services,Servicio de limpieza y vigilancia,1,37802.19,37802.19,2024-07-20,2024-08-06,1.0,pagado_aproximadamente_completo
C003170,61022.0,Comparación de Precios,2024-03-18,goods,Adquisición de materiales de construcción,1,61022.0,61022.0,2024-04-17,2024-05-09,1.0,pagado_aproximadamente_completo
C003468,54116.48,Adjudicación Simplificada,2026-04-23,services,Servicio de capacitación,2,54116.48,54116.479999999996,2026-05-13,2026-07-01,0.9999999999999999,pagado_aproximadamente_completo
C002056,24902.6,Concurso Público,2024-03-04,goods,Adquisición de bienes de oficina,1,24902.6,24902.6,2024-03-15,2024-03-25,1.0,pagado_aproximadamente_completo
C003062,11661.32,Comparación de Precios,2024-05-19,services,Servicio de transporte,3,11661.32,11661.32,2024-06-20,2024-07-28,1.0,pagado_aproximadamente_completo
C700015,229302.89,Licitación Pública,2026-01-24,services,Servicio de transporte,1,229302.89,229302.89,2026-03-02,2026-03-19,1.0,pagado_aproximadamente_completo
C003108,53075.52,Adjudicación Simplificada,2024-08-11,goods,Adquisición de bienes de oficina,2,53075.520000000004,53075.520000000004,2024-09-15,2024-10-06,1.0000000000000002,pagado_aproximadamente_completo
C000452,219950.62,Adjudicación Simplificada,2023-11-25,services,Servicio de mantenimiento de infraestructura,1,161999.87,161999.87,2023-12-09,2023-12-21,0.7365283625933857,pago_parcial
C002301,77878.73,Adjudicación Simplificada,2023-10-28,works,Obra de rehabilitación vial,3,77878.73,77878.73,2023-12-02,2024-01-21,1.0,pagado_aproximadamente_completo
C001327,40336.12,,2024-09-30,services,Servicio de mantenimiento de infraestructura,1,40336.12,40336.12,2024-10-29,2025-01-28,1.0,pagado_aproximadamente_completo
C002944,39514.62,Licitación Pública,2026-03-13,goods,Adquisición de bienes de oficina,1,39514.62,39514.62,2026-04-20,2026-05-15,1.0,pagado_aproximadamente_completo
C002049,21563.26,Comparación de Precios,2025-07-26,services,Servicio de capacitación,1,16576.62,16576.62,2025-07-31,2025-08-04,0.7687436871790259,pago_parcial
C000880,72867.25,Comparación de Precios,2024-06-23,goods,Suministro de combustible,2,72867.25,72867.25,2024-07-18,2024-08-31,1.0,pagado_aproximadamente_completo
C700102,750313.8,Licitación Pública,2025-08-28,goods,,1,750313.8,750313.8,2025-09-28,2025-10-17,1.0,pagado_aproximadamente_completo
C000623,36864.72,Contratación Directa,2025-11-11,goods,Suministro de combustible,1,30949.86,30949.86,2025-12-18,2026-01-01,0.8395522873902203,pago_parcial
C002393,72716.61,Comparación de Precios,2025-07-01,goods,Adquisición de materiales de construcción,2,72716.61,72716.61,2025-07-14,2025-08-11,1.0,pagado_aproximadamente_completo
C003423,201064.61,Comparación de Precios,2023-05-09,goods,Suministro de combustible,1,201064.61,201064.61,2023-06-20,2023-07-06,1.0,pagado_aproximadamente_completo
C001787,41452.37,Adjudicación Simplificada,2025-08-21,services,Servicio de transporte,3,41452.37,41452.37,2025-09-04,2025-12-13,1.0,pagado_aproximadamente_completo
C000262,80252.55,Adjudicación Simplificada,2026-04-03,works,Obra de rehabilitación vial,1,80252.55,80252.55,2026-04-09,2026-04-27,1.0,pagado_aproximadamente_completo
C001634,36929.62,Contratación Directa,2024-10-02,goods,Suministro de combustible,1,36929.62,36929.62,2024-10-13,2024-11-04,1.0,pagado_aproximadamente_completo
C003369,28047.27,Comparación de Precios,2026-02-12,services,Servicio de limpieza y vigilancia,2,28047.27,28047.27,2026-03-07,2026-04-05,1.0,pagado_aproximadamente_completo
C001438,30812.07,Licitación Pública,2023-12-15,services,Servicio de capacitación,1,30812.07,30812.07,2024-01-29,2024-02-04,1.0,pagado_aproximadamente_completo
C002198,31272.44,Concurso Público,2026-03-02,services,Servicio de capacitación,3,31272.440000000002,31272.440000000002,2026-04-15,2026-05-22,1.0000000000000002,pagado_aproximadamente_completo
C001969,92818.87,Comparación de Precios,2025-11-23,goods,Adquisición de bienes de oficina,2,92818.87,92818.87,2025-11-28,2025-12-31,1.0,pagado_aproximadamente_completo
C002520,44483.89,Adjudicación Simplificada,2024-06-18,services,Consultoría en ingeniería,2,44483.89,44483.89,2024-07-07,2024-09-12,1.0,pagado_aproximadamente_completo
C001802,67225.82,Adjudicación Simplificada,2023-03-08,goods,Adquisición de equipos informáticos,1,67225.82,67225.82,2023-04-12,2023-04-24,1.0,pagado_aproximadamente_completo
C000640,49235.87,Licitación Pública,2023-02-02,services,Consultoría en ingeniería,1,33316.92,0.0,2023-03-16,,0.0,pendiente_sin_pago
C800014,162160.4,Licitación Pública Abreviada,2025-11-25,goods,Suministro de combustible,1,162160.4,162160.4,2025-12-05,2026-02-18,1.0,pagado_aproximadamente_completo
C002385,27054.17,Comparación de Precios,2025-09-04,services,Consultoría en ingeniería,2,27054.17,27054.170000000002,2025-10-03,2026-01-06,1.0000000000000002,pagado_aproximadamente_completo
C002598,177191.18,Contratación Directa,2023-08-13,goods,,1,177191.18,177191.18,2023-08-21,2023-09-12,1.0,pagado_aproximadamente_completo
C003498,141655.44,Adjudicación Simplificada,2025-03-13,goods,Adquisición de materiales de construcción,3,141655.44,141655.44,2025-04-14,2025-06-01,1.0,pagado_aproximadamente_completo
C001959,265588.67,Licitación Pública,2025-06-06,goods,,2,265588.67000000004,265588.67000000004,2025-07-11,2025-09-03,1.0000000000000002,pagado_aproximadamente_completo
C002976,69212.19,Adjudicación Simplificada,2026-01-18,services,Servicio de transporte,3,69212.19,69212.19,2026-03-02,2026-04-18,1.0,pagado_aproximadamente_completo
C000488,187260.0,Adjudicación Simplificada,2025-09-04,services,Servicio de capacitación,1,187260.0,187260.0,2025-10-07,2025-10-21,1.0,pagado_aproximadamente_completo
C001843,54314.19,Licitación Pública,2023-01-11,services,Servicio de capacitación,2,54314.19,54314.19,2023-01-23,2023-03-28,1.0,pagado_aproximadamente_completo
C001734,101247.26,Adjudicación Simplificada,2026-04-05,services,Servicio de mantenimiento de infraestructura,2,101247.26,101247.26000000001,2026-05-15,2026-06-22,1.0000000000000002,pagado_aproximadamente_completo
C002911,246897.08,Adjudicación Simplificada,2023-08-22,services,Consultoría en ingeniería,1,246897.08,246897.08,2023-09-09,2023-09-24,1.0,pagado_aproximadamente_completo
C003219,177044.43,Licitación Pública,2025-04-07,services,Servicio de mantenimiento de infraestructura,2,177044.43,177044.43,2025-04-17,2025-06-09,1.0,pagado_aproximadamente_completo
C000146,82305.19,Comparación de Precios,2023-09-12,services,Consultoría en ingeniería,2,58782.94,58782.94,2023-09-19,2023-10-20,0.714206965563168,pago_parcial
C001534,24938.3,Concurso Público,2026-06-04,goods,Adquisición de equipos informáticos,3,24938.3,24938.3,2026-07-18,2026-08-07,1.0,pagado_aproximadamente_completo
C001986,153668.28,,2025-06-30,services,Servicio de limpieza y vigilancia,3,153668.28,153668.28,2025-07-06,2025-09-10,1.0,pagado_aproximadamente_completo
C001369,160867.73,Comparación de Precios,2023-07-20,goods,Adquisición de bienes de oficina,2,160867.73,160867.73,2023-08-17,2023-11-20,1.0,pagado_aproximadamente_completo
C002450,290991.31,Comparación de Precios,2024-10-20,goods,Suministro de combustible,1,290991.31,290991.31,2024-10-31,2024-11-13,1.0,pagado_aproximadamente_completo
C900014,216108.58,Contratación Directa,2025-01-05,goods,Adquisición de bienes de oficina,3,216108.58,216108.58000000002,2025-01-23,2025-03-21,1.0000000000000002,pagado_aproximadamente_completo
C003002,14303.97,Adjudicación Simplificada,2023-05-16,works,Obra de rehabilitación vial,1,11270.75,11270.75,2023-05-23,2023-06-18,0.7879455843377748,pago_parcial
C002811,435694.01,Licitación Pública,2026-06-07,services,Servicio de capacitación,2,311862.14,311862.14,2026-06-19,2026-07-23,0.7157824822976107,pago_parcial
C000659,71005.19,Comparación de Precios,2023-04-01,goods,Adquisición de materiales de construcción,1,74508.74,74508.74,2023-05-03,2023-05-12,1.0493421678049168,sobrepago_senal_revisar
C001794,27643.93,Concurso Público,2025-07-18,works,Obra de rehabilitación vial,2,27643.93,27643.93,2025-08-10,2025-09-08,1.0,pagado_aproximadamente_completo
C002511,35212.15,Contratación Directa,2023-08-09,goods,Adquisición de materiales de construcción,1,35212.15,35212.15,2023-08-22,2023-09-07,1.0,pagado_aproximadamente_completo
C003397,17732.09,Comparación de Precios,2024-01-16,services,Servicio de transporte,3,17732.09,17732.09,2024-01-24,2024-03-10,1.0,pagado_aproximadamente_completo
C000186,53651.56,Comparación de Precios,2026-02-15,goods,,2,53651.560000000005,53651.56,2026-04-01,2026-05-01,1.0,pagado_aproximadamente_completo
C001147,245882.22,Adjudicación Simplificada,2026-03-17,services,Servicio de capacitación,1,245882.22,245882.22,2026-04-10,2026-04-27,1.0,pagado_aproximadamente_completo
C003272,365978.32,Adjudicación Simplificada,2026-03-28,services,Servicio de limpieza y vigilancia,2,265340.26,265340.26,2026-05-02,2026-05-16,0.7250163343008952,pago_parcial
C000608,33937.57,Comparación de Precios,2024-12-25,goods,Adquisición de equipos informáticos,1,33937.57,33937.57,2025-01-21,2025-02-04,1.0,pagado_aproximadamente_completo
C002191,123406.56,Comparación de Precios,2026-06-14,services,Consultoría en ingeniería,1,123406.56,123406.56,2026-07-12,2026-07-14,1.0,pagado_aproximadamente_completo
C002799,109975.78,Comparación de Precios,2025-01-03,services,Consultoría en ingeniería,1,109975.78,109975.78,2025-02-02,2025-02-26,1.0,pagado_aproximadamente_completo
C001930,41326.17,,2025-10-08,services,Servicio de capacitación,1,41326.17,41326.17,2025-11-01,2025-11-24,1.0,pagado_aproximadamente_completo
C003029,10182.42,Contratación Directa,2023-10-30,works,Obra de rehabilitación vial,2,8103.530000000001,8103.53,2023-12-05,2023-12-23,0.7958353711593118,pago_parcial
C000197,120398.98,Adjudicación Simplificada,2024-07-18,services,Servicio de limpieza y vigilancia,2,120398.98000000001,120398.98000000001,2024-08-16,2024-09-22,1.0000000000000002,pagado_aproximadamente_completo
C002931,86599.83,Comparación de Precios,2023-11-03,goods,Adquisición de equipos informáticos,1,58268.1,58268.1,2023-11-14,2023-11-25,0.6728431222093623,pago_parcial
C002327,,Contratación Directa,2025-05-22,goods,Adquisición de equipos informáticos,3,62185.65,62185.65,2025-06-08,2025-08-21,,sin_pago_o_sin_cuantia
C000293,94817.19,Adjudicación Simplificada,2025-03-13,works,Obra de rehabilitación vial,1,94817.19,94817.19,2025-03-18,2025-04-01,1.0,pagado_aproximadamente_completo
C000766,49674.24,Contratación Directa,2024-07-16,works,Obra de rehabilitación vial,3,49674.24,49674.24,2024-08-11,2024-09-30,1.0,pagado_aproximadamente_completo
C000400,297815.4,Concurso Público,2025-04-17,goods,Suministro de combustible,1,297815.4,297815.4,2025-04-29,2025-05-13,1.0,pagado_aproximadamente_completo
C000122,17749.44,Adjudicación Simplificada,2023-02-07,services,Servicio de mantenimiento de infraestructura,1,12037.79,0.0,2023-02-27,,0.0,pendiente_sin_pago
C003255,7547.54,Adjudicación Simplificada,2025-10-27,goods,Adquisición de materiales de construcción,3,7547.54,7547.54,2025-11-08,2026-01-11,1.0,pagado_aproximadamente_completo
C000202,31433.61,Comparación de Precios,2024-04-12,works,Obra de rehabilitación vial,2,31433.61,31433.61,2024-04-24,2024-08-20,1.0,pagado_aproximadamente_completo
C000835,510653.64,Comparación de Precios,2023-12-14,goods,Adquisición de equipos informáticos,3,510653.64,510653.64,2024-01-06,2024-02-18,1.0,pagado_aproximadamente_completo
C002294,56686.89,Adjudicación Simplificada,2024-06-21,services,Servicio de capacitación,1,56686.89,56686.89,2024-07-22,2024-09-21,1.0,pagado_aproximadamente_completo
C001439,147831.1,Contratación Directa,2024-04-17,goods,Adquisición de bienes de oficina,1,147831.1,147831.1,2024-05-06,2024-05-28,1.0,pagado_aproximadamente_completo
C001733,72129.32,Concurso Público,2024-10-09,goods,Adquisición de bienes de oficina,1,50432.94,50432.94,2024-10-27,2024-11-16,0.6992016561365059,pago_parcial
C001695,182888.63,Licitación Pública,2023-03-08,goods,Suministro de combustible,2,194494.08000000002,194494.08000000002,2023-04-07,2023-05-26,1.0634563777966952,sobrepago_senal_revisar
C900003,140317.33,Comparación de Precios,2026-01-02,goods,Adquisición de materiales de construcción,2,119394.25,119394.25,2026-02-07,2026-03-17,0.8508874135504148,pago_parcial
C001707,116100.72,Comparación de Precios,2026-03-21,services,Servicio de limpieza y vigilancia,1,116100.72,116100.72,2026-04-10,2026-04-16,1.0,pagado_aproximadamente_completo
C700097,398952.86,Licitación Pública,2025-05-02,goods,Adquisición de equipos informáticos,1,398952.86,398952.86,2025-06-14,2025-06-28,1.0,pagado_aproximadamente_completo
C001153,151092.06,Adjudicación Simplificada,2025-06-10,goods,Adquisición de materiales de construcción,2,151092.06,151092.06,2025-07-08,2025-08-23,1.0,pagado_aproximadamente_completo
C001661,127106.99,Comparación de Precios,2024-11-30,services,Consultoría en ingeniería,3,127106.99,127106.99,2024-12-20,2025-02-13,1.0,pagado_aproximadamente_completo
C002432,61491.33,Concurso Público,2025-08-01,goods,,1,40410.96,40410.96,2025-09-13,2025-09-22,0.6571814270402022,pago_parcial
C003476,61408.15,Comparación de Precios,2024-03-01,goods,Adquisición de equipos informáticos,2,61408.149999999994,61408.15,2024-04-05,2024-05-16,1.0,pagado_aproximadamente_completo
C001759,,Comparación de Precios,2024-01-24,goods,Adquisición de bienes de oficina,2,62185.65,62185.64,2024-02-18,2024-03-01,,sin_pago_o_sin_cuantia
C000854,46905.55,Adjudicación Simplificada,2023-08-23,services,Servicio de limpieza y vigilancia,1,21587.67,0.0,2023-09-15,,0.0,pendiente_sin_pago
C001589,109896.27,Licitación Pública,2024-05-24,goods,Suministro de combustible,1,109896.27,109896.27,2024-07-01,2024-09-05,1.0,pagado_aproximadamente_completo
C002267,359472.11,Adjudicación Simplificada,2026-05-28,services,Servicio de mantenimiento de infraestructura,1,359472.11,359472.11,2026-06-19,2026-08-07,1.0,pagado_aproximadamente_completo
C000641,73904.92,,2024-09-24,works,Obra de rehabilitación vial,1,35260.37,0.0,2024-10-18,,0.0,pendiente_sin_pago
C000001,244111.86,Comparación de Precios,2023-12-24,services,Servicio de mantenimiento de infraestructura,1,182823.45,0.0,2024-01-03,,0.0,pendiente_sin_pago
C002160,81478.67,Concurso Público,2026-06-09,goods,Suministro de combustible,2,60007.97,60007.97,2026-06-17,2026-08-03,0.7364868621444116,pago_parcial
C000698,142880.11,Licitación Pública,2025-02-04,services,Consultoría en ingeniería,1,83605.07,83605.07,2025-03-13,2025-04-02,0.5851414168144189,pago_parcial
C900015,340773.1,Contratación Directa,2026-03-22,goods,Adquisición de bienes de oficina,1,204906.55,204906.55,2026-04-14,2026-04-24,0.601299075543228,pago_parcial
C002999,78490.42,,2025-04-19,goods,,2,62798.41,62798.409999999996,2025-05-02,2025-06-20,0.800077385240135,pago_parcial
C001636,137365.12,Comparación de Precios,2026-05-15,works,Obra de rehabilitación vial,3,137365.12,137365.12,2026-06-10,2026-07-23,1.0,pagado_aproximadamente_completo
C003184,23209.71,Comparación de Precios,2023-09-24,works,Obra de rehabilitación vial,2,23209.71,23209.710000000003,2023-09-30,2023-11-23,1.0000000000000002,pagado_aproximadamente_completo
C003458,96695.33,Licitación Pública,2024-03-16,goods,Adquisición de equipos informáticos,1,55032.64,55032.64,2024-04-14,2024-04-22,0.5691344142473065,pago_parcial
C003457,50397.59,Adjudicación Simplificada,2023-06-21,goods,,2,50397.59,50397.59,2023-07-31,2023-09-16,1.0,pagado_aproximadamente_completo
C001291,40836.83,Licitación Pública,2024-11-27,services,Consultoría en ingeniería,3,40836.83,40836.83,2024-12-19,2025-02-11,1.0,pagado_aproximadamente_completo
C700029,669790.1,Adjudicación Simplificada,2025-01-22,works,Obra de rehabilitación vial,3,669790.1,669790.1,2025-02-24,2025-03-30,1.0,pagado_aproximadamente_completo
C002489,74408.21,Comparación de Precios,2023-08-22,services,Servicio de capacitación,1,74408.21,74408.21,2023-09-26,2023-10-05,1.0,pagado_aproximadamente_completo
C001520,,Licitación Pública,2023-03-11,services,Servicio de mantenimiento de infraestructura,1,22895.7,0.0,2023-03-19,,,sin_pago_o_sin_cuantia
C001853,185523.68,Comparación de Precios,2023-10-23,services,Servicio de mantenimiento de infraestructura,1,185523.68,185523.68,2023-12-07,2023-12-16,1.0,pagado_aproximadamente_completo
C001136,292219.71,Comparación de Precios,2024-08-27,services,Servicio de limpieza y vigilancia,3,292219.70999999996,292219.71,2024-09-06,2024-11-13,1.0,pagado_aproximadamente_completo
C003304,305749.65,Adjudicación Simplificada,2023-04-10,goods,Adquisición de materiales de construcción,2,224973.44,224973.44,2023-05-01,2023-06-06,0.7358093132731305,pago_parcial
C700081,845502.11,Licitación Pública,2025-06-02,goods,Adquisición de materiales de construcción,1,845502.11,845502.11,2025-07-04,2025-07-31,1.0,pagado_aproximadamente_completo
C001631,53178.66,Comparación de Precios,2024-01-10,goods,Adquisición de materiales de construcción,3,53178.659999999996,53178.66,2024-02-23,2024-04-09,1.0,pagado_aproximadamente_completo
C003445,16050.95,Contratación Directa,2025-10-19,services,Servicio de mantenimiento de infraestructura,2,16050.95,16050.95,2025-11-26,2026-03-10,1.0,pagado_aproximadamente_completo
C001998,130667.47,Contratación Directa,2025-12-22,goods,Suministro de combustible,2,130667.47,130667.47,2026-01-30,2026-03-01,1.0,pagado_aproximadamente_completo
C000663,19755.69,Concurso Público,2023-02-28,services,Servicio de limpieza y vigilancia,2,12970.289999999999,12970.289999999999,2023-03-23,2023-05-19,0.6565343959132787,pago_parcial
C000683,18244.36,Adjudicación Simplificada,2026-03-18,goods,Suministro de combustible,2,18244.36,18244.359999999997,2026-03-23,2026-05-19,0.9999999999999998,pagado_aproximadamente_completo
C001257,34364.32,Comparación de Precios,2024-04-13,services,Servicio de capacitación,2,34364.32,34364.32,2024-04-25,2024-06-21,1.0,pagado_aproximadamente_completo
C003491,29710.79,Comparación de Precios,2025-06-28,services,Servicio de limpieza y vigilancia,1,29710.79,29710.79,2025-07-31,2025-08-12,1.0,pagado_aproximadamente_completo
C000317,12245.35,Adjudicación Simplificada,2025-06-11,goods,Suministro de combustible,1,12245.35,12245.35,2025-07-12,2025-07-27,1.0,pagado_aproximadamente_completo
C000648,172333.92,Adjudicación Simplificada,2023-09-19,services,Servicio de capacitación,1,172333.92,172333.92,2023-10-24,2023-11-06,1.0,pagado_aproximadamente_completo
C001434,178594.23,Comparación de Precios,2023-07-23,goods,Suministro de combustible,3,178594.23,178594.23,2023-08-18,2023-10-06,1.0,pagado_aproximadamente_completo
C001479,43405.94,Comparación de Precios,2024-04-29,services,Consultoría en ingeniería,2,43405.94,43405.94,2024-05-08,2024-07-08,1.0,pagado_aproximadamente_completo
C000709,34297.56,Contratación Directa,2026-01-04,services,Servicio de capacitación,2,34297.56,34297.56,2026-02-17,2026-03-12,1.0,pagado_aproximadamente_completo
C003430,19894.93,Adjudicación Simplificada,2024-12-18,services,Consultoría en ingeniería,2,19894.93,19894.93,2025-01-23,2025-02-23,1.0,pagado_aproximadamente_completo
C001282,12868.75,Comparación de Precios,2023-11-06,services,Servicio de capacitación,1,12868.75,12868.75,2023-12-19,2024-01-02,1.0,pagado_aproximadamente_completo
C001768,28483.47,Adjudicación Simplificada,2023-10-15,goods,Adquisición de equipos informáticos,2,28483.47,28483.47,2023-11-12,2023-12-04,1.0,pagado_aproximadamente_completo
C000972,87374.84,Contratación Directa,2023-04-25,services,Servicio de capacitación,1,87374.84,87374.84,2023-05-27,2023-08-12,1.0,pagado_aproximadamente_completo
C002675,160490.39,Comparación de Precios,2024-09-04,services,Servicio de capacitación,2,160490.38999999998,160490.39,2024-09-16,2024-10-31,1.0,pagado_aproximadamente_completo
C002680,43409.75,Comparación de Precios,2023-01-22,goods,Adquisición de materiales de construcción,2,43409.75,43409.75,2023-02-19,2023-03-25,1.0,pagado_aproximadamente_completo
C001306,283102.6,Comparación de Precios,2026-01-25,goods,Adquisición de materiales de construcción,1,221500.54,221500.54,2026-02-23,2026-03-03,0.7824037645715723,pago_parcial
C001400,25392.78,Comparación de Precios,2025-05-22,services,Servicio de capacitación,1,21403.2,21403.2,2025-07-05,2025-07-18,0.8428852610860254,pago_parcial
C001408,46510.16,Comparación de Precios,2026-03-05,goods,Adquisición de materiales de construcción,1,46510.16,46510.16,2026-03-18,2026-05-11,1.0,pagado_aproximadamente_completo
C003296,17212.87,Comparación de Precios,2023-11-14,works,Obra de rehabilitación vial,2,17212.87,17212.87,2023-12-11,2023-12-31,1.0,pagado_aproximadamente_completo
C002237,132652.64,Licitación Pública,2026-06-14,goods,Adquisición de bienes de oficina,3,132652.64,132652.63999999998,2026-07-01,2026-08-07,0.9999999999999998,pagado_aproximadamente_completo
C003302,34103.62,Comparación de Precios,2023-11-16,works,Obra de rehabilitación vial,2,34103.619999999995,34103.619999999995,2023-12-21,2024-01-18,0.9999999999999998,pagado_aproximadamente_completo
C001496,39940.4,Licitación Pública,2024-09-06,works,Obra de rehabilitación vial,2,39940.399999999994,39940.4,2024-09-25,2024-11-20,1.0,pagado_aproximadamente_completo
C003419,56932.29,Licitación Pública,2023-09-18,goods,Adquisición de bienes de oficina,3,56932.29,56932.29,2023-10-26,2023-11-30,1.0,pagado_aproximadamente_completo
C002038,84469.87,Comparación de Precios,2024-10-11,services,Servicio de limpieza y vigilancia,3,84469.87,84469.87,2024-10-21,2024-12-14,1.0,pagado_aproximadamente_completo
C001529,39356.49,Contratación Directa,2025-10-31,services,Servicio de capacitación,1,39356.49,39356.49,2025-12-09,2025-12-30,1.0,pagado_aproximadamente_completo
C001663,101203.68,Comparación de Precios,2024-04-30,goods,Adquisición de bienes de oficina,3,101203.68,101203.68000000001,2024-05-30,2024-07-21,1.0000000000000002,pagado_aproximadamente_completo
C001354,35637.53,Licitación Pública,2023-07-02,works,Obra de rehabilitación vial,2,35637.53,35637.53,2023-07-25,2023-09-09,1.0,pagado_aproximadamente_completo
C700110,437625.57,Adjudicación Simplificada,2024-06-22,services,Servicio de mantenimiento de infraestructura,3,437625.56999999995,437625.57,2024-08-05,2024-09-07,1.0,pagado_aproximadamente_completo
C900025,246252.68,Comparación de Precios,2025-03-12,services,Servicio de limpieza y vigilancia,1,246252.68,246252.68,2025-03-20,2025-03-29,1.0,pagado_aproximadamente_completo
C001643,73182.15,Licitación Pública,2024-08-11,services,Servicio de capacitación,2,73182.15,73182.15,2024-09-24,2024-10-25,1.0,pagado_aproximadamente_completo
C001051,42595.07,Concurso Público,2026-06-29,services,Servicio de transporte,1,42595.07,42595.07,2026-08-02,2026-08-07,1.0,pagado_aproximadamente_completo
C000795,406538.82,Adjudicación Simplificada,2023-05-23,services,Servicio de mantenimiento de infraestructura,2,406538.82,406538.82,2023-06-18,2023-07-25,1.0,pagado_aproximadamente_completo
C002693,37686.61,Comparación de Precios,2024-03-13,goods,Adquisición de materiales de construcción,1,37686.61,37686.61,2024-04-14,2024-04-29,1.0,pagado_aproximadamente_completo
C003060,128275.71,Comparación de Precios,2024-07-31,services,Consultoría en ingeniería,3,128275.70999999999,128275.71,2024-08-08,2024-10-07,1.0,pagado_aproximadamente_completo
C001597,74012.0,Contratación Directa,2026-04-02,services,Servicio de transporte,1,74012.0,74012.0,2026-05-10,2026-08-07,1.0,pagado_aproximadamente_completo
C002604,257459.28,Comparación de Precios,2023-11-04,goods,Adquisición de bienes de oficina,1,257459.28,257459.28,2023-11-28,2023-12-11,1.0,pagado_aproximadamente_completo
C002729,88299.25,Adjudicación Simplificada,2025-09-26,services,Servicio de capacitación,1,31376.54,0.0,2025-10-08,,0.0,pendiente_sin_pago
C002625,69313.31,Comparación de Precios,2026-06-11,services,Consultoría en ingeniería,2,69313.31,69313.31,2026-07-13,2026-08-02,1.0,pagado_aproximadamente_completo
C001819,209286.77,Concurso Público,2023-01-17,goods,Suministro de combustible,1,209286.77,209286.77,2023-02-10,2023-02-17,1.0,pagado_aproximadamente_completo
C003157,29832.97,Adjudicación Simplificada,2023-05-01,services,Servicio de mantenimiento de infraestructura,2,20337.59,20337.59,2023-05-27,2023-07-18,0.6817152298279386,pago_parcial
C003314,135698.52,Licitación Pública,2025-08-03,services,Servicio de transporte,2,121258.2,121258.2,2025-08-23,2025-10-06,0.8935852800752728,pago_parcial
C001722,44271.07,Licitación Pública,2026-03-08,goods,Adquisición de bienes de oficina,2,44271.07,44271.07000000001,2026-04-11,2026-05-05,1.0000000000000002,pagado_aproximadamente_completo
C001183,26187.41,Adjudicación Simplificada,2024-07-29,goods,Suministro de combustible,2,26187.41,26187.409999999996,2024-08-26,2024-09-13,0.9999999999999999,pagado_aproximadamente_completo
C002572,65113.32,Comparación de Precios,2025-11-22,services,Consultoría en ingeniería,3,65113.31999999999,65113.32,2025-12-03,2026-01-24,1.0,pagado_aproximadamente_completo
C001059,15860.78,Adjudicación Simplificada,2024-08-28,services,Servicio de capacitación,2,15860.78,15860.779999999999,2024-09-07,2024-10-11,0.9999999999999999,pagado_aproximadamente_completo
C000540,98694.86,Concurso Público,2025-02-22,services,Servicio de mantenimiento de infraestructura,3,98694.86,98694.86,2025-03-18,2025-04-25,1.0,pagado_aproximadamente_completo
C003242,53343.43,Licitación Pública,2025-07-08,services,Servicio de transporte,2,53343.43,53343.42999999999,2025-08-02,2025-08-31,0.9999999999999999,pagado_aproximadamente_completo
C001678,28317.69,Adjudicación Simplificada,2025-05-05,services,Consultoría en ingeniería,1,28317.69,28317.69,2025-05-21,2025-06-05,1.0,pagado_aproximadamente_completo
C002796,29569.08,Concurso Público,2025-05-01,goods,Adquisición de bienes de oficina,1,12913.78,0.0,2025-06-03,,0.0,pendiente_sin_pago
C700069,326417.06,Adjudicación Simplificada,2025-12-23,services,Servicio de mantenimiento de infraestructura,2,326417.06,326417.06,2026-01-24,2026-02-05,1.0,pagado_aproximadamente_completo
C003478,44669.3,Adjudicación Simplificada,2024-10-24,goods,Suministro de combustible,2,44669.3,44669.3,2024-10-30,2025-01-08,1.0,pagado_aproximadamente_completo
C002532,22117.14,Adjudicación Simplificada,2025-10-12,services,Servicio de limpieza y vigilancia,1,22117.14,22117.14,2025-11-24,2025-12-10,1.0,pagado_aproximadamente_completo
C001757,71147.27,Contratación Directa,2024-12-02,services,Consultoría en ingeniería,2,71147.27,71147.27,2024-12-26,2025-02-11,1.0,pagado_aproximadamente_completo
C001923,80693.2,Contratación Directa,2024-06-26,goods,Adquisición de materiales de construcción,1,38358.8,0.0,2024-07-20,,0.0,pendiente_sin_pago
C000095,76241.39,Comparación de Precios,2024-09-16,services,Servicio de capacitación,2,76241.39,76241.39,2024-10-04,2024-12-07,1.0,pagado_aproximadamente_completo
C001020,18044.54,Adjudicación Simplificada,2023-09-06,services,Servicio de mantenimiento de infraestructura,1,18044.54,18044.54,2023-10-06,2023-10-28,1.0,pagado_aproximadamente_completo
C000563,20798.02,Comparación de Precios,2025-03-31,services,Servicio de limpieza y vigilancia,2,20798.02,20798.02,2025-04-22,2025-05-11,1.0,pagado_aproximadamente_completo
C003312,345616.43,Adjudicación Simplificada,2025-04-16,services,Servicio de mantenimiento de infraestructura,2,345616.43,345616.43,2025-04-28,2025-06-13,1.0,pagado_aproximadamente_completo
C002790,5276.98,Comparación de Precios,2024-03-28,goods,Adquisición de equipos informáticos,1,5276.98,5276.98,2024-05-08,2024-05-20,1.0,pagado_aproximadamente_completo
C000863,61448.96,Concurso Público,2023-11-28,goods,Adquisición de materiales de construcción,3,61448.96,61448.96,2023-12-30,2024-02-11,1.0,pagado_aproximadamente_completo
C001484,174840.93,Licitación Pública,2024-12-13,goods,Adquisición de materiales de construcción,2,174840.93,174840.93,2025-01-12,2025-02-19,1.0,pagado_aproximadamente_completo
C002939,80862.91,Licitación Pública,2023-09-08,works,Obra de rehabilitación vial,3,80862.91,80862.91,2023-10-12,2023-12-13,1.0,pagado_aproximadamente_completo
C001881,30583.35,Adjudicación Simplificada,2024-06-07,works,Obra de rehabilitación vial,1,30583.35,30583.35,2024-06-28,2024-09-12,1.0,pagado_aproximadamente_completo
C001038,33405.53,Adjudicación Simplificada,2025-02-14,goods,Suministro de combustible,3,33405.53,33405.53,2025-02-20,2025-06-04,1.0,pagado_aproximadamente_completo
C000206,92281.08,Licitación Pública,2023-03-30,services,Consultoría en ingeniería,1,92281.08,92281.08,2023-04-05,2023-04-17,1.0,pagado_aproximadamente_completo
C000392,20419.88,Concurso Público,2024-12-25,goods,Adquisición de equipos informáticos,3,20419.88,20419.88,2025-01-10,2025-02-19,1.0,pagado_aproximadamente_completo
C002842,129094.44,Comparación de Precios,2026-03-18,goods,Adquisición de equipos informáticos,2,103479.17,103479.17,2026-04-16,2026-06-05,0.8015772793932876,pago_parcial
C000870,32144.37,Concurso Público,2023-08-02,works,Obra de rehabilitación vial,2,32144.37,32144.37,2023-08-27,2023-10-08,1.0,pagado_aproximadamente_completo
C000397,8764.77,Comparación de Precios,2023-04-06,works,Obra de rehabilitación vial,1,8764.77,8764.77,2023-04-29,2023-05-08,1.0,pagado_aproximadamente_completo
C002814,15624.57,Adjudicación Simplificada,2024-05-01,services,Servicio de transporte,2,15624.57,15624.57,2024-05-14,2024-09-05,1.0,pagado_aproximadamente_completo
C700058,250811.43,Licitación Pública,2024-03-03,services,Servicio de limpieza y vigilancia,3,250811.43,250811.43,2024-03-31,2024-05-04,1.0,pagado_aproximadamente_completo
C003289,146378.11,Adjudicación Simplificada,2024-09-15,goods,Adquisición de materiales de construcción,3,146378.11000000002,146378.11,2024-10-29,2024-12-04,1.0,pagado_aproximadamente_completo
C001028,54050.17,Comparación de Precios,2023-06-24,services,Servicio de transporte,2,37158.07,37158.07,2023-08-01,2023-09-18,0.6874736934222409,pago_parcial
C002690,77765.46,Adjudicación Simplificada,2023-02-17,works,Obra de rehabilitación vial,3,77765.46,77765.46,2023-02-27,2023-04-29,1.0,pagado_aproximadamente_completo
C001485,3998.45,Adjudicación Simplificada,2023-06-04,works,Obra de rehabilitación vial,2,3998.4500000000003,3998.45,2023-06-13,2023-08-12,1.0,pagado_aproximadamente_completo
C002660,10903.66,Concurso Público,2025-11-29,works,Obra de rehabilitación vial,1,10903.66,10903.66,2025-12-22,2026-01-09,1.0,pagado_aproximadamente_completo
C000960,15924.56,Comparación de Precios,2024-05-23,goods,Adquisición de equipos informáticos,1,15924.56,15924.56,2024-06-29,2024-07-27,1.0,pagado_aproximadamente_completo
C001570,17800.19,Contratación Directa,2025-10-01,services,Servicio de capacitación,1,17800.19,17800.19,2025-11-14,2025-12-01,1.0,pagado_aproximadamente_completo
C002773,5676.19,Adjudicación Simplificada,2024-05-27,goods,Adquisición de materiales de construcción,1,5676.19,5676.19,2024-06-13,2024-06-24,1.0,pagado_aproximadamente_completo
C001895,33981.04,Comparación de Precios,2023-12-22,services,Servicio de limpieza y vigilancia,3,33981.03999999999,33981.04,2024-01-23,2024-02-19,1.0,pagado_aproximadamente_completo
C002731,70862.65,Adjudicación Simplificada,2025-08-18,goods,Adquisición de materiales de construcción,3,70862.65,70862.65,2025-09-14,2025-11-04,1.0,pagado_aproximadamente_completo
C002146,67726.53,Concurso Público,2023-03-07,services,Servicio de capacitación,1,59489.75,59489.75,2023-03-13,2023-04-04,0.8783817803746922,pago_parcial
C000804,50733.9,Concurso Público,2025-05-28,services,Servicio de transporte,3,50733.9,50733.90000000001,2025-06-09,2025-08-02,1.0000000000000002,pagado_aproximadamente_completo
C001751,38869.32,Comparación de Precios,2024-07-14,services,Servicio de mantenimiento de infraestructura,3,38869.32,38869.32,2024-08-18,2024-09-26,1.0,pagado_aproximadamente_completo
C002454,178786.09,Comparación de Precios,2023-01-18,services,Servicio de mantenimiento de infraestructura,3,178786.09,178786.09,2023-02-20,2023-03-29,1.0,pagado_aproximadamente_completo
C000502,32400.05,Contratación Directa,2024-02-16,services,Servicio de transporte,1,18813.51,0.0,2024-03-10,,0.0,pendiente_sin_pago
C003119,11404.13,Adjudicación Simplificada,2024-03-07,works,Obra de rehabilitación vial,1,11813.39,11813.39,2024-04-15,2024-05-14,1.035886998832879,sobrepago_senal_revisar
C003104,21462.69,Adjudicación Simplificada,2024-10-22,services,Servicio de mantenimiento de infraestructura,1,21462.69,21462.69,2024-11-13,2024-11-25,1.0,pagado_aproximadamente_completo
C002977,80015.89,Concurso Público,2024-10-26,services,Servicio de capacitación,2,80015.89,80015.89,2024-11-22,2024-12-20,1.0,pagado_aproximadamente_completo
C000779,26912.4,Adjudicación Simplificada,2025-02-18,services,Servicio de limpieza y vigilancia,3,26912.399999999998,26912.4,2025-03-14,2025-05-12,1.0,pagado_aproximadamente_completo
C001863,449282.15,Contratación Directa,2025-07-28,services,Servicio de capacitación,2,362200.77999999997,362200.78,2025-08-31,2025-09-24,0.8061766531343388,pago_parcial
C000200,69552.87,Concurso Público,2024-08-05,services,Servicio de mantenimiento de infraestructura,3,69552.87,69552.87,2024-09-03,2024-10-22,1.0,pagado_aproximadamente_completo
C002182,17410.63,Comparación de Precios,2024-05-25,goods,Suministro de combustible,1,11565.03,11565.03,2024-06-25,2024-07-05,0.6642510925796482,pago_parcial
C003099,226598.22,Adjudicación Simplificada,2025-05-01,services,Consultoría en ingeniería,3,226598.22,226598.22,2025-05-12,2025-08-05,1.0,pagado_aproximadamente_completo
C002088,51344.44,Licitación Pública,2025-03-11,goods,Suministro de combustible,3,51344.44,51344.439999999995,2025-04-07,2025-06-13,0.9999999999999999,pagado_aproximadamente_completo
C003065,61663.99,Adjudicación Simplificada,2024-09-02,services,Servicio de transporte,2,61663.99,61663.990000000005,2024-09-19,2024-10-03,1.0000000000000002,pagado_aproximadamente_completo
C002278,205471.02,Adjudicación Simplificada,2023-03-15,services,Servicio de transporte,1,205471.02,205471.02,2023-04-16,2023-04-22,1.0,pagado_aproximadamente_completo
C700061,222876.96,,2026-04-06,services,Servicio de limpieza y vigilancia,2,222876.96,222876.96,2026-05-21,2026-06-08,1.0,pagado_aproximadamente_completo
C001796,74225.27,Comparación de Precios,2024-02-23,goods,Suministro de combustible,2,74225.27,74225.26999999999,2024-02-29,2024-04-23,0.9999999999999998,pagado_aproximadamente_completo
C000378,46225.83,Contratación Directa,2024-10-07,goods,Adquisición de bienes de oficina,1,38582.34,38582.34,2024-10-20,2024-11-07,0.8346489397810704,pago_parcial
C002336,34238.73,Concurso Público,2025-05-21,goods,Suministro de combustible,2,34238.729999999996,34238.729999999996,2025-06-08,2025-08-29,0.9999999999999998,pagado_aproximadamente_completo
C000418,70213.63,Comparación de Precios,2023-03-07,goods,Adquisición de bienes de oficina,2,70213.63,70213.63,2023-03-12,2023-05-02,1.0,pagado_aproximadamente_completo
C001698,20277.35,Adjudicación Simplificada,2023-10-12,goods,Adquisición de equipos informáticos,1,20277.35,20277.35,2023-11-04,2023-11-10,1.0,pagado_aproximadamente_completo
C000391,33470.04,Licitación Pública,2023-11-10,works,Obra de rehabilitación vial,3,33470.04,33470.04,2023-12-02,2024-02-04,1.0,pagado_aproximadamente_completo
C002640,19933.14,Adjudicación Simplificada,2024-07-05,services,Servicio de capacitación,3,19933.14,19933.14,2024-07-30,2024-10-11,1.0,pagado_aproximadamente_completo
C001522,193322.09,Adjudicación Simplificada,2025-07-26,services,Servicio de mantenimiento de infraestructura,1,162217.6,162217.6,2025-08-14,2025-09-09,0.839105350040443,pago_parcial
C001162,76050.94,Concurso Público,2025-04-24,goods,Adquisición de materiales de construcción,2,48394.54,48394.54,2025-05-27,2025-07-01,0.6363437453896034,pago_parcial
C003134,89114.56,Comparación de Precios,2023-11-16,goods,Adquisición de materiales de construcción,1,77318.37,77318.37,2023-12-18,2024-01-05,0.8676289261822085,pago_parcial
C001495,42458.03,Licitación Pública,2024-09-30,services,Servicio de mantenimiento de infraestructura,1,42458.03,42458.03,2024-11-02,2024-11-22,1.0,pagado_aproximadamente_completo
C002695,59191.64,Adjudicación Simplificada,2023-01-17,services,Servicio de capacitación,1,32959.06,32959.06,2023-01-30,2023-02-18,0.5568195103227415,pago_parcial
C002027,235692.46,Comparación de Precios,2025-03-07,goods,Suministro de combustible,1,235692.46,235692.46,2025-03-26,2025-04-14,1.0,pagado_aproximadamente_completo
C001152,27371.73,Adjudicación Simplificada,2025-02-22,services,Servicio de transporte,1,27371.73,27371.73,2025-04-08,2025-04-19,1.0,pagado_aproximadamente_completo
C001367,31519.69,Concurso Público,2026-05-16,goods,Adquisición de materiales de construcción,3,31519.690000000002,31519.690000000002,2026-06-25,2026-07-23,1.0000000000000002,pagado_aproximadamente_completo
C002568,32589.08,Comparación de Precios,2023-01-31,works,Obra de rehabilitación vial,2,18529.91,18529.91,2023-03-07,2023-04-06,0.5685926083215604,pago_parcial
C000064,19586.89,Adjudicación Simplificada,2026-03-20,goods,Adquisición de equipos informáticos,1,19586.89,19586.89,2026-04-01,2026-07-24,1.0,pagado_aproximadamente_completo
C002062,60473.2,,2025-02-17,goods,Adquisición de materiales de construcción,1,42060.14,0.0,2025-03-10,,0.0,pendiente_sin_pago
C001180,185613.97,Licitación Pública,2023-07-02,services,Servicio de mantenimiento de infraestructura,2,185613.97,185613.97,2023-07-10,2023-09-15,1.0,pagado_aproximadamente_completo
C003112,110169.97,Adjudicación Simplificada,2023-02-09,goods,Suministro de combustible,3,110169.97,110169.97,2023-02-19,2023-05-12,1.0,pagado_aproximadamente_completo
C000492,262882.42,Licitación Pública,2024-03-13,goods,Adquisición de bienes de oficina,1,262882.42,262882.42,2024-03-30,2024-04-16,1.0,pagado_aproximadamente_completo
C000379,60535.52,Adjudicación Simplificada,2024-07-02,goods,Adquisición de materiales de construcción,3,60535.52,60535.520000000004,2024-08-05,2024-10-01,1.0000000000000002,pagado_aproximadamente_completo
C002235,21541.93,Licitación Pública,2024-08-28,goods,Adquisición de materiales de construcción,3,21541.93,21541.93,2024-09-02,2024-11-22,1.0,pagado_aproximadamente_completo
C000763,60632.03,Licitación Pública,2026-06-13,goods,Adquisición de equipos informáticos,2,60632.03,60632.03,2026-07-10,2026-08-07,1.0,pagado_aproximadamente_completo
C002264,69784.83,Contratación Directa,2024-06-27,services,Servicio de capacitación,1,43191.09,43191.09,2024-08-03,2024-08-30,0.618918037057624,pago_parcial
C000791,15583.04,Comparación de Precios,2025-02-14,goods,Adquisición de equipos informáticos,2,15583.039999999999,15583.04,2025-03-18,2025-04-13,1.0,pagado_aproximadamente_completo
C001076,34845.72,Concurso Público,2023-11-30,services,Servicio de limpieza y vigilancia,1,14781.67,0.0,2023-12-21,,0.0,pendiente_sin_pago
C000878,72793.43,Adjudicación Simplificada,2024-02-10,services,Servicio de transporte,2,72793.43,72793.43,2024-03-26,2024-04-12,1.0,pagado_aproximadamente_completo
C000337,12491.74,Adjudicación Simplificada,2024-03-05,goods,Adquisición de materiales de construcción,3,12491.74,12491.74,2024-04-02,2024-05-18,1.0,pagado_aproximadamente_completo
C002767,102106.97,Adjudicación Simplificada,2023-04-15,services,Servicio de mantenimiento de infraestructura,2,102106.97,102106.97,2023-05-24,2023-06-13,1.0,pagado_aproximadamente_completo
C002343,124172.42,Comparación de Precios,2025-06-09,services,Servicio de transporte,2,124172.42000000001,124172.42,2025-07-10,2025-07-20,1.0,pagado_aproximadamente_completo
C001016,919227.3,Comparación de Precios,2023-10-29,services,Servicio de mantenimiento de infraestructura,1,537355.82,537355.82,2023-11-20,2023-12-07,0.5845733911514595,pago_parcial
C001275,88268.35,Adjudicación Simplificada,2025-08-04,goods,Adquisición de equipos informáticos,2,88268.35,88268.35,2025-08-10,2025-10-23,1.0,pagado_aproximadamente_completo
C700033,519845.64,Licitación Pública,2025-09-30,goods,Adquisición de equipos informáticos,1,519845.64,519845.64,2025-11-03,2026-01-29,1.0,pagado_aproximadamente_completo
C000455,96860.65,Adjudicación Simplificada,2026-02-20,services,Servicio de limpieza y vigilancia,2,96860.65000000001,96860.65,2026-02-25,2026-04-10,1.0,pagado_aproximadamente_completo
C003342,13654.48,Comparación de Precios,2025-01-25,services,Servicio de capacitación,1,13654.48,13654.48,2025-02-19,2025-03-01,1.0,pagado_aproximadamente_completo
C000815,11307.73,Adjudicación Simplificada,2025-03-03,works,Obra de rehabilitación vial,3,11307.73,11307.73,2025-03-31,2025-05-22,1.0,pagado_aproximadamente_completo
C002317,47049.93,Concurso Público,2024-08-27,services,Servicio de capacitación,2,47049.93,47049.93,2024-09-29,2024-10-19,1.0,pagado_aproximadamente_completo
C000995,13374.49,Concurso Público,2023-06-08,works,Obra de rehabilitación vial,3,13374.49,13374.49,2023-06-27,2023-08-29,1.0,pagado_aproximadamente_completo
C001981,11496.64,Adjudicación Simplificada,2024-08-26,services,Servicio de limpieza y vigilancia,3,11496.64,11496.64,2024-09-19,2024-11-24,1.0,pagado_aproximadamente_completo
C000201,51344.59,Adjudicación Simplificada,2024-01-01,services,Consultoría en ingeniería,2,51344.59,51344.59,2024-01-08,2024-02-17,1.0,pagado_aproximadamente_completo
C000161,38896.54,Adjudicación Simplificada,2023-06-25,services,Servicio de capacitación,3,38896.53999999999,38896.54,2023-07-08,2023-08-30,1.0,pagado_aproximadamente_completo
C001579,6132.21,Comparación de Precios,2025-05-03,services,Servicio de capacitación,2,6132.21,6132.21,2025-06-01,2025-07-18,1.0,pagado_aproximadamente_completo
C002777,68425.66,Adjudicación Simplificada,2025-08-16,services,Servicio de limpieza y vigilancia,1,39077.48,0.0,2025-08-24,,0.0,pendiente_sin_pago
C002449,138523.28,Adjudicación Simplificada,2023-11-03,goods,Suministro de combustible,1,138523.28,138523.28,2023-11-10,2023-11-28,1.0,pagado_aproximadamente_completo
C000702,57254.82,Comparación de Precios,2024-06-02,services,Consultoría en ingeniería,2,57254.81999999999,57254.82,2024-06-21,2024-07-25,1.0,pagado_aproximadamente_completo
C001500,10647.01,Contratación Directa,2024-06-06,goods,Suministro de combustible,3,10647.009999999998,10647.01,2024-07-01,2024-08-29,1.0,pagado_aproximadamente_completo
C001129,107525.81,Licitación Pública,2023-08-23,services,Servicio de capacitación,3,107525.81,107525.81,2023-09-08,2023-11-24,1.0,pagado_aproximadamente_completo
C002613,240228.33,Adjudicación Simplificada,2026-06-06,services,Servicio de capacitación,2,240228.33000000002,240228.33000000002,2026-07-16,2026-08-07,1.0000000000000002,pagado_aproximadamente_completo
C003461,90239.5,Concurso Público,2025-02-14,goods,Suministro de combustible,2,90239.5,90239.5,2025-02-22,2025-06-21,1.0,pagado_aproximadamente_completo
C001021,273627.97,Adjudicación Simplificada,2024-11-26,services,Servicio de transporte,1,273627.97,273627.97,2024-12-29,2025-01-20,1.0,pagado_aproximadamente_completo
C003073,26473.5,Adjudicación Simplificada,2025-02-23,goods,Adquisición de bienes de oficina,2,26473.5,26473.5,2025-04-01,2025-04-26,1.0,pagado_aproximadamente_completo
C003459,245516.56,Comparación de Precios,2024-12-10,services,Servicio de mantenimiento de infraestructura,2,245516.56,245516.56,2025-01-04,2025-02-03,1.0,pagado_aproximadamente_completo
C001585,105852.08,Comparación de Precios,2023-03-05,works,Obra de rehabilitación vial,3,105852.08,105852.08,2023-04-16,2023-06-07,1.0,pagado_aproximadamente_completo
C001955,590958.23,Adjudicación Simplificada,2024-04-29,goods,Adquisición de materiales de construcción,2,590958.23,590958.23,2024-05-31,2024-06-23,1.0,pagado_aproximadamente_completo
C003152,98135.73,Comparación de Precios,2026-03-04,services,Servicio de transporte,2,98135.73000000001,98135.73000000001,2026-03-29,2026-05-21,1.0000000000000002,pagado_aproximadamente_completo
C002253,59355.59,Adjudicación Simplificada,2026-02-07,services,Servicio de limpieza y vigilancia,1,59355.59,59355.59,2026-03-01,2026-03-07,1.0,pagado_aproximadamente_completo
C000034,61869.47,Comparación de Precios,2025-07-10,goods,Adquisición de materiales de construcción,2,61869.47,61869.47,2025-07-20,2025-09-03,1.0,pagado_aproximadamente_completo
C000775,131262.48,Adjudicación Simplificada,2024-10-02,services,Servicio de limpieza y vigilancia,2,131262.48,131262.47999999998,2024-10-30,2025-02-11,0.9999999999999998,pagado_aproximadamente_completo
C002556,79094.49,Contratación Directa,2025-10-14,goods,Adquisición de materiales de construcción,2,79094.49,79094.49,2025-10-22,2025-12-09,1.0,pagado_aproximadamente_completo
C003499,12970.88,Comparación de Precios,2024-07-07,goods,Adquisición de equipos informáticos,3,12970.880000000001,12970.880000000001,2024-07-27,2024-10-06,1.0000000000000002,pagado_aproximadamente_completo
C001478,41854.13,Concurso Público,2024-02-10,services,Servicio de mantenimiento de infraestructura,2,41854.13,41854.13,2024-02-17,2024-04-03,1.0,pagado_aproximadamente_completo
C003003,119562.2,Licitación Pública,2026-03-24,goods,Adquisición de materiales de construcción,1,119562.2,119562.2,2026-05-05,2026-05-27,1.0,pagado_aproximadamente_completo
C001390,210109.16,Comparación de Precios,2023-09-06,goods,Adquisición de bienes de oficina,1,223257.4,223257.4,2023-10-16,2023-11-06,1.0625781379545756,sobrepago_senal_revisar
C002139,75562.72,Adjudicación Simplificada,2026-02-11,services,Consultoría en ingeniería,1,35592.27,0.0,2026-03-23,,0.0,pendiente_sin_pago
C001363,146078.23,Adjudicación Simplificada,2026-06-26,goods,Adquisición de materiales de construcción,2,146078.23,146078.22999999998,2026-08-03,2026-08-07,0.9999999999999998,pagado_aproximadamente_completo
C002945,657307.61,Comparación de Precios,2026-03-19,works,Obra de rehabilitación vial,3,657307.61,657307.61,2026-04-29,2026-06-20,1.0,pagado_aproximadamente_completo
C002612,132318.99,Adjudicación Simplificada,2023-11-02,goods,Adquisición de materiales de construcción,1,132318.99,132318.99,2023-12-01,2023-12-07,1.0,pagado_aproximadamente_completo
C003417,34289.06,Adjudicación Simplificada,2024-04-01,goods,Adquisición de equipos informáticos,1,34289.06,34289.06,2024-04-20,2024-05-03,1.0,pagado_aproximadamente_completo
C002824,101551.4,Concurso Público,2025-03-22,works,Obra de rehabilitación vial,2,106460.46,106460.46,2025-04-16,2025-06-05,1.0483406432604574,sobrepago_senal_revisar
C002041,57095.64,Adjudicación Simplificada,2023-10-17,goods,Suministro de combustible,3,57095.64,57095.64,2023-11-11,2023-12-16,1.0,pagado_aproximadamente_completo
C000241,27105.02,Adjudicación Simplificada,2024-04-30,services,Consultoría en ingeniería,2,27105.02,27105.019999999997,2024-05-24,2024-10-01,0.9999999999999999,pagado_aproximadamente_completo
C002061,45771.74,Contratación Directa,2025-04-11,works,Obra de rehabilitación vial,1,45771.74,45771.74,2025-05-05,2025-05-31,1.0,pagado_aproximadamente_completo
C002363,9565.81,Adjudicación Simplificada,2024-10-21,goods,Adquisición de materiales de construcción,1,9565.81,9565.81,2024-11-14,2024-12-07,1.0,pagado_aproximadamente_completo
C000600,31750.67,Licitación Pública,2023-06-02,goods,Adquisición de bienes de oficina,1,31750.67,31750.67,2023-07-08,2023-07-29,1.0,pagado_aproximadamente_completo
C002435,518462.89,Adjudicación Simplificada,2024-05-29,goods,Adquisición de equipos informáticos,3,518462.89,518462.88999999996,2024-06-09,2024-08-21,0.9999999999999999,pagado_aproximadamente_completo
C001297,254257.83,Contratación Directa,2024-03-05,services,Consultoría en ingeniería,1,254257.83,254257.83,2024-03-12,2024-03-28,1.0,pagado_aproximadamente_completo
C002214,34062.81,Contratación Directa,2026-05-06,works,Obra de rehabilitación vial,2,34062.81,34062.81,2026-05-15,2026-06-17,1.0,pagado_aproximadamente_completo
C002888,14549.34,Adjudicación Simplificada,2026-03-06,services,Consultoría en ingeniería,1,14549.34,14549.34,2026-03-29,2026-04-07,1.0,pagado_aproximadamente_completo
C002068,69551.84,Adjudicación Simplificada,2025-01-17,goods,Adquisición de materiales de construcción,3,69551.84,69551.84,2025-02-15,2025-04-02,1.0,pagado_aproximadamente_completo
C000646,45688.57,Contratación Directa,2025-02-18,works,Obra de rehabilitación vial,3,45688.57,45688.57,2025-03-23,2025-06-03,1.0,pagado_aproximadamente_completo
C700056,452657.94,Licitación Pública,2024-06-08,services,Servicio de limpieza y vigilancia,2,452657.94,452657.94,2024-06-17,2024-08-30,1.0,pagado_aproximadamente_completo
C003202,25756.8,Licitación Pública,2023-01-03,goods,Adquisición de equipos informáticos,3,25756.800000000003,25756.8,2023-01-17,2023-03-14,1.0,pagado_aproximadamente_completo
C001528,44263.92,Licitación Pública,2024-09-07,services,Servicio de transporte,1,44263.92,44263.92,2024-09-15,2024-12-26,1.0,pagado_aproximadamente_completo
C002879,53075.64,Comparación de Precios,2023-02-10,goods,Adquisición de bienes de oficina,2,36071.25,36071.25,2023-03-10,2023-03-30,0.6796196899368524,pago_parcial
C001267,13248.33,Comparación de Precios,2023-05-08,services,Servicio de mantenimiento de infraestructura,1,13248.33,13248.33,2023-06-13,2023-06-24,1.0,pagado_aproximadamente_completo
C900027,59606.4,Contratación Directa,2024-09-25,goods,Adquisición de materiales de construcción,2,59606.4,59606.4,2024-11-01,2024-12-02,1.0,pagado_aproximadamente_completo
C001899,73507.64,Contratación Directa,2024-05-01,works,Obra de rehabilitación vial,2,73507.64,73507.64,2024-06-09,2024-06-20,1.0,pagado_aproximadamente_completo
C000562,51204.29,Adjudicación Simplificada,2024-02-01,services,Servicio de transporte,3,51204.29,51204.29,2024-03-07,2024-04-24,1.0,pagado_aproximadamente_completo
C900051,66755.29,Contratación Directa,2026-01-03,goods,Adquisición de bienes de oficina,2,66755.29,66755.29,2026-02-14,2026-02-28,1.0,pagado_aproximadamente_completo
C002734,27661.13,Adjudicación Simplificada,2026-01-25,goods,Adquisición de materiales de construcción,1,23950.99,23950.99,2026-02-10,2026-02-24,0.8658717123993127,pago_parcial
C003005,176234.15,Licitación Pública,2024-05-25,works,Obra de rehabilitación vial,3,176234.15,176234.15000000002,2024-06-25,2024-08-02,1.0000000000000002,pagado_aproximadamente_completo
C000189,41157.38,Contratación Directa,2025-07-24,services,Servicio de mantenimiento de infraestructura,3,41157.380000000005,41157.38,2025-08-14,2025-09-29,1.0,pagado_aproximadamente_completo
C001806,121603.87,Comparación de Precios,2023-09-06,works,Obra de rehabilitación vial,2,121603.87,121603.87000000001,2023-09-18,2023-11-21,1.0000000000000002,pagado_aproximadamente_completo
C000975,91514.08,Licitación Pública,2023-10-27,goods,Adquisición de materiales de construcción,3,91514.07999999999,91514.08,2023-11-23,2024-01-21,1.0,pagado_aproximadamente_completo
C002747,23137.64,Licitación Pública,2024-03-25,goods,Adquisición de bienes de oficina,1,23137.64,23137.64,2024-03-30,2024-04-09,1.0,pagado_aproximadamente_completo
C700047,293729.0,Licitación Pública,2024-04-10,services,,1,144973.65,0.0,2024-05-20,,0.0,pendiente_sin_pago
C002047,34302.63,Adjudicación Simplificada,2025-01-08,services,Servicio de transporte,2,34302.630000000005,34302.630000000005,2025-02-10,2025-02-21,1.0000000000000002,pagado_aproximadamente_completo
C002558,,Licitación Pública,2025-12-30,goods,Adquisición de materiales de construcción,2,62185.649999999994,62185.649999999994,2026-02-08,2026-02-22,,sin_pago_o_sin_cuantia
C001082,22877.81,Adjudicación Simplificada,2024-07-08,services,Servicio de limpieza y vigilancia,1,22877.81,22877.81,2024-07-31,2024-08-14,1.0,pagado_aproximadamente_completo
C000474,27315.81,Comparación de Precios,2026-02-20,services,Consultoría en ingeniería,3,27315.81,27315.81,2026-04-05,2026-05-28,1.0,pagado_aproximadamente_completo
C900021,417584.19,Contratación Directa,2026-03-27,services,Servicio de limpieza y vigilancia,3,417584.18999999994,417584.19,2026-04-22,2026-06-04,1.0,pagado_aproximadamente_completo
C002904,38447.71,Comparación de Precios,2023-09-20,goods,Adquisición de bienes de oficina,1,38447.71,38447.71,2023-10-07,2023-10-17,1.0,pagado_aproximadamente_completo
C000747,57655.73,Licitación Pública,2023-02-03,services,Servicio de transporte,3,57655.729999999996,57655.73,2023-03-05,2023-04-12,1.0,pagado_aproximadamente_completo
C002300,43139.75,Adjudicación Simplificada,2024-02-09,services,,2,43139.75,43139.75,2024-03-02,2024-03-29,1.0,pagado_aproximadamente_completo
C000021,19684.53,,2024-06-15,works,Obra de rehabilitación vial,3,19684.53,19684.53,2024-07-16,2024-09-24,1.0,pagado_aproximadamente_completo
C003385,72198.49,Adjudicación Simplificada,2025-10-02,goods,Adquisición de materiales de construcción,1,72198.49,72198.49,2025-11-02,2025-11-24,1.0,pagado_aproximadamente_completo
C000459,71182.85,Adjudicación Simplificada,2024-04-15,services,Servicio de transporte,2,71182.85,71182.85,2024-04-30,2024-05-28,1.0,pagado_aproximadamente_completo
C001184,56524.54,Adjudicación Simplificada,2023-11-29,goods,Adquisición de bienes de oficina,2,56524.54,56524.53999999999,2023-12-05,2024-03-13,0.9999999999999999,pagado_aproximadamente_completo
C002324,137465.52,Adjudicación Simplificada,2024-06-24,services,Servicio de capacitación,2,137465.52,137465.52,2024-07-18,2024-08-04,1.0,pagado_aproximadamente_completo
C000955,41663.85,Adjudicación Simplificada,2025-11-18,services,Servicio de limpieza y vigilancia,2,26674.65,26674.65,2025-12-14,2026-01-02,0.6402348798778797,pago_parcial
C001215,22339.8,Licitación Pública,2023-12-20,services,Servicio de transporte,1,22339.8,22339.8,2024-01-09,2024-01-26,1.0,pagado_aproximadamente_completo
C002433,37279.42,Adjudicación Simplificada,2023-05-31,goods,Suministro de combustible,1,29296.5,29296.5,2023-07-11,2023-07-31,0.7858625482907191,pago_parcial
C002853,88053.73,Comparación de Precios,2024-03-18,goods,Adquisición de equipos informáticos,3,88053.73,88053.73,2024-04-14,2024-06-02,1.0,pagado_aproximadamente_completo
C003485,67169.54,Adjudicación Simplificada,2024-05-07,services,Consultoría en ingeniería,1,67169.54,67169.54,2024-06-10,2024-09-13,1.0,pagado_aproximadamente_completo
C001515,36265.07,Adjudicación Simplificada,2024-12-21,works,Obra de rehabilitación vial,2,36265.07,36265.07,2025-01-04,2025-02-27,1.0,pagado_aproximadamente_completo
C002391,52767.62,Comparación de Precios,2025-03-03,goods,Adquisición de equipos informáticos,3,52767.619999999995,52767.62,2025-03-27,2025-06-10,1.0,pagado_aproximadamente_completo
C000769,31286.45,Contratación Directa,2025-05-08,goods,Adquisición de materiales de construcción,1,31286.45,31286.45,2025-06-05,2025-06-26,1.0,pagado_aproximadamente_completo
C003380,85485.71,Adjudicación Simplificada,2025-07-14,goods,Suministro de combustible,3,85485.70999999999,85485.71,2025-08-14,2025-09-22,1.0,pagado_aproximadamente_completo
C001685,49222.02,Licitación Pública,2026-03-23,services,Servicio de transporte,3,49222.020000000004,49222.02,2026-04-09,2026-06-03,1.0,pagado_aproximadamente_completo
C000130,44388.48,Adjudicación Simplificada,2025-12-27,services,Servicio de transporte,3,44388.48,44388.479999999996,2026-01-01,2026-03-01,0.9999999999999999,pagado_aproximadamente_completo
C002919,172342.9,Adjudicación Simplificada,2025-07-26,goods,Adquisición de bienes de oficina,1,143019.52,143019.52,2025-08-14,2025-08-16,0.8298544355468082,pago_parcial
C003171,137523.07,Comparación de Precios,2023-07-11,works,Obra de rehabilitación vial,1,137523.07,137523.07,2023-08-25,2023-08-29,1.0,pagado_aproximadamente_completo
C003444,307966.86,Licitación Pública,2024-08-06,services,Servicio de capacitación,2,307966.86000000004,307966.86,2024-09-09,2024-10-12,1.0,pagado_aproximadamente_completo
C002135,303311.05,Licitación Pública,2023-08-13,goods,Adquisición de materiales de construcción,2,303311.05,303311.05000000005,2023-08-28,2023-10-18,1.0000000000000002,pagado_aproximadamente_completo
C001482,11373.12,Concurso Público,2025-03-20,services,Servicio de limpieza y vigilancia,1,11373.12,11373.12,2025-04-24,2025-05-14,1.0,pagado_aproximadamente_completo
C000330,185730.56,Comparación de Precios,2023-09-27,goods,Adquisición de equipos informáticos,1,185730.56,185730.56,2023-10-04,2023-10-21,1.0,pagado_aproximadamente_completo
C001238,49642.41,Licitación Pública,2023-03-24,goods,Adquisición de materiales de construcción,3,49642.409999999996,49642.409999999996,2023-04-17,2023-07-07,0.9999999999999999,pagado_aproximadamente_completo
C000466,75682.21,Comparación de Precios,2025-12-10,goods,Adquisición de equipos informáticos,1,75682.21,75682.21,2025-12-20,2026-01-16,1.0,pagado_aproximadamente_completo
C002169,569154.64,Concurso Público,2024-03-17,goods,Suministro de combustible,3,569154.64,569154.64,2024-04-14,2024-05-21,1.0,pagado_aproximadamente_completo
C001638,41560.36,Comparación de Precios,2024-10-15,goods,Adquisición de equipos informáticos,3,41560.36,41560.36,2024-10-24,2024-12-31,1.0,pagado_aproximadamente_completo
C003092,81797.21,Concurso Público,2025-12-10,goods,Adquisición de materiales de construcción,3,81797.21,81797.20999999999,2025-12-23,2026-02-23,0.9999999999999998,pagado_aproximadamente_completo
C001095,67903.04,Adjudicación Simplificada,2026-04-05,services,Servicio de limpieza y vigilancia,1,59415.94,59415.94,2026-04-10,2026-04-22,0.8750114869672994,pago_parcial
C001130,115149.46,Adjudicación Simplificada,2026-02-25,services,Servicio de capacitación,3,115149.45999999999,115149.45999999999,2026-03-02,2026-05-13,0.9999999999999999,pagado_aproximadamente_completo
C001294,26600.99,Adjudicación Simplificada,2025-07-30,works,Obra de rehabilitación vial,1,26600.99,26600.99,2025-09-06,2025-09-24,1.0,pagado_aproximadamente_completo
C000860,44163.74,Contratación Directa,2025-11-02,services,Servicio de capacitación,1,44163.74,44163.74,2025-11-16,2025-12-14,1.0,pagado_aproximadamente_completo
C700007,414676.31,Adjudicación Simplificada,2026-02-28,services,Servicio de capacitación,2,414676.30999999994,414676.31000000006,2026-03-28,2026-04-20,1.0000000000000002,pagado_aproximadamente_completo
C003174,72058.19,Adjudicación Simplificada,2023-07-31,services,Servicio de mantenimiento de infraestructura,1,72058.19,72058.19,2023-09-10,2023-09-21,1.0,pagado_aproximadamente_completo
