id_proveedor,id_entidad,n_contratos,monto_total,monto_promedio,n_objetos_unicos,pct_no_competitiva,n_funcionarios_distintos,label_favoritismo_real,dias_actividad,concentracion_objeto,contratos_por_mes,monto_por_funcionario
P0000,E00,1,110530.22,110530.22,1,0.0,1,False,1,0.0,30.0,110530.22
P0000,E01,1,66163.37,66163.37,1,0.0,1,False,1,0.0,30.0,66163.37
P0000,E03,2,98400.69,49200.345,2,0.5,1,False,851,0.0,0.07050528789659224,98400.69
P0000,E05,1,96185.54,96185.54,1,0.0,1,False,1,0.0,30.0,96185.54
P0000,E07,2,148478.24,74239.12,2,0.0,2,False,367,0.0,0.16348773841961853,74239.12
P0000,E08,1,61530.634999999995,61530.634999999995,1,1.0,1,False,1,0.0,30.0,61530.634999999995
P0000,E11,1,189925.64,189925.64,1,0.0,1,False,1,0.0,30.0,189925.64
P0000,E13,1,133902.39,133902.39,1,0.0,1,False,1,0.0,30.0,133902.39
P0000,E15,11,2407293.7199999997,218844.8836363636,1,1.0,1,True,785,0.9090909090909091,0.4203821656050955,2407293.7199999997
P0001,E02,2,112214.89,56107.445,2,0.0,2,False,826,0.0,0.07263922518159806,56107.445
P0001,E04,1,43190.54,43190.54,1,0.0,1,False,1,0.0,30.0,43190.54
P0001,E05,1,41101.01,41101.01,1,0.0,1,False,1,0.0,30.0,41101.01
P0001,E10,1,61530.634999999995,61530.634999999995,1,0.0,1,False,1,0.0,30.0,61530.634999999995
P0001,E12,2,285462.27,142731.135,2,1.0,2,False,510,0.0,0.11764705882352941,142731.135
P0001,E13,3,93837.26999999999,31279.089999999997,3,0.0,2,False,890,0.0,0.10112359550561797,46918.634999999995
P0001,E15,1,141863.28,141863.28,1,0.0,1,False,1,0.0,30.0,141863.28
P0001,E16,1,61898.21,61898.21,1,1.0,1,False,1,0.0,30.0,61898.21
P0001,E17,2,845391.66,422695.83,2,0.5,2,False,197,0.0,0.30456852791878175,422695.83
P0002,E04,1,147615.68,147615.68,1,0.0,1,False,1,0.0,30.0,147615.68
P0002,E09,1,65727.925,65727.925,1,1.0,1,False,1,0.0,30.0,65727.925
P0002,E10,1,49616.81,49616.81,1,1.0,1,False,1,0.0,30.0,49616.81
P0002,E11,1,38467.63,38467.63,1,1.0,1,False,1,0.0,30.0,38467.63
P0002,E14,3,221899.22,73966.40666666666,2,0.3333333333333333,1,False,289,0.33333333333333337,0.31141868512110726,221899.22
P0002,E15,1,319451.02,319451.02,1,0.0,1,False,1,0.0,30.0,319451.02
P0002,E16,1,118009.92,118009.92,1,0.0,1,False,1,0.0,30.0,118009.92
P0002,E17,1,43336.93,43336.93,1,0.0,1,False,1,0.0,30.0,43336.93
P0003,E01,3,236889.95,78963.31666666667,3,0.3333333333333333,3,False,282,0.0,0.3191489361702127,78963.31666666667
P0003,E04,1,353408.29,353408.29,1,1.0,1,False,1,0.0,30.0,353408.29
P0003,E06,1,25585.99,25585.99,1,1.0,1,False,1,0.0,30.0,25585.99
P0003,E07,1,57673.14,57673.14,1,0.0,1,False,1,0.0,30.0,57673.14
P0003,E08,1,224338.2,224338.2,1,0.0,1,False,1,0.0,30.0,224338.2
P0003,E11,1,60323.66,60323.66,1,1.0,1,False,1,0.0,30.0,60323.66
P0003,E12,2,121665.805,60832.9025,2,0.5,2,False,91,0.0,0.6593406593406593,60832.9025
P0003,E13,1,61530.634999999995,61530.634999999995,1,1.0,1,False,1,0.0,30.0,61530.634999999995
P0003,E14,2,123980.36,61990.18,2,1.0,2,False,223,0.0,0.26905829596412556,61990.18
P0003,E16,3,163788.33000000002,54596.11000000001,3,0.6666666666666666,2,False,601,0.0,0.14975041597337768,81894.16500000001
P0003,E17,3,243964.62,81321.54,2,0.3333333333333333,2,False,779,0.33333333333333337,0.11553273427471118,121982.31
P0004,E01,3,782654.31,260884.77000000002,2,0.0,2,False,227,0.33333333333333337,0.39647577092511016,391327.155
P0004,E02,1,28840.44,28840.44,1,1.0,1,False,1,0.0,30.0,28840.44
P0004,E04,1,19062.9,19062.9,1,0.0,1,False,1,0.0,30.0,19062.9
P0004,E06,3,262962.02,87654.00666666667,3,0.3333333333333333,2,False,455,0.0,0.19780219780219782,131481.01
P0004,E08,1,27855.56,27855.56,1,0.0,1,False,1,0.0,30.0,27855.56
P0004,E09,2,245216.87,122608.435,2,0.5,1,False,633,0.0,0.0947867298578199,245216.87
P0004,E10,1,88732.09,88732.09,1,1.0,1,False,1,0.0,30.0,88732.09
P0004,E12,1,78177.42,78177.42,1,0.0,1,False,1,0.0,30.0,78177.42
P0004,E13,1,62081.46,62081.46,1,0.0,1,False,1,0.0,30.0,62081.46
P0004,E14,1,28022.65,28022.65,1,0.0,1,False,1,0.0,30.0,28022.65
P0004,E15,2,173192.835,86596.4175,2,1.0,1,False,282,0.0,0.2127659574468085,173192.835
P0004,E16,2,201285.57,100642.785,2,0.0,2,False,239,0.0,0.2510460251046025,100642.785
P0004,E17,1,49612.85,49612.85,1,0.0,1,False,1,0.0,30.0,49612.85
P0005,E00,3,230116.7,76705.56666666667,3,0.3333333333333333,2,False,876,0.0,0.10273972602739727,115058.35
P0005,E01,2,100444.91,50222.455,2,0.0,2,False,527,0.0,0.11385199240986718,50222.455
P0005,E02,1,290312.08,290312.08,1,1.0,1,False,1,0.0,30.0,290312.08
P0005,E03,1,301336.37,301336.37,1,0.0,1,False,1,0.0,30.0,301336.37
P0005,E04,1,1103772.76,1103772.76,1,0.0,1,False,1,0.0,30.0,1103772.76
P0005,E05,2,509293.63,254646.815,2,0.5,2,False,259,0.0,0.23166023166023167,254646.815
P0005,E06,1,24484.43,24484.43,1,1.0,1,False,1,0.0,30.0,24484.43
P0005,E07,1,63722.07,63722.07,1,0.0,1,False,1,0.0,30.0,63722.07
P0005,E11,4,434465.43,108616.3575,4,0.25,3,False,1070,0.0,0.11214953271028039,144821.81
P0005,E12,2,135454.41,67727.205,2,0.5,2,False,778,0.0,0.07712082262210797,67727.205
P0005,E13,1,61530.634999999995,61530.634999999995,1,1.0,1,False,1,0.0,30.0,61530.634999999995
P0005,E17,1,449282.15,449282.15,1,1.0,1,False,1,0.0,30.0,449282.15
P0006,E00,1,81802.77,81802.77,1,0.0,1,False,1,0.0,30.0,81802.77
P0006,E04,2,152297.19,76148.595,2,0.0,2,False,396,0.0,0.15151515151515152,76148.595
P0006,E05,1,87056.99,87056.99,1,0.0,1,False,1,0.0,30.0,87056.99
P0006,E07,1,28673.69,28673.69,1,0.0,1,False,1,0.0,30.0,28673.69
P0006,E08,1,56397.34,56397.34,1,1.0,1,False,1,0.0,30.0,56397.34
P0006,E10,2,75483.28,37741.64,2,0.5,2,False,424,0.0,0.14150943396226415,37741.64
P0006,E11,2,512548.79000000004,256274.39500000002,2,0.0,2,False,823,0.0,0.07290400972053462,256274.39500000002
P0006,E12,1,254311.43,254311.43,1,0.0,1,False,1,0.0,30.0,254311.43
P0006,E13,1,89083.4,89083.4,1,1.0,1,False,1,0.0,30.0,89083.4
P0006,E15,1,35207.82,35207.82,1,0.0,1,False,1,0.0,30.0,35207.82
P0006,E16,1,50030.52,50030.52,1,0.0,1,False,1,0.0,30.0,50030.52
P0006,E17,1,83226.22,83226.22,1,0.0,1,False,1,0.0,30.0,83226.22
P0007,E01,1,61530.634999999995,61530.634999999995,1,0.0,1,False,1,0.0,30.0,61530.634999999995
P0007,E05,1,15947.59,15947.59,1,0.0,1,False,1,0.0,30.0,15947.59
P0007,E07,2,49395.990000000005,24697.995000000003,2,0.0,2,False,672,0.0,0.08928571428571429,24697.995000000003
P0007,E08,1,129556.75,129556.75,1,1.0,1,False,1,0.0,30.0,129556.75
P0007,E09,3,708128.08,236042.69333333333,2,0.6666666666666666,2,False,410,0.33333333333333337,0.21951219512195122,354064.04
P0007,E10,1,14944.71,14944.71,1,0.0,1,False,1,0.0,30.0,14944.71
P0007,E11,1,9216.79,9216.79,1,0.0,1,False,1,0.0,30.0,9216.79
P0007,E15,1,282064.36,282064.36,1,0.0,1,False,1,0.0,30.0,282064.36
P0007,E17,1,112635.21,112635.21,1,0.0,1,False,1,0.0,30.0,112635.21
P0008,E00,2,122075.64,61037.82,2,0.5,2,False,760,0.0,0.07894736842105264,61037.82
P0008,E02,1,7259.38,7259.38,1,0.0,1,False,1,0.0,30.0,7259.38
P0008,E04,2,110118.05,55059.025,1,0.5,1,False,314,0.5,0.19108280254777069,110118.05
P0008,E05,2,70674.66,35337.33,2,0.5,1,False,1136,0.0,0.0528169014084507,70674.66
P0008,E06,1,175554.64,175554.64,1,0.0,1,False,1,0.0,30.0,175554.64
P0008,E07,1,105894.74,105894.74,1,1.0,1,False,1,0.0,30.0,105894.74
P0008,E08,1,13385.94,13385.94,1,1.0,1,False,1,0.0,30.0,13385.94
P0008,E09,1,69491.42,69491.42,1,0.0,1,False,1,0.0,30.0,69491.42
P0008,E12,2,221665.81,110832.905,2,1.0,2,False,865,0.0,0.06936416184971099,110832.905
P0008,E13,2,116406.25,58203.125,2,0.5,1,False,204,0.0,0.29411764705882354,116406.25
P0008,E14,1,441735.19,441735.19,1,0.0,1,False,1,0.0,30.0,441735.19
P0008,E15,6,560231.965,93371.99416666666,2,0.0,1,False,1170,0.6666666666666667,0.15384615384615385,560231.965
P0008,E17,2,433081.06,216540.53,2,0.0,1,False,684,0.0,0.08771929824561403,433081.06
P0009,E01,1,22842.12,22842.12,1,0.0,1,False,1,0.0,30.0,22842.12
P0009,E02,1,20910.34,20910.34,1,1.0,1,False,1,0.0,30.0,20910.34
P0009,E03,2,138082.03,69041.015,2,0.0,1,False,71,0.0,0.8450704225352113,138082.03
P0009,E04,1,17372.87,17372.87,1,0.0,1,False,1,0.0,30.0,17372.87
P0009,E06,1,15912.97,15912.97,1,0.0,1,False,1,0.0,30.0,15912.97
P0009,E08,1,175542.31,175542.31,1,0.0,1,False,1,0.0,30.0,175542.31
P0009,E10,1,139237.87,139237.87,1,1.0,1,False,1,0.0,30.0,139237.87
P0009,E12,1,490479.88,490479.88,1,1.0,1,False,1,0.0,30.0,490479.88
P0009,E16,3,240006.72,80002.24,3,0.3333333333333333,2,False,170,0.0,0.5294117647058824,120003.36
P0009,E17,1,63385.55,63385.55,1,1.0,1,False,1,0.0,30.0,63385.55
P0010,E00,1,27244.19,27244.19,1,1.0,1,False,1,0.0,30.0,27244.19
P0010,E02,1,90886.87,90886.87,1,1.0,1,False,1,0.0,30.0,90886.87
P0010,E03,2,125750.24,62875.12,2,0.0,1,False,78,0.0,0.7692307692307692,125750.24
P0010,E04,1,36619.8,36619.8,1,0.0,1,False,1,0.0,30.0,36619.8
P0010,E09,2,182859.21000000002,91429.60500000001,2,0.0,2,False,746,0.0,0.08042895442359249,91429.60500000001
P0010,E13,1,32674.83,32674.83,1,1.0,1,False,1,0.0,30.0,32674.83
P0010,E14,1,96432.92,96432.92,1,0.0,1,False,1,0.0,30.0,96432.92
P0011,E00,2,136390.88999999998,68195.44499999999,2,1.0,1,False,622,0.0,0.09646302250803858,136390.88999999998
P0011,E01,2,127126.33,63563.165,2,0.5,1,False,41,0.0,1.4634146341463414,127126.33
P0011,E02,1,55858.31,55858.31,1,0.0,1,False,1,0.0,30.0,55858.31
P0011,E03,2,169044.93,84522.465,2,0.0,1,False,30,0.0,2.0,169044.93
P0011,E04,2,168590.04,84295.02,2,0.5,1,False,573,0.0,0.10471204188481674,168590.04
P0011,E06,1,126503.44,126503.44,1,1.0,1,False,1,0.0,30.0,126503.44
P0011,E08,1,97929.8,97929.8,1,0.0,1,False,1,0.0,30.0,97929.8
P0011,E09,1,25756.8,25756.8,1,0.0,1,False,1,0.0,30.0,25756.8
P0011,E11,1,272785.24,272785.24,1,1.0,1,False,1,0.0,30.0,272785.24
P0011,E12,1,41962.57,41962.57,1,0.0,1,False,1,0.0,30.0,41962.57
P0011,E16,1,54618.11,54618.11,1,0.0,1,False,1,0.0,30.0,54618.11
P0011,E17,1,46335.85,46335.85,1,1.0,1,False,1,0.0,30.0,46335.85
P0012,E00,2,138666.62,69333.31,2,0.5,2,False,72,0.0,0.8333333333333334,69333.31
P0012,E01,1,125407.79,125407.79,1,1.0,1,False,1,0.0,30.0,125407.79
P0012,E02,3,226475.74,75491.91333333333,3,0.3333333333333333,1,False,344,0.0,0.2616279069767442,226475.74
P0012,E03,1,159051.4,159051.4,1,0.0,1,False,1,0.0,30.0,159051.4
P0012,E05,1,103765.88,103765.88,1,1.0,1,False,1,0.0,30.0,103765.88
P0012,E06,2,137874.13,68937.065,2,0.0,1,False,180,0.0,0.3333333333333333,137874.13
P0012,E08,1,11542.21,11542.21,1,1.0,1,False,1,0.0,30.0,11542.21
P0012,E11,1,162095.13,162095.13,1,1.0,1,False,1,0.0,30.0,162095.13
P0012,E12,2,204115.93,102057.965,2,0.5,1,False,491,0.0,0.12219959266802444,204115.93
P0012,E15,1,77796.36,77796.36,1,1.0,1,False,1,0.0,30.0,77796.36
P0013,E01,2,112348.18,56174.09,2,0.5,2,False,553,0.0,0.10849909584086799,56174.09
P0013,E02,1,26023.13,26023.13,1,0.0,1,False,1,0.0,30.0,26023.13
P0013,E06,1,24086.94,24086.94,1,1.0,1,False,1,0.0,30.0,24086.94
P0013,E08,1,30144.36,30144.36,1,1.0,1,False,1,0.0,30.0,30144.36
P0013,E09,2,58287.270000000004,29143.635000000002,2,0.5,1,False,620,0.0,0.0967741935483871,58287.270000000004
P0013,E10,1,351711.88,351711.88,1,1.0,1,False,1,0.0,30.0,351711.88
P0013,E16,2,173497.77000000002,86748.88500000001,2,0.5,1,False,851,0.0,0.07050528789659224,173497.77000000002
P0014,E00,1,56397.34,56397.34,1,0.0,1,False,1,0.0,30.0,56397.34
P0014,E01,3,399755.7,133251.9,2,0.3333333333333333,2,False,291,0.33333333333333337,0.30927835051546393,199877.85
P0014,E04,1,56397.34,56397.34,1,0.0,1,False,1,0.0,30.0,56397.34
P0014,E06,2,83705.13,41852.565,2,0.0,2,False,84,0.0,0.7142857142857143,41852.565
P0014,E07,1,820913.83,820913.83,1,1.0,1,False,1,0.0,30.0,820913.83
P0014,E09,1,60060.55,60060.55,1,0.0,1,False,1,0.0,30.0,60060.55
P0014,E10,2,125722.98999999999,62861.494999999995,2,0.0,1,False,416,0.0,0.14423076923076922,125722.98999999999
P0014,E11,2,466881.13999999996,233440.56999999998,2,0.0,2,False,62,0.0,0.9677419354838709,233440.56999999998
P0014,E12,1,61712.8,61712.8,1,0.0,1,False,1,0.0,30.0,61712.8
P0014,E14,1,72370.27,72370.27,1,1.0,1,False,1,0.0,30.0,72370.27
P0014,E15,1,122149.07,122149.07,1,0.0,1,False,1,0.0,30.0,122149.07
P0015,E00,1,33601.66,33601.66,1,1.0,1,False,1,0.0,30.0,33601.66
P0015,E04,1,175930.33,175930.33,1,0.0,1,False,1,0.0,30.0,175930.33
P0015,E06,2,260582.0,130291.0,2,0.5,2,False,78,0.0,0.7692307692307692,130291.0
P0015,E09,1,12735.74,12735.74,1,1.0,1,False,1,0.0,30.0,12735.74
P0015,E10,1,187490.0,187490.0,1,0.0,1,False,1,0.0,30.0,187490.0
P0015,E11,2,166591.9,83295.95,2,0.0,2,False,329,0.0,0.182370820668693,83295.95
P0015,E12,2,141215.66999999998,70607.83499999999,2,0.5,2,False,191,0.0,0.31413612565445026,70607.83499999999
P0015,E15,1,20452.55,20452.55,1,0.0,1,False,1,0.0,30.0,20452.55
P0015,E16,2,108852.45,54426.225,2,0.5,2,False,972,0.0,0.0617283950617284,54426.225
P0016,E00,2,146819.58000000002,73409.79000000001,2,0.5,2,False,303,0.0,0.19801980198019803,73409.79000000001
P0016,E01,1,83090.75,83090.75,1,1.0,1,False,1,0.0,30.0,83090.75
P0016,E02,1,61530.634999999995,61530.634999999995,1,1.0,1,False,1,0.0,30.0,61530.634999999995
P0016,E04,2,65314.61,32657.305,2,0.0,2,False,368,0.0,0.16304347826086957,32657.305
P0016,E09,1,15846.46,15846.46,1,1.0,1,False,1,0.0,30.0,15846.46
P0016,E10,1,64683.825,64683.825,1,0.0,1,False,1,0.0,30.0,64683.825
P0016,E12,2,160605.87,80302.935,2,0.0,2,False,664,0.0,0.09036144578313253,80302.935
P0016,E14,1,138083.65,138083.65,1,0.0,1,False,1,0.0,30.0,138083.65
P0016,E15,5,562355.9,112471.18000000001,5,0.6,1,False,562,0.0,0.2669039145907473,562355.9
P0016,E16,1,28740.17,28740.17,1,0.0,1,False,1,0.0,30.0,28740.17
P0016,E17,1,24202.33,24202.33,1,0.0,1,False,1,0.0,30.0,24202.33
P0017,E00,2,91868.99,45934.495,2,0.5,2,False,19,0.0,3.1578947368421053,45934.495
P0017,E02,2,175301.06,87650.53,2,1.0,1,False,387,0.0,0.15503875968992248,175301.06
P0017,E03,1,30509.32,30509.32,1,1.0,1,False,1,0.0,30.0,30509.32
P0017,E05,3,481623.26,160541.08666666667,3,0.0,3,False,538,0.0,0.16728624535315986,160541.08666666667
P0017,E08,1,16153.15,16153.15,1,0.0,1,False,1,0.0,30.0,16153.15
P0017,E09,2,124030.85999999999,62015.42999999999,2,0.5,2,False,33,0.0,1.8181818181818181,62015.42999999999
P0017,E15,1,53062.8,53062.8,1,0.0,1,False,1,0.0,30.0,53062.8
P0018,E01,1,22026.8,22026.8,1,0.0,1,False,1,0.0,30.0,22026.8
P0018,E04,1,46690.02,46690.02,1,1.0,1,False,1,0.0,30.0,46690.02
P0018,E05,1,259385.92,259385.92,1,1.0,1,False,1,0.0,30.0,259385.92
P0018,E06,1,160049.75,160049.75,1,1.0,1,False,1,0.0,30.0,160049.75
P0018,E07,1,165077.98,165077.98,1,0.0,1,False,1,0.0,30.0,165077.98
P0018,E08,1,106583.1,106583.1,1,1.0,1,False,1,0.0,30.0,106583.1
P0018,E09,1,41753.99,41753.99,1,0.0,1,False,1,0.0,30.0,41753.99
P0018,E10,3,195862.21,65287.40333333333,3,0.0,2,False,209,0.0,0.43062200956937796,97931.105
P0018,E11,2,505185.68000000005,252592.84000000003,2,0.0,2,False,846,0.0,0.07092198581560284,252592.84000000003
P0018,E13,2,110669.84,55334.92,2,1.0,1,False,831,0.0,0.07220216606498195,110669.84
P0018,E17,1,21837.16,21837.16,1,1.0,1,False,1,0.0,30.0,21837.16
P0019,E00,3,328002.69,109334.23,3,0.0,2,False,242,0.0,0.37190082644628103,164001.345
P0019,E01,2,22662.33,11331.165,2,0.5,2,False,1164,0.0,0.051546391752577324,11331.165
P0019,E03,1,72129.32,72129.32,1,0.0,1,False,1,0.0,30.0,72129.32
P0019,E04,1,79470.59,79470.59,1,0.0,1,False,1,0.0,30.0,79470.59
P0019,E05,1,44680.65,44680.65,1,0.0,1,False,1,0.0,30.0,44680.65
P0019,E09,1,88735.54,88735.54,1,1.0,1,False,1,0.0,30.0,88735.54
P0019,E13,4,178395.64,44598.91,3,0.25,3,False,931,0.25,0.12889366272824918,59465.21333333334
P0019,E16,1,30603.2,30603.2,1,0.0,1,False,1,0.0,30.0,30603.2
P0020,E02,1,40958.86,40958.86,1,1.0,1,False,1,0.0,30.0,40958.86
P0020,E03,1,127118.14,127118.14,1,0.0,1,False,1,0.0,30.0,127118.14
P0020,E05,2,181959.37,90979.685,2,0.0,2,False,412,0.0,0.14563106796116507,90979.685
P0020,E07,1,68455.2,68455.2,1,0.0,1,False,1,0.0,30.0,68455.2
P0020,E08,2,38649.42,19324.71,2,1.0,2,False,714,0.0,0.08403361344537814,19324.71
P0020,E09,1,36321.02,36321.02,1,0.0,1,False,1,0.0,30.0,36321.02
P0020,E12,1,83836.5,83836.5,1,0.0,1,False,1,0.0,30.0,83836.5
P0020,E13,2,134924.51,67462.255,2,0.5,1,False,82,0.0,0.7317073170731707,134924.51
P0020,E14,1,136697.46,136697.46,1,0.0,1,False,1,0.0,30.0,136697.46
P0020,E17,1,22079.78,22079.78,1,0.0,1,False,1,0.0,30.0,22079.78
P0021,E02,1,56397.34,56397.34,1,0.0,1,False,1,0.0,30.0,56397.34
P0021,E03,1,67990.13,67990.13,1,0.0,1,False,1,0.0,30.0,67990.13
P0021,E07,1,63108.58,63108.58,1,0.0,1,False,1,0.0,30.0,63108.58
P0021,E09,1,71922.34,71922.34,1,1.0,1,False,1,0.0,30.0,71922.34
P0021,E12,2,506119.82,253059.91,2,0.0,2,False,305,0.0,0.19672131147540986,253059.91
P0021,E13,2,589090.74,294545.37,2,1.0,2,False,621,0.0,0.0966183574879227,294545.37
P0021,E14,1,79198.09,79198.09,1,1.0,1,False,1,0.0,30.0,79198.09
P0021,E16,1,94317.34,94317.34,1,1.0,1,False,1,0.0,30.0,94317.34
P0021,E17,1,28738.0,28738.0,1,1.0,1,False,1,0.0,30.0,28738.0
P0022,E00,2,463245.0,231622.5,2,0.0,2,False,626,0.0,0.09584664536741214,231622.5
P0022,E02,1,43781.11,43781.11,1,0.0,1,False,1,0.0,30.0,43781.11
P0022,E03,2,96651.76000000001,48325.880000000005,2,0.0,1,False,241,0.0,0.24896265560165975,96651.76000000001
P0022,E06,1,127243.15,127243.15,1,1.0,1,False,1,0.0,30.0,127243.15
P0022,E07,1,17034.85,17034.85,1,1.0,1,False,1,0.0,30.0,17034.85
P0022,E08,1,434201.27,434201.27,1,1.0,1,False,1,0.0,30.0,434201.27
P0022,E10,1,65943.58,65943.58,1,0.0,1,False,1,0.0,30.0,65943.58
P0022,E12,2,108870.01000000001,54435.005000000005,2,0.0,2,False,581,0.0,0.10327022375215146,54435.005000000005
P0022,E15,1,40153.1,40153.1,1,0.0,1,False,1,0.0,30.0,40153.1
P0022,E16,1,61827.76,61827.76,1,1.0,1,False,1,0.0,30.0,61827.76
P0022,E17,1,57864.52,57864.52,1,0.0,1,False,1,0.0,30.0,57864.52
P0023,E02,3,541969.77,180656.59,3,0.0,2,False,485,0.0,0.18556701030927833,270984.885
P0023,E03,1,86060.84,86060.84,1,1.0,1,False,1,0.0,30.0,86060.84
P0023,E04,1,260931.86,260931.86,1,0.0,1,False,1,0.0,30.0,260931.86
P0023,E05,1,12505.02,12505.02,1,1.0,1,False,1,0.0,30.0,12505.02
P0023,E07,1,39287.54,39287.54,1,0.0,1,False,1,0.0,30.0,39287.54
P0023,E09,1,339447.29,339447.29,1,1.0,1,False,1,0.0,30.0,339447.29
P0023,E11,1,182595.69,182595.69,1,0.0,1,False,1,0.0,30.0,182595.69
P0023,E13,2,75470.97,37735.485,2,1.0,1,False,1234,0.0,0.04862236628849271,75470.97
P0023,E14,2,476032.98,238016.49,1,0.5,1,False,601,0.5,0.09983361064891846,476032.98
P0023,E15,2,394697.78,197348.89,1,0.5,1,False,1139,0.5,0.05267778753292361,394697.78
P0023,E17,1,172994.77,172994.77,1,0.0,1,False,1,0.0,30.0,172994.77
P0024,E01,2,135135.16,67567.58,2,1.0,1,False,820,0.0,0.07317073170731708,135135.16
P0024,E02,2,363874.62,181937.31,1,0.0,1,False,842,0.5,0.07125890736342043,363874.62
P0024,E03,1,4810.43,4810.43,1,0.0,1,False,1,0.0,30.0,4810.43
P0024,E04,1,40510.74,40510.74,1,1.0,1,False,1,0.0,30.0,40510.74
P0024,E06,1,36809.22,36809.22,1,0.0,1,False,1,0.0,30.0,36809.22
P0024,E08,1,61555.14,61555.14,1,0.0,1,False,1,0.0,30.0,61555.14
P0024,E09,3,165635.09,55211.69666666666,3,0.3333333333333333,3,False,550,0.0,0.16363636363636364,55211.69666666666
P0024,E10,1,12191.6,12191.6,1,0.0,1,False,1,0.0,30.0,12191.6
P0024,E11,1,33274.58,33274.58,1,1.0,1,False,1,0.0,30.0,33274.58
P0024,E13,1,155809.64,155809.64,1,0.0,1,False,1,0.0,30.0,155809.64
P0024,E14,2,351904.11,175952.055,2,0.0,2,False,466,0.0,0.12875536480686695,175952.055
P0024,E15,1,85472.9,85472.9,1,0.0,1,False,1,0.0,30.0,85472.9
P0024,E16,1,1047863.18,1047863.18,1,1.0,1,False,1,0.0,30.0,1047863.18
P0024,E17,1,30313.5,30313.5,1,0.0,1,False,1,0.0,30.0,30313.5
P0025,E01,2,110936.5,55468.25,2,1.0,1,False,30,0.0,2.0,110936.5
P0025,E02,1,46337.48,46337.48,1,1.0,1,False,1,0.0,30.0,46337.48
P0025,E03,4,152725.21,38181.3025,4,0.75,1,False,600,0.0,0.2,152725.21
P0025,E05,1,52773.03,52773.03,1,0.0,1,False,1,0.0,30.0,52773.03
P0025,E07,1,13813.52,13813.52,1,1.0,1,False,1,0.0,30.0,13813.52
P0025,E08,1,44816.67,44816.67,1,0.0,1,False,1,0.0,30.0,44816.67
P0025,E09,1,82172.97,82172.97,1,0.0,1,False,1,0.0,30.0,82172.97
P0025,E10,2,86314.3,43157.15,2,0.0,1,False,671,0.0,0.08941877794336811,86314.3
P0025,E11,1,59087.28,59087.28,1,0.0,1,False,1,0.0,30.0,59087.28
P0025,E13,1,213465.62,213465.62,1,1.0,1,False,1,0.0,30.0,213465.62
P0025,E15,2,126584.57999999999,63292.28999999999,2,0.0,1,False,816,0.0,0.07352941176470588,126584.57999999999
P0026,E00,1,145276.48,145276.48,1,1.0,1,False,1,0.0,30.0,145276.48
P0026,E04,1,20623.81,20623.81,1,0.0,1,False,1,0.0,30.0,20623.81
P0026,E05,2,93618.1,46809.05,2,0.5,2,False,266,0.0,0.22556390977443608,46809.05
P0026,E06,1,30028.98,30028.98,1,1.0,1,False,1,0.0,30.0,30028.98
P0026,E07,2,96425.41,48212.705,2,0.5,2,False,705,0.0,0.0851063829787234,48212.705
P0026,E15,2,81284.70999999999,40642.354999999996,2,0.5,1,False,414,0.0,0.14492753623188406,81284.70999999999
P0026,E16,1,4449.14,4449.14,1,0.0,1,False,1,0.0,30.0,4449.14
P0027,E01,2,212379.53999999998,106189.76999999999,2,0.0,2,False,826,0.0,0.07263922518159806,106189.76999999999
P0027,E02,1,192010.92,192010.92,1,1.0,1,False,1,0.0,30.0,192010.92
P0027,E05,1,167464.76,167464.76,1,1.0,1,False,1,0.0,30.0,167464.76
P0027,E08,1,86374.79,86374.79,1,0.0,1,False,1,0.0,30.0,86374.79
P0027,E09,1,12024.83,12024.83,1,1.0,1,False,1,0.0,30.0,12024.83
P0027,E10,4,264255.07,66063.7675,3,0.5,3,False,1108,0.25,0.10830324909747294,88085.02333333333
P0027,E11,1,90960.57,90960.57,1,0.0,1,False,1,0.0,30.0,90960.57
P0027,E12,1,66023.03,66023.03,1,0.0,1,False,1,0.0,30.0,66023.03
P0027,E16,1,32029.85,32029.85,1,0.0,1,False,1,0.0,30.0,32029.85
P0027,E17,1,36526.11,36526.11,1,0.0,1,False,1,0.0,30.0,36526.11
P0028,E02,3,124512.5,41504.166666666664,3,0.6666666666666666,3,False,231,0.0,0.38961038961038963,41504.166666666664
P0028,E05,1,277890.71,277890.71,1,1.0,1,False,1,0.0,30.0,277890.71
P0028,E08,1,293672.01,293672.01,1,0.0,1,False,1,0.0,30.0,293672.01
P0028,E09,1,119229.79,119229.79,1,0.0,1,False,1,0.0,30.0,119229.79
P0028,E11,2,141789.05,70894.525,2,0.0,2,False,306,0.0,0.19607843137254904,70894.525
P0028,E12,1,62466.22,62466.22,1,0.0,1,False,1,0.0,30.0,62466.22
P0028,E13,1,25659.06,25659.06,1,1.0,1,False,1,0.0,30.0,25659.06
P0028,E14,1,47274.27,47274.27,1,1.0,1,False,1,0.0,30.0,47274.27
P0028,E15,2,404353.97000000003,202176.98500000002,2,0.5,1,False,451,0.0,0.13303769401330376,404353.97000000003
P0028,E17,1,38130.48,38130.48,1,1.0,1,False,1,0.0,30.0,38130.48
P0029,E00,1,81958.24,81958.24,1,0.0,1,False,1,0.0,30.0,81958.24
P0029,E01,1,251451.69,251451.69,1,0.0,1,False,1,0.0,30.0,251451.69
P0029,E03,1,358935.71,358935.71,1,1.0,1,False,1,0.0,30.0,358935.71
P0029,E04,5,217407.27000000002,43481.454000000005,5,0.8,2,False,750,0.0,0.2,108703.63500000001
P0029,E05,1,19165.67,19165.67,1,0.0,1,False,1,0.0,30.0,19165.67
P0029,E08,1,86955.56,86955.56,1,0.0,1,False,1,0.0,30.0,86955.56
P0029,E10,1,51975.56,51975.56,1,0.0,1,False,1,0.0,30.0,51975.56
P0029,E12,1,61114.75,61114.75,1,0.0,1,False,1,0.0,30.0,61114.75
P0029,E13,1,16928.39,16928.39,1,0.0,1,False,1,0.0,30.0,16928.39
P0030,E00,1,86820.01,86820.01,1,1.0,1,False,1,0.0,30.0,86820.01
P0030,E03,1,198256.07,198256.07,1,0.0,1,False,1,0.0,30.0,198256.07
P0030,E06,1,73844.66,73844.66,1,0.0,1,False,1,0.0,30.0,73844.66
P0030,E07,3,184142.11,61380.70333333333,2,0.0,2,False,302,0.33333333333333337,0.2980132450331126,92071.055
P0030,E08,1,80693.2,80693.2,1,1.0,1,False,1,0.0,30.0,80693.2
P0030,E10,1,163321.56,163321.56,1,0.0,1,False,1,0.0,30.0,163321.56
P0030,E11,1,29578.67,29578.67,1,0.0,1,False,1,0.0,30.0,29578.67
P0030,E12,2,574308.12,287154.06,1,0.0,2,False,350,0.5,0.17142857142857143,287154.06
P0030,E13,3,98406.58499999999,32802.195,2,0.3333333333333333,2,False,632,0.33333333333333337,0.14240506329113925,49203.292499999996
P0030,E14,4,408090.89,102022.7225,4,0.25,2,False,622,0.0,0.19292604501607716,204045.445
P0030,E16,3,177289.49,59096.496666666666,3,0.3333333333333333,2,False,913,0.0,0.09857612267250822,88644.745
P0031,E00,4,831730.21,207932.5525,3,0.0,3,False,594,0.25,0.20202020202020202,277243.4033333333
P0031,E02,2,125726.68,62863.34,2,0.5,2,False,499,0.0,0.12024048096192386,62863.34
P0031,E03,2,118095.32,59047.66,2,0.0,1,False,41,0.0,1.4634146341463414,118095.32
P0031,E04,1,49975.66,49975.66,1,1.0,1,False,1,0.0,30.0,49975.66
P0031,E06,1,38581.82,38581.82,1,1.0,1,False,1,0.0,30.0,38581.82
P0031,E07,2,126052.03,63026.015,2,0.5,2,False,587,0.0,0.10221465076660988,63026.015
P0031,E08,1,7703.02,7703.02,1,0.0,1,False,1,0.0,30.0,7703.02
P0031,E11,2,90577.04,45288.52,2,0.0,1,False,687,0.0,0.08733624454148473,90577.04
P0031,E14,1,7956.59,7956.59,1,0.0,1,False,1,0.0,30.0,7956.59
P0031,E15,1,30737.82,30737.82,1,0.0,1,False,1,0.0,30.0,30737.82
P0031,E16,2,206571.94,103285.97,2,0.0,2,False,15,0.0,4.0,103285.97
P0032,E01,2,246521.2,123260.6,2,0.0,2,False,1089,0.0,0.05509641873278237,123260.6
P0032,E02,3,161956.025,53985.34166666667,3,0.6666666666666666,3,False,220,0.0,0.4090909090909091,53985.34166666667
P0032,E03,2,48593.04,24296.52,2,0.5,1,False,218,0.0,0.27522935779816515,48593.04
P0032,E06,1,85922.23,85922.23,1,0.0,1,False,1,0.0,30.0,85922.23
P0032,E07,1,104420.13,104420.13,1,0.0,1,False,1,0.0,30.0,104420.13
P0032,E10,2,31589.32,15794.66,2,0.5,2,False,603,0.0,0.09950248756218905,15794.66
P0032,E11,1,107761.48,107761.48,1,1.0,1,False,1,0.0,30.0,107761.48
P0032,E13,2,517649.52,258824.76,2,1.0,2,False,198,0.0,0.30303030303030304,258824.76
P0032,E14,2,180859.53,90429.765,1,1.0,2,False,561,0.5,0.10695187165775401,90429.765
P0032,E17,2,80463.48,40231.74,2,0.0,2,False,584,0.0,0.10273972602739727,40231.74
P0033,E01,1,61530.634999999995,61530.634999999995,1,1.0,1,False,1,0.0,30.0,61530.634999999995
P0033,E02,1,74841.07,74841.07,1,1.0,1,False,1,0.0,30.0,74841.07
P0033,E05,3,145004.26,48334.753333333334,3,0.0,2,False,1027,0.0,0.08763388510223953,72502.13
P0033,E06,2,142228.44,71114.22,2,0.0,1,False,392,0.0,0.15306122448979592,142228.44
P0033,E07,3,300617.88,100205.96,3,0.0,2,False,1044,0.0,0.08620689655172414,150308.94
P0033,E08,1,31876.76,31876.76,1,0.0,1,False,1,0.0,30.0,31876.76
P0033,E09,1,51270.44,51270.44,1,0.0,1,False,1,0.0,30.0,51270.44
P0033,E10,1,33288.78,33288.78,1,0.0,1,False,1,0.0,30.0,33288.78
P0033,E12,3,210122.2,70040.73333333334,3,0.3333333333333333,1,False,471,0.0,0.1910828025477707,210122.2
P0033,E17,2,259427.21000000002,129713.60500000001,2,0.5,1,False,677,0.0,0.08862629246676514,259427.21000000002
P0034,E01,2,147400.46,73700.23,2,0.0,2,False,603,0.0,0.09950248756218905,73700.23
P0034,E03,1,97254.04,97254.04,1,1.0,1,False,1,0.0,30.0,97254.04
P0034,E06,2,446756.46,223378.23,2,0.5,1,False,978,0.0,0.06134969325153374,446756.46
P0034,E08,3,247921.24,82640.41333333333,2,0.3333333333333333,2,False,1012,0.33333333333333337,0.08893280632411067,123960.62
P0034,E10,1,56397.34,56397.34,1,1.0,1,False,1,0.0,30.0,56397.34
P0034,E11,3,105864.94,35288.31333333333,3,0.3333333333333333,2,False,1194,0.0,0.07537688442211056,52932.47
P0034,E14,1,34595.89,34595.89,1,0.0,1,False,1,0.0,30.0,34595.89
P0034,E16,2,61399.22,30699.61,2,0.0,2,False,608,0.0,0.09868421052631579,30699.61
P0034,E17,1,8494.59,8494.59,1,1.0,1,False,1,0.0,30.0,8494.59
P0035,E01,1,63836.08,63836.08,1,0.0,1,False,1,0.0,30.0,63836.08
P0035,E03,2,234186.24,117093.12,2,0.5,1,False,260,0.0,0.23076923076923078,234186.24
P0035,E08,1,232763.35,232763.35,1,0.0,1,False,1,0.0,30.0,232763.35
P0035,E10,2,34865.39,17432.695,1,0.0,2,False,217,0.5,0.2764976958525346,17432.695
P0035,E12,1,12535.19,12535.19,1,0.0,1,False,1,0.0,30.0,12535.19
P0035,E13,1,30980.91,30980.91,1,1.0,1,False,1,0.0,30.0,30980.91
P0035,E14,1,7547.54,7547.54,1,0.0,1,False,1,0.0,30.0,7547.54
P0035,E15,2,835987.99,417993.995,2,0.0,1,False,1047,0.0,0.05730659025787966,835987.99
P0035,E16,1,47192.41,47192.41,1,1.0,1,False,1,0.0,30.0,47192.41
P0035,E17,2,138454.22999999998,69227.11499999999,2,0.5,2,False,552,0.0,0.10869565217391305,69227.11499999999
P0036,E02,2,88616.01999999999,44308.009999999995,2,0.0,2,False,1165,0.0,0.05150214592274678,44308.009999999995
P0036,E04,1,39749.96,39749.96,1,0.0,1,False,1,0.0,30.0,39749.96
P0036,E05,2,179298.34,89649.17,2,0.0,2,False,430,0.0,0.13953488372093023,89649.17
P0036,E06,1,101203.68,101203.68,1,1.0,1,False,1,0.0,30.0,101203.68
P0036,E10,1,326365.09,326365.09,1,0.0,1,False,1,0.0,30.0,326365.09
P0036,E13,1,43086.77,43086.77,1,1.0,1,False,1,0.0,30.0,43086.77
P0036,E14,1,33972.83,33972.83,1,1.0,1,False,1,0.0,30.0,33972.83
P0036,E15,2,115434.61,57717.305,2,0.0,1,False,143,0.0,0.4195804195804196,115434.61
P0037,E01,1,13374.49,13374.49,1,0.0,1,False,1,0.0,30.0,13374.49
P0037,E04,1,655187.49,655187.49,1,1.0,1,False,1,0.0,30.0,655187.49
P0037,E05,1,21363.57,21363.57,1,0.0,1,False,1,0.0,30.0,21363.57
P0037,E07,1,94091.37,94091.37,1,0.0,1,False,1,0.0,30.0,94091.37
P0037,E08,1,38160.7,38160.7,1,0.0,1,False,1,0.0,30.0,38160.7
P0037,E11,2,299453.17,149726.585,1,0.5,2,False,491,0.5,0.12219959266802444,149726.585
P0037,E13,1,33989.63,33989.63,1,0.0,1,False,1,0.0,30.0,33989.63
P0037,E15,1,66182.39,66182.39,1,0.0,1,False,1,0.0,30.0,66182.39
P0037,E17,1,31863.88,31863.88,1,0.0,1,False,1,0.0,30.0,31863.88
P0038,E00,1,16392.49,16392.49,1,1.0,1,False,1,0.0,30.0,16392.49
P0038,E03,3,139607.56,46535.85333333333,2,0.0,1,False,513,0.33333333333333337,0.17543859649122806,139607.56
P0038,E06,2,224117.47,112058.735,2,0.5,1,False,230,0.0,0.2608695652173913,224117.47
P0038,E07,2,62578.07,31289.035,2,0.0,2,False,55,0.0,1.090909090909091,31289.035
P0038,E08,2,107817.87,53908.935,2,1.0,1,False,152,0.0,0.39473684210526316,107817.87
P0038,E09,3,230885.29,76961.76333333334,3,0.6666666666666666,3,False,860,0.0,0.10465116279069767,76961.76333333334
P0038,E10,1,107315.15,107315.15,1,1.0,1,False,1,0.0,30.0,107315.15
P0038,E11,2,65131.49,32565.745,2,0.0,2,False,564,0.0,0.10638297872340426,32565.745
P0038,E12,1,15168.82,15168.82,1,0.0,1,False,1,0.0,30.0,15168.82
P0038,E14,1,32988.39,32988.39,1,0.0,1,False,1,0.0,30.0,32988.39
P0038,E15,2,138305.79,69152.895,2,0.0,1,False,794,0.0,0.07556675062972293,138305.79
P0038,E16,3,507780.55,169260.18333333332,2,0.0,2,False,1218,0.33333333333333337,0.07389162561576354,253890.275
P0038,E17,1,95348.12,95348.12,1,1.0,1,False,1,0.0,30.0,95348.12
P0039,E01,1,46830.0,46830.0,1,0.0,1,False,1,0.0,30.0,46830.0
P0039,E02,1,59769.77,59769.77,1,0.0,1,False,1,0.0,30.0,59769.77
P0039,E03,1,169270.55,169270.55,1,0.0,1,False,1,0.0,30.0,169270.55
P0039,E04,1,32520.9,32520.9,1,1.0,1,False,1,0.0,30.0,32520.9
P0039,E05,1,41794.51,41794.51,1,1.0,1,False,1,0.0,30.0,41794.51
P0039,E07,1,44163.74,44163.74,1,1.0,1,False,1,0.0,30.0,44163.74
P0039,E08,3,255911.635,85303.87833333334,2,0.3333333333333333,3,False,514,0.33333333333333337,0.17509727626459146,85303.87833333334
P0039,E09,2,158443.93,79221.965,2,0.5,2,False,13,0.0,4.615384615384615,79221.965
P0039,E10,1,353520.95,353520.95,1,1.0,1,False,1,0.0,30.0,353520.95
P0039,E12,5,710694.19,142138.838,5,0.4,2,False,1036,0.0,0.1447876447876448,355347.095
P0039,E15,1,87915.72,87915.72,1,1.0,1,False,1,0.0,30.0,87915.72
P0039,E17,1,18730.72,18730.72,1,0.0,1,False,1,0.0,30.0,18730.72
P0040,E00,2,50059.020000000004,25029.510000000002,2,1.0,2,False,335,0.0,0.17910447761194032,25029.510000000002
P0040,E02,1,17148.82,17148.82,1,0.0,1,False,1,0.0,30.0,17148.82
P0040,E03,1,73833.64,73833.64,1,1.0,1,False,1,0.0,30.0,73833.64
P0040,E04,1,92501.91,92501.91,1,0.0,1,False,1,0.0,30.0,92501.91
P0040,E07,2,352030.18,176015.09,2,1.0,2,False,846,0.0,0.07092198581560284,176015.09
P0040,E10,1,11668.79,11668.79,1,1.0,1,False,1,0.0,30.0,11668.79
P0040,E15,1,253350.81,253350.81,1,1.0,1,False,1,0.0,30.0,253350.81
P0040,E17,2,119232.3,59616.15,1,0.0,1,False,857,0.5,0.07001166861143523,119232.3
P0041,E01,1,57239.8,57239.8,1,0.0,1,False,1,0.0,30.0,57239.8
P0041,E03,2,233396.74000000002,116698.37000000001,2,0.5,1,False,438,0.0,0.136986301369863,233396.74000000002
P0041,E04,1,75992.38,75992.38,1,0.0,1,False,1,0.0,30.0,75992.38
P0041,E06,1,209536.85,209536.85,1,0.0,1,False,1,0.0,30.0,209536.85
P0041,E07,1,213212.14,213212.14,1,1.0,1,False,1,0.0,30.0,213212.14
P0041,E08,1,37583.74,37583.74,1,0.0,1,False,1,0.0,30.0,37583.74
P0041,E10,1,120281.85,120281.85,1,1.0,1,False,1,0.0,30.0,120281.85
P0041,E11,2,440832.95,220416.475,2,0.5,1,False,85,0.0,0.7058823529411764,440832.95
P0041,E14,1,76050.94,76050.94,1,0.0,1,False,1,0.0,30.0,76050.94
P0041,E15,1,41998.58,41998.58,1,0.0,1,False,1,0.0,30.0,41998.58
P0041,E17,2,109007.87,54503.935,2,1.0,2,False,795,0.0,0.07547169811320754,54503.935
P0042,E00,1,178172.55,178172.55,1,1.0,1,False,1,0.0,30.0,178172.55
P0042,E01,1,64536.72,64536.72,1,0.0,1,False,1,0.0,30.0,64536.72
P0042,E02,2,408208.58,204104.29,2,0.5,2,False,183,0.0,0.3278688524590164,204104.29
P0042,E04,2,35218.86,17609.43,2,0.5,2,False,236,0.0,0.2542372881355932,17609.43
P0042,E05,1,100944.64,100944.64,1,1.0,1,False,1,0.0,30.0,100944.64
P0042,E08,1,984693.73,984693.73,1,1.0,1,False,1,0.0,30.0,984693.73
P0042,E09,2,34429.2,17214.6,2,1.0,2,False,122,0.0,0.49180327868852464,17214.6
P0042,E10,1,125819.67,125819.67,1,0.0,1,False,1,0.0,30.0,125819.67
P0042,E11,2,243811.33000000002,121905.66500000001,2,0.0,2,False,414,0.0,0.14492753623188406,121905.66500000001
P0042,E12,1,9388.14,9388.14,1,0.0,1,False,1,0.0,30.0,9388.14
P0042,E14,1,31210.35,31210.35,1,1.0,1,False,1,0.0,30.0,31210.35
P0043,E00,2,142393.54499999998,71196.77249999999,2,0.5,2,False,961,0.0,0.06243496357960458,71196.77249999999
P0043,E01,1,61898.21,61898.21,1,0.0,1,False,1,0.0,30.0,61898.21
P0043,E03,1,41328.0,41328.0,1,0.0,1,False,1,0.0,30.0,41328.0
P0043,E04,2,553212.6,276606.3,2,0.0,2,False,376,0.0,0.1595744680851064,276606.3
P0043,E05,1,355340.07,355340.07,1,1.0,1,False,1,0.0,30.0,355340.07
P0043,E06,1,23789.49,23789.49,1,0.0,1,False,1,0.0,30.0,23789.49
P0043,E07,1,91254.8,91254.8,1,1.0,1,False,1,0.0,30.0,91254.8
P0043,E10,1,56075.45,56075.45,1,0.0,1,False,1,0.0,30.0,56075.45
P0043,E12,1,26380.67,26380.67,1,1.0,1,False,1,0.0,30.0,26380.67
P0043,E15,1,178421.93,178421.93,1,1.0,1,False,1,0.0,30.0,178421.93
P0043,E16,1,19371.62,19371.62,1,0.0,1,False,1,0.0,30.0,19371.62
P0043,E17,1,87778.4,87778.4,1,1.0,1,False,1,0.0,30.0,87778.4
P0044,E00,1,6910.18,6910.18,1,0.0,1,False,1,0.0,30.0,6910.18
P0044,E01,1,25108.28,25108.28,1,0.0,1,False,1,0.0,30.0,25108.28
P0044,E02,1,58861.6,58861.6,1,1.0,1,False,1,0.0,30.0,58861.6
P0044,E05,1,67993.38,67993.38,1,0.0,1,False,1,0.0,30.0,67993.38
P0044,E06,1,208509.91,208509.91,1,1.0,1,False,1,0.0,30.0,208509.91
P0044,E08,1,9282.61,9282.61,1,0.0,1,False,1,0.0,30.0,9282.61
P0044,E10,3,161282.46,53760.82,3,0.6666666666666666,2,False,650,0.0,0.13846153846153844,80641.23
P0044,E11,1,72649.04,72649.04,1,0.0,1,False,1,0.0,30.0,72649.04
P0044,E13,1,183896.43,183896.43,1,0.0,1,False,1,0.0,30.0,183896.43
P0044,E14,1,17097.33,17097.33,1,1.0,1,False,1,0.0,30.0,17097.33
P0044,E16,2,96437.9,48218.95,2,0.5,2,False,971,0.0,0.06179196704428424,48218.95
P0044,E17,2,80818.90999999999,40409.454999999994,2,0.5,2,False,684,0.0,0.08771929824561403,40409.454999999994
P0045,E00,1,129203.96,129203.96,1,0.0,1,False,1,0.0,30.0,129203.96
P0045,E01,2,151280.15,75640.075,2,0.5,2,False,419,0.0,0.1431980906921241,75640.075
P0045,E02,1,267732.57,267732.57,1,0.0,1,False,1,0.0,30.0,267732.57
P0045,E04,1,68268.65,68268.65,1,1.0,1,False,1,0.0,30.0,68268.65
P0045,E07,1,82313.57,82313.57,1,0.0,1,False,1,0.0,30.0,82313.57
P0045,E11,1,16119.23,16119.23,1,1.0,1,False,1,0.0,30.0,16119.23
P0045,E13,1,31286.45,31286.45,1,1.0,1,False,1,0.0,30.0,31286.45
P0045,E14,2,168496.02,84248.01,2,0.5,1,False,421,0.0,0.14251781472684086,168496.02
P0045,E15,1,32428.57,32428.57,1,1.0,1,False,1,0.0,30.0,32428.57
P0046,E00,1,20819.67,20819.67,1,0.0,1,False,1,0.0,30.0,20819.67
P0046,E01,2,644087.5499999999,322043.77499999997,2,0.0,2,False,787,0.0,0.07623888182973317,322043.77499999997
P0046,E02,2,239860.78,119930.39,2,0.0,2,False,914,0.0,0.06564551422319476,119930.39
P0046,E03,1,39455.4,39455.4,1,0.0,1,False,1,0.0,30.0,39455.4
P0046,E04,2,34446.09,17223.045,2,0.5,2,False,452,0.0,0.13274336283185842,17223.045
P0046,E06,1,84035.49,84035.49,1,0.0,1,False,1,0.0,30.0,84035.49
P0046,E08,2,71289.57,35644.785,1,0.5,2,False,103,0.5,0.5825242718446603,35644.785
P0046,E09,1,38038.19,38038.19,1,1.0,1,False,1,0.0,30.0,38038.19
P0046,E10,2,129606.31,64803.155,2,0.5,2,False,209,0.0,0.28708133971291866,64803.155
P0046,E11,1,60300.43,60300.43,1,0.0,1,False,1,0.0,30.0,60300.43
P0046,E15,1,44514.22,44514.22,1,1.0,1,False,1,0.0,30.0,44514.22
P0047,E01,1,33371.54,33371.54,1,1.0,1,False,1,0.0,30.0,33371.54
P0047,E02,2,29853.45,14926.725,2,1.0,1,False,596,0.0,0.10067114093959731,29853.45
P0047,E03,1,97091.33,97091.33,1,1.0,1,False,1,0.0,30.0,97091.33
P0047,E06,1,7397.65,7397.65,1,1.0,1,False,1,0.0,30.0,7397.65
P0047,E09,1,45007.94,45007.94,1,0.0,1,False,1,0.0,30.0,45007.94
P0047,E10,2,347566.60000000003,173783.30000000002,2,0.0,2,False,169,0.0,0.35502958579881655,173783.30000000002
P0047,E11,3,220064.16,73354.72,2,0.6666666666666666,2,False,384,0.33333333333333337,0.234375,110032.08
P0047,E12,1,64206.23,64206.23,1,1.0,1,False,1,0.0,30.0,64206.23
P0047,E13,1,111381.09,111381.09,1,0.0,1,False,1,0.0,30.0,111381.09
P0047,E15,1,238880.9,238880.9,1,0.0,1,False,1,0.0,30.0,238880.9
P0048,E00,1,22895.96,22895.96,1,0.0,1,False,1,0.0,30.0,22895.96
P0048,E01,1,63772.39,63772.39,1,0.0,1,False,1,0.0,30.0,63772.39
P0048,E02,2,98699.25,49349.625,2,0.5,2,False,358,0.0,0.16759776536312848,49349.625
P0048,E05,1,94327.86,94327.86,1,0.0,1,False,1,0.0,30.0,94327.86
P0048,E06,1,28551.78,28551.78,1,1.0,1,False,1,0.0,30.0,28551.78
P0048,E07,1,38836.59,38836.59,1,0.0,1,False,1,0.0,30.0,38836.59
P0048,E08,2,396909.95,198454.975,2,0.0,2,False,445,0.0,0.1348314606741573,198454.975
P0048,E09,1,71623.02,71623.02,1,1.0,1,False,1,0.0,30.0,71623.02
P0048,E10,2,330435.24,165217.62,2,0.0,2,False,918,0.0,0.06535947712418301,165217.62
P0048,E12,3,76883.58499999999,25627.861666666664,3,0.6666666666666666,1,False,794,0.0,0.11335012594458439,76883.58499999999
P0048,E13,1,17247.41,17247.41,1,1.0,1,False,1,0.0,30.0,17247.41
P0048,E17,2,60476.54,30238.27,2,1.0,2,False,804,0.0,0.07462686567164178,30238.27
P0049,E02,2,242231.97,121115.985,2,0.0,2,False,165,0.0,0.36363636363636365,121115.985
P0049,E03,1,9713.21,9713.21,1,1.0,1,False,1,0.0,30.0,9713.21
P0049,E04,1,39294.78,39294.78,1,1.0,1,False,1,0.0,30.0,39294.78
P0049,E05,2,81682.13,40841.065,2,0.0,2,False,9,0.0,6.666666666666667,40841.065
P0049,E08,2,302364.28,151182.14,2,0.5,1,False,763,0.0,0.07863695937090433,302364.28
P0049,E10,2,332657.59,166328.795,2,0.5,1,False,16,0.0,3.75,332657.59
P0049,E11,1,57598.11,57598.11,1,0.0,1,False,1,0.0,30.0,57598.11
P0049,E12,1,62533.02,62533.02,1,0.0,1,False,1,0.0,30.0,62533.02
P0049,E13,1,34240.29,34240.29,1,0.0,1,False,1,0.0,30.0,34240.29
P0049,E14,1,108763.73,108763.73,1,1.0,1,False,1,0.0,30.0,108763.73
P0049,E15,3,721273.64,240424.54666666666,3,0.6666666666666666,1,False,803,0.0,0.11207970112079702,721273.64
P0049,E16,15,3168217.34,211214.48933333333,2,0.9333333333333333,3,True,810,0.8666666666666667,0.5555555555555556,1056072.4466666665
P0050,E01,1,90252.69,90252.69,1,0.0,1,False,1,0.0,30.0,90252.69
P0050,E02,2,178637.15,89318.575,2,0.0,2,False,132,0.0,0.45454545454545453,89318.575
P0050,E03,1,122459.8,122459.8,1,1.0,1,False,1,0.0,30.0,122459.8
P0050,E05,1,32079.05,32079.05,1,0.0,1,False,1,0.0,30.0,32079.05
P0050,E06,2,256766.2,128383.1,2,0.0,2,False,727,0.0,0.08253094910591471,128383.1
P0050,E07,2,135866.48,67933.24,2,0.5,2,False,413,0.0,0.14527845036319612,67933.24
P0050,E08,2,151826.99,75913.495,2,0.5,2,False,555,0.0,0.10810810810810811,75913.495
P0050,E11,1,52508.3,52508.3,1,0.0,1,False,1,0.0,30.0,52508.3
P0050,E12,1,90697.01,90697.01,1,0.0,1,False,1,0.0,30.0,90697.01
P0050,E16,1,28136.36,28136.36,1,0.0,1,False,1,0.0,30.0,28136.36
P0050,E17,2,150697.88,75348.94,2,0.5,2,False,506,0.0,0.11857707509881422,75348.94
P0051,E00,1,107387.06,107387.06,1,0.0,1,False,1,0.0,30.0,107387.06
P0051,E01,1,14699.63,14699.63,1,1.0,1,False,1,0.0,30.0,14699.63
P0051,E03,1,167142.38,167142.38,1,1.0,1,False,1,0.0,30.0,167142.38
P0051,E04,1,14332.66,14332.66,1,0.0,1,False,1,0.0,30.0,14332.66
P0051,E05,1,42269.89,42269.89,1,1.0,1,False,1,0.0,30.0,42269.89
P0051,E06,1,18983.62,18983.62,1,1.0,1,False,1,0.0,30.0,18983.62
P0051,E08,16,3432190.27,214511.891875,2,0.9375,3,True,1078,0.875,0.44526901669758817,1144063.4233333333
P0051,E09,1,64584.41,64584.41,1,0.0,1,False,1,0.0,30.0,64584.41
P0051,E12,1,43041.78,43041.78,1,1.0,1,False,1,0.0,30.0,43041.78
P0051,E16,2,362735.92,181367.96,2,1.0,2,False,341,0.0,0.1759530791788856,181367.96
P0051,E17,1,38249.06,38249.06,1,0.0,1,False,1,0.0,30.0,38249.06
P0052,E00,1,57231.67,57231.67,1,1.0,1,False,1,0.0,30.0,57231.67
P0052,E01,1,61530.634999999995,61530.634999999995,1,0.0,1,False,1,0.0,30.0,61530.634999999995
P0052,E02,1,92942.97,92942.97,1,0.0,1,False,1,0.0,30.0,92942.97
P0052,E04,1,27371.73,27371.73,1,0.0,1,False,1,0.0,30.0,27371.73
P0052,E05,1,76904.78,76904.78,1,0.0,1,False,1,0.0,30.0,76904.78
P0052,E06,1,919227.3,919227.3,1,1.0,1,False,1,0.0,30.0,919227.3
P0052,E09,2,131390.83,65695.415,2,0.5,2,False,527,0.0,0.11385199240986718,65695.415
P0052,E11,1,36569.72,36569.72,1,0.0,1,False,1,0.0,30.0,36569.72
P0052,E12,2,145904.26,72952.13,2,0.0,2,False,168,0.0,0.35714285714285715,72952.13
P0052,E13,1,137027.69,137027.69,1,0.0,1,False,1,0.0,30.0,137027.69
P0052,E14,1,27847.67,27847.67,1,0.0,1,False,1,0.0,30.0,27847.67
P0052,E17,2,296485.19,148242.595,2,0.0,2,False,476,0.0,0.12605042016806722,148242.595
P0053,E00,2,83272.16,41636.08,2,0.0,1,False,958,0.0,0.06263048016701461,83272.16
P0053,E01,1,39419.45,39419.45,1,0.0,1,False,1,0.0,30.0,39419.45
P0053,E02,1,152725.95,152725.95,1,1.0,1,False,1,0.0,30.0,152725.95
P0053,E03,1,190519.11,190519.11,1,1.0,1,False,1,0.0,30.0,190519.11
P0053,E05,3,399392.95999999996,133130.98666666666,3,0.6666666666666666,3,False,719,0.0,0.12517385257301808,133130.98666666666
P0053,E06,1,173575.89,173575.89,1,0.0,1,False,1,0.0,30.0,173575.89
P0053,E07,1,88891.62,88891.62,1,0.0,1,False,1,0.0,30.0,88891.62
P0053,E08,3,218900.75,72966.91666666667,2,0.3333333333333333,3,False,770,0.33333333333333337,0.11688311688311688,72966.91666666667
P0053,E12,1,505301.75,505301.75,1,0.0,1,False,1,0.0,30.0,505301.75
P0053,E15,2,245050.13,122525.065,2,0.5,1,False,773,0.0,0.0776196636481242,245050.13
P0053,E16,1,335596.8,335596.8,1,0.0,1,False,1,0.0,30.0,335596.8
P0053,E17,1,56477.0,56477.0,1,0.0,1,False,1,0.0,30.0,56477.0
P0054,E03,1,82784.01,82784.01,1,0.0,1,False,1,0.0,30.0,82784.01
P0054,E04,1,62859.81,62859.81,1,0.0,1,False,1,0.0,30.0,62859.81
P0054,E05,1,20966.96,20966.96,1,0.0,1,False,1,0.0,30.0,20966.96
P0054,E07,5,325973.51,65194.702000000005,3,0.2,3,False,866,0.4,0.17321016166281755,108657.83666666667
P0054,E08,1,114121.24,114121.24,1,0.0,1,False,1,0.0,30.0,114121.24
P0054,E09,1,88682.56,88682.56,1,1.0,1,False,1,0.0,30.0,88682.56
P0054,E10,1,114004.44,114004.44,1,0.0,1,False,1,0.0,30.0,114004.44
P0054,E12,2,63761.170000000006,31880.585000000003,2,0.5,1,False,192,0.0,0.3125,63761.170000000006
P0054,E13,1,23068.56,23068.56,1,1.0,1,False,1,0.0,30.0,23068.56
P0054,E14,1,55019.98,55019.98,1,0.0,1,False,1,0.0,30.0,55019.98
P0054,E16,1,2582.04,2582.04,1,0.0,1,False,1,0.0,30.0,2582.04
P0054,E17,1,35439.6,35439.6,1,0.0,1,False,1,0.0,30.0,35439.6
P0055,E00,1,3931.77,3931.77,1,1.0,1,False,1,0.0,30.0,3931.77
P0055,E02,2,26441.370000000003,13220.685000000001,2,0.0,1,False,335,0.0,0.17910447761194032,26441.370000000003
P0055,E03,3,122023.10999999999,40674.369999999995,2,0.6666666666666666,1,False,571,0.33333333333333337,0.15761821366024517,122023.10999999999
P0055,E05,2,98803.91,49401.955,2,0.5,2,False,269,0.0,0.22304832713754646,49401.955
P0055,E07,1,84247.04,84247.04,1,1.0,1,False,1,0.0,30.0,84247.04
P0055,E09,2,103923.73,51961.865,2,1.0,1,False,716,0.0,0.08379888268156424,103923.73
P0055,E10,2,131259.47999999998,65629.73999999999,2,0.5,2,False,35,0.0,1.7142857142857142,65629.73999999999
P0055,E11,1,34541.99,34541.99,1,1.0,1,False,1,0.0,30.0,34541.99
P0055,E12,1,83095.02,83095.02,1,0.0,1,False,1,0.0,30.0,83095.02
P0055,E16,1,42303.16,42303.16,1,0.0,1,False,1,0.0,30.0,42303.16
P0056,E00,2,44754.92,22377.46,2,0.5,1,False,342,0.0,0.17543859649122806,44754.92
P0056,E01,1,55632.42,55632.42,1,1.0,1,False,1,0.0,30.0,55632.42
P0056,E02,1,46755.7,46755.7,1,1.0,1,False,1,0.0,30.0,46755.7
P0056,E03,1,62391.23,62391.23,1,1.0,1,False,1,0.0,30.0,62391.23
P0056,E05,1,61530.634999999995,61530.634999999995,1,1.0,1,False,1,0.0,30.0,61530.634999999995
P0056,E06,1,16519.81,16519.81,1,0.0,1,False,1,0.0,30.0,16519.81
P0056,E07,1,54720.28,54720.28,1,1.0,1,False,1,0.0,30.0,54720.28
P0056,E08,1,117017.55,117017.55,1,0.0,1,False,1,0.0,30.0,117017.55
P0056,E09,4,298019.78,74504.945,4,0.5,2,False,567,0.0,0.21164021164021166,149009.89
P0056,E10,2,332381.69,166190.845,2,1.0,2,False,60,0.0,1.0,166190.845
P0056,E13,1,75144.09,75144.09,1,1.0,1,False,1,0.0,30.0,75144.09
P0056,E14,1,34073.3,34073.3,1,1.0,1,False,1,0.0,30.0,34073.3
P0056,E17,1,491528.45,491528.45,1,0.0,1,False,1,0.0,30.0,491528.45
P0057,E00,1,28392.48,28392.48,1,0.0,1,False,1,0.0,30.0,28392.48
P0057,E04,1,61697.98,61697.98,1,0.0,1,False,1,0.0,30.0,61697.98
P0057,E06,2,104362.59999999999,52181.299999999996,2,0.5,1,False,207,0.0,0.2898550724637681,104362.59999999999
P0057,E08,4,313560.16,78390.04,3,0.5,3,False,920,0.25,0.13043478260869565,104520.05333333333
P0057,E09,1,67890.64,67890.64,1,1.0,1,False,1,0.0,30.0,67890.64
P0057,E12,2,359612.43,179806.215,2,0.0,1,False,615,0.0,0.0975609756097561,359612.43
P0057,E14,2,85271.22,42635.61,2,0.5,1,False,68,0.0,0.8823529411764706,85271.22
P0057,E15,1,36256.41,36256.41,1,1.0,1,False,1,0.0,30.0,36256.41
P0057,E16,1,13281.24,13281.24,1,1.0,1,False,1,0.0,30.0,13281.24
P0057,E17,1,30327.73,30327.73,1,0.0,1,False,1,0.0,30.0,30327.73
P0058,E00,1,12121.57,12121.57,1,0.0,1,False,1,0.0,30.0,12121.57
P0058,E01,1,37719.5,37719.5,1,0.0,1,False,1,0.0,30.0,37719.5
P0058,E02,1,361335.14,361335.14,1,0.0,1,False,1,0.0,30.0,361335.14
P0058,E04,2,86678.48000000001,43339.240000000005,2,0.5,2,False,749,0.0,0.0801068090787717,43339.240000000005
P0058,E06,2,240643.36,120321.68,2,0.5,2,False,153,0.0,0.3921568627450981,120321.68
P0058,E07,1,57162.1,57162.1,1,1.0,1,False,1,0.0,30.0,57162.1
P0058,E08,2,523657.32,261828.66,2,0.5,2,False,330,0.0,0.18181818181818182,261828.66
P0058,E09,1,118065.7,118065.7,1,0.0,1,False,1,0.0,30.0,118065.7
P0058,E11,4,181523.91999999998,45380.979999999996,3,0.25,3,False,766,0.25,0.15665796344647517,60507.97333333333
P0058,E15,1,68440.28,68440.28,1,1.0,1,False,1,0.0,30.0,68440.28
P0058,E17,2,87026.70999999999,43513.354999999996,2,0.0,1,False,871,0.0,0.06888633754305395,87026.70999999999
P0059,E00,3,110570.03,36856.676666666666,3,0.6666666666666666,1,False,460,0.0,0.19565217391304346,110570.03
P0059,E01,4,181802.07,45450.5175,4,0.5,2,False,899,0.0,0.13348164627363737,90901.035
P0059,E05,2,51706.899999999994,25853.449999999997,2,0.5,2,False,260,0.0,0.23076923076923078,25853.449999999997
P0059,E07,1,125920.6,125920.6,1,0.0,1,False,1,0.0,30.0,125920.6
P0059,E09,1,375838.02,375838.02,1,1.0,1,False,1,0.0,30.0,375838.02
P0059,E10,2,361530.725,180765.3625,2,1.0,2,False,196,0.0,0.30612244897959184,180765.3625
P0059,E11,1,165845.39,165845.39,1,1.0,1,False,1,0.0,30.0,165845.39
P0059,E13,2,210762.055,105381.0275,2,0.0,2,False,699,0.0,0.08583690987124463,105381.0275
P0059,E17,1,13009.23,13009.23,1,1.0,1,False,1,0.0,30.0,13009.23
P0060,E00,1,219104.43,219104.43,1,0.0,1,False,1,0.0,30.0,219104.43
P0060,E01,1,75415.85,75415.85,1,0.0,1,False,1,0.0,30.0,75415.85
P0060,E02,2,271542.77,135771.385,2,0.0,2,False,422,0.0,0.14218009478672985,135771.385
P0060,E06,1,52626.65,52626.65,1,1.0,1,False,1,0.0,30.0,52626.65
P0060,E07,1,54054.76,54054.76,1,0.0,1,False,1,0.0,30.0,54054.76
P0060,E08,2,158957.12,79478.56,2,0.5,2,False,646,0.0,0.09287925696594426,79478.56
P0060,E09,3,505815.51,168605.17,3,0.3333333333333333,1,False,202,0.0,0.44554455445544555,505815.51
P0060,E11,1,115149.46,115149.46,1,0.0,1,False,1,0.0,30.0,115149.46
P0060,E12,1,38132.59,38132.59,1,0.0,1,False,1,0.0,30.0,38132.59
P0060,E13,2,158299.78,79149.89,1,0.0,2,False,123,0.5,0.48780487804878053,79149.89
P0060,E15,2,74450.39,37225.195,2,0.5,1,False,527,0.0,0.11385199240986718,74450.39
P0060,E16,1,118771.24,118771.24,1,0.0,1,False,1,0.0,30.0,118771.24
P0060,E17,1,17313.54,17313.54,1,1.0,1,False,1,0.0,30.0,17313.54
P0061,E00,1,67380.0,67380.0,1,1.0,1,False,1,0.0,30.0,67380.0
P0061,E01,1,32236.8,32236.8,1,1.0,1,False,1,0.0,30.0,32236.8
P0061,E08,2,33984.119999999995,16992.059999999998,2,0.0,1,False,104,0.0,0.5769230769230769,33984.119999999995
P0061,E09,2,159981.46,79990.73,2,0.0,2,False,165,0.0,0.36363636363636365,79990.73
P0061,E11,1,5684.22,5684.22,1,1.0,1,False,1,0.0,30.0,5684.22
P0061,E12,2,547114.67,273557.335,2,0.5,2,False,783,0.0,0.07662835249042145,273557.335
P0061,E13,1,43764.32,43764.32,1,0.0,1,False,1,0.0,30.0,43764.32
P0061,E14,1,200690.8,200690.8,1,1.0,1,False,1,0.0,30.0,200690.8
P0061,E15,2,165570.47999999998,82785.23999999999,2,0.5,1,False,721,0.0,0.08321775312066573,165570.47999999998
P0061,E17,1,10807.08,10807.08,1,1.0,1,False,1,0.0,30.0,10807.08
P0062,E00,1,110650.9,110650.9,1,0.0,1,False,1,0.0,30.0,110650.9
P0062,E01,2,105818.06,52909.03,2,0.0,2,False,136,0.0,0.4411764705882353,52909.03
P0062,E04,1,58895.89,58895.89,1,0.0,1,False,1,0.0,30.0,58895.89
P0062,E07,1,55965.4,55965.4,1,0.0,1,False,1,0.0,30.0,55965.4
P0062,E13,2,97753.78,48876.89,2,1.0,2,False,54,0.0,1.1111111111111112,48876.89
P0062,E15,2,155848.61000000002,77924.30500000001,2,0.0,1,False,699,0.0,0.08583690987124463,155848.61000000002
P0062,E16,1,185606.99,185606.99,1,0.0,1,False,1,0.0,30.0,185606.99
P0063,E00,1,117332.0,117332.0,1,0.0,1,False,1,0.0,30.0,117332.0
P0063,E02,2,440959.78,220479.89,2,0.0,2,False,445,0.0,0.1348314606741573,220479.89
P0063,E04,1,70981.67,70981.67,1,0.0,1,False,1,0.0,30.0,70981.67
P0063,E05,1,42208.48,42208.48,1,1.0,1,False,1,0.0,30.0,42208.48
P0063,E06,2,214169.27000000002,107084.63500000001,1,0.0,1,False,23,0.5,2.608695652173913,214169.27000000002
P0063,E07,2,119466.68,59733.34,2,0.0,2,False,100,0.0,0.6,59733.34
P0063,E09,1,11576.74,11576.74,1,1.0,1,False,1,0.0,30.0,11576.74
P0063,E10,1,331023.27,331023.27,1,0.0,1,False,1,0.0,30.0,331023.27
P0063,E11,3,136462.22,45487.40666666667,2,0.3333333333333333,2,False,421,0.33333333333333337,0.21377672209026127,68231.11
P0063,E12,1,64034.75,64034.75,1,1.0,1,False,1,0.0,30.0,64034.75
P0063,E17,1,35688.44,35688.44,1,1.0,1,False,1,0.0,30.0,35688.44
P0064,E04,1,130232.03,130232.03,1,1.0,1,False,1,0.0,30.0,130232.03
P0064,E05,2,80266.23,40133.115,2,0.5,2,False,315,0.0,0.19047619047619047,40133.115
P0064,E06,1,5911.89,5911.89,1,0.0,1,False,1,0.0,30.0,5911.89
P0064,E08,2,86252.1,43126.05,2,0.5,2,False,30,0.0,2.0,43126.05
P0064,E09,1,25674.56,25674.56,1,1.0,1,False,1,0.0,30.0,25674.56
P0064,E11,1,181750.65,181750.65,1,0.0,1,False,1,0.0,30.0,181750.65
P0064,E13,1,128327.72,128327.72,1,1.0,1,False,1,0.0,30.0,128327.72
P0064,E14,2,36033.369999999995,18016.684999999998,1,0.0,2,False,543,0.5,0.11049723756906077,18016.684999999998
P0064,E15,2,39534.25,19767.125,2,0.0,1,False,1125,0.0,0.05333333333333334,39534.25
P0064,E17,1,75280.01,75280.01,1,0.0,1,False,1,0.0,30.0,75280.01
P0065,E02,2,322626.48,161313.24,2,0.0,2,False,272,0.0,0.22058823529411764,161313.24
P0065,E03,3,217791.76,72597.25333333334,3,0.6666666666666666,1,False,680,0.0,0.1323529411764706,217791.76
P0065,E04,1,30792.44,30792.44,1,0.0,1,False,1,0.0,30.0,30792.44
P0065,E06,1,18835.17,18835.17,1,0.0,1,False,1,0.0,30.0,18835.17
P0065,E07,1,137145.18,137145.18,1,1.0,1,False,1,0.0,30.0,137145.18
P0065,E10,4,441259.52999999997,110314.88249999999,4,0.5,3,False,355,0.0,0.3380281690140845,147086.50999999998
P0065,E11,1,10670.71,10670.71,1,1.0,1,False,1,0.0,30.0,10670.71
P0065,E12,1,7735.46,7735.46,1,0.0,1,False,1,0.0,30.0,7735.46
P0065,E13,1,12267.95,12267.95,1,1.0,1,False,1,0.0,30.0,12267.95
P0065,E14,1,26052.22,26052.22,1,0.0,1,False,1,0.0,30.0,26052.22
P0065,E16,2,230653.52,115326.76,2,0.0,2,False,644,0.0,0.09316770186335405,115326.76
P0065,E17,2,84255.87,42127.935,2,0.0,2,False,941,0.0,0.06376195536663125,42127.935
P0066,E00,1,55937.88,55937.88,1,0.0,1,False,1,0.0,30.0,55937.88
P0066,E03,3,434598.26,144866.08666666667,3,0.6666666666666666,1,False,836,0.0,0.10765550239234449,434598.26
P0066,E04,1,167030.57,167030.57,1,1.0,1,False,1,0.0,30.0,167030.57
P0066,E05,1,99606.09,99606.09,1,0.0,1,False,1,0.0,30.0,99606.09
P0066,E06,1,178022.43,178022.43,1,1.0,1,False,1,0.0,30.0,178022.43
P0066,E07,2,106229.78,53114.89,2,0.0,2,False,137,0.0,0.43795620437956206,53114.89
P0066,E08,2,57035.93,28517.965,2,0.5,2,False,450,0.0,0.13333333333333333,28517.965
P0066,E10,2,163038.97,81519.485,2,0.5,1,False,18,0.0,3.3333333333333335,163038.97
P0066,E11,2,52228.060000000005,26114.030000000002,1,0.5,1,False,236,0.5,0.2542372881355932,52228.060000000005
P0066,E13,3,906095.78,302031.9266666667,1,0.0,1,False,3,0.6666666666666667,30.0,906095.78
P0066,E14,2,375910.53,187955.265,1,0.5,2,False,637,0.5,0.09419152276295133,187955.265
P0066,E15,1,49596.83,49596.83,1,0.0,1,False,1,0.0,30.0,49596.83
P0066,E16,1,96923.28,96923.28,1,1.0,1,False,1,0.0,30.0,96923.28
P0067,E00,5,753219.21,150643.842,2,0.0,2,False,298,0.6,0.5033557046979865,376609.605
P0067,E02,1,106531.36,106531.36,1,1.0,1,False,1,0.0,30.0,106531.36
P0067,E03,1,53869.79,53869.79,1,1.0,1,False,1,0.0,30.0,53869.79
P0067,E05,1,68189.83,68189.83,1,0.0,1,False,1,0.0,30.0,68189.83
P0067,E06,1,253786.95,253786.95,1,0.0,1,False,1,0.0,30.0,253786.95
P0067,E07,1,11572.58,11572.58,1,1.0,1,False,1,0.0,30.0,11572.58
P0067,E09,2,103700.44,51850.22,2,0.5,2,False,958,0.0,0.06263048016701461,51850.22
P0067,E12,2,147797.73,73898.865,2,0.5,1,False,336,0.0,0.17857142857142858,147797.73
P0067,E13,1,116613.3,116613.3,1,1.0,1,False,1,0.0,30.0,116613.3
P0067,E14,1,9816.85,9816.85,1,1.0,1,False,1,0.0,30.0,9816.85
P0067,E15,1,182263.39,182263.39,1,0.0,1,False,1,0.0,30.0,182263.39
P0067,E16,1,56009.51,56009.51,1,0.0,1,False,1,0.0,30.0,56009.51
P0067,E17,2,360773.54000000004,180386.77000000002,2,0.0,2,False,112,0.0,0.5357142857142857,180386.77000000002
P0068,E00,1,271817.64,271817.64,1,1.0,1,False,1,0.0,30.0,271817.64
P0068,E01,1,41603.12,41603.12,1,0.0,1,False,1,0.0,30.0,41603.12
P0068,E03,1,26893.38,26893.38,1,0.0,1,False,1,0.0,30.0,26893.38
P0068,E04,1,99546.02,99546.02,1,0.0,1,False,1,0.0,30.0,99546.02
P0068,E07,1,32230.96,32230.96,1,0.0,1,False,1,0.0,30.0,32230.96
P0068,E08,1,87209.59,87209.59,1,0.0,1,False,1,0.0,30.0,87209.59
P0068,E09,1,162726.19,162726.19,1,0.0,1,False,1,0.0,30.0,162726.19
P0068,E11,1,555964.38,555964.38,1,1.0,1,False,1,0.0,30.0,555964.38
P0068,E12,1,28688.4,28688.4,1,0.0,1,False,1,0.0,30.0,28688.4
P0068,E13,1,63325.85,63325.85,1,0.0,1,False,1,0.0,30.0,63325.85
P0068,E15,1,5625.8,5625.8,1,0.0,1,False,1,0.0,30.0,5625.8
P0069,E01,1,73435.88,73435.88,1,0.0,1,False,1,0.0,30.0,73435.88
P0069,E06,1,62648.5,62648.5,1,0.0,1,False,1,0.0,30.0,62648.5
P0069,E07,1,72198.49,72198.49,1,0.0,1,False,1,0.0,30.0,72198.49
P0069,E10,1,27859.17,27859.17,1,1.0,1,False,1,0.0,30.0,27859.17
P0069,E12,2,271687.58,135843.79,2,1.0,2,False,49,0.0,1.2244897959183674,135843.79
P0069,E13,1,31857.83,31857.83,1,0.0,1,False,1,0.0,30.0,31857.83
P0069,E14,1,1530735.78,1530735.78,1,0.0,1,False,1,0.0,30.0,1530735.78
P0069,E15,3,425775.57,141925.19,3,0.3333333333333333,1,False,521,0.0,0.1727447216890595,425775.57
P0069,E16,1,188492.41,188492.41,1,1.0,1,False,1,0.0,30.0,188492.41
P0069,E17,2,107068.875,53534.4375,2,0.0,2,False,762,0.0,0.07874015748031496,53534.4375
P0070,E01,1,19645.63,19645.63,1,1.0,1,False,1,0.0,30.0,19645.63
P0070,E07,2,92239.29000000001,46119.645000000004,2,0.0,2,False,350,0.0,0.17142857142857143,46119.645000000004
P0070,E08,1,53665.26,53665.26,1,0.0,1,False,1,0.0,30.0,53665.26
P0070,E09,1,244861.7,244861.7,1,0.0,1,False,1,0.0,30.0,244861.7
P0070,E12,1,807722.69,807722.69,1,1.0,1,False,1,0.0,30.0,807722.69
P0070,E13,1,1613399.67,1613399.67,1,0.0,1,False,1,0.0,30.0,1613399.67
P0070,E14,2,328741.57999999996,164370.78999999998,2,1.0,2,False,532,0.0,0.11278195488721804,164370.78999999998
P0070,E15,1,60496.18,60496.18,1,0.0,1,False,1,0.0,30.0,60496.18
P0070,E16,2,44076.2,22038.1,2,0.0,1,False,556,0.0,0.1079136690647482,44076.2
P0071,E00,1,1911.06,1911.06,1,1.0,1,False,1,0.0,30.0,1911.06
P0071,E01,1,92402.02,92402.02,1,0.0,1,False,1,0.0,30.0,92402.02
P0071,E04,1,63373.22,63373.22,1,0.0,1,False,1,0.0,30.0,63373.22
P0071,E05,2,97409.19,48704.595,2,0.5,2,False,818,0.0,0.07334963325183375,48704.595
P0071,E07,1,316052.52,316052.52,1,1.0,1,False,1,0.0,30.0,316052.52
P0071,E08,1,35476.59,35476.59,1,1.0,1,False,1,0.0,30.0,35476.59
P0071,E09,1,42186.82,42186.82,1,0.0,1,False,1,0.0,30.0,42186.82
P0071,E11,1,204704.95,204704.95,1,0.0,1,False,1,0.0,30.0,204704.95
P0071,E14,2,144620.97499999998,72310.48749999999,2,0.5,2,False,574,0.0,0.10452961672473868,72310.48749999999
P0071,E15,2,128619.36,64309.68,2,0.5,1,False,272,0.0,0.22058823529411764,128619.36
P0072,E00,2,52311.23,26155.615,2,0.0,2,False,203,0.0,0.2955665024630542,26155.615
P0072,E02,1,85656.78,85656.78,1,0.0,1,False,1,0.0,30.0,85656.78
P0072,E03,1,59836.57,59836.57,1,1.0,1,False,1,0.0,30.0,59836.57
P0072,E04,2,117021.41,58510.705,2,0.5,2,False,685,0.0,0.08759124087591241,58510.705
P0072,E07,5,275420.2,55084.04,4,0.4,2,False,800,0.19999999999999996,0.1875,137710.1
P0072,E09,1,28223.26,28223.26,1,0.0,1,False,1,0.0,30.0,28223.26
P0072,E10,2,122176.17000000001,61088.08500000001,2,0.5,2,False,265,0.0,0.22641509433962262,61088.08500000001
P0072,E12,2,332701.9,166350.95,2,0.5,1,False,281,0.0,0.21352313167259784,332701.9
P0072,E15,2,518582.83999999997,259291.41999999998,2,0.5,1,False,95,0.0,0.6315789473684211,518582.83999999997
P0072,E16,1,65443.05,65443.05,1,0.0,1,False,1,0.0,30.0,65443.05
P0072,E17,2,74936.56,37468.28,2,0.5,2,False,3,0.0,20.0,37468.28
P0073,E00,2,331063.44,165531.72,2,0.5,1,False,734,0.0,0.08174386920980926,331063.44
P0073,E01,1,124960.07,124960.07,1,1.0,1,False,1,0.0,30.0,124960.07
P0073,E02,2,303081.61,151540.805,1,0.5,1,False,335,0.5,0.17910447761194032,303081.61
P0073,E03,2,99736.15,49868.075,2,0.5,1,False,33,0.0,1.8181818181818181,99736.15
P0073,E04,1,262882.42,262882.42,1,0.0,1,False,1,0.0,30.0,262882.42
P0073,E05,1,152595.69,152595.69,1,0.0,1,False,1,0.0,30.0,152595.69
P0073,E06,1,164853.7,164853.7,1,0.0,1,False,1,0.0,30.0,164853.7
P0073,E09,1,88634.84,88634.84,1,0.0,1,False,1,0.0,30.0,88634.84
P0073,E10,2,144591.91999999998,72295.95999999999,2,0.5,2,False,958,0.0,0.06263048016701461,72295.95999999999
P0073,E11,1,252542.74,252542.74,1,0.0,1,False,1,0.0,30.0,252542.74
P0073,E13,3,59679.229999999996,19893.076666666664,2,0.6666666666666666,2,False,699,0.33333333333333337,0.12875536480686695,29839.614999999998
P0073,E14,2,82213.04000000001,41106.520000000004,2,0.0,2,False,1136,0.0,0.0528169014084507,41106.520000000004
P0074,E03,1,347338.36,347338.36,1,1.0,1,False,1,0.0,30.0,347338.36
P0074,E04,1,129273.62,129273.62,1,0.0,1,False,1,0.0,30.0,129273.62
P0074,E06,1,89972.91,89972.91,1,0.0,1,False,1,0.0,30.0,89972.91
P0074,E07,1,126874.83,126874.83,1,1.0,1,False,1,0.0,30.0,126874.83
P0074,E08,1,2290.98,2290.98,1,0.0,1,False,1,0.0,30.0,2290.98
P0074,E11,1,34230.79,34230.79,1,1.0,1,False,1,0.0,30.0,34230.79
P0074,E14,1,99973.11,99973.11,1,0.0,1,False,1,0.0,30.0,99973.11
P0074,E15,1,111768.41,111768.41,1,1.0,1,False,1,0.0,30.0,111768.41
P0074,E16,2,187544.65000000002,93772.32500000001,2,0.5,1,False,925,0.0,0.06486486486486487,187544.65000000002
P0074,E17,1,395276.56,395276.56,1,0.0,1,False,1,0.0,30.0,395276.56
P0075,E02,3,175748.89,58582.96333333334,3,0.3333333333333333,2,False,237,0.0,0.37974683544303794,87874.445
P0075,E04,2,124049.98000000001,62024.990000000005,2,0.0,1,False,531,0.0,0.11299435028248588,124049.98000000001
P0075,E05,1,61530.634999999995,61530.634999999995,1,0.0,1,False,1,0.0,30.0,61530.634999999995
P0075,E06,2,119676.625,59838.3125,2,0.0,2,False,13,0.0,4.615384615384615,59838.3125
P0075,E08,1,64683.825,64683.825,1,0.0,1,False,1,0.0,30.0,64683.825
P0075,E10,1,184792.02,184792.02,1,1.0,1,False,1,0.0,30.0,184792.02
P0075,E12,1,267913.72,267913.72,1,0.0,1,False,1,0.0,30.0,267913.72
P0075,E13,1,79314.26,79314.26,1,1.0,1,False,1,0.0,30.0,79314.26
P0075,E15,1,11026.29,11026.29,1,0.0,1,False,1,0.0,30.0,11026.29
P0075,E16,1,12012.8,12012.8,1,1.0,1,False,1,0.0,30.0,12012.8
P0075,E17,4,516530.65,129132.6625,3,0.0,3,False,860,0.25,0.13953488372093023,172176.88333333333
P0076,E00,1,76722.29,76722.29,1,1.0,1,False,1,0.0,30.0,76722.29
P0076,E01,1,1226.84,1226.84,1,0.0,1,False,1,0.0,30.0,1226.84
P0076,E02,1,64722.02,64722.02,1,1.0,1,False,1,0.0,30.0,64722.02
P0076,E04,1,100186.05,100186.05,1,1.0,1,False,1,0.0,30.0,100186.05
P0076,E05,2,145728.71000000002,72864.35500000001,2,0.0,1,False,394,0.0,0.15228426395939088,145728.71000000002
P0076,E06,2,112105.16999999998,56052.58499999999,2,1.0,1,False,319,0.0,0.18808777429467086,112105.16999999998
P0076,E09,1,14908.92,14908.92,1,1.0,1,False,1,0.0,30.0,14908.92
P0076,E12,1,94945.28,94945.28,1,0.0,1,False,1,0.0,30.0,94945.28
P0076,E13,3,414924.73,138308.24333333332,3,0.3333333333333333,2,False,215,0.0,0.41860465116279066,207462.365
P0076,E16,1,168302.21,168302.21,1,0.0,1,False,1,0.0,30.0,168302.21
P0076,E17,1,64683.825,64683.825,1,0.0,1,False,1,0.0,30.0,64683.825
P0077,E00,3,359346.07,119782.02333333333,3,0.3333333333333333,1,False,999,0.0,0.0900900900900901,359346.07
P0077,E01,2,75455.15,37727.575,2,0.0,2,False,126,0.0,0.47619047619047616,37727.575
P0077,E06,2,96971.62000000001,48485.810000000005,2,0.5,2,False,235,0.0,0.25531914893617025,48485.810000000005
P0077,E08,1,21418.08,21418.08,1,0.0,1,False,1,0.0,30.0,21418.08
P0077,E09,1,31631.4,31631.4,1,0.0,1,False,1,0.0,30.0,31631.4
P0077,E11,1,71657.04,71657.04,1,0.0,1,False,1,0.0,30.0,71657.04
P0077,E12,1,176725.32,176725.32,1,0.0,1,False,1,0.0,30.0,176725.32
P0077,E14,1,57845.16,57845.16,1,0.0,1,False,1,0.0,30.0,57845.16
P0077,E15,2,106440.34,53220.17,2,0.5,1,False,357,0.0,0.1680672268907563,106440.34
P0078,E01,1,12784.47,12784.47,1,1.0,1,False,1,0.0,30.0,12784.47
P0078,E02,1,125520.34,125520.34,1,1.0,1,False,1,0.0,30.0,125520.34
P0078,E03,1,49693.73,49693.73,1,1.0,1,False,1,0.0,30.0,49693.73
P0078,E05,1,44371.25,44371.25,1,0.0,1,False,1,0.0,30.0,44371.25
P0078,E11,2,138309.47,69154.735,2,0.0,2,False,826,0.0,0.07263922518159806,69154.735
P0078,E12,2,201559.9,100779.95,2,0.0,1,False,392,0.0,0.15306122448979592,201559.9
P0078,E14,2,126696.29999999999,63348.149999999994,2,1.0,2,False,880,0.0,0.06818181818181819,63348.149999999994
P0078,E15,1,95860.53,95860.53,1,0.0,1,False,1,0.0,30.0,95860.53
P0078,E16,1,75210.9,75210.9,1,0.0,1,False,1,0.0,30.0,75210.9
P0078,E17,2,273556.45,136778.225,2,0.5,1,False,42,0.0,1.4285714285714286,273556.45
P0079,E00,2,92524.41,46262.205,1,1.0,1,False,811,0.5,0.07398273736128236,92524.41
P0079,E04,1,35763.27,35763.27,1,0.0,1,False,1,0.0,30.0,35763.27
P0079,E08,1,6621.2,6621.2,1,1.0,1,False,1,0.0,30.0,6621.2
P0079,E09,1,60767.3,60767.3,1,0.0,1,False,1,0.0,30.0,60767.3
P0079,E10,1,11225.44,11225.44,1,0.0,1,False,1,0.0,30.0,11225.44
P0079,E12,2,284157.54000000004,142078.77000000002,2,0.0,1,False,232,0.0,0.25862068965517243,284157.54000000004
P0079,E13,2,148379.7,74189.85,2,0.5,1,False,1026,0.0,0.05847953216374269,148379.7
P0079,E14,2,81269.53,40634.765,2,1.0,1,False,79,0.0,0.759493670886076,81269.53
P0079,E16,1,238122.9,238122.9,1,0.0,1,False,1,0.0,30.0,238122.9
P0080,E00,1,20053.38,20053.38,1,1.0,1,False,1,0.0,30.0,20053.38
P0080,E01,1,8651.34,8651.34,1,1.0,1,False,1,0.0,30.0,8651.34
P0080,E02,3,245451.24,81817.08,3,0.0,3,False,205,0.0,0.43902439024390244,81817.08
P0080,E04,4,298975.31,74743.8275,3,0.0,3,False,934,0.25,0.1284796573875803,99658.43666666666
P0080,E06,2,149895.96,74947.98,2,0.5,1,False,180,0.0,0.3333333333333333,149895.96
P0080,E07,1,13922.89,13922.89,1,0.0,1,False,1,0.0,30.0,13922.89
P0080,E08,2,49009.99,24504.995,2,0.5,2,False,650,0.0,0.0923076923076923,24504.995
P0080,E13,1,244111.86,244111.86,1,1.0,1,False,1,0.0,30.0,244111.86
P0080,E17,1,25268.88,25268.88,1,1.0,1,False,1,0.0,30.0,25268.88
P0081,E02,1,54837.16,54837.16,1,0.0,1,False,1,0.0,30.0,54837.16
P0081,E03,3,255858.46000000002,85286.15333333334,3,0.3333333333333333,1,False,648,0.0,0.13888888888888887,255858.46000000002
P0081,E05,2,171770.66,85885.33,2,0.0,2,False,349,0.0,0.17191977077363899,85885.33
P0081,E06,3,334822.44,111607.48,3,0.3333333333333333,2,False,357,0.0,0.25210084033613445,167411.22
P0081,E08,2,429468.64,214734.32,2,0.0,2,False,243,0.0,0.2469135802469136,214734.32
P0081,E09,1,45421.99,45421.99,1,1.0,1,False,1,0.0,30.0,45421.99
P0081,E11,1,39380.4,39380.4,1,0.0,1,False,1,0.0,30.0,39380.4
P0081,E12,1,61530.634999999995,61530.634999999995,1,1.0,1,False,1,0.0,30.0,61530.634999999995
P0081,E13,2,171435.02,85717.51,2,0.5,2,False,370,0.0,0.16216216216216214,85717.51
P0081,E15,1,173478.97,173478.97,1,0.0,1,False,1,0.0,30.0,173478.97
P0081,E17,2,54594.880000000005,27297.440000000002,2,1.0,2,False,660,0.0,0.09090909090909091,27297.440000000002
P0082,E00,1,36485.23,36485.23,1,1.0,1,False,1,0.0,30.0,36485.23
P0082,E01,4,370144.24,92536.06,4,1.0,3,False,1078,0.0,0.11131725417439704,123381.41333333333
P0082,E03,1,49475.83,49475.83,1,1.0,1,False,1,0.0,30.0,49475.83
P0082,E04,1,60259.78,60259.78,1,1.0,1,False,1,0.0,30.0,60259.78
P0082,E05,2,147281.62,73640.81,1,0.5,2,False,601,0.5,0.09983361064891846,73640.81
P0082,E06,1,80028.21,80028.21,1,1.0,1,False,1,0.0,30.0,80028.21
P0082,E08,1,42252.26,42252.26,1,0.0,1,False,1,0.0,30.0,42252.26
P0082,E09,1,219584.62,219584.62,1,1.0,1,False,1,0.0,30.0,219584.62
P0082,E10,1,411902.79,411902.79,1,1.0,1,False,1,0.0,30.0,411902.79
P0082,E12,1,86207.78,86207.78,1,0.0,1,False,1,0.0,30.0,86207.78
P0082,E13,3,228086.14,76028.71333333333,2,0.3333333333333333,2,False,946,0.33333333333333337,0.09513742071881606,114043.07
P0082,E14,2,314392.96,157196.48,2,0.5,2,False,379,0.0,0.158311345646438,157196.48
P0082,E15,2,123071.1,61535.55,2,1.0,1,False,387,0.0,0.15503875968992248,123071.1
P0082,E17,1,9227.09,9227.09,1,0.0,1,False,1,0.0,30.0,9227.09
P0083,E05,1,21012.1,21012.1,1,0.0,1,False,1,0.0,30.0,21012.1
P0083,E06,3,188956.905,62985.635,3,0.0,1,False,322,0.0,0.27950310559006214,188956.905
P0083,E07,1,240228.33,240228.33,1,0.0,1,False,1,0.0,30.0,240228.33
P0083,E08,1,28931.3,28931.3,1,1.0,1,False,1,0.0,30.0,28931.3
P0083,E09,2,346399.05,173199.525,2,0.5,2,False,268,0.0,0.22388059701492538,173199.525
P0083,E11,1,11524.41,11524.41,1,0.0,1,False,1,0.0,30.0,11524.41
P0083,E13,1,322464.43,322464.43,1,0.0,1,False,1,0.0,30.0,322464.43
P0083,E14,2,515822.05,257911.025,2,1.0,2,False,436,0.0,0.13761467889908258,257911.025
P0083,E16,1,196929.42,196929.42,1,1.0,1,False,1,0.0,30.0,196929.42
P0083,E17,2,64176.119999999995,32088.059999999998,2,0.0,2,False,376,0.0,0.1595744680851064,32088.059999999998
P0084,E00,2,116013.87,58006.935,2,0.5,2,False,70,0.0,0.8571428571428571,58006.935
P0084,E01,1,18530.09,18530.09,1,0.0,1,False,1,0.0,30.0,18530.09
P0084,E02,1,47533.7,47533.7,1,1.0,1,False,1,0.0,30.0,47533.7
P0084,E03,1,52990.61,52990.61,1,1.0,1,False,1,0.0,30.0,52990.61
P0084,E04,1,207541.92,207541.92,1,1.0,1,False,1,0.0,30.0,207541.92
P0084,E05,1,12480.02,12480.02,1,1.0,1,False,1,0.0,30.0,12480.02
P0084,E06,1,16313.91,16313.91,1,0.0,1,False,1,0.0,30.0,16313.91
P0084,E07,1,28464.47,28464.47,1,1.0,1,False,1,0.0,30.0,28464.47
P0084,E09,1,30576.38,30576.38,1,0.0,1,False,1,0.0,30.0,30576.38
P0084,E11,2,67511.81999999999,33755.909999999996,2,0.5,2,False,409,0.0,0.1466992665036675,33755.909999999996
P0084,E12,1,23848.0,23848.0,1,0.0,1,False,1,0.0,30.0,23848.0
P0084,E13,1,112353.07,112353.07,1,0.0,1,False,1,0.0,30.0,112353.07
P0084,E14,2,37591.52,18795.76,1,1.0,2,False,90,0.5,0.6666666666666666,18795.76
P0084,E15,1,65787.36,65787.36,1,0.0,1,False,1,0.0,30.0,65787.36
P0084,E16,1,61530.634999999995,61530.634999999995,1,0.0,1,False,1,0.0,30.0,61530.634999999995
P0084,E17,1,48965.14,48965.14,1,0.0,1,False,1,0.0,30.0,48965.14
P0085,E02,1,109733.59,109733.59,1,0.0,1,False,1,0.0,30.0,109733.59
P0085,E05,1,8277.82,8277.82,1,0.0,1,False,1,0.0,30.0,8277.82
P0085,E06,2,91716.33,45858.165,2,0.0,2,False,345,0.0,0.17391304347826086,45858.165
P0085,E07,2,127258.56,63629.28,2,0.0,2,False,682,0.0,0.0879765395894428,63629.28
P0085,E08,1,22316.42,22316.42,1,0.0,1,False,1,0.0,30.0,22316.42
P0085,E10,1,112191.83,112191.83,1,0.0,1,False,1,0.0,30.0,112191.83
P0085,E12,2,107418.26000000001,53709.130000000005,2,0.5,2,False,702,0.0,0.08547008547008547,53709.130000000005
P0085,E13,1,45348.13,45348.13,1,0.0,1,False,1,0.0,30.0,45348.13
P0085,E14,2,41479.909999999996,20739.954999999998,2,0.5,2,False,264,0.0,0.22727272727272727,20739.954999999998
P0085,E15,1,126147.48,126147.48,1,0.0,1,False,1,0.0,30.0,126147.48
P0086,E01,1,43666.93,43666.93,1,0.0,1,False,1,0.0,30.0,43666.93
P0086,E02,4,339726.83,84931.7075,4,0.25,2,False,994,0.0,0.12072434607645875,169863.415
P0086,E04,1,63748.33,63748.33,1,0.0,1,False,1,0.0,30.0,63748.33
P0086,E07,1,140740.51,140740.51,1,0.0,1,False,1,0.0,30.0,140740.51
P0086,E08,2,256734.40999999997,128367.20499999999,2,1.0,2,False,663,0.0,0.09049773755656108,128367.20499999999
P0086,E09,1,61530.634999999995,61530.634999999995,1,0.0,1,False,1,0.0,30.0,61530.634999999995
P0086,E10,2,173987.38,86993.69,2,0.0,1,False,548,0.0,0.10948905109489052,173987.38
P0086,E11,2,125492.41,62746.205,2,1.0,2,False,551,0.0,0.1088929219600726,62746.205
P0086,E13,1,22863.0,22863.0,1,1.0,1,False,1,0.0,30.0,22863.0
P0086,E15,1,62269.56,62269.56,1,0.0,1,False,1,0.0,30.0,62269.56
P0086,E17,2,55034.13,27517.065,1,0.0,2,False,648,0.5,0.09259259259259259,27517.065
P0087,E01,1,60933.41,60933.41,1,0.0,1,False,1,0.0,30.0,60933.41
P0087,E02,2,221180.02000000002,110590.01000000001,2,0.5,1,False,477,0.0,0.12578616352201258,221180.02000000002
P0087,E03,1,135812.44,135812.44,1,0.0,1,False,1,0.0,30.0,135812.44
P0087,E06,1,60759.16,60759.16,1,1.0,1,False,1,0.0,30.0,60759.16
P0087,E08,3,217247.72999999998,72415.90999999999,3,0.3333333333333333,3,False,525,0.0,0.17142857142857143,72415.90999999999
P0087,E09,2,232014.93,116007.465,1,1.0,2,False,482,0.5,0.12448132780082988,116007.465
P0087,E14,1,78640.75,78640.75,1,1.0,1,False,1,0.0,30.0,78640.75
P0087,E16,1,74226.48,74226.48,1,0.0,1,False,1,0.0,30.0,74226.48
P0087,E17,1,126684.75,126684.75,1,0.0,1,False,1,0.0,30.0,126684.75
P0088,E00,2,280332.56,140166.28,2,0.0,2,False,491,0.0,0.12219959266802444,140166.28
P0088,E01,1,184391.78,184391.78,1,0.0,1,False,1,0.0,30.0,184391.78
P0088,E02,1,166429.15,166429.15,1,1.0,1,False,1,0.0,30.0,166429.15
P0088,E03,1,72784.84,72784.84,1,0.0,1,False,1,0.0,30.0,72784.84
P0088,E04,2,94428.58,47214.29,2,0.0,2,False,18,0.0,3.3333333333333335,47214.29
P0088,E05,1,138606.84,138606.84,1,0.0,1,False,1,0.0,30.0,138606.84
P0088,E06,1,24971.74,24971.74,1,0.0,1,False,1,0.0,30.0,24971.74
P0088,E07,2,358440.30000000005,179220.15000000002,2,1.0,1,False,222,0.0,0.27027027027027023,358440.30000000005
P0088,E09,1,15969.39,15969.39,1,1.0,1,False,1,0.0,30.0,15969.39
P0088,E10,1,23605.23,23605.23,1,0.0,1,False,1,0.0,30.0,23605.23
P0088,E11,2,421679.12,210839.56,2,0.5,2,False,875,0.0,0.06857142857142857,210839.56
P0088,E12,2,169437.825,84718.9125,2,0.5,2,False,819,0.0,0.07326007326007326,84718.9125
P0088,E14,3,204354.11,68118.03666666667,2,0.6666666666666666,2,False,931,0.33333333333333337,0.09667024704618689,102177.055
P0088,E15,1,114068.95,114068.95,1,0.0,1,False,1,0.0,30.0,114068.95
P0088,E16,2,321146.54000000004,160573.27000000002,2,0.0,1,False,190,0.0,0.31578947368421056,321146.54000000004
P0088,E17,1,23537.01,23537.01,1,1.0,1,False,1,0.0,30.0,23537.01
P0089,E00,1,14150.89,14150.89,1,0.0,1,False,1,0.0,30.0,14150.89
P0089,E01,1,96784.4,96784.4,1,1.0,1,False,1,0.0,30.0,96784.4
P0089,E02,1,14193.69,14193.69,1,0.0,1,False,1,0.0,30.0,14193.69
P0089,E03,2,19541.309999999998,9770.654999999999,2,0.0,1,False,760,0.0,0.07894736842105264,19541.309999999998
P0089,E04,2,124476.56000000001,62238.280000000006,2,1.0,2,False,77,0.0,0.7792207792207791,62238.280000000006
P0089,E06,3,195882.79,65294.263333333336,2,0.6666666666666666,1,False,849,0.33333333333333337,0.10600706713780919,195882.79
P0089,E08,1,159768.27,159768.27,1,0.0,1,False,1,0.0,30.0,159768.27
P0089,E09,1,97192.95,97192.95,1,0.0,1,False,1,0.0,30.0,97192.95
P0089,E10,1,16696.99,16696.99,1,1.0,1,False,1,0.0,30.0,16696.99
P0089,E12,1,82491.11,82491.11,1,0.0,1,False,1,0.0,30.0,82491.11
P0089,E15,1,161935.86,161935.86,1,0.0,1,False,1,0.0,30.0,161935.86
P0089,E16,2,66639.92,33319.96,2,1.0,2,False,490,0.0,0.12244897959183675,33319.96
P0089,E17,1,19082.28,19082.28,1,1.0,1,False,1,0.0,30.0,19082.28
P0090,E02,2,17773.12,8886.56,2,0.0,2,False,39,0.0,1.5384615384615383,8886.56
P0090,E05,1,21349.81,21349.81,1,1.0,1,False,1,0.0,30.0,21349.81
P0090,E08,1,50760.83,50760.83,1,0.0,1,False,1,0.0,30.0,50760.83
P0090,E09,1,57864.52,57864.52,1,0.0,1,False,1,0.0,30.0,57864.52
P0090,E10,3,148681.36,49560.45333333333,3,0.6666666666666666,2,False,477,0.0,0.18867924528301885,74340.68
P0090,E11,1,8769.93,8769.93,1,1.0,1,False,1,0.0,30.0,8769.93
P0090,E13,3,388401.78,129467.26000000001,3,0.3333333333333333,2,False,146,0.0,0.6164383561643836,194200.89
P0090,E16,1,104622.82,104622.82,1,0.0,1,False,1,0.0,30.0,104622.82
P0090,E17,1,49026.7,49026.7,1,1.0,1,False,1,0.0,30.0,49026.7
P0091,E01,1,135618.82,135618.82,1,0.0,1,False,1,0.0,30.0,135618.82
P0091,E03,2,372869.41,186434.705,2,1.0,1,False,269,0.0,0.22304832713754646,372869.41
P0091,E08,1,12914.92,12914.92,1,0.0,1,False,1,0.0,30.0,12914.92
P0091,E09,1,143526.89,143526.89,1,0.0,1,False,1,0.0,30.0,143526.89
P0091,E10,1,83315.13,83315.13,1,0.0,1,False,1,0.0,30.0,83315.13
P0091,E11,1,39642.74,39642.74,1,0.0,1,False,1,0.0,30.0,39642.74
P0091,E15,4,122282.17,30570.5425,4,0.25,1,False,411,0.0,0.29197080291970806,122282.17
P0091,E16,1,30028.29,30028.29,1,1.0,1,False,1,0.0,30.0,30028.29
P0091,E17,1,9364.17,9364.17,1,0.0,1,False,1,0.0,30.0,9364.17
P0092,E00,1,41159.53,41159.53,1,1.0,1,False,1,0.0,30.0,41159.53
P0092,E01,2,227312.34,113656.17,2,0.5,2,False,170,0.0,0.3529411764705882,113656.17
P0092,E02,1,391149.3,391149.3,1,1.0,1,False,1,0.0,30.0,391149.3
P0092,E03,1,134782.19,134782.19,1,1.0,1,False,1,0.0,30.0,134782.19
P0092,E05,2,79619.295,39809.6475,2,0.5,2,False,632,0.0,0.0949367088607595,39809.6475
P0092,E06,2,184589.22,92294.61,2,0.0,1,False,737,0.0,0.0814111261872456,184589.22
P0092,E07,2,152834.11000000002,76417.05500000001,2,1.0,2,False,292,0.0,0.20547945205479454,76417.05500000001
P0092,E08,1,35158.52,35158.52,1,1.0,1,False,1,0.0,30.0,35158.52
P0092,E11,1,104227.37,104227.37,1,0.0,1,False,1,0.0,30.0,104227.37
P0092,E12,1,11013.76,11013.76,1,1.0,1,False,1,0.0,30.0,11013.76
P0092,E13,1,33759.88,33759.88,1,0.0,1,False,1,0.0,30.0,33759.88
P0092,E14,1,21378.99,21378.99,1,0.0,1,False,1,0.0,30.0,21378.99
P0092,E16,1,28874.47,28874.47,1,1.0,1,False,1,0.0,30.0,28874.47
P0092,E17,2,275711.57,137855.785,2,0.5,1,False,490,0.0,0.12244897959183675,275711.57
P0093,E03,1,100675.78,100675.78,1,0.0,1,False,1,0.0,30.0,100675.78
P0093,E05,3,254669.62,84889.87333333334,3,0.6666666666666666,3,False,369,0.0,0.24390243902439024,84889.87333333334
P0093,E06,5,265271.33,53054.266,5,0.8,2,False,859,0.0,0.17462165308498254,132635.665
P0093,E08,2,192306.31,96153.155,2,0.5,2,False,447,0.0,0.1342281879194631,96153.155
P0093,E11,2,127474.215,63737.1075,1,0.0,2,False,39,0.5,1.5384615384615383,63737.1075
P0093,E14,2,77284.41,38642.205,2,0.0,1,False,108,0.0,0.5555555555555556,77284.41
P0093,E15,1,131743.37,131743.37,1,0.0,1,False,1,0.0,30.0,131743.37
P0093,E16,6,1064785.11,177464.18500000003,2,0.16666666666666666,2,False,703,0.6666666666666667,0.25604551920341395,532392.555
P0093,E17,2,131531.38,65765.69,2,0.0,2,False,54,0.0,1.1111111111111112,65765.69
P0094,E00,3,499158.26,166386.08666666667,2,0.3333333333333333,2,False,957,0.33333333333333337,0.09404388714733543,249579.13
P0094,E01,1,10393.3,10393.3,1,0.0,1,False,1,0.0,30.0,10393.3
P0094,E05,3,222926.96999999997,74308.98999999999,2,0.3333333333333333,3,False,252,0.33333333333333337,0.35714285714285715,74308.98999999999
P0094,E07,2,141531.48,70765.74,2,0.0,2,False,987,0.0,0.060790273556231005,70765.74
P0094,E08,1,61530.634999999995,61530.634999999995,1,0.0,1,False,1,0.0,30.0,61530.634999999995
P0094,E09,1,804256.66,804256.66,1,1.0,1,False,1,0.0,30.0,804256.66
P0094,E10,1,171792.32,171792.32,1,0.0,1,False,1,0.0,30.0,171792.32
P0094,E11,2,57503.020000000004,28751.510000000002,2,0.0,2,False,55,0.0,1.090909090909091,28751.510000000002
P0094,E12,3,171385.06,57128.35333333333,3,0.6666666666666666,1,False,1061,0.0,0.08482563619227144,171385.06
P0094,E13,1,77409.29,77409.29,1,0.0,1,False,1,0.0,30.0,77409.29
P0094,E14,1,596950.27,596950.27,1,1.0,1,False,1,0.0,30.0,596950.27
P0094,E17,3,363994.5,121331.5,3,0.3333333333333333,2,False,237,0.0,0.37974683544303794,181997.25
P0095,E00,1,31750.67,31750.67,1,0.0,1,False,1,0.0,30.0,31750.67
P0095,E01,2,90055.75,45027.875,2,0.5,2,False,449,0.0,0.13363028953229397,45027.875
P0095,E02,1,185837.39,185837.39,1,0.0,1,False,1,0.0,30.0,185837.39
P0095,E03,1,12344.76,12344.76,1,0.0,1,False,1,0.0,30.0,12344.76
P0095,E05,2,107894.28,53947.14,2,0.5,2,False,404,0.0,0.1485148514851485,53947.14
P0095,E10,1,4836.3,4836.3,1,0.0,1,False,1,0.0,30.0,4836.3
P0095,E11,1,213644.33,213644.33,1,0.0,1,False,1,0.0,30.0,213644.33
P0095,E12,1,302034.31,302034.31,1,1.0,1,False,1,0.0,30.0,302034.31
P0095,E13,4,190277.29,47569.3225,3,0.75,3,False,811,0.25,0.14796547472256472,63425.763333333336
P0095,E14,1,269549.34,269549.34,1,0.0,1,False,1,0.0,30.0,269549.34
P0095,E15,1,9624.73,9624.73,1,0.0,1,False,1,0.0,30.0,9624.73
P0095,E16,3,429632.45999999996,143210.81999999998,2,0.6666666666666666,2,False,791,0.33333333333333337,0.11378002528445007,214816.22999999998
P0095,E17,2,242338.37,121169.185,2,0.0,2,False,669,0.0,0.08968609865470852,121169.185
P0096,E00,1,27364.89,27364.89,1,0.0,1,False,1,0.0,30.0,27364.89
P0096,E02,1,252982.8,252982.8,1,1.0,1,False,1,0.0,30.0,252982.8
P0096,E04,1,403846.59,403846.59,1,1.0,1,False,1,0.0,30.0,403846.59
P0096,E06,1,60360.96,60360.96,1,0.0,1,False,1,0.0,30.0,60360.96
P0096,E07,1,61697.98,61697.98,1,0.0,1,False,1,0.0,30.0,61697.98
P0096,E08,1,22553.07,22553.07,1,1.0,1,False,1,0.0,30.0,22553.07
P0096,E09,3,128316.05,42772.01666666667,2,0.6666666666666666,2,False,432,0.33333333333333337,0.20833333333333331,64158.025
P0096,E11,1,27496.82,27496.82,1,1.0,1,False,1,0.0,30.0,27496.82
P0096,E12,1,68810.51,68810.51,1,1.0,1,False,1,0.0,30.0,68810.51
P0096,E13,1,31284.46,31284.46,1,0.0,1,False,1,0.0,30.0,31284.46
P0096,E14,2,88275.08499999999,44137.542499999996,2,0.0,1,False,67,0.0,0.8955223880597015,88275.08499999999
P0096,E15,1,632666.83,632666.83,1,0.0,1,False,1,0.0,30.0,632666.83
P0096,E16,1,61530.634999999995,61530.634999999995,1,1.0,1,False,1,0.0,30.0,61530.634999999995
P0096,E17,2,101808.27,50904.135,2,0.0,2,False,94,0.0,0.6382978723404256,50904.135
P0097,E00,2,24369.52,12184.76,2,0.5,1,False,607,0.0,0.09884678747940691,24369.52
P0097,E02,1,47295.28,47295.28,1,0.0,1,False,1,0.0,30.0,47295.28
P0097,E05,1,52788.02,52788.02,1,0.0,1,False,1,0.0,30.0,52788.02
P0097,E06,1,5852.53,5852.53,1,1.0,1,False,1,0.0,30.0,5852.53
P0097,E13,1,69046.38,69046.38,1,1.0,1,False,1,0.0,30.0,69046.38
P0097,E15,1,28483.47,28483.47,1,0.0,1,False,1,0.0,30.0,28483.47
P0098,E00,1,32176.39,32176.39,1,0.0,1,False,1,0.0,30.0,32176.39
P0098,E01,1,95328.13,95328.13,1,0.0,1,False,1,0.0,30.0,95328.13
P0098,E02,3,490285.62,163428.54,1,0.0,1,False,2,0.6666666666666667,45.0,490285.62
P0098,E03,2,69109.02,34554.51,2,0.0,1,False,1008,0.0,0.05952380952380952,69109.02
P0098,E04,1,90050.88,90050.88,1,1.0,1,False,1,0.0,30.0,90050.88
P0098,E06,1,78456.13,78456.13,1,0.0,1,False,1,0.0,30.0,78456.13
P0098,E07,1,235483.12,235483.12,1,0.0,1,False,1,0.0,30.0,235483.12
P0098,E09,2,384255.4,192127.7,2,0.5,1,False,824,0.0,0.07281553398058253,384255.4
P0098,E14,4,365712.47,91428.1175,3,0.25,2,False,754,0.25,0.15915119363395225,182856.235
P0098,E15,2,211107.63,105553.815,2,0.5,1,False,236,0.0,0.2542372881355932,211107.63
P0098,E17,1,38240.24,38240.24,1,0.0,1,False,1,0.0,30.0,38240.24
P0099,E00,1,120139.87,120139.87,1,1.0,1,False,1,0.0,30.0,120139.87
P0099,E02,3,280622.90499999997,93540.96833333332,3,0.3333333333333333,3,False,754,0.0,0.1193633952254642,93540.96833333332
P0099,E03,1,24438.41,24438.41,1,0.0,1,False,1,0.0,30.0,24438.41
P0099,E04,1,71471.16,71471.16,1,1.0,1,False,1,0.0,30.0,71471.16
P0099,E05,3,178917.71,59639.236666666664,2,0.0,3,False,652,0.33333333333333337,0.1380368098159509,59639.236666666664
P0099,E06,1,82675.32,82675.32,1,0.0,1,False,1,0.0,30.0,82675.32
P0099,E09,1,126202.02,126202.02,1,1.0,1,False,1,0.0,30.0,126202.02
P0099,E10,2,108060.2,54030.1,1,0.5,2,False,25,0.5,2.4,54030.1
P0099,E12,1,11409.97,11409.97,1,0.0,1,False,1,0.0,30.0,11409.97
P0099,E13,2,110827.61000000002,55413.80500000001,2,1.0,1,False,535,0.0,0.11214953271028039,110827.61000000002
P0099,E17,1,41636.79,41636.79,1,0.0,1,False,1,0.0,30.0,41636.79
P0100,E00,1,131542.39,131542.39,1,0.0,1,False,1,0.0,30.0,131542.39
P0100,E01,1,42804.56,42804.56,1,1.0,1,False,1,0.0,30.0,42804.56
P0100,E02,2,123570.32,61785.16,2,0.0,2,False,174,0.0,0.3448275862068966,61785.16
P0100,E03,1,59227.2,59227.2,1,0.0,1,False,1,0.0,30.0,59227.2
P0100,E06,1,66309.89,66309.89,1,1.0,1,False,1,0.0,30.0,66309.89
P0100,E07,1,73911.8,73911.8,1,0.0,1,False,1,0.0,30.0,73911.8
P0100,E08,2,789934.0900000001,394967.04500000004,2,0.0,2,False,484,0.0,0.12396694214876033,394967.04500000004
P0100,E09,1,27312.6,27312.6,1,1.0,1,False,1,0.0,30.0,27312.6
P0100,E11,1,56584.54,56584.54,1,1.0,1,False,1,0.0,30.0,56584.54
P0100,E13,1,56397.34,56397.34,1,0.0,1,False,1,0.0,30.0,56397.34
P0100,E14,1,49485.63,49485.63,1,1.0,1,False,1,0.0,30.0,49485.63
P0100,E16,1,75935.07,75935.07,1,1.0,1,False,1,0.0,30.0,75935.07
P0100,E17,3,276613.8,92204.59999999999,2,0.3333333333333333,2,False,1129,0.33333333333333337,0.07971656333038087,138306.9
P0101,E01,2,251350.90999999997,125675.45499999999,2,0.5,1,False,829,0.0,0.07237635705669482,251350.90999999997
P0101,E02,1,75385.33,75385.33,1,0.0,1,False,1,0.0,30.0,75385.33
P0101,E04,2,116641.545,58320.7725,2,0.5,2,False,644,0.0,0.09316770186335405,58320.7725
P0101,E06,1,10178.27,10178.27,1,1.0,1,False,1,0.0,30.0,10178.27
P0101,E08,2,148373.01,74186.505,2,1.0,2,False,259,0.0,0.23166023166023167,74186.505
P0101,E10,3,408272.41000000003,136090.80333333334,3,0.6666666666666666,2,False,1227,0.0,0.07334963325183375,204136.20500000002
P0101,E14,3,221428.49,73809.49666666666,2,0.6666666666666666,2,False,668,0.33333333333333337,0.1347305389221557,110714.245
P0101,E15,2,152230.54,76115.27,1,1.0,1,False,6,0.5,10.0,152230.54
P0101,E16,1,64822.23,64822.23,1,0.0,1,False,1,0.0,30.0,64822.23
P0102,E00,2,142365.56,71182.78,2,0.5,2,False,816,0.0,0.07352941176470588,71182.78
P0102,E01,1,32927.98,32927.98,1,1.0,1,False,1,0.0,30.0,32927.98
P0102,E02,1,187449.73,187449.73,1,0.0,1,False,1,0.0,30.0,187449.73
P0102,E03,1,26376.96,26376.96,1,0.0,1,False,1,0.0,30.0,26376.96
P0102,E06,1,18973.45,18973.45,1,0.0,1,False,1,0.0,30.0,18973.45
P0102,E08,1,68514.15,68514.15,1,1.0,1,False,1,0.0,30.0,68514.15
P0102,E09,3,581987.83,193995.94333333333,3,0.3333333333333333,2,False,838,0.0,0.10739856801909307,290993.915
P0102,E11,1,132257.68,132257.68,1,1.0,1,False,1,0.0,30.0,132257.68
P0102,E12,1,117183.87,117183.87,1,0.0,1,False,1,0.0,30.0,117183.87
P0102,E13,1,146945.26,146945.26,1,0.0,1,False,1,0.0,30.0,146945.26
P0102,E15,1,21525.12,21525.12,1,1.0,1,False,1,0.0,30.0,21525.12
P0102,E16,1,61764.6,61764.6,1,0.0,1,False,1,0.0,30.0,61764.6
P0102,E17,1,27939.7,27939.7,1,0.0,1,False,1,0.0,30.0,27939.7
P0103,E02,1,37437.7,37437.7,1,0.0,1,False,1,0.0,30.0,37437.7
P0103,E07,4,318428.82999999996,79607.20749999999,3,0.25,2,False,330,0.25,0.36363636363636365,159214.41499999998
P0103,E09,2,174962.02,87481.01,2,0.5,2,False,564,0.0,0.10638297872340426,87481.01
P0103,E10,1,33088.72,33088.72,1,0.0,1,False,1,0.0,30.0,33088.72
P0103,E12,3,583811.81,194603.93666666668,3,0.6666666666666666,1,False,134,0.0,0.6716417910447761,583811.81
P0103,E13,2,250381.18,125190.59,2,0.5,1,False,275,0.0,0.2181818181818182,250381.18
P0103,E14,1,67367.14,67367.14,1,1.0,1,False,1,0.0,30.0,67367.14
P0103,E15,1,69228.42,69228.42,1,0.0,1,False,1,0.0,30.0,69228.42
P0103,E16,1,46320.78,46320.78,1,0.0,1,False,1,0.0,30.0,46320.78
P0104,E00,2,93535.85,46767.925,2,0.5,2,False,983,0.0,0.061037639877924724,46767.925
P0104,E01,1,14442.76,14442.76,1,0.0,1,False,1,0.0,30.0,14442.76
P0104,E02,1,21010.79,21010.79,1,0.0,1,False,1,0.0,30.0,21010.79
P0104,E04,2,37229.38,18614.69,2,0.5,2,False,514,0.0,0.11673151750972763,18614.69
P0104,E05,1,74325.15,74325.15,1,0.0,1,False,1,0.0,30.0,74325.15
P0104,E06,4,214380.785,53595.19625,4,0.5,2,False,1162,0.0,0.10327022375215146,107190.3925
P0104,E07,1,176135.64,176135.64,1,0.0,1,False,1,0.0,30.0,176135.64
P0104,E09,1,77637.66,77637.66,1,0.0,1,False,1,0.0,30.0,77637.66
P0104,E10,2,23035.21,11517.605,2,0.5,1,False,470,0.0,0.12765957446808512,23035.21
P0104,E11,1,166189.31,166189.31,1,0.0,1,False,1,0.0,30.0,166189.31
P0104,E14,1,439955.34,439955.34,1,0.0,1,False,1,0.0,30.0,439955.34
P0104,E17,1,35274.77,35274.77,1,0.0,1,False,1,0.0,30.0,35274.77
P0105,E02,1,66694.68,66694.68,1,1.0,1,False,1,0.0,30.0,66694.68
P0105,E03,1,95570.06,95570.06,1,0.0,1,False,1,0.0,30.0,95570.06
P0105,E06,1,39857.12,39857.12,1,0.0,1,False,1,0.0,30.0,39857.12
P0105,E07,1,59340.19,59340.19,1,0.0,1,False,1,0.0,30.0,59340.19
P0105,E08,1,33124.26,33124.26,1,0.0,1,False,1,0.0,30.0,33124.26
P0105,E10,2,79045.37,39522.685,2,0.0,1,False,109,0.0,0.5504587155963303,79045.37
P0105,E11,1,66681.73,66681.73,1,1.0,1,False,1,0.0,30.0,66681.73
P0105,E12,1,725069.52,725069.52,1,0.0,1,False,1,0.0,30.0,725069.52
P0105,E13,2,110281.59,55140.795,2,0.0,2,False,17,0.0,3.5294117647058822,55140.795
P0105,E15,1,74272.88,74272.88,1,1.0,1,False,1,0.0,30.0,74272.88
P0105,E16,2,113214.29000000001,56607.145000000004,1,0.0,2,False,705,0.5,0.0851063829787234,56607.145000000004
P0106,E03,3,619783.95,206594.65,3,0.0,1,False,1140,0.0,0.07894736842105263,619783.95
P0106,E04,2,135522.96000000002,67761.48000000001,2,0.5,2,False,886,0.0,0.06772009029345372,67761.48000000001
P0106,E07,1,179165.32,179165.32,1,1.0,1,False,1,0.0,30.0,179165.32
P0106,E12,1,22376.33,22376.33,1,0.0,1,False,1,0.0,30.0,22376.33
P0106,E17,1,83203.26,83203.26,1,1.0,1,False,1,0.0,30.0,83203.26
P0107,E04,4,251926.25,62981.5625,4,0.0,3,False,854,0.0,0.14051522248243561,83975.41666666667
P0107,E07,1,177010.84,177010.84,1,1.0,1,False,1,0.0,30.0,177010.84
P0107,E09,2,267387.24,133693.62,2,0.0,2,False,605,0.0,0.09917355371900825,133693.62
P0107,E10,2,120492.5,60246.25,2,0.0,2,False,644,0.0,0.09316770186335405,60246.25
P0107,E12,1,61530.634999999995,61530.634999999995,1,1.0,1,False,1,0.0,30.0,61530.634999999995
P0107,E13,1,76241.39,76241.39,1,1.0,1,False,1,0.0,30.0,76241.39
P0107,E14,2,427020.69,213510.345,2,0.0,1,False,175,0.0,0.34285714285714286,427020.69
P0107,E15,3,612860.78,204286.92666666667,3,0.3333333333333333,1,False,526,0.0,0.17110266159695817,612860.78
P0107,E16,1,50958.95,50958.95,1,0.0,1,False,1,0.0,30.0,50958.95
P0107,E17,5,602859.25,120571.85,3,0.2,2,False,895,0.4,0.1675977653631285,301429.625
P0108,E01,1,10253.6,10253.6,1,0.0,1,False,1,0.0,30.0,10253.6
P0108,E02,2,65079.26,32539.63,1,1.0,2,False,156,0.5,0.3846153846153846,32539.63
P0108,E03,1,185232.6,185232.6,1,1.0,1,False,1,0.0,30.0,185232.6
P0108,E06,2,101061.68000000001,50530.840000000004,2,0.0,1,False,873,0.0,0.06872852233676975,101061.68000000001
P0108,E07,1,69519.2,69519.2,1,0.0,1,False,1,0.0,30.0,69519.2
P0108,E09,1,51685.19,51685.19,1,0.0,1,False,1,0.0,30.0,51685.19
P0108,E10,1,11087.04,11087.04,1,0.0,1,False,1,0.0,30.0,11087.04
P0108,E11,2,111848.15,55924.075,2,0.0,2,False,959,0.0,0.06256517205422316,55924.075
P0108,E12,2,836353.14,418176.57,2,0.5,1,False,96,0.0,0.625,836353.14
P0108,E16,1,64683.825,64683.825,1,0.0,1,False,1,0.0,30.0,64683.825
P0108,E17,4,311772.55,77943.1375,4,0.25,3,False,1099,0.0,0.1091901728844404,103924.18333333333
P0109,E02,2,146397.38999999998,73198.69499999999,2,1.0,2,False,436,0.0,0.13761467889908258,73198.69499999999
P0109,E04,1,11032.01,11032.01,1,0.0,1,False,1,0.0,30.0,11032.01
P0109,E06,1,121558.7,121558.7,1,1.0,1,False,1,0.0,30.0,121558.7
P0109,E07,1,113250.19,113250.19,1,0.0,1,False,1,0.0,30.0,113250.19
P0109,E08,1,4421.4,4421.4,1,0.0,1,False,1,0.0,30.0,4421.4
P0109,E09,1,213805.24,213805.24,1,1.0,1,False,1,0.0,30.0,213805.24
P0109,E12,1,36947.84,36947.84,1,1.0,1,False,1,0.0,30.0,36947.84
P0109,E15,3,155578.39,51859.46333333334,3,0.6666666666666666,1,False,528,0.0,0.17045454545454544,155578.39
P0110,E00,1,61530.634999999995,61530.634999999995,1,1.0,1,False,1,0.0,30.0,61530.634999999995
P0110,E03,2,238321.14,119160.57,2,0.5,1,False,510,0.0,0.11764705882352941,238321.14
P0110,E05,1,27553.52,27553.52,1,0.0,1,False,1,0.0,30.0,27553.52
P0110,E06,2,118739.68,59369.84,2,1.0,1,False,261,0.0,0.2298850574712644,118739.68
P0110,E07,1,221081.21,221081.21,1,0.0,1,False,1,0.0,30.0,221081.21
P0110,E08,1,101602.91,101602.91,1,0.0,1,False,1,0.0,30.0,101602.91
P0110,E09,2,384922.05,192461.025,2,0.0,2,False,111,0.0,0.5405405405405405,192461.025
P0110,E11,1,62045.9,62045.9,1,0.0,1,False,1,0.0,30.0,62045.9
P0110,E12,2,234539.94,117269.97,2,0.5,1,False,697,0.0,0.0860832137733142,234539.94
P0110,E15,1,106166.68,106166.68,1,0.0,1,False,1,0.0,30.0,106166.68
P0110,E16,1,43698.25,43698.25,1,1.0,1,False,1,0.0,30.0,43698.25
P0111,E01,2,34283.55,17141.775,2,0.5,1,False,1207,0.0,0.04971002485501243,34283.55
P0111,E02,2,438960.62,219480.31,2,0.5,1,False,102,0.0,0.5882352941176471,438960.62
P0111,E03,2,32184.510000000002,16092.255000000001,2,1.0,1,False,151,0.0,0.3973509933774835,32184.510000000002
P0111,E04,1,71005.19,71005.19,1,1.0,1,False,1,0.0,30.0,71005.19
P0111,E05,2,69629.45,34814.725,2,0.5,1,False,1085,0.0,0.055299539170506916,69629.45
P0111,E07,2,195182.7,97591.35,2,0.5,2,False,895,0.0,0.0670391061452514,97591.35
P0111,E10,2,129841.35,64920.675,2,1.0,2,False,712,0.0,0.08426966292134831,64920.675
P0111,E13,1,18769.91,18769.91,1,0.0,1,False,1,0.0,30.0,18769.91
P0111,E14,2,146944.76,73472.38,2,0.0,2,False,662,0.0,0.09063444108761329,73472.38
P0111,E15,1,69260.52,69260.52,1,1.0,1,False,1,0.0,30.0,69260.52
P0111,E16,2,86354.79000000001,43177.395000000004,2,0.5,2,False,781,0.0,0.07682458386683738,43177.395000000004
P0111,E17,1,63394.2,63394.2,1,1.0,1,False,1,0.0,30.0,63394.2
P0112,E00,1,139798.69,139798.69,1,0.0,1,False,1,0.0,30.0,139798.69
P0112,E01,2,452193.1,226096.55,2,0.5,1,False,68,0.0,0.8823529411764706,452193.1
P0112,E02,1,20278.03,20278.03,1,0.0,1,False,1,0.0,30.0,20278.03
P0112,E03,1,46922.38,46922.38,1,1.0,1,False,1,0.0,30.0,46922.38
P0112,E06,1,127106.99,127106.99,1,1.0,1,False,1,0.0,30.0,127106.99
P0112,E07,1,233899.72,233899.72,1,1.0,1,False,1,0.0,30.0,233899.72
P0112,E08,1,101695.96,101695.96,1,1.0,1,False,1,0.0,30.0,101695.96
P0112,E09,3,282283.96,94094.65333333334,2,0.3333333333333333,2,False,842,0.33333333333333337,0.10688836104513064,141141.98
P0112,E10,1,230833.65,230833.65,1,1.0,1,False,1,0.0,30.0,230833.65
P0112,E11,1,6132.21,6132.21,1,1.0,1,False,1,0.0,30.0,6132.21
P0112,E13,1,61530.634999999995,61530.634999999995,1,0.0,1,False,1,0.0,30.0,61530.634999999995
P0112,E14,5,805507.6499999999,161101.52999999997,4,0.2,3,False,1134,0.19999999999999996,0.1322751322751323,268502.55
P0112,E15,1,10661.19,10661.19,1,1.0,1,False,1,0.0,30.0,10661.19
P0112,E16,2,65201.79,32600.895,1,0.5,2,False,565,0.5,0.10619469026548674,32600.895
P0113,E00,2,41312.2,20656.1,2,0.5,2,False,371,0.0,0.16172506738544473,20656.1
P0113,E01,3,354378.02999999997,118126.01,3,0.3333333333333333,2,False,494,0.0,0.1821862348178138,177189.01499999998
P0113,E05,1,67111.96,67111.96,1,0.0,1,False,1,0.0,30.0,67111.96
P0113,E06,1,103978.67,103978.67,1,0.0,1,False,1,0.0,30.0,103978.67
P0113,E07,2,261044.31,130522.155,2,0.5,2,False,589,0.0,0.10186757215619695,130522.155
P0113,E10,1,67207.91,67207.91,1,0.0,1,False,1,0.0,30.0,67207.91
P0113,E11,4,364169.8,91042.45,2,0.25,2,False,551,0.5,0.2177858439201452,182084.9
P0113,E12,3,146291.115,48763.704999999994,3,0.3333333333333333,2,False,442,0.0,0.20361990950226244,73145.5575
P0113,E13,1,130475.95,130475.95,1,0.0,1,False,1,0.0,30.0,130475.95
P0113,E14,1,57833.34,57833.34,1,0.0,1,False,1,0.0,30.0,57833.34
P0114,E00,2,192798.03,96399.015,2,0.5,1,False,524,0.0,0.11450381679389314,192798.03
P0114,E01,1,249278.74,249278.74,1,0.0,1,False,1,0.0,30.0,249278.74
P0114,E02,3,236957.16999999998,78985.72333333333,2,0.3333333333333333,2,False,636,0.33333333333333337,0.14150943396226415,118478.58499999999
P0114,E03,2,87605.43,43802.715,2,0.5,1,False,64,0.0,0.9375,87605.43
P0114,E06,1,103822.04,103822.04,1,0.0,1,False,1,0.0,30.0,103822.04
P0114,E07,3,171596.84,57198.94666666666,3,0.3333333333333333,2,False,618,0.0,0.14563106796116504,85798.42
P0114,E09,2,93632.31,46816.155,2,0.5,2,False,810,0.0,0.07407407407407407,46816.155
P0114,E10,2,377528.96,188764.48,2,0.0,1,False,183,0.0,0.3278688524590164,377528.96
P0114,E11,2,202514.47999999998,101257.23999999999,2,1.0,2,False,662,0.0,0.09063444108761329,101257.23999999999
P0114,E12,3,323096.43,107698.81,3,0.6666666666666666,2,False,487,0.0,0.18480492813141683,161548.215
P0114,E13,1,40783.59,40783.59,1,1.0,1,False,1,0.0,30.0,40783.59
P0115,E00,1,282427.49,282427.49,1,0.0,1,False,1,0.0,30.0,282427.49
P0115,E01,1,22180.33,22180.33,1,0.0,1,False,1,0.0,30.0,22180.33
P0115,E02,2,132153.32,66076.66,2,0.0,2,False,402,0.0,0.14925373134328357,66076.66
P0115,E03,1,49331.22,49331.22,1,1.0,1,False,1,0.0,30.0,49331.22
P0115,E04,1,252018.83,252018.83,1,1.0,1,False,1,0.0,30.0,252018.83
P0115,E06,1,4315.06,4315.06,1,1.0,1,False,1,0.0,30.0,4315.06
P0115,E07,2,100948.64000000001,50474.32000000001,2,0.5,2,False,72,0.0,0.8333333333333334,50474.32000000001
P0115,E09,1,4179.87,4179.87,1,0.0,1,False,1,0.0,30.0,4179.87
P0115,E10,2,130649.96,65324.98,2,0.5,1,False,462,0.0,0.12987012987012986,130649.96
P0115,E11,1,331001.61,331001.61,1,1.0,1,False,1,0.0,30.0,331001.61
P0115,E12,1,31627.2,31627.2,1,0.0,1,False,1,0.0,30.0,31627.2
P0115,E13,1,299429.33,299429.33,1,0.0,1,False,1,0.0,30.0,299429.33
P0115,E14,1,450161.97,450161.97,1,1.0,1,False,1,0.0,30.0,450161.97
P0115,E15,2,139109.91,69554.955,2,0.5,1,False,420,0.0,0.14285714285714285,139109.91
P0115,E16,2,436063.87,218031.935,2,0.5,2,False,874,0.0,0.06864988558352403,218031.935
P0116,E00,1,103136.36,103136.36,1,1.0,1,False,1,0.0,30.0,103136.36
P0116,E01,2,171457.75,85728.875,2,0.0,1,False,511,0.0,0.11741682974559686,171457.75
P0116,E02,1,285540.08,285540.08,1,1.0,1,False,1,0.0,30.0,285540.08
P0116,E03,2,194585.29,97292.645,2,0.5,1,False,424,0.0,0.14150943396226415,194585.29
P0116,E05,1,21300.9,21300.9,1,1.0,1,False,1,0.0,30.0,21300.9
P0116,E06,2,227767.87,113883.935,2,1.0,2,False,249,0.0,0.24096385542168672,113883.935
P0116,E07,2,265044.16,132522.08,2,1.0,1,False,837,0.0,0.07168458781362008,265044.16
P0116,E08,1,322830.61,322830.61,1,1.0,1,False,1,0.0,30.0,322830.61
P0116,E11,2,116765.91,58382.955,2,0.5,2,False,622,0.0,0.09646302250803858,58382.955
P0116,E12,1,49388.53,49388.53,1,1.0,1,False,1,0.0,30.0,49388.53
P0116,E13,1,56369.63,56369.63,1,0.0,1,False,1,0.0,30.0,56369.63
P0116,E14,1,125653.3,125653.3,1,1.0,1,False,1,0.0,30.0,125653.3
P0116,E16,1,50851.42,50851.42,1,1.0,1,False,1,0.0,30.0,50851.42
P0117,E01,1,304000.63,304000.63,1,1.0,1,False,1,0.0,30.0,304000.63
P0117,E02,1,260795.53,260795.53,1,0.0,1,False,1,0.0,30.0,260795.53
P0117,E03,1,7803.06,7803.06,1,0.0,1,False,1,0.0,30.0,7803.06
P0117,E05,1,110304.72,110304.72,1,0.0,1,False,1,0.0,30.0,110304.72
P0117,E06,2,202328.47999999998,101164.23999999999,2,0.5,2,False,108,0.0,0.5555555555555556,101164.23999999999
P0117,E08,1,66801.8,66801.8,1,1.0,1,False,1,0.0,30.0,66801.8
P0117,E09,2,145684.45,72842.225,2,0.5,2,False,887,0.0,0.06764374295377677,72842.225
P0117,E11,2,70001.665,35000.8325,2,0.5,2,False,1046,0.0,0.05736137667304015,35000.8325
P0117,E13,1,9128.91,9128.91,1,0.0,1,False,1,0.0,30.0,9128.91
P0117,E14,1,33459.08,33459.08,1,0.0,1,False,1,0.0,30.0,33459.08
P0118,E00,1,186433.49,186433.49,1,0.0,1,False,1,0.0,30.0,186433.49
P0118,E02,1,60154.34,60154.34,1,0.0,1,False,1,0.0,30.0,60154.34
P0118,E04,3,96487.95,32162.649999999998,3,0.3333333333333333,2,False,953,0.0,0.0944386149003148,48243.975
P0118,E05,1,358872.6,358872.6,1,0.0,1,False,1,0.0,30.0,358872.6
P0118,E06,2,129893.93000000001,64946.965000000004,2,0.0,2,False,805,0.0,0.07453416149068323,64946.965000000004
P0118,E07,2,264100.64,132050.32,2,0.5,2,False,1061,0.0,0.05655042412818096,132050.32
P0118,E09,3,97737.64,32579.213333333333,3,0.6666666666666666,1,False,896,0.0,0.10044642857142858,97737.64
P0118,E10,1,46074.87,46074.87,1,0.0,1,False,1,0.0,30.0,46074.87
P0118,E12,3,307307.24,102435.74666666666,3,0.6666666666666666,2,False,997,0.0,0.09027081243731193,153653.62
P0118,E13,2,226313.09,113156.545,2,0.0,2,False,7,0.0,8.571428571428571,113156.545
P0118,E15,3,1183126.3499999999,394375.44999999995,2,0.3333333333333333,1,False,593,0.33333333333333337,0.15177065767284992,1183126.3499999999
P0118,E17,1,354449.41,354449.41,1,0.0,1,False,1,0.0,30.0,354449.41
P0119,E00,2,51575.36,25787.68,2,0.5,2,False,15,0.0,4.0,25787.68
P0119,E04,1,22179.17,22179.17,1,1.0,1,False,1,0.0,30.0,22179.17
P0119,E08,2,34430.869999999995,17215.434999999998,2,0.0,2,False,54,0.0,1.1111111111111112,17215.434999999998
P0119,E10,1,85062.71,85062.71,1,0.0,1,False,1,0.0,30.0,85062.71
P0119,E11,1,21686.24,21686.24,1,0.0,1,False,1,0.0,30.0,21686.24
P0119,E13,3,406145.54000000004,135381.84666666668,2,0.3333333333333333,2,False,424,0.33333333333333337,0.21226415094339623,203072.77000000002
P0119,E14,2,134606.86,67303.43,2,0.5,2,False,183,0.0,0.3278688524590164,67303.43
P0119,E16,1,273627.97,273627.97,1,0.0,1,False,1,0.0,30.0,273627.97
P0120,E00,1,64522.98,64522.98,1,0.0,1,False,1,0.0,30.0,64522.98
P0120,E01,3,99157.07,33052.35666666667,3,0.0,2,False,533,0.0,0.16885553470919326,49578.535
P0120,E10,1,37269.09,37269.09,1,0.0,1,False,1,0.0,30.0,37269.09
P0120,E11,1,2898.58,2898.58,1,0.0,1,False,1,0.0,30.0,2898.58
P0120,E12,1,72867.25,72867.25,1,1.0,1,False,1,0.0,30.0,72867.25
P0120,E13,1,69251.01,69251.01,1,1.0,1,False,1,0.0,30.0,69251.01
P0120,E15,1,102441.02,102441.02,1,0.0,1,False,1,0.0,30.0,102441.02
P0120,E16,1,66362.31,66362.31,1,0.0,1,False,1,0.0,30.0,66362.31
P0121,E00,2,154995.87,77497.935,2,0.5,2,False,761,0.0,0.07884362680683311,77497.935
P0121,E04,1,97558.22,97558.22,1,0.0,1,False,1,0.0,30.0,97558.22
P0121,E05,1,10894.43,10894.43,1,0.0,1,False,1,0.0,30.0,10894.43
P0121,E07,1,61530.634999999995,61530.634999999995,1,0.0,1,False,1,0.0,30.0,61530.634999999995
P0121,E09,2,234201.24,117100.62,2,0.0,2,False,552,0.0,0.10869565217391305,117100.62
P0121,E10,2,903297.78,451648.89,2,0.5,1,False,368,0.0,0.16304347826086957,903297.78
P0121,E11,2,796756.0800000001,398378.04000000004,2,0.0,1,False,286,0.0,0.2097902097902098,796756.0800000001
P0121,E12,1,22277.07,22277.07,1,0.0,1,False,1,0.0,30.0,22277.07
P0121,E13,3,556731.95,185577.31666666665,3,0.6666666666666666,1,False,602,0.0,0.14950166112956811,556731.95
P0121,E14,2,93707.81,46853.905,2,0.5,1,False,136,0.0,0.4411764705882353,93707.81
P0121,E15,3,76162.62,25387.539999999997,3,0.6666666666666666,1,False,369,0.0,0.24390243902439024,76162.62
P0121,E16,1,35408.0,35408.0,1,0.0,1,False,1,0.0,30.0,35408.0
P0122,E02,1,19399.97,19399.97,1,0.0,1,False,1,0.0,30.0,19399.97
P0122,E03,2,341345.83,170672.915,2,0.0,1,False,369,0.0,0.16260162601626016,341345.83
P0122,E07,1,45811.44,45811.44,1,0.0,1,False,1,0.0,30.0,45811.44
P0122,E09,1,479820.69,479820.69,1,0.0,1,False,1,0.0,30.0,479820.69
P0122,E11,1,90693.41,90693.41,1,0.0,1,False,1,0.0,30.0,90693.41
P0122,E13,3,150180.3,50060.1,3,0.6666666666666666,2,False,422,0.0,0.2132701421800948,75090.15
P0122,E14,1,56569.02,56569.02,1,1.0,1,False,1,0.0,30.0,56569.02
P0122,E15,1,159000.94,159000.94,1,0.0,1,False,1,0.0,30.0,159000.94
P0122,E16,2,199774.97,99887.485,2,0.5,1,False,663,0.0,0.09049773755656108,199774.97
P0122,E17,1,227700.02,227700.02,1,1.0,1,False,1,0.0,30.0,227700.02
P0123,E00,2,178502.68,89251.34,1,0.5,2,False,391,0.5,0.1534526854219949,89251.34
P0123,E02,2,98800.28,49400.14,2,0.5,2,False,927,0.0,0.06472491909385114,49400.14
P0123,E03,5,214625.09000000003,42925.018000000004,4,0.2,1,False,793,0.19999999999999996,0.18915510718789408,214625.09000000003
P0123,E07,1,162195.05,162195.05,1,1.0,1,False,1,0.0,30.0,162195.05
P0123,E08,1,23495.09,23495.09,1,0.0,1,False,1,0.0,30.0,23495.09
P0123,E09,1,74576.81,74576.81,1,0.0,1,False,1,0.0,30.0,74576.81
P0123,E10,3,187658.76,62552.920000000006,3,0.3333333333333333,3,False,244,0.0,0.36885245901639346,62552.920000000006
P0123,E11,1,339429.99,339429.99,1,1.0,1,False,1,0.0,30.0,339429.99
P0123,E12,1,291969.85,291969.85,1,0.0,1,False,1,0.0,30.0,291969.85
P0123,E13,1,51204.29,51204.29,1,0.0,1,False,1,0.0,30.0,51204.29
P0123,E16,1,23915.71,23915.71,1,1.0,1,False,1,0.0,30.0,23915.71
P0124,E00,1,50004.35,50004.35,1,1.0,1,False,1,0.0,30.0,50004.35
P0124,E01,1,242916.36,242916.36,1,0.0,1,False,1,0.0,30.0,242916.36
P0124,E03,1,159520.72,159520.72,1,1.0,1,False,1,0.0,30.0,159520.72
P0124,E05,3,229936.81,76645.60333333333,3,0.3333333333333333,3,False,845,0.0,0.10650887573964496,76645.60333333333
P0124,E06,1,174287.6,174287.6,1,0.0,1,False,1,0.0,30.0,174287.6
P0124,E07,3,167012.53,55670.84333333333,2,0.3333333333333333,3,False,516,0.33333333333333337,0.1744186046511628,55670.84333333333
P0124,E10,2,52818.21,26409.105,2,0.5,2,False,398,0.0,0.1507537688442211,26409.105
P0124,E13,2,150567.07,75283.535,2,0.5,2,False,156,0.0,0.3846153846153846,75283.535
P0124,E14,4,360475.19,90118.7975,3,0.25,3,False,1151,0.25,0.10425716768027801,120158.39666666667
P0124,E15,1,38597.63,38597.63,1,0.0,1,False,1,0.0,30.0,38597.63
P0124,E16,1,41035.53,41035.53,1,0.0,1,False,1,0.0,30.0,41035.53
P0125,E00,2,60301.03999999999,30150.519999999997,2,1.0,1,False,728,0.0,0.08241758241758242,60301.03999999999
P0125,E02,1,32613.15,32613.15,1,0.0,1,False,1,0.0,30.0,32613.15
P0125,E03,2,307663.61,153831.805,2,0.0,1,False,149,0.0,0.40268456375838924,307663.61
P0125,E04,2,69635.39,34817.695,2,0.0,2,False,84,0.0,0.7142857142857143,34817.695
P0125,E06,2,212188.97,106094.485,2,0.0,2,False,34,0.0,1.7647058823529411,106094.485
P0125,E08,2,105366.72,52683.36,2,0.0,2,False,875,0.0,0.06857142857142857,52683.36
P0125,E11,1,224282.49,224282.49,1,0.0,1,False,1,0.0,30.0,224282.49
P0125,E13,1,30579.59,30579.59,1,0.0,1,False,1,0.0,30.0,30579.59
P0125,E14,1,43991.16,43991.16,1,0.0,1,False,1,0.0,30.0,43991.16
P0125,E15,1,49846.44,49846.44,1,0.0,1,False,1,0.0,30.0,49846.44
P0126,E00,2,131728.97,65864.485,2,0.5,2,False,506,0.0,0.11857707509881422,65864.485
P0126,E01,1,62649.24,62649.24,1,1.0,1,False,1,0.0,30.0,62649.24
P0126,E03,1,86835.23,86835.23,1,0.0,1,False,1,0.0,30.0,86835.23
P0126,E04,2,477477.36,238738.68,2,0.5,2,False,246,0.0,0.24390243902439027,238738.68
P0126,E05,1,28683.24,28683.24,1,0.0,1,False,1,0.0,30.0,28683.24
P0126,E07,1,46224.74,46224.74,1,0.0,1,False,1,0.0,30.0,46224.74
P0126,E09,1,16919.97,16919.97,1,1.0,1,False,1,0.0,30.0,16919.97
P0126,E10,1,17525.46,17525.46,1,0.0,1,False,1,0.0,30.0,17525.46
P0126,E11,2,130356.19,65178.095,2,0.0,1,False,251,0.0,0.2390438247011952,130356.19
P0126,E13,1,44341.75,44341.75,1,1.0,1,False,1,0.0,30.0,44341.75
P0126,E15,1,47338.09,47338.09,1,1.0,1,False,1,0.0,30.0,47338.09
P0126,E16,1,68305.38,68305.38,1,0.0,1,False,1,0.0,30.0,68305.38
P0127,E00,2,112082.18,56041.09,2,0.0,2,False,30,0.0,2.0,56041.09
P0127,E01,3,302846.71,100948.90333333334,3,0.0,2,False,702,0.0,0.12820512820512822,151423.355
P0127,E04,1,104465.97,104465.97,1,0.0,1,False,1,0.0,30.0,104465.97
P0127,E05,3,797292.815,265764.27166666667,3,0.6666666666666666,2,False,691,0.0,0.13024602026049203,398646.4075
P0127,E07,1,28477.79,28477.79,1,0.0,1,False,1,0.0,30.0,28477.79
P0127,E08,2,257254.55,128627.275,2,0.0,1,False,86,0.0,0.6976744186046512,257254.55
P0127,E09,2,92068.37,46034.185,2,0.0,2,False,432,0.0,0.1388888888888889,46034.185
P0127,E11,1,38869.32,38869.32,1,1.0,1,False,1,0.0,30.0,38869.32
P0127,E12,2,405596.77999999997,202798.38999999998,2,0.0,2,False,73,0.0,0.8219178082191781,202798.38999999998
P0127,E13,1,57772.43,57772.43,1,0.0,1,False,1,0.0,30.0,57772.43
P0127,E17,2,467471.82,233735.91,2,0.5,2,False,210,0.0,0.2857142857142857,233735.91
P0128,E00,1,205503.87,205503.87,1,1.0,1,False,1,0.0,30.0,205503.87
P0128,E01,1,37639.03,37639.03,1,0.0,1,False,1,0.0,30.0,37639.03
P0128,E02,1,22014.89,22014.89,1,1.0,1,False,1,0.0,30.0,22014.89
P0128,E03,1,57864.52,57864.52,1,0.0,1,False,1,0.0,30.0,57864.52
P0128,E04,1,48348.74,48348.74,1,1.0,1,False,1,0.0,30.0,48348.74
P0128,E06,1,15610.4,15610.4,1,0.0,1,False,1,0.0,30.0,15610.4
P0128,E10,1,82249.96,82249.96,1,0.0,1,False,1,0.0,30.0,82249.96
P0128,E11,1,117358.36,117358.36,1,1.0,1,False,1,0.0,30.0,117358.36
P0128,E12,1,118662.42,118662.42,1,0.0,1,False,1,0.0,30.0,118662.42
P0128,E13,2,164672.74,82336.37,2,0.0,1,False,367,0.0,0.16348773841961853,164672.74
P0128,E15,2,478659.07,239329.535,2,0.5,1,False,113,0.0,0.5309734513274337,478659.07
P0128,E16,1,19588.0,19588.0,1,0.0,1,False,1,0.0,30.0,19588.0
P0128,E17,1,337443.45,337443.45,1,0.0,1,False,1,0.0,30.0,337443.45
P0129,E01,2,290414.43,145207.215,2,0.0,1,False,40,0.0,1.5,290414.43
P0129,E03,1,35689.53,35689.53,1,0.0,1,False,1,0.0,30.0,35689.53
P0129,E04,1,24651.92,24651.92,1,1.0,1,False,1,0.0,30.0,24651.92
P0129,E08,1,117995.63,117995.63,1,0.0,1,False,1,0.0,30.0,117995.63
P0129,E09,1,42648.25,42648.25,1,0.0,1,False,1,0.0,30.0,42648.25
P0129,E12,1,79011.14,79011.14,1,1.0,1,False,1,0.0,30.0,79011.14
P0129,E14,1,80778.45,80778.45,1,1.0,1,False,1,0.0,30.0,80778.45
P0129,E17,1,27972.19,27972.19,1,0.0,1,False,1,0.0,30.0,27972.19
P0130,E01,1,14166.7,14166.7,1,0.0,1,False,1,0.0,30.0,14166.7
P0130,E03,1,63128.91,63128.91,1,0.0,1,False,1,0.0,30.0,63128.91
P0130,E06,1,32480.92,32480.92,1,0.0,1,False,1,0.0,30.0,32480.92
P0130,E08,1,36773.32,36773.32,1,0.0,1,False,1,0.0,30.0,36773.32
P0130,E09,1,88415.87,88415.87,1,0.0,1,False,1,0.0,30.0,88415.87
P0130,E11,1,106689.24,106689.24,1,1.0,1,False,1,0.0,30.0,106689.24
P0130,E14,1,22232.7,22232.7,1,0.0,1,False,1,0.0,30.0,22232.7
P0130,E15,1,210327.04,210327.04,1,0.0,1,False,1,0.0,30.0,210327.04
P0130,E16,2,246486.34,123243.17,2,0.5,2,False,293,0.0,0.20477815699658702,123243.17
P0130,E17,1,94111.05,94111.05,1,0.0,1,False,1,0.0,30.0,94111.05
P0131,E00,2,183149.78999999998,91574.89499999999,1,0.5,2,False,160,0.5,0.375,91574.89499999999
P0131,E01,1,113030.08,113030.08,1,0.0,1,False,1,0.0,30.0,113030.08
P0131,E02,1,158294.5,158294.5,1,1.0,1,False,1,0.0,30.0,158294.5
P0131,E04,3,90594.61,30198.203333333335,3,0.0,1,False,165,0.0,0.5454545454545454,90594.61
P0131,E05,2,60038.78,30019.39,2,0.0,2,False,117,0.0,0.5128205128205129,30019.39
P0131,E06,1,385575.45,385575.45,1,0.0,1,False,1,0.0,30.0,385575.45
P0131,E07,2,70291.48,35145.74,2,1.0,1,False,723,0.0,0.08298755186721991,70291.48
P0131,E08,1,20243.96,20243.96,1,1.0,1,False,1,0.0,30.0,20243.96
P0131,E09,1,26944.28,26944.28,1,0.0,1,False,1,0.0,30.0,26944.28
P0131,E10,1,38023.85,38023.85,1,1.0,1,False,1,0.0,30.0,38023.85
P0131,E11,1,62579.18,62579.18,1,0.0,1,False,1,0.0,30.0,62579.18
P0131,E12,1,28121.47,28121.47,1,1.0,1,False,1,0.0,30.0,28121.47
P0131,E14,1,66928.83,66928.83,1,1.0,1,False,1,0.0,30.0,66928.83
P0131,E16,2,580433.92,290216.96,2,0.0,2,False,382,0.0,0.15706806282722513,290216.96
P0132,E00,1,33493.97,33493.97,1,0.0,1,False,1,0.0,30.0,33493.97
P0132,E01,1,17970.53,17970.53,1,1.0,1,False,1,0.0,30.0,17970.53
P0132,E02,2,50296.479999999996,25148.239999999998,2,0.5,2,False,1024,0.0,0.05859375,25148.239999999998
P0132,E04,1,45580.62,45580.62,1,0.0,1,False,1,0.0,30.0,45580.62
P0132,E08,2,84213.65,42106.825,2,0.0,2,False,786,0.0,0.07633587786259542,42106.825
P0132,E09,1,23073.25,23073.25,1,0.0,1,False,1,0.0,30.0,23073.25
P0132,E10,2,155026.45,77513.225,2,0.0,2,False,735,0.0,0.08163265306122448,77513.225
P0132,E11,1,99131.99,99131.99,1,0.0,1,False,1,0.0,30.0,99131.99
P0132,E12,1,112773.7,112773.7,1,0.0,1,False,1,0.0,30.0,112773.7
P0132,E14,3,286367.88,95455.96,2,0.6666666666666666,2,False,916,0.33333333333333337,0.0982532751091703,143183.94
P0132,E15,2,80454.09,40227.045,1,1.0,1,False,13,0.5,4.615384615384615,80454.09
P0132,E16,1,6926.47,6926.47,1,0.0,1,False,1,0.0,30.0,6926.47
P0132,E17,1,44658.88,44658.88,1,0.0,1,False,1,0.0,30.0,44658.88
P0133,E00,3,151397.37,50465.79,2,0.6666666666666666,2,False,576,0.33333333333333337,0.15625,75698.685
P0133,E02,2,65429.86,32714.93,2,0.5,2,False,904,0.0,0.06637168141592921,32714.93
P0133,E04,2,101193.13,50596.565,2,0.0,2,False,1068,0.0,0.056179775280898875,50596.565
P0133,E05,1,165433.27,165433.27,1,0.0,1,False,1,0.0,30.0,165433.27
P0133,E06,1,28969.1,28969.1,1,1.0,1,False,1,0.0,30.0,28969.1
P0133,E07,3,315979.33,105326.44333333334,2,0.3333333333333333,2,False,908,0.33333333333333337,0.09911894273127754,157989.665
P0133,E08,1,9816.39,9816.39,1,0.0,1,False,1,0.0,30.0,9816.39
P0133,E10,2,220561.17,110280.585,2,1.0,2,False,730,0.0,0.08219178082191782,110280.585
P0133,E11,1,39471.33,39471.33,1,0.0,1,False,1,0.0,30.0,39471.33
P0133,E12,1,12175.8,12175.8,1,0.0,1,False,1,0.0,30.0,12175.8
P0133,E14,2,262525.95,131262.975,2,1.0,2,False,315,0.0,0.19047619047619047,131262.975
P0133,E16,2,54086.380000000005,27043.190000000002,2,0.5,2,False,141,0.0,0.425531914893617,27043.190000000002
P0134,E01,1,110049.16,110049.16,1,0.0,1,False,1,0.0,30.0,110049.16
P0134,E04,1,48270.37,48270.37,1,0.0,1,False,1,0.0,30.0,48270.37
P0134,E05,3,471302.79,157100.93,3,0.0,3,False,1132,0.0,0.07950530035335689,157100.93
P0134,E06,2,253063.94,126531.97,2,0.0,1,False,1002,0.0,0.059880239520958084,253063.94
P0134,E07,1,32680.52,32680.52,1,0.0,1,False,1,0.0,30.0,32680.52
P0134,E08,1,12089.2,12089.2,1,1.0,1,False,1,0.0,30.0,12089.2
P0134,E10,2,161224.05,80612.025,2,0.0,1,False,566,0.0,0.10600706713780919,161224.05
P0134,E11,1,41246.8,41246.8,1,0.0,1,False,1,0.0,30.0,41246.8
P0134,E16,1,61530.634999999995,61530.634999999995,1,0.0,1,False,1,0.0,30.0,61530.634999999995
P0134,E17,3,159179.52,53059.84,2,0.0,1,False,601,0.33333333333333337,0.14975041597337768,159179.52
P0135,E03,2,202265.7,101132.85,1,0.5,1,False,103,0.5,0.5825242718446603,202265.7
P0135,E06,2,149463.945,74731.9725,2,0.0,1,False,717,0.0,0.08368200836820085,149463.945
P0135,E09,2,179999.61,89999.805,2,1.0,2,False,150,0.0,0.4,89999.805
P0135,E12,1,167385.29,167385.29,1,0.0,1,False,1,0.0,30.0,167385.29
P0135,E14,3,488155.75,162718.58333333334,3,0.6666666666666666,3,False,704,0.0,0.1278409090909091,162718.58333333334
P0135,E15,1,29970.99,29970.99,1,1.0,1,False,1,0.0,30.0,29970.99
P0135,E16,1,61530.634999999995,61530.634999999995,1,0.0,1,False,1,0.0,30.0,61530.634999999995
P0135,E17,1,189660.2,189660.2,1,0.0,1,False,1,0.0,30.0,189660.2
P0136,E01,1,196363.95,196363.95,1,0.0,1,False,1,0.0,30.0,196363.95
P0136,E05,2,85455.56,42727.78,2,1.0,2,False,201,0.0,0.29850746268656714,42727.78
P0136,E08,1,21996.36,21996.36,1,0.0,1,False,1,0.0,30.0,21996.36
P0136,E10,1,9191.66,9191.66,1,1.0,1,False,1,0.0,30.0,9191.66
P0136,E11,4,263728.59,65932.1475,4,0.5,3,False,1155,0.0,0.1038961038961039,87909.53000000001
P0136,E13,1,36331.41,36331.41,1,1.0,1,False,1,0.0,30.0,36331.41
P0136,E14,1,90042.42,90042.42,1,1.0,1,False,1,0.0,30.0,90042.42
P0136,E16,2,193571.44999999998,96785.72499999999,2,0.5,2,False,296,0.0,0.2027027027027027,96785.72499999999
P0137,E00,1,16423.94,16423.94,1,0.0,1,False,1,0.0,30.0,16423.94
P0137,E02,1,50094.53,50094.53,1,0.0,1,False,1,0.0,30.0,50094.53
P0137,E04,2,88075.97499999999,44037.987499999996,2,0.0,2,False,315,0.0,0.19047619047619047,44037.987499999996
P0137,E06,1,30077.15,30077.15,1,0.0,1,False,1,0.0,30.0,30077.15
P0137,E07,2,76681.95,38340.975,2,0.5,2,False,262,0.0,0.22900763358778628,38340.975
P0137,E08,2,188967.36000000002,94483.68000000001,2,1.0,2,False,471,0.0,0.12738853503184713,94483.68000000001
P0137,E09,1,46478.19,46478.19,1,0.0,1,False,1,0.0,30.0,46478.19
P0137,E12,2,352051.69000000006,176025.84500000003,1,0.0,2,False,629,0.5,0.09538950715421304,176025.84500000003
P0137,E14,2,64813.52,32406.76,2,0.0,2,False,543,0.0,0.11049723756906077,32406.76
P0137,E17,1,102481.12,102481.12,1,1.0,1,False,1,0.0,30.0,102481.12
P0138,E00,14,3055932.43,218280.88785714286,1,1.0,1,True,732,0.9285714285714286,0.5737704918032788,3055932.43
P0138,E03,1,41479.93,41479.93,1,1.0,1,False,1,0.0,30.0,41479.93
P0138,E04,3,349292.0,116430.66666666667,3,0.3333333333333333,2,False,1206,0.0,0.07462686567164178,174646.0
P0138,E05,1,323836.95,323836.95,1,1.0,1,False,1,0.0,30.0,323836.95
P0138,E13,3,73099.91,24366.63666666667,3,0.3333333333333333,2,False,907,0.0,0.09922822491730982,36549.955
P0138,E16,2,251473.9,125736.95,2,0.0,2,False,85,0.0,0.7058823529411764,125736.95
P0139,E00,1,178184.28,178184.28,1,1.0,1,False,1,0.0,30.0,178184.28
P0139,E02,2,173243.03999999998,86621.51999999999,2,0.5,2,False,32,0.0,1.875,86621.51999999999
P0139,E03,2,142864.88999999998,71432.44499999999,2,0.5,1,False,229,0.0,0.26200873362445415,142864.88999999998
P0139,E04,1,28295.15,28295.15,1,0.0,1,False,1,0.0,30.0,28295.15
P0139,E07,1,9821.24,9821.24,1,1.0,1,False,1,0.0,30.0,9821.24
P0139,E09,2,99180.38,49590.19,2,0.0,2,False,543,0.0,0.11049723756906077,49590.19
P0139,E10,2,235362.36,117681.18,2,0.0,2,False,474,0.0,0.12658227848101264,117681.18
P0139,E11,1,148851.96,148851.96,1,0.0,1,False,1,0.0,30.0,148851.96
P0139,E14,1,176032.26,176032.26,1,0.0,1,False,1,0.0,30.0,176032.26
P0139,E15,2,137372.26,68686.13,2,0.0,1,False,6,0.0,10.0,137372.26
P0139,E16,2,314916.81,157458.405,2,0.0,2,False,546,0.0,0.10989010989010989,157458.405
P0139,E17,1,258829.91,258829.91,1,1.0,1,False,1,0.0,30.0,258829.91
P0140,E00,1,37967.27,37967.27,1,0.0,1,False,1,0.0,30.0,37967.27
P0140,E01,1,60683.58,60683.58,1,1.0,1,False,1,0.0,30.0,60683.58
P0140,E02,1,40354.11,40354.11,1,0.0,1,False,1,0.0,30.0,40354.11
P0140,E03,1,34404.15,34404.15,1,0.0,1,False,1,0.0,30.0,34404.15
P0140,E04,1,170425.28,170425.28,1,1.0,1,False,1,0.0,30.0,170425.28
P0140,E05,1,65210.94,65210.94,1,0.0,1,False,1,0.0,30.0,65210.94
P0140,E06,1,25600.29,25600.29,1,1.0,1,False,1,0.0,30.0,25600.29
P0140,E07,1,95051.64,95051.64,1,0.0,1,False,1,0.0,30.0,95051.64
P0140,E08,3,239719.00999999998,79906.33666666666,3,0.3333333333333333,2,False,1100,0.0,0.08181818181818182,119859.50499999999
P0140,E09,2,75135.36,37567.68,2,0.5,2,False,775,0.0,0.07741935483870968,37567.68
P0140,E11,2,29273.64,14636.82,2,0.0,2,False,513,0.0,0.11695906432748537,14636.82
P0140,E15,2,129840.79000000001,64920.395000000004,2,1.0,1,False,148,0.0,0.4054054054054054,129840.79000000001
P0140,E16,1,88508.42,88508.42,1,1.0,1,False,1,0.0,30.0,88508.42
P0140,E17,2,31821.06,15910.53,2,0.0,2,False,564,0.0,0.10638297872340426,15910.53
P0141,E01,1,172536.06,172536.06,1,1.0,1,False,1,0.0,30.0,172536.06
P0141,E04,1,17976.84,17976.84,1,0.0,1,False,1,0.0,30.0,17976.84
P0141,E05,1,38936.29,38936.29,1,0.0,1,False,1,0.0,30.0,38936.29
P0141,E06,1,38296.65,38296.65,1,0.0,1,False,1,0.0,30.0,38296.65
P0141,E07,1,3153.01,3153.01,1,0.0,1,False,1,0.0,30.0,3153.01
P0141,E08,1,34611.01,34611.01,1,1.0,1,False,1,0.0,30.0,34611.01
P0141,E09,2,158492.86,79246.43,2,0.0,2,False,18,0.0,3.3333333333333335,79246.43
P0141,E10,2,394889.25,197444.625,2,0.5,2,False,863,0.0,0.06952491309385864,197444.625
P0141,E11,1,109896.27,109896.27,1,0.0,1,False,1,0.0,30.0,109896.27
P0141,E13,1,12663.04,12663.04,1,1.0,1,False,1,0.0,30.0,12663.04
P0141,E15,1,65943.58,65943.58,1,1.0,1,False,1,0.0,30.0,65943.58
P0141,E16,1,54716.89,54716.89,1,0.0,1,False,1,0.0,30.0,54716.89
P0142,E03,1,231559.91,231559.91,1,0.0,1,False,1,0.0,30.0,231559.91
P0142,E04,1,186330.03,186330.03,1,1.0,1,False,1,0.0,30.0,186330.03
P0142,E05,1,37983.11,37983.11,1,1.0,1,False,1,0.0,30.0,37983.11
P0142,E06,1,142395.86,142395.86,1,0.0,1,False,1,0.0,30.0,142395.86
P0142,E07,2,156399.53,78199.765,2,0.0,2,False,6,0.0,10.0,78199.765
P0142,E13,1,33713.58,33713.58,1,1.0,1,False,1,0.0,30.0,33713.58
P0142,E17,1,42358.96,42358.96,1,1.0,1,False,1,0.0,30.0,42358.96
P0143,E00,1,75692.25,75692.25,1,0.0,1,False,1,0.0,30.0,75692.25
P0143,E01,1,285340.42,285340.42,1,1.0,1,False,1,0.0,30.0,285340.42
P0143,E02,1,21628.63,21628.63,1,0.0,1,False,1,0.0,30.0,21628.63
P0143,E04,1,22784.02,22784.02,1,0.0,1,False,1,0.0,30.0,22784.02
P0143,E06,1,510906.53,510906.53,1,1.0,1,False,1,0.0,30.0,510906.53
P0143,E08,2,131529.98,65764.99,1,1.0,2,False,270,0.5,0.2222222222222222,65764.99
P0143,E11,3,201584.75,67194.91666666667,3,0.3333333333333333,1,False,936,0.0,0.09615384615384616,201584.75
P0143,E14,1,27661.13,27661.13,1,0.0,1,False,1,0.0,30.0,27661.13
P0143,E16,1,75061.24,75061.24,1,1.0,1,False,1,0.0,30.0,75061.24
P0143,E17,2,270479.72,135239.86,1,1.0,2,False,580,0.5,0.10344827586206898,135239.86
P0144,E02,1,157745.86,157745.86,1,1.0,1,False,1,0.0,30.0,157745.86
P0144,E03,1,90219.42,90219.42,1,1.0,1,False,1,0.0,30.0,90219.42
P0144,E04,2,969375.8300000001,484687.91500000004,2,0.0,1,False,56,0.0,1.0714285714285714,969375.8300000001
P0144,E05,4,237777.4,59444.35,3,1.0,4,False,771,0.25,0.1556420233463035,59444.35
P0144,E08,2,425494.02,212747.01,2,0.0,2,False,893,0.0,0.0671892497200448,212747.01
P0144,E10,2,552950.05,276475.025,2,0.5,2,False,251,0.0,0.2390438247011952,276475.025
P0144,E11,1,34581.92,34581.92,1,1.0,1,False,1,0.0,30.0,34581.92
P0144,E13,1,78684.7,78684.7,1,1.0,1,False,1,0.0,30.0,78684.7
P0144,E14,1,31267.75,31267.75,1,1.0,1,False,1,0.0,30.0,31267.75
P0144,E15,1,30794.31,30794.31,1,0.0,1,False,1,0.0,30.0,30794.31
P0145,E00,1,43474.18,43474.18,1,1.0,1,False,1,0.0,30.0,43474.18
P0145,E01,1,216895.35,216895.35,1,0.0,1,False,1,0.0,30.0,216895.35
P0145,E02,2,293646.14,146823.07,2,0.5,1,False,42,0.0,1.4285714285714286,293646.14
P0145,E03,2,126368.36,63184.18,1,0.0,1,False,316,0.5,0.189873417721519,126368.36
P0145,E05,2,177790.80000000002,88895.40000000001,2,1.0,2,False,90,0.0,0.6666666666666666,88895.40000000001
P0145,E06,3,452371.3,150790.43333333332,2,0.6666666666666666,2,False,318,0.33333333333333337,0.2830188679245283,226185.65
P0145,E08,3,1483954.92,494651.63999999996,2,0.6666666666666666,3,False,577,0.33333333333333337,0.1559792027729636,494651.63999999996
P0145,E09,1,32589.08,32589.08,1,1.0,1,False,1,0.0,30.0,32589.08
P0145,E11,2,83582.98000000001,41791.490000000005,2,0.0,2,False,483,0.0,0.12422360248447203,41791.490000000005
P0145,E12,1,442137.97,442137.97,1,1.0,1,False,1,0.0,30.0,442137.97
P0145,E14,1,156585.61,156585.61,1,1.0,1,False,1,0.0,30.0,156585.61
P0145,E15,1,67401.35,67401.35,1,1.0,1,False,1,0.0,30.0,67401.35
P0145,E16,2,742609.27,371304.635,2,0.5,2,False,166,0.0,0.3614457831325301,371304.635
P0146,E02,2,142670.56,71335.28,2,0.0,1,False,371,0.0,0.16172506738544473,142670.56
P0146,E03,3,175979.08,58659.69333333333,3,0.6666666666666666,1,False,198,0.0,0.4545454545454546,175979.08
P0146,E06,1,105842.55,105842.55,1,0.0,1,False,1,0.0,30.0,105842.55
P0146,E07,2,80733.95999999999,40366.979999999996,1,0.0,1,False,111,0.5,0.5405405405405405,80733.95999999999
P0146,E09,1,77089.13,77089.13,1,0.0,1,False,1,0.0,30.0,77089.13
P0146,E10,1,99619.93,99619.93,1,0.0,1,False,1,0.0,30.0,99619.93
P0146,E12,2,160167.525,80083.7625,2,0.5,2,False,362,0.0,0.16574585635359115,80083.7625
P0146,E13,1,50685.83,50685.83,1,0.0,1,False,1,0.0,30.0,50685.83
P0146,E14,2,151344.73,75672.365,2,0.5,2,False,17,0.0,3.5294117647058822,75672.365
P0146,E15,1,57207.59,57207.59,1,0.0,1,False,1,0.0,30.0,57207.59
P0146,E17,1,155873.69,155873.69,1,0.0,1,False,1,0.0,30.0,155873.69
P0147,E00,1,47352.83,47352.83,1,0.0,1,False,1,0.0,30.0,47352.83
P0147,E02,1,28799.32,28799.32,1,1.0,1,False,1,0.0,30.0,28799.32
P0147,E04,1,12150.49,12150.49,1,0.0,1,False,1,0.0,30.0,12150.49
P0147,E05,2,188548.05000000002,94274.02500000001,2,0.0,2,False,643,0.0,0.09331259720062209,94274.02500000001
P0147,E06,1,147866.47,147866.47,1,0.0,1,False,1,0.0,30.0,147866.47
P0147,E07,2,80754.4,40377.2,2,0.5,2,False,516,0.0,0.11627906976744186,40377.2
P0147,E08,1,67076.23,67076.23,1,1.0,1,False,1,0.0,30.0,67076.23
P0147,E11,1,302780.88,302780.88,1,0.0,1,False,1,0.0,30.0,302780.88
P0147,E15,1,42121.8,42121.8,1,0.0,1,False,1,0.0,30.0,42121.8
P0147,E17,4,681381.94,170345.485,2,0.25,1,False,22,0.5,5.454545454545455,681381.94
P0148,E01,2,51108.520000000004,25554.260000000002,2,0.0,2,False,168,0.0,0.35714285714285715,25554.260000000002
P0148,E03,1,98069.53,98069.53,1,1.0,1,False,1,0.0,30.0,98069.53
P0148,E04,2,225865.7,112932.85,1,0.0,1,False,627,0.5,0.09569377990430622,225865.7
P0148,E05,1,5680.7,5680.7,1,0.0,1,False,1,0.0,30.0,5680.7
P0148,E07,1,213562.58,213562.58,1,0.0,1,False,1,0.0,30.0,213562.58
P0148,E13,1,150977.21,150977.21,1,0.0,1,False,1,0.0,30.0,150977.21
P0148,E14,1,82164.26,82164.26,1,1.0,1,False,1,0.0,30.0,82164.26
P0148,E16,1,32740.57,32740.57,1,1.0,1,False,1,0.0,30.0,32740.57
P0148,E17,1,49575.69,49575.69,1,0.0,1,False,1,0.0,30.0,49575.69
P0149,E00,4,285330.93,71332.7325,4,0.5,3,False,780,0.0,0.15384615384615385,95110.31
P0149,E03,2,192156.12,96078.06,2,0.5,1,False,687,0.0,0.08733624454148473,192156.12
P0149,E04,1,103478.83,103478.83,1,0.0,1,False,1,0.0,30.0,103478.83
P0149,E05,2,417395.07999999996,208697.53999999998,1,0.5,2,False,329,0.5,0.182370820668693,208697.53999999998
P0149,E06,2,81045.68,40522.84,2,1.0,2,False,608,0.0,0.09868421052631579,40522.84
P0149,E07,1,23308.85,23308.85,1,0.0,1,False,1,0.0,30.0,23308.85
P0149,E09,2,51341.04,25670.52,1,0.0,1,False,117,0.5,0.5128205128205129,51341.04
P0149,E10,2,175832.91,87916.455,2,0.5,2,False,35,0.0,1.7142857142857142,87916.455
P0149,E11,1,85716.11,85716.11,1,1.0,1,False,1,0.0,30.0,85716.11
P0149,E13,1,37870.14,37870.14,1,0.0,1,False,1,0.0,30.0,37870.14
P0149,E15,1,180086.49,180086.49,1,0.0,1,False,1,0.0,30.0,180086.49
P0150,E02,2,503803.41000000003,251901.70500000002,2,0.5,1,False,416,0.0,0.14423076923076922,503803.41000000003
P0150,E03,1,34238.73,34238.73,1,0.0,1,False,1,0.0,30.0,34238.73
P0150,E06,1,40276.93,40276.93,1,0.0,1,False,1,0.0,30.0,40276.93
P0150,E07,1,129295.65,129295.65,1,0.0,1,False,1,0.0,30.0,129295.65
P0150,E08,1,42139.93,42139.93,1,1.0,1,False,1,0.0,30.0,42139.93
P0150,E09,1,58679.44,58679.44,1,0.0,1,False,1,0.0,30.0,58679.44
P0150,E10,1,1276370.71,1276370.71,1,0.0,1,False,1,0.0,30.0,1276370.71
P0150,E11,1,89767.86,89767.86,1,0.0,1,False,1,0.0,30.0,89767.86
P0150,E14,3,401000.19,133666.73,3,0.3333333333333333,3,False,548,0.0,0.1642335766423358,133666.73
P0150,E16,1,95395.33,95395.33,1,0.0,1,False,1,0.0,30.0,95395.33
P0150,E17,1,85648.11,85648.11,1,0.0,1,False,1,0.0,30.0,85648.11
P0151,E06,1,9307.82,9307.82,1,0.0,1,False,1,0.0,30.0,9307.82
P0151,E08,1,34174.87,34174.87,1,0.0,1,False,1,0.0,30.0,34174.87
P0151,E11,1,43563.4,43563.4,1,1.0,1,False,1,0.0,30.0,43563.4
P0151,E12,2,82263.99,41131.995,2,0.5,2,False,690,0.0,0.08695652173913043,41131.995
P0151,E15,1,134018.64,134018.64,1,0.0,1,False,1,0.0,30.0,134018.64
P0151,E17,1,97647.01,97647.01,1,0.0,1,False,1,0.0,30.0,97647.01
P0152,E02,2,42437.63,21218.815,2,0.5,2,False,337,0.0,0.17804154302670624,21218.815
P0152,E03,1,92031.08,92031.08,1,0.0,1,False,1,0.0,30.0,92031.08
P0152,E05,1,458766.21,458766.21,1,0.0,1,False,1,0.0,30.0,458766.21
P0152,E07,1,60244.67,60244.67,1,1.0,1,False,1,0.0,30.0,60244.67
P0152,E08,2,238952.82,119476.41,2,0.0,2,False,284,0.0,0.2112676056338028,119476.41
P0152,E10,1,28435.02,28435.02,1,1.0,1,False,1,0.0,30.0,28435.02
P0152,E12,1,12913.62,12913.62,1,1.0,1,False,1,0.0,30.0,12913.62
P0152,E14,2,71945.00499999999,35972.502499999995,2,0.5,1,False,421,0.0,0.14251781472684086,71945.00499999999
P0152,E15,1,28736.59,28736.59,1,0.0,1,False,1,0.0,30.0,28736.59
P0152,E17,1,10030.45,10030.45,1,0.0,1,False,1,0.0,30.0,10030.45
P0153,E02,1,59651.84,59651.84,1,1.0,1,False,1,0.0,30.0,59651.84
P0153,E03,1,236202.13,236202.13,1,1.0,1,False,1,0.0,30.0,236202.13
P0153,E06,1,61286.18,61286.18,1,0.0,1,False,1,0.0,30.0,61286.18
P0153,E07,3,103201.37,34400.456666666665,3,0.3333333333333333,2,False,715,0.0,0.1258741258741259,51600.685
P0153,E09,2,745385.22,372692.61,2,0.0,1,False,75,0.0,0.8,745385.22
P0153,E10,1,54225.49,54225.49,1,1.0,1,False,1,0.0,30.0,54225.49
P0153,E12,4,234439.21000000002,58609.802500000005,3,0.25,2,False,344,0.25,0.3488372093023256,117219.60500000001
P0153,E13,2,134345.51,67172.755,2,0.5,2,False,705,0.0,0.0851063829787234,67172.755
P0153,E15,1,406088.1,406088.1,1,1.0,1,False,1,0.0,30.0,406088.1
P0153,E16,1,46675.06,46675.06,1,0.0,1,False,1,0.0,30.0,46675.06
P0153,E17,2,311518.0,155759.0,2,0.5,1,False,66,0.0,0.9090909090909091,311518.0
P0154,E01,3,215257.89,71752.63,3,0.3333333333333333,3,False,997,0.0,0.09027081243731193,71752.63
P0154,E03,1,96790.86,96790.86,1,0.0,1,False,1,0.0,30.0,96790.86
P0154,E04,2,78137.40000000001,39068.700000000004,2,0.0,2,False,303,0.0,0.19801980198019803,39068.700000000004
P0154,E07,1,24384.75,24384.75,1,1.0,1,False,1,0.0,30.0,24384.75
P0154,E10,2,187495.16,93747.58,2,0.0,1,False,645,0.0,0.09302325581395349,187495.16
P0154,E11,1,20781.18,20781.18,1,0.0,1,False,1,0.0,30.0,20781.18
P0154,E13,1,61235.37,61235.37,1,0.0,1,False,1,0.0,30.0,61235.37
P0154,E16,11,1775779.425,161434.4931818182,2,1.0,1,True,835,0.8181818181818181,0.39520958083832336,1775779.425
P0154,E17,1,114616.74,114616.74,1,0.0,1,False,1,0.0,30.0,114616.74
P0155,E00,1,28689.02,28689.02,1,1.0,1,False,1,0.0,30.0,28689.02
P0155,E03,1,37015.18,37015.18,1,1.0,1,False,1,0.0,30.0,37015.18
P0155,E04,1,524459.84,524459.84,1,0.0,1,False,1,0.0,30.0,524459.84
P0155,E05,2,76863.17,38431.585,2,0.5,2,False,923,0.0,0.06500541711809317,38431.585
P0155,E06,1,142030.63,142030.63,1,0.0,1,False,1,0.0,30.0,142030.63
P0155,E07,2,112294.92000000001,56147.46000000001,1,0.0,1,False,634,0.5,0.09463722397476342,112294.92000000001
P0155,E12,1,11496.64,11496.64,1,0.0,1,False,1,0.0,30.0,11496.64
P0155,E13,2,58074.93,29037.465,2,0.5,2,False,1003,0.0,0.05982053838484547,29037.465
P0155,E15,2,239184.93,119592.465,2,0.5,1,False,72,0.0,0.8333333333333334,239184.93
P0155,E16,3,499938.29,166646.09666666665,2,0.0,2,False,447,0.33333333333333337,0.20134228187919462,249969.145
P0156,E01,1,32508.08,32508.08,1,0.0,1,False,1,0.0,30.0,32508.08
P0156,E02,1,38325.64,38325.64,1,0.0,1,False,1,0.0,30.0,38325.64
P0156,E03,1,37258.42,37258.42,1,0.0,1,False,1,0.0,30.0,37258.42
P0156,E04,1,211019.51,211019.51,1,1.0,1,False,1,0.0,30.0,211019.51
P0156,E05,1,92270.05,92270.05,1,0.0,1,False,1,0.0,30.0,92270.05
P0156,E06,1,61530.634999999995,61530.634999999995,1,1.0,1,False,1,0.0,30.0,61530.634999999995
P0156,E09,2,406195.02,203097.51,2,0.0,2,False,257,0.0,0.23346303501945526,203097.51
P0156,E11,1,41051.8,41051.8,1,1.0,1,False,1,0.0,30.0,41051.8
P0156,E12,1,172614.22,172614.22,1,0.0,1,False,1,0.0,30.0,172614.22
P0156,E15,1,103646.24,103646.24,1,0.0,1,False,1,0.0,30.0,103646.24
P0156,E17,1,56397.34,56397.34,1,1.0,1,False,1,0.0,30.0,56397.34
P0157,E00,4,212430.94,53107.735,3,0.25,3,False,371,0.25,0.32345013477088946,70810.31333333334
P0157,E03,1,6405.83,6405.83,1,1.0,1,False,1,0.0,30.0,6405.83
P0157,E04,3,405405.92,135135.30666666667,3,0.0,2,False,573,0.0,0.15706806282722513,202702.96
P0157,E05,2,98882.49,49441.245,1,0.5,2,False,268,0.5,0.22388059701492538,49441.245
P0157,E06,1,75052.47,75052.47,1,1.0,1,False,1,0.0,30.0,75052.47
P0157,E07,1,83843.5,83843.5,1,0.0,1,False,1,0.0,30.0,83843.5
P0157,E10,2,82471.275,41235.6375,2,0.5,2,False,90,0.0,0.6666666666666666,41235.6375
P0157,E11,1,998937.46,998937.46,1,0.0,1,False,1,0.0,30.0,998937.46
P0157,E13,1,21595.49,21595.49,1,0.0,1,False,1,0.0,30.0,21595.49
P0157,E14,1,236354.51,236354.51,1,1.0,1,False,1,0.0,30.0,236354.51
P0157,E16,1,15039.28,15039.28,1,0.0,1,False,1,0.0,30.0,15039.28
P0158,E01,1,79777.37,79777.37,1,0.0,1,False,1,0.0,30.0,79777.37
P0158,E03,1,10320.6,10320.6,1,0.0,1,False,1,0.0,30.0,10320.6
P0158,E05,1,246785.2,246785.2,1,1.0,1,False,1,0.0,30.0,246785.2
P0158,E06,1,68258.54,68258.54,1,1.0,1,False,1,0.0,30.0,68258.54
P0158,E08,1,16096.74,16096.74,1,1.0,1,False,1,0.0,30.0,16096.74
P0158,E11,1,200569.47,200569.47,1,1.0,1,False,1,0.0,30.0,200569.47
P0158,E12,1,285688.77,285688.77,1,0.0,1,False,1,0.0,30.0,285688.77
P0158,E14,1,184435.21,184435.21,1,1.0,1,False,1,0.0,30.0,184435.21
P0158,E16,2,97291.4,48645.7,2,0.5,2,False,953,0.0,0.06295907660020987,48645.7
P0158,E17,2,672993.91,336496.955,2,0.5,2,False,448,0.0,0.13392857142857142,336496.955
P0159,E00,1,27126.41,27126.41,1,0.0,1,False,1,0.0,30.0,27126.41
P0159,E03,3,425016.495,141672.165,3,0.3333333333333333,1,False,948,0.0,0.09493670886075949,425016.495
P0159,E04,1,93154.8,93154.8,1,0.0,1,False,1,0.0,30.0,93154.8
P0159,E05,1,48472.73,48472.73,1,0.0,1,False,1,0.0,30.0,48472.73
P0159,E06,1,103803.37,103803.37,1,0.0,1,False,1,0.0,30.0,103803.37
P0159,E07,1,29252.65,29252.65,1,1.0,1,False,1,0.0,30.0,29252.65
P0159,E09,1,33419.17,33419.17,1,0.0,1,False,1,0.0,30.0,33419.17
P0159,E10,2,166190.27000000002,83095.13500000001,1,0.5,2,False,672,0.5,0.08928571428571429,83095.13500000001
P0159,E11,2,152620.71,76310.355,2,0.0,1,False,873,0.0,0.06872852233676975,152620.71
P0159,E15,2,193842.41,96921.205,2,0.0,1,False,715,0.0,0.08391608391608392,193842.41
P0159,E16,1,26416.13,26416.13,1,0.0,1,False,1,0.0,30.0,26416.13
P0159,E17,1,31494.66,31494.66,1,0.0,1,False,1,0.0,30.0,31494.66
P0160,E00,2,99321.94,49660.97,2,0.5,2,False,404,0.0,0.1485148514851485,49660.97
P0160,E01,2,224430.30000000002,112215.15000000001,2,0.5,2,False,204,0.0,0.29411764705882354,112215.15000000001
P0160,E02,1,11345.8,11345.8,1,1.0,1,False,1,0.0,30.0,11345.8
P0160,E07,1,128821.62,128821.62,1,1.0,1,False,1,0.0,30.0,128821.62
P0160,E08,1,135099.08,135099.08,1,1.0,1,False,1,0.0,30.0,135099.08
P0160,E09,1,87804.77,87804.77,1,0.0,1,False,1,0.0,30.0,87804.77
P0160,E11,1,3721.96,3721.96,1,0.0,1,False,1,0.0,30.0,3721.96
P0160,E12,3,442086.72,147362.24,3,0.6666666666666666,2,False,346,0.0,0.26011560693641617,221043.36
P0160,E15,1,65915.39,65915.39,1,1.0,1,False,1,0.0,30.0,65915.39
P0160,E17,1,41765.47,41765.47,1,0.0,1,False,1,0.0,30.0,41765.47
P0161,E00,1,33699.25,33699.25,1,1.0,1,False,1,0.0,30.0,33699.25
P0161,E01,1,47425.95,47425.95,1,0.0,1,False,1,0.0,30.0,47425.95
P0161,E02,2,81291.88,40645.94,2,0.0,2,False,58,0.0,1.0344827586206897,40645.94
P0161,E03,1,26007.79,26007.79,1,0.0,1,False,1,0.0,30.0,26007.79
P0161,E05,1,25315.15,25315.15,1,0.0,1,False,1,0.0,30.0,25315.15
P0161,E09,1,158023.33,158023.33,1,1.0,1,False,1,0.0,30.0,158023.33
P0161,E10,1,44483.89,44483.89,1,0.0,1,False,1,0.0,30.0,44483.89
P0161,E11,1,97170.84,97170.84,1,0.0,1,False,1,0.0,30.0,97170.84
P0161,E13,2,160181.55,80090.775,2,0.5,2,False,160,0.0,0.375,80090.775
P0161,E15,3,260890.84,86963.61333333333,3,0.3333333333333333,1,False,296,0.0,0.30405405405405406,260890.84
P0161,E16,1,77199.28,77199.28,1,0.0,1,False,1,0.0,30.0,77199.28
P0162,E00,1,33821.91,33821.91,1,0.0,1,False,1,0.0,30.0,33821.91
P0162,E01,3,423911.435,141303.81166666668,3,0.6666666666666666,3,False,445,0.0,0.20224719101123595,141303.81166666668
P0162,E02,1,61530.634999999995,61530.634999999995,1,0.0,1,False,1,0.0,30.0,61530.634999999995
P0162,E03,1,51750.51,51750.51,1,1.0,1,False,1,0.0,30.0,51750.51
P0162,E07,2,382826.85000000003,191413.42500000002,2,0.5,2,False,940,0.0,0.06382978723404256,191413.42500000002
P0162,E08,1,49546.34,49546.34,1,0.0,1,False,1,0.0,30.0,49546.34
P0162,E10,1,136451.01,136451.01,1,0.0,1,False,1,0.0,30.0,136451.01
P0162,E11,2,107396.64,53698.32,2,0.5,2,False,278,0.0,0.2158273381294964,53698.32
P0162,E12,2,240551.03,120275.515,2,0.5,1,False,456,0.0,0.13157894736842105,240551.03
P0162,E13,2,254043.79,127021.895,2,0.5,1,False,550,0.0,0.1090909090909091,254043.79
P0162,E14,1,28309.33,28309.33,1,0.0,1,False,1,0.0,30.0,28309.33
P0162,E16,2,146560.72999999998,73280.36499999999,1,0.0,2,False,179,0.5,0.33519553072625696,73280.36499999999
P0162,E17,1,92411.79,92411.79,1,0.0,1,False,1,0.0,30.0,92411.79
P0163,E01,3,230088.86,76696.28666666667,3,1.0,2,False,972,0.0,0.0925925925925926,115044.43
P0163,E02,1,18658.24,18658.24,1,0.0,1,False,1,0.0,30.0,18658.24
P0163,E05,2,118048.53,59024.265,2,0.0,2,False,303,0.0,0.19801980198019803,59024.265
P0163,E07,1,97347.77,97347.77,1,1.0,1,False,1,0.0,30.0,97347.77
P0163,E09,1,5355.57,5355.57,1,1.0,1,False,1,0.0,30.0,5355.57
P0163,E14,1,19906.32,19906.32,1,0.0,1,False,1,0.0,30.0,19906.32
P0163,E15,2,49226.99,24613.495,2,0.5,1,False,333,0.0,0.1801801801801802,49226.99
P0163,E16,1,7273.89,7273.89,1,0.0,1,False,1,0.0,30.0,7273.89
P0163,E17,2,183558.82,91779.41,2,1.0,2,False,982,0.0,0.06109979633401222,91779.41
P0164,E00,1,534552.95,534552.95,1,0.0,1,False,1,0.0,30.0,534552.95
P0164,E01,1,236393.99,236393.99,1,1.0,1,False,1,0.0,30.0,236393.99
P0164,E05,1,18915.77,18915.77,1,1.0,1,False,1,0.0,30.0,18915.77
P0164,E06,1,16192.98,16192.98,1,1.0,1,False,1,0.0,30.0,16192.98
P0164,E07,1,80154.48,80154.48,1,0.0,1,False,1,0.0,30.0,80154.48
P0164,E09,2,228392.21000000002,114196.10500000001,2,0.5,2,False,917,0.0,0.06543075245365322,114196.10500000001
P0164,E10,1,89160.19,89160.19,1,0.0,1,False,1,0.0,30.0,89160.19
P0164,E13,3,298834.7,99611.56666666667,3,0.6666666666666666,2,False,747,0.0,0.12048192771084339,149417.35
P0164,E15,1,27783.69,27783.69,1,0.0,1,False,1,0.0,30.0,27783.69
P0164,E16,1,44239.81,44239.81,1,1.0,1,False,1,0.0,30.0,44239.81
P0164,E17,1,113450.03,113450.03,1,1.0,1,False,1,0.0,30.0,113450.03
P0165,E00,3,308268.11,102756.03666666667,3,0.3333333333333333,1,False,1008,0.0,0.08928571428571429,308268.11
P0165,E03,3,139963.475,46654.49166666667,3,0.0,1,False,595,0.0,0.1512605042016807,139963.475
P0165,E04,2,321893.93,160946.965,2,0.5,2,False,297,0.0,0.20202020202020202,160946.965
P0165,E05,3,92107.86,30702.62,3,1.0,1,False,408,0.0,0.22058823529411764,92107.86
P0165,E07,2,135520.13999999998,67760.06999999999,2,0.0,2,False,345,0.0,0.17391304347826086,67760.06999999999
P0165,E08,1,29891.84,29891.84,1,1.0,1,False,1,0.0,30.0,29891.84
P0165,E10,1,10761.2,10761.2,1,1.0,1,False,1,0.0,30.0,10761.2
P0165,E12,1,75542.56,75542.56,1,0.0,1,False,1,0.0,30.0,75542.56
P0165,E13,2,290692.135,145346.0675,2,0.5,2,False,255,0.0,0.23529411764705882,145346.0675
P0165,E17,1,19573.19,19573.19,1,1.0,1,False,1,0.0,30.0,19573.19
P0166,E01,1,28510.55,28510.55,1,0.0,1,False,1,0.0,30.0,28510.55
P0166,E02,1,15335.69,15335.69,1,0.0,1,False,1,0.0,30.0,15335.69
P0166,E03,3,229149.66,76383.22,3,0.6666666666666666,1,False,1076,0.0,0.08364312267657993,229149.66
P0166,E04,1,248013.33,248013.33,1,1.0,1,False,1,0.0,30.0,248013.33
P0166,E05,1,197337.79,197337.79,1,1.0,1,False,1,0.0,30.0,197337.79
P0166,E06,1,142638.38,142638.38,1,1.0,1,False,1,0.0,30.0,142638.38
P0166,E07,1,16126.14,16126.14,1,1.0,1,False,1,0.0,30.0,16126.14
P0166,E12,1,45524.61,45524.61,1,1.0,1,False,1,0.0,30.0,45524.61
P0166,E13,1,19919.11,19919.11,1,1.0,1,False,1,0.0,30.0,19919.11
P0166,E14,1,24767.52,24767.52,1,1.0,1,False,1,0.0,30.0,24767.52
P0166,E16,1,134201.42,134201.42,1,0.0,1,False,1,0.0,30.0,134201.42
P0166,E17,1,54704.99,54704.99,1,0.0,1,False,1,0.0,30.0,54704.99
P0167,E00,1,81746.08,81746.08,1,1.0,1,False,1,0.0,30.0,81746.08
P0167,E01,2,145944.38,72972.19,2,0.0,2,False,361,0.0,0.16620498614958448,72972.19
P0167,E02,4,271924.08,67981.02,4,0.25,3,False,992,0.0,0.12096774193548386,90641.36
P0167,E03,1,63058.83,63058.83,1,0.0,1,False,1,0.0,30.0,63058.83
P0167,E06,1,7081.96,7081.96,1,0.0,1,False,1,0.0,30.0,7081.96
P0167,E08,1,34803.6,34803.6,1,0.0,1,False,1,0.0,30.0,34803.6
P0167,E09,2,140939.27000000002,70469.63500000001,2,0.5,2,False,30,0.0,2.0,70469.63500000001
P0167,E10,3,362073.665,120691.22166666666,3,0.3333333333333333,3,False,905,0.0,0.09944751381215469,120691.22166666666
P0167,E14,1,57864.52,57864.52,1,0.0,1,False,1,0.0,30.0,57864.52
P0167,E17,4,349600.78,87400.195,3,0.5,3,False,1056,0.25,0.11363636363636363,116533.59333333334
P0168,E00,1,68471.29,68471.29,1,0.0,1,False,1,0.0,30.0,68471.29
P0168,E01,2,98068.03,49034.015,2,1.0,2,False,217,0.0,0.2764976958525346,49034.015
P0168,E03,1,47892.31,47892.31,1,1.0,1,False,1,0.0,30.0,47892.31
P0168,E04,1,20700.08,20700.08,1,1.0,1,False,1,0.0,30.0,20700.08
P0168,E05,1,75023.74,75023.74,1,1.0,1,False,1,0.0,30.0,75023.74
P0168,E07,1,88838.1,88838.1,1,0.0,1,False,1,0.0,30.0,88838.1
P0168,E08,1,22117.14,22117.14,1,0.0,1,False,1,0.0,30.0,22117.14
P0168,E09,1,84469.87,84469.87,1,1.0,1,False,1,0.0,30.0,84469.87
P0168,E11,1,31940.46,31940.46,1,1.0,1,False,1,0.0,30.0,31940.46
P0168,E13,1,189310.83,189310.83,1,0.0,1,False,1,0.0,30.0,189310.83
P0168,E14,1,14447.42,14447.42,1,1.0,1,False,1,0.0,30.0,14447.42
P0168,E15,1,96416.01,96416.01,1,1.0,1,False,1,0.0,30.0,96416.01
P0168,E17,12,2712686.81,226057.23416666666,1,0.9166666666666666,1,True,816,0.9166666666666666,0.4411764705882353,2712686.81
P0169,E01,1,47761.49,47761.49,1,0.0,1,False,1,0.0,30.0,47761.49
P0169,E07,2,248737.96499999997,124368.98249999998,2,0.0,1,False,218,0.0,0.27522935779816515,248737.96499999997
P0169,E09,1,10884.93,10884.93,1,0.0,1,False,1,0.0,30.0,10884.93
P0169,E12,1,80383.39,80383.39,1,1.0,1,False,1,0.0,30.0,80383.39
P0169,E13,2,143197.22,71598.61,2,0.5,1,False,65,0.0,0.9230769230769231,143197.22
P0169,E14,1,104426.54,104426.54,1,0.0,1,False,1,0.0,30.0,104426.54
P0169,E15,2,193822.56,96911.28,2,0.0,1,False,110,0.0,0.5454545454545455,193822.56
P0170,E00,1,58502.6,58502.6,1,1.0,1,False,1,0.0,30.0,58502.6
P0170,E01,4,584065.56,146016.39,4,0.0,2,False,439,0.0,0.2733485193621868,292032.78
P0170,E02,3,124797.86,41599.28666666667,3,0.3333333333333333,3,False,312,0.0,0.28846153846153844,41599.28666666667
P0170,E04,2,43412.58,21706.29,2,0.0,2,False,470,0.0,0.12765957446808512,21706.29
P0170,E06,1,15257.71,15257.71,1,0.0,1,False,1,0.0,30.0,15257.71
P0170,E07,1,5227.36,5227.36,1,0.0,1,False,1,0.0,30.0,5227.36
P0170,E10,3,229313.3,76437.76666666666,3,0.6666666666666666,2,False,444,0.0,0.2027027027027027,114656.65
P0170,E12,1,353964.12,353964.12,1,0.0,1,False,1,0.0,30.0,353964.12
P0170,E13,1,128612.81,128612.81,1,0.0,1,False,1,0.0,30.0,128612.81
P0170,E14,1,18327.03,18327.03,1,1.0,1,False,1,0.0,30.0,18327.03
P0170,E15,3,558556.96,186185.65333333332,3,0.0,1,False,23,0.0,3.913043478260869,558556.96
P0170,E16,1,70186.78,70186.78,1,1.0,1,False,1,0.0,30.0,70186.78
P0170,E17,1,152463.74,152463.74,1,1.0,1,False,1,0.0,30.0,152463.74
P0171,E00,1,182045.98,182045.98,1,0.0,1,False,1,0.0,30.0,182045.98
P0171,E01,1,292491.1,292491.1,1,0.0,1,False,1,0.0,30.0,292491.1
P0171,E02,2,389901.33999999997,194950.66999999998,2,0.5,2,False,1041,0.0,0.05763688760806916,194950.66999999998
P0171,E03,2,172905.36,86452.68,2,0.5,1,False,507,0.0,0.1183431952662722,172905.36
P0171,E04,2,94908.48999999999,47454.244999999995,2,1.0,2,False,670,0.0,0.08955223880597016,47454.244999999995
P0171,E05,2,108439.43,54219.715,2,0.5,2,False,1020,0.0,0.058823529411764705,54219.715
P0171,E07,2,280810.33,140405.165,2,0.5,1,False,258,0.0,0.23255813953488372,280810.33
P0171,E09,2,80090.28,40045.14,2,0.0,2,False,494,0.0,0.12145748987854252,40045.14
P0171,E10,1,17174.46,17174.46,1,1.0,1,False,1,0.0,30.0,17174.46
P0171,E11,1,18933.55,18933.55,1,0.0,1,False,1,0.0,30.0,18933.55
P0171,E12,1,45493.22,45493.22,1,1.0,1,False,1,0.0,30.0,45493.22
P0171,E13,1,12634.17,12634.17,1,1.0,1,False,1,0.0,30.0,12634.17
P0171,E14,2,73164.51999999999,36582.259999999995,2,0.5,1,False,631,0.0,0.09508716323296354,73164.51999999999
P0171,E15,2,64219.64,32109.82,2,0.5,1,False,204,0.0,0.29411764705882354,64219.64
P0171,E17,1,210272.06,210272.06,1,1.0,1,False,1,0.0,30.0,210272.06
P0172,E01,1,142317.68,142317.68,1,0.0,1,False,1,0.0,30.0,142317.68
P0172,E02,3,108484.93,36161.64333333333,3,0.6666666666666666,3,False,1167,0.0,0.07712082262210797,36161.64333333333
P0172,E03,1,66538.6,66538.6,1,1.0,1,False,1,0.0,30.0,66538.6
P0172,E04,1,88299.25,88299.25,1,0.0,1,False,1,0.0,30.0,88299.25
P0172,E05,3,324369.5,108123.16666666667,3,0.6666666666666666,3,False,452,0.0,0.19911504424778761,108123.16666666667
P0172,E07,1,34576.28,34576.28,1,1.0,1,False,1,0.0,30.0,34576.28
P0172,E08,2,133588.52000000002,66794.26000000001,2,1.0,2,False,89,0.0,0.6741573033707865,66794.26000000001
P0172,E10,1,216175.34,216175.34,1,1.0,1,False,1,0.0,30.0,216175.34
P0172,E11,1,72578.29,72578.29,1,0.0,1,False,1,0.0,30.0,72578.29
P0172,E13,1,40152.94,40152.94,1,0.0,1,False,1,0.0,30.0,40152.94
P0172,E15,4,247342.76,61835.69,4,0.5,1,False,542,0.0,0.22140221402214022,247342.76
P0172,E16,1,18723.49,18723.49,1,0.0,1,False,1,0.0,30.0,18723.49
P0172,E17,2,69555.48999999999,34777.744999999995,2,1.0,2,False,1067,0.0,0.05623242736644798,34777.744999999995
P0173,E00,3,232626.9,77542.3,2,0.6666666666666666,2,False,574,0.33333333333333337,0.15679442508710803,116313.45
P0173,E01,2,44224.39,22112.195,2,0.0,2,False,117,0.0,0.5128205128205129,22112.195
P0173,E02,1,62307.17,62307.17,1,0.0,1,False,1,0.0,30.0,62307.17
P0173,E03,1,79094.49,79094.49,1,1.0,1,False,1,0.0,30.0,79094.49
P0173,E04,1,21358.1,21358.1,1,0.0,1,False,1,0.0,30.0,21358.1
P0173,E07,1,213818.49,213818.49,1,1.0,1,False,1,0.0,30.0,213818.49
P0173,E08,1,94719.51,94719.51,1,1.0,1,False,1,0.0,30.0,94719.51
P0173,E11,2,33120.36,16560.18,2,0.0,2,False,367,0.0,0.16348773841961853,16560.18
P0173,E12,1,88916.52,88916.52,1,1.0,1,False,1,0.0,30.0,88916.52
P0173,E13,2,148850.68,74425.34,1,0.0,2,False,530,0.5,0.11320754716981131,74425.34
P0173,E15,1,95753.87,95753.87,1,1.0,1,False,1,0.0,30.0,95753.87
P0173,E16,1,56620.75,56620.75,1,1.0,1,False,1,0.0,30.0,56620.75
P0174,E00,2,103937.29999999999,51968.649999999994,2,1.0,1,False,344,0.0,0.1744186046511628,103937.29999999999
P0174,E01,1,36268.17,36268.17,1,1.0,1,False,1,0.0,30.0,36268.17
P0174,E08,2,53872.7,26936.35,2,0.5,2,False,571,0.0,0.10507880910683011,26936.35
P0174,E09,1,35190.91,35190.91,1,0.0,1,False,1,0.0,30.0,35190.91
P0174,E10,1,72951.95,72951.95,1,1.0,1,False,1,0.0,30.0,72951.95
P0174,E11,2,85561.87,42780.935,2,0.0,2,False,135,0.0,0.4444444444444444,42780.935
P0174,E12,3,178749.15999999997,59583.05333333332,2,0.0,2,False,749,0.33333333333333337,0.12016021361815755,89374.57999999999
P0174,E14,2,398347.46,199173.73,2,0.5,2,False,925,0.0,0.06486486486486487,199173.73
P0174,E15,2,349606.79000000004,174803.39500000002,2,0.5,1,False,220,0.0,0.27272727272727276,349606.79000000004
P0175,E00,2,302717.91,151358.955,2,0.0,2,False,161,0.0,0.3726708074534162,151358.955
P0175,E02,2,133016.95500000002,66508.47750000001,2,0.0,2,False,698,0.0,0.08595988538681949,66508.47750000001
P0175,E05,1,204085.23,204085.23,1,1.0,1,False,1,0.0,30.0,204085.23
P0175,E06,1,58350.85,58350.85,1,1.0,1,False,1,0.0,30.0,58350.85
P0175,E09,1,25551.79,25551.79,1,0.0,1,False,1,0.0,30.0,25551.79
P0175,E10,1,207053.66,207053.66,1,0.0,1,False,1,0.0,30.0,207053.66
P0175,E12,1,256155.03,256155.03,1,1.0,1,False,1,0.0,30.0,256155.03
P0175,E13,3,252256.95,84085.65000000001,3,0.3333333333333333,2,False,190,0.0,0.4736842105263158,126128.475
P0175,E14,1,14087.66,14087.66,1,1.0,1,False,1,0.0,30.0,14087.66
P0175,E15,1,49186.39,49186.39,1,0.0,1,False,1,0.0,30.0,49186.39
P0175,E17,1,26365.68,26365.68,1,0.0,1,False,1,0.0,30.0,26365.68
P0176,E00,1,106652.67,106652.67,1,0.0,1,False,1,0.0,30.0,106652.67
P0176,E03,1,113270.47,113270.47,1,0.0,1,False,1,0.0,30.0,113270.47
P0176,E04,1,60660.86,60660.86,1,1.0,1,False,1,0.0,30.0,60660.86
P0176,E05,2,67844.36,33922.18,2,0.5,2,False,538,0.0,0.11152416356877323,33922.18
P0176,E06,1,34955.45,34955.45,1,0.0,1,False,1,0.0,30.0,34955.45
P0176,E07,2,24886.07,12443.035,2,0.0,2,False,834,0.0,0.07194244604316546,12443.035
P0176,E10,1,26462.29,26462.29,1,0.0,1,False,1,0.0,30.0,26462.29
P0176,E11,2,487875.91000000003,243937.95500000002,2,0.5,2,False,688,0.0,0.0872093023255814,243937.95500000002
P0176,E12,1,46512.79,46512.79,1,0.0,1,False,1,0.0,30.0,46512.79
P0176,E14,1,28631.83,28631.83,1,0.0,1,False,1,0.0,30.0,28631.83
P0176,E15,2,95258.91,47629.455,1,0.5,1,False,151,0.5,0.3973509933774835,95258.91
P0176,E16,2,98045.51,49022.755,2,0.0,1,False,284,0.0,0.2112676056338028,98045.51
P0177,E00,1,24174.73,24174.73,1,0.0,1,False,1,0.0,30.0,24174.73
P0177,E01,1,122022.43,122022.43,1,0.0,1,False,1,0.0,30.0,122022.43
P0177,E02,1,59499.97,59499.97,1,0.0,1,False,1,0.0,30.0,59499.97
P0177,E05,1,19755.69,19755.69,1,0.0,1,False,1,0.0,30.0,19755.69
P0177,E06,1,21424.13,21424.13,1,1.0,1,False,1,0.0,30.0,21424.13
P0177,E07,1,102883.84,102883.84,1,0.0,1,False,1,0.0,30.0,102883.84
P0177,E09,2,298936.24,149468.12,2,1.0,2,False,663,0.0,0.09049773755656108,149468.12
P0177,E10,1,49547.13,49547.13,1,0.0,1,False,1,0.0,30.0,49547.13
P0177,E12,2,78405.81999999999,39202.909999999996,1,0.5,1,False,100,0.5,0.6,78405.81999999999
P0177,E13,1,505357.7,505357.7,1,1.0,1,False,1,0.0,30.0,505357.7
P0177,E16,1,19866.16,19866.16,1,0.0,1,False,1,0.0,30.0,19866.16
P0178,E00,2,263778.74,131889.37,2,0.0,2,False,137,0.0,0.43795620437956206,131889.37
P0178,E02,1,46840.27,46840.27,1,1.0,1,False,1,0.0,30.0,46840.27
P0178,E07,1,34973.2,34973.2,1,0.0,1,False,1,0.0,30.0,34973.2
P0178,E08,1,67424.5,67424.5,1,0.0,1,False,1,0.0,30.0,67424.5
P0178,E11,2,178554.53000000003,89277.26500000001,2,0.5,2,False,844,0.0,0.07109004739336493,89277.26500000001
P0178,E12,1,50546.93,50546.93,1,0.0,1,False,1,0.0,30.0,50546.93
P0179,E02,2,89700.20999999999,44850.104999999996,2,0.5,2,False,279,0.0,0.2150537634408602,44850.104999999996
P0179,E04,2,90704.64,45352.32,2,1.0,2,False,362,0.0,0.16574585635359115,45352.32
P0179,E06,1,81356.87,81356.87,1,1.0,1,False,1,0.0,30.0,81356.87
P0179,E08,2,180010.09999999998,90005.04999999999,2,0.5,2,False,779,0.0,0.07702182284980745,90005.04999999999
P0179,E09,1,3827.06,3827.06,1,1.0,1,False,1,0.0,30.0,3827.06
P0179,E10,2,136089.24,68044.62,2,0.0,1,False,837,0.0,0.07168458781362008,136089.24
P0179,E12,3,163931.26,54643.753333333334,3,0.6666666666666666,1,False,897,0.0,0.10033444816053512,163931.26
P0179,E13,1,33619.21,33619.21,1,1.0,1,False,1,0.0,30.0,33619.21
P0179,E14,1,22939.72,22939.72,1,1.0,1,False,1,0.0,30.0,22939.72
P0179,E15,1,33897.19,33897.19,1,1.0,1,False,1,0.0,30.0,33897.19
P0179,E17,1,61530.634999999995,61530.634999999995,1,1.0,1,False,1,0.0,30.0,61530.634999999995
P0180,E00,1,25020.25,25020.25,1,0.0,1,False,1,0.0,30.0,25020.25
P0180,E03,1,53572.06,53572.06,1,0.0,1,False,1,0.0,30.0,53572.06
P0180,E05,1,204493.44,204493.44,1,1.0,1,False,1,0.0,30.0,204493.44
P0180,E06,1,36841.18,36841.18,1,1.0,1,False,1,0.0,30.0,36841.18
P0180,E08,1,20475.82,20475.82,1,0.0,1,False,1,0.0,30.0,20475.82
P0180,E09,4,438871.84,109717.96,3,0.75,3,False,844,0.25,0.14218009478672985,146290.61333333334
P0180,E11,3,262481.65,87493.88333333335,3,0.0,2,False,219,0.0,0.4109589041095891,131240.825
P0180,E12,1,41191.57,41191.57,1,0.0,1,False,1,0.0,30.0,41191.57
P0180,E13,3,136885.25,45628.416666666664,3,0.3333333333333333,2,False,1229,0.0,0.07323026851098453,68442.625
P0180,E14,2,204732.96000000002,102366.48000000001,2,0.5,1,False,30,0.0,2.0,204732.96000000002
P0180,E16,1,42261.45,42261.45,1,1.0,1,False,1,0.0,30.0,42261.45
P0180,E17,1,10684.36,10684.36,1,1.0,1,False,1,0.0,30.0,10684.36
P0181,E04,1,215119.65,215119.65,1,1.0,1,False,1,0.0,30.0,215119.65
P0181,E05,1,231104.47,231104.47,1,1.0,1,False,1,0.0,30.0,231104.47
P0181,E06,1,94973.21,94973.21,1,0.0,1,False,1,0.0,30.0,94973.21
P0181,E07,1,125573.02,125573.02,1,0.0,1,False,1,0.0,30.0,125573.02
P0181,E08,1,12072.94,12072.94,1,0.0,1,False,1,0.0,30.0,12072.94
P0181,E11,1,30160.65,30160.65,1,1.0,1,False,1,0.0,30.0,30160.65
P0181,E13,1,86439.75,86439.75,1,1.0,1,False,1,0.0,30.0,86439.75
P0181,E14,1,64683.825,64683.825,1,1.0,1,False,1,0.0,30.0,64683.825
P0181,E15,1,75024.76,75024.76,1,0.0,1,False,1,0.0,30.0,75024.76
P0181,E16,1,121800.09,121800.09,1,0.0,1,False,1,0.0,30.0,121800.09
P0182,E01,3,148432.13,49477.37666666667,3,0.3333333333333333,3,False,877,0.0,0.10262257696693272,49477.37666666667
P0182,E03,1,10664.26,10664.26,1,1.0,1,False,1,0.0,30.0,10664.26
P0182,E04,2,465538.39,232769.195,2,0.5,2,False,994,0.0,0.060362173038229376,232769.195
P0182,E05,2,97991.0,48995.5,2,0.5,2,False,108,0.0,0.5555555555555556,48995.5
P0182,E06,3,73033.08,24344.36,2,0.3333333333333333,2,False,972,0.33333333333333337,0.0925925925925926,36516.54
P0182,E07,2,46238.32,23119.16,2,0.5,2,False,669,0.0,0.08968609865470852,23119.16
P0182,E08,1,81712.02,81712.02,1,0.0,1,False,1,0.0,30.0,81712.02
P0182,E09,3,63914.259999999995,21304.75333333333,3,0.6666666666666666,2,False,353,0.0,0.254957507082153,31957.129999999997
P0182,E11,1,73773.02,73773.02,1,1.0,1,False,1,0.0,30.0,73773.02
P0182,E12,1,61012.64,61012.64,1,0.0,1,False,1,0.0,30.0,61012.64
P0182,E13,1,50106.02,50106.02,1,0.0,1,False,1,0.0,30.0,50106.02
P0182,E14,4,614847.58,153711.895,4,0.25,3,False,764,0.0,0.15706806282722513,204949.19333333333
P0182,E17,2,157406.57,78703.285,2,0.0,2,False,466,0.0,0.12875536480686695,78703.285
P0183,E01,3,640878.73,213626.24333333332,3,0.3333333333333333,3,False,371,0.0,0.2425876010781671,213626.24333333332
P0183,E06,2,128122.41,64061.205,2,0.0,1,False,263,0.0,0.22813688212927755,128122.41
P0183,E09,1,45751.03,45751.03,1,0.0,1,False,1,0.0,30.0,45751.03
P0183,E11,1,183108.55,183108.55,1,1.0,1,False,1,0.0,30.0,183108.55
P0183,E13,1,27643.93,27643.93,1,0.0,1,False,1,0.0,30.0,27643.93
P0183,E16,1,22792.52,22792.52,1,1.0,1,False,1,0.0,30.0,22792.52
P0183,E17,1,444836.69,444836.69,1,1.0,1,False,1,0.0,30.0,444836.69
P0184,E00,2,163459.93,81729.965,2,0.0,2,False,496,0.0,0.12096774193548386,81729.965
P0184,E01,1,247046.88,247046.88,1,1.0,1,False,1,0.0,30.0,247046.88
P0184,E03,1,121072.9,121072.9,1,1.0,1,False,1,0.0,30.0,121072.9
P0184,E05,1,19859.55,19859.55,1,1.0,1,False,1,0.0,30.0,19859.55
P0184,E10,2,169200.52,84600.26,2,0.0,2,False,84,0.0,0.7142857142857143,84600.26
P0184,E11,2,91814.64,45907.32,1,0.0,2,False,547,0.5,0.10968921389396709,45907.32
P0184,E12,1,121742.31,121742.31,1,0.0,1,False,1,0.0,30.0,121742.31
P0184,E13,1,494005.35,494005.35,1,0.0,1,False,1,0.0,30.0,494005.35
P0184,E14,3,114649.88,38216.62666666667,3,0.6666666666666666,2,False,279,0.0,0.3225806451612903,57324.94
P0184,E15,1,35750.01,35750.01,1,1.0,1,False,1,0.0,30.0,35750.01
P0184,E16,2,39906.84,19953.42,2,0.0,1,False,97,0.0,0.6185567010309279,39906.84
P0184,E17,1,197736.87,197736.87,1,1.0,1,False,1,0.0,30.0,197736.87
P0185,E01,1,35041.39,35041.39,1,1.0,1,False,1,0.0,30.0,35041.39
P0185,E05,1,31376.63,31376.63,1,0.0,1,False,1,0.0,30.0,31376.63
P0185,E06,2,217680.72,108840.36,2,0.5,1,False,73,0.0,0.8219178082191781,217680.72
P0185,E08,1,31981.22,31981.22,1,0.0,1,False,1,0.0,30.0,31981.22
P0185,E09,3,124261.59,41420.53,3,0.0,3,False,1160,0.0,0.07758620689655173,41420.53
P0185,E10,1,63829.94,63829.94,1,0.0,1,False,1,0.0,30.0,63829.94
P0185,E11,1,206146.67,206146.67,1,0.0,1,False,1,0.0,30.0,206146.67
P0185,E12,2,80147.53,40073.765,2,0.5,2,False,496,0.0,0.12096774193548386,40073.765
P0185,E13,1,167507.08,167507.08,1,0.0,1,False,1,0.0,30.0,167507.08
P0185,E14,1,99861.08,99861.08,1,1.0,1,False,1,0.0,30.0,99861.08
P0185,E16,2,62228.14,31114.07,2,1.0,2,False,289,0.0,0.20761245674740486,31114.07
P0186,E01,1,45537.71,45537.71,1,1.0,1,False,1,0.0,30.0,45537.71
P0186,E02,1,25718.21,25718.21,1,0.0,1,False,1,0.0,30.0,25718.21
P0186,E04,1,89057.13,89057.13,1,0.0,1,False,1,0.0,30.0,89057.13
P0186,E05,2,310747.345,155373.6725,2,0.5,2,False,864,0.0,0.06944444444444445,155373.6725
P0186,E06,1,28276.35,28276.35,1,0.0,1,False,1,0.0,30.0,28276.35
P0186,E08,1,39566.69,39566.69,1,1.0,1,False,1,0.0,30.0,39566.69
P0186,E10,2,244764.6,122382.3,2,0.0,2,False,627,0.0,0.09569377990430622,122382.3
P0186,E11,2,80654.94,40327.47,1,1.0,1,False,710,0.5,0.08450704225352113,80654.94
P0186,E13,2,718602.9700000001,359301.48500000004,1,0.0,2,False,36,0.5,1.6666666666666667,359301.48500000004
P0186,E16,1,228750.54,228750.54,1,0.0,1,False,1,0.0,30.0,228750.54
P0187,E00,1,121004.19,121004.19,1,0.0,1,False,1,0.0,30.0,121004.19
P0187,E01,1,177568.23,177568.23,1,1.0,1,False,1,0.0,30.0,177568.23
P0187,E02,1,47172.37,47172.37,1,0.0,1,False,1,0.0,30.0,47172.37
P0187,E03,2,238612.23,119306.115,2,0.5,1,False,659,0.0,0.09104704097116845,238612.23
P0187,E04,1,26320.63,26320.63,1,0.0,1,False,1,0.0,30.0,26320.63
P0187,E05,1,28973.47,28973.47,1,1.0,1,False,1,0.0,30.0,28973.47
P0187,E06,2,50784.71,25392.355,1,0.0,2,False,76,0.5,0.7894736842105263,25392.355
P0187,E07,1,286564.97,286564.97,1,0.0,1,False,1,0.0,30.0,286564.97
P0187,E09,2,112563.6,56281.8,2,1.0,2,False,167,0.0,0.3592814371257485,56281.8
P0187,E12,1,199262.46,199262.46,1,0.0,1,False,1,0.0,30.0,199262.46
P0187,E13,4,331910.435,82977.60875,3,0.0,2,False,557,0.25,0.21543985637342908,165955.2175
P0187,E14,2,101403.33,50701.665,2,0.0,2,False,338,0.0,0.17751479289940827,50701.665
P0187,E15,3,307278.9,102426.3,3,0.0,1,False,159,0.0,0.5660377358490566,307278.9
P0188,E00,3,453379.465,151126.48833333334,3,1.0,2,False,937,0.0,0.096051227321238,226689.7325
P0188,E02,2,168040.33000000002,84020.16500000001,2,0.5,1,False,726,0.0,0.08264462809917356,168040.33000000002
P0188,E04,2,85926.11,42963.055,2,0.0,1,False,115,0.0,0.5217391304347826,85926.11
P0188,E05,2,356608.55,178304.275,2,0.0,2,False,493,0.0,0.12170385395537525,178304.275
P0188,E08,3,157315.66999999998,52438.556666666664,3,0.6666666666666666,2,False,448,0.0,0.20089285714285715,78657.83499999999
P0188,E09,1,99481.65,99481.65,1,1.0,1,False,1,0.0,30.0,99481.65
P0188,E10,1,61530.634999999995,61530.634999999995,1,0.0,1,False,1,0.0,30.0,61530.634999999995
P0188,E11,1,435694.01,435694.01,1,0.0,1,False,1,0.0,30.0,435694.01
P0188,E12,2,141287.89,70643.945,2,0.0,2,False,371,0.0,0.16172506738544473,70643.945
P0188,E13,2,85487.20000000001,42743.600000000006,1,0.5,2,False,246,0.5,0.24390243902439027,42743.600000000006
P0188,E15,1,30174.46,30174.46,1,1.0,1,False,1,0.0,30.0,30174.46
P0188,E17,1,55937.88,55937.88,1,0.0,1,False,1,0.0,30.0,55937.88
P0189,E00,1,47814.83,47814.83,1,0.0,1,False,1,0.0,30.0,47814.83
P0189,E04,1,18208.73,18208.73,1,0.0,1,False,1,0.0,30.0,18208.73
P0189,E05,3,202936.51,67645.50333333334,3,0.6666666666666666,3,False,326,0.0,0.2760736196319018,67645.50333333334
P0189,E07,1,50227.71,50227.71,1,0.0,1,False,1,0.0,30.0,50227.71
P0189,E09,1,48726.4,48726.4,1,1.0,1,False,1,0.0,30.0,48726.4
P0189,E13,1,81012.92,81012.92,1,1.0,1,False,1,0.0,30.0,81012.92
P0189,E14,3,576597.8500000001,192199.28333333335,3,0.0,2,False,340,0.0,0.2647058823529412,288298.92500000005
P0189,E15,2,82845.97,41422.985,2,1.0,1,False,159,0.0,0.37735849056603776,82845.97
P0190,E03,2,72031.68,36015.84,2,1.0,1,False,106,0.0,0.5660377358490566,72031.68
P0190,E05,1,288576.87,288576.87,1,1.0,1,False,1,0.0,30.0,288576.87
P0190,E06,1,7146.67,7146.67,1,0.0,1,False,1,0.0,30.0,7146.67
P0190,E07,3,181739.15,60579.71666666667,3,0.6666666666666666,2,False,663,0.0,0.13574660633484162,90869.575
P0190,E10,1,39074.9,39074.9,1,0.0,1,False,1,0.0,30.0,39074.9
P0190,E13,1,122249.6,122249.6,1,1.0,1,False,1,0.0,30.0,122249.6
P0190,E17,2,129079.70999999999,64539.854999999996,2,0.5,2,False,457,0.0,0.1312910284463895,64539.854999999996
P0191,E02,1,22701.4,22701.4,1,0.0,1,False,1,0.0,30.0,22701.4
P0191,E04,1,83449.38,83449.38,1,0.0,1,False,1,0.0,30.0,83449.38
P0191,E05,1,16992.52,16992.52,1,0.0,1,False,1,0.0,30.0,16992.52
P0191,E06,1,23662.44,23662.44,1,0.0,1,False,1,0.0,30.0,23662.44
P0191,E07,1,61530.634999999995,61530.634999999995,1,1.0,1,False,1,0.0,30.0,61530.634999999995
P0191,E08,1,110811.44,110811.44,1,1.0,1,False,1,0.0,30.0,110811.44
P0191,E09,1,16433.3,16433.3,1,1.0,1,False,1,0.0,30.0,16433.3
P0191,E12,1,61114.75,61114.75,1,1.0,1,False,1,0.0,30.0,61114.75
P0191,E14,2,622621.1900000001,311310.59500000003,2,1.0,1,False,800,0.0,0.075,622621.1900000001
P0191,E15,1,27768.13,27768.13,1,1.0,1,False,1,0.0,30.0,27768.13
P0191,E16,1,53133.82,53133.82,1,0.0,1,False,1,0.0,30.0,53133.82
P0192,E00,2,232061.15,116030.575,2,0.5,2,False,205,0.0,0.29268292682926833,116030.575
P0192,E02,1,91143.33,91143.33,1,0.0,1,False,1,0.0,30.0,91143.33
P0192,E04,2,62474.39,31237.195,2,0.0,1,False,682,0.0,0.0879765395894428,62474.39
P0192,E06,2,783288.69,391644.345,2,0.0,2,False,953,0.0,0.06295907660020987,391644.345
P0192,E07,3,86810.7,28936.899999999998,3,0.3333333333333333,2,False,1143,0.0,0.07874015748031496,43405.35
P0192,E09,1,24592.82,24592.82,1,1.0,1,False,1,0.0,30.0,24592.82
P0192,E10,1,43133.93,43133.93,1,0.0,1,False,1,0.0,30.0,43133.93
P0192,E12,1,38979.16,38979.16,1,0.0,1,False,1,0.0,30.0,38979.16
P0192,E14,1,93539.38,93539.38,1,0.0,1,False,1,0.0,30.0,93539.38
P0192,E15,1,7896.49,7896.49,1,1.0,1,False,1,0.0,30.0,7896.49
P0192,E17,2,443424.9,221712.45,2,1.0,2,False,25,0.0,2.4,221712.45
P0193,E01,1,117328.08,117328.08,1,0.0,1,False,1,0.0,30.0,117328.08
P0193,E02,2,93887.45000000001,46943.725000000006,2,0.5,2,False,411,0.0,0.14598540145985403,46943.725000000006
P0193,E03,3,399572.69,133190.89666666667,3,0.0,1,False,763,0.0,0.11795543905635648,399572.69
P0193,E06,1,13055.71,13055.71,1,0.0,1,False,1,0.0,30.0,13055.71
P0193,E07,1,8973.8,8973.8,1,0.0,1,False,1,0.0,30.0,8973.8
P0193,E08,1,30021.54,30021.54,1,0.0,1,False,1,0.0,30.0,30021.54
P0193,E13,1,46981.22,46981.22,1,0.0,1,False,1,0.0,30.0,46981.22
P0193,E14,1,192520.58,192520.58,1,0.0,1,False,1,0.0,30.0,192520.58
P0193,E16,1,47565.54,47565.54,1,0.0,1,False,1,0.0,30.0,47565.54
P0193,E17,2,136575.94,68287.97,2,0.0,1,False,631,0.0,0.09508716323296354,136575.94
P0194,E00,2,208579.81,104289.905,2,0.5,2,False,217,0.0,0.2764976958525346,104289.905
P0194,E01,1,52984.99,52984.99,1,0.0,1,False,1,0.0,30.0,52984.99
P0194,E02,1,41060.72,41060.72,1,0.0,1,False,1,0.0,30.0,41060.72
P0194,E05,1,23132.89,23132.89,1,0.0,1,False,1,0.0,30.0,23132.89
P0194,E06,1,65806.24,65806.24,1,0.0,1,False,1,0.0,30.0,65806.24
P0194,E07,2,61987.76,30993.88,2,0.5,2,False,171,0.0,0.3508771929824561,30993.88
P0194,E08,2,73123.26,36561.63,2,0.5,2,False,714,0.0,0.08403361344537814,36561.63
P0194,E10,1,207979.05,207979.05,1,1.0,1,False,1,0.0,30.0,207979.05
P0194,E11,1,64683.825,64683.825,1,0.0,1,False,1,0.0,30.0,64683.825
P0194,E12,1,3844.45,3844.45,1,0.0,1,False,1,0.0,30.0,3844.45
P0194,E15,1,72304.07,72304.07,1,1.0,1,False,1,0.0,30.0,72304.07
P0194,E16,4,138331.62,34582.905,4,0.5,3,False,352,0.0,0.34090909090909094,46110.54
P0194,E17,1,61530.634999999995,61530.634999999995,1,0.0,1,False,1,0.0,30.0,61530.634999999995
P0195,E01,2,68299.25,34149.625,2,0.5,2,False,548,0.0,0.10948905109489052,34149.625
P0195,E02,1,153730.41,153730.41,1,0.0,1,False,1,0.0,30.0,153730.41
P0195,E04,1,106890.6,106890.6,1,0.0,1,False,1,0.0,30.0,106890.6
P0195,E05,2,165118.55,82559.275,1,0.0,2,False,290,0.5,0.20689655172413796,82559.275
P0195,E06,1,7442.57,7442.57,1,1.0,1,False,1,0.0,30.0,7442.57
P0195,E07,2,313217.83999999997,156608.91999999998,2,0.5,2,False,42,0.0,1.4285714285714286,156608.91999999998
P0195,E09,4,269268.28,67317.07,3,0.5,3,False,837,0.25,0.14336917562724016,89756.09333333334
P0195,E11,3,182502.32,60834.10666666667,3,0.3333333333333333,2,False,360,0.0,0.25,91251.16
P0195,E13,2,383948.92,191974.46,2,1.0,2,False,764,0.0,0.07853403141361257,191974.46
P0195,E14,2,119569.68,59784.84,2,0.5,2,False,256,0.0,0.234375,59784.84
P0195,E15,1,108970.68,108970.68,1,0.0,1,False,1,0.0,30.0,108970.68
P0196,E00,4,206552.25,51638.0625,4,0.5,2,False,786,0.0,0.15267175572519084,103276.125
P0196,E02,1,6783.93,6783.93,1,1.0,1,False,1,0.0,30.0,6783.93
P0196,E03,2,96051.19,48025.595,2,0.0,1,False,276,0.0,0.2173913043478261,96051.19
P0196,E04,1,96290.8,96290.8,1,0.0,1,False,1,0.0,30.0,96290.8
P0196,E06,2,379606.11,189803.055,2,0.0,1,False,402,0.0,0.14925373134328357,379606.11
P0196,E07,4,297204.85,74301.2125,2,0.25,3,False,717,0.5,0.1673640167364017,99068.28333333333
P0196,E08,1,48186.01,48186.01,1,1.0,1,False,1,0.0,30.0,48186.01
P0196,E09,1,11452.16,11452.16,1,0.0,1,False,1,0.0,30.0,11452.16
P0196,E13,2,350084.23000000004,175042.11500000002,1,0.5,1,False,521,0.5,0.11516314779270632,350084.23000000004
P0196,E14,1,97143.16,97143.16,1,1.0,1,False,1,0.0,30.0,97143.16
P0196,E15,1,104312.42,104312.42,1,0.0,1,False,1,0.0,30.0,104312.42
P0196,E16,2,161360.54,80680.27,1,0.5,2,False,234,0.5,0.25641025641025644,80680.27
P0197,E01,3,299741.05,99913.68333333333,2,0.3333333333333333,2,False,651,0.33333333333333337,0.1382488479262673,149870.525
P0197,E02,1,49100.28,49100.28,1,0.0,1,False,1,0.0,30.0,49100.28
P0197,E03,1,23778.1,23778.1,1,1.0,1,False,1,0.0,30.0,23778.1
P0197,E05,1,68651.05,68651.05,1,0.0,1,False,1,0.0,30.0,68651.05
P0197,E06,1,78459.92,78459.92,1,1.0,1,False,1,0.0,30.0,78459.92
P0197,E07,2,323885.57,161942.785,2,0.5,2,False,29,0.0,2.0689655172413794,161942.785
P0197,E09,2,41726.42999999999,20863.214999999997,2,0.5,2,False,691,0.0,0.08683068017366136,20863.214999999997
P0197,E12,1,32331.82,32331.82,1,1.0,1,False,1,0.0,30.0,32331.82
P0197,E15,1,64809.99,64809.99,1,1.0,1,False,1,0.0,30.0,64809.99
P0197,E16,1,28613.2,28613.2,1,1.0,1,False,1,0.0,30.0,28613.2
P0198,E01,1,24481.03,24481.03,1,1.0,1,False,1,0.0,30.0,24481.03
P0198,E02,2,65181.97,32590.985,2,1.0,1,False,660,0.0,0.09090909090909091,65181.97
P0198,E04,2,137854.43,68927.215,2,0.5,1,False,70,0.0,0.8571428571428571,137854.43
P0198,E05,1,61530.634999999995,61530.634999999995,1,1.0,1,False,1,0.0,30.0,61530.634999999995
P0198,E07,2,84597.48999999999,42298.744999999995,2,0.5,2,False,584,0.0,0.10273972602739727,42298.744999999995
P0198,E09,3,228594.39,76198.13,2,0.3333333333333333,2,False,766,0.33333333333333337,0.11749347258485639,114297.195
P0198,E10,2,198261.21,99130.605,2,0.0,1,False,316,0.0,0.189873417721519,198261.21
P0198,E11,1,63048.01,63048.01,1,1.0,1,False,1,0.0,30.0,63048.01
P0198,E13,1,52226.54,52226.54,1,0.0,1,False,1,0.0,30.0,52226.54
P0198,E14,2,262633.32999999996,131316.66499999998,2,0.5,2,False,186,0.0,0.3225806451612903,131316.66499999998
P0198,E15,1,43893.26,43893.26,1,0.0,1,False,1,0.0,30.0,43893.26
P0198,E16,1,162030.41,162030.41,1,0.0,1,False,1,0.0,30.0,162030.41
P0198,E17,1,87725.07,87725.07,1,0.0,1,False,1,0.0,30.0,87725.07
P0199,E00,3,346808.49,115602.83,3,0.6666666666666666,2,False,227,0.0,0.39647577092511016,173404.245
P0199,E03,1,12761.66,12761.66,1,1.0,1,False,1,0.0,30.0,12761.66
P0199,E05,1,4606.65,4606.65,1,0.0,1,False,1,0.0,30.0,4606.65
P0199,E06,1,75575.07,75575.07,1,1.0,1,False,1,0.0,30.0,75575.07
P0199,E07,3,382586.73,127528.90999999999,2,0.3333333333333333,2,False,529,0.33333333333333337,0.17013232514177695,191293.365
P0199,E09,1,42749.77,42749.77,1,1.0,1,False,1,0.0,30.0,42749.77
P0199,E10,1,36871.7,36871.7,1,0.0,1,False,1,0.0,30.0,36871.7
P0199,E11,2,47815.03,23907.515,2,0.5,2,False,447,0.0,0.1342281879194631,23907.515
P0199,E12,1,89757.99,89757.99,1,0.0,1,False,1,0.0,30.0,89757.99
P0199,E13,1,65727.925,65727.925,1,0.0,1,False,1,0.0,30.0,65727.925
P0199,E16,1,162237.57,162237.57,1,1.0,1,False,1,0.0,30.0,162237.57
P0199,E17,4,347924.75,86981.1875,3,0.25,3,False,517,0.25,0.23210831721470018,115974.91666666667
P0200,E00,2,115186.72,57593.36,2,1.0,2,False,262,0.0,0.22900763358778628,57593.36
P0200,E03,1,22262.19,22262.19,1,0.0,1,False,1,0.0,30.0,22262.19
P0200,E06,2,103193.09999999999,51596.549999999996,2,0.0,1,False,347,0.0,0.1729106628242075,103193.09999999999
P0200,E08,6,862265.225,143710.87083333332,4,0.0,1,False,927,0.33333333333333337,0.1941747572815534,862265.225
P0200,E09,3,195133.5,65044.5,3,0.3333333333333333,2,False,247,0.0,0.3643724696356276,97566.75
P0200,E10,1,47316.77,47316.77,1,1.0,1,False,1,0.0,30.0,47316.77
P0200,E12,1,61557.6,61557.6,1,0.0,1,False,1,0.0,30.0,61557.6
P0201,E00,1,15817.99,15817.99,1,0.0,1,False,1,0.0,30.0,15817.99
P0201,E01,1,49543.05,49543.05,1,1.0,1,False,1,0.0,30.0,49543.05
P0201,E03,1,9535.62,9535.62,1,1.0,1,False,1,0.0,30.0,9535.62
P0201,E04,1,48209.28,48209.28,1,1.0,1,False,1,0.0,30.0,48209.28
P0201,E05,2,134512.99,67256.495,2,0.0,2,False,30,0.0,2.0,67256.495
P0201,E06,1,102701.4,102701.4,1,0.0,1,False,1,0.0,30.0,102701.4
P0201,E08,2,218120.01,109060.005,2,0.0,2,False,143,0.0,0.4195804195804196,109060.005
P0201,E09,1,19941.71,19941.71,1,1.0,1,False,1,0.0,30.0,19941.71
P0201,E10,1,14042.18,14042.18,1,1.0,1,False,1,0.0,30.0,14042.18
P0201,E11,1,53048.0,53048.0,1,0.0,1,False,1,0.0,30.0,53048.0
P0201,E12,1,16964.47,16964.47,1,0.0,1,False,1,0.0,30.0,16964.47
P0201,E13,1,94320.61,94320.61,1,0.0,1,False,1,0.0,30.0,94320.61
P0201,E15,2,246613.87,123306.935,2,0.5,1,False,215,0.0,0.27906976744186046,246613.87
P0201,E17,3,351912.76,117304.25333333334,3,0.3333333333333333,1,False,424,0.0,0.21226415094339623,351912.76
P0202,E01,1,74040.43,74040.43,1,0.0,1,False,1,0.0,30.0,74040.43
P0202,E03,2,102052.12,51026.06,2,0.0,1,False,994,0.0,0.060362173038229376,102052.12
P0202,E07,1,32360.34,32360.34,1,0.0,1,False,1,0.0,30.0,32360.34
P0202,E09,4,342788.26,85697.065,3,0.5,3,False,756,0.25,0.15873015873015872,114262.75333333334
P0202,E10,1,8379.42,8379.42,1,1.0,1,False,1,0.0,30.0,8379.42
P0202,E11,2,70432.59,35216.295,2,0.5,1,False,313,0.0,0.19169329073482427,70432.59
P0202,E12,1,19362.15,19362.15,1,0.0,1,False,1,0.0,30.0,19362.15
P0202,E13,2,160683.07,80341.535,2,0.5,1,False,259,0.0,0.23166023166023167,160683.07
P0202,E15,1,201138.48,201138.48,1,0.0,1,False,1,0.0,30.0,201138.48
P0202,E17,1,155748.62,155748.62,1,1.0,1,False,1,0.0,30.0,155748.62
P0203,E00,2,400206.26,200103.13,2,0.0,2,False,1242,0.0,0.04830917874396135,200103.13
P0203,E01,2,99998.295,49999.1475,1,0.0,2,False,158,0.5,0.379746835443038,49999.1475
P0203,E02,4,453617.22000000003,113404.30500000001,4,0.5,3,False,1140,0.0,0.10526315789473684,151205.74000000002
P0203,E03,1,53651.92,53651.92,1,0.0,1,False,1,0.0,30.0,53651.92
P0203,E05,1,92481.7,92481.7,1,1.0,1,False,1,0.0,30.0,92481.7
P0203,E07,1,126772.35,126772.35,1,0.0,1,False,1,0.0,30.0,126772.35
P0203,E08,2,331467.705,165733.8525,2,0.5,2,False,11,0.0,5.454545454545455,165733.8525
P0203,E09,1,27414.0,27414.0,1,1.0,1,False,1,0.0,30.0,27414.0
P0203,E10,3,696481.03,232160.34333333335,2,0.6666666666666666,2,False,316,0.33333333333333337,0.2848101265822785,348240.515
P0203,E13,3,189460.38,63153.46,3,0.6666666666666666,2,False,975,0.0,0.09230769230769231,94730.19
P0203,E14,1,93723.04,93723.04,1,1.0,1,False,1,0.0,30.0,93723.04
P0203,E15,1,55810.54,55810.54,1,0.0,1,False,1,0.0,30.0,55810.54
P0203,E16,1,18322.25,18322.25,1,1.0,1,False,1,0.0,30.0,18322.25
P0203,E17,2,84453.15,42226.575,2,0.0,1,False,985,0.0,0.06091370558375634,84453.15
P0204,E02,1,26108.79,26108.79,1,1.0,1,False,1,0.0,30.0,26108.79
P0204,E03,1,61530.634999999995,61530.634999999995,1,1.0,1,False,1,0.0,30.0,61530.634999999995
P0204,E04,1,179048.82,179048.82,1,1.0,1,False,1,0.0,30.0,179048.82
P0204,E06,1,65203.41,65203.41,1,1.0,1,False,1,0.0,30.0,65203.41
P0204,E08,1,52801.27,52801.27,1,0.0,1,False,1,0.0,30.0,52801.27
P0204,E10,2,348738.55,174369.275,2,0.0,1,False,473,0.0,0.12684989429175475,348738.55
P0204,E11,1,11670.41,11670.41,1,1.0,1,False,1,0.0,30.0,11670.41
P0204,E12,1,71451.18,71451.18,1,0.0,1,False,1,0.0,30.0,71451.18
P0204,E14,3,730972.0599999999,243657.3533333333,3,0.3333333333333333,2,False,771,0.0,0.11673151750972763,365486.02999999997
P0204,E17,2,38894.61,19447.305,2,0.0,2,False,666,0.0,0.0900900900900901,19447.305
P0205,E00,2,146942.88999999998,73471.44499999999,2,0.5,2,False,435,0.0,0.13793103448275862,73471.44499999999
P0205,E04,1,77836.08,77836.08,1,0.0,1,False,1,0.0,30.0,77836.08
P0205,E05,2,130119.61,65059.805,2,1.0,2,False,27,0.0,2.2222222222222223,65059.805
P0205,E06,1,27596.25,27596.25,1,1.0,1,False,1,0.0,30.0,27596.25
P0205,E10,1,34297.56,34297.56,1,0.0,1,False,1,0.0,30.0,34297.56
P0205,E11,1,274606.63,274606.63,1,0.0,1,False,1,0.0,30.0,274606.63
P0205,E12,1,60988.99,60988.99,1,0.0,1,False,1,0.0,30.0,60988.99
P0205,E13,2,187992.34,93996.17,2,1.0,2,False,716,0.0,0.08379888268156424,93996.17
P0205,E14,2,100316.34,50158.17,2,0.5,2,False,272,0.0,0.22058823529411764,50158.17
P0205,E15,1,67903.04,67903.04,1,0.0,1,False,1,0.0,30.0,67903.04
P0205,E16,1,12564.91,12564.91,1,0.0,1,False,1,0.0,30.0,12564.91
P0205,E17,3,436609.95999999996,145536.65333333332,3,0.0,3,False,583,0.0,0.15437392795883362,145536.65333333332
P0206,E01,1,166933.04,166933.04,1,0.0,1,False,1,0.0,30.0,166933.04
P0206,E02,3,112387.0,37462.333333333336,3,0.3333333333333333,3,False,844,0.0,0.1066350710900474,37462.333333333336
P0206,E05,2,54300.869999999995,27150.434999999998,2,1.0,2,False,186,0.0,0.3225806451612903,27150.434999999998
P0206,E06,1,161178.3,161178.3,1,0.0,1,False,1,0.0,30.0,161178.3
P0206,E10,1,145807.79,145807.79,1,0.0,1,False,1,0.0,30.0,145807.79
P0206,E14,1,73010.55,73010.55,1,0.0,1,False,1,0.0,30.0,73010.55
P0206,E15,1,51801.74,51801.74,1,0.0,1,False,1,0.0,30.0,51801.74
P0207,E00,1,264480.15,264480.15,1,1.0,1,False,1,0.0,30.0,264480.15
P0207,E01,1,61506.13,61506.13,1,0.0,1,False,1,0.0,30.0,61506.13
P0207,E02,1,206521.6,206521.6,1,1.0,1,False,1,0.0,30.0,206521.6
P0207,E06,2,281477.04,140738.52,2,1.0,2,False,438,0.0,0.136986301369863,140738.52
P0207,E07,3,151946.18,50648.72666666666,3,0.0,2,False,523,0.0,0.17208413001912046,75973.09
P0207,E08,2,74833.29,37416.645,2,0.0,2,False,372,0.0,0.16129032258064516,37416.645
P0207,E09,1,84388.95,84388.95,1,1.0,1,False,1,0.0,30.0,84388.95
P0207,E10,1,63318.91,63318.91,1,0.0,1,False,1,0.0,30.0,63318.91
P0208,E01,2,113624.56,56812.28,2,0.5,2,False,693,0.0,0.08658008658008658,56812.28
P0208,E02,1,157124.42,157124.42,1,1.0,1,False,1,0.0,30.0,157124.42
P0208,E03,1,993720.1,993720.1,1,0.0,1,False,1,0.0,30.0,993720.1
P0208,E05,1,124003.93,124003.93,1,1.0,1,False,1,0.0,30.0,124003.93
P0208,E06,1,27543.25,27543.25,1,1.0,1,False,1,0.0,30.0,27543.25
P0208,E09,2,164198.19,82099.095,2,0.0,2,False,14,0.0,4.285714285714286,82099.095
P0208,E11,1,12004.55,12004.55,1,0.0,1,False,1,0.0,30.0,12004.55
P0208,E12,1,22541.47,22541.47,1,0.0,1,False,1,0.0,30.0,22541.47
P0208,E13,2,82880.6,41440.3,2,0.5,1,False,182,0.0,0.32967032967032966,82880.6
P0208,E15,1,63789.45,63789.45,1,0.0,1,False,1,0.0,30.0,63789.45
P0208,E16,1,17680.68,17680.68,1,1.0,1,False,1,0.0,30.0,17680.68
P0208,E17,3,216971.66,72323.88666666667,2,0.3333333333333333,2,False,578,0.33333333333333337,0.15570934256055363,108485.83
P0209,E00,1,33342.55,33342.55,1,1.0,1,False,1,0.0,30.0,33342.55
P0209,E01,2,98260.73999999999,49130.369999999995,2,1.0,1,False,505,0.0,0.11881188118811882,98260.73999999999
P0209,E04,1,48107.77,48107.77,1,0.0,1,False,1,0.0,30.0,48107.77
P0209,E05,1,30631.34,30631.34,1,1.0,1,False,1,0.0,30.0,30631.34
P0209,E06,1,19902.2,19902.2,1,1.0,1,False,1,0.0,30.0,19902.2
P0209,E08,1,1313902.4,1313902.4,1,0.0,1,False,1,0.0,30.0,1313902.4
P0209,E09,1,13979.85,13979.85,1,0.0,1,False,1,0.0,30.0,13979.85
P0209,E10,1,124222.4,124222.4,1,0.0,1,False,1,0.0,30.0,124222.4
P0209,E12,3,214270.82,71423.60666666667,3,0.3333333333333333,2,False,188,0.0,0.4787234042553192,107135.41
P0209,E14,2,120783.16999999998,60391.58499999999,2,0.0,2,False,201,0.0,0.29850746268656714,60391.58499999999
P0209,E15,2,91226.76000000001,45613.380000000005,2,0.0,1,False,299,0.0,0.20066889632107024,91226.76000000001
P0210,E00,1,127942.19,127942.19,1,1.0,1,False,1,0.0,30.0,127942.19
P0210,E03,1,88223.25,88223.25,1,0.0,1,False,1,0.0,30.0,88223.25
P0210,E06,1,62504.42,62504.42,1,0.0,1,False,1,0.0,30.0,62504.42
P0210,E07,1,100721.27,100721.27,1,0.0,1,False,1,0.0,30.0,100721.27
P0210,E08,1,47217.31,47217.31,1,0.0,1,False,1,0.0,30.0,47217.31
P0210,E09,1,8378.13,8378.13,1,1.0,1,False,1,0.0,30.0,8378.13
P0210,E10,2,345587.58,172793.79,2,0.5,1,False,833,0.0,0.07202881152460984,345587.58
P0210,E12,2,241050.12,120525.06,2,0.0,2,False,614,0.0,0.09771986970684039,120525.06
P0210,E13,2,47595.649999999994,23797.824999999997,2,0.0,1,False,19,0.0,3.1578947368421053,47595.649999999994
P0210,E14,1,61530.634999999995,61530.634999999995,1,1.0,1,False,1,0.0,30.0,61530.634999999995
P0210,E15,1,35118.4,35118.4,1,1.0,1,False,1,0.0,30.0,35118.4
P0210,E16,1,258423.57,258423.57,1,1.0,1,False,1,0.0,30.0,258423.57
P0211,E01,1,93047.87,93047.87,1,0.0,1,False,1,0.0,30.0,93047.87
P0211,E03,1,55937.88,55937.88,1,1.0,1,False,1,0.0,30.0,55937.88
P0211,E05,1,81157.78,81157.78,1,0.0,1,False,1,0.0,30.0,81157.78
P0211,E06,2,129541.54000000001,64770.770000000004,2,0.0,1,False,361,0.0,0.16620498614958448,129541.54000000001
P0211,E07,1,24158.28,24158.28,1,1.0,1,False,1,0.0,30.0,24158.28
P0211,E10,1,24314.16,24314.16,1,0.0,1,False,1,0.0,30.0,24314.16
P0211,E12,1,84449.38,84449.38,1,0.0,1,False,1,0.0,30.0,84449.38
P0211,E13,1,13379.12,13379.12,1,0.0,1,False,1,0.0,30.0,13379.12
P0211,E14,2,113738.19,56869.095,2,0.5,2,False,1113,0.0,0.053908355795148244,56869.095
P0211,E16,3,326787.49,108929.16333333333,2,1.0,2,False,435,0.33333333333333337,0.20689655172413793,163393.745
P0211,E17,2,153644.71,76822.355,2,0.5,2,False,578,0.0,0.10380622837370243,76822.355
P0212,E01,3,274911.03,91637.01000000001,3,0.3333333333333333,2,False,577,0.0,0.1559792027729636,137455.515
P0212,E03,1,208071.07,208071.07,1,0.0,1,False,1,0.0,30.0,208071.07
P0212,E04,1,33217.86,33217.86,1,1.0,1,False,1,0.0,30.0,33217.86
P0212,E06,1,20866.7,20866.7,1,0.0,1,False,1,0.0,30.0,20866.7
P0212,E07,1,55974.83,55974.83,1,1.0,1,False,1,0.0,30.0,55974.83
P0212,E08,2,138586.06,69293.03,2,0.5,2,False,372,0.0,0.16129032258064516,69293.03
P0212,E09,1,89585.42,89585.42,1,1.0,1,False,1,0.0,30.0,89585.42
P0212,E10,4,410338.77,102584.6925,3,0.25,3,False,386,0.25,0.31088082901554404,136779.59
P0212,E12,1,61530.634999999995,61530.634999999995,1,0.0,1,False,1,0.0,30.0,61530.634999999995
P0212,E14,1,638980.48,638980.48,1,0.0,1,False,1,0.0,30.0,638980.48
P0212,E16,1,187997.94,187997.94,1,1.0,1,False,1,0.0,30.0,187997.94
P0213,E00,1,109594.27,109594.27,1,0.0,1,False,1,0.0,30.0,109594.27
P0213,E01,5,307248.94,61449.788,4,0.2,3,False,1006,0.19999999999999996,0.14910536779324057,102416.31333333334
P0213,E02,1,33400.28,33400.28,1,1.0,1,False,1,0.0,30.0,33400.28
P0213,E03,5,97658.84,19531.768,4,0.6,1,False,666,0.19999999999999996,0.22522522522522523,97658.84
P0213,E05,2,32801.5,16400.75,2,0.5,2,False,156,0.0,0.3846153846153846,16400.75
P0213,E08,3,215132.88,71710.96,3,0.3333333333333333,2,False,703,0.0,0.12802275960170698,107566.44
P0213,E09,1,55837.51,55837.51,1,0.0,1,False,1,0.0,30.0,55837.51
P0213,E10,1,186474.3,186474.3,1,1.0,1,False,1,0.0,30.0,186474.3
P0213,E11,2,99664.53,49832.265,2,0.5,1,False,339,0.0,0.17699115044247787,99664.53
P0213,E13,2,60789.57,30394.785,2,1.0,2,False,498,0.0,0.12048192771084336,30394.785
P0213,E14,1,159347.29,159347.29,1,0.0,1,False,1,0.0,30.0,159347.29
P0213,E16,1,103970.11,103970.11,1,0.0,1,False,1,0.0,30.0,103970.11
P0213,E17,1,66646.32,66646.32,1,1.0,1,False,1,0.0,30.0,66646.32
P0214,E00,1,73766.94,73766.94,1,1.0,1,False,1,0.0,30.0,73766.94
P0214,E01,2,372476.91000000003,186238.45500000002,2,0.5,2,False,49,0.0,1.2244897959183674,186238.45500000002
P0214,E02,1,56536.03,56536.03,1,1.0,1,False,1,0.0,30.0,56536.03
P0214,E03,1,34169.92,34169.92,1,1.0,1,False,1,0.0,30.0,34169.92
P0214,E04,3,99409.58,33136.526666666665,3,0.6666666666666666,3,False,1163,0.0,0.07738607050730868,33136.526666666665
P0214,E05,1,41873.29,41873.29,1,0.0,1,False,1,0.0,30.0,41873.29
P0214,E07,1,18135.13,18135.13,1,0.0,1,False,1,0.0,30.0,18135.13
P0214,E08,1,94828.98,94828.98,1,0.0,1,False,1,0.0,30.0,94828.98
P0214,E09,3,617265.73,205755.24333333332,3,0.3333333333333333,3,False,632,0.0,0.14240506329113925,205755.24333333332
P0214,E10,1,49228.39,49228.39,1,0.0,1,False,1,0.0,30.0,49228.39
P0214,E11,1,40884.0,40884.0,1,0.0,1,False,1,0.0,30.0,40884.0
P0214,E13,1,52836.4,52836.4,1,0.0,1,False,1,0.0,30.0,52836.4
P0214,E16,2,378914.94999999995,189457.47499999998,2,0.0,2,False,95,0.0,0.6315789473684211,189457.47499999998
P0214,E17,2,441882.04000000004,220941.02000000002,2,0.5,2,False,748,0.0,0.08021390374331551,220941.02000000002
P0215,E01,1,45295.26,45295.26,1,0.0,1,False,1,0.0,30.0,45295.26
P0215,E02,2,402083.94,201041.97,2,0.0,2,False,165,0.0,0.36363636363636365,201041.97
P0215,E03,1,102797.03,102797.03,1,0.0,1,False,1,0.0,30.0,102797.03
P0215,E04,1,196978.73,196978.73,1,1.0,1,False,1,0.0,30.0,196978.73
P0215,E05,2,205561.11,102780.555,2,0.0,2,False,32,0.0,1.875,102780.555
P0215,E06,2,116559.82,58279.91,2,1.0,1,False,467,0.0,0.1284796573875803,116559.82
P0215,E07,1,89121.37,89121.37,1,1.0,1,False,1,0.0,30.0,89121.37
P0215,E08,1,121078.01,121078.01,1,0.0,1,False,1,0.0,30.0,121078.01
P0215,E09,2,23477.88,11738.94,2,0.5,2,False,179,0.0,0.33519553072625696,11738.94
P0215,E11,1,61530.634999999995,61530.634999999995,1,1.0,1,False,1,0.0,30.0,61530.634999999995
P0215,E12,1,28502.11,28502.11,1,0.0,1,False,1,0.0,30.0,28502.11
P0215,E13,1,148930.95,148930.95,1,0.0,1,False,1,0.0,30.0,148930.95
P0215,E15,1,11579.78,11579.78,1,0.0,1,False,1,0.0,30.0,11579.78
P0215,E16,1,51469.9,51469.9,1,0.0,1,False,1,0.0,30.0,51469.9
P0215,E17,1,56898.49,56898.49,1,1.0,1,False,1,0.0,30.0,56898.49
P0216,E01,2,171912.56,85956.28,2,0.0,2,False,84,0.0,0.7142857142857143,85956.28
P0216,E02,1,12060.91,12060.91,1,1.0,1,False,1,0.0,30.0,12060.91
P0216,E03,1,38042.09,38042.09,1,0.0,1,False,1,0.0,30.0,38042.09
P0216,E06,1,167306.22,167306.22,1,0.0,1,False,1,0.0,30.0,167306.22
P0216,E07,1,28704.34,28704.34,1,0.0,1,False,1,0.0,30.0,28704.34
P0216,E08,1,63638.67,63638.67,1,0.0,1,False,1,0.0,30.0,63638.67
P0216,E10,2,137596.21,68798.105,2,0.0,2,False,284,0.0,0.2112676056338028,68798.105
P0216,E11,2,472235.06,236117.53,1,0.5,1,False,153,0.5,0.3921568627450981,472235.06
P0216,E13,1,63031.3,63031.3,1,1.0,1,False,1,0.0,30.0,63031.3
P0216,E14,1,173134.56,173134.56,1,1.0,1,False,1,0.0,30.0,173134.56
P0217,E01,2,271443.44,135721.72,2,0.5,2,False,784,0.0,0.07653061224489796,135721.72
P0217,E06,1,327540.8,327540.8,1,1.0,1,False,1,0.0,30.0,327540.8
P0217,E07,2,137402.58000000002,68701.29000000001,2,0.0,2,False,215,0.0,0.27906976744186046,68701.29000000001
P0217,E08,1,114063.9,114063.9,1,0.0,1,False,1,0.0,30.0,114063.9
P0217,E09,2,179174.26,89587.13,2,0.5,1,False,336,0.0,0.17857142857142858,179174.26
P0217,E10,1,106373.82,106373.82,1,0.0,1,False,1,0.0,30.0,106373.82
P0217,E12,1,215610.88,215610.88,1,1.0,1,False,1,0.0,30.0,215610.88
P0217,E13,1,8868.29,8868.29,1,0.0,1,False,1,0.0,30.0,8868.29
P0217,E14,1,24111.33,24111.33,1,0.0,1,False,1,0.0,30.0,24111.33
P0217,E15,2,67374.45,33687.225,2,0.0,1,False,310,0.0,0.1935483870967742,67374.45
P0217,E16,2,150889.84,75444.92,1,0.0,2,False,752,0.5,0.0797872340425532,75444.92
P0217,E17,1,29100.49,29100.49,1,0.0,1,False,1,0.0,30.0,29100.49
P0218,E00,1,88612.69,88612.69,1,0.0,1,False,1,0.0,30.0,88612.69
P0218,E01,1,268472.32,268472.32,1,0.0,1,False,1,0.0,30.0,268472.32
P0218,E02,1,94749.32,94749.32,1,1.0,1,False,1,0.0,30.0,94749.32
P0218,E05,2,58763.64,29381.82,2,0.5,2,False,22,0.0,2.7272727272727275,29381.82
P0218,E12,1,15749.17,15749.17,1,0.0,1,False,1,0.0,30.0,15749.17
P0218,E14,4,360460.18,90115.045,4,0.75,3,False,890,0.0,0.1348314606741573,120153.39333333333
P0218,E16,2,260747.12,130373.56,2,0.5,2,False,762,0.0,0.07874015748031496,130373.56
P0219,E01,1,61530.634999999995,61530.634999999995,1,1.0,1,False,1,0.0,30.0,61530.634999999995
P0219,E03,1,23830.04,23830.04,1,1.0,1,False,1,0.0,30.0,23830.04
P0219,E04,2,314594.49,157297.245,2,0.0,2,False,80,0.0,0.75,157297.245
P0219,E07,1,42595.07,42595.07,1,0.0,1,False,1,0.0,30.0,42595.07
P0219,E09,1,21804.17,21804.17,1,0.0,1,False,1,0.0,30.0,21804.17
P0219,E11,1,33665.92,33665.92,1,0.0,1,False,1,0.0,30.0,33665.92
P0219,E12,1,47037.21,47037.21,1,0.0,1,False,1,0.0,30.0,47037.21
P0219,E14,1,46778.37,46778.37,1,0.0,1,False,1,0.0,30.0,46778.37
P0219,E15,1,21308.67,21308.67,1,0.0,1,False,1,0.0,30.0,21308.67
P0219,E16,2,326720.14,163360.07,2,0.5,1,False,735,0.0,0.08163265306122448,326720.14
P0219,E17,1,270677.92,270677.92,1,1.0,1,False,1,0.0,30.0,270677.92
