id_entidad,nombre_entidad,direccion,telefono,address_department
PE-CONSUCODE-10006,GOBIERNO REGIONAL DE LIMA - HOSPITAL HUACHO-HUAURA-OYON Y SERVICIOS  BASICOS  DE  SALUD,AVENIDA JOSE A. ARAMBULO LA ROSA Nº 221-251,988307618,LIMA
PE-CONSUCODE-10007,HOSPITAL NACIONAL DOCENTE MADRE NIÑO - SAN BARTOLOME,AV. ALFONSO UGARTE Nº 825 - LIMA,000000,LIMA
PE-CONSUCODE-1002,MUNICIPALIDAD PROVINCIAL DE PUERTO INCA,SANCHEZ CERRO 610,,HUANUCO
PE-CONSUCODE-200663,MINISTERIO PUBLICO - GERENCIA ADMINISTRATIVA DE PIURA,CALLE LIMA CON AYACUCHO SN,73-326711,PIURA
PE-CONSUCODE-201043,MUNICIPALIDAD DISTRITAL VEINTISEIS DE OCTUBRE,PROLONGACION AVENIDA GRAU MZ C LT 19 CONJUNTO HABITACIONAL MICAELA BASTIDAS,073354033,PIURA
PE-CONSUCODE-10045,GOBIERNO REGIONAL DE JUNIN - HOSPITAL DANIEL ALCIDES CARRION - HUANCAYO,AV. DANIEL A. CARRION 1552 HUANCAYO,236222,JUNIN
PE-CONSUCODE-10046,GOBIERNO REGIONAL DE LA LIBERTAD-INSTITUTO REGIONAL DE OFTALMOLOGIA,"MZ P´ LOTE 7A-NATASHA ALTA- URB,COVICORTI",044287222,LA LIBERTAD
PE-CONSUCODE-10137,DESPACHO PRESIDENCIAL,JR. DE LA UNION S/N PRIMERA CUADRA,3113900,LIMA
PE-CONSUCODE-10096,EMPRESA MUNICIPAL DE SERVICIO ELECTRICO DE TOCACHE S.A.,JR. BOLOGNESI Nº 290,,SAN MARTIN
PE-CONSUCODE-10141,COMISIÓN NACIONAL PARA EL DESARROLLO Y VIDA SIN DROGAS - DEVIDA,AV. BENAVIDES 2199-B,,LIMA
PE-CONSUCODE-10143,DIRECCION DE ECONOMIA Y FINANZAS DE LA POLICIA NACIONAL DEL PERU - PNP,JR. LOS CIBELES N° 191,980121298,LIMA
PE-CONSUCODE-10153,JEFATURA DE LA X DIRECCION TERRITORIAL POLICIAL - DIRTEPOL DEL CUSCO,PLAZA TUPAC AMARU S/N,980122645,CUSCO
PE-CONSUCODE-10167,UNIDAD DE GESTION EDUCATIVA LOCAL UGEL 02 - RIMAC,JR. ANTON SANCHEZ Nº 202 -SMP,014813682,LIMA
PE-CONSUCODE-10182,DIRECCION REGIONAL DE EDUCACION  DE  LIMA METROPOLITANA,JR. JULIAN ARCE  - URB. SANTA CATALINA 412 LIMA,,LIMA
PE-CONSUCODE-10189,PROGRAMA EDUCACION BASICA PARA TODOS UE 026,CALLE DEL COMERCIO,6155800,LIMA
PE-CONSUCODE-10194,INSTITUTO NACIONAL DE ENFERMEDADES NEOPLASICAS,AV. ANGAMOS ESTE 2520,,LIMA
PE-CONSUCODE-10196,INSTITUTO NACIONAL DE OFTALMOLOGIA,AV TINGO MARIA NRO 398,2029060,LIMA
PE-CONSUCODE-10195,INSTITUTO NACIONAL DE CIENCIAS NEUROLOGICAS - INCN,JR. ANCASH 1271 LIMA,4117711,LIMA
PE-CONSUCODE-10198,INSTITUTO NACIONAL DE SALUD DEL NIÑO,BRASIL 600,4240217,LIMA
PE-CONSUCODE-10199,INSTITUTO NACIONAL MATERNO PERINATAL,JR. ANTONIO MIROQUESADA Nº 941 LIMA,3242983,LIMA
PE-CONSUCODE-10200,GOBIERNO REGIONAL DEL CALLAO - DIRECCION DE SALUD I CALLAO,COLINA  879 CALLAO,5755500,CALLAO
PE-CONSUCODE-10205,HOSPITAL HERMILIO VALDIZAN,CARRETERA  CENTRAL  KM 3.5 SANTA ANITA,000000,LIMA
PE-CONSUCODE-10206,GOBIERNO REGIONAL DE LIMA - DIRECCION DE SALUD III LIMA NORTE,CALLE JOSE ARAMBULO LA ROSA,2322574,LIMA
PE-CONSUCODE-10216,HOSPITAL SANTA ROSA,AV. BOLÍVAR CDRA.8 LIMA,6158229,LIMA
PE-CONSUCODE-10218,HOSPITAL DE EMERGENCIAS PEDIATRICAS,AV. GRAU 800 LIMA,4747302,LIMA
PE-CONSUCODE-10231,MTC-PROYECTO ESPECIAL DE INFRAESTRUCTURA DE TRANSPORTE DESCENTRALIZADO - PROVIAS DESCENTRALIZADO,JR. CAMANA NRO. 678 LIMA,,LIMA
PE-CONSUCODE-10246,COMANDO CONJUNTO DE LAS FUERZAS ARMADAS,JR. NICOLÁS CORPANCHO 291 LIMA,,LIMA
PE-CONSUCODE-10247,EJERCITO PERUANO,AV. BOULEVARD LIMA,956091695,LIMA
PE-CONSUCODE-10248,MARINA DE GUERRA DEL PERU,AV. LA MARINA CDRA 36 S/N CUARTEL NAVAL -  LA PERLA,,CALLAO
PE-CONSUCODE-201143,AGENCIA DE COMPRAS DE LAS FUERZAS ARMADAS,AV DE LA PERUANIDAD SN EDIFICIO QUIÑONES SN OFICINA P 8,2098530,LIMA
PE-CONSUCODE-10249,FUERZA AEREA DEL PERU,CAMPO DE MARTE LIMA,000000,LIMA
PE-CONSUCODE-1025,MUNICIPALIDAD PROVINCIAL DE ICA,AV. MUNICIPALIDAD NO 182,,ICA
PE-CONSUCODE-202565,REGION POLICIAL PIURA,PANAMERICANA NORTE KM 3.5 ZONA INDUSTRIAL S/N,073-354965,PIURA
PE-CONSUCODE-10269,INPE-DIRECCION REGIONAL ALTIPLANO PUNO,JR. ORKAPATA N° 228 PUNO,,PUNO
PE-CONSUCODE-1028,MUNICIPALIDAD DISTRITAL DE PACHACUTEC,MANCO CAPAC NO 2 INTERIOR C,056254201,ICA
PE-CONSUCODE-1031,MUNICIPALIDAD DISTRITAL DE SALAS - ICA,PLAZA DE ARMAS S/N - SALAS - ICA,,ICA
PE-CONSUCODE-1034,MUNICIPALIDAD DISTRITAL DE SANTIAGO - ICA,PANAMERICANA SUR KM. 318,,ICA
PE-CONSUCODE-10353,GOBIERNO REGIONAL DE LAMBAYEQUE - PROYECTO ESPECIAL OLMOS - TINAJONES,CAL. LAS VIOLETAS NRO. 148 URB. LOS LIBERTADORES LAMBAYEQUE - CHICLAYO - CHICLAYO,074480860,LAMBAYEQUE
PE-CONSUCODE-10356,GOBIERNO REGIONAL DE LA LIBERTAD - PROYECTO ESPECIAL CHAVIMOCHIC,AV. 2 - URB. PARQUE  INDUSTRIAL  TRUJILLO,,LA LIBERTAD
PE-CONSUCODE-202585,IAFAS DE LA MARINA DE GUERRA DEL PERU,VENEZUELA,5002690,CALLAO
PE-CONSUCODE-10358,GOBIERNO REGIONAL DE MADRE DE DIOS - PROYECTO ESPECIAL MADRE DE DIOS,AV. SAN MARTIN 291 - IBERIA - TAHUAMANU - MADRE DE DIOS,082-816941,MADRE DE DIOS
PE-CONSUCODE-10367,GOBIERNO REGIONAL DE MOQUEGUA - PROYECTO ESPECIAL REGIONAL PASTO GRANDE,CARRETERA MOQUEGUA TOQUEPALA KM 003,943414439,MOQUEGUA
PE-CONSUCODE-10373,GOBIERNO REGIONAL DE AMAZONAS - GERENCIA SUBREGIONAL BAGUA,JR.  AMAZONAS 456 BAGUA,,AMAZONAS
PE-CONSUCODE-1038,MUNICIPALIDAD DISTRITAL DE OCUCAJE,PANAMERICANA SUR Km 335,,ICA
PE-CONSUCODE-10396,GOBIERNO REGIONAL DE ANCASH-SALUD UTES ELEAZAR GUZMAN BARRON,AV. BRASIL NRO SN URB SANTA CRISTINA,043311608,ANCASH
PE-CONSUCODE-10403,GOBIERNO REGIONAL DE APURIMAC-CHANKA,JR. TUPAC AMARU 374 ANDAHUAYLAS,,APURIMAC
PE-CONSUCODE-10407,GOBIERNO REGIONAL DE APURIMAC-TRANSPORTES CHANKA,AV. MANCO CAPAC 602 TALAVERA,,APURIMAC
PE-CONSUCODE-10411,GOBIERNO REGIONAL DE APURIMAC-SALUD CHANKA,JR. TUPAC AMARU N° 135,083421161,APURIMAC
PE-CONSUCODE-1041,MUNICIPALIDAD DISTRITAL DE CHAVIN,PLAZA DE ARMAS SN,056264217,ICA
PE-CONSUCODE-10418,GOBIERNO REGIONAL DE AREQUIPA-AGRICULTURA,AV SACO OLIVEROS Nº 402 CERRO JULI,054-428888,AREQUIPA
PE-CONSUCODE-10421,GOBIERNO REGIONAL DE AREQUIPA - COLEGIO MILITAR FRANCISCO BOLOGNESI,AV. VICTOR RAÚL HAYA DE LATORRE S/N,,AREQUIPA
PE-CONSUCODE-10426,GOBIERNO REGIONAL DE AYACUCHO-AGRICULTURA,AV. INDEPENDENCIA Nº 604 AYACUCHO,,AYACUCHO
PE-CONSUCODE-10431,GOBIERNO REGIONAL DE CAJAMARCA - GERENCIA SUB REGIONAL CHOTA,JR. CORONEL  BECERRA  248 CHOTA,,CAJAMARCA
PE-CONSUCODE-10434,DIRECCION REGIONAL AGRARIA CAJAMARCA,BAÑOS DEL INCA CAJAMARCA KM 3,076362878,CAJAMARCA
PE-CONSUCODE-10435,GOBIERNO REGIONAL DE CAJAMARCA-TRANSPORTES,JR.  TARAPACA 652 CAJAMARCA,076363472,CAJAMARCA
PE-CONSUCODE-10436,GOBIERNO REGIONAL DE CAJAMARCA-EDUCACION CAJAMARCA,JR. JOSÉ SABOGAL 841 CAJAMARCA,,CAJAMARCA
PE-CONSUCODE-10443,GOBIERNO REGIONAL DE CAJAMARCA - DIRECCION SUB REGIONAL DE SALUD JAEN,BOLÍVAR 1560 JAEN,951837097,CAJAMARCA
PE-CONSUCODE-10446,GOBIERNO REGIONAL DE CUSCO - PROYECTO ESPECIAL REGIONAL PLAN COPESCO,PLAZA TUPAC AMARU  S/N,581530,CUSCO
PE-CONSUCODE-10449,GOBIERNO REGIONAL DE CUSCO - DIRECCION REGIONAL DE TRANSPORTES Y COMUNICACIONES CUSCO,AV. MICAELA BASTIDAS 480 CUSCO,,CUSCO
PE-CONSUCODE-1045,MUNICIPALIDAD DISTRITAL DE PUEBLO NUEVO - CHINCHA,AVENIDA OSCAR R. BENAVIDES Nº 699,,ICA
PE-CONSUCODE-10456,GOBIERNO REGIONAL DE HUANCAVELICA-SALUD,AV ANDRES AVELINO CACERES HUANCAVELICA,067453113,HUANCAVELICA
PE-CONSUCODE-10464,GOBIERNO REGIONAL DE HUANUCO - DIRECCIÓN REGIONAL DE SALUD - HUANUCO,JR. DAMASO BERAUN 1017 HUANUCO,,HUANUCO
PE-CONSUCODE-10479,GOBIERNO REGIONAL DE JUNIN-TRANSPORTES,JR. ARTERIAL 347 HUANCAYO,,JUNIN
PE-CONSUCODE-1049,MUNICIPALIDAD DISTRITAL DE TAMBO DE MORA,PLAZA DE ARMAS UPIS VILMA LEON MZ J LOTE 25,987267249,ICA
PE-CONSUCODE-10502,GOBIERNO REGIONAL DE LA LIBERTAD - DIRECCIÓN REGIONAL DE SALUD LA LIBERTAD,CALLE LAS  ESMERALDAS Nº 403 - URB. STA. INES - TRUJILLO,,LA LIBERTAD
PE-CONSUCODE-10506,GOBIERNO REGIONAL DE LA LIBERTAD-SALUD UTES PACASMAYO,AV. LA VICTORIA GUADALUPE,,LA LIBERTAD
PE-CONSUCODE-10510,GOBIERNO REGIONAL DE LA LIBERTAD-SALUD UTES TRUJILLO ESTE,LOS RUBIES Nº362 - URB. SANTA INES - TRUJILLO,,LA LIBERTAD
PE-CONSUCODE-1052,MUNICIPALIDAD DISTRITAL DE EL INGENIO,AV.FRANCISCO BOLOGNESO NO 32,764578,ICA
PE-CONSUCODE-10527,GOBIERNO REGIONAL DE LORETO - DIRECCIÓN REGIONAL DE EDUCACION DE LORETO,CALLE MALECÓN TARAPACÁ Nº 346,973949045,LORETO
PE-CONSUCODE-10530,GOBIERNO REGIONAL DE LORETO-SALUD LORETO Y PERIFERICOS,AV. 28 DE JULIO IQUITOS,,LORETO
PE-CONSUCODE-10531,GOBIERNO REGIONAL DE LORETO- RED DE SALUD ALTO AMAZONAS YURIMAGUAS,CALLE ALFONSO WENINGER Nº 237-B BARRIO MOISES TONG LEE,,LORETO
PE-CONSUCODE-10533,GOBIERNO REGIONAL DE LORETO-SALUD HOSPITAL REGIONAL DE LORETO,AV. 28 DE JULIO IQUITOS,,LORETO
PE-CONSUCODE-202686,UNIDAD EJECUTORA FRENTE POLICIAL PUNO,AV. EL SOL N° 450,051-353988,PUNO
PE-CONSUCODE-10541,GOBIERNO REGIONAL DE MOQUEGUA-TRANSPORTES,CALLE JUNIN 364,053461005,MOQUEGUA
PE-CONSUCODE-10549,GOBIERNO REGIONAL DE PASCO-SALUD AIS HOSPITAL DANIEL A.CARRION,AV. LOS INCAS YANACANCHA,,PASCO
PE-CONSUCODE-10552,GOBIERNO REGIONAL DE PIURA - GERENCIA SUBREGIONAL  LUCIANO CASTILLO COLONNA,CARRETERA SULLANA - TAMBOGRANDE SULLANA,,PIURA
PE-CONSUCODE-10554,GOBIERNO REGIONAL DE PIURA - DIRECCION REGIONAL DE TRANSPORTES Y COMUNICACIONES,PASAJE LOS CEIBOS Nº 103 URB. SANTA ISABEL  - PIURA,,PIURA
PE-CONSUCODE-10558,GOBIERNO REGIONAL DE PIURA-SALUD,AV. IRAZOLA SN - URB MIRAFLORES CASTILLA PIURA,073342423,PIURA
PE-CONSUCODE-10559,GOBIERNO REGIONAL DE PIURA-SALUD LUCIANO CASTILLO COLONNA,TRANSVERSAL TUMBES SULLANA,,PIURA
PE-CONSUCODE-10564,GOBIERNO REGIONAL DE PUNO-PROGRAMA REGIONAL DE RIEGO Y DRENAJE,JR. CARABAYA 351 PUNO,,PUNO
PE-CONSUCODE-10576,GOBIERNO REGIONAL DE PUNO-SALUD SAN ROMAN,CARRETERA JULIACA HUANCANE   JULIACA,,PUNO
PE-CONSUCODE-10589,GOBIERNO REGIONAL DE SAN MARTIN - DIRECCION REGIONAL AGRARIA,JR. ANGEL DELGADOR MOREY  SN,042526700,SAN MARTIN
PE-CONSUCODE-10595,GOBIERNO REGIONAL DE SAN MARTIN-SALUD,JR. CAHUIDE 146 TARAPOTO,,SAN MARTIN
PE-CONSUCODE-10602,GOBIERNO REGIONAL DE TACNA-HOSPITAL HIPOLITO UNANUE,CALLE BLONDELL S/N - TACNA,,TACNA
PE-CONSUCODE-10605,GOBIERNO REGIONAL DE TUMBES-TRANSPORTES,AV TUMBES NORTE 1071,072523444,TUMBES
PE-CONSUCODE-10610,GOBIERNO REGIONAL DE UCAYALI - GERENCIA SUB REGIONAL DE PURÚS,AV. PURUS S/N - PUERTO ESPERANZA - PURUS,061572981,UCAYALI
PE-CONSUCODE-10613,GOBIERNO REGIONAL DE UCAYALI - PROYECTO ESPECIAL CARRETERA FEDERICO BASADRE,AV. CENTENARIO Nº 4600,,UCAYALI
PE-CONSUCODE-1061,MUNICIPALIDAD DISTRITAL DE HUANCANO,AV. PRINCIPAL NO 114,945125754,ICA
PE-CONSUCODE-10615,GOBIERNO REGIONAL DE UCAYALI-DIRECCIÓN REGIONAL SECTORIAL DE TRANSPORTES Y COMUNICACIONES,JR. ZARUMILLA Nº 127,,UCAYALI
PE-CONSUCODE-10618,GOBIERNO REGIONAL DE UCAYALI-HOSPITAL DE APOYO DE PUCALLPA,JR. AGUSTIN CAUPER 285 PUCALLPA,,UCAYALI
PE-CONSUCODE-106,MUNICIPALIDAD PROVINCIAL DE LUYA - LAMUD,JR. MIGUEL GRAU NRO 528 LAMUD,041-8300123,AMAZONAS
PE-CONSUCODE-1067,MUNICIPALIDAD DISTRITAL DE TUPAC AMARU INCA,JR. HUASCAR MZ. 38.LOTE 10,956150381,ICA
PE-CONSUCODE-1068,MUNICIPALIDAD PROVINCIAL DE HUANCAYO,CALLE REAL-PALACIO MUNICIPAL,,JUNIN
PE-CONSUCODE-202725,MUNICIPALIDAD DISTRITAL DE VILLA KINTIARINA,PLAZA PRINCIPAL SIN NRO,990903934,CUSCO
PE-CONSUCODE-1085,MUNICIPALIDAD DISTRITAL DE PILCOMAYO,PLAZA LIBERTAD,,JUNIN
PE-CONSUCODE-1111,MUNICIPALIDAD PROVINCIAL DE CHANCHAMAYO,ZUCHETTI No 163,,JUNIN
PE-CONSUCODE-1116,MUNICIPALIDAD DISTRITAL DE PERENE,JR.22 DE OCTUBRE NO 140 - I MESETA,064544061,JUNIN
PE-CONSUCODE-1155,MUNICIPALIDAD PROVINCIAL DE SATIPO,JR. COLONOS FUNDADORES NO 312 - SATIPO,064546720,JUNIN
PE-CONSUCODE-1160,MUNICIPALIDAD DISTRITAL DE PANGOA,CALLE 7 DE JUNIO NO 641,064-543182,JUNIN
PE-CONSUCODE-1161,MUNICIPALIDAD DISTRITAL DE RIO NEGRO,AV. DEFENSORES DE LA PAZ  S/N,948692844,JUNIN
PE-CONSUCODE-1162,MUNICIPALIDAD DISTRITAL DE RIO TAMBO,PUERTO PRADO S/N - RIO TAMBO - SATIPO,064780577,JUNIN
PE-CONSUCODE-1173,MUNICIPALIDAD DISTRITAL DE CHACAPALPA,PLAZA PRINCIPAL TUPAC AMARU NO 120,064-762215,JUNIN
PE-CONSUCODE-1181,MUNICIPALIDAD DISTRITAL DE YAULI - YAULI,AV.GRAU NO 104,,JUNIN
PE-CONSUCODE-1190,MUNICIPALIDAD DISTRITAL DE YANACANCHA - CHUPACA,PLAZA PRINCIPAL,986383283,JUNIN
PE-CONSUCODE-1191,MUNICIPALIDAD PROVINCIAL DE TRUJILLO,DIEGO DE ALMAGRO,044484240,LA LIBERTAD
PE-CONSUCODE-1195,MUNICIPALIDAD DISTRITAL DE LAREDO,REFORMA No 360,,LA LIBERTAD
PE-CONSUCODE-1209,MUNICIPALIDAD PROVINCIAL DE SANCHEZ CARRION - HUAMACHUCO,JR. RAMON CASTILLA NO 564,,LA LIBERTAD
PE-CONSUCODE-1216,MUNICIPALIDAD DISTRITAL DE SARTIMBAMBA,JUNIN S/N,954856252,LA LIBERTAD
PE-CONSUCODE-1230,MUNICIPALIDAD DISTRITAL DE PACASMAYO,MANCO CAPAC Nº 45 - PACASMAYO,044-523101,LA LIBERTAD
PE-CONSUCODE-1234,MUNICIPALIDAD DISTRITAL DE CHILIA,JR. MIRAFLORES S/N,961844812,LA LIBERTAD
PE-CONSUCODE-1240,MUNICIPALIDAD DISTRITAL DE PATAZ,PLAZA DE ARMAS S/N 2do PISO,,LA LIBERTAD
PE-CONSUCODE-1249,MUNICIPALIDAD DISTRITAL DE MOLLEPATA - SANTIAGO DE CHUCO,PLAZA DE ARMAS S/N - MOLLEPATA,948898998,LA LIBERTAD
PE-CONSUCODE-1268,MUNICIPALIDAD DISTRITAL DE LUCMA - GRAN CHIMU,PLAZA DE ARMAS SN LUCMA GRAN CHIMU LA LIBERTAD,961026618,LA LIBERTAD
PE-CONSUCODE-1270,MUNICIPALIDAD DISTRITAL DE SAYAPULLO,JUAN VEGA RABINES S/N 2DO PISO,947947356,LA LIBERTAD
PE-CONSUCODE-1272,MUNICIPALIDAD DISTRITAL DE CHAO,CESAR VALLEJO NO 380 CHAO,949946300,LA LIBERTAD
PE-CONSUCODE-203066,UNIVERSIDAD NACIONAL AUTONOMA DE TAYACAJA DANIEL HERNANDEZ MORILLO,HUANACVELICA SIN NRO,994422298,HUANCAVELICA
PE-CONSUCODE-1286,MUNICIPALIDAD DISTRITAL DE SANTA ROSA - CHICLAYO,CALLE UNION 433 SANTA ROSA CHICLAYO LAMBAYEQUE,074-418554,LAMBAYEQUE
PE-CONSUCODE-1288,MUNICIPALIDAD DISTRITAL DE LA VICTORIA - CHICLAYO,AV.LA UNION Nº 1696 LA VICTORIA - CHICLAYO,074-222930,LAMBAYEQUE
PE-CONSUCODE-1295,MUNICIPALIDAD PROVINCIAL DE LAMBAYEQUE,AV. BOLIVAR Nº400,,LAMBAYEQUE
PE-CONSUCODE-1306,MUNICIPALIDAD DISTRITAL DE TUCUME,CALLE UNION Nº540,978025134,LAMBAYEQUE
PE-CONSUCODE-1307,MUNICIPALIDAD METROPOLITANA DE LIMA,CAMANA N 566,6321300,LIMA
PE-CONSUCODE-1309,MUNICIPALIDAD DISTRITAL DE ATE - VITARTE,CARRETERA CENTRAL KM 7.5,,LIMA
PE-CONSUCODE-1322,MUNICIPALIDAD DISTRITAL DE LINCE,AV. JUAN PARDO DE ZELA Nº480,,LIMA
PE-CONSUCODE-1323,MUNICIPALIDAD DISTRITAL DE LOS OLIVOS (LAS PALMERAS),AV. CARLOS IZAGUIRRE N.- 813 URB. MERCURIO - LOS OLIVOS,,LIMA
PE-CONSUCODE-1331,MUNICIPALIDAD DISTRITAL DE PUENTE PIEDRA,CALLE 9 DE JUNIO Nº100 - PUNTE PIEDRA,,LIMA
PE-CONSUCODE-1333,MUNICIPALIDAD DISTRITAL DE PUNTA NEGRA,AV.SAN JOSE KM.47,,LIMA
PE-CONSUCODE-1334,MUNICIPALIDAD DISTRITAL DE RIMAC,PARQUE NICOLINI S/N,,LIMA
PE-CONSUCODE-1336,MUNICIPALIDAD DISTRITAL DE SAN BORJA,AV. JOAQUIN MADRID Nº200,,LIMA
PE-CONSUCODE-1337,MUNICIPALIDAD DISTRITAL DE SAN ISIDRO - LIMA,AV. LOS INCAS Nº 270,,LIMA
PE-CONSUCODE-1341,MUNICIPALIDAD DISTRITAL DE SAN MARTIN DE PORRES,ALFREDO MENDIOLA Nº 169 SAN MARTIN DE PORRES,,LIMA
PE-CONSUCODE-1345,MUNICIPALIDAD DISTRITAL DE SANTA ROSA - LIMA,AV. ALEJANDRO BERTELLO PANAMERICANA NORTE KM.43,,LIMA
PE-CONSUCODE-1343,MUNICIPALIDAD DISTRITAL DE SANTA ANITA,AV. LOS EUCALIPTOS CDRA 12 S/N,,LIMA
PE-CONSUCODE-1346,MUNICIPALIDAD DISTRITAL DE SANTIAGO DE SURCO,JIRON BOLOGNESI Nº275,,LIMA
PE-CONSUCODE-1349,MUNICIPALIDAD DISTRITAL DE VILLA MARIA DEL TRIUNFO,JIRON JOSE GALVEZ Nº895,,LIMA
PE-CONSUCODE-1364,MUNICIPALIDAD DISTRITAL DE ASIA - CAÑETE,CALLE LA MAR Nº 315  LA CAPILLA - ASIA,7915323,LIMA
PE-CONSUCODE-1379,MUNICIPALIDAD PROVINCIAL DE HUACHO - HUAURA,GUILLERMO VELASQUEZ S/N,,LIMA
PE-CONSUCODE-1387,MUNICIPALIDAD DISTRITAL DE SANTA MARIA,AV. CRUZ BLANCA NO 2006,2322003,LIMA
PE-CONSUCODE-1417,MUNICIPALIDAD DISTRITAL DE RICARDO PALMA,PARQUE ANGEL BARACCO S/N,3618226,LIMA
PE-CONSUCODE-1448,MUNICIPALIDAD DISTRITAL DE HUANGASCAR,AV. 28 DE JULIO KM.45,,LIMA
PE-CONSUCODE-1471,MUNICIPALIDAD DISTRITAL DE SUPE,JR.SAN MARTIN Nº446,2364302,LIMA
PE-CONSUCODE-1473,MUNICIPALIDAD PROVINCIAL DE OYON,PLAZA DE ARMAS Nº 102 - 104 - OYON,,LIMA
PE-CONSUCODE-1490,MUNICIPALIDAD PROVINCIAL DEL ALTO AMAZONAS - YURIMAGUAS,PLAZA DE ARMAS Nº 112 - 114 - 116,,LORETO
PE-CONSUCODE-1494,MUNICIPALIDAD DISTRITAL DE JEBEROS,JEBEROS,065352060,LORETO
PE-CONSUCODE-1495,MUNICIPALIDAD DISTRITAL DE LAGUNAS - ALTO AMAZONAS,JR. JUAN VASQUEZ Nº 232,065-351035,LORETO
PE-CONSUCODE-203306,MUNICIPALIDAD DISTRITAL DE MEGANTONI,NRO. SN MUNICIPALIDAD DISTRITAL DE MEGANTON POBLADO ECHARATI,984849617,CUSCO
PE-CONSUCODE-1505,MUNICIPALIDAD PROVINCIAL DE LORETO - NAUTA,MANUEL PACAYA,,LORETO
PE-CONSUCODE-1508,MUNICIPALIDAD DISTRITAL DE URARINAS,CALLE PEVAS 1253,065601182,LORETO
PE-CONSUCODE-1524,MUNICIPALIDAD DISTRITAL DE SARAYACU,JR. ARTURO GUEVARA S/N - DOS DE MAYO - RIO UCAYALI,,LORETO
PE-CONSUCODE-1536,MUNICIPALIDAD PROVINCIAL DE MARISCAL NIETO - MOQUEGUA,CALLE ANCASH No 275,,MOQUEGUA
PE-CONSUCODE-1540,MUNICIPALIDAD DISTRITAL DE TORATA,CALLE TORATA Nº 53,972984141,MOQUEGUA
PE-CONSUCODE-154,MUNICIPALIDAD DISTRITAL DE HUANCHAY,PLAZA DE ARMAS S/N - HUANCHAY,043730865,ANCASH
PE-CONSUCODE-15,MINISTERIO DE ENERGIA Y MINAS,AV. LAS ARTES SUR Nº 206,6188700,LIMA
PE-CONSUCODE-1553,MUNICIPALIDAD PROVINCIAL DE ILO,MALECON COSTERO MIRAMAR Nº 1200 - 1202,,MOQUEGUA
PE-CONSUCODE-1556,MUNICIPALIDAD PROVINCIAL DE PASCO - CHAPIMARCA,CIRCUNVALACION ARENALES 2DO PISO,,PASCO
PE-CONSUCODE-1570,MUNICIPALIDAD DISTRITAL DE CHACAYAN,PLAZA DE ARMAS SN CERCADO LOCAL MUNICIPAL,944411727,PASCO
PE-CONSUCODE-157,MUNICIPALIDAD DISTRITAL DE OLLEROS - HUARAZ,AVENIDA DAGOBERTO CACERES NO 117,043830069,ANCASH
PE-CONSUCODE-1584,MUNICIPALIDAD PROVINCIAL DE PIURA,CALLE ESQ AYACUCHO TACNA 377 PIURA PIURA PIURA,073-602000,PIURA
PE-CONSUCODE-1585,MUNICIPALIDAD DISTRITAL DE CASTILLA,CALLE AYACUCHO Nº 414,073-346681,PIURA
PE-CONSUCODE-1600,MUNICIPALIDAD DISTRITAL DE SAPILLICA,AV ERNESTO MERINO SN SAPILLICA REF PLAZA DE ARMAS,962807806,PIURA
PE-CONSUCODE-1602,MUNICIPALIDAD DISTRITAL DE SUYO,JR. LEONCIO PRADO S/N,,PIURA
PE-CONSUCODE-1607,MUNICIPALIDAD DISTRITAL DE HUARMACA,JR. GRAU S/N - HUARMACA,996011106,PIURA
PE-CONSUCODE-1610,MUNICIPALIDAD DISTRITAL DE SONDORILLO,SAN JUAN Nº 109,968048500,PIURA
PE-CONSUCODE-1622,MUNICIPALIDAD DISTRITAL DE AMOTAPE,PLAZA DE ARMAS S/N 2DO. PISO,,PIURA
PE-CONSUCODE-1626,MUNICIPALIDAD DISTRITAL DE TAMARINDO,PLAZA DE ARMAS S/N,,PIURA
PE-CONSUCODE-1627,MUNICIPALIDAD DISTRITAL DE VICHAYAL,MARISCAL CASTILLA NO 106,969171723,PIURA
PE-CONSUCODE-203506,GOBIERNO REGIONAL CAJAMARCA UNIDAD EJECUTORA DE SALUD SANTA CRUZ,LOS MAESTROS NRO 407,995555266,CAJAMARCA
PE-CONSUCODE-1640,MUNICIPALIDAD DISTRITAL DE LOS ORGANOS,PANAMERICANA NORTE S/N,,PIURA
PE-CONSUCODE-1642,MUNICIPALIDAD PROVINCIAL DE SECHURA,AV. DOS DE MAYO Nº 618 - SECHURA,,PIURA
PE-CONSUCODE-1644,MUNICIPALIDAD DISTRITAL DE BERNAL,CALLE COMERCIO No 420 - BERNAL,,PIURA
PE-CONSUCODE-1648,MUNICIPALIDAD PROVINCIAL DE PUNO,JR. DEUSTUA N° 458-PUNO,051351019,PUNO
PE-CONSUCODE-1662,MUNICIPALIDAD DISTRITAL DE VILQUE,JR. CABANILLAS Nº106,,PUNO
PE-CONSUCODE-203586,GOBIERNO REGIONAL DE TACNA RED DE SALUD TACNA,BLONDELL NRO 50 OF 108,054411517,TACNA
PE-CONSUCODE-1663,MUNICIPALIDAD PROVINCIAL DE AZANGARO,PLAZA SAN BERNARDO Nº160,,PUNO
PE-CONSUCODE-1682,MUNICIPALIDAD DISTRITAL DE CORANI,SAN MARTIN S/N,,PUNO
PE-CONSUCODE-1685,MUNICIPALIDAD DISTRITAL DE OLLACHEA,PLAZA DE ARMAS S/N,950866212,PUNO
PE-CONSUCODE-1687,MUNICIPALIDAD DISTRITAL DE USICAYOS,PLAZA LIBERTAD S/N,950856969,PUNO
PE-CONSUCODE-1689,MUNICIPALIDAD DISTRITAL DE DESAGUADERO,AV. 28 DE JULIO Nº305,,PUNO
PE-CONSUCODE-1691,MUNICIPALIDAD DISTRITAL DE PISACOMA,PLAZA DE ARMAS S/N,,PUNO
PE-CONSUCODE-203727,AUTORIDAD PARA LA RECONSTRUCCION CON CAMBIOS,CARABAYA CDRA. 1 S/N,2197000,LIMA
PE-CONSUCODE-1708,MUNICIPALIDAD DISTRITAL DE PALCA - LAMPA,PLAZA DE ARMAS S/N,,PUNO
PE-CONSUCODE-203786,DIRECCION DE REDES INTEGRADAS DE SALUD LIMA NORTE,CAL.A MZA. 2 LOTE. 3 A.V. R. HAYA D LA TORRE,5260977,LIMA
PE-CONSUCODE-203766,UNIDAD EJECUTORA DEL PLIEGO 011 MINISTERIO DE SALUD-DIRECCION DE REDES INTEGRADAS DE SALUD LIMA SUR,MARTINEZ DE PINILLOS NRO. 124 B,4773077,LIMA
PE-CONSUCODE-1715,MUNICIPALIDAD DISTRITAL DE CUPI,PLAZA TUPAC AMARU Nº115,,PUNO
PE-CONSUCODE-1719,MUNICIPALIDAD DISTRITAL DE ORURILLO,PLAZA SAN MARTIN S/N ORURILLO,951799904,PUNO
PE-CONSUCODE-1722,MUNICIPALIDAD PROVINCIAL DE SANDIA,JR ARICA Nº420,,PUNO
PE-CONSUCODE-1731,MUNICIPALIDAD PROVINCIAL DE SAN ROMAN - JULIACA,JR. JAUREGUI  S/N,,PUNO
PE-CONSUCODE-1735,MUNICIPALIDAD PROVINCIAL DE YUNGUYO,JR. ZEPITA Nº112 - PLAZA DE ARMAS,,PUNO
PE-CONSUCODE-1742,MUNICIPALIDAD PROVINCIAL DE SAN ANTONIO DE PUTINA,PLAZA DE ARMAS Nº 108,,PUNO
PE-CONSUCODE-1747,MUNICIPALIDAD PROVINCIAL DE EL COLLAO - ILAVE,INDEPENDENCIA 210,,PUNO
PE-CONSUCODE-1756,MUNICIPALIDAD PROVINCIAL DE MOYOBAMBA,JR. PEDRO CANGA Nº262,042562191,SAN MARTIN
PE-CONSUCODE-203966,REGION POLICIAL HUANUCO - SAN MARTIN - UCAYALI,JR. CONSTITUCIÓN N° 501,062-635145,HUANUCO
PE-CONSUCODE-1769,MUNICIPALIDAD DISTRITAL DE ALONSO DE ALVARADO,JR. MOYOBAMBA Nº 478,530556,SAN MARTIN
PE-CONSUCODE-1772,MUNICIPALIDAD DISTRITAL DE CUÑUMBUQUI,PLAZA DE ARMAS NO 118,969009245,SAN MARTIN
PE-CONSUCODE-1793,MUNICIPALIDAD PROVINCIAL DE SAN MARTIN - TARAPOTO,JR. GREGORIO DELGADO NO 260,,SAN MARTIN
PE-CONSUCODE-1800,MUNICIPALIDAD DISTRITAL DE JUAN GUERRA,JR. AREQUIPA Nº981,042-782537,SAN MARTIN
PE-CONSUCODE-1813,MUNICIPALIDAD PROVINCIAL DE PICOTA,JR. MIGUEL GRAU Nº 396,,SAN MARTIN
PE-CONSUCODE-204126,GOBIERNO REGIONAL DE HUANUCO - RED DE SALUD PACHITEA,BOLOGNESI NRO. 158,986091631,HUANUCO
PE-CONSUCODE-1834,MUNICIPALIDAD DISTRITAL DE ALTO DE LA ALIANZA,AVENIDA PROLONGACIÓN GUSTAVO PINTO NO 1337,052311283,TACNA
PE-CONSUCODE-1839,MUNICIPALIDAD DISTRITAL DE POCOLLAY,AV. HERMANOS REYNOSO Nº15,,TACNA
PE-CONSUCODE-1840,MUNICIPALIDAD DISTRITAL DE SAMA,AV LAS PALMERAS Nº101,747000,TACNA
PE-CONSUCODE-1850,MUNICIPALIDAD PROVINCIAL DE JORGE BASADRE - LOCUMBA,SUCRE S/N 105 - URB VILLA LOCUMBA,475001,TACNA
PE-CONSUCODE-1851,MUNICIPALIDAD DISTRITAL DE ITE,PLAZA PRINCIPAL S/N - PAMPA ALTA - ITE,052241238,TACNA
PE-CONSUCODE-204226,CONTRALORÍA GENERAL - GESTIÓN DE PROYECTOS Y FORTALECIMIENTO DE CAPACIDADES,CAMILO CARRILLO N° 114,3303000 A 1165,LIMA
PE-CONSUCODE-1852,MUNICIPALIDAD DISTRITAL DE ILABAYA,PLAZA ALFONSO UGARTE S/N ILABAYA,952687228,TACNA
PE-CONSUCODE-1861,MUNICIPALIDAD DISTRITAL DE LA CRUZ,CALLE PIURA Nº 228,975741981,TUMBES
PE-CONSUCODE-1871,MUNICIPALIDAD PROVINCIAL DE CORONEL PORTILLO,JR. TACNA Nº 480,961620052,UCAYALI
PE-CONSUCODE-1877,MUNICIPALIDAD PROVINCIAL DE ATALAYA - RAYMONDI,CALLE RIOJA Nº 659 - ATALAYA,061 461015,UCAYALI
PE-CONSUCODE-1880,MUNICIPALIDAD DISTRITAL DE YURUA,AV. INTERNACIONAL,061573644,UCAYALI
PE-CONSUCODE-1886,UNIVERSIDAD NACIONAL AGRARIA LA MOLINA,AV. LA MOLINA S/N,6147800,LIMA
PE-CONSUCODE-1891,UNIVERSIDAD NACIONAL DE INGENIERIA,AV. TUPAC AMARU 210 LIMA,,LIMA
PE-CONSUCODE-1893,UNIVERSIDAD NACIONAL DE PIURA,CAMPUS UNIVERSITARIO -  URB. MIRAFLORES PIURA,,PIURA
PE-CONSUCODE-1892,UNIVERSIDAD NACIONAL DE LA AMAZONIA PERUANA,AV. GRAU Nº 1072,,LORETO
PE-CONSUCODE-1895,UNIVERSIDAD NACIONAL DE TUMBES,AV UNIVERSITARIA SN PAMPA GRANDE,072523441,TUMBES
PE-CONSUCODE-1897,UNIVERSIDAD NACIONAL DEL ALTIPLANO,AV. EJERCITO 329 PUNO,,PUNO
PE-CONSUCODE-1898,UNIVERSIDAD NACIONAL DEL CALLAO,AV. SAENZ PEÑA  1060 - 1066 CALLAO,,LIMA
PE-CONSUCODE-1901,UNIVERSIDAD NACIONAL DE EDUCACION ENRIQUE GUZMAN Y VALLE,AV ENRIQUE GUZMAN Y VALLE SN LURIGANCHO  CHOSICA,3133700,LIMA
PE-CONSUCODE-1908,UNIVERSIDAD NACIONAL SAN AGUSTIN,SANTA CATALINA AREQUIPA,,AREQUIPA
PE-CONSUCODE-1909,UNIVERSIDAD NACIONAL SAN ANTONIO DE ABAD DEL CUSCO,DE LA CULTURA NRO 733,084232370,CUSCO
PE-CONSUCODE-1910,UNIVERSIDAD NACIONAL SAN CRISTOBAL DE HUAMANGA,PORTAL INDEPENDENCIA AYACUCHO,,AYACUCHO
PE-CONSUCODE-1913,UNIVERSIDAD NACIONAL SANTIAGO ANTUNEZ DE MAYOLO,AV.CENTENARIO HUARAZ,,ANCASH
PE-CONSUCODE-1914,FONDO DE COOPERACION PARA EL DESARROLLO SOCIAL,PASEO DE LA REPUBLICA 3101 LIMA,1111111,LIMA
PE-CONSUCODE-1915,FONDO NACIONAL DE DESARROLLO PESQUERO,AV.  PETIT THOUARS 115-117,,LIMA
PE-CONSUCODE-1920,ORGANISMO SUPERVISOR DE INVERSION PRIVADA EN TELECOMUNICACIONES,CALLE DE LA PROSA Nº 136 - SAN BORJA,,LIMA
PE-CONSUCODE-1922,"SUPERINTENDENCIA DE BANCA, SEGUROS Y AFP",AV. GUILLERMO PRESCOTT Nº 185,6309000,LIMA
PE-CONSUCODE-1926,BANCO CENTRAL DE RESERVA DEL PERÚ,Jr. Miró Quesada 445-445,,LIMA
PE-CONSUCODE-1927,ZONA REGISTRAL N° IX SEDE LIMA - UNIDAD EJECUTORA Nº 002-SUNARP Sede Lima,Av. Edgardo Rebagliati 561,,LIMA
PE-CONSUCODE-193,MUNICIPALIDAD DISTRITAL DE ATAQUERO,PLAZA DE ARMAS S/N,0,ANCASH
PE-CONSUCODE-1947,COMISION DE PROMOCION DEL PERU PARA LA EXPORTACION Y EL TURISMO - PROMPERU,CALLE UNO OESTE NRO 50 PISO 14 URB CORPAC,6167300,LIMA
PE-CONSUCODE-1952,ORGANISMO SUPERVISOR DE LAS CONTRATACIONES DEL ESTADO,AV. GREGORIO ESCOBEDO CUADRA 7,6135555,LIMA
PE-CONSUCODE-1955,CUERPO GENERAL DE BOMBEROS VOLUNTARIOS DEL PERU,AV SALAVERRY Nº 2495,3991111,LIMA
PE-CONSUCODE-1963,INSTITUTO NACIONAL DE DEFENSA DE LA COMPETENCIA Y DE LA PROTECCION DE LA PROPIEDAD INTELECTUAL,CALLE DE LA PROSA N° 104 - SAN BORJA,2247800,LIMA
PE-CONSUCODE-1965,UNIDAD EJECUTORA Nº 006 - INSTITUTO NACIONAL DE BIENESTAR FAMILIAR,AV.  SAN   MARTIN 685 - PUEBLO LIBRE,,LIMA
PE-CONSUCODE-1981,INSTITUTO PERUANO DE ENERGIA NUCLEAR,AV. CANADA Nº 1470-SAN BORJA,,LIMA
PE-CONSUCODE-1983,INSTITUTO TECNOLOGICO DE LA PRODUCCION,CARRETERA A VENTANILLA KM. 5.2,6802150,CALLAO
PE-CONSUCODE-1994,SERVICIO NACIONAL DE METEOROLOGIA E HIDROLOGIA,JR. CAHUIDE 785 LIMA,,LIMA
PE-CONSUCODE-1995,SERVICIO NACIONAL DE SANIDAD AGRARIA,AV. LA MOLINA Nº 1915 La Molina LIMA,,LIMA
PE-CONSUCODE-1996,SUPERINTENDENCIA NACIONAL DE ASEGURAMIENTO EN SALUD,AV. VELASCO ASTETE Nº 1398 ESQUINA LA FLORESTA LIMA,1111111,LIMA
PE-CONSUCODE-204366,UNIDAD DE GESTIÓN DE APOYO AL DESARROLLO SOSTENIBLE DEL VRAEM,ANDRES A CACERES 373,946433165,CUSCO
PE-CONSUCODE-20001,GOBIERNO REGIONAL DE AMAZONAS - GERENCIA SUB REGIONAL CONDORCANQUI,JR. AMAZONAS Nº 200 - J.V.A.,,AMAZONAS
PE-CONSUCODE-200013,UNIVERSIDAD NACIONAL TORIBIO RODRIGUEZ DE MENDOZA DE AMAZONAS,SEDE ADMINISTRATIVA DE LA CIUDAD UNIVERSITARIA - BARRIO HIGOS URCO,041478636,AMAZONAS
PE-CONSUCODE-200018,MINISTERIO DE LA PRODUCCIÓN,CALLE UNO OESTE Nº 060 URB. CORPAC,6162222,LIMA
PE-CONSUCODE-200019,MTC-PROYECTO ESPECIAL DE INFRAESTRUCTURA DE TRANSPORTE NACIONAL (PROVIAS NACIONAL),JR. ZORRITOS Nº 1203 PISO 3A,6135555,LIMA
PE-CONSUCODE-200020,UNIVERSIDAD NACIONAL MICAELA BASTIDAS DE APURIMAC,AV. ARENAS 121 ABANCAY,,APURIMAC
PE-CONSUCODE-200022,"MINISTERIO DE VIVIENDA, CONSTRUCCIÓN Y SANEAMIENTO - Administración General",AV. PASEO DE LA REPÚBLICA N° 3361 SAN ISIDRO,2117930,LIMA
PE-CONSUCODE-2000,SUPERINTENDENCIA NACIONAL DE ADUANAS Y DE ADMINISTRACION TRIBUTARIA - SUNAT,AV. GARCILASO DE LA VEGA N° 1472 - LIMA,8252966,LIMA
PE-CONSUCODE-200030,GOBIERNO REGIONAL DE LIMA SEDE CENTRAL,AV. TÚPAC AMARU  403 - 405 HUACHO HUAURA LIMA,2394672,LIMA
PE-CONSUCODE-200033,MUNICIPALIDAD DISTRITAL DE SAN JUAN BAUTISTA - LORETO,AV. ABELARDO QUIÑONEZ Nº 2371,065-228893,LORETO
PE-CONSUCODE-200031,SEGURO INTEGRAL DE SALUD,"AVENIDA CARLOS GONZALES N°212 URB. MARANGA, SAN MIGUEL",5145555,LIMA
PE-CONSUCODE-200038,DIRECCIÓN DE SANIDAD DE LA PNP,AV AREQUIPA 4898,980122203,LIMA
PE-CONSUCODE-200039,GOBIERNO REGIONAL DE ANCASH - SUB REGION PACIFICO,"AV. CHIMBOTE Nº 130 URB. BUENOS AIRES, II ETAPA",,ANCASH
PE-CONSUCODE-20006,FONDO MIVIVIENDA S.A.,AV. PASEO DE LA REPUBLICA Nº 3121 SAN ISIDRO LIMA,2117373,LIMA
PE-CONSUCODE-200077,GOBIERNO REGIONAL DE SAN MARTÍN-SALUD ALTO MAYO,AV. GRAU CDRA. 2 MOYOBAMBA,,SAN MARTIN
PE-CONSUCODE-200092,MUNICIPALIDAD DISTRITAL DE PILLCO MARCA,AV.JUAN VELASCO ALVARADO Nº 2550 - CAYHUAYNA,42501514,HUANUCO
PE-CONSUCODE-200095,MUNICIPALIDAD DISTRITAL DE BELEN - MAYNAS,CALLE MIRAFLORES S/N - 9 DE OCTUBRE,065242116,LORETO
PE-CONSUCODE-200096,MUNICIPALIDAD DISTRITAL DE CORONEL GREGORIO ALBARRACIN LANCHIPA,AV. MUNICIPAL S/N CUADRA 12,052402416,TACNA
PE-CONSUCODE-200128,GOBIERNO REGIONAL DE UCAYALI - DIRECCION REGIONAL DE COMERCIO EXTERIOR Y TURISMO,JR. 2 DE MAYO NRO 111,061575110,UCAYALI
PE-CONSUCODE-200140,SISTEMA METROPOLITANO DE LA SOLIDARIDAD,JR. CARLOS CONCHA Nº 163 SAN ISIDRO,,LIMA
PE-CONSUCODE-200150,GOBIERNO REGIONAL DE HUANUCO - UNIDAD EJECUTORA 403 SALUD LEONCIO PRADO,AVENIDA Nº 940,,HUANUCO
PE-CONSUCODE-200154,GOBIERNO REGIONAL DE AREQUIPA - SALUD RED PERIFERICA AREQUIPA,AV. INDEPENDENCIA-BLOCK E NRO. 600 INT. 424 AREQUIPA,,AREQUIPA
PE-CONSUCODE-200152,MUNICIPALIDAD DISTRITAL DE HUEPETUHE,PLAZA DE ARMAS S/N VILLA HUEPETUHE,,MADRE DE DIOS
PE-CONSUCODE-200153,ZONA ESPECIAL DE DESARROLLO ILO - ZED ILO,COSTANERA KM. 7.6  PAMPA DE PALO S/N,053495900,MOQUEGUA
PE-CONSUCODE-200168,PODER JUDICIAL - UNIDAD DE COORDINACION DEL PROYECTO MEJORAMIENTO DE LOS SERVICIOS DE JUSTICIA,AV. PASEO DE LA REPUBLICA CDRA 2 OFICINA 444,4101010,LIMA
PE-CONSUCODE-200177,PROGRAMA NACIONAL CONTRA LA VIOLENCIA FAMILIAR Y SEXUAL - PNCVFS,JR CAMANA NO 616 9VO PISO,4197260,LIMA
PE-CONSUCODE-200190,EMPRESA DE SERVICIO PUBLICO DE ELECTRICIDAD DEL NOR OESTE DEL PERU S.A. ELECTRO NOR OESTE SA,CALLE CALLAO Nº 875 PIURA,,PIURA
PE-CONSUCODE-200191,EMPRESA REGIONAL DE SERVICIO PUBLICO DE ELECTRICIDAD ELECTRO NOR MEDIO SA HIDRANDINA,JR. SAN MARTIN 831 LA LIBERTAD TRUJILLO,,LA LIBERTAD
PE-CONSUCODE-200192,EMPRESA REGIONAL DE SERVICIO PUBLICO DE ELECTRICIDAD DEL CENTRO SA ELECTROCENTRO S.A.,JR. AMAZONAS 641 HUANCAYO JUNIN,,JUNIN
PE-CONSUCODE-200193,PROGRAMA NACIONAL DE INFRAESTRUCTURA EDUCATIVA UE 108 - PRONIED,JIRON CARABAYA,6155960,LIMA
PE-CONSUCODE-200195,EMPRESA DE SERVICIO PUBLICO DE ELECTRICIDAD ELECTRONORTE S.A.,SAN MARTIN,074481210,LAMBAYEQUE
PE-CONSUCODE-20008,FONDO NACIONAL DE FINANCIAMIENTO DE LA ACTIVIDAD EMPRESARIAL - FONAFE,AV. PASEO DE LA REPÚBLICA  3121,,LIMA
PE-CONSUCODE-200198,UNIVERSIDAD NACIONAL JOSE MARIA ARGUEDAS,JR JUAN FRANCISCO RAMOS NRO 380,083421992,APURIMAC
PE-CONSUCODE-200199,MUNICIPALIDAD PROVINCIAL DEL DATEM DEL MARAÑON,CALLE TIGRE Nº 249,,LORETO
PE-CONSUCODE-2002,FONDO METROPOLITANO DE INVERSIONES,JR. CARABAYA 831 - CERCADO DE LIMA,4262219,LIMA
PE-CONSUCODE-200260,SERVICIO NACIONAL DE AREAS NATURALES PROTEGIDAS POR EL ESTADO - SERNANP,CALLE DIECISIETE (EX LOS PETIRROJOS) NO. 355 LIMA SAN ISIDRO,2243298,LIMA
PE-CONSUCODE-200261,PROGRAMA DE DESARROLLO PRODUCTIVO AGRARIO RURAL - AGRO RURAL,AV. REPÚBLICA DE CHILE N° 350,2058030,LIMA
PE-CONSUCODE-200266,AUTORIDAD NACIONAL DEL AGUA,Calle los Petirrojos No. 355 Lima San Isidro,,LIMA
PE-CONSUCODE-200276,ORGANISMO DE EVALUACION Y FISCALIZACION AMBIENTAL,CALLE MANUEL GONZALES OLAECHEA NRO. 247 - URB. CORPAC,,LIMA
PE-CONSUCODE-200286,GOBIERNO REGIONAL DE CAJAMARCA UNIDAD EJECUTORA PROGRAMAS REGIONALES - PROREGION,LA JUSTICIA NRO 172 H 20 URB LA ALAMEDA,076637259,CAJAMARCA
PE-CONSUCODE-200296,INSTITUTO VIAL PROVINCIAL DE GRAU,Av. Grau S/N - Chuquibambilla,,APURIMAC
PE-CONSUCODE-200333,GOBIERNO REGIONAL DE CUSCO-RED DE SERVICIOS DE SALUD CUSCO NORTE,AV. EJERCITO S/N - SANTIAGO,,CUSCO
PE-CONSUCODE-200344,MINISTERIO DE CULTURA,JAVIER PRADO ESTE 2465,618 9393,LIMA
PE-CONSUCODE-200363,CENTRO NACIONAL DE ABASTECIMIENTO DE RECURSOS ESTRATEGICOS EN SALUD,JR. NAZCA NRO 548,7483030,LIMA
PE-CONSUCODE-200370,GOBIERNO REGIONAL DE AYACUCHO - UNIDAD EJECUTORA RED DE SALUD HUAMANGA,MZA. D LOTE. 16 URB. BANCO DE LA NACION,,AYACUCHO
PE-CONSUCODE-200382,UNIVERSIDAD NACIONAL DE BARRANCA,NRO. S/N URB. LA FLORIDA LIMA - BARRANCA - BARRANCA,2355815,LIMA
PE-CONSUCODE-200391,GOBIERNO REGIONAL DEL CALLAO - COMITE DE ADMINISTRACION DEL FONDO EDUCATIVO DEL CALLAO,AV. ELMER FAUCETT NRO. 3975 U.IND BOCANEGRA PROV. CONST. DEL CALLAO - PROV. CONST. DEL CALLAO - CALLAO,,CALLAO
PE-CONSUCODE-200396,UNIVERSIDAD NACIONAL INTERCULTURAL DE LA SELVA CENTRAL JUAN SANTOS ATAHUALPA,JIRON LOS CEDROS N° 141 LA MERCED,1111111,JUNIN
PE-CONSUCODE-200407,UNIVERSIDAD NACIONAL DE FRONTERA - SULLANA,CAL. SAN HILARION NRO. S-N VILLA PERU-CANADA-SULLANA PIURA - SULLANA - SULLANA,073519584,PIURA
PE-CONSUCODE-200420,CORTE SUPERIOR DE JUSTICIA DE CUSCO,AV. SOL NRO. S/N CUSCO - CUSCO,,CUSCO
PE-CONSUCODE-200422,CORTE SUPERIOR DE JUSTICIA DE LAMBAYEQUE,CAL. SAN JOSE NRO. 1070 CERCADO LAMBAYEQUE - CHICLAYO - CHICLAYO,,LAMBAYEQUE
PE-CONSUCODE-200444,GOBIERNO REGIONAL DE AMAZONAS - UNIDAD EJECUTORA 004 GERENCIA SUB REGIONAL UTCUBAMBA,JORGE BERNARDO ALCEDO NRO 194,041474839,AMAZONAS
PE-CONSUCODE-200446,UNIDAD EJECUTORA 002 CONSERVACION DE BOSQUES,AV. DOS DE MAYO NRO. 1545 INT. 502 LIMA - LIMA - SAN ISIDRO,,LIMA
PE-CONSUCODE-200454,UNIVERSIDAD NACIONAL AUTONOMA DE CHOTA,JR. JOSE OSORES Nº 412-418,,CAJAMARCA
PE-CONSUCODE-200475,PROGRAMA NACIONAL DE SANEAMIENTO RURAL,AV. BENAVIDES NRO. 395 (PISO 12) LIMA - LIMA - MIRAFLORES,,LIMA
PE-CONSUCODE-200493,PROGRAMA NACIONAL DE ALIMENTACION ESCOLAR QALI WARMA,AV. CORONEL PORTILLO NRO 687,2019360,LIMA
PE-CONSUCODE-200531,GOBIERNO REGIONAL DE AYACUCHO - UNIDAD EJECUTORA RED DE SALUD DE SAN FRANCISCO,PJ. SAN FRANCISCO NRO. S/N (PASAJE 07 VUELTAS S/N) AYACUCHO - LA MAR - AYNA,66325103,AYACUCHO
PE-CONSUCODE-200538,GOBIERNO REGIONAL DE APURIMAC - UNIDAD EJECUTORA RED DE SALUD ABANCAY,UNIDAD EJECUTORA RED DE SALUD ABANCAY,083-322435,APURIMAC
PE-CONSUCODE-200546,MEJORAMIENTO DE LA CALIDAD DE LA EDUCACION BASICA,CALLE CLEMENTE X NRO. 450,4621220,LIMA
PE-CONSUCODE-200551,INSTITUTO NACIONAL DE SALUD DEL NIÑO - SAN BORJA,AV. LA ROSA TORO NRO 1250,3156600,LIMA
PE-CONSUCODE-200562,GOBIERNO REGIONAL DE TUMBES - HOSPITAL REGIONAL JOSE ALFREDO MENDOZA OLAVARRIA-JAMO II-2,AV. PROL. FERNANDO BELAUNDE NRO. S/N A.H. CIUDADELA NOE III ETAPA TUMBES - TUMBES - TUMBES,072-524775,TUMBES
PE-CONSUCODE-200554,UNIDAD EJECUTORA 003: FOMENTO AL CONSUMO HUMANO DIRECTO - A COMER PESCADO,CALLE UNO OESTE NRO 060 URB. CORPAC,6162222,LIMA
PE-CONSUCODE-2009,GOBIERNO REGIONAL DE APURIMAC SEDE CENTRAL,JR. PUNO 107- ABANCAY,,APURIMAC
PE-CONSUCODE-202,MUNICIPALIDAD DISTRITAL DE COMANDANTE NOEL,AV.JULIO BELTRAN,619818,ANCASH
PE-CONSUCODE-20,MINISTERIO DE LA MUJER Y POBLACIONES VULNERABLES- ADMINISTRACIÓN GENERAL,JR. CAMANA 616 LIMA,4289800,LIMA
PE-CONSUCODE-211,MUNICIPALIDAD PROVINCIAL DE HUARI,JR.RAMON CASTILLA 470,043-453378,ANCASH
PE-CONSUCODE-214,MUNICIPALIDAD DISTRITAL DE CHAVIN DE HUANTAR,PLAZA DE ARMAS NO 120 - CHAVIN DE HUANTAR,043454099,ANCASH
PE-CONSUCODE-215,MUNICIPALIDAD DISTRITAL DE HUACACHI,HUAYNA CAPAC S/N,0,ANCASH
PE-CONSUCODE-21,MINISTERIO DE RELACIONES EXTERIORES,JR LAMPA Nº 545,2042400,LIMA
PE-CONSUCODE-22,MINISTERIO DE SALUD,AV. SALAVERRY NO 801,3156600,LIMA
PE-CONSUCODE-224,MUNICIPALIDAD DISTRITAL DE SAN MARCOS,JR. PROGRESO Nº 332,043454525,ANCASH
PE-CONSUCODE-225,MUNICIPALIDAD DISTRITAL DE SAN PEDRO DE CHANA,PLAZA DE ARMAS S/N,043632133,ANCASH
PE-CONSUCODE-227,MUNICIPALIDAD PROVINCIAL DE HUAYLAS - CARAZ,JR. SAN MARTIN NO 1121 - CARAZ,043391029,ANCASH
PE-CONSUCODE-204670,PROYECTO ESPECIAL DE INVERSION PUBLICA ESCUELAS BICENTENARIO,JR. CARABAYA N° 650,984341725,LIMA
PE-CONSUCODE-204673,MINISTERIO PUBLICO - CARPETA FISCAL ELECTRONICA,AV ABANCAY CDRA 5 OF 286,6255555,LIMA
PE-CONSUCODE-2324,MUNICIPALIDAD DISTRITAL DE CASA GRANDE,AV. PLAZA INDEPENDENCIA Nº 284,044443105,LA LIBERTAD
PE-CONSUCODE-2341,CORPORACION FINANCIERA DE DESARROLLO S.A.,CALLE AUGUSTO TAMAYO 160,,LIMA
PE-CONSUCODE-2347,EMPRESA MUNICIPAL DE AGUA POTABLE Y ALCANTARILLADO DE SAN MARTIN S.A.,JR. FEDERICO SANCHEZ NRO 900,042526666,SAN MARTIN
PE-CONSUCODE-2350,EMPRESA MUNICIPAL DE AGUA POTABLE Y ALCANTARILLADO DE AMAZONAS S.R.LTDA.,JR PIURA Nº 875,041-479067,AMAZONAS
PE-CONSUCODE-2356,EMPRESA MUNICIPAL DE AGUA POTABLE Y ALCANTARILLADO DE PISCO,FERMIN TANGUIS S/N R-1,11111111,ICA
PE-CONSUCODE-2364,ENTIDAD PRESTADORA  DE SERVICIO DE SANEAMIENTO DE CUSCO S.A.,AV. ANSELMO ALVAREZ N° 364,084-244424,CUSCO
PE-CONSUCODE-2365,ENTIDAD PRESTADORA  DE SERVICIO DE SANEAMIENTO DE ILO SA,MIRAMAR MZ.C S/N.PARTE PRIMA RESERVORIO MIRAMAR,053481661,MOQUEGUA
PE-CONSUCODE-2366,ENTIDAD PRESTADORA DE SERVICIO DE SANEAMIENTO DE MOQUEGUA SA,CALLE ILO N° 653 - CERCADO,053-461549,MOQUEGUA
PE-CONSUCODE-2371,ENTIDAD PRESTADORA DE SERVICIO DE SANEAMIENTO DE MOYOBAMBA  SRLTDA.,SAN LUCAS S/N CDRA 1,042562201,SAN MARTIN
PE-CONSUCODE-2376,SERVICIO MUNICIPAL DE AGUA POTABLE Y ALCANTARILLADO DE CHINCHA S.A.,CALLE LOS ANGELES 369 CHINCHA ALTA,,ICA
PE-CONSUCODE-2378,ENTIDAD PRESTADORA DE SERVICIO DE SANEAMIENTO DE LAMBAYEQUE S.A.,AV SAENZ PEÑA N° 1860,074-238363,LAMBAYEQUE
PE-CONSUCODE-2383,SERVICIO DE AGUA POTABLE Y ALCANTARILLADO DE LIMA - SEDAPAL,"AUTOPISTA RAMIRO PRIALÉ NO. 210 ""ATARJEA""",981334114,LIMA
PE-CONSUCODE-2384,SERVICIO DE AGUA POTABLE Y ALCANTARILLADO DE AREQUIPA,VIRGEN DEL PILAR N° 1701,054606262,AREQUIPA
PE-CONSUCODE-2391,EMPRESA DE ELECTRICIDAD DEL PERÚ S.A. - ELECTROPERU,PROLONGACION PEDRO MIOTA N° 421,11111111,LIMA
PE-CONSUCODE-202285,CENTRAL DE COMPRAS PUBLICAS - PERU COMPRAS,AV REPUBLICA DE PANAMA NRO 3629,3115930,LIMA
PE-CONSUCODE-2395,EMPRESA DE GENERACION ELECTRICA DEL SUR S.A.,EJERCITO S/N SUB ESTACIÓN PARA GRANDE - TACNA,052315300,TACNA
PE-CONSUCODE-2397,EMPRESA DE GENERACION ELECTRICA SAN GABAN S.A.,FLORAL 245 BARRIO BELLAVISTA,051364401,PUNO
PE-CONSUCODE-2406,EMPRESA REGIONAL DE SERVICIOS PUBLICOS DE ELECTRICIDAD DEL ORIENTE,AUGUSTO FREYRE 1168 IQUITOS,5165253500,LORETO
PE-CONSUCODE-2408,EMPRESA REGIONAL DE SERVICIO PUBLICO DE ELECTRICIDAD - ELECTROSUR S.A.,CALLE ZELA N°408,583315,TACNA
PE-CONSUCODE-204790,MUNICIPALIDAD DISTRITAL DE CIELO PUNCO,JR. DEMETRIO SANCHEZ S/N,966838200,CUSCO
PE-CONSUCODE-2409,SOCIEDAD ELECTRICA DEL SUR OESTE S.A.,CALLE CONSUELO N° 310,054381188,AREQUIPA
PE-CONSUCODE-241,MUNICIPALIDAD DISTRITAL DE LLAMA - MARISCAL LUZURIAGA,AV.FIDEL OLIVAS ESCUDERO S/N,,ANCASH
PE-CONSUCODE-204810,CAJA DE PENSIONES MILITAR - POLICIAL,AV. JORGE BASADRE N° 950,6346464 - 222,LIMA
PE-CONSUCODE-244,MUNICIPALIDAD DISTRITAL DE ELEAZAR GUZMAN BARRON,PLAZA DE ARMAS S/N,,ANCASH
PE-CONSUCODE-2463,FONDO MUNICIPAL DE INVERSIONES DEL CALLAO,JR. ADOLFO KING 366 2DO Y 3ER PISO,,CALLAO
PE-CONSUCODE-204870,MUNICIPALIDAD DISTRITAL DE UNIÓN ASHÁNINKA,PLAZA PRINCIPAL SN,967191385,CUSCO
PE-CONSUCODE-204891,PROGRAMA DE CREACIÓN DE REDES INTEGRADAS DE SALUD,JR. PEDRO CONDE N° 261,992364928,LIMA
PE-CONSUCODE-2525,BANCO DE LA NACION,AV. REPÚBLICA DE PANAMÁ 3664,,LIMA
PE-CONSUCODE-2543,SEGURO SOCIAL DE  SALUD,DOMINGO CUETO Nº 120 - 1ER. PISO - JESUS MARIA,,LIMA
PE-CONSUCODE-205010,MUNICIPALIDAD DISTRITAL DE SAN ANTONIO,AV. CENTRAL MZA. D LOTE 04,053-792606,MOQUEGUA
PE-CONSUCODE-2557,ORGANISMO SUPERVISOR DE LA INVERSION EN INFRAESTRUCTURA DE TRANSPORTE DE USO PUBLICO,"Av. República de Panamá 3659 - 3663, Urb. El Palomar, San Isidro",,LIMA
PE-CONSUCODE-260,MUNICIPALIDAD PROVINCIAL DE RECUAY,PLAZA DE ARMAS NO170,043444153,ANCASH
PE-CONSUCODE-26,MINISTERIO PUBLICO,AV. ABANCAY Nº 491 CERCADO DE LIMA,2085555,LIMA
PE-CONSUCODE-201265,MANCOMUNIDAD REGIONAL DE LOS ANDES APURIMAC-AYACUCHO-HUANCAVELICA,CANAVAL Y MOREYRA,4760101,LIMA
PE-CONSUCODE-270,MUNICIPALIDAD PROVINCIAL DE SANTA - CHIMBOTE,JR. ENRIQUE PALACIOS NO 341 - 343,321141,ANCASH
PE-CONSUCODE-27,OFICINA NACIONAL DE PROCESOS ELECTORALES,JR WASHINGTON 1894,4170630,LIMA
PE-CONSUCODE-277,MUNICIPALIDAD DISTRITAL DE COISHCO,JORGE CHAVEZ NO 795,690328,ANCASH
PE-CONSUCODE-278,MUNICIPALIDAD DISTRITAL DE NUEVO CHIMBOTE,CENTRO CIVICO,043-318289,ANCASH
PE-CONSUCODE-28,PODER JUDICIAL,Av. Colmena (Nicolás de Piérola) 745 LIMA,4265010,LIMA
PE-CONSUCODE-201285,PROGRAMA NACIONAL DE INNOVACION PARA LA COMPETITIVIDAD Y PRODUCTIVIDAD,CALLE BRIGADIER  MATEO PUMACAHUA NRO 2749,6404420,LIMA
PE-CONSUCODE-293,MUNICIPALIDAD DISTRITAL DE QUILLO,PLAZA DE ARMAS S/N,043411861,ANCASH
PE-CONSUCODE-297,MUNICIPALIDAD PROVINCIAL DE CARLOS FERMIN FITZCARRALD,AV. FITZCARRALD Nº 504 - PLAZA DE ARMAS - SAN LUIS,043782505,ANCASH
PE-CONSUCODE-302,MUNICIPALIDAD PROVINCIAL DE HUARMEY,PLAZA INDEPENDENCIA S/N,400223,ANCASH
PE-CONSUCODE-322,MUNICIPALIDAD DISTRITAL DE LAMBRAMA,9 DE OCTUBRE,,APURIMAC
PE-CONSUCODE-32,GOBIERNO REGIONAL DE AMAZONAS SEDE CENTRAL,JR. ORTIZ ARRIETA 1250,041-477185,AMAZONAS
PE-CONSUCODE-326,MUNICIPALIDAD PROVINCIAL DE ANDAHUAYLAS,CONSTITUCION 626,721037,APURIMAC
PE-CONSUCODE-327,MUNICIPALIDAD DISTRITAL DE ANDARAPA,JR.SAN FRANCISCO 101,721232,APURIMAC
PE-CONSUCODE-33,GOBIERNO REGIONAL DE ANCASH - SEDE CENTRAL,NRO. S/N CAMPAMENTO VICHAY ANCASH - HUARAZ - INDEPENDENCIA,043421132,ANCASH
PE-CONSUCODE-339,MUNICIPALIDAD DISTRITAL DE TALAVERA,AV.CONFRATERNIDAD,424025,APURIMAC
PE-CONSUCODE-34,GOBIERNO REGIONAL DE AREQUIPA Sede Central,SAN FRANCISCO 308,283014,AREQUIPA
PE-CONSUCODE-345,MUNICIPALIDAD PROVINCIAL DE ANTABAMBA,PLAZA DE ARMAS S//N,083826832,APURIMAC
PE-CONSUCODE-35,GOBIERNO REGIONAL DE AYACUCHO SEDE CENTRAL,CALLAO Nº 122,066-312905,AYACUCHO
PE-CONSUCODE-36,GOBIERNO REGIONAL DE CAJAMARCA SEDE CENTRAL,JR. SANTA TERESA DE JOURNET Nº 351 URB. LA ALAMEDA,076 599000,CAJAMARCA
PE-CONSUCODE-369,MUNICIPALIDAD PROVINCIAL DE COTABAMBAS - TAMBOBAMBA,PLAZA DE ARMAS SN DE TAMBOBAMBA,0,APURIMAC
PE-CONSUCODE-372,MUNICIPALIDAD DISTRITAL DE HAQUIRA,PLAZA DE ARMAS,0,APURIMAC
PE-CONSUCODE-37,GOBIERNO REGIONAL DE CUSCO SEDE CENTRAL,AV.TOMASA TITO CONDEMAYTA S/N WANCHAQ,084 221131,CUSCO
PE-CONSUCODE-38,GOBIERNO REGIONAL DE ICA SEDE CENTRAL,Av. Cutervo Nº 920 - ICA,056219133,ICA
PE-CONSUCODE-388,MUNICIPALIDAD DISTRITAL DE CURASCO,PLAZA DE ARMAS,,APURIMAC
PE-CONSUCODE-39,GOBIERNO REGIONAL DE HUANCAVELICA Sede Central,JR. TORRE TAGLE 336,067452891,HUANCAVELICA
PE-CONSUCODE-396,MUNICIPALIDAD DISTRITAL DE RANRACANCHA,PLAZA DE ARMAS,,APURIMAC
PE-CONSUCODE-399,MUNICIPALIDAD DISTRITAL DE CERRO COLORADO,CALLE MARIANO MELGAR No 500 URB. LA LIBERTAD - CERRO COLORADO - AREQUIPA,,AREQUIPA
PE-CONSUCODE-400,MUNICIPALIDAD DISTRITAL DE CHARACATO,PLAZA PRINCIPAL NRO 100,054448209,AREQUIPA
PE-CONSUCODE-40,GOBIERNO REGIONAL DE HUANUCO SEDE CENTRAL,CALLE CALICANTO Nº 145,062512124,HUANUCO
PE-CONSUCODE-402,MUNICIPALIDAD DISTRITAL LA JOYA,JR.DOS DE MAYO Nº 501- LA JOYA,,AREQUIPA
PE-CONSUCODE-405,MUNICIPALIDAD DISTRITAL DE MOLLEBAYA,CALLE 27 DE MAYO SN PLAZA PRINCIPAL,054448621,AREQUIPA
PE-CONSUCODE-41,GOBIERNO REGIONAL DE JUNIN SEDE CENTRAL,JR.LORETO363-3ER PISO CENTRO CIVICO,064-232230,JUNIN
PE-CONSUCODE-418,MUNICIPALIDAD DISTRITAL DE UCHUMAYO,PLAZA PRINCIPAL S/N,0,AREQUIPA
PE-CONSUCODE-420,MUNICIPALIDAD DISTRITAL DE YANAHUARA,CALLE MIGUEL GRAU 402,0,AREQUIPA
PE-CONSUCODE-201585,INSTITUTO NACIONAL DE CALIDAD - INACAL,LAS CAMELIAS NRO 815,6162238,LIMA
PE-CONSUCODE-421,MUNICIPALIDAD DISTRITAL DE YARABAMBA,CALLE AMERICA NO 102,0,AREQUIPA
PE-CONSUCODE-423,MUNICIPALIDAD DISTRITAL DE JACOBO HUNTER,AVENIDA VIÑA DEL MAR SN JACOBO HUNTER AREQUIPA AREQUIPA,054-441163,AREQUIPA
PE-CONSUCODE-42,GOBIERNO REGIONAL DE LA LIBERTAD Sede Central,CALLE LOS BRILLANTES 650 URB. SANTA INES,044-200575,LA LIBERTAD
PE-CONSUCODE-44,GOBIERNO REGIONAL DE LORETO SEDE CENTRAL,AV. ABELARDO QUIÑONES KM 1.5,266926,LORETO
PE-CONSUCODE-458,MUNICIPALIDAD DISTRITAL DE UÑON,PLAZA PRINCIPAL,0,AREQUIPA
PE-CONSUCODE-45,GOBIERNO REGIONAL DE MADRE DE DIOS SEDE CENTRAL,JR. BILLINGURST Nº 184,082571199,MADRE DE DIOS
PE-CONSUCODE-46,GOBIERNO REGIONAL DE MOQUEGUA SEDE CENTRAL,JR. JUNIN 520,054 7626,MOQUEGUA
PE-CONSUCODE-466,MUNICIPALIDAD DISTRITAL DE COPORAQUE - CAYLLOMA,PLAZA DE ARMAS,,AREQUIPA
PE-CONSUCODE-47,GOBIERNO REGIONAL DE PASCO SEDE CENTRAL,EDIFICIO ESTATAL Nº 1 SAN JUAN PAMPA,597060,PASCO
PE-CONSUCODE-480,MUNICIPALIDAD PROVINCIAL DE CONDESUYOS - CHUQUIBAMBA,AVENIDA MARISCAL CAASTILLA 106 CHUQUIBAMBA CONDESUYOS AREQUIPA,054-474002,AREQUIPA
PE-CONSUCODE-490,MUNICIPALIDAD DISTRITAL DE DEAN VALDIVIA,AVENIDA DEAN VALDIVIA Nº 504 - LA CURVA,0,AREQUIPA
PE-CONSUCODE-491,MUNICIPALIDAD DISTRITAL DE ISLAY,AV. AREQUIPA NO 225,0,AREQUIPA
PE-CONSUCODE-49,GOBIERNO REGIONAL DE PUNO SEDE CENTRAL,JR.DEUSTUA 356,054 3517,PUNO
PE-CONSUCODE-502,MUNICIPALIDAD DISTRITAL DE TAURIA,PLAZA DE ARMAS S/N,,AREQUIPA
PE-CONSUCODE-509,MUNICIPALIDAD DISTRITAL DE CHIARA - HUAMANGA,PARQUE PRINCIPAL DE CHIARA,0,AYACUCHO
PE-CONSUCODE-201745,MUNICIPALIDAD DISTRITAL DE INKAWASI,PLAZA DE ARMAS SB,946602613,CUSCO
PE-CONSUCODE-51,GOBIERNO REGIONAL DE TACNA Sede Central,AV GREGORIO ALBARRACIN NO 526,052583030,TACNA
PE-CONSUCODE-512,MUNICIPALIDAD DISTRITAL DE SAN JOSE DE TICLLAS,PLAZA PRINCIPAL SN,06312678,AYACUCHO
PE-CONSUCODE-519,MUNICIPALIDAD PROVINCIAL DE CANGALLO,PLAZA PRINCIPAL,,AYACUCHO
PE-CONSUCODE-523,MUNICIPALIDAD DISTRITAL DE PARAS,JR-PROGRESO PLAZA PRINCIPAL,0,AYACUCHO
PE-CONSUCODE-53,GOBIERNO REGIONAL DE UCAYALI SEDE CENTRAL,JR. RAYMONDI Nº 220 - PUCALLPA,061574192,UCAYALI
PE-CONSUCODE-541,MUNICIPALIDAD DISTRITAL DE LURICOCHA,PLAZA PRINCIPAL DE LURICOCHA,,AYACUCHO
PE-CONSUCODE-550,MUNICIPALIDAD DISTRITAL DE TAMBO - LA MAR,PLAZA PRINCIPAL,0,AYACUCHO
PE-CONSUCODE-553,MUNICIPALIDAD DISTRITAL DE AUCARA,PLAZA DE ARMAS,,AYACUCHO
PE-CONSUCODE-563,MUNICIPALIDAD DISTRITAL DE OCAÑA,PLAZA DE ARMAS,,AYACUCHO
PE-CONSUCODE-573,MUNICIPALIDAD PROVINCIAL DE PARINACOCHAS - CORACORA,PLAZA DE ARMAS DE CORACORA,,AYACUCHO
PE-CONSUCODE-614,MUNICIPALIDAD PROVINCIAL DE CAJAMARCA,ALAMEDA DE LOS INCAS COMPLEJO GRAN QHAPAC ÑAN,,CAJAMARCA
PE-CONSUCODE-201945,SERVICIO MUNICIPAL DE ADMINISTRACION DEL MATADERO METROPOLITANO DE RIO SECO,CARRETERA VIA DE EVITAMIENTO SN RIO SECO CERRO COLORADO AREQUIPA,054488113,AREQUIPA
PE-CONSUCODE-627,MUNICIPALIDAD PROVINCIAL DE CAJABAMBA,JR. ALFONSO UGARTE Nº 620 PLAZA DE ARMAS CAJABAMBA,,CAJAMARCA
PE-CONSUCODE-628,MUNICIPALIDAD DISTRITAL DE CACHACHI,PLAZA DE ARMAS S/N,,CAJAMARCA
PE-CONSUCODE-631,MUNICIPALIDAD PROVINCIAL DE CELENDIN,JR. CRNL. JOSE GALVEZ N§614 2DO PISO,,CAJAMARCA
PE-CONSUCODE-6,CONGRESO DE LA REPUBLICA,AV. ABANCAY 251 LIMA,4264454,LIMA
PE-CONSUCODE-673,MUNICIPALIDAD DISTRITAL DE HUAMBOS,JR.MIGUEL GRAU S/N,,CAJAMARCA
PE-CONSUCODE-202105,INSTITUTO NACIONAL DE INVESTIGACION EN GLACIARES Y ECOSISTEMAS DE MONTAÑA,APEROS MZ P LOTE 4,996038445,LIMA
PE-CONSUCODE-689,MUNICIPALIDAD DISTRITAL DE BELLAVISTA - JAEN,SAN MARTIN LOTE 263,,CAJAMARCA
PE-CONSUCODE-71,MUNICIPALIDAD DISTRITAL DE CHILIQUIN,VITUYA,,AMAZONAS
PE-CONSUCODE-724,MUNICIPALIDAD PROVINCIAL DE SANTA CRUZ,JR.CUTERVO Nº330,076354075,CAJAMARCA
PE-CONSUCODE-730,MUNICIPALIDAD DISTRITAL DE PULAN,9 DE AGOSTO S/N,943353747,CAJAMARCA
PE-CONSUCODE-742,MUNICIPALIDAD PROVINCIAL DEL CALLAO,JR. PAZ SOLDAN NO 252 - CALLAO,2016411,CALLAO
PE-CONSUCODE-202125,UNIDAD EJECUTORA 411 SALUD JULCAN,EL CAPULI,990195769,LA LIBERTAD
PE-CONSUCODE-749,MUNICIPALIDAD PROVINCIAL DEL CUSCO,PLAZA CUSIPATA,,CUSCO
PE-CONSUCODE-751,MUNICIPALIDAD DISTRITAL DE WANCHAQ,AV.  DE LA CULTURA Nº 500,,CUSCO
PE-CONSUCODE-754,MUNICIPALIDAD DISTRITAL DE SAN SEBASTIAN,PLAZA DE ARMAS,,CUSCO
PE-CONSUCODE-755,MUNICIPALIDAD DISTRITAL DE SANTIAGO - CUSCO,CALLE GIRALDO RUIZ CARO S/N - PLAZA SANTIAGO,969729572,CUSCO
PE-CONSUCODE-756,MUNICIPALIDAD DISTRITAL DE SAYLLA,PLAZA PRINCIPAL DE SAYLLA SN,0842777607,CUSCO
PE-CONSUCODE-761,MUNICIPALIDAD DISTRITAL DE POMACANCHI,PLAZA DE ARMAS No 100,,CUSCO
PE-CONSUCODE-772,MUNICIPALIDAD DISTRITAL DE ANCAHUASI,PLAZA DE ARMAS,,CUSCO
PE-CONSUCODE-773,MUNICIPALIDAD PROVINCIAL DE CALCA,PLAZA DE ARMAS S/N CALCA,084202276,CUSCO
PE-CONSUCODE-774,MUNICIPALIDAD DISTRITAL DE COYA,PLAZA DE ARMAS NO 307,,CUSCO
PE-CONSUCODE-776,MUNICIPALIDAD DISTRITAL DE LARES,PLAZA DE ARMAS   S/N LARES,,CUSCO
PE-CONSUCODE-785,MUNICIPALIDAD DISTRITAL DE LAYO,PLAZA DE ARMAS,,CUSCO
PE-CONSUCODE-789,MUNICIPALIDAD PROVINCIAL DE CANCHIS - SICUANI,CENTRO CIVICO S/N,,CUSCO
PE-CONSUCODE-790,MUNICIPALIDAD DISTRITAL DE COMBAPATA,PLAZA DE ARMAS Nº 322 - COMBAPATA,,CUSCO
PE-CONSUCODE-799,MUNICIPALIDAD DISTRITAL DE COLQUEMARCA,RAMON CASTILLA 2DO PISO,,CUSCO
PE-CONSUCODE-801,MUNICIPALIDAD DISTRITAL DE LIVITACA,PLAZA DE ARMAS SN LIVITACA,,CUSCO
PE-CONSUCODE-803,MUNICIPALIDAD DISTRITAL DE QUIÑOTA,PLAZA DE ARMAS,,CUSCO
PE-CONSUCODE-804,MUNICIPALIDAD DISTRITAL DE VELILLE,PLAZA DE ARMAS 2DO PISO-INTER.8,,CUSCO
PE-CONSUCODE-805,MUNICIPALIDAD PROVINCIAL DE ESPINAR,PLAZA DE ARMAS,,CUSCO
PE-CONSUCODE-811,MUNICIPALIDAD DISTRITAL DE SUYKUTAMBO,PLAZA DE ARMAS s/n Suykutambo,,CUSCO
PE-CONSUCODE-812,MUNICIPALIDAD DISTRITAL DE ALTO PICHIGUA,PLAZA DE ARMAS S/N,,CUSCO
PE-CONSUCODE-813,MUNICIPALIDAD PROVINCIAL DE LA CONVENCION - SANTA ANA,JR. ESPINAR No 300,,CUSCO
PE-CONSUCODE-814,MUNICIPALIDAD DISTRITAL DE ECHARATE,PLAZA DE ARMAS S/N MZ J LOTE.1,084837002,CUSCO
PE-CONSUCODE-815,MUNICIPALIDAD DISTRITAL DE HUAYOPATA,PLAZA DE ARMAS S/N HUYRO,999830027,CUSCO
PE-CONSUCODE-816,MUNICIPALIDAD DISTRITAL DE MARANURA,AVENIDA EDGAR DE LA TORRE S/N,,CUSCO
PE-CONSUCODE-819,MUNICIPALIDAD DISTRITAL DE VILCABAMBA - LA CONVENCION,PLAZA DE ARMAS,,CUSCO
PE-CONSUCODE-822,MUNICIPALIDAD DISTRITAL DE PICHARI,PLAZO PRINCIPAL S/N PICHARI,,CUSCO
PE-CONSUCODE-832,MUNICIPALIDAD PROVINCIAL DE PAUCARTAMBO,PLAZA DE ARMAS PAUCARTAMBO No 124,,CUSCO
PE-CONSUCODE-836,MUNICIPALIDAD DISTRITAL DE KCOSÑIPATA,PLAZA DE ARMAS,,CUSCO
PE-CONSUCODE-842,MUNICIPALIDAD DISTRITAL DE CCATCCA,PLAZA DE ARMAS S/N,,CUSCO
PE-CONSUCODE-843,MUNICIPALIDAD DISTRITAL DE CUSIPATA,PLAZA DE CUSIPATA S/N CUSIPATA QUISPICANCHI CUSCO,980566139,CUSCO
PE-CONSUCODE-850,MUNICIPALIDAD PROVINCIAL DE URUBAMBA,AV. FERROCARRIL,,CUSCO
PE-CONSUCODE-849,MUNICIPALIDAD DISTRITAL DE QUIQUIJANA,PLAZA DE ARMAS MZ J1 LTE 06,950461697,CUSCO
PE-CONSUCODE-854,MUNICIPALIDAD DISTRITAL DE MARAS,PLAZA DE ARMAS,,CUSCO
PE-CONSUCODE-855,MUNICIPALIDAD DISTRITAL DE OLLANTAYTAMBO,PLAZA DE ARMAS S/N OLLANTAYTAMBO URUBAMBA CUSCO,084-204030,CUSCO
PE-CONSUCODE-859,MUNICIPALIDAD DISTRITAL DE ACORIA,PARQUE PRINCIPAL S/N-HUANCAVELICA,,HUANCAVELICA
PE-CONSUCODE-868,MUNICIPALIDAD DISTRITAL DE MOYA,PLAZA PRINCIPAL S/N,,HUANCAVELICA
PE-CONSUCODE-2465,SERVICIOS INTEGRADOS DE LIMPIEZA SA,LOS NEGOCIOS,6144600,LIMA
PE-CONSUCODE-885,MUNICIPALIDAD DISTRITAL DE CONGALLA,PLAZA PRINCIPAL S/N,,HUANCAVELICA
PE-CONSUCODE-90,MUNICIPALIDAD DISTRITAL DE ARAMANGO,AV.28 DE JULIO 309 2DO PISO,950823293,AMAZONAS
PE-CONSUCODE-909,MUNICIPALIDAD DISTRITAL DE ACRAQUIA,PLAZA PRINCIPAL ACRAQUIA,,HUANCAVELICA
PE-CONSUCODE-912,MUNICIPALIDAD DISTRITAL DE DANIEL HERNANDEZ,AV.PERU NO 190.2DO PISO,,HUANCAVELICA
PE-CONSUCODE-919,MUNICIPALIDAD DISTRITAL DE SAN MARCOS ROCCHAC,PLAZA PRINCIPAL S/N 2DO PISO,,HUANCAVELICA
PE-CONSUCODE-940,MUNICIPALIDAD DISTRITAL DE TAMBO - HUAYTARA,PLAZA DE ARMAS S/N,,HUANCAVELICA
PE-CONSUCODE-941,MUNICIPALIDAD PROVINCIAL DE CHURCAMPA,JR. DOS DE MAYO S/N,,HUANCAVELICA
PE-CONSUCODE-960,MUNICIPALIDAD PROVINCIAL DE AMBO,JR. CONSTITUCION Nº 353 - AMBO,,HUANUCO
PE-CONSUCODE-957,MUNICIPALIDAD DISTRITAL DE SAN PEDRO DE CHAULAN,JR.HUANUCO S/N  Nº5 2DO PISO,,HUANUCO
PE-CONSUCODE-968,MUNICIPALIDAD PROVINCIAL DE DOS DE MAYO - LA UNION,JR. LOURDES No 221 - LA UNION,,HUANUCO
PE-CONSUCODE-988,MUNICIPALIDAD PROVINCIAL DE LEONCIO PRADO - RUPA RUPA,AV.  ALAMEDA PERU NO 525,062562058,HUANUCO
PE-CONSUCODE-1979,INSTITUTO NACIONAL DE SALUD,AV.  DEFENSORES DEL MORRO 2268 - EX HUAYLAS,7480000,LIMA
PE-CONSUCODE-1904,UNIVERSIDAD NACIONAL JORGE BASADRE GROHMANN - TACNA,CIUDAD UNIVERSITARIA AV MIRAFLORES S/N,,TACNA
PE-CONSUCODE-202165,GOBIERNO REGIONAL JUNIN UNIDAD EJECUTORA: EDUCACION CONCEPCION,TAMBO ALAPA,064581079,JUNIN
PE-CONSUCODE-873,MUNICIPALIDAD DISTRITAL DE YAULI - HUANCAVELICA,PLAZA PRINCIPAL S/N  YAULI,,HUANCAVELICA
PE-CONSUCODE-2433,PETROLEOS DEL PERU S.A.,AV. ENRIQUE CANAVAL MOREYRA N° 150 - SAN ISIDRO,,LIMA
PE-CONSUCODE-753,MUNICIPALIDAD DISTRITAL DE SAN JERONIMO - CUSCO,PLAZA DE ARMAS,,CUSCO
PE-CONSUCODE-422,MUNICIPALIDAD DISTRITAL DE YURA,PLAZA PRINCIPAL S/N,0,AREQUIPA
PE-CONSUCODE-13,MINISTERIO DE ECONOMIA Y FINANZAS,Jr.Junín N° 319 - Lima,3115930,LIMA
PE-CONSUCODE-304,MUNICIPALIDAD DISTRITAL DE CULEBRAS,PLAZA DE ARMAS S/N DEL DISTRITO DE CULEBRAS,400694,ANCASH
PE-CONSUCODE-200923,UNIDAD EJECUTORA 008:PROYECTOS ESPECIALES DEL PLIEGO 003 - MINISTERIO DE CULTURA,AV JAVIER PRADO ESTE NRO 2465 SAN BORJA,2243552,LIMA
PE-CONSUCODE-1289,MUNICIPALIDAD PROVINCIAL DE FERREÑAFE,CALLE NICANOR CARMONA NO 436,,LAMBAYEQUE
PE-CONSUCODE-1238,MUNICIPALIDAD DISTRITAL DE ONGON,PLAZA DE ARMAS DE ONGON S/N,389125,LA LIBERTAD
PE-CONSUCODE-1301,MUNICIPALIDAD DISTRITAL DE MOTUPE,CALLE TUPAC AMARU Nº531 2DO. PISO,,LAMBAYEQUE
PE-CONSUCODE-200270,GOBIERNO REGIONAL DE AYACUCHO - PROGRAMA REGIONAL DE IRRIGACION Y DESARROLLO RURAL INTEGRADO,AV. LA CANTUTA MZA. Q LOTE. 16 LOS ARTESANOS AYACUCHO - HUAMANGA - AYACUCHO,,AYACUCHO
PE-CONSUCODE-1903,UNIVERSIDAD NACIONAL HERMILIO VALDIZAN,AV. UNIVERSITARIA 601 - 607,,HUANUCO
PE-CONSUCODE-10360,MINAG - PROYECTO ESPECIAL - JAEN - SAN IGNACIO - BAGUA,"KM. 27.5 CARRETERA CHAMAYA - SAN IGNACIO, EN JAEN",,CAJAMARCA
PE-CONSUCODE-1363,MUNICIPALIDAD PROVINCIAL DE CAÑETE - SAN VICENTE DE CAÑETE,JR.BOLOGNESI NO 250,,LIMA
PE-CONSUCODE-200170,GOBIERNO REGIONAL DE JUNIN  - RED DE SALUD DEL VALLE DEL MANTARO,JR. LIMA NRO. 373 JUNIN - HUANCAYO - HUANCAYO,,JUNIN
PE-CONSUCODE-1984,OFICINA DE NORMALIZACION PREVISIONAL,JR. BOLIVIA Nº 109 - TORRE DEL CENTRO CÍVICO Y COMERCIAL DE LIMA,,LIMA
PE-CONSUCODE-1881,MUNICIPALIDAD PROVINCIAL DE PADRE ABAD - AGUAYTIA,AV. SIMON BOLIVAR Nº 536 - 546 - AGUAYTIA,061-481079,UCAYALI
PE-CONSUCODE-10461,GOBIERNO REGIONAL DE HUANUCO-TRANSPORTES,JR. GENERAL PRADO 911 HUANUCO,062513402,HUANUCO
PE-CONSUCODE-2368,ENTIDAD PRESTADORA DE SERVICIO DE SANEAMIENTO AYACUCHO S.A,JR. MANCO CAPAC N° 342,066-316518,AYACUCHO
PE-CONSUCODE-10447,GOBIERNO REGIONAL DE CUSCO - PROYECTO ESPECIAL PLAN MERISS INKA,AV. PEDRO VILCAPAZA NRO. 332 WANCHAQ CUSCO,,CUSCO
PE-CONSUCODE-200157,DIRECCION DE SALUD IV L.E. - UNIDAD EJECUTORA HOSPITAL SAN JUAN DE LURIGANCHO,PROLONG. AV. CANTO GRANDE Nº  S/N,986941687,LIMA
PE-CONSUCODE-10454,GOBIERNO REGIONAL DE HUANCAVELICA-TRANSPORTES,JR. FRANCISCO DE ANGULO 410 HUANCAVELICA,,HUANCAVELICA
PE-CONSUCODE-1879,MUNICIPALIDAD DISTRITAL DE TAHUANIA,AV. 07 JUNIO S/N - BOLOGNESI ALTO,,UCAYALI
PE-CONSUCODE-651,MUNICIPALIDAD PROVINCIAL DE CUTERVO,JR. RAMON CASTILLA Nº403,,CAJAMARCA
PE-CONSUCODE-1666,MUNICIPALIDAD DISTRITAL DE ASILLO,PLAZA DE ARMAS S/N,,PUNO
PE-CONSUCODE-1510,MUNICIPALIDAD PROVINCIAL DE REQUENA,CALLE FRANCISCO DE ASIS NO 138 142,065784032,LORETO
PE-CONSUCODE-204971,MUNICIPALIDAD DISTRITAL DE AHUAYRO,AV. LOS INCAS NRO. SN C.P. AHUAYRO (EN LA MISMA PLAZA DE AHUAYRO),928386698,APURIMAC
PE-CONSUCODE-1285,MUNICIPALIDAD DISTRITAL DE JOSE LEONARDO ORTIZ,AV. SAENZ PEÑA Nº2151,,LAMBAYEQUE
PE-CONSUCODE-1291,MUNICIPALIDAD DISTRITAL DE INCAHUASI,17 DE FEBRERO S/N - INCAHUASI,074-287242,LAMBAYEQUE
PE-CONSUCODE-2393,EMPRESA DE GENERACION ELECTRICA DE AREQUIPA S.A. - EGASA,PASAJE RIPACHA Nº 101 - CHILINA,383838,AREQUIPA
PE-CONSUCODE-10520,GOBIERNO REGIONAL DE LAMBAYEQUE-SALUD,PROLONGACION SALAVERRY 1610 CHICLAYO,,LAMBAYEQUE
PE-CONSUCODE-10547,GOBIERNO REGIONAL DE PASCO - DIRECCION SUB-REGIONAL DE EDUCACION DE PASCO,AV. LOS PROCERES - EDIFICIO ESTATAL  Nº 3 YANACANCHA,,PASCO
PE-CONSUCODE-200156,GOBIERNO REGIONAL DE LIMA - DIRECCIÓN REGIONAL DE AGRICULTURA DE LIMA PROVINCIAS,CALLE AUGUSTO B. LEGUIA S/N CUADRA 3 HUACHO,,LIMA
PE-CONSUCODE-10483,GOBIERNO REGIONAL DE JUNIN - UNIDAD TERRITORIAL DE SALUD JAUJA,JR. SAN MARTIN 1153 JAUJA,064-361900,JUNIN
PE-CONSUCODE-797,MUNICIPALIDAD PROVINCIAL DE CHUMBIVILCAS - SANTO TOMAS,PARQUE PALIZA No 100 No 100,,CUSCO
PE-CONSUCODE-950,MUNICIPALIDAD PROVINCIAL DE HUANUCO,GRAL.PRADO Nº750,,HUANUCO
PE-CONSUCODE-841,MUNICIPALIDAD DISTRITAL DE CCARHUAYO,PLAZA DE ARMAS S/N - CCARHUAYO,,CUSCO
PE-CONSUCODE-201685,PROYECTO ESPECIAL PARA LA PREPARACION Y DESARROLLO DE LOS XVIII JUEGOS PANAMERICANOS DEL 2019,SAN LUIS CUADRA 11,4105500,LIMA
PE-CONSUCODE-781,MUNICIPALIDAD PROVINCIAL DE CANAS - YANAOCA,PLAZA DE ARMAS,084837001,CUSCO
PE-CONSUCODE-203286,GOBIERNO REGIONAL DE AMAZONAS  - DIRECCION DE RED DE SALUD CONDORCANQUI,SIMON BOLIVAR NRO 700 BARRIO LA TUNA,967910723,AMAZONAS
PE-CONSUCODE-1166,MUNICIPALIDAD DISTRITAL DE HUASAHUASI,JR. PIEDRALIZA Nº 104 - PLAZA PRINCIPAL (HUASAHUASI),064342046,JUNIN
PE-CONSUCODE-1693,MUNICIPALIDAD DISTRITAL DE ZEPITA,PLAZA DE ARMAS S/N,,PUNO
PE-CONSUCODE-10214,HOSPITAL NACIONAL ARZOBISPO LOAYZA,AV. ALFONSO UGARTE NRO 848,6144646,LIMA
PE-CONSUCODE-1376,MUNICIPALIDAD DISTRITAL DE SAN LUIS - CANETE,PLAZA DE ARMAS S/N,2844110,LIMA
PE-CONSUCODE-201186,SERVICIO NACIONAL FORESTAL Y DE FAUNA SILVESTRE,SIETE 229,2259005,LIMA
PE-CONSUCODE-1836,MUNICIPALIDAD DISTRITAL DE INCLAN,AV. ALTO RAYO S/N - INCLAN,953900992,TACNA
PE-CONSUCODE-289,MUNICIPALIDAD PROVINCIAL DE YUNGAY,PLAZA DE ARMAS S/N,793039,ANCASH
PE-CONSUCODE-200515,GOBIERNO REGIONAL DE PASCO - UNIDAD EJECUTORA PASCO SELVA CENTRAL,JR. INDEPENDENCIA NRO. 666 (COSTADO LOZA DEPORTIVA SANTA ROSA) PASCO - OXAPAMPA - OXAPAMPA,,PASCO
PE-CONSUCODE-1967,INSTITUTO NACIONAL DE DEFENSA CIVIL,CAL. RICARDO ANGULO RAMIREZ NRO. 694 URB. CORPAC LIMA - LIMA - SAN ISIDRO,,LIMA
PE-CONSUCODE-200049,GOBIERNO REGIONAL DE AYACUCHO - UNIDAD EJECUTORA SALUD CENTRO AYACUCHO,AV. 17 DE DICIEMBRE Nº 413,,AYACUCHO
PE-CONSUCODE-204970,SERVICIO DE MANTENIMIENTO DEL PERÚ SOCIEDAD ANÓNIMA CERRADA,AV. EDMUNDO AGUILAR PASTOR S/N,2135200,LIMA
PE-CONSUCODE-200242,GOBIERNO REGIONAL DE LA LIBERTAD - INST.REG.DE ENFERMEDADES NEOPLASICAS LUIS PINILLOS GANOZA,CARRETERA PANAMERICANA NORTE KM. 558,044253161,LA LIBERTAD
PE-CONSUCODE-688,MUNICIPALIDAD PROVINCIAL DE JAEN,SAN MARTIN Nº 1371 - JAEN,,CAJAMARCA
PE-CONSUCODE-10357,MINAG - PROYECTO ESPECIAL ALTO HUALLAGA,PASAJE LOS ROSALES 101 CASTILLO GRANDE - TINGO MARIA,,HUANUCO
PE-CONSUCODE-1347,MUNICIPALIDAD DISTRITAL DE SURQUILLO,JIRON IRRIBARREN Nº 155 (ANTES SAN MIGUEL Nº155),,LIMA
PE-CONSUCODE-200062,GOBIERNO REGIONAL DE ICA-HOSPITAL REGIONAL DE ICA,PROLONGACION AYABACA SN CAMINO HUACAHINA,056580390,ICA
PE-CONSUCODE-921,MUNICIPALIDAD DISTRITAL DE TINTAY PUNCU,PLAZA PRINCIPAL Nº6 2DO PISO,,HUANCAVELICA
PE-CONSUCODE-571,MUNICIPALIDAD DISTRITAL DE SANTA LUCIA - LUCANAS,PLAZA DE ARMAS No 2,,AYACUCHO
PE-CONSUCODE-1899,UNIVERSIDAD NACIONAL DEL CENTRO DEL PERU,AV. MARISCAL CASTILLA Nº 3909-4089 CIUDAD UNIVERSITARIA,,JUNIN
PE-CONSUCODE-200441,GOBIERNO REGIONAL DE LAMBAYEQUE - HOSPITAL REGIONAL LAMBAYEQUE,AV. PANAM NORTE Y VIA DE EVIT NRO. S/N LAMBAYEQUE - CHICLAYO - CHICLAYO,,LAMBAYEQUE
PE-CONSUCODE-10535,GOBIERNO REGIONAL DE MADRE DE DIOS-AGRICULTURA,AV. FITZCARRALD N° 265 - PUERTO MALDONADO,,MADRE DE DIOS
PE-CONSUCODE-10361,MINAG - PROYECTO ESPECIAL SIERRA CENTRO SUR,URB.  MARISCAL  CACERES MZ R LOTE 18 - AYACUCHO,066 312981 A105,AYACUCHO
PE-CONSUCODE-10474,GOBIERNO REGIONAL DE ICA- SALUD CHINCHA - PISCO,CALLE LA FLORIDA S/N (ESQUINA CON ALVA MAURTUA),,ICA
PE-CONSUCODE-462,MUNICIPALIDAD DISTRITAL DE ACHOMA,PLAZA DE ARMAS,0,AREQUIPA
PE-CONSUCODE-10208,HOSPITAL CAYETANO HEREDIA,AV. HONORIO DELGADO NO 262 URBANIZACION INGENIERIA,4820404,LIMA
PE-CONSUCODE-200269,GOBIERNO REGIONAL DEL CUSCO - RED DE SERVICIOS DE SALUD CUSCO SUR,AV. MANCO CAPAC S/N SAN JERONIMO - CUSCO,,CUSCO
PE-CONSUCODE-200393,UNIVERSIDAD NACIONAL DE JULIACA,AV. NUEVA ZELANDIA NRO. 631 PUNO - SAN ROMAN - JULIACA,051323200,PUNO
PE-CONSUCODE-203946,REGION POLICIAL AYACUCHO - ICA,AV. 26 DE ENERO S/N,980122437,AYACUCHO
PE-CONSUCODE-10590,GOBIERNO REGIONAL DE SAN MARTIN-TRANSPORTES,AV. CIRCUNVALACION 624 TARAPOTO,,SAN MARTIN
PE-CONSUCODE-684,MUNICIPALIDAD DISTRITAL DE CHALAMARCA,JR.JULIO VASQUEZ S/N 2DO PISO INT.6,,CAJAMARCA
PE-CONSUCODE-1838,MUNICIPALIDAD DISTRITAL DE PALCA - TACNA,CARRETERA TACNA LA PAZ KM 52 DISTRITO PALCA,052413385,TACNA
PE-CONSUCODE-1911,UNIVERSIDAD NACIONAL SAN LUIS GONZAGA DE ICA,PROLONGACION AYABACA Nº C-9 URBANIZACION SAN JOSE,,ICA
PE-CONSUCODE-2005,SERVICIO DE ADMINISTRACION TRIBUTARIA DE LIMA,JR CAMANÁ Nº 370 CERCADO DE LIMA,3152430,LIMA
PE-CONSUCODE-461,MUNICIPALIDAD PROVINCIAL DE CAYLLOMA - CHIVAY,PLAZA DE ARMAS NO 104,0,AREQUIPA
PE-CONSUCODE-204386,GOBIERNO REGIONAL DE CAJAMARCA - UNIDAD EJECUTORA SALUD CAJAMARCA,MARIO URTEAGA,076506871,CAJAMARCA
PE-CONSUCODE-298,MUNICIPALIDAD DISTRITAL DE YAUYA,PLAZA DE ARMAS S/N,,ANCASH
PE-CONSUCODE-1678,MUNICIPALIDAD PROVINCIAL DE CARABAYA - MACUSANI,PLAZA 28 DE JULIO 401 MACUSANI CARABAYA PUNO,990434342,PUNO
PE-CONSUCODE-200560,SUPERINTENDENCIA NACIONAL DE MIGRACIONES,AV. ESPAÑA NRO. 734 LIMA - LIMA - BREÑA,2001010,LIMA
PE-CONSUCODE-200125,GOBIERNO REGIONAL DE CUSCO - RED DE SERVICIOS  DE SALUD LA CONVENCION,AV. GENERAL GAMARRA S/N,,CUSCO
PE-CONSUCODE-200372,GOBIERNO REGIONAL DE MOQUEGUA - HOSPITAL REGIONAL DE MOQUEGUA,AV. BOLIVAR S/N URB. EL HUAYCO MOQUEGUA,,MOQUEGUA
PE-CONSUCODE-1921,ORGANISMO SUPERVISOR DE LA INVERSION EN ENERGIA Y MINERIA,CALLE BERNARDO MONTEAGUDO 222,,LIMA
PE-CONSUCODE-200262,GOBIERNO REGIONAL DE PIURA-HOSPITAL DE APOYO I SANTA ROSA PIURA,AV. GRAU CHULUCANAS NO. S/N A H SAN MARTIN PIURA,073 - 361509,PIURA
PE-CONSUCODE-200345,UNIDAD EJECUTORA MC-CUSCO,CALLE MARURY 340,222767,CUSCO
PE-CONSUCODE-1313,MUNICIPALIDAD DISTRITAL DE CHACLACAYO,AV.NICOLAS AYLLON Nº856 - CHACLACAYO,,LIMA
PE-CONSUCODE-844,MUNICIPALIDAD DISTRITAL DE HUARO,CALLE BOLIVAR No 642,,CUSCO
PE-CONSUCODE-1348,MUNICIPALIDAD DISTRITAL DE VILLA EL SALVADOR,AV. REVOLUCION S/N,,LIMA
PE-CONSUCODE-129,MUNICIPALIDAD PROVINCIAL DE RODRIGUEZ DE MENDOZA - SAN NICOLAS,JR.MATIAZA RIMACHI NO 510,041-476020,AMAZONAS
PE-CONSUCODE-837,MUNICIPALIDAD DISTRITAL DE HUANCARANI,PLAZA DE ARMAS S/N HUANCARANI,,CUSCO
PE-CONSUCODE-200202,GOBIERNO REGIONAL DE HUANUCO - RED DE SALUD HUANUCO,JR. JAZMINES  NRO. 718 - PAUCARBAMBILLA,,HUANUCO
PE-CONSUCODE-2385,SERVICIO DE AGUA POTABLE Y ALCANTARILLADO DE CAJAMARCA S.A.,JR CRUZ DE PIEDRA NRO. 150,076-367712,CAJAMARCA
PE-CONSUCODE-341,MUNICIPALIDAD DISTRITAL DE TURPO,PLAZA DE ARMAS,,APURIMAC
PE-CONSUCODE-48,GOBIERNO REGIONAL DE PIURA SEDE CENTRAL,AV. FORTUNATO CHIRICHIGNO S/N URB.SAN EDUARDO EL CHIPE,284600,PIURA
PE-CONSUCODE-200124,GOBIERNO REGIONAL DE CAJAMARCA - UNIDAD DE GESTION EDUCATIVA SAN IGNACIO,AV CHILILIQUE NO 330,076356158,CAJAMARCA
PE-CONSUCODE-1208,MUNICIPALIDAD DISTRITAL DE UCHUMARCA,UNION NO 18,973417520,LA LIBERTAD
PE-CONSUCODE-817,MUNICIPALIDAD DISTRITAL DE OCCOBAMBA - LA CONVENCION,POBLADO DE KELCCAYBAMBA,,CUSCO
PE-CONSUCODE-10504,GOBIERNO REGIONAL DE LA LIBERTAD - U.E. 403-SALUD TRUJILLO-SUR OESTE,BOLIVAR 350 TRUJILLO,,LA LIBERTAD
PE-CONSUCODE-201466,MINISTERIO PUBLICO - GERENCIA ADMINISTRATIVA DE AMAZONAS,JIRON ANGELA SABARBEIN C-2 CHACHAPOYAS CHACHAPOYAS AMAZONAS,041477091,AMAZONAS
PE-CONSUCODE-200086,GOBIERNO REGIONAL DE LIMA - HOSPITAL HUARAL Y SERVICIOS BASICOS DE SALUD,CALLE TACNA 120 URB. SAN JUAN II HUARAL,,LIMA
PE-CONSUCODE-10378,GOBIERNO REGIONAL DE AMAZONAS - DIRECCION REGIONAL DE SALUD AMAZONAS,JR. TRIUNFO S/N CDRA 3 CHACHAPOYAS,041477044,AMAZONAS
PE-CONSUCODE-1488,MUNICIPALIDAD DISTRITAL DE PUNCHANA,CALLE INDEPENDENCIA Nº 1505 VILLA PUNCHANA MAYNAS LORETO,,LORETO
PE-CONSUCODE-200135,GOBIERNO REGIONAL DE ICA - U.E. 404 HOSPITAL SAN JUAN DE DIOS PISCO,CALLE SN JUAN DE DIOS Nº 350 - PISCO,,ICA
PE-CONSUCODE-1729,MUNICIPALIDAD DISTRITAL DE YANAHUAYA,FRANCISCO BOLOGNESI S/N,,PUNO
PE-CONSUCODE-204006,CORTE SUPERIOR DE JUSTICIA DE UCAYALI,UCAYALI,061586240,UCAYALI
PE-CONSUCODE-1115,MUNICIPALIDAD DISTRITAL DE PICHANAKI,JR.1O DE MAYO 717,948800145,JUNIN
PE-CONSUCODE-1649,MUNICIPALIDAD DISTRITAL DE ACORA,AV.PANAMERICANA S/N,,PUNO
PE-CONSUCODE-429,MUNICIPALIDAD DISTRITAL DE MARIANO NICOLAS VALCARCEL,PLAZA DE ARMAS S/N,0,AREQUIPA
PE-CONSUCODE-1890,UNIVERSIDAD NACIONAL DE HUANCAVELICA,JR: VICTORIA GARMA 275 E HIPOLITO UNANUE 280,067451551,HUANCAVELICA
PE-CONSUCODE-200078,GOBIERNO REGIONAL DE SAN MARTÍN - DIRECCION SUB REGIONAL DE SALUD HUALLAGA C.,JR. ARICA 205 JUANJUI,,SAN MARTIN
PE-CONSUCODE-886,MUNICIPALIDAD DISTRITAL DE CCOCHACCASA,PLAZA PRINCIPAL S/N,,HUANCAVELICA
PE-CONSUCODE-174,MUNICIPALIDAD PROVINCIAL DE BOLOGNESI - CHIQUIAN,DOS DE MAYO NO 901,0,ANCASH
PE-CONSUCODE-10368,GOBIERNO REGIONAL DE SAN MARTIN - PROYECTO ESPECIAL ALTO MAYO,CALLE MARGINAL NO 233 CON JR 20 DE ABRIL NO 2368,042-563157,SAN MARTIN
PE-CONSUCODE-820,MUNICIPALIDAD DISTRITAL DE QUELLOUNO,AV.ABANCAY,,CUSCO
PE-CONSUCODE-370,MUNICIPALIDAD DISTRITAL DE COTABAMBAS,CALLE VIGIL SN COTABAMBAS,11111,APURIMAC
PE-CONSUCODE-2386,"SERVICIO DE AGUA POTABLE Y ALCANTARILLADO DE CHIMBOTE, CASMA Y HUARMEY",JR. LA CALETA N° 146  176,043-341819,ANCASH
PE-CONSUCODE-200340,"SUPERINTENDENCIA DE TRANSPORTE TERRESTRE DE PERSONAS, CARGA Y MERCANCIAS",Jr. Zorritos Nº 1203-Lima,,LIMA
PE-CONSUCODE-802,MUNICIPALIDAD DISTRITAL DE LLUSCO,PLAZA DE ARMAS,,CUSCO
PE-CONSUCODE-1611,MUNICIPALIDAD PROVINCIAL DE MORROPON - CHULUCANAS,JR CUZCO Nº 421 - CHULUCANAS,,PIURA
PE-CONSUCODE-1193,MUNICIPALIDAD DISTRITAL DE HUANCHACO,AV. LA RIBERA NO 725 - HUANCHACO,044-461260,LA LIBERTAD
PE-CONSUCODE-2541,EMPRESA DE SERVICIOS PUBLICOS DE ELECTRICIDAD PUNO  S.A.A.,JR. MARIANO H. CORNEJO Nº 160,352552,PUNO
PE-CONSUCODE-10617,GOBIERNO REGIONAL DE UCAYALI - DIRECCION REGIONAL DE SALUD UCAYALI,AV. AGUSTIN CAUPER NRO. 225 URB. CALLERIA UCAYALI - CORONEL PORTILLO - CALLARIA,,UCAYALI
PE-CONSUCODE-200497,CORTE SUPERIOR DE JUSTICIA DE PUNO,JR. PUNO NRO. 459 CERCADO PUNO - PUNO - PUNO,1111111,PUNO
PE-CONSUCODE-200430,GOBIERNO REGIONAL DE SAN MARTIN - UNIDAD EJECUTORA HOSPITAL II-2 TARAPOTO,JR. ANGEL DELGADO MOREY S/N SAN MARTIN - SAN MARTIN - TARAPOTO,,SAN MARTIN
PE-CONSUCODE-319,MUNICIPALIDAD DISTRITAL DE CURAHUASI,AV.SANTA CATALINA NO 306,083792180,APURIMAC
PE-CONSUCODE-8,CONTRALORIA GENERAL DE LA REPUBLICA,JIRON CAMILO CARRILLO Nº 114 - LIMA,3303000,LIMA
PE-CONSUCODE-10323,PROGRAMA DE DESARROLLO DE SANIDAD AGROPECUARIA,AV. LA MOLINA Nº 1915 LA MOLINA LIMA,,LIMA
PE-CONSUCODE-252,MUNICIPALIDAD DISTRITAL DE PALLASCA,PLAZA DE ARMAS 2DO PISO,0,ANCASH
PE-CONSUCODE-200332,GOBIERNO REGIONAL DE CUSCO - UNIDAD EJECUTORA 406 : RED DE SERVICIOS DE SALUD KIMBIRI-PICHARI,JR. INTIRAYMI S/N - KIMBIRI,,CUSCO
PE-CONSUCODE-1082,MUNICIPALIDAD DISTRITAL DE HUAYUCACHI,CALLE RAEL SN PLAZA PRINCIPAL HUAYUCACHI,064312446,JUNIN
PE-CONSUCODE-10146,III DIRECCION TERRITORIAL DE POLICIA - TRUJILLO,JR. BOLOGNESI N° 428,044-292361,LA LIBERTAD
PE-CONSUCODE-700,MUNICIPALIDAD PROVINCIAL DE SAN IGNACIO,AV.SAN IGNACION Nº101,,CAJAMARCA
PE-CONSUCODE-760,MUNICIPALIDAD DISTRITAL DE MOSOCLLACTA,PLAZA DE ARMAS - MOSOCLLACTA,,CUSCO
PE-CONSUCODE-200118,UNIVERSIDAD NACIONAL INTERCULTURAL DE LA AMAZONIA,CARRETERA SAN JOSE - YARINACOCHA CORONEL PORTILLO UCAYALI,061-596438,UCAYALI
PE-CONSUCODE-1324,MUNICIPALIDAD DISTRITAL DE LURIGANCHO (CHOSICA),JR.TRUJILLO SUR Nº496,,LIMA
PE-CONSUCODE-202145,"UNIDAD EJECUTORA 001631: ""GESTIÓN DE PROYECTOS SECTORIALES""",GENERAL FELIPE SALAVERRY,2098600,LIMA
PE-CONSUCODE-12632,DIRECCION EJECUTIVA DE EDUCACION Y DOCTRINA PNP,AV. GUARDIA CIVIL SUR 8 S/N,924737079,LIMA
PE-CONSUCODE-203747,DIRECCION DE REDES INTEGRADAS DE SALUD LIMA ESTE,CESAR VALLEJO  S/N CUADRA 13,3621354,LIMA
PE-CONSUCODE-334,MUNICIPALIDAD DISTRITAL DE PAMPACHIRI,PLAZA DE ARMAS,,APURIMAC
PE-CONSUCODE-818,MUNICIPALIDAD DISTRITAL DE SANTA TERESA,URB. PAMPA CHALET,,CUSCO
PE-CONSUCODE-200288,GOBIERNO REGIONAL DE AREQUIPA - INSTITUTO REGIONAL DE ENFERMEDADES NEOPLASICAS DEL SUR,Av. de la Salud S/N - AREQUIPA,,AREQUIPA
PE-CONSUCODE-1342,MUNICIPALIDAD DISTRITAL DE SAN MIGUEL,AV. BERTOLOTTO Nº 856 - SAN MIGUEL,,LIMA
PE-CONSUCODE-20002,GOBIERNO REGIONAL DE AYACUCHO - HOSPITAL HUAMANGA,AV. INDEPENDENCIA 355 AYACUCHO,,AYACUCHO
PE-CONSUCODE-1302,MUNICIPALIDAD DISTRITAL DE OLMOS,CALLE SANTO DOMINGO Nº886,959597006,LAMBAYEQUE
PE-CONSUCODE-1227,MUNICIPALIDAD PROVINCIAL DE PACASMAYO - SAN PEDRO DE LLOC,CALLE DOS DE MAYO N° 360,,LA LIBERTAD
PE-CONSUCODE-1480,MUNICIPALIDAD DISTRITAL DE ALTO NANAY,PABLO MELENDEZ INT.4,965989004,LORETO
PE-CONSUCODE-1598,MUNICIPALIDAD DISTRITAL DE PACAIPAMPA,CALLE CORREO S/N 2DO. PISO,969982725,PIURA
PE-CONSUCODE-1054,MUNICIPALIDAD DISTRITAL DE VISTA ALEGRE - NAZCA,ESQ.PISCO Y CAPAC YUPANQUI S/N,,ICA
PE-CONSUCODE-200404,GOBIERNO REGIONAL DE LIMA - RED DE SALUD DE HUAROCHIRI,AV. ALAMEDA GRAU NRO. 103 LIMA - HUAROCHIRI - RICARDO PALMA,,LIMA
PE-CONSUCODE-1634,MUNICIPALIDAD DISTRITAL DE QUERECOTILLO,PLAZA DE ARMAS NO 112,073511469,PIURA
PE-CONSUCODE-840,MUNICIPALIDAD DISTRITAL DE CAMANTI,CARRETERA PRINCIPAL 2DO PISO KM. 244,,CUSCO
PE-CONSUCODE-245,MUNICIPALIDAD PROVINCIAL DE PALLASCA - CABANA,PLAZA DE ARMAS NO 106 2DO PISO,0,ANCASH
PE-CONSUCODE-414,MUNICIPALIDAD DISTRITAL DE SANTA ISABEL DE SIGUAS,SANDOR PLAZA PRINCIPAL S/N,,AREQUIPA
PE-CONSUCODE-782,MUNICIPALIDAD DISTRITAL DE SAN ANDRES LA CHECCA,PLAZA DE ARMAS S/N,,CUSCO
PE-CONSUCODE-203688,GOBIERNO REGIONAL DEL CUSCO UNIDAD EJECUTORA 411: SALUD CHUMBIVILCAS,VELASCO ASTETE SIN NRO,959360324,CUSCO
PE-CONSUCODE-528,MUNICIPALIDAD DISTRITAL DE CANARIA,PLAZA PRINCIPAL DE CANARIA,,AYACUCHO
PE-CONSUCODE-1039,MUNICIPALIDAD PROVINCIAL DE CHINCHA - CHINCHA ALTA,PLAZA DE ARMAS NO 100,056267627,ICA
PE-CONSUCODE-373,MUNICIPALIDAD DISTRITAL DE MARA,PLAZA DE ARMAS SN,1111111,APURIMAC
PE-CONSUCODE-10489,GOBIERNO REGIONAL DE LA LIBERTAD - GERENCIA  REGIONAL  DE AGRICULTURA,PROLONTACION UNION Nº 2562,,LA LIBERTAD
PE-CONSUCODE-200557,GOBIERNO REGIONAL DE LA LIBERTAD - UNIDAD DE GESTION EDUCATIVA LOCAL 04 TRUJILLO SUR ESTE,AV. PERU NRO. 181 TRUJILLO LA LIBERTAD - TRUJILLO - TRUJILLO,291192,LA LIBERTAD
PE-CONSUCODE-94,MUNICIPALIDAD PROVINCIAL DE BONGARA - JUMBILLA,JR. GARCILAZO DE LA VEGA NO 355,945234340,AMAZONAS
PE-CONSUCODE-10444,GOBIERNO REGIONAL DE CAJAMARCA-HOSPITAL CAJAMARCA,AV. MARIO URTEAGA 500 CAJAMARCA,,CAJAMARCA
PE-CONSUCODE-1504,MUNICIPALIDAD DISTRITAL DE SAN PABLO - RAMON CASTILLA,CALLE BERNARD CON 19 DE OCTUBRE,966861860,LORETO
PE-CONSUCODE-1419,MUNICIPALIDAD DISTRITAL DE SAN ANTONIO - HUAROCHIRI,OVALO CENTRAL MZ. N-1 LOTE 16 ANEXO 8 CERRO CAMOTE - JICAMARCA,7174792,LIMA
PE-CONSUCODE-10503,GOBIERNO REGIONAL DE LA LIBERTAD - HOSPITAL REGIONAL DOCENTE DE TRUJILLO,AV. MANSICHE  TRUJILLO Nº 795,,LA LIBERTAD
PE-CONSUCODE-10154,JEFATURA DE LA XI RPNP-AREQUIPA,AV. EMMEL N° 106,054-605900,AREQUIPA
PE-CONSUCODE-666,MUNICIPALIDAD PROVINCIAL DE CHOTA,JR.ANAXIMANDRO VEGA N¦49,,CAJAMARCA
PE-CONSUCODE-10001,AGENCIA DE PROMOCION DE LA INVERSION PRIVADA - PROINVERSION,AV. PASEO DE LA REPUBLICA 3361 SAN ISIDRO,6121200,LIMA
PE-CONSUCODE-10015,PROGRAMA SUBSECTORIAL DE IRRIGACIONES - PSI,AV. REPÚBLICA DE CHILE NRO 485,4244488 - 142,LIMA
PE-CONSUCODE-200642,SUPERINTENDENCIA NACIONAL DE FISCALIZACION LABORAL,SALAVERRY NRO 655,6306000,LIMA
PE-CONSUCODE-200683,IAFAS DEL EJERCITO DEL PERU (FOSPEME),FAUSTINO SANCHEZ CARRION SN  EX AV PERSHING,46000552,LIMA
PE-CONSUCODE-200864,GOBIERNO REGIONAL DE TACNA - UNIDAD DE GESTION EDUCATIVA LOCAL DE TACNA,CALLE ATAHUALPA 205,052412088,TACNA
PE-CONSUCODE-201144,UNIDAD EJECUTORA 120 PROGRAMA NACIONAL DE DOTACION DE MATERIALES EDUCATIVOS,CALLE DEL COMERCIO 193 LIMA LIMA SAN BORJA,6155800,LIMA
PE-CONSUCODE-10042,GOBIERNO REGIONAL DE CUSCO-INSTITUTO DE MANEJO DE AGUA Y MEDIO AMBIENTE( IMA),AV. PEDRO VILCAPAZA  B-12 332 CUSCO,,CUSCO
PE-CONSUCODE-10049,GOBIERNO REGIONAL DE PUNO - PROGRAMA DE APOYO AL DESARROLLO RURAL ANDINO - PRADERA I,JR. ZORRITOS Nº 195 (PARQUE INDUSTRIAL TAPARACHI) JULIACA,,PUNO
PE-CONSUCODE-10047,GOBIERNO REGIONAL DE LAMBAYEQUE - HOSPITAL REGIONAL DOCENTE LAS MERCEDES - CHICLAYO,AV. LUIS  GONZALES 635 CHICLAYO,,LAMBAYEQUE
PE-CONSUCODE-10150,JEFATURA DE LA VII RPNP-LIMA,AV. ESPAÑA N° 450 - CERCADO,431-1668,LIMA
PE-CONSUCODE-10170,UNIDAD DE GESTION EDUCATIVA LOCAL UGEL 05 - SAN JUAN DE LURIGANCHO,AV. PERU S/N - CAJA DE AGUA - SAN JUAN DE LURIGANCHO,,LIMA
PE-CONSUCODE-10172,UNIDAD DE GESTION EDUCATIVA LOCAL UGEL 07 - SAN BORJA,AV. ALVAREZ CALDERON (TORRES DE LIMATAMBO) 492 LIMA,,LIMA
PE-CONSUCODE-10204,HOSPITAL NACIONAL HIPOLITO UNANUE,AV CESAR VALLEJO 1390,3627777,LIMA
PE-CONSUCODE-10207,HOSPITAL NACIONAL SERGIO E. BERNALES,AV. TUPAC AMARU  KM 14  1/2  COMAS,5580186,LIMA
PE-CONSUCODE-10215,HOSPITAL NACIONAL DOS DE MAYO,PARQUE HISTORIA DE LA MEDICINA PERUANA S/N  (ALTURA CDRA. 13 AV. GRAU) CERCADO DE LIMA,3284444,LIMA
PE-CONSUCODE-1026,MUNICIPALIDAD DISTRITAL DE LA TINGUIÑA,AV. ELPARQUE Nº 627,,ICA
PE-CONSUCODE-10263,INPE-DIRECCION REGIONAL NORTE CHICLAYO,JR. MANCO CÁPAC CHICLAYO,,LAMBAYEQUE
PE-CONSUCODE-10268,INPE-OFICINA GENERAL DE INFRAESTRUCTURA,ANDRÉS CÁCERES Nº 380 Y ADOLFO DE LA JARA Nº 234 URB. SAN ANTONIO MIRAFLORES,,LIMA
PE-CONSUCODE-10354,MINAG - PROYECTO ESPECIAL JEQUETEPEQUE - ZAÑA,CAMPAMENTO GALLITO CIEGO KM. 33.5 CARRETERA CIUDAD DE DIOS A CAJAMARCA,,CAJAMARCA
PE-CONSUCODE-10398,GOBIERNO REGIONAL DE ANCASH-SALUD UTES CARAZ,AV. 28 DE JULIO 214,,ANCASH
PE-CONSUCODE-10404,GOBIERNO REGIONAL DE APURIMAC-AGRICULTURA APURIMAC,JR. HUANCAVELICA Nº 723 ABANCAY,,APURIMAC
PE-CONSUCODE-10419,GOBIERNO REGIONAL DE AREQUIPA - GERENCIA REGIONAL DE TRANSPORTES Y COMUNICACIONES,AV. GUARDIA CIVIL 702 - PAUCARPATA,,AREQUIPA
PE-CONSUCODE-10420,GOBIERNO REGIONAL DE AREQUIPA - DIRECCIÓN REGIONAL DE EDUCACION,RONDA RECOLETA S/N,054-270975,AREQUIPA
PE-CONSUCODE-10424,GOBIERNO REGIONAL DE AREQUIPA-HOSPITAL REGIONAL HONORIO DELGADO,AV. ALCIDES CARRION NRO. 505 AREQUIPA - AREQUIPA - AREQUIPA,,AREQUIPA
PE-CONSUCODE-1044,MUNICIPALIDAD DISTRITAL DE GROCIO PRADO,PLAZA DE ARMAS 101,,ICA
PE-CONSUCODE-10448,GOBIERNO REGIONAL DE CUSCO-AGRICULTURA,AV. MICAELA BASTIDAS 310-314,581300,CUSCO
PE-CONSUCODE-10450,GOBIERNO REGIONAL DE CUSCO - DIRECCION REGIONAL DE EDUCACION,PLAZOLETA SANTA CATALINA Nº 235 CUSCO,,CUSCO
PE-CONSUCODE-10451,GOBIERNO REGIONAL DE CUSCO-SALUD,AV. DE LA CULTURA S/N  CUSCO,,CUSCO
PE-CONSUCODE-10457,GOBIERNO REGIONAL DE HUANCAVELICA-HOSPITAL DEPARTAMENTAL DE HUANCAVELICA,AV. ANDRES AVELINO CÁCERES S/N,,HUANCAVELICA
PE-CONSUCODE-10460,GOBIERNO REGIONAL DE HUANUCO-AGRICULTURA,CALLE CALICANTO N° 145,062-512360,HUANUCO
PE-CONSUCODE-10462,GOBIERNO REGIONAL DE HUANUCO-EDUCACION,JR. PROGRESO 462 HUANUCO,,HUANUCO
PE-CONSUCODE-10466,GOBIERNO REGIONAL DE HUANUCO-HOSPITAL DE HUANUCO HERMILIO VALDIZAN,JR. HERMILIO VALDIZÁN 950,,HUANUCO
PE-CONSUCODE-10469,GOBIERNO REGIONAL DE ICA-TRANSPORTES,SAN MIGUEL ICA,,ICA
PE-CONSUCODE-10470,GOBIERNO REGIONAL DE ICA-EDUCACION,AV. GRAU 166 ICA,,ICA
PE-CONSUCODE-10482,GOBIERNO REGIONAL DE JUNIN - HOSPITAL EL CARMEN,JR. PUNO 911 HUANCAYO,,JUNIN
PE-CONSUCODE-10486,GOBIERNO REGIONAL DE JUNIN-SALUD AIS. UTES. SATIPO,JR. MANUEL PRADO 361-363,,JUNIN
PE-CONSUCODE-1050,MUNICIPALIDAD PROVINCIAL DE NAZCA,CALLAO No 865,,ICA
PE-CONSUCODE-10508,GOBIERNO REGIONAL DE LA LIBERTAD - SALUD UTES SANTIAGO DE CHUCO,MARISCAL  CACERES 1145 - SANTIAGO DE CHUCO,,LA LIBERTAD
PE-CONSUCODE-10517,GOBIERNO REGIONAL DE LAMBAYEQUE-TRANSPORTES,CARRETERA PIMENTEL 5.5 CHICLAYO CHICLAYO LAMBAYEQUE,074-208301,LAMBAYEQUE
PE-CONSUCODE-10526,GOBIERNO REGIONAL DE LORETO-TRANSPORTES,AV. ABELARDO QUIÑONES - SAN JUAN IQUITOS,,LORETO
PE-CONSUCODE-1053,MUNICIPALIDAD DISTRITAL DE MARCONA,AV. ANDRES AVELINO CACERES S/N,056-525014,ICA
PE-CONSUCODE-10538,GOBIERNO REGIONAL DE MADRE DE DIOS - DIRECCION REGIONAL DE SALUD MADRE DE DIOS,JR. ERNESTO RIVERO Nº 475,,MADRE DE DIOS
PE-CONSUCODE-10545,GOBIERNO REGIONAL DE PASCO - DIRECCION REGIONAL AGRARIA,JR. COLUMMA PASCO - EDIFICIO ESTATAL Nº 2 - SAN JUAN   YANACANCHA,,PASCO
PE-CONSUCODE-10568,GOBIERNO REGIONAL DE PUNO-TRANSPORTES,JR. LIMA 944 PUNO,,PUNO
PE-CONSUCODE-10581,GOBIERNO REGIONAL DE PUNO-SALUD COLLAO,JR. ATAHUALPA Nº 825,,PUNO
PE-CONSUCODE-10584,GOBIERNO REGIONAL DE PUNO-SALUD MACUSANI,JR. GRAU 509 MACUSANI,,PUNO
PE-CONSUCODE-10588,GOBIERNO REGIONAL DE SAN MARTIN - DIRECCION REGIONAL DE LA PRODUCCION DE SAN MARTIN,JR. PATRON SANTIAGO NRO. 119 SAN MARTIN - MOYOBAMBA - MOYOBAMBA,042562036,SAN MARTIN
PE-CONSUCODE-1063,MUNICIPALIDAD DISTRITAL DE INDEPENDENCIA - PISCO,AV. FEDERICO URANGA NO 417,,ICA
PE-CONSUCODE-1065,MUNICIPALIDAD DISTRITAL DE SAN ANDRES,AV. SAN MARTIN No 550,,ICA
PE-CONSUCODE-1077,MUNICIPALIDAD DISTRITAL DE EL TAMBO,AV.MARISCAL CASTILLA NO 1920,064-246492,JUNIN
PE-CONSUCODE-1080,MUNICIPALIDAD DISTRITAL DE HUANCAN,PLAZA PRINCIPAL S/N - HUANCAN,064432130,JUNIN
PE-CONSUCODE-1151,MUNICIPALIDAD PROVINCIAL DE JUNIN,JR.AYACUCHO NO 125,064344224,JUNIN
PE-CONSUCODE-1164,MUNICIPALIDAD DISTRITAL DE ACOBAMBA - TARMA,JR.CALLAO 551 - ACOBAMBA,983919883,JUNIN
PE-CONSUCODE-1176,MUNICIPALIDAD DISTRITAL DE MOROCOCHA,PLAZA PRINCIPAL SN NUEVA CIUDAD CARHUACOTO,2114183,JUNIN
PE-CONSUCODE-1180,MUNICIPALIDAD DISTRITAL DE SUITUCANCHA,PLAZA PRINCIPAL,996612121,JUNIN
PE-CONSUCODE-1185,MUNICIPALIDAD DISTRITAL DE HUACHAC,JR.FELIPE VILCHEZ NO323. 2DO PISO,064799087,JUNIN
PE-CONSUCODE-1192,MUNICIPALIDAD DISTRITAL DE EL PORVENIR - TRUJILLO,AVENIDA SANCHEZ CARRION 500 EL PORVENIR TRUJILLO LA LIBERTAD,044-400503,LA LIBERTAD
PE-CONSUCODE-1194,MUNICIPALIDAD DISTRITAL DE LA ESPERANZA - TRUJILLO,JR. CARLOS MARIA DE ALVEAR Nº 999,044-272478,LA LIBERTAD
PE-CONSUCODE-1196,MUNICIPALIDAD DISTRITAL DE MOCHE,JR.BOLOGNESI No 359,,LA LIBERTAD
PE-CONSUCODE-1215,MUNICIPALIDAD DISTRITAL DE SARIN,AV ABELARDO GAMARRA RONDO SN SARIN,949859146,LA LIBERTAD
PE-CONSUCODE-1219,MUNICIPALIDAD DISTRITAL DE CHARAT,LIMA NO 140,44509203,LA LIBERTAD
PE-CONSUCODE-1239,MUNICIPALIDAD DISTRITAL DE PARCOY,JR SAN MARTIN NO 859 PARCOY,940181422,LA LIBERTAD
PE-CONSUCODE-1243,MUNICIPALIDAD DISTRITAL DE URPAY,JR.PROGRESO S/N,976156593,LA LIBERTAD
PE-CONSUCODE-1245,MUNICIPALIDAD PROVINCIAL DE SANTIAGO DE CHUCO,PACO YUNQUE No 735 2DO PISO,,LA LIBERTAD
PE-CONSUCODE-1247,MUNICIPALIDAD DISTRITAL DE CACHICADAN,ANTONIO RAYMONDI NO 162 PLAZA DE ARMAS,044-286018,LA LIBERTAD
PE-CONSUCODE-1250,MUNICIPALIDAD DISTRITAL DE QUIRUVILCA,JR. TRUJILLO No 165,,LA LIBERTAD
PE-CONSUCODE-1261,MUNICIPALIDAD DISTRITAL DE PACANGA,CALLE 28 DE JULIO 525 PACANGA CHEPEN LA LIBERTAD,044-572156,LA LIBERTAD
PE-CONSUCODE-1265,MUNICIPALIDAD DISTRITAL DE CARABAMBA,PLAZA DE ARMAS S/N 2DO PISO,044-347021,LA LIBERTAD
PE-CONSUCODE-1269,MUNICIPALIDAD DISTRITAL DE MARMOT,MENDELEVIO NO 414,044291158,LA LIBERTAD
PE-CONSUCODE-1271,MUNICIPALIDAD PROVINCIAL DE VIRU,INDEPENDENCI Nº510 - VIRU,,LA LIBERTAD
PE-CONSUCODE-1273,MUNICIPALIDAD DISTRITAL DE GUADALUPITO,CALLE TUPAC AMARU S/N,,LA LIBERTAD
PE-CONSUCODE-203086,HOSPITAL DE EMERGENCIAS VILLA EL SALVADOR,PASTOR SEVILLA CRUCE CON 200 MILLAS SN SECTOR 3 GRUPO 31,5007800,LIMA
PE-CONSUCODE-1305,MUNICIPALIDAD DISTRITAL DE SAN JOSE - LAMBAYEQUE,CALLE BOLOGNESI Nº 259 - SAN JOSÉ,074-612858,LAMBAYEQUE
PE-CONSUCODE-1314,MUNICIPALIDAD DISTRITAL DE CHORRILLOS,AV. DEFENSORES DEL MORRO Nº 550,,LIMA
PE-CONSUCODE-1327,MUNICIPALIDAD DISTRITAL DE PUEBLO LIBRE - LIMA,AV.GENERAL VIVANCO No 859,,LIMA
PE-CONSUCODE-1338,MUNICIPALIDAD DISTRITAL DE SAN JUAN DE LURIGANCHO,"JR. LOS AMAUTAS Nº180, URB. ZARATE",,LIMA
PE-CONSUCODE-1366,MUNICIPALIDAD DISTRITAL DE CERRO AZUL,JR. ALFONSO UGARTE NO 500,3603075,LIMA
PE-CONSUCODE-137,MUNICIPALIDAD DISTRITAL DE OMIA,AV VIRGEN DEL ROSARIO NO 245 OMIA,041476291,AMAZONAS
PE-CONSUCODE-203226,UNIDAD EJECUTORA 125 PROGRAMA NACIONAL DE INVERSIONES EN SALUD,JAVIER PRADO 2108,6118181,LIMA
PE-CONSUCODE-1391,MUNICIPALIDAD PROVINCIAL DE HUARAL,PLAZA DE ARMAS S/N - HUARAL,2463617,LIMA
PE-CONSUCODE-1399,MUNICIPALIDAD DISTRITAL DE SANTA CRUZ DE ANDAMARCA,PLAZA DE ARMAS S/N,2460016,LIMA
PE-CONSUCODE-14,MINISTERIO DE EDUCACION,AV. DE LA POESIA Nº 155,6155800,LIMA
PE-CONSUCODE-1435,MUNICIPALIDAD PROVINCIAL DE YAUYOS,PLAZA CONSTRUCION S/N,,LIMA
PE-CONSUCODE-1468,MUNICIPALIDAD PROVINCIAL DE BARRANCA,JR. ZAVALA Nº500,,LIMA
PE-CONSUCODE-1526,MUNICIPALIDAD PROVINCIAL DE TAMBOPATA,AV.LEON VELARDE Nº230,,MADRE DE DIOS
PE-CONSUCODE-1528,MUNICIPALIDAD DISTRITAL DE LAS PIEDRAS,CALLE QUINTIN GRANADOS,984106237,MADRE DE DIOS
PE-CONSUCODE-1537,MUNICIPALIDAD DISTRITAL DE CARUMAS,CALLE CARUMAS S/N,053-830018,MOQUEGUA
PE-CONSUCODE-1543,MUNICIPALIDAD DISTRITAL DE COALAQUE,AV. AREQUIPA KM.9,959967722,MOQUEGUA
PE-CONSUCODE-156,MUNICIPALIDAD DISTRITAL DE LA LIBERTAD,PLAZA DE ARMAS S/N,282713,ANCASH
PE-CONSUCODE-203426,PROGRAMA PARA EL MEJORAMIENTO Y AMPLIACION DE LOS SERVICIOS DEL CENTRO DE EMPLEO FORTALECE PERU,GENERAL FELIPE SANTIAGO SALAVERRY  NRO 655  PISO 10,6306000 - 6098,LIMA
PE-CONSUCODE-1567,MUNICIPALIDAD DISTRITAL DE VICCO,PLAZA DE ARMAS Nº110,,PASCO
PE-CONSUCODE-1586,MUNICIPALIDAD DISTRITAL DE CATACAOS,CALLE COMERCIO 540 CATACAOS PIURA PIURA,073370305,PIURA
PE-CONSUCODE-1587,MUNICIPALIDAD DISTRITAL DE CURA MORI,JR. SULLANA Nº500,941970609,PIURA
PE-CONSUCODE-1590,MUNICIPALIDAD DISTRITAL DE LA UNION - PIURA,JR. CHEPA SANTOS Nº 701 - LA UNION,,PIURA
PE-CONSUCODE-1592,MUNICIPALIDAD DISTRITAL DE TAMBOGRANDE,JR. CASTILLA Nº 449-TAMBOGRANDE-PIURA,969205590,PIURA
PE-CONSUCODE-1603,MUNICIPALIDAD PROVINCIAL DE HUANCABAMBA,GENERAL MEDINA Nº110,,PIURA
PE-CONSUCODE-161,MUNICIPALIDAD DISTRITAL DE TARICA,PLAZA DE ARMAS S/N,961085984,ANCASH
PE-CONSUCODE-1617,MUNICIPALIDAD DISTRITAL DE SANTA CATALINA DE MOSSA,AV. RAMON CASTILLA Nº371,,PIURA
PE-CONSUCODE-162,MUNICIPALIDAD DISTRITAL DE INDEPENDENCIA - HUARAZ,JR. PABLO PATRON NO 257,043427078,ANCASH
PE-CONSUCODE-1628,MUNICIPALIDAD PROVINCIAL DE SULLANA,JR. BOLIVAR Nº160,,PIURA
PE-CONSUCODE-1636,MUNICIPALIDAD PROVINCIAL DE TALARA - PARIÑAS,AV. FAUSTINO SANCHEZ CARRION S/N,,PIURA
PE-CONSUCODE-163,MUNICIPALIDAD PROVINCIAL DE AIJA,PLAZA DE ARMAS S/N,043445031,ANCASH
PE-CONSUCODE-1638,MUNICIPALIDAD DISTRITAL DE LA BREA NEGRITOS,AV. JOSE GALVEZ Nº204,,PIURA
PE-CONSUCODE-1670,MUNICIPALIDAD DISTRITAL DE MUÑANI,PLAZA DE ARMAS No 115,,PUNO
PE-CONSUCODE-1673,MUNICIPALIDAD DISTRITAL DE SAN ANTON,PLAZA DE ARMAS S/N,,PUNO
PE-CONSUCODE-203646,DIRECCION DE REDES INTEGRADAS DE SALUD LIMA CENTRO,CAJAMARQUILLA CDRA 10 SIN NRO,3764689,LIMA
PE-CONSUCODE-1683,MUNICIPALIDAD DISTRITAL DE CRUCERO,PLAZA LA LIBERTAD Nº 104 - CRUCERO,951302566,PUNO
PE-CONSUCODE-1692,MUNICIPALIDAD DISTRITAL DE POMATA,AV. LIMA NORTE NRO 245 - PLAZA DE ARMAS,951891828,PUNO
PE-CONSUCODE-1695,MUNICIPALIDAD PROVINCIAL DE HUANCANE,PLAZA DE ARMAS Nº106,,PUNO
PE-CONSUCODE-1697,MUNICIPALIDAD DISTRITAL DE INCHUPALLA,PLAZA DE ARMAS S/N 2DO PISO INT.6,,PUNO
PE-CONSUCODE-1704,MUNICIPALIDAD DISTRITAL DE CABANILLA,PLAZA DE ARMAS S/N - CABANILLA,,PUNO
PE-CONSUCODE-1713,MUNICIPALIDAD PROVINCIAL DE MELGAR - AYAVIRI,JR.TACNA NO 562 2DO PISO,051563169,PUNO
PE-CONSUCODE-1717,MUNICIPALIDAD DISTRITAL DE MACARI,PLAZA SAN MARTIN Nº115 - MACARI,051563255,PUNO
PE-CONSUCODE-203806,MUNICIPALIDAD DISTRITAL DE SAN MIGUEL,PZA.DE ARMAS NRO. SN (IGLESIA PUEBLO DE DIOS),951528105,PUNO
PE-CONSUCODE-1721,MUNICIPALIDAD DISTRITAL DE UMACHIRI,PLAZA DE ARMAS Nº107,,PUNO
PE-CONSUCODE-1730,MUNICIPALIDAD DISTRITAL DE ALTO INAMBARI,FRANCISCO BOLOGNESI S/N,,PUNO
PE-CONSUCODE-203866,UNIVERSIDAD NACIONAL CIRO ALEGRIA,MIGUEL GRAU,044-365463,LA LIBERTAD
PE-CONSUCODE-1744,MUNICIPALIDAD DISTRITAL DE QUILCAPUNCU,PLAZA DE ARMAS Nº3 2DO PISO INT.6,,PUNO
PE-CONSUCODE-1754,MUNICIPALIDAD DISTRITAL DE HUAYRAPATA,PLAZA DE ARMAS S/N,951038353,PUNO
PE-CONSUCODE-204027,CORTE SUPERIOR DE JUSTICIA DE LIMA SUR,JOSE CARLOS MARIATEGUI MZA A5,5194600,LIMA
PE-CONSUCODE-1822,MUNICIPALIDAD DISTRITAL DE TRES UNIDOS,JR. UCAYALI Nº103 MZ 1 LOTE 103,948800434,SAN MARTIN
PE-CONSUCODE-1833,MUNICIPALIDAD PROVINCIAL DE TACNA,CALLE INCLAN Nº 404,,TACNA
PE-CONSUCODE-1853,MUNICIPALIDAD PROVINCIAL DE CANDARAVE,CALLE TRIUNFO Nº 111 CANDARAVE,0,TACNA
PE-CONSUCODE-1870,MUNICIPALIDAD DISTRITAL DE PAPAYAL,AV. RAMON CASTILLA Nº203,991401346,TUMBES
PE-CONSUCODE-1874,MUNICIPALIDAD DISTRITAL DE YARINACOCHA,AV. YARINACOCHA Nº433,968058151,UCAYALI
PE-CONSUCODE-1876,MUNICIPALIDAD DISTRITAL DE NUEVA REQUENA,AV LESTER DIONICIO MALDONADO MZ A04 LT1 NUEVA REQUENA,948173866,UCAYALI
PE-CONSUCODE-188,MUNICIPALIDAD DISTRITAL DE HUALLANCA - BOLOGNESI,JR. AREQUIPA S/N,43837009,ANCASH
PE-CONSUCODE-1887,UNIVERSIDAD NACIONAL AGRARIA DE LA SELVA,AV. UNIVERSITARIA KM. 1.5 S/N,062561784,HUANUCO
PE-CONSUCODE-1894,UNIVERSIDAD NACIONAL DE TRUJILLO,JR. DIEGO DE ALMAGRO  Nº 344,,LA LIBERTAD
PE-CONSUCODE-1902,UNIVERSIDAD NACIONAL FEDERICO VILLARREAL,CALLE CARLOS GONZALES LIMA,,LIMA
PE-CONSUCODE-1906,UNIVERSIDAD NACIONAL MAYOR DE SAN MARCOS,CALLE GERMAN AMÉZAGA Nº 375 LIMA,6197000,LIMA
PE-CONSUCODE-1917,SUPERINTENDENCIA NACIONAL DE BIENES ESTATALES,CALLE SIETE - RINCONADA BAJA LIMA,,LIMA
PE-CONSUCODE-1918,SUPERINTENDENCIA NACIONAL DE LOS REGISTROS PUBLICOS,AV PRIMAVERA NRO 1878,2083100,LIMA
PE-CONSUCODE-1923,SUPERINTENDENCIA NACIONAL DE SERVICIOS DE SANEAMIENTO,AV. BERNARDO MONTEAGUDO 210-216 - MAGDALENA DEL MAR,,LIMA
PE-CONSUCODE-1928,ZONA REGISTRAL N° XI SEDE ICA,AV. MATIAS MANZANILLA Nº 512 - URB. SAN MIGUEL - ICA,,ICA
PE-CONSUCODE-1941,ARCHIVO GENERAL DE LA NACION,JR CAMANA 125 Y PASAJE PIURA SN LIMA,4267221,LIMA
PE-CONSUCODE-1945,ORGANISMO DE FORMALIZACION DE LA PROPIEDAD INFORMAL - COFOPRI,AV PASEO DE LA REPUBLICA 3135,3193838,LIMA
PE-CONSUCODE-195,MUNICIPALIDAD DISTRITAL DE PARIAHUANCA - CARHUAZ,PLAZA PRINCIPAL S/N,790214,ANCASH
PE-CONSUCODE-1959,INSTITUTO DEL MAR DEL PERU,ENTRE LA ESQ. GRAL. VALLE Y ESQ. GRAL. GAMARRA S/N,,CALLAO
PE-CONSUCODE-196,MUNICIPALIDAD DISTRITAL DE SAN MIGUEL DE ACO,PLAZA DE ARMAS S/N,943191900,ANCASH
PE-CONSUCODE-1970,INSTITUTO NACIONAL DE ESTADISTICA,AV. GRAL. GARZÓN LIMA,,LIMA
PE-CONSUCODE-1998,SUPERINTENDENCIA DEL MERCADO DE VALORES,AV. SANTA CRUZ 315 - MIRAFLORES,,LIMA
PE-CONSUCODE-200016,MINISTERIO DE COMERCIO EXTERIOR Y TURISMO,CALLE UNO OESTE Nº 050 - URB. CORPAC - SAN ISIDRO - LIMA,,LIMA
PE-CONSUCODE-200051,GOBIERNO REGIONAL DE CAJAMARCA-HOSPITAL GENERAL DE JAEN,PROLONGACIÓN HUAMANTANGA JAEN,,CAJAMARCA
PE-CONSUCODE-200055,GOBIERNO REGIONAL DE HUANCAVELICA - GERENCIA SUB REGIONAL DE TAYACAJA,"JR. PROGRESO S/N PAMPAS, PROVINCIA DE TAYACAJA - HUANCAVELICA",,HUANCAVELICA
PE-CONSUCODE-20005,GOBIERNO REGIONAL DE CALLAO SEDE CENTRAL,AV. ELMER FAUCETT 3970,,CALLAO
PE-CONSUCODE-200076,GOBIERNO REGIONAL DE SAN MARTÍN - OFICINA ZONAL HUALLAGA CENTRAL,JR. ARICA CDRA 1 S/N - JUANJUI,,SAN MARTIN
PE-CONSUCODE-200098,HOSPITAL JOSE AGURTO TELLO DE CHOSICA,JR. AREQUIPA N° 214-218 LURIGANCHO - CHOSICA,4183232,LIMA
PE-CONSUCODE-200115,GOBIERNO REGIONAL DE LIMA - DIRECCION REGIONAL DE EDUCACION DE LIMA PROVINCIAS,CALLE INDEPENDENCIA S/N  SANTA MARIA - HUAURA HUACHO,,LIMA
PE-CONSUCODE-200119,GOBIERNO REGIONAL DE CUSCO - HOSPITAL REGIONAL CUSCO,AV. LA CULTURA S/N,,CUSCO
PE-CONSUCODE-200155,"CENTRO DE EXPORTACIÓN, TRANSFORMACIÓN, INDUSTRIA, COMERCIO Y SERVICIOS DE PAITA",CARRETERA PAITA-SULLANA KM. 3,073511841,PIURA
PE-CONSUCODE-200176,GOBIERNO REGIONAL DE PASCO - UNIDAD DE GESTION EDUCATIVA DE OXAPAMPA,Vacio/Nulo,,PASCO
PE-CONSUCODE-200207,UNIDAD EJECUTORA 002 INICTEL-UNI,SAN LUIS,6261400,LIMA
PE-CONSUCODE-200231,DIRECCION GENERAL DE ELECTRIFICACION RURAL DEL MINISTERIO DE ENERGÍA Y MINAS,"AV. LAS ARTES SUR Nº 260, TERCER PISO -  SAN BORJA - LIMA",4757187,LIMA
PE-CONSUCODE-200244,UNIVERSIDAD NACIONAL DE MOQUEGUA,CALLE ANTIGUA DE SAMEGUA Nº A-8A MOQUEGUA,,MOQUEGUA
PE-CONSUCODE-200277,GOBIERNO REGIONAL DE LORETO - ORGANISMO PUBLICO INFRAESTRUCTURA PARA LA PRODUCTIVIDAD,CALLE MORONA 712 - IQUITOS,,LORETO
PE-CONSUCODE-200322,GOBIERNO REGIONAL DE UCAYALI - RED DE SALUD Nº 04 - AGUAYTIA- SAN ALEJANDRO,Jr. Lamas No. 280 Padre Abad Ucayali,,UCAYALI
PE-CONSUCODE-200387,GOBIERNO REGIONAL DE APURIMAC - UNIDAD EJECUTORA 004: PRO DESARROLLO APURIMAC,JR. CUSCO NRO. 213 INT. B APURIMAC - ABANCAY - ABANCAY,,APURIMAC
PE-CONSUCODE-200395,GOBIERNO REGIONAL DE LORETO - HOSPITAL DE APOYO SANTA GEMA DE YURIMAGUAS,CAL. PROGRESO NRO. 305 LORETO - ALTO AMAZONAS - YURIMAGUAS,,LORETO
PE-CONSUCODE-200408,GOBIERNO REGIONAL DE PIURA - INSTITUTOS SUPERIORES DE EDUCACION PUBLICA REGIONAL DE PIURA,MZA. A LOTE. 02 URB. LUIS NEGREIROS PIURA - TALARA - PARIÑAS,073-378539,PIURA
PE-CONSUCODE-200424,MINISTERIO PUBLICO - GERENCIA ADMINISTRATIVA DE LAMBAYEQUE,AV. MANUEL MARIA IZAGA NRO. 115 CENTRO LAMBAYEQUE - CHICLAYO - CHICLAYO,,LAMBAYEQUE
PE-CONSUCODE-200434,COLEGIO MAYOR SECUNDARIO PRESIDENTE DEL PERU,CARRETERA CENTRAL KM 24 S/N HUAMPANI ALTO LIMA - LIMA - CHACLACAYO,,LIMA
PE-CONSUCODE-200438,GOBIERNO REGIONAL DE PUNO- HOSPITAL REGIONAL MANUEL NUÑEZ BUTRON,AV. EL SOL Nº 1022 - PUNO,,PUNO
PE-CONSUCODE-200440,GOBIERNO REGIONAL DE PUNO - UNIDAD DE GESTION EDUCATIVA LOCAL PUNO,JR. CESAR AUGUSTO SANDINO Nº 225 - PUNO,355631,PUNO
PE-CONSUCODE-200461,UNIDAD EJECUTORA 003:PROGRAMA MODERNIZACION DEL SISTEMA DE ADMINISTRACION DE JUSTICIA,JR. SCIPION LLONA NRO. 350 LIMA - LIMA - MIRAFLORES,,LIMA
PE-CONSUCODE-200495,CORTE SUPERIOR DE JUSTICIA DEL SANTA,AV. VICTOR RAUL H DE LA TORRE NRO. 832 CENTRO COMERC. FINANCIERO ANCASH - SANTA - CHIMBOTE,,ANCASH
PE-CONSUCODE-200502,ESTACION EXPERIMENTAL AGRARIA VISTA FLORIDA - LAMBAYEQUE,CAR. A FERREÑAFE KM. 08 VISTA FLORIDA LAMBAYEQUE - CHICLAYO - PICSI,,LAMBAYEQUE
PE-CONSUCODE-200521,CORTE SUPERIOR DE JUSTICIA DE ANCASH,PALACIO JUDICIAL - PLAZA DE ARMAS S/N,,ANCASH
PE-CONSUCODE-200537,UNIDAD EJECUTORA 003 GESTION INTEGRAL DE LA CALIDAD AMBIENTAL,CAL. LOS NOGALES NRO. 236 LIMA - LIMA - SAN ISIDRO,6116000,LIMA
PE-CONSUCODE-204387,PROGRAMA NACIONAL DE TELECOMUNICACIONES,JR. ZORRITOS N° 1203,6157800,LIMA
PE-CONSUCODE-203,MUNICIPALIDAD DISTRITAL DE YAUTAN,PLAZA DE ARMAS,340216,ANCASH
PE-CONSUCODE-204428,GOBIERNO REGIONAL DE LORETO - RED DE SALUD LORETO - NAUTA,CALLE TARAPACÁ MZA. 26 LOTE 12,939485780,LORETO
PE-CONSUCODE-204429,PROGRAMA NACIONAL DE CENTROS JUVENILES,AV. CESAR VALLEJO N° 1184,992061881,LIMA
PE-CONSUCODE-207,MUNICIPALIDAD DISTRITAL DE CUSCA,PLAZA DE ARMAS S/N,,ANCASH
PE-CONSUCODE-212,MUNICIPALIDAD DISTRITAL DE ANRA,PLAZA DE ARMAS S/N,,ANCASH
PE-CONSUCODE-213,MUNICIPALIDAD DISTRITAL DE CAJAY,PLAZA DE ARMAS S/N,0,ANCASH
PE-CONSUCODE-204549,MEJORA DE LA CALIDAD DE SERVICIOS REGISTRALES - RENIEC,AV. CANAVAL Y MOREYRA NRO. 385,6804910,LIMA
PE-CONSUCODE-216,MUNICIPALIDAD DISTRITAL DE HUACCHIS,PLAZA DE ARMAS  S/N,790269,ANCASH
PE-CONSUCODE-204590,PERÚ SEGURO 2025,CAL.30 DE AGOSTO NRO. S/N,5180000,LIMA
PE-CONSUCODE-217,MUNICIPALIDAD DISTRITAL DE HUACHIS,JR. CONDOR CANQUI S/N,790270,ANCASH
PE-CONSUCODE-220,MUNICIPALIDAD DISTRITAL DE PAUCAS,PLAZA DE ARMAS S/N,0,ANCASH
PE-CONSUCODE-221,MUNICIPALIDAD DISTRITAL DE PONTO,PLAZA DE ARMAS S/N,,ANCASH
PE-CONSUCODE-233,MUNICIPALIDAD DISTRITAL DE PUEBLO LIBRE - HUAYLAS,PLAZA INDEPENDENCIA S/N,0,ANCASH
PE-CONSUCODE-2344,EMPRESA MUNICIPAL DE AGUA POTABLE Y ALCANTARILLADO DE CAÑETE S.A.,AV. MARISCAL BENAVIDES NRO 768,5812956,LIMA
PE-CONSUCODE-2348,EMPRESA MUNICIPAL DE AGUA POTABLE Y ALCANTARILLADO DE CORONEL PORTILLO S.A.,JULIO C. ARANA N° 433,061579259,UCAYALI
PE-CONSUCODE-204710,PROGRAMA MEJORAMIENTO DE LOS SERVICIOS DE JUSTICIA EN MATERIA PENAL EN EL PERÚ,CALLE TREINTA Y DOS NRO 325,6815353,LIMA
PE-CONSUCODE-2373,EMPRESA MUNICIPAL DE AGUA POTABLE Y ALCANTARILLADO DE ICA S.A.,CASTROVIRREYNA N° 487,056-222773,ICA
PE-CONSUCODE-2379,ENTIDAD PRESTADORA DE SERVICIO DE SANEAMIENTO DE LORETO S.A.,GUARDIA CIVIL N°1260,065-264343,LORETO
PE-CONSUCODE-2382,SERVICIO DE AGUA POTABLE Y ALCANTARILLADO DE LA LIBERTAD,AV.FEDERICO VILLARREAL NRO 1300 URB. SEMI-RUSTICA,044482348,LA LIBERTAD
PE-CONSUCODE-2387,SERVICIO DE AGUA POTABLE Y ALCANTARILLADO DE JULIACA,JR. MARIANO PANDIA N° 383,051-321933,PUNO
PE-CONSUCODE-2388,SERVICIO DE AGUA POTABLE Y ALCANTARILLADO MUNICIPAL DE HUANCAYO,JUNÍN N° 987,064-233631 -222,JUNIN
PE-CONSUCODE-2407,EMPRESA REGIONAL DE SERVICIOS PUBLICOS DE ELECTRICIDAD DEL SUR ESTE S.A.,MARISCAL SUCRE Nº 400 URB. BANCOPATA,953759805,CUSCO
PE-CONSUCODE-204770,MUNICIPALIDAD DISTRITAL DE MANITEA,AV. TAHUANTINSUYO S/N,966838200,CUSCO
PE-CONSUCODE-240,MUNICIPALIDAD DISTRITAL DE LUCMA - MARISCAL LUZURIAGA,PLAZA DE ARMAS S/N,,ANCASH
PE-CONSUCODE-24,MINISTERIO DE TRANSPORTES Y COMUNICACIONES,JR. ZORRITOS Nº 1203 CERCADO DE LIMA,6157800,LIMA
PE-CONSUCODE-2418,CORPORACION PERUANA DE AEROPUERTOS Y AVIACION COMERCIAL S.A.- CORPAC,Av. Elmer Faucett 3400 Areopuerto Internacional Jorge Chávez Prov. Const. Del Callao,,CALLAO
PE-CONSUCODE-2426,EMPRESA NACIONAL DE PUERTOS S.A.,AV MANCO CAPAC NRO 225,6517828,CALLAO
PE-CONSUCODE-2430,EMPRESA ACTIVOS MINEROS SAC,PROLONGACIÓN PEDRO MIOTA Nº 421- SAN JUAN DE MIRAFLORES - LIMA,6187700,LIMA
PE-CONSUCODE-2432,PERUPETRO S.A.,LUIS ALDANA N° 320,2061800,LIMA
PE-CONSUCODE-2438,BANCO DE MATERIALES EN LIQUIDACION,CUZCO Nº 177,4170400,LIMA
PE-CONSUCODE-201225,UNIDAD EJECUTORA 032: DIRECCION GENERAL DE INFRAESTRUCTURA,PLAZA 30 DE AGOSTO,4184030,LIMA
PE-CONSUCODE-2528,EMPRESA DE ADMINISTRACION DE INFRAESTRUCTURA ELECTRICA S.A.,AV. PROLONGACIÓN PEDRO MIOTA N° 421,,LIMA
PE-CONSUCODE-25,MINISTERIO DEL INTERIOR - PNP UE 001 OGA,Plaza 30 de Agosto - Urb. Corpac LIMA,4758930,LIMA
PE-CONSUCODE-253,MUNICIPALIDAD DISTRITAL DE PAMPAS - PALLASCA,PLAZA DE ARMAS 2DO PISO,340206,ANCASH
PE-CONSUCODE-256,MUNICIPALIDAD PROVINCIAL DE POMABAMBA,JR.HUARAZ S/N,0447510,ANCASH
PE-CONSUCODE-257,MUNICIPALIDAD DISTRITAL DE HUAYLLAN,PLAZA DE ARMAS S/N,790246,ANCASH
PE-CONSUCODE-264,MUNICIPALIDAD DISTRITAL DE LLACLLIN,PLAZA DE ARMAS,0,ANCASH
PE-CONSUCODE-273,MUNICIPALIDAD DISTRITAL DE MORO,DANIEL ALCIDES CARRION No 144,761009,ANCASH
PE-CONSUCODE-276,MUNICIPALIDAD DISTRITAL DE SANTA,JR. MARAÑON 227 - SANTA,043294321,ANCASH
PE-CONSUCODE-279,MUNICIPALIDAD PROVINCIAL DE SIHUAS,9 DE ENERO 230,741108,ANCASH
PE-CONSUCODE-286,MUNICIPALIDAD DISTRITAL DE RAGASH,PLAZA DE ARMAS S/N - RAGASH,,ANCASH
PE-CONSUCODE-288,MUNICIPALIDAD DISTRITAL DE SICSIBAMBA,PLAZA DE ARMAS S/N,,ANCASH
PE-CONSUCODE-300,MUNICIPALIDAD PROVINCIAL DE ASUNCION - CHACAS,JR. LIMA PLAZA DE ARMAS S/N 2DO PISO,300108,ANCASH
PE-CONSUCODE-307,MUNICIPALIDAD PROVINCIAL DE OCROS,JR. COMERCIO Nº 272 - PLAZA DE ARMAS,043776261,ANCASH
PE-CONSUCODE-311,MUNICIPALIDAD DISTRITAL DE COCHAS - OCROS,AV.COMERCIO PLAZA DE ARMAS S/N,0,ANCASH
PE-CONSUCODE-315,MUNICIPALIDAD DISTRITAL DE SAN PEDRO - OCROS,PLAZA DE ARMAS S/N,,ANCASH
PE-CONSUCODE-31,TRIBUNAL CONSTITUCIONAL,JR. ANCASH 390 LIMA,4275814,LIMA
PE-CONSUCODE-317,MUNICIPALIDAD PROVINCIAL DE ABANCAY,JR.LIMA 206,323778,APURIMAC
PE-CONSUCODE-201365,UNIVERSIDAD NACIONAL INTERCULTURAL DE QUILLABAMBA,EL ARENAL,084282728,CUSCO
PE-CONSUCODE-331,MUNICIPALIDAD DISTRITAL DE KISHUARA,AV. AREQUIPA Nº 208 - KISHUARA,983701831,APURIMAC
PE-CONSUCODE-201425,MUNICIPALIDAD DISTRITAL DE MI PERU,LA PLAYA SN,6311400,CALLAO
PE-CONSUCODE-337,MUNICIPALIDAD DISTRITAL DE SAN JERONIMO - ANDAHUAYLAS,JR.SAN MARTIN 502,721134,APURIMAC
PE-CONSUCODE-201470,MUNICIPALIDAD DISTRITAL DE CANAYRE,PLAZA PRINCIPAL DE CANAYRE SN,999404602,AYACUCHO
PE-CONSUCODE-374,MUNICIPALIDAD DISTRITAL DE CHALLHUAHUACHO,PLAZA DE ARMAS S/N CHALLHUAHUACHO,0,APURIMAC
PE-CONSUCODE-201525,SUPERINTENDENCIA NACIONAL DE EDUCACION SUPERIOR UNIVERSITARIA,CALLE ALDABAS NO 337 URBANIZACION LAS GARDENIAS,2754608,LIMA
PE-CONSUCODE-389,MUNICIPALIDAD PROVINCIAL DE CHINCHEROS,JR. RAYMONDY S/N - CHINCHEROS,,APURIMAC
PE-CONSUCODE-390,MUNICIPALIDAD DISTRITAL DE ANCO HUALLO,JR. RICARDO PALMA S/N URIPA,0,APURIMAC
PE-CONSUCODE-397,MUNICIPALIDAD PROVINCIAL DE AREQUIPA,CALLE EL FILTRO Nº 501,,AREQUIPA
PE-CONSUCODE-398,MUNICIPALIDAD DISTRITAL DE LA VILLA DE CAYMA,PLAZA PRINCIPAL Nº 408,0,AREQUIPA
PE-CONSUCODE-406,MUNICIPALIDAD DISTRITAL DE PAUCARPATA,PLAZA DE ARMAS Nº 106 PAUCARPATA,,AREQUIPA
PE-CONSUCODE-424,MUNICIPALIDAD DISTRITAL DE ALTO SELVA ALEGRE,ESQ. AV. OBRERA CON CALLE JOSE OLAYA S/N,0,AREQUIPA
PE-CONSUCODE-433,MUNICIPALIDAD DISTRITAL DE SAMUEL PASTOR,JR.LA PALMA NO 308,0,AREQUIPA
PE-CONSUCODE-43,GOBIERNO REGIONAL DE LAMBAYEQUE Sede Central,AV. JUAN TOMIS STACK NO 975LAMBAYEQUE - CHICLAYO - CHICLAYO,074 2110,LAMBAYEQUE
PE-CONSUCODE-440,MUNICIPALIDAD DISTRITAL DE CHALA,CALLE COMERCIO MZ.47 LOTE 7 KM 610,,AREQUIPA
PE-CONSUCODE-450,MUNICIPALIDAD DISTRITAL DE CHACHAS,PLAZA DE ARMAS,,AREQUIPA
PE-CONSUCODE-489,MUNICIPALIDAD DISTRITAL DE COCACHACRA,CALLE LIBERTAD No 100,,AREQUIPA
PE-CONSUCODE-493,MUNICIPALIDAD DISTRITAL DE PUNTA DE BOMBON,PLAZA 28 DE JULIO S/N - PUNTA DE BOMBÓN,0,AREQUIPA
PE-CONSUCODE-50,GOBIERNO REGIONAL DE SAN MARTIN Sede Central,JIRON PATRON SANTIAGO N 119,042564100,SAN MARTIN
PE-CONSUCODE-525,MUNICIPALIDAD PROVINCIAL DE VICTOR FAJARDO - HUANCAPI,PLAZA PRINCIPAL,,AYACUCHO
PE-CONSUCODE-529,MUNICIPALIDAD DISTRITAL DE CAYARA,PLAZA PRINCIPAL,,AYACUCHO
PE-CONSUCODE-561,MUNICIPALIDAD DISTRITAL DE LUCANAS,PLAZA DE ARMAS LOTE 8,,AYACUCHO
PE-CONSUCODE-566,MUNICIPALIDAD DISTRITAL DE SAN PEDRO DE PALCO,SAN PEDRO DE PALCO,,AYACUCHO
PE-CONSUCODE-598,MUNICIPALIDAD DISTRITAL DE OYOLO,PLAZA DE ARMAS SN OYOLO,947523702,AYACUCHO
PE-CONSUCODE-603,MUNICIPALIDAD PROVINCIAL DE SUCRE - QUEROBAMBA,PLAZA DE ARMAS S/N - QUEROBAMBA,,AYACUCHO
PE-CONSUCODE-609,MUNICIPALIDAD DISTRITAL DE SANTIAGO DE PAUCARAY,PLAZA DE ARMAS,,AYACUCHO
PE-CONSUCODE-616,MUNICIPALIDAD DISTRITAL DE COSPAN,JR BOLIVAR SN COSPAN,07636875,CAJAMARCA
PE-CONSUCODE-619,MUNICIPALIDAD DISTRITAL DE JESUS,JR. GRAU Nº 621 - JESUS,,CAJAMARCA
PE-CONSUCODE-650,MUNICIPALIDAD DISTRITAL DE YONAN,PARQUE MARISCAL CASTILLA Nº341,,CAJAMARCA
PE-CONSUCODE-679,MUNICIPALIDAD DISTRITAL DE QUEROCOTO,CALLE COMERCIO Nº 451 2do.PISO,,CAJAMARCA
PE-CONSUCODE-685,MUNICIPALIDAD PROVINCIAL DE HUALGAYOC - BAMBAMARCA,JR. MIGUEL GRAU Nº 320,,CAJAMARCA
PE-CONSUCODE-686,MUNICIPALIDAD DISTRITAL DE CHUGUR,HUALGAYOC S/N,,CAJAMARCA
PE-CONSUCODE-687,MUNICIPALIDAD DISTRITAL DE HUALGAYOC,JR. SILVA SANTISTEBAN S/N,,CAJAMARCA
PE-CONSUCODE-692,MUNICIPALIDAD DISTRITAL DE HUABAL,AV.JAEN S/N INT.2,,CAJAMARCA
PE-CONSUCODE-696,MUNICIPALIDAD DISTRITAL DE SAN FELIPE,CALLE ATAHUALPA Y BOLIVAR SN,943363095,CAJAMARCA
PE-CONSUCODE-702,MUNICIPALIDAD DISTRITAL DE HUARANGO,JIRON 13 DE JUNIO N° 248,111111111,CAJAMARCA
PE-CONSUCODE-705,MUNICIPALIDAD DISTRITAL DE SAN JOSE DE LOURDES,CALLE TACNA Nº 104,,CAJAMARCA
PE-CONSUCODE-706,MUNICIPALIDAD DISTRITAL DE TABACONAS,DISTRITO TABACONAS,,CAJAMARCA
PE-CONSUCODE-7,CONSEJO NACIONAL DE LA MAGISTRATURA,AV. PASEO DE LA REPÚBLICA  3285,2028080 - 582,LIMA
PE-CONSUCODE-733,MUNICIPALIDAD DISTRITAL DE YAUYUCAN,CALLE CAJAMARCA S/N,,CAJAMARCA
PE-CONSUCODE-740,MUNICIPALIDAD DISTRITAL DE JOSE SABOGAL,PLAZA DE ARMAS S/N,,CAJAMARCA
PE-CONSUCODE-743,MUNICIPALIDAD DISTRITAL DE BELLAVISTA - PROV. CALLAO,JR. BOLOGNESI NO 498,,CALLAO
PE-CONSUCODE-744,MUNICIPALIDAD DISTRITAL DE LA PERLA,AV. HAYA DE LA TORRE S/N CON ESQ. JJ PARDO,4290124,CALLAO
PE-CONSUCODE-752,MUNICIPALIDAD DISTRITAL DE POROY,PLAZA DOMINGO ECHEGARAY S/N,,CUSCO
PE-CONSUCODE-771,MUNICIPALIDAD DISTRITAL DE CACHIMAYO,AV. LEONIDAS RODRIGUEZ NO 276,,CUSCO
PE-CONSUCODE-775,MUNICIPALIDAD DISTRITAL DE LAMAY,AREQUIPA S/N,,CUSCO
PE-CONSUCODE-777,MUNICIPALIDAD DISTRITAL DE PISAC,PLAZA CONSTITUCION,,CUSCO
PE-CONSUCODE-779,MUNICIPALIDAD DISTRITAL DE TARAY,CALLE TACNA-PLAZA DE ARMAS,,CUSCO
PE-CONSUCODE-793,MUNICIPALIDAD DISTRITAL DE PITUMARCA,PLAZA DE ARMAS S/N - DISTRITO PITUMARCA,,CUSCO
PE-CONSUCODE-806,MUNICIPALIDAD DISTRITAL DE CONDOROMA,PLAZA DE ARMAS,,CUSCO
PE-CONSUCODE-202185,MUNICIPALIDAD DISTRITAL ALEXANDER VON HUMBOLDT,FEDERICO BASADRE KM 86,942937875,UCAYALI
PE-CONSUCODE-807,MUNICIPALIDAD DISTRITAL DE COPORAQUE - ESPINAR,PLAZA DE ARMAS S/N,,CUSCO
PE-CONSUCODE-202225,EMPRESA PRESTADORA DE SERVICIOS DE SANEAMIENTO MARAÑON S.R.L.,MARISCAL URETA 1912,076431618,CAJAMARCA
PE-CONSUCODE-808,MUNICIPALIDAD DISTRITAL DE OCORURO,PLAZA DE ARMAS,,CUSCO
PE-CONSUCODE-809,MUNICIPALIDAD DISTRITAL DE PALLPATA,PLAZA DE ARMAS No 100,,CUSCO
PE-CONSUCODE-828,MUNICIPALIDAD DISTRITAL DE OMACHA,Vacio/Nulo,,CUSCO
PE-CONSUCODE-835,MUNICIPALIDAD DISTRITAL DE CHALLABAMBA,PLAZA DE ARMAS S/N - CHALLABAMBA,,CUSCO
PE-CONSUCODE-838,MUNICIPALIDAD PROVINCIAL DE QUISPICANCHIS - URCOS,AV CESAR VALLEJO NRO 109 PLAZA DE ARMAS URCOS,084307050,CUSCO
PE-CONSUCODE-845,MUNICIPALIDAD DISTRITAL DE LUCRE - QUISPICANCHIS,PLAZA DE ARMAS S/N,,CUSCO
PE-CONSUCODE-847,MUNICIPALIDAD DISTRITAL DE OCONGATE,PLAZA DE ARMAS SN OCONGATE,989086605,CUSCO
PE-CONSUCODE-848,MUNICIPALIDAD DISTRITAL DE OROPESA - QUISPICANCHIS,PLAZA DE ARMAS NO 100,1111111,CUSCO
PE-CONSUCODE-860,MUNICIPALIDAD DISTRITAL DE CONAYCA,CALLE REAL (PLAZA) S/N,,HUANCAVELICA
PE-CONSUCODE-882,MUNICIPALIDAD PROVINCIAL DE ANGARAES - LIRCAY,PASAJE BUENOS AIRES S/N,,HUANCAVELICA
PE-CONSUCODE-913,MUNICIPALIDAD DISTRITAL DE HUACHOCOLPA - TAYACAJA,PLAZA PRINCIPAL S/N,,HUANCAVELICA
PE-CONSUCODE-9,DEFENSORIA DEL PUEBLO,JR. UCAYALI 388 LIMA,3110300,LIMA
PE-CONSUCODE-922,MUNICIPALIDAD DISTRITAL DE SALCAHUASI,PLAZA PRINCIPAL SALCAHUASI Nº1 2DO PISO,,HUANCAVELICA
PE-CONSUCODE-923,MUNICIPALIDAD DISTRITAL DE HUANDO,PLAZA PRINCIPAL S/N,,HUANCAVELICA
PE-CONSUCODE-958,MUNICIPALIDAD DISTRITAL DE SANTA MARIA DEL VALLE,JR.LIBERTAD S/N - PLAZA DE ARMAS EL VALLE,,HUANUCO
PE-CONSUCODE-979,MUNICIPALIDAD DISTRITAL DE CHAVIN DE PARIARCA,PLAZA DE ARMAS,,HUANUCO
PE-CONSUCODE-982,MUNICIPALIDAD DISTRITAL DE MIRAFLORES - HUAMALIES,PLAZA DE ARMAS S/N - MIRAFLORES,,HUANUCO
PE-CONSUCODE-997,MUNICIPALIDAD DISTRITAL DE SAN BUENAVENTURA - MARANON,JR. MARA¥ON PLAZA DE ARMAS,11111111,HUANUCO
PE-CONSUCODE-10364,MINAG - PROYECTO ESPECIAL BINACIONAL PUYANGO - TUMBES,PANAMERICANA NORTE  KM 4.5 - TUMBES,,TUMBES
PE-CONSUCODE-1728,MUNICIPALIDAD DISTRITAL DE SAN JUAN DEL ORO,JR. TAMBOPATA S/N,051502593,PUNO
PE-CONSUCODE-200117,GOBIERNO REGIONAL DE CUSCO - UNIDAD EJECUTORA HOSPITAL ANTONIO LORENA,PLAZOLETA BELEN 1358 SANTIAGO CUSCO,247119,CUSCO
PE-CONSUCODE-1961,INSTITUTO GEOGRAFICO NACIONAL,AV. ARAMBURU Nº 1198 - SURQUILLO,,LIMA
PE-CONSUCODE-2606,MUNICIPALIDAD DISTRITAL DE MAJES - VILLA EL PEDREGAL,AV.  MUNICIPAL MZ. 3EF - LT F-3,586784,AREQUIPA
PE-CONSUCODE-2006,SERVICIOS DE PARQUES DE LIMA,JR LAMPA NRO. 190,4331635,LIMA
PE-CONSUCODE-1872,MUNICIPALIDAD DISTRITAL DE IPARIA,EMILIO VASQUEZ FUENTES S/N,942146947,UCAYALI
PE-CONSUCODE-1225,MUNICIPALIDAD DISTRITAL DE SINSICAP,CAL. GRAU NRO. S/N PLAZA DE ARMAS LA LIBERTAD - OTUZCO - SINSICAP,044-838022,LA LIBERTAD
PE-CONSUCODE-1905,UNIVERSIDAD NACIONAL JOSE F. SANCHEZ CARRION,AV. MERCEDES INDACOCHEA NO 600 HUACHO,2322881,LIMA
PE-CONSUCODE-1837,MUNICIPALIDAD DISTRITAL DE PACHIA,AV. ARIAS Y ARAGUEZ S/N,,TACNA
PE-CONSUCODE-321,MUNICIPALIDAD DISTRITAL DE HUANIPACA,PLAZA DE ARMAS,0,APURIMAC
PE-CONSUCODE-476,MUNICIPALIDAD DISTRITAL DE TAPAY,PLAZA DE ARMAS,,AREQUIPA
PE-CONSUCODE-10219,HOSPITAL NACIONAL VICTOR LARCO HERRERA,AV. DEL EJERCITO 600 LIMA,2612828,LIMA
PE-CONSUCODE-1651,MUNICIPALIDAD DISTRITAL DE ATUNCOLLA,PLAZA DE ARMAS S/N,,PUNO
PE-CONSUCODE-155,MUNICIPALIDAD DISTRITAL DE JANGAS,PLAZA DE ARMAS S/N  JANGAS - HUARAZ - ANCASH,043792220,ANCASH
PE-CONSUCODE-1865,MUNICIPALIDAD PROVINCIAL DE CONTRALMIRANTE VILLAR,AV. FAUSTINO PIAGGIO - ZORRITOS - TUMBES,072 972843754,TUMBES
PE-CONSUCODE-10380,GOBIERNO REGIONAL DE AMAZONAS - HOSPITAL DE APOYO CHACHAPOYAS,AV. DANIEL ALCIDES CARRION CHACHAPOYAS,,AMAZONAS
PE-CONSUCODE-10453,GOBIERNO REGIONAL DE HUANCAVELICA-AGRICULTURA,AV. AUGUSTO B. LEGUIA 171 HUANCAVELICA,,HUANCAVELICA
PE-CONSUCODE-874,MUNICIPALIDAD PROVINCIAL DE ACOBAMBA,PQ. JORGE CHAVEZ S/N,988808820,HUANCAVELICA
PE-CONSUCODE-235,MUNICIPALIDAD DISTRITAL DE YURACMARCA,PLAZA DE ARMAS NO 2,0,ANCASH
PE-CONSUCODE-846,MUNICIPALIDAD DISTRITAL DE MARCAPATA,PLAZA DE ARMAS SN MARCAPATA,11111111,CUSCO
PE-CONSUCODE-232,MUNICIPALIDAD DISTRITAL DE PAMPAROMAS,JR JUAN MENDES - PLAZA DE ARMAS S/N,043-635163,ANCASH
PE-CONSUCODE-200489,FONDO INTANGIBLE SOLIDARIO DE SALUD,AV. MANUEL SEBASTIAN UGARTE Y NRO. 450 LIMA - LIMA - SAN ISIDRO,,LIMA
PE-CONSUCODE-935,MUNICIPALIDAD DISTRITAL DE SAN FRANCISCO DE SANGAYAICO,AV.SAN FRANCISCO S/N,,HUANCAVELICA
PE-CONSUCODE-237,MUNICIPALIDAD PROVINCIAL DE MARISCAL LUZURIAGA - PISCOBAMBA,PLAZA DE ARMAS S/N,0,ANCASH
PE-CONSUCODE-764,MUNICIPALIDAD PROVINCIAL DE ANTA,OVALO DEL JR. JAQUIJAHUANA S/N,084203716,CUSCO
PE-CONSUCODE-203887,PROGRAMA AGUA SEGURA PARA LIMA Y CALLAO,PASEO DE LA REPUBLICA,3335555,LIMA
PE-CONSUCODE-821,MUNICIPALIDAD DISTRITAL DE KIMBIRI,JR. JOSE OLAYA Nº 151 - 153 KIMBIRI,,CUSCO
PE-CONSUCODE-1856,MUNICIPALIDAD DISTRITAL DE HUANUARA,ALFONSO UGARTE S/N 2DO PISO,052-411209,TACNA
PE-CONSUCODE-200014,UNIVERSIDAD NACIONAL AMAZONICA DE MADRE DE DIOS,AV. 02 DE MAYO Nº 960,,MADRE DE DIOS
PE-CONSUCODE-204750,MUNICIPALIDAD DISTRITAL  DE KUMPIRUSHIATO,AV. LIBERTADORES S/N MZ A LOTE 1,930300882,CUSCO
PE-CONSUCODE-1956,ESCUELA NACIONAL DE MARINA MERCANTE,AV. PROGRESO Nº 632 CHUCUITO CALLAO,4298210,CALLAO
PE-CONSUCODE-780,MUNICIPALIDAD DISTRITAL DE YANATILE,PLAZA DE ARMAS  S/N,,CUSCO
PE-CONSUCODE-200302,II DIRECCION TERRITORIAL DE POLICIA CHICLAYO,CALLE MANCO CAPAC Nº 205,074-518581,LAMBAYEQUE
PE-CONSUCODE-335,MUNICIPALIDAD DISTRITAL DE POMACOCHA - ANDAHUAYLAS,MANUEL ROMERO BLANCO,,APURIMAC
PE-CONSUCODE-1977,"INSTITUTO NACIONAL DE RADIO, TELEVISION DEL PERU",JR. JOSÉ GALVEZ 1040 LIMA,6190707,LIMA
PE-CONSUCODE-2360,EMPRESA MUNICIPAL DE SERVICIO DE AGUA POTABLE Y ALCANTARILLADO DE HUANUCO,JR. DAMASO BERAÚN N° 545-HUANUCO,11111111,HUANUCO
PE-CONSUCODE-201,MUNICIPALIDAD DISTRITAL DE BUENAVISTA ALTA,PLAZA DE ARMAS,619919,ANCASH
PE-CONSUCODE-10375,GOBIERNO REGIONAL DE AMAZONAS - DIRECCION REGIONAL DE TRANSPORTES Y COMUNICACIONES,KM. 01 CARRETERA CHACHAPOYAS A RODRIGUEZ DE MENDOZA,,AMAZONAS
PE-CONSUCODE-1671,MUNICIPALIDAD DISTRITAL DE POTONI,PLAZA DE ARMAS 2DO. PISO,951589019,PUNO
PE-CONSUCODE-570,MUNICIPALIDAD DISTRITAL DE SANTA ANA DE HUAYCAHUACHO,PLAZA PRINCIPAL,,AYACUCHO
PE-CONSUCODE-993,MUNICIPALIDAD DISTRITAL DE MARIANO DAMASO BERAUN - LAS PALMAS,CARRETERA CENTRAL KM 17,991986948,HUANUCO
PE-CONSUCODE-10427,GOBIERNO REGIONAL DE AYACUCHO-TRANSPORTES,JR. MANUEL GONZALES PRADA AYACUCHO,,AYACUCHO
PE-CONSUCODE-1542,MUNICIPALIDAD PROVINCIAL DE SANCHEZ CERRO - OMATE,CALLE GRAU Nº 101,,MOQUEGUA
PE-CONSUCODE-1665,MUNICIPALIDAD DISTRITAL DE ARAPA,HORTENCIA ARANA S/N,,PUNO
PE-CONSUCODE-10166,UNIDAD DE GESTION EDUCATIVA LOCAL UGEL 01 - SAN JUAN DE MIRAFLORES,AV. LOS ANGELES - PAMPLONA BAJA LIMA,,LIMA
PE-CONSUCODE-10384,GOBIERNO REGIONAL DE ANCASH - UNIDAD DE GESTION EDUCATIVA LOCAL SANTA,AV.  LOS  ALCATRACES S/N - CHIMBOTE,043312152,ANCASH
PE-CONSUCODE-201506,PROYECTO ESPECIAL DATEM DEL MARAÑON - ALTO AMAZONAS - LORETO - CONDORCANQUI - PEDAMAALC,CALLE UCAYALI NRO 200 A,065356292,LORETO
PE-CONSUCODE-10487,GOBIERNO REGIONAL DE JUNIN- SALUD AIS. UTES. JUNIN,AV. SAENZ PEÑA  650 JUNIN,0643444033,JUNIN
PE-CONSUCODE-200572,GOBIERNO REGIONAL DE CAJAMARCA - UNIDAD DE GESTION EDUCATIVA LOCAL CONTUMAZA,JORGE CHAVEZ 281,076830113,CAJAMARCA
PE-CONSUCODE-10351,GOBIERNO REGIONAL DE AREQUIPA - PROYECTO ESPECIAL MAJES-SIGUAS  AUTODEMA,URB. LA MARINA-E-8,950950141,AREQUIPA
PE-CONSUCODE-2436,EMPRESA PERUANA DE SERVICIO EDITORIALES,AV. ALFONSO UGARTE N° 873,3150400,LIMA
PE-CONSUCODE-1788,MUNICIPALIDAD DISTRITAL DE PARDO MIGUEL - NARANJOS,AV. PARDO MIGUEL Nº608 2DO PISO,942403792,SAN MARTIN
PE-CONSUCODE-403,MUNICIPALIDAD DISTRITAL DE MARIANO MELGAR,AV. SIMON BOLIVAR Nº 908 MARIANO MELGAR,0,AREQUIPA
PE-CONSUCODE-200035,PROGRAMA PARA LA GENERACION DE EMPLEO SOCIAL INCLUSIVO ¿TRABAJA PERU¿,AV. SALAVERRY NRO. 655 INT. PS.7 (PISO 7 DE EDIF. DE MINISTERIO DE TRABAJO),200-2940,LIMA
PE-CONSUCODE-159,MUNICIPALIDAD DISTRITAL DE PARIACOTO,JR. MIGUEL A. MORAN Nº 304-306,043796179,ANCASH
PE-CONSUCODE-141,MUNICIPALIDAD PROVINCIAL DE CONDORCANQUI - NIEVA,JR. GONZALO PUERTA S/N,041-838023,AMAZONAS
PE-CONSUCODE-1773,MUNICIPALIDAD DISTRITAL DE PINTO RECODO,JR. PROGRESO S/N,955880475,SAN MARTIN
PE-CONSUCODE-204026,CORTE SUPERIOR DE JUSTICIA DE LIMA ESTE,INGENIEROS,3490712,LIMA
PE-CONSUCODE-1615,MUNICIPALIDAD DISTRITAL DE MORROPON,LIMA Nº808,968882191,PIURA
PE-CONSUCODE-1986,PATRONATO DEL PARQUE DE LAS LEYENDAS - FELIPE BENAVIDES BARREDA,PARQUE DE LAS LEYENDAS NRO. 580 - 582 - 586,6449200,LIMA
PE-CONSUCODE-200173,GOBIERNO REGIONAL DEL CALLAO - UGEL VENTANILLA,Vacio/Nulo,,CALLAO
PE-CONSUCODE-766,MUNICIPALIDAD DISTRITAL DE HUAROCONDO,PLAZA DE ARMAS,,CUSCO
PE-CONSUCODE-513,MUNICIPALIDAD DISTRITAL DE SAN JUAN BAUTISTA - HUAMANGA,PLAZUELA PRINCIPAL SAN JUAN BAUTISTA,,AYACUCHO
PE-CONSUCODE-10575,GOBIERNO REGIONAL DE PUNO-SALUD AZANGARO,JR. FRANCISCO BOLOGNESI 556 AZANGARO,,PUNO
PE-CONSUCODE-1848,MUNICIPALIDAD DISTRITAL DE TARUCACHI,28 DE JULIO S/N,952090355,TACNA
PE-CONSUCODE-203986,CORTE SUPERIOR DE JUSTICIA DE AYACUCHO,COSTITUCIÓN,066490066,AYACUCHO
PE-CONSUCODE-416,MUNICIPALIDAD DISTRITAL DE SOCABAYA,SAN MARTÍN MANZANA L LOTE 12 P.T DE SOCABAYA,435655 ANEX 204,AREQUIPA
PE-CONSUCODE-200418,MINISTERIO DE DESARROLLO E INCLUSION SOCIAL,AV. PASEO DE LA REPUBLICA Nº 3101,,LIMA
PE-CONSUCODE-574,MUNICIPALIDAD DISTRITAL DE CORONEL CASTAÑEDA,PLAZA DE ARMAS,,AYACUCHO
PE-CONSUCODE-1912,UNIVERSIDAD NACIONAL SAN MARTIN,JR. MAYNAS 179 TARAPOTO,,SAN MARTIN
PE-CONSUCODE-243,MUNICIPALIDAD DISTRITAL DE MUSGA,PLAZA DE ARMAS S/N,,ANCASH
PE-CONSUCODE-1680,MUNICIPALIDAD DISTRITAL DE AYAPATA,PLAZA TUPAC AMARU S/N,994970940,PUNO
PE-CONSUCODE-1933,ZONA REGISTRAL N° X SEDE CUSCO,AV. MANCO INCA NRO 210 CUSCO - CUSCO - WANCHAQ,,CUSCO
PE-CONSUCODE-1681,MUNICIPALIDAD DISTRITAL DE COAZA,CALLE GRAU S/N,951430900,PUNO
PE-CONSUCODE-1113,MUNICIPALIDAD DISTRITAL DE SAN LUIS DE SHUARO,PLAZA PRINCIPAL S/N - SAN LUIS DE SHUARO,959554168,JUNIN
PE-CONSUCODE-783,MUNICIPALIDAD DISTRITAL DE KUNTURKANKI,PLAZA DE ARMAS,,CUSCO
PE-CONSUCODE-505,MUNICIPALIDAD PROVINCIAL DE HUAMANGA,PORTAL MUNICIPAL NO 44,0,AYACUCHO
PE-CONSUCODE-1545,MUNICIPALIDAD DISTRITAL DE ICHUÑA,PLAZA DE ARMAS,6985175,MOQUEGUA
PE-CONSUCODE-1808,MUNICIPALIDAD DISTRITAL DE ALTO BIAVO,JR.CAHUIDE S/N,985179448,SAN MARTIN
PE-CONSUCODE-200501,CORTE SUPERIOR DE JUSTICIA DE LIMA NORTE,AV. CARLOS IZAGUIRRE NRO. 176 LIMA - LIMA - INDEPENDENCIA,111111,LIMA
PE-CONSUCODE-494,MUNICIPALIDAD PROVINCIAL DE LA UNION - COTAHUASI,PLAZA CONCEPCION NO 110,0,AREQUIPA
PE-CONSUCODE-419,MUNICIPALIDAD DISTRITAL DE VITOR,PLAZA PRINCIPAL S/N,0,AREQUIPA
PE-CONSUCODE-1593,MUNICIPALIDAD PROVINCIAL DE AYABACA,CALLE SALAVERRY Nº260 - AYABACA,,PIURA
PE-CONSUCODE-507,MUNICIPALIDAD DISTRITAL DE ACOS VINCHOS,PLAZA PRINCIPAL S/N ACOS VINCHOS,,AYACUCHO
PE-CONSUCODE-10577,GOBIERNO REGIONAL DE PUNO-SALUD HUANCANE,AV. STA. CRUZ HUANCANE,,PUNO
PE-CONSUCODE-201469,MUNICIPALIDAD DISTRITAL DE ANCHIHUAY,PLAZA PRINCIPAL DE ANCHIHUAY SN,066326751,AYACUCHO
PE-CONSUCODE-413,MUNICIPALIDAD DISTRITAL DE SAN JUAN DE TARUCANI,PLAZA PRINCIPAL,054338407,AREQUIPA
PE-CONSUCODE-1112,MUNICIPALIDAD DISTRITAL DE SAN RAMON,PASAJE VILLA MUNICIPAL  Nª 113,064-331537,JUNIN
PE-CONSUCODE-1741,MUNICIPALIDAD DISTRITAL DE TINICACHI,PLAZA DE ARMAS S/N,,PUNO
PE-CONSUCODE-791,MUNICIPALIDAD DISTRITAL DE CHECACUPE,PLAZA DE ARMAS,,CUSCO
PE-CONSUCODE-1178,MUNICIPALIDAD DISTRITAL DE SANTA BARBARA DE CARHUACAYAN,PLAZA PRINCIPAL,976843860,JUNIN
PE-CONSUCODE-496,MUNICIPALIDAD DISTRITAL DE CHARCANA,PLAZA PRINCIPAL S/N,,AREQUIPA
PE-CONSUCODE-1267,MUNICIPALIDAD PROVINCIAL DE GRAN CHIMU - CASCAS,JR.28 DE JULIO Nº 500 CASCAS,,LA LIBERTAD
PE-CONSUCODE-1220,MUNICIPALIDAD DISTRITAL DE HUARANCHAL,JR. SAN MARTIN S/N,,LA LIBERTAD
PE-CONSUCODE-747,MUNICIPALIDAD DISTRITAL DE VENTANILLA,AV LA PLAYA SN,6311400,CALLAO
PE-CONSUCODE-769,MUNICIPALIDAD DISTRITAL DE PUCYURA,PLAZA DE ARMAS,,CUSCO
PE-CONSUCODE-200506,CORTE SUPERIOR DE JUSTICIA DE HUANUCO,2 DE MAYO,062591030,HUANUCO
PE-CONSUCODE-10008,HOSPITAL PUENTE PIEDRA - CARLOS LANFRANCO LA HOZ - CLL4,AV. SAENZ PEÑA S/N - CUADRA 6,5485179,LIMA
PE-CONSUCODE-1972,INSTITUTO NACIONAL DE INNOVACION AGRARIA - INIA,AV LA MOLINA NRO 1981,3492600,LIMA
PE-CONSUCODE-10560,GOBIERNO REGIONAL DE PIURA-HOSPITAL DE APOYO III SULLANA,AV. SANTA ROSA  S/N SULLANA,,PIURA
PE-CONSUCODE-10379,GOBIERNO REGIONAL DE AMAZONAS - SUB REGION DE SALUD BAGUA,AV. HEROES DEL CENEPA 980,,AMAZONAS
PE-CONSUCODE-1562,MUNICIPALIDAD DISTRITAL DE PAUCARTAMBO,PLAZA 28 DE JULIO S/N,063837100,PASCO
PE-CONSUCODE-10570,GOBIERNO REGIONAL DE PUNO-EDUCACION ADE SAN ROMAN,JR. NORIEGA 291 JULIACA,,PUNO
PE-CONSUCODE-1625,MUNICIPALIDAD DISTRITAL DE LA HUACA,PLAZA DE ARMAS S/N - LA HUACA  - PAITA,,PIURA
PE-CONSUCODE-10264,INPE-DIRECCION REGIONAL ORIENTE PUCALLPA,JR MAYRO N° 616-618 HUANUCO,,UCAYALI
PE-CONSUCODE-2437,SERVICIOS POSTALES DEL PERU S.A.,Av. Tomás Valle Cdra. 7 S/N,,LIMA
PE-CONSUCODE-10005,INSTITUTO NACIONAL DE SALUD MENTAL HONORIO DELGADO-HIDEYO NOGUCHI,JR. ELOY ESPINOZA SALDAÑA N° 709 - URB. PALAO COSTADO DEL HOSPITAL CAYETANO HEREDIA) S.M.P.,6149200,LIMA
PE-CONSUCODE-200623,UNIVERSIDAD NACIONAL AUTONOMA DE HUANTA,MANCO CAPAC NRO 497,066322884,AYACUCHO
PE-CONSUCODE-1003,MUNICIPALIDAD DISTRITAL DE CODO DE POZUZO,PLAZA DE ARMAS,,HUANUCO
PE-CONSUCODE-1007,MUNICIPALIDAD PROVINCIAL DE LAURICOCHA,JR. LEONCIO PRADO S/N JESUS,,HUANUCO
PE-CONSUCODE-1014,MUNICIPALIDAD PROVINCIAL DE YAROWILCA - CHAVINILLO,SAN JUAN No 402,,HUANUCO
PE-CONSUCODE-10159,DIRECCION DE  AVIACION  POLICIAL - PNP,AV. ELMER FAUCETT N° 3900,01-5754696,CALLAO
PE-CONSUCODE-10174,GOBIERNO REGIONAL DE LIMA - UNIDAD DE GESTION EDUCATIVA LOCAL UGEL 09,JR. JUAN B. ROSADIO Nº 193,,LIMA
PE-CONSUCODE-10262,INPE-DIRECCION REGIONAL LIMA,AV. ABANCAY - EXEDIFICIO MEF LIMA,,LIMA
PE-CONSUCODE-1029,MUNICIPALIDAD DISTRITAL DE PARCONA,AV.JHON F. KENNEDY No 500,,ICA
PE-CONSUCODE-10362,GOBIERNO REGIONAL DE ANCASH - PROYECTO ESPECIAL CHINECAS,CAMPAMENTO TANGAY  BAJO CHIMBOTE,944915500,ANCASH
PE-CONSUCODE-10370,MINAG - PROYECTO ESPECIAL BINACIONAL DESARROLLO INTEGRAL DE LA CUENCA DEL RIO PUTUMAYO,CALLE BRASIL Nº 355-357 - IQUITOS,,LORETO
PE-CONSUCODE-1037,MUNICIPALIDAD DISTRITAL DE YAUCA DEL ROSARIO,PAMPAHUASI S/N,,ICA
PE-CONSUCODE-1040,MUNICIPALIDAD DISTRITAL DE ALTO LARAN,PLAZA DE ARMAS NO 150,,ICA
PE-CONSUCODE-10422,GOBIERNO REGIONAL DE AREQUIPA-SALUD,AV. ALCIDES CARRIÓN N° 505,054 204988,AREQUIPA
PE-CONSUCODE-10423,GOBIERNO REGIONAL DE AREQUIPA-ZONA DE DESARROLLO INTEGRAL DE SALUD - HOSPITAL GOYENECHE,AV. GOYENECHE SN,054223501,AREQUIPA
PE-CONSUCODE-10433,GOBIERNO REGIONAL DE CAJAMARCA - GERENCIA SUB REGIONAL JAEN,CALLE TAHUANTINSUYO 765,,CAJAMARCA
PE-CONSUCODE-10442,GOBIERNO REGIONAL DE CAJAMARCA-SALUD CUTERVO,JR. BENJAMIN DUBLE N° 458,,CAJAMARCA
PE-CONSUCODE-1048,MUNICIPALIDAD DISTRITAL DE SUNAMPE,PLAZA DE ARMAS NO 100,,ICA
PE-CONSUCODE-10491,GOBIERNO REGIONAL DE LA LIBERTAD - GERENCIA REGIONAL DE EDUCACION LA LIBERTAD,AV.  AMERICA  SUR  Nº 2870 TRUJILLO,,LA LIBERTAD
PE-CONSUCODE-10494,GOBIERNO REGIONAL DE LA LIBERTAD-EDUCACION USE ASCOPE,JIRON GRAU 1025 ASCOPE ASCOPE LA LIBERTAD,044-431107,LA LIBERTAD
PE-CONSUCODE-10518,GOBIERNO REGIONAL DE LAMBAYEQUE-EDUCACION,PROLONGACION AV. BOLOGNESI CHICLAYO,,LAMBAYEQUE
PE-CONSUCODE-10521,GOBIERNO REGIONAL DE LAMBAYEQUE-HOSPITAL BELEN - LAMBAYEQUE,AV. RAMON CASTILLA 597 LAMBAYEQUE,074282023,LAMBAYEQUE
PE-CONSUCODE-10532,GOBIERNO REGIONAL DE LORETO-SALUD HOSPITAL DE APOYO IQUITOS,AV. CORNEJO PORTUGAL 1710 IQUITOS,,LORETO
PE-CONSUCODE-10540,GOBIERNO REGIONAL DE MOQUEGUA-AGRICULTURA,TACNA 190,053463785,MOQUEGUA
PE-CONSUCODE-10548,GOBIERNO REGIONAL DE PASCO-SALUD,AV. LOS INCAS CERRO DE PASCO,,PASCO
PE-CONSUCODE-10553,GOBIERNO REGIONAL DE PIURA - DIRECCIÓN  REGIONAL DE AGRICULTURA,AV. PROGRESO 2114 PIURA,,PIURA
PE-CONSUCODE-1062,MUNICIPALIDAD DISTRITAL DE HUMAY,PLAZA DE ARMAS S/N,,ICA
PE-CONSUCODE-1098,MUNICIPALIDAD DISTRITAL DE ANDAMARCA,PLAZA PRINCIPAL,,JUNIN
PE-CONSUCODE-1117,MUNICIPALIDAD PROVINCIAL DE JAUJA,JR.AYACUCHO 856-2DO PISO,,JUNIN
PE-CONSUCODE-1172,MUNICIPALIDAD PROVINCIAL DE YAULI - LA OROYA,AV. HORACIO ZEVALLOS GAMEZ NO 315 - LA OROYA,064391021,JUNIN
PE-CONSUCODE-1179,MUNICIPALIDAD DISTRITAL DE SANTA ROSA DE SACCO,MARIANO MELGAR NO 208,392672,JUNIN
PE-CONSUCODE-1200,MUNICIPALIDAD DISTRITAL DE VICTOR LARCO HERRERA,JR.INDEPENDENCIA Nº 210 - BUENOS AIRES,44481549,LA LIBERTAD
PE-CONSUCODE-1207,MUNICIPALIDAD DISTRITAL DE UCUNCHA,DOS DE MAYO S/N,044-297937,LA LIBERTAD
PE-CONSUCODE-1211,MUNICIPALIDAD DISTRITAL DE CURGOS,JR.PROGRESO 207,044441009,LA LIBERTAD
PE-CONSUCODE-1228,MUNICIPALIDAD DISTRITAL DE GUADALUPE,CALLE PLAZA DE ARMAS Nº 185 - GUADALUPE,986718507,LA LIBERTAD
PE-CONSUCODE-1244,MUNICIPALIDAD DISTRITAL DE SANTIAGO DE CHALLAS,JIRON ATAHUALPA SN CENTRO CIVICO PUEBLO DE CHALLAS,044826578,LA LIBERTAD
PE-CONSUCODE-1246,MUNICIPALIDAD DISTRITAL DE ANGASMARCA,AV. CESAR VALLEJO NO 300,950834140,LA LIBERTAD
PE-CONSUCODE-1252,MUNICIPALIDAD DISTRITAL DE SITABAMBA,JR. OLAYA S/N 2DO PISO,961413524,LA LIBERTAD
PE-CONSUCODE-1260,MUNICIPALIDAD PROVINCIAL DE CHEPEN,CALLE ATAHUALPA Nº 650 - CHEPEN,044561202,LA LIBERTAD
PE-CONSUCODE-203006,MUNICIPALIDAD DISTRITAL DE EL PORVENIR,SIN NRO,974989679,APURIMAC
PE-CONSUCODE-1274,MUNICIPALIDAD PROVINCIAL DE CHICLAYO,CALLE ELIAS AGUIRRE 240 CHICLAYO CHICLAYO LAMBAYEQUE,074-232570,LAMBAYEQUE
PE-CONSUCODE-1298,MUNICIPALIDAD DISTRITAL DE JAYANCA,CALLE BOLOGNESI Nº101 - JAYANCA,953532467,LAMBAYEQUE
PE-CONSUCODE-1308,MUNICIPALIDAD DISTRITAL DE ANCON,MALECON FERREYROS Nº376,,LIMA
PE-CONSUCODE-1316,MUNICIPALIDAD DISTRITAL DE COMAS - LIMA,AV AREQUIPA ANTES AV ESPAÑA PLAZA DE ARMAS SN KM 11,5427607,LIMA
PE-CONSUCODE-1321,MUNICIPALIDAD DISTRITAL DE LA VICTORIA - LIMA,AV.IQUITOS Nº500,,LIMA
PE-CONSUCODE-1328,MUNICIPALIDAD DISTRITAL DE MIRAFLORES - LIMA,AV. JOSE A. LARCO S/N - MIRAFLORES,1111111,LIMA
PE-CONSUCODE-1362,MUNICIPALIDAD DISTRITAL DE SANTA ROSA DE QUIVES,KM. 56 CARRETERA - LIMA - CANTA - YANGAS,940400357,LIMA
PE-CONSUCODE-1368,MUNICIPALIDAD DISTRITAL DE CHILCA - CANETE,AV. MARIANO IGNACIO PRADO NO 496,5305500,LIMA
PE-CONSUCODE-1390,MUNICIPALIDAD DISTRITAL DE SANTA LEONOR,PLAZA DE ARMAS S/N,2394482,LIMA
PE-CONSUCODE-1388,MUNICIPALIDAD DISTRITAL DE SAYAN,CALLE GRAU NO 258,2371374,LIMA
PE-CONSUCODE-1389,MUNICIPALIDAD DISTRITAL DE VEGUETA,CALLE TARAPACA NO 101,2377431,LIMA
PE-CONSUCODE-1403,MUNICIPALIDAD PROVINCIAL DE HUAROCHIRI - MATUCANA,PLAZA INDEPENDENCIA No 117,,LIMA
PE-CONSUCODE-1481,MUNICIPALIDAD DISTRITAL DE FERNANDO LORES,ALAIZA PAZ SOLDAN Nº 121,,LORETO
PE-CONSUCODE-1501,MUNICIPALIDAD PROVINCIAL DE MARISCAL RAMON CASTILLA,AYACUCHO NO 212,,LORETO
PE-CONSUCODE-151,MUNICIPALIDAD PROVINCIAL DE HUARAZ,AV. LUZURIAGA NO 734,043421661,ANCASH
PE-CONSUCODE-1544,MUNICIPALIDAD DISTRITAL DE CHOJATA,PLAZA DE ARMAS S/N,053838009,MOQUEGUA
PE-CONSUCODE-1555,MUNICIPALIDAD DISTRITAL DE EL ALGARROBAL,CARRETERA VALLE DE ILO KM.15,053-837101,MOQUEGUA
PE-CONSUCODE-1568,MUNICIPALIDAD DISTRITAL DE YANACANCHA - PASCO,AV. LAS AMERICAS S/N - YANACANCHA - PASCO,,PASCO
PE-CONSUCODE-1577,MUNICIPALIDAD PROVINCIAL DE OXAPAMPA,JR.GRAU Nº 302 - OXAPAMPA,,PASCO
PE-CONSUCODE-1591,MUNICIPALIDAD DISTRITAL DE LAS LOMAS,JR. GRAU Nº374,073-472070,PIURA
PE-CONSUCODE-1596,MUNICIPALIDAD DISTRITAL DE LAGUNAS - AYABACA,ERNESTO MERINO RIVERA S/N,,PIURA
PE-CONSUCODE-160,MUNICIPALIDAD DISTRITAL DE PIRA,PLAZA DE ARMAS NO 01,980392525,ANCASH
PE-CONSUCODE-1631,MUNICIPALIDAD DISTRITAL DE LANCONES,PLAZA DE ARMAS S/N,944318137,PIURA
PE-CONSUCODE-1639,MUNICIPALIDAD DISTRITAL DE LOBITOS,NUEVA CIUDAD DE LOBITOS MZ. A-2,073678406,PIURA
PE-CONSUCODE-203626,UNIDAD EJECUTORA MEJORAMIENTO DEL SISTEMA DE INFORMACION DE LA SUNAT - MSI,INCA GARCILAZO DE LA VEGA,6343300,LIMA
PE-CONSUCODE-1664,MUNICIPALIDAD DISTRITAL DE ACHAYA,JR. SAN ROMAN S/N,,PUNO
PE-CONSUCODE-1686,MUNICIPALIDAD DISTRITAL DE SAN GABAN,AV. INAMBARI S/N,,PUNO
PE-CONSUCODE-203706,MUNICIPALIDAD DISTRITAL DE ORONCCOY,PLAZA PLAZA PRINCIPAL  S/N,999242406,AYACUCHO
PE-CONSUCODE-1700,MUNICIPALIDAD DISTRITAL DE TARACO,CALLE UNION S/N 2DO PISO INT.1,950826796,PUNO
PE-CONSUCODE-1745,MUNICIPALIDAD DISTRITAL DE ANANEA,PLAZA GRAU S/N,,PUNO
PE-CONSUCODE-1763,MUNICIPALIDAD DISTRITAL DE ALTO SAPOSOA,JR. PASARRAYA S/N,530556,SAN MARTIN
PE-CONSUCODE-17,MINISTERIO DE JUSTICIA Y DERECHOS HUMANOS,JR. SCIPIÓN LLONA LIMA,2048020,LIMA
PE-CONSUCODE-1784,MUNICIPALIDAD PROVINCIAL DE RIOJA,JR. LIBERTAD Nº827,,SAN MARTIN
PE-CONSUCODE-1786,MUNICIPALIDAD DISTRITAL DE ELIAS SOPLIN VARGAS,AV. GALILEA Nº452 - SEGUNDA JERUSALEN,558034,SAN MARTIN
PE-CONSUCODE-1803,MUNICIPALIDAD DISTRITAL DE MORALES,JR. TARAPOTO Nº112 MZ.4 LOTE 17,973911213,SAN MARTIN
PE-CONSUCODE-182,MUNICIPALIDAD DISTRITAL DE HUAYLLACAYAN,PLAZA DE ARMAS S/N,945483967,ANCASH
PE-CONSUCODE-184,MUNICIPALIDAD DISTRITAL DE PACLLON,JR.COMERCIO S/N,0,ANCASH
PE-CONSUCODE-1866,MUNICIPALIDAD DISTRITAL DE CASITAS,PLAZA DE ARMAS Nº112,972921807,TUMBES
PE-CONSUCODE-1873,MUNICIPALIDAD DISTRITAL DE MASISEA,JR. SAN JUAN,61594480,UCAYALI
PE-CONSUCODE-1889,UNIVERSIDAD NACIONAL DE CAJAMARCA,AV. ATAHUALPA Nº 1050,,CAJAMARCA
PE-CONSUCODE-192,MUNICIPALIDAD DISTRITAL DE ANTA - CARHUAZ,PLAZA DE ARMAS S/N - ANTA - CARHUAZ,043443132,ANCASH
PE-CONSUCODE-1930,ZONA REGISTRAL N° XII SEDE AREQUIPA,CALLE UGARTE 117 CERCADO,,AREQUIPA
PE-CONSUCODE-1962,"INSTITUTO GEOLOGICO, MINERO Y METALURGICO",AV. CANADA 1470 - SAN BORJA,,LIMA
PE-CONSUCODE-1993,SERVICIO NACIONAL DE CAPACITACION PARA LA INDUSTRIA DE LA CONSTRUCCION,AV. DE LA POESIA Nº 351 - SAN BORJA,,LIMA
PE-CONSUCODE-200068,GOBIERNO REGIONAL DE PIURA-GERENCIA SUB REGIONAL MORROPON HUANCABAMBA,ENRIQUE CHECA EGUIGUREN Nº 186 - CHULUCANAS,,PIURA
PE-CONSUCODE-200073,GOBIERNO REGIONAL DE PUNO-EDUCACIÓN CHUCUITO JULI,JR. 14 DE SETIEMBRE 229 - JULI,,PUNO
PE-CONSUCODE-200097,PROGRAMA DEL GOBIERNO REGIONAL DE LIMA METROPOLITANA,AV BOLIVIA NRO 320 CERCADO DE LIMA,01-7432424,LIMA
PE-CONSUCODE-200130,GOBIERNO REGIONAL DE UCAYALI - DIRECCION DE SALUD Nº 3 ATALAYA,Vacio/Nulo,,UCAYALI
PE-CONSUCODE-200219,MUNICIPALIDAD DISTRITAL DE SAN PEDRO DE PUTINA PUNCO,AV. CIRCUNVALACION S/N PLAZA DE ARMAS,959134093,PUNO
PE-CONSUCODE-200223,MUNICIPALIDAD DISTRITAL DE MANANTAY,AV TUPAC AMARU NRO 703 URB NUEVA PUCALLPA,961951103,UCAYALI
PE-CONSUCODE-200265,GOBIERNO REGIONAL DE HUANCAVELICA - GERENCIA SUB REGIONAL ANGARAES,AV. ESMERALDA 830 BARRIO BELLAVISTA LIRCAY ANGARAES,,HUANCAVELICA
PE-CONSUCODE-200273,GOBIERNO REGIONAL DE HUANCAVELICA GERENCIA SUB REGIONAL DE CASTROVIRREYNA,AV. SAN MARTIN 173 - CASTROVIRREYNA,067816835,HUANCAVELICA
PE-CONSUCODE-200280,GOBIERNO REGIONAL DE HUANCAVELICA GERENCIA SUB REGIONAL ACOBAMBA,AV. SAN MARTIN S N ACOBAMBA - HUANCAVELICA,967775993,HUANCAVELICA
PE-CONSUCODE-200339,GOBIERNO REGIONAL DE LIMA-UNIDAD EJECUTORA LIMA SUR,Panamerica  Sur Km 144.5,,LIMA
PE-CONSUCODE-200367,GOBIERNO REGIONAL DE APURIMAC-GERENCIA SUBREGIONAL CHINCHEROS,JR. COTABAMBAS NRO. 121 APURIMAC - CHINCHEROS - CHINCHEROS,983648022,APURIMAC
PE-CONSUCODE-200390,"CENTRO NACIONAL DE ESTIMACION, PREVENCION Y REDUCCION DEL RIESGO DE DESASTRES",CAL. SAN MARTIN NRO. 814 LIMA - LIMA - MIRAFLORES,,LIMA
PE-CONSUCODE-200405,MUNICIPALIDAD DISTRITAL CONSTITUCION - PASCO,AV. FERNANDO BELAUNDE TERRY NRO. S/N PASCO - OXAPAMPA - CONSTITUCION,964824491,PASCO
PE-CONSUCODE-200,MUNICIPALIDAD PROVINCIAL DE CASMA,PLAZA DE ARMAS S/N - CASMA,043412063,ANCASH
PE-CONSUCODE-200510,CORTE SUPERIOR DE JUSTICIA DE SAN MARTIN,JR. PEDRO CANGA NRO. 354 (COSTADO DE LA GORBERNACION) SAN MARTIN - MOYOBAMBA - MOYOBAMBA,,SAN MARTIN
PE-CONSUCODE-200513,CORTE SUPERIOR DE JUSTICIA DE CAJAMARCA,JR. DEL COMERCIO NRO. 676 BR SAN PEDRO (PODER JUDICIAL) CAJAMARCA - CAJAMARCA - CAJAMARCA,111111111,CAJAMARCA
PE-CONSUCODE-204448,AUTORIDAD DE TRANSPORTE URBANO PARA LIMA Y CALLAO,CALLE JOSÉ GALVEZ N° 550 INT. 601 (CRUCE AV. GRAU CON CALLE JOSÉ GÁLVEZ),2242444,LIMA
PE-CONSUCODE-218,MUNICIPALIDAD DISTRITAL DE HUANTAR,PLAZA DE ARMAS S/N,043790271,ANCASH
PE-CONSUCODE-222,MUNICIPALIDAD DISTRITAL DE RAHUAPAMPA,PLAZA DE ARMAS S/N-RAHUAPAMPA,0,ANCASH
PE-CONSUCODE-223,MUNICIPALIDAD DISTRITAL DE RAPAYAN,PLAZA DE ARMAS S/N,,ANCASH
PE-CONSUCODE-228,MUNICIPALIDAD DISTRITAL DE HUALLANCA - HUAYLAS,SANTA ROSA S/N,449006,ANCASH
PE-CONSUCODE-2318,MUNICIPALIDAD DISTRITAL DE CAYALTI,VACIO/NULO,948240160,LAMBAYEQUE
PE-CONSUCODE-2346,EMPRESA DE SERVICIO MUNICIPALES DE AGUA POTABLE Y ALCANTARILLADO DE BARRANCA S.A.,JR. GÁLVEZ N° 640,01-2354138,LIMA
PE-CONSUCODE-2358,EMPRESA MUNICIPAL DE AGUA POTABLE Y ALCANTARILLADO DE TAMBOPATA S.R.L.,AV. ERNESTO RIVERO N° 786,082-571032,MADRE DE DIOS
PE-CONSUCODE-236,MUNICIPALIDAD DISTRITAL DE SANTO TORIBIO,PLAZA DE ARMAS LA CONCORDIA S/N,943529210,ANCASH
PE-CONSUCODE-238,MUNICIPALIDAD DISTRITAL DE CASCA,PLAZA DE ARMAS N° 370 - CASCA,0,ANCASH
PE-CONSUCODE-2392,EMPRESA CONCESIONARIA DE ELECTRICIDAD DE UCAYALI S.A.,CIRCUNVALACION N° 300,576381,UCAYALI
PE-CONSUCODE-239,MUNICIPALIDAD DISTRITAL DE FIDEL OLIVAS ESCUDERO,PLAZA DE ARMAS S/N,0,ANCASH
PE-CONSUCODE-242,MUNICIPALIDAD DISTRITAL DE LLUMPA,JR.FAUSTINO ROCA ROJAS S/N,,ANCASH
PE-CONSUCODE-2442,EMPRESA MUNICIPAL INMOBILIARIA DE LIMA S.A.,JR. ANCASH NRO. 231 LIMA - LIMA - LIMA,2098400,LIMA
PE-CONSUCODE-249,MUNICIPALIDAD DISTRITAL DE HUANDOVAL,PLAZA DE ARMAS 3ER PISO,340229,ANCASH
PE-CONSUCODE-259,MUNICIPALIDAD DISTRITAL DE QUINUABAMBA,PLAZA DE ARMAS S/N,990553038,ANCASH
PE-CONSUCODE-261,MUNICIPALIDAD DISTRITAL DE CATAC,JR. 8 DE ENERO NO 361 2DO PISO,043444647,ANCASH
PE-CONSUCODE-280,MUNICIPALIDAD DISTRITAL DE ACOBAMBA - SIHUAS,PLAZA DE ARMAS DE ACOBAMBA,,ANCASH
PE-CONSUCODE-282,MUNICIPALIDAD DISTRITAL DE CASHAPAMPA,PLAZA DE ARMAS,,ANCASH
PE-CONSUCODE-29,PRESIDENCIA DEL CONSEJO DE MINISTROS,"JIRÓN CARABAYA, CUADRA 1, S/N - LIMA",2197000,LIMA
PE-CONSUCODE-201345,ORGANISMO NACIONAL DE SANIDAD PESQUERA,CARRETERA A VENTANILLA NRO 5.2,5770118,CALLAO
PE-CONSUCODE-343,MUNICIPALIDAD DISTRITAL DE SAN MIGUEL CHACCRAMPA,AV.SAN MIGUEL No 4 2DO PISO INTR. 4,,APURIMAC
PE-CONSUCODE-371,MUNICIPALIDAD DISTRITAL DE COYLLURQUI,PLAZA DE ARMAS 2DO PISO INT.2,111,APURIMAC
PE-CONSUCODE-391,MUNICIPALIDAD DISTRITAL DE COCHARCAS,PLAZA DE ARMAS,0,APURIMAC
PE-CONSUCODE-404,MUNICIPALIDAD DISTRITAL DE MIRAFLORES - AREQUIPA,AV. UNION 316 MIRAFLORES AREQUIPA,054242124,AREQUIPA
PE-CONSUCODE-407,MUNICIPALIDAD DISTRITAL DE POCSI,PLAZA PRINCIPAL,0,AREQUIPA
PE-CONSUCODE-417,MUNICIPALIDAD DISTRITAL DE TIABAYA,ALAMEDA PARDO NO 301,0,AREQUIPA
PE-CONSUCODE-201568,UNIVERSIDAD NACIONAL AUTONOMA DE ALTO AMAZONAS,CALLE LIBERTAD NRO 108,999655380,LORETO
PE-CONSUCODE-441,MUNICIPALIDAD DISTRITAL DE CHAPARRA,JOSE FAUSTINO SANCHEZ CARRION KM.2,0,AREQUIPA
PE-CONSUCODE-455,MUNICIPALIDAD DISTRITAL DE ORCOPAMPA,PLAZA DE ARMAS S/N,0,AREQUIPA
PE-CONSUCODE-474,MUNICIPALIDAD DISTRITAL DE SAN ANTONIO DE CHUCA,PLAZA DE ARMAS PRINCIPAL KM 165,948937172,AREQUIPA
PE-CONSUCODE-537,MUNICIPALIDAD PROVINCIAL DE HUANTA,JR.RAZUHUILLCA NO 183,066322141,AYACUCHO
PE-CONSUCODE-547,MUNICIPALIDAD DISTRITAL DE CHILCAS,PLAZA PRINCIPAL DE CHILCAS,,AYACUCHO
PE-CONSUCODE-551,MUNICIPALIDAD DISTRITAL DE SANTA ROSA - LA MAR,JIRON UNION S/N - SANTA ROSA,0,AYACUCHO
PE-CONSUCODE-201785,MUNICIPALIDAD DISTRITAL VILLA VIRGEN,PLAZA PRINCIPAL,084282104,CUSCO
PE-CONSUCODE-579,MUNICIPALIDAD DISTRITAL DE SAN FRANCISCO DE RIVACAYCO,PLAZA DE ARMAS NO 3 2DO PISO,968676010,AYACUCHO
PE-CONSUCODE-594,MUNICIPALIDAD DISTRITAL DE COLTA,PLAZA DE ARMAS,,AYACUCHO
PE-CONSUCODE-597,MUNICIPALIDAD DISTRITAL DE MARCABAMBA,PLAZA PRINCIPAL,,AYACUCHO
PE-CONSUCODE-615,MUNICIPALIDAD DISTRITAL DE ASUNCION - CAJAMARCA,JR.CUSCO Nº 135 (PLAZA DE ARMAS DISTRITO DE ASUNCION),,CAJAMARCA
PE-CONSUCODE-620,MUNICIPALIDAD DISTRITAL DE LOS BAÑOS DEL INCA,AVENIDA  ATAHUALPA S/N PLAZA DE ARMAS - CENTRO HISTORICO,,CAJAMARCA
PE-CONSUCODE-644,MUNICIPALIDAD DISTRITAL DE CUPISNIQUE,PLAZA DE ARMAS N§211 2DO. PISO,969312709,CAJAMARCA
PE-CONSUCODE-202045,GOBIERNO REGIONAL JUNIN UNIDAD EJECUTORA EDUCACION PROVINCIA JUNIN,SIMON BOLIVAR,064344246,JUNIN
PE-CONSUCODE-680,MUNICIPALIDAD DISTRITAL DE TACABAMBA,JIRON LIMA Nº 549 - TACABAMBA,,CAJAMARCA
PE-CONSUCODE-707,MUNICIPALIDAD PROVINCIAL DE SAN MIGUEL,JR. BOLOGNESI 407 SAN MIGUEL CAJAMARCA,,CAJAMARCA
PE-CONSUCODE-741,MUNICIPALIDAD DISTRITAL DE CHANCAY - SAN MARCOS,PLAZA DE ARMAS,,CAJAMARCA
PE-CONSUCODE-765,MUNICIPALIDAD DISTRITAL DE CHINCHAYPUCYO,PLAZA DE ARMAS S/N CHINCHAYPUCYO,,CUSCO
PE-CONSUCODE-788,MUNICIPALIDAD DISTRITAL DE TUPAC AMARU,PLAZA DE ARMAS,,CUSCO
PE-CONSUCODE-796,MUNICIPALIDAD DISTRITAL DE TINTA,PLAZA DE ARMAS S/N TINTA CANCHIS CUSCO,1-999999999,CUSCO
PE-CONSUCODE-800,MUNICIPALIDAD DISTRITAL DE CHAMACA,CALLE PROGRESO,,CUSCO
PE-CONSUCODE-839,MUNICIPALIDAD DISTRITAL DE ANDAHUAYLILLAS,PLAZA DE ARMAS NO 610,972618833,CUSCO
PE-CONSUCODE-88,MUNICIPALIDAD PROVINCIAL DE BAGUA,AV. HEROES DEL CENEPA NO 1060,041471285,AMAZONAS
PE-CONSUCODE-892,MUNICIPALIDAD DISTRITAL DE SANTO TOMAS DE PATA,PLAZA PRINCIPAL S/N SANTO TOMAS DE PATA,,HUANCAVELICA
PE-CONSUCODE-911,MUNICIPALIDAD DISTRITAL DE COLCABAMBA - TAYACAJA,PLAZA PRINCIPAL DE COLCABAMBA S/N,067837104,HUANCAVELICA
PE-CONSUCODE-896,MUNICIPALIDAD DISTRITAL DE AURAHUA,CALLE PRINCIPAL,,HUANCAVELICA
PE-CONSUCODE-202386,ESCUELA NACIONAL SUPERIOR DE BALLET,SPENCER MZ O LOTE 2,5606428,LIMA
PE-CONSUCODE-949,MUNICIPALIDAD DISTRITAL DE SAN PEDRO DE CORIS,PLAZA DE ARMAS S/N,,HUANCAVELICA
PE-CONSUCODE-1718,MUNICIPALIDAD DISTRITAL DE NUÑOA,PLAZA DE ARMAS S/N,,PUNO
PE-CONSUCODE-10265,INPE-DIRECCION REGIONAL CENTRO - HUANCAYO,Jr. Cuzco 490 HUANCAYO,,JUNIN
PE-CONSUCODE-203686,GOBIERNO REGIONAL DE UCAYALI RED DE SALUD N° 01 CORONEL PORTILLO,LOS TULIPANES MZA 1 LOTE 5,961644747,UCAYALI
PE-CONSUCODE-990,MUNICIPALIDAD DISTRITAL DE HERMILIO VALDIZAN,CARRETERA TINGO MARIA PUCALLPA KM 22,,HUANUCO
PE-CONSUCODE-10171,UNIDAD DE GESTION EDUCATIVA LOCAL UGEL 06 - VITARTE,AV. PARQUE PRINCIPAL S/N,4941496,LIMA
PE-CONSUCODE-1055,MUNICIPALIDAD PROVINCIAL DE PALPA,PORTAL DE ESCRIBANOS,,ICA
PE-CONSUCODE-1859,MUNICIPALIDAD PROVINCIAL DE TUMBES,JR. BOLOGNESI Nº 194 -TUMBES,0,TUMBES
PE-CONSUCODE-200208,HOSPITAL MUNICIPAL LOS OLIVOS,AV. EL NARANJAL Nº 318 LOS OLIVOS,3214549,LIMA
PE-CONSUCODE-810,MUNICIPALIDAD DISTRITAL DE PICHIGUA,PLAZA DE ARMAS S/N PICHIGUA,,CUSCO
PE-CONSUCODE-200825,DIRECCION EJECUTIVA DE INVESTIGACION CRIMINAL Y APOYO A LA JUSTICIA PNP - DIREICAJ  PNP,AV. ESPAÑA N° 323,4239968,LIMA
PE-CONSUCODE-200145,PLAN COPESCO NACIONAL - MINCETUR,AV GALVEZ BARRENECHEA 290 SAN ISIDRO,11111,LIMA
PE-CONSUCODE-142,MUNICIPALIDAD DISTRITAL DE EL CENEPA,PLAZA PRINCIPAL HUAMPANI,000000000,AMAZONAS
PE-CONSUCODE-2413,EMPRESA NACIONAL DE LA COCA S.A.,CAL. TENERIAS NRO. 103 URB. SAN TUTIS CUSCO - CUSCO - SAN SEBASTIAN,5184582027,CUSCO
PE-CONSUCODE-201468,"PROYECTO ESPECIAL DE DESARROLLO DEL VALLE DE LOS RÍO APURIMAC, ENE Y MANTARO- PROVRAEM",PARQUE 4 DE OCTUBRE NRO 03  AYNA SAN FRANCISCO,066312681,AYACUCHO
PE-CONSUCODE-763,MUNICIPALIDAD DISTRITAL DE SANGARARA,PLAZA DE ARMAS S/N,,CUSCO
PE-CONSUCODE-200254,MINISTERIO DEL AMBIENTE,AV. JAVIER PRADO OESTE NRO 1440,6116000,LIMA
PE-CONSUCODE-200121,MTC - AUTORIDAD PORTUARIA NACIONAL,AV. SANTA ROSA Nº 135-LA PERLA-CALLAO,11111111,CALLAO
PE-CONSUCODE-200148,PROGRAMA NACIONAL DE APOYO DIRECTO A LOS MAS POBRES,CALLE SCHELL 310 4TO PISO,4442525,LIMA
PE-CONSUCODE-1319,MUNICIPALIDAD DISTRITAL DE JESUS MARIA,AV. MAREATEGUI Nº 850,,LIMA
PE-CONSUCODE-1189,MUNICIPALIDAD DISTRITAL DE TRES DE DICIEMBRE,AV. PROGRESO,995010500,JUNIN
PE-CONSUCODE-10599,GOBIERNO REGIONAL DE TACNA-TRANSPORTES,AV. SAUCINI 140 TACNA,52426233,TACNA
PE-CONSUCODE-1658,MUNICIPALIDAD DISTRITAL DE PICHACANI,JR. TUPAC AMARU Nª 464,,PUNO
PE-CONSUCODE-977,MUNICIPALIDAD PROVINCIAL DE HUAMALIES - LLATA,JR.HUANUCO No 310,,HUANUCO
PE-CONSUCODE-1094,MUNICIPALIDAD DISTRITAL DE SICAYA,JIRON  REAL Nº 1098 SICAYA,,JUNIN
PE-CONSUCODE-1217,MUNICIPALIDAD PROVINCIAL DE OTUZCO,TACNA 896 2DO PISO,,LA LIBERTAD
PE-CONSUCODE-1092,MUNICIPALIDAD DISTRITAL DE SAN PEDRO DE SAÑO,PLAZA PRINCIPAL 2DO PISO,999954836,JUNIN
PE-CONSUCODE-1646,MUNICIPALIDAD DISTRITAL DE VICE,AV. MIGUEL FERRO NO 285 VICE SECHURA PIURA,073376053,PIURA
PE-CONSUCODE-1030,MUNICIPALIDAD DISTRITAL DE PUEBLO NUEVO - ICA,EL CARMEN S/N,,ICA
PE-CONSUCODE-1434,MUNICIPALIDAD DISTRITAL DE SURCO,JR.BOLOGNESI S/N KM.67,995040648,LIMA
PE-CONSUCODE-410,MUNICIPALIDAD DISTRITAL DE SABANDIA,AV.PRINCIPAL S/N,0,AREQUIPA
PE-CONSUCODE-200108,GOBIERNO REGIONAL DE CUSCO - UNIDAD EJECUTORA 401:SALUD CANAS CANCHIS ESPINAR,AV. CARRION Nº 102 SICUANI CANCHIS CUSCO,,CUSCO
PE-CONSUCODE-10151,JEFATURA DE LA VIII RPNP-HUANCAYO,JR. CUZCO N° 666,980121872,JUNIN
PE-CONSUCODE-10550,GOBIERNO REGIONAL DE PASCO-SALUD AIS UTES OXAPAMPA,JR. ENRIQUE BOTTGER OXAPAMPA,,PASCO
PE-CONSUCODE-107,MUNICIPALIDAD DISTRITAL DE CAMPORREDONDO,JR.SANTOS CHOCANO NO 194,952880220,AMAZONAS
PE-CONSUCODE-1907,UNIVERSIDAD NACIONAL PEDRO RUIZ GALLO,CALLE JUAN XXIII Nº 391,074281557,LAMBAYEQUE
PE-CONSUCODE-1868,MUNICIPALIDAD DISTRITAL DE AGUAS VERDES,AV. REPUBLICA DEL PERU Nº339,41814379,TUMBES
PE-CONSUCODE-164,MUNICIPALIDAD DISTRITAL DE CORIS,JR. SAN PEDRO S/N - PLAZA DE ARMAS,043826505,ANCASH
PE-CONSUCODE-581,MUNICIPALIDAD PROVINCIAL DE VILCASHUAMAN,PLAZA PRINCIPAL VILCASHUAMAN,,AYACUCHO
PE-CONSUCODE-2375,ENTIDAD PRESTADORA DE SERVICIOS DE SANEAMIENTO SELVA CENTRAL S.A.,PSJE SAN PEDRO Nº 142,064-784666,JUNIN
PE-CONSUCODE-514,MUNICIPALIDAD DISTRITAL DE SANTIAGO DE PISCHA,PLAZA PRINCIPAL SAN PEDRO,0,AYACUCHO
PE-CONSUCODE-204046,CORTE SUPERIOR DE JUSTICIA DE APURIMAC,DIAZ BARCENAS,083595500,APURIMAC
PE-CONSUCODE-200437,PROGRAMA NACIONAL CUNA MAS,AV. SAN MARTIN NRO. 685 LIMA - LIMA - PUEBLO LIBRE (MAGDALENA VIEJA),,LIMA
PE-CONSUCODE-204950,PROGRAMA NACIONAL DE INVESTIGACIÓN CIENTÍFICA Y ESTUDIOS AVANZADOS,CAL.CHINCHÓN NRO. 867,6440004,LIMA
PE-CONSUCODE-1066,MUNICIPALIDAD DISTRITAL DE SAN CLEMENTE,AV. LOS LIBERTADORES NO 719,981824814,ICA
PE-CONSUCODE-200366,PROYECTO DE MODERNIZACION DE LA GESTION DE LOS RECURSOS HIDRICOS,AV. JOAQUIN MADRID N 384 - URB. BEGONIAS,11111111,LIMA
PE-CONSUCODE-629,MUNICIPALIDAD DISTRITAL DE CONDEBAMBA,AV. CAJAMARCA Nº 394 - CAUDAY,,CAJAMARCA
PE-CONSUCODE-1684,MUNICIPALIDAD DISTRITAL DE ITUATA,PLAZA DE ARMAS S/N,,PUNO
PE-CONSUCODE-638,MUNICIPALIDAD DISTRITAL DE OXAMARCA,JR DOS DE MAYO SN PLAZA DE ARMAS,11111111,CAJAMARCA
PE-CONSUCODE-10197,INSTITUTO NACIONAL DE REHABILITACION,AV DEFENSORES DEL MORRO S N LOTIZ RINCONADA DE VILLA,7173200,LIMA
PE-CONSUCODE-660,MUNICIPALIDAD DISTRITAL DE SAN LUIS DE LUCMA,AV. EL COMERCIO Nº651,,CAJAMARCA
PE-CONSUCODE-1412,MUNICIPALIDAD DISTRITAL DE HUAROCHIRI,JR. SAN MARTIN Nº 209 - HUAROCHIRI,974632130,LIMA
PE-CONSUCODE-1864,MUNICIPALIDAD DISTRITAL DE SAN JUAN DE LA VIRGEN,FRANCISCO IBAÑEZ No 118,,TUMBES
PE-CONSUCODE-10569,GOBIERNO REGIONAL DE PUNO-EDUCACION PUNO,JR. CARABAYA PUNO,,PUNO
PE-CONSUCODE-572,MUNICIPALIDAD DISTRITAL DE SAN CRISTOBAL - LUCANAS,PLAZA DE ARMAS 2DO PISO,,AYACUCHO
PE-CONSUCODE-1867,MUNICIPALIDAD PROVINCIAL DE ZARUMILLA,AV.28 DE JULIO Nº135,995109246,TUMBES
PE-CONSUCODE-1511,MUNICIPALIDAD DISTRITAL DE ALTO TAPICHE,ALTO TAPICHE,976070232,LORETO
PE-CONSUCODE-299,MUNICIPALIDAD DISTRITAL DE SAN NICOLAS,PLAZA DE ARMAS S/N,43837102,ANCASH
PE-CONSUCODE-200075,GOBIERNO REGIONAL DE PUNO-EDUCACIÓN CARABAYA MACUSANI,JR. GRAU 411 MACUSANI,,PUNO
PE-CONSUCODE-1503,MUNICIPALIDAD DISTRITAL DE YAVARI,YSLANDIA S/N,,LORETO
PE-CONSUCODE-1621,MUNICIPALIDAD PROVINCIAL DE PAITA,JR. PLAZA DE ARMAS S/N - PAITA,,PIURA
PE-CONSUCODE-200029,FONDO DE ASEGURAMIENTO EN SALUD DE LA POLICIA NACIONAL DEL PERU,PARQUE MALDONADO NRO 142 ALT CDRA 2 DE LA AV DEL RIO,014630743,LIMA
PE-CONSUCODE-1759,MUNICIPALIDAD DISTRITAL DE JEPELACIO,JR. 26 DE OCTUBRE Nº100 KM.14,995201874,SAN MARTIN
PE-CONSUCODE-798,MUNICIPALIDAD DISTRITAL DE CCAPACMARCA,PLAZA DE ARMAS CAPACMARCA,,CUSCO
PE-CONSUCODE-377,MUNICIPALIDAD DISTRITAL DE GAMARRA,PALPACACHI,,APURIMAC
PE-CONSUCODE-757,MUNICIPALIDAD PROVINCIAL DE ACOMAYO,PLAZA DE ARMAS,,CUSCO
PE-CONSUCODE-10537,GOBIERNO REGIONAL DE MADRE DE DIOS-EDUCACION,AV. 28 DE JULIO CDRA. 5,,MADRE DE DIOS
PE-CONSUCODE-10596,GOBIERNO REGIONAL DE SAN MARTIN-SUB REGION BAJO MAYO-TARAPOTO,JR. ORELLANA N° 634 - TARAPOTO,,SAN MARTIN
PE-CONSUCODE-1222,MUNICIPALIDAD DISTRITAL DE MACHE,ESQ.LEGUIA Y 28 DE JULIO S/N,953992449,LA LIBERTAD
PE-CONSUCODE-200283,ORGANISMO DE SUPERVISION DE LOS RECURSOS FORESTALES Y DE FAUNA SILVESTRE,AV. JAVIER PRADO OESTE NRO 692-694 MAGDALENA DEL MAR,6157373,LIMA
PE-CONSUCODE-1392,MUNICIPALIDAD DISTRITAL DE CHANCAY - HUARAL,CALLE DIEGO LOPEZ DE ZUÑIGA Nº142 PLAZA DE ARMAS,3771004,LIMA
PE-CONSUCODE-746,MUNICIPALIDAD DISTRITAL DE CARMEN DE LA LEGUA REYNOSO,AV. PRIMERO DE MAYO No 898,,CALLAO
PE-CONSUCODE-1310,MUNICIPALIDAD DISTRITAL DE BARRANCO,AV.PROLONGACION SAN MARTIN S/N,,LIMA
PE-CONSUCODE-506,MUNICIPALIDAD DISTRITAL DE ACOCRO,PLAZA PRINCIPAL DE ACOCRO S/N,0,AYACUCHO
PE-CONSUCODE-348,MUNICIPALIDAD DISTRITAL DE JUAN ESPINOZA MEDRANO,PLAZA DE ARMAS,,APURIMAC
PE-CONSUCODE-1226,MUNICIPALIDAD DISTRITAL DE USQUIL,PROGRESO 225-2DO PISO,,LA LIBERTAD
PE-CONSUCODE-569,MUNICIPALIDAD DISTRITAL DE SAN JUAN - LUCANAS,PLAZA DE ARMAS,,AYACUCHO
PE-CONSUCODE-1232,MUNICIPALIDAD PROVINCIAL DE PATAZ - TAYABAMBA,JR. JOSE GALVEZ No 320 TAYABAMBA,,LA LIBERTAD
PE-CONSUCODE-10201,GOBIERNO REGIONAL DEL CALLAO - HOSPITAL DANIEL ALCIDES CARRION,AV. GUARDIA CHALACA 1821 CALLAO,6147474,CALLAO
PE-CONSUCODE-204346,MEJORAMIENTO DE SERVICIOS A CIUDADANOS Y EMPRESAS,TARATA 160,2197000,LIMA
PE-CONSUCODE-916,MUNICIPALIDAD DISTRITAL DE PAZOS,PLAZA PRINCIPAL S/N PAZOS,,HUANCAVELICA
PE-CONSUCODE-201305,ORGANISMO TECNICO DE LA ADMINISTRACION DE SERVICIOS DE SANEAMIENTO,PASEO DE LA REPUBLICA NRO 3361,2117930,LIMA
PE-CONSUCODE-200722,DIRECCION EJECUTIVA ANTIDROGAS - POLICIA NACIONAL DE PERU,JR. ORACIO CACHAY N° 101,4414078,LIMA
PE-CONSUCODE-1011,MUNICIPALIDAD DISTRITAL DE RONDOS,JIRON  PALMAS S/N - PLAZA DE ARMAS,,HUANUCO
PE-CONSUCODE-10179,GOBIERNO REGIONAL DE LIMA - UNIDAD DE GESTION EDUCATIVA LOCAL UGEL 14 - OYON,AV. ALFONSO UGARTE S/N,2372043,LIMA
PE-CONSUCODE-1021,MUNICIPALIDAD PROVINCIAL DE HUACAYBAMBA,PLAZA DE ARMAS,,HUANUCO
PE-CONSUCODE-10212,HOSPITAL DE APOYO DEPARTAMENTAL MARIA AUXILIADORA,AV. MIGUEL IGLESIAS 968 LIMA,000000,LIMA
PE-CONSUCODE-10217,HOSPITAL DE EMERGENCIAS - JOSÉ CASIMIRO ULLOA,AV. ROOSEVELT NRO 6355 6375,2418627,LIMA
PE-CONSUCODE-10395,GOBIERNO REGIONAL DE ANCASH - SALUD UTES  HUARAZ  HOSPITAL VICTOR RAMOS GUARDIA,AV. LUZURIAGA S/N  CDRA 12 ANCASH - HUARAZ - HUARAZ,043424146,ANCASH
PE-CONSUCODE-10409,GOBIERNO REGIONAL DE APURIMAC-EDUCACION CHANKA,JR. ALFONSO UGARTE 346 ANDAHUAYLAS,,APURIMAC
PE-CONSUCODE-202625,GOBIERNO REGIONAL HUANCAVELICA RED DE SALUD ANGARAES,LIMA,067458281,HUANCAVELICA
PE-CONSUCODE-10471,GOBIERNO REGIONAL DE ICA-SALUD,SAN MIGUEL I 223,922385320,ICA
PE-CONSUCODE-1051,MUNICIPALIDAD DISTRITAL DE CHANGUILLO,AV.MANUEL ROJAS S/N,,ICA
PE-CONSUCODE-10555,GOBIERNO REGIONAL DE PIURA-EDUCACION,PROLONGACIÓN GRAU  PIURA,,PIURA
PE-CONSUCODE-10601,GOBIERNO REGIONAL DE TACNA-SALUD,CALLE BLONDELL TACNA,,TACNA
PE-CONSUCODE-1060,MUNICIPALIDAD PROVINCIAL DE PISCO,SAN JUAN DE DIOS S/N,,ICA
PE-CONSUCODE-10607,GOBIERNO REGIONAL DE TUMBES - DIRECCION REGIONAL SALUD TUMBES,"AV. FRANCISCO BELAUNDE TERRY, URB. JOSÉ LISHNER TUDELA TUMBES",,TUMBES
PE-CONSUCODE-1072,MUNICIPALIDAD DISTRITAL DE CHILCA - HUANCAYO,AV.HUANCAVELICA NO 606,064-216658,JUNIN
PE-CONSUCODE-108,MUNICIPALIDAD DISTRITAL DE COCABAMBA,JR. MORI DIEGO 451,,AMAZONAS
PE-CONSUCODE-202925,GOBIERNO REGIONAL CAJAMARCA SALUD SAN IGNACIO,MARULANDA,076356389,CAJAMARCA
PE-CONSUCODE-1204,MUNICIPALIDAD DISTRITAL DE BAMBAMARCA,TRANSITORIA S/N,956996406,LA LIBERTAD
PE-CONSUCODE-1212,MUNICIPALIDAD DISTRITAL DE CHUGAY,AV .HUAMACHUCO S/N-PLAZA DE ARMAS CHUGAY,949838414,LA LIBERTAD
PE-CONSUCODE-1213,MUNICIPALIDAD DISTRITAL DE MARCABAL,SEÑOR DE LA MISERICORDIA S/N,,LA LIBERTAD
PE-CONSUCODE-1253,MUNICIPALIDAD PROVINCIAL DE ASCOPE,LEONCIO PRADO Nº301,,LA LIBERTAD
PE-CONSUCODE-1257,MUNICIPALIDAD DISTRITAL DE PAIJAN,CALLE GRAU Nº 207 PAIJAN ASCOPE LA LIBERTAD,044544396,LA LIBERTAD
PE-CONSUCODE-1294,MUNICIPALIDAD DISTRITAL DE PUEBLO NUEVO - FERRENAFE,CALLE CASIMIRO CHUMAN NO 517 - PUEBLO NUEVO,74286995,LAMBAYEQUE
PE-CONSUCODE-1318,MUNICIPALIDAD DISTRITAL DE INDEPENDENCIA - LIMA,AV.TUPAC AMARU S/N KM.4.5,,LIMA
PE-CONSUCODE-1339,MUNICIPALIDAD DISTRITAL DE SAN JUAN DE MIRAFLORES,LOS HEROES Nº655,,LIMA
PE-CONSUCODE-1394,MUNICIPALIDAD DISTRITAL DE IHUARI,CALLE AMARGURA S/N,968210069,LIMA
PE-CONSUCODE-1397,MUNICIPALIDAD DISTRITAL DE VEINTISIETE DE NOVIEMBRE,PLAZA DE ARMAS S/N,2464230,LIMA
PE-CONSUCODE-1405,MUNICIPALIDAD DISTRITAL DE CALLAHUANCA,PLAZA PRINCIPAL DE CALLAHUANCA,4261818,LIMA
PE-CONSUCODE-1431,MUNICIPALIDAD DISTRITAL DE SANTIAGO DE ANCHUCAYA,PLAZA DE ARMAS S/N,989964009,LIMA
PE-CONSUCODE-146,MUNICIPALIDAD DISTRITAL DE CUMBA,AV.SAN PEDRO Nº 1054,941700585,AMAZONAS
PE-CONSUCODE-1530,MUNICIPALIDAD PROVINCIAL DE MANU,LA ESPERANZA S/N,,MADRE DE DIOS
PE-CONSUCODE-1559,MUNICIPALIDAD DISTRITAL DE HUAYLLAY,PLAZA DE ARMAS S/N HUAYLLAY PASCO PASCO,963514131,PASCO
PE-CONSUCODE-1580,MUNICIPALIDAD DISTRITAL DE PUERTO BERMUDEZ,PLAZA MUNICIPAL.INT.2,998410007,PASCO
PE-CONSUCODE-1565,MUNICIPALIDAD DISTRITAL DE TICLACAYAN,PLAZA PRINCIPAL SN TICLACAYAN,959536194,PASCO
PE-CONSUCODE-1588,MUNICIPALIDAD DISTRITAL DE EL TALLAN,SAN LUIS S/N,,PIURA
PE-CONSUCODE-1594,MUNICIPALIDAD DISTRITAL DE FRIAS,LIMA Nº235,,PIURA
PE-CONSUCODE-1606,MUNICIPALIDAD DISTRITAL DE EL CARMEN DE LA FRONTERA - SAPALACHE,PLAZA DE ARMAS S/N,948951797,PIURA
PE-CONSUCODE-1633,MUNICIPALIDAD DISTRITAL DE MIGUEL CHECA,AV. VICTORIA Nº485,968229403,PIURA
PE-CONSUCODE-166,MUNICIPALIDAD DISTRITAL DE LA MERCED - AIJA,PLAZA DE ARMAS S/N,43423470,ANCASH
PE-CONSUCODE-168,MUNICIPALIDAD PROVINCIAL DE ANTONIO RAYMONDI - LLAMELLIN,PLAZA DE ARMAS Nº 120,043-830266,ANCASH
PE-CONSUCODE-1694,MUNICIPALIDAD DISTRITAL DE KELLUYO,PLAZA DE ARMAS S/N,,PUNO
PE-CONSUCODE-1710,MUNICIPALIDAD DISTRITAL DE PUCARA - LAMPA,PLAZA BOLIVAR S/N,,PUNO
PE-CONSUCODE-1823,MUNICIPALIDAD PROVINCIAL DE TOCACHE,JR.SAN MARTIN S/N Nº3er piso,,SAN MARTIN
PE-CONSUCODE-1888,UNIVERSIDAD NACIONAL DANIEL ALCIDES CARRION,PASAJE 28 DE JULIO EDIFICIO ESTATAL NO 04 SAN JUAN,063423564,PASCO
PE-CONSUCODE-1934,ZONA REGISTRAL N° XIII SEDE TACNA,CALLE ARICA NRO 731 TACNA,052246581,TACNA
PE-CONSUCODE-194,GOBIERNO LOCAL DISTRITAL DE MARCARA,PLAZA DE ARMAS S/N - MARCARA,043443036,ANCASH
PE-CONSUCODE-1944,CENTRO DE FORMACION EN TURISMO,JR. PEDRO MARTINO N° 320 - BARRANCO,,LIMA
PE-CONSUCODE-200025,PROGRAMA NACIONAL DE SANEAMIENTO URBANO,AV. REPÚBLICA DE PANAMÁ Nº 3650,2117930,LIMA
PE-CONSUCODE-200175,GOBIERNO REGIONAL DE ICA - RED DE SALUD ICA,Vacio/Nulo,,ICA
PE-CONSUCODE-200189,SIERRA EXPORTADORA,CALLE LOS ZORZALES 160 URB EL PALOMAR SAN ISIDRO,2150730,LIMA
PE-CONSUCODE-200318,INVERSION PUBLICA SUNAT,"AV. REPUBLICA DE COLOMBIA 643, PISO 6 - SAN ISIDRO",,LIMA
PE-CONSUCODE-200455,PROGRAMA NACIONAL DE BECAS Y CREDITO EDUCATIVO,AV AREQUIPA NO 1935 LINCE,6128230,LIMA
PE-CONSUCODE-200568,GOBIERNO REGIONAL DE ICA - UNIDAD EJECUTORA 407 HOSPITAL DE APOYO PALPA,CAL. INDEPENDENCIA NRO. S/N (EN EL HOSP. LADO BENEFICIENCIA PUBLICA) ICA - PALPA - PALPA,056-404053,ICA
PE-CONSUCODE-226,MUNICIPALIDAD DISTRITAL DE UCO,PLAZA DE ARMAS S/N,,ANCASH
PE-CONSUCODE-2381,ENTIDAD PRESTADORA DE SERVICIO DE SANEAMIENTO GRAU S.A.,LA ARENA CON JR. ZELAYA S/N,073-306147,PIURA
PE-CONSUCODE-201245,UNIVERSIDAD NACIONAL AUTONOMA ALTOANDINA DE TARMA,CUSCO,949640353,JUNIN
PE-CONSUCODE-274,MUNICIPALIDAD DISTRITAL DE NEPEÑA,PLAZA DE ARMAS S/N,,ANCASH
PE-CONSUCODE-287,MUNICIPALIDAD DISTRITAL DE SAN JUAN - SIHUAS,AV.SAN JUAN S/N,,ANCASH
PE-CONSUCODE-30,REGISTRO NACIONAL DE IDENTIFICACION Y ESTADO CIVIL,JR. BOLIVIA Nº 109 - TORRE CENTRO CIVICO,3152700,LIMA
PE-CONSUCODE-201548,GOBIERNO REGIONAL DE CUSCO - UE 409 HOSPITAL ALFREDO CALLO RODRIGUEZ- SICUANI - CANCHIS,AV MANUEL COLLO ZEVALLOS,351020,CUSCO
PE-CONSUCODE-464,MUNICIPALIDAD DISTRITAL DE CALLALLI,PLAZA DE ARMAS,0,AREQUIPA
PE-CONSUCODE-479,MUNICIPALIDAD DISTRITAL DE YANQUE,CALLE LIMA LOTE 1,0,AREQUIPA
PE-CONSUCODE-488,MUNICIPALIDAD PROVINCIAL DE ISLAY - MOLLENDO,AREQUIPA,0,AREQUIPA
PE-CONSUCODE-52,GOBIERNO REGIONAL DE TUMBES Sede Central,AV. LA MARINA Nº 200,524464,TUMBES
PE-CONSUCODE-544,MUNICIPALIDAD PROVINCIAL DE LA MAR - SAN MIGUEL,PLAZA PRINCIPAL  Nº 12,0,AYACUCHO
PE-CONSUCODE-549,MUNICIPALIDAD DISTRITAL DE LUIS CARRANZA,PLAZA PRINCIPAL,0,AYACUCHO
PE-CONSUCODE-582,MUNICIPALIDAD DISTRITAL DE ACCOMARCA,PLAZA PRINCIPAL,,AYACUCHO
PE-CONSUCODE-634,MUNICIPALIDAD DISTRITAL DE HUASMIN,JR. AREQUIPA Nº47,,CAJAMARCA
PE-CONSUCODE-640,MUNICIPALIDAD DISTRITAL DE SUCRE,AV. NAZARIO CHAVEZ ALIAGA N° 270,,CAJAMARCA
PE-CONSUCODE-710,MUNICIPALIDAD DISTRITAL DE LLAPA,JR.RAMON CASTILLA Nº250,,CAJAMARCA
PE-CONSUCODE-718,MUNICIPALIDAD DISTRITAL DE CATILLUC,JR. 20 DE AGOSTO S/N,,CAJAMARCA
PE-CONSUCODE-879,MUNICIPALIDAD DISTRITAL DE PAUCARA,PLAZA PRINCIPAL S/N DISTRITO DE PAUCARA,064629172,HUANCAVELICA
PE-CONSUCODE-880,MUNICIPALIDAD DISTRITAL DE POMACOCHA - ACOBAMBA,PLAZA PRINCIPAL S/N,,HUANCAVELICA
PE-CONSUCODE-925,MUNICIPALIDAD PROVINCIAL DE HUAYTARA,CALLE MUNICIPALIDAD Nº 100,,HUANCAVELICA
PE-CONSUCODE-93,MUNICIPALIDAD DISTRITAL DE IMAZA,AV AWAJUN SN CHIRIACO,9427816844,AMAZONAS
PE-CONSUCODE-999,MUNICIPALIDAD DISTRITAL DE CHAGLLA,JR. MAYRO Nº 308 - CHAGLLA,,HUANUCO
PE-CONSUCODE-1578,MUNICIPALIDAD DISTRITAL DE CHONTABAMBA,JR. JOSE WALIJEWSKI SZIDLO CHONTABAMBA,63791707,PASCO
PE-CONSUCODE-720,MUNICIPALIDAD PROVINCIAL DE SAN PABLO,JR.LIMA Nº679,,CAJAMARCA
PE-CONSUCODE-10475,GOBIERNO REGIONAL DE ICA- SALUD PALPA- NASCA,JR. CALLAO NAZCA,056500212,ICA
PE-CONSUCODE-524,MUNICIPALIDAD DISTRITAL DE TOTOS,PLAZA PRINCIPAL S/N,,AYACUCHO
PE-CONSUCODE-1433,MUNICIPALIDAD DISTRITAL DE SANTO DOMINGO DE LOS OLLEROS,PLAZA DE ARMAS S/N,941382959,LIMA
PE-CONSUCODE-460,MUNICIPALIDAD DISTRITAL DE VIRACO,PLAZA DE ARMAS NO 102,,AREQUIPA
PE-CONSUCODE-1960,INSTITUTO GEOFISICO DEL PERU,Badajoz N1 169 Urb. Mayorasgo Ate,,LIMA
PE-CONSUCODE-1218,MUNICIPALIDAD DISTRITAL DE AGALLPAMPA,CESAR VALLEJO S/N,44436142,LA LIBERTAD
PE-CONSUCODE-200159,HOSPITAL DE VITARTE,NICOLÁS AYLLÓN NO. 5880 VITARTE,000000,LIMA
PE-CONSUCODE-1527,MUNICIPALIDAD DISTRITAL DE INAMBARI,PLAZA DE ARMAS,,MADRE DE DIOS
PE-CONSUCODE-149,MUNICIPALIDAD DISTRITAL DE LONYA GRANDE,JR. DOS DE MAYO Nº. 256 2DO PISO,041-796236,AMAZONAS
PE-CONSUCODE-739,MUNICIPALIDAD DISTRITAL  JOSE MANUEL QUIROZ,PLAZA DE ARMAS S/N SHIRAC,,CAJAMARCA
PE-CONSUCODE-10010,GOBIERNO REGIONAL DE LIMA - HOSPITAL CHANCAY Y SERVICIOS BASICOS DE SALUD,CALLE MARISCAL SUCRE S/N CHANCAY,3771941,LIMA
PE-CONSUCODE-1564,MUNICIPALIDAD DISTRITAL DE SIMON BOLIVAR,AV. SIMON BOLIVAR Nº2 2DO. PISO,941991110,PASCO
PE-CONSUCODE-767,MUNICIPALIDAD DISTRITAL DE LIMATAMBO,PLAZA DE ARMAS,,CUSCO
PE-CONSUCODE-202405,ZONA REGISTRAL NRO XIV SEDE AYACUCHO,ENACE,974634768,AYACUCHO
PE-CONSUCODE-1472,MUNICIPALIDAD DISTRITAL DE SUPE PUERTO,CALLE TRUJILLO Nº163,984813326,LIMA
PE-CONSUCODE-200369,GOBIERNO REGIONAL DE AYACUCHO - UNIDAD EJECUTORA 305 EDUCACION HUANTA,JR. ODILON VEGA Nº 135,,AYACUCHO
PE-CONSUCODE-1329,MUNICIPALIDAD DISTRITAL DE PACHACAMAC,JR. PARAISO Nº206,,LIMA
PE-CONSUCODE-204528,PROGRAMA DE PENSIÓN NO CONTRIBUTIVA A PERSONAS CON DISCAPACIDAD SEVERA EN SITUACIÓN DE POBREZA,AV. FAUSTINO SANCHEZ CARRION NRO. 417,6449006,LIMA
PE-CONSUCODE-10181,GOBIERNO REGIONAL DE LIMA - UNIDAD DE GESTION EDUCATIVA LOCAL Nº 16 BARRANCA,JR. ARICA NRO. 491 LIMA - BARRANCA - BARRANCA,,LIMA
PE-CONSUCODE-368,MUNICIPALIDAD DISTRITAL DE JUSTO APU SAHUARAURA,PLAZA DE ARMAS,,APURIMAC
PE-CONSUCODE-10611,GOBIERNO REGIONAL DE UCAYALI-RAYMONDI,JR. RIMAC Y CALLE IQUITOS ATALAYA,,UCAYALI
PE-CONSUCODE-10352,GOBIERNO REGIONAL DE PIURA - PROYECTO ESPECIAL CHIRA PIURA,KM. 3.5 CARRETERA PANAMERICANA PIURA-SULLANA,07332130,PIURA
PE-CONSUCODE-10480,GOBIERNO REGIONAL DE JUNIN-EDUCACION,JULIO  C.  TELLO HUANCAYO,,JUNIN
PE-CONSUCODE-200571,GOBIERNO REGIONAL DE CAJAMARCA - UNIDAD DE GESTION EDUCATIVA LOCAL SAN PABLO,MIGUEL IGLESIAS,076559050,CAJAMARCA
PE-CONSUCODE-10614,GOBIERNO REGIONAL DE UCAYALI - DIRECCIÓN REGIONAL SECTORIAL DE AGRICULTURA UCAYALI,JR. JOSE GALVEZ 287 PUCALLPA,,UCAYALI
PE-CONSUCODE-664,MUNICIPALIDAD DISTRITAL DE SOCOTA,CALLE 14 DE MAYO S/N - PLAZA DE ARMAS  - SOCOTA,,CAJAMARCA
PE-CONSUCODE-745,MUNICIPALIDAD DISTRITAL DE LA PUNTA,JR. SAENZ PEÑA Nº 298,,CALLAO
PE-CONSUCODE-1792,MUNICIPALIDAD DISTRITAL DE YURACYACU,JR. SAN FRANCISCO Nº308,943682606,SAN MARTIN
PE-CONSUCODE-1760,MUNICIPALIDAD DISTRITAL DE SORITOR,JR. HIPOLITO RANGEL Nº510 - SORITOR,990792633,SAN MARTIN
PE-CONSUCODE-1300,MUNICIPALIDAD DISTRITAL DE MORROPE,CALLE BOLOGNESI Nº 402,979104197,LAMBAYEQUE
PE-CONSUCODE-618,MUNICIPALIDAD DISTRITAL DE LA ENCAÑADA,JR.LIMA N° 153 - LA ENCAÑADA.,,CAJAMARCA
PE-CONSUCODE-150,MUNICIPALIDAD DISTRITAL DE YAMON,PLAZA PRINCIPAL,973981093,AMAZONAS
PE-CONSUCODE-2439,SERVICIO INDUSTRIAL DE LA MARINA S.A.,CONTRALMIRANTE MORA N° 1102,4131100,CALLAO
PE-CONSUCODE-1900,UNIVERSIDAD NACIONAL DEL SANTA,AV.  PACÍFICO  508 - URB. BUENOS AIRES,,ANCASH
PE-CONSUCODE-1949,"CONSEJO NACIONAL DE CIENCIA, TECNOLOGIA E INNOVACION TECNOLOGICA",CALLE GRIMALDO DEL SOLAR NO 346,3990030,LIMA
PE-CONSUCODE-204589,HOSPITAL EMERGENCIA ATE VITARTE,AV. JOSE CARLOS MARIATEGUI N° 364,996655563,LIMA
PE-CONSUCODE-1980,INSTITUTO NACIONAL PENITENCIARIO,JR. CARABAYA Nº 456 - CERCADO DE LIMA,4261578,LIMA
PE-CONSUCODE-1370,MUNICIPALIDAD DISTRITAL DE LUNAHUANA,PLAZA DE ARMAS S/N,2841006,LIMA
PE-CONSUCODE-10044,GOBIERNO REGIONAL DE CUSCO-ESCUELA DE BELLAS ARTES DIEGO QUISPE TITO,CALLE MARQUEZ N 271,084231491,CUSCO
PE-CONSUCODE-1006,MUNICIPALIDAD DISTRITAL DE YUYAPICHIS,JR. 19 DE DICIEMBRE,,HUANUCO
PE-CONSUCODE-1013,MUNICIPALIDAD DISTRITAL DE SAN MIGUEL DE CAURI,ESPIRITU SANTO,,HUANUCO
PE-CONSUCODE-10168,UNIDAD DE GESTION EDUCATIVA LOCAL UGEL 03 - LIMA CERCADO,JIRON ANDAHUAYLAS 577 LIMA LIMA LIMA,4273210,LIMA
PE-CONSUCODE-10180,GOBIERNO REGIONAL DE LIMA - UNIDAD DE GESTION EDUCATIVA LOCAL UGEL 15 - HUAROCHIRI,JR. LIMA 387 MATUCANA,2443149,LIMA
PE-CONSUCODE-10186,ESCUELA NACIONAL DE BELLAS ARTES,JR. ANCASH LIMA,,LIMA
PE-CONSUCODE-102,MUNICIPALIDAD DISTRITAL DE SHIPASBAMBA,JR.MIGUEL GRAU,941865566,AMAZONAS
PE-CONSUCODE-10417,GOBIERNO REGIONAL DE AREQUIPA-PROYECTO ESPECIAL COPASA,CALLE PALACIO VIEJO 416,,AREQUIPA
PE-CONSUCODE-10428,GOBIERNO REGIONAL DE AYACUCHO-EDUCACION,JR. 28 DE JULIO NO 383 AYACUCHO,066312364,AYACUCHO
PE-CONSUCODE-1043,MUNICIPALIDAD DISTRITAL DE EL CARMEN - CHINCHA,PLAZA DE ARMAS NO 127,056274036,ICA
PE-CONSUCODE-10440,GOBIERNO REGIONAL DE CAJAMARCA - SALUD CAJAMARCA,AV. MARIO URTEAGA N° 500,,CAJAMARCA
PE-CONSUCODE-10493,GOBIERNO REGIONAL DE LA LIBERTAD-EDUCACION USE PACASMAYO,AV. RAYMONDI 107 PACASMAYO,,LA LIBERTAD
PE-CONSUCODE-10499,GOBIERNO REGIONAL DE LA LIBERTAD-EDUCACION USE PATAZ,Jr. Grau 153 TAYABAMBA,,LA LIBERTAD
PE-CONSUCODE-10505,GOBIERNO REGIONAL DE LA LIBERTAD-SALUD UTES CHEPEN,AV. 28 DE JULIO CHEPEN,,LA LIBERTAD
PE-CONSUCODE-10536,GOBIERNO REGIONAL DE MADRE DE DIOS-DIRECCION REGIONAL DE TRANSPORTE Y COMUNICACIONES,JR. LORETO 178 PUERTO MALDONADO,,MADRE DE DIOS
PE-CONSUCODE-10542,GOBIERNO REGIONAL DE MOQUEGUA-EDUCACION,URB. ENRIQUE LOPEZ ALBUJAR MZ. B LOTE 01 1RA. ETAPA CPM SAN ANTONIO,053-461651,MOQUEGUA
PE-CONSUCODE-10561,GOBIERNO REGIONAL DE PIURA-SALUD MORROPON-CHULUCANAS,AV. RAMÓN CASTILLA 1351 CHULUCANAS,,PIURA
PE-CONSUCODE-1057,MUNICIPALIDAD DISTRITAL DE RIO GRANDE - PALPA,TUPAC AMARU No 2 2DO PISO,,ICA
PE-CONSUCODE-10567,GOBIERNO REGIONAL DE PUNO-AGRICULTURA,JR MOQUEGUA 264 PUNO,,PUNO
PE-CONSUCODE-10573,GOBIERNO REGIONAL DE PUNO-SALUD PUNO-LAMPA,JR.  JOSE ANTONIO ENCINAS 145 PUNO,,PUNO
PE-CONSUCODE-10612,GOBIERNO REGIONAL DE UCAYALI - GERENCIA SUB REGIONAL DE PADRE ABAD AGUAYTIA,CARRETERA FEDERICO BASADRE 163 PADRE ABAD PADRE ABAD UCAYALI,061-586120,UCAYALI
PE-CONSUCODE-1093,MUNICIPALIDAD DISTRITAL DE SAPALLANGA,RICARDO PALMA SN,971159960,JUNIN
PE-CONSUCODE-1102,MUNICIPALIDAD DISTRITAL DE HEROINAS TOLEDO,PLAZA PRINCIPAL S/N SAN ANTONIO,941904159,JUNIN
PE-CONSUCODE-1157,MUNICIPALIDAD DISTRITAL DE LLAYLLA,AV. DEL PANGOA S/N PLAZA PRINCIPAL,,JUNIN
PE-CONSUCODE-1158,MUNICIPALIDAD DISTRITAL DE MAZAMARI,AV. PERU S/N MZA. 57,064548038,JUNIN
PE-CONSUCODE-1175,MUNICIPALIDAD DISTRITAL DE MARCAPOMACOCHA,PLAZA PRINCIPAL,990012768,JUNIN
PE-CONSUCODE-1198,MUNICIPALIDAD DISTRITAL DE SALAVERRY,ADUANA NO 250,981616868,LA LIBERTAD
PE-CONSUCODE-1206,MUNICIPALIDAD DISTRITAL DE LONGOTEA,28 DE JULIO S/N,979048079,LA LIBERTAD
PE-CONSUCODE-1210,MUNICIPALIDAD DISTRITAL DE COCHORCO,SANCHEZ CARRION S/N,968300152,LA LIBERTAD
PE-CONSUCODE-1241,MUNICIPALIDAD DISTRITAL DE PIAS,MARIA NATIVIDAD - PLAZA DE ARMAS S/N,969158278,LA LIBERTAD
PE-CONSUCODE-1254,MUNICIPALIDAD DISTRITAL DE CHICAMA,AV. LA LIBERTAD Nº 635 - CHICAMA,44540286,LA LIBERTAD
PE-CONSUCODE-202985,MUNICIPALIDAD DISTRITAL DE ROCCHACC,22 DE JUNIO SIN NRO,983991112,APURIMAC
PE-CONSUCODE-1277,MUNICIPALIDAD DISTRITAL DE PUERTO ETEN,AV.SAN MARTIN Nº126,074-414077,LAMBAYEQUE
PE-CONSUCODE-1374,MUNICIPALIDAD DISTRITAL DE QUILMANA,AV. LIMA NO 451,2843002,LIMA
PE-CONSUCODE-1408,MUNICIPALIDAD DISTRITAL DE SAN JOSE DE CHORRILLOS - CUENCA - HUAROCHIRI,PLAZA DE ARMAS RICARDO BENTIN S/N - SAN JOSE DE LOS CHORRILLOS,991118723,LIMA
PE-CONSUCODE-1409,MUNICIPALIDAD DISTRITAL DE CHICLA,JR. MARISCAL CACERES NRO 220,999995592,LIMA
PE-CONSUCODE-1410,MUNICIPALIDAD DISTRITAL DE HUACHUPAMPA,PLAZA DE ARMAS S/N - HUACHUPAMPA,3611080,LIMA
PE-CONSUCODE-1429,MUNICIPALIDAD DISTRITAL DE SANTA CRUZ DE COCACHACRA,AV. MIGUEL GRAU Nº184,2440015,LIMA
PE-CONSUCODE-1441,MUNICIPALIDAD DISTRITAL DE CARANIA,PLAZA DE ARMAS S/N 2DO PISO,3920124,LIMA
PE-CONSUCODE-1478,MUNICIPALIDAD DISTRITAL DE PACHANGARA,VICTOR LARCO HERRERA Nº281,2373066,LIMA
PE-CONSUCODE-1509,MUNICIPALIDAD DISTRITAL DE TROMPETEROS,CALLE ALAN GARCIA PEREZ S/N,965805263,LORETO
PE-CONSUCODE-152,MUNICIPALIDAD DISTRITAL DE COCHABAMBA - HUARAZ,PLAZA DE ARMAS S/N,981874816,ANCASH
PE-CONSUCODE-1541,MUNICIPALIDAD DISTRITAL DE SAMEGUA,AV. LOS INCAS S/N FRENTE A LA PLAZA DE ARMAS DEL DISTRITO DE SAMEGUA,462535,MOQUEGUA
PE-CONSUCODE-1569,MUNICIPALIDAD PROVINCIAL DE DANIEL CARRION - YANAHUANCA,JR.JORGE CHAVEZ 3ER PISO,,PASCO
PE-CONSUCODE-1605,MUNICIPALIDAD DISTRITAL DE LALAQUIZ,EL TUNAL S/N,,PIURA
PE-CONSUCODE-1612,MUNICIPALIDAD DISTRITAL DE BUENOS AIRES - MORROPON,AV.GRAU Nº576,,PIURA
PE-CONSUCODE-1618,MUNICIPALIDAD DISTRITAL DE SANTO DOMINGO,LIMA Nº115,,PIURA
PE-CONSUCODE-1641,MUNICIPALIDAD DISTRITAL DE MANCORA,AV. PIURA Nº 532 - MANCORA,,PIURA
PE-CONSUCODE-1672,MUNICIPALIDAD DISTRITAL DE SAMAN,PLAZA DE ARMAS S/N,951440662,PUNO
PE-CONSUCODE-1676,MUNICIPALIDAD DISTRITAL DE SANTIAGO DE PUPUJA,JR. AZANGARO S/N,,PUNO
PE-CONSUCODE-203689,MUNICIPALIDAD DISTRITAL DE SANTO DOMINGO DE ANDA,LEONCIO PRADO S/N CDRA 4,948711920,HUANUCO
PE-CONSUCODE-1709,MUNICIPALIDAD DISTRITAL DE PARATIA,PLAZA DE ARMAS 2DO PISO INT.3 MZ.4,996445533,PUNO
PE-CONSUCODE-1720,MUNICIPALIDAD DISTRITAL DE SANTA ROSA - MELGAR,PLAZA DE ARMAS Nº101,565036,PUNO
PE-CONSUCODE-1733,MUNICIPALIDAD DISTRITAL DE CABANILLAS,JR. MUNICIPALIDAD No 114-2DO PISO,,PUNO
PE-CONSUCODE-176,MUNICIPALIDAD DISTRITAL DE ANTONIO RAYMONDI,PLAZA DE ARMAS S/N,300112,ANCASH
PE-CONSUCODE-1779,MUNICIPALIDAD PROVINCIAL DE MARISCAL CACERES - JUANJUI,JR. MIGUEL GRAU Nº 337,,SAN MARTIN
PE-CONSUCODE-179,MUNICIPALIDAD DISTRITAL DE CANIS,PLAZA DE ARMAS NO 4,943888529,ANCASH
PE-CONSUCODE-204106,UNIDAD EJECUTORA 304 - GERENCIA REGIONAL DE EDUCACION LAMBAYEQUE,PRO.FRANCISCO BOLOGNESI,074-324334,LAMBAYEQUE
PE-CONSUCODE-180,MUNICIPALIDAD DISTRITAL DE COLQUIOC,AV. RICARDO PALMA S/N CHASQUITAMBO,6800101,ANCASH
PE-CONSUCODE-1835,MUNICIPALIDAD DISTRITAL DE CALANA,AV. GENERAL VALERA S/N,052246509,TACNA
PE-CONSUCODE-1849,MUNICIPALIDAD DISTRITAL DE TICACO,AUGUSTO B. LEGUIA S/N 2DO PISO,052413783,TACNA
PE-CONSUCODE-1858,MUNICIPALIDAD DISTRITAL DE CAMILACA,PLAZA PRINCIPAL S/N 2DO PISO,414356,TACNA
PE-CONSUCODE-1863,MUNICIPALIDAD DISTRITAL DE SAN JACINTO,AV. PLAZA SAN MARTIN Nº 550,,TUMBES
PE-CONSUCODE-187,MUNICIPALIDAD DISTRITAL DE TICLLOS,PLAZA DE ARMAS S/N - TICLLOS,0,ANCASH
PE-CONSUCODE-1882,MUNICIPALIDAD DISTRITAL DE IRAZOLA,CARRET.FEDERICO BASADRE KM.110,959095639,UCAYALI
PE-CONSUCODE-1883,MUNICIPALIDAD DISTRITAL DE CURIMANA,AV. CURIMANA,962570798,UCAYALI
PE-CONSUCODE-189,MUNICIPALIDAD PROVINCIAL DE CARHUAZ,AV. LA MERCED Nº 653,043394249,ANCASH
PE-CONSUCODE-1982,INSTITUTO PERUANO DEL DEPORTE,ESTADIO NACIONAL PUERTA 29 URB. SANTA BEATRIZ,,LIMA
PE-CONSUCODE-200040,GOBIERNO REGIONAL DE APURIMAC - HOSPITAL GUILLERMO DIAZ DE LA VEGA ABANCAY,AV. DANIEL ALCIDES CARRIÓN ABANCAY,,APURIMAC
PE-CONSUCODE-200071,GOBIERNO REGIONAL DE APURIMAC - HOSPITAL SUBREGIONAL DE ANDAHUAYLAS,JR HUGO PESCE NO 180,08342339,APURIMAC
PE-CONSUCODE-200085,MUNICIPALIDAD DISTRITAL DE ASCENSION,AV. SAN JUAN EVANGELISTA Nº 770 ASCENSION HUANCAVELICA,943831087,HUANCAVELICA
PE-CONSUCODE-200306,UNIDAD EJECUTORA SUB REGION DE DESARROLLO ILO Nº 003,VENECIA Nº 222 - ILO,053-482871,MOQUEGUA
PE-CONSUCODE-200426,CORTE SUPERIOR DE JUSTICIA DE AREQUIPA,AV. SIGLO XX NRO. S/N AREQUIPA - AREQUIPA - AREQUIPA,,AREQUIPA
PE-CONSUCODE-200525,GOBIERNO REGIONAL DE PASCO - UNIDAD EJECUTORA UGEL PASCO,AV. PROCERES EDIFICIO ESTATAL NRO. 3 URB. SAN JUAN (COSTADO DE LA DIRECCION DE TURISMO) PASCO - PASCO - YANACANCHA,063422292,PASCO
PE-CONSUCODE-200547,GOBIERNO REGIONAL DE MOQUEGUA - SUB REGION DE DESARROLLO GENERAL SANCHEZ CERRO,CALLE MOQUEGUA Nº 611,053-837112,MOQUEGUA
PE-CONSUCODE-219,MUNICIPALIDAD DISTRITAL DE MASIN,CALLE PRINCIPAL S/N  MASIN,973975034,ANCASH
PE-CONSUCODE-229,MUNICIPALIDAD DISTRITAL DE HUATA - HUAYLAS,C.PLAZA LA LIBERTAD S/N,721142,ANCASH
PE-CONSUCODE-2321,MUNICIPALIDAD DISTRITAL DE PUCALA,VACIO/NULO,988502264,LAMBAYEQUE
PE-CONSUCODE-2353,EMPRESA MUNICIPAL DE AGUA POTABLE Y ALCANTARILLADO DE HUARAL S.A.,AV. HUANDO S/N. PLANTA DE TRATAMIENTO - HUARAL,11111111,LIMA
PE-CONSUCODE-247,MUNICIPALIDAD DISTRITAL DE CONCHUCOS,PLAZA DE ARMAS S/N 2DO PISO,,ANCASH
PE-CONSUCODE-204990,GOBIERNO REGIONAL DE JUNÍN - INSTITUTO REGIONAL DE ENFERMEDADES NEOPLÁSICAS DEL CENTRO,AV. PROGRESO N° 1235,958064534,JUNIN
PE-CONSUCODE-205070,GOBIERNO REGIONAL DE LA LIBERTAD - SALUD PATAZ,CALLE SUCRE S/N - CERCA COMISARIA TAYABAMBA,975404033,LA LIBERTAD
PE-CONSUCODE-385,MUNICIPALIDAD DISTRITAL DE VILCABAMBA - GRAU,PLAZA DE ARMAS 2DO PISO,,APURIMAC
PE-CONSUCODE-411,MUNICIPALIDAD DISTRITAL DE SACHACA,PLAZA BOLOGNESI NO 114 SACHACA,0,AREQUIPA
PE-CONSUCODE-201567,MUNICIPALIDAD DISTRITAL DE UCHURACCAY,ASOCIACION FAMILIAS DESPLAZADAS AFADIP,999002761,AYACUCHO
PE-CONSUCODE-432,MUNICIPALIDAD DISTRITAL DE QUILCA,PLAZA DE ARMAS,,AREQUIPA
PE-CONSUCODE-451,MUNICIPALIDAD DISTRITAL DE CHILCAYMARCA,PLAZA PRINCIPAL,0,AREQUIPA
PE-CONSUCODE-475,MUNICIPALIDAD DISTRITAL DE SIBAYO,PLAZA DE ARMAS NO 101,958043921,AREQUIPA
PE-CONSUCODE-497,MUNICIPALIDAD DISTRITAL DE HUAYNACOTAS - LA UNION,AREQUIPA NO 201,0,AREQUIPA
PE-CONSUCODE-508,MUNICIPALIDAD DISTRITAL DE CARMEN ALTO,AV.PERU Nº 100/CENTRO CIVICO CARMEN ALTO,,AYACUCHO
PE-CONSUCODE-517,MUNICIPALIDAD DISTRITAL DE VINCHOS,PARQUE PRINCIPAL DE VINCHOS,0,AYACUCHO
PE-CONSUCODE-527,MUNICIPALIDAD DISTRITAL DE APONGO,PLAZA PRINCIPAL SN APONGO,111111,AYACUCHO
PE-CONSUCODE-552,MUNICIPALIDAD PROVINCIAL DE LUCANAS - PUQUIO,JR.AYACUCHO 118,,AYACUCHO
PE-CONSUCODE-589,MUNICIPALIDAD PROVINCIAL DE HUANCA SANCOS - SANCOS,PLAZA PRINCIPAL S/N HUANCA SANCOS,999999338,AYACUCHO
PE-CONSUCODE-588,MUNICIPALIDAD DISTRITAL DE INDEPENDENCIA - VILCASHUAMAN,PLAZA PRINCIPAL,,AYACUCHO
PE-CONSUCODE-591,MUNICIPALIDAD DISTRITAL DE SACSAMARCA,PLAZA PRINCIPAL,999789072,AYACUCHO
PE-CONSUCODE-201865,UNIDAD EJECUTORA 410: HOSPITAL DE QUILLABAMBA,GENERAL GAMARRA,084281427,CUSCO
PE-CONSUCODE-611,MUNICIPALIDAD DISTRITAL DE MORCOLLA,PLAZA PRINCIPAL S/N - MORCOLLA,,AYACUCHO
PE-CONSUCODE-625,MUNICIPALIDAD DISTRITAL DE SAN JUAN - CAJAMARCA,AV. SAN JUAN N§1000 3ER. PISO,,CAJAMARCA
PE-CONSUCODE-632,MUNICIPALIDAD DISTRITAL DE CORTEGANA,JR. CELENDIN S/N,,CAJAMARCA
PE-CONSUCODE-636,MUNICIPALIDAD DISTRITAL DE JOSE GALVEZ,AVENIDA MARAÑON Nº 879,,CAJAMARCA
PE-CONSUCODE-677,MUNICIPALIDAD DISTRITAL DE PACCHA - CHOTA,JR. GREGORIO MALCA Nº 306,,CAJAMARCA
PE-CONSUCODE-697,MUNICIPALIDAD DISTRITAL DE SAN JOSE DEL ALTO,AV. JAEN S/N - FRENTE A LA PLAZA DE ARMAS,,CAJAMARCA
PE-CONSUCODE-701,MUNICIPALIDAD DISTRITAL DE CHIRINOS,JR.SAN IGNACIO No 435,,CAJAMARCA
PE-CONSUCODE-70,MUNICIPALIDAD DISTRITAL DE SAN JUAN DE CHETO,JR. UNION,941968140,AMAZONAS
PE-CONSUCODE-735,MUNICIPALIDAD PROVINCIAL DE SAN MARCOS - PEDRO GALVEZ,JR. LEONCIO PRADO NO 360,1111,CAJAMARCA
PE-CONSUCODE-758,MUNICIPALIDAD DISTRITAL DE ACOPIA,PLAZA DE ARMAS NO 211,,CUSCO
PE-CONSUCODE-768,MUNICIPALIDAD DISTRITAL DE MOLLEPATA - ANTA,PLAZA DE ARMAS,,CUSCO
PE-CONSUCODE-787,MUNICIPALIDAD DISTRITAL DE QUEHUE,PLAZA DE ARMAS S/N,,CUSCO
PE-CONSUCODE-202305,GOBIERNO REGIONAL CUSCO UNIDAD DE GESTION EDUCATIVA LOCAL CUSCO,CAMINO REAL,084244494,CUSCO
PE-CONSUCODE-906,MUNICIPALIDAD DISTRITAL DE TICRAPO,Av. Fernando Belaunde Terry s/n - Plaza Andres Avelino Caceres - Barrio San Jose - Ticrapo,,HUANCAVELICA
PE-CONSUCODE-202385,GOBIERNO REGIONAL DE HUANCAVELICA UNIDAD EJECUTORA UNIDAD EJECUTORA 311 UNIDAD DE GESTION EDUCATIVA LOCAL HUAYTARA,LOS LIBERTADORES,955828240,HUANCAVELICA
PE-CONSUCODE-951,MUNICIPALIDAD DISTRITAL DE AMARILIS,JR.HUALLAGA 300,,HUANUCO
PE-CONSUCODE-202445,MUNICIPALIDAD DISTRITAL DE PUCACOLPA,SN,943656483,AYACUCHO
PE-CONSUCODE-204468,UNIDAD EJECUTORA 012 - OFICINA GENERAL DE INVERSIONES Y PROYECTOS,JR. CUZCO NRO. 177,3115958,LIMA
PE-CONSUCODE-995,MUNICIPALIDAD PROVINCIAL DE MARAÑON - HUACRACHUCO,AV.28 DE JULIO NO 602,,HUANUCO
PE-CONSUCODE-1452,MUNICIPALIDAD DISTRITAL DE LINCHA,AV. LIMA Nº3 LOTE-4 KM.11.5,,LIMA
PE-CONSUCODE-2396,EMPRESA DE GENERACION ELECTRICA MACHUPICCHU,MACHUPICCHU S/N. CENTRAL TÉRMICA DOLORESPATA,084211150,CUSCO
PE-CONSUCODE-200467,GOBIERNO REGIONAL DE CAJAMARCA - UNIDAD DE GESTION EDUCATIVA LOCAL SAN MARCOS,JR JOSE GALVEZ N 1028 SAN MARCOS PEDRO GALVEZ,076504723,CAJAMARCA
PE-CONSUCODE-1749,MUNICIPALIDAD DISTRITAL DE PILCUYO,AV. ALFONSO UGARTE S/N,950409047,PUNO
PE-CONSUCODE-200365,GOBIERNO REGIONAL DE CUSCO - UNIDAD DE GESTION EDUCATIVA LOCAL LA CONVENCION,JR. INDEPENDENCIA NRO. S/N QUILLABAMBA CUSCO - LA CONVENCION - SANTA ANA,,CUSCO
PE-CONSUCODE-992,MUNICIPALIDAD DISTRITAL DE LUYANDO,AV. LOS COLONOS MZ.4  LOTE 20 NARANJILLO,062-562313,HUANUCO
PE-CONSUCODE-704,MUNICIPALIDAD DISTRITAL DE NAMBALLE,JR. EJERCITO Nº 100 - NAMBALLE,,CAJAMARCA
PE-CONSUCODE-200983,GOBIERNO REGIONAL DE HUANUCO - UNIDAD EJECUTORA 307 EDUCACION YAROWILCA,HUANUCO SN,957622322,HUANUCO
PE-CONSUCODE-431,MUNICIPALIDAD DISTRITAL DE OCOÑA,AV UNION SN PLAZA DE ARMAS,054587013,AREQUIPA
PE-CONSUCODE-1182,MUNICIPALIDAD PROVINCIAL DE CHUPACA,JR.GRAU 390,,JUNIN
PE-CONSUCODE-203546,GOBIERNO  REGIONAL DE CAJAMARCA -  UNIDAD EJECUTORA SALUD HUALGAYOC - BAMBAMARCA,SAN CARLOS,968029001,CAJAMARCA
PE-CONSUCODE-172,MUNICIPALIDAD DISTRITAL DE MIRGAS,PLAZA DE ARMAS DE MIRGAS S/N,943064973,ANCASH
PE-CONSUCODE-792,MUNICIPALIDAD DISTRITAL DE MARANGANI,AV. SAN MARTIN No 102,,CUSCO
PE-CONSUCODE-140,MUNICIPALIDAD DISTRITAL DE VISTA ALEGRE - RODRIGUEZ DE MENDOZA,CALLE VISTA ALEGRE,0,AMAZONAS
PE-CONSUCODE-2345,EMPRESA MUNICIPAL DE AGUA POTABLE Y ALCANTARILLADO VIRGEN DE GUADALUPE DEL SUR S.A.,AV. LA CULTURAL S/N. BISANDRA - NAZCA,11111111,ICA
PE-CONSUCODE-1279,MUNICIPALIDAD DISTRITAL DE MONSEFU,CALLE 7 DE JUNIO Nº513,074411000,LAMBAYEQUE
PE-CONSUCODE-23,MINISTERIO DE TRABAJO Y PROMOCION DEL EMPLEO,AV. SALAVERRY 655 LIMA,3157100,LIMA
PE-CONSUCODE-554,MUNICIPALIDAD DISTRITAL DE CABANA - LUCANAS,JR.LIMA,0,AYACUCHO
PE-CONSUCODE-200151,UNIVERSIDAD NACIONAL TECNOLOGICA DEL CONO SUR DE LIMA,SECTOR 3 GRUPO 1A SUB LOTE 03 CERCADO CRUCE DE AV CENTRAL Y AV BOLIVAR,7195694,LIMA
PE-CONSUCODE-10501,GOBIERNO REGIONAL DE LA LIBERTAD - COLEGIO MILITAR GRAN MARISCAL  RAMON CASTILLA,AVENIDA RAMON CASTILLA Nº 425 - 427,,LA LIBERTAD
PE-CONSUCODE-200373,GOBIERNO REGIONAL DE MADRE DE DIOS - UNIDAD EJECUTORA 1392 SUBREGION MANU,JR. CUSCO NO. R-1 BARRIO SAN ISICRO MANU MADRE DE DIOS,,MADRE DE DIOS
PE-CONSUCODE-1572,MUNICIPALIDAD DISTRITAL DE PAUCAR,JR.28 DE JULIO,994405381,PASCO
PE-CONSUCODE-10401,GOBIERNO REGIONAL DE ANCASH-TRANSPORTES,Av. Confraternidad Internacional Sur Mz 04 Lt 01 Villon Alto Huaraz,,ANCASH
PE-CONSUCODE-1842,MUNICIPALIDAD PROVINCIAL DE TARATA,CALLE GRAU SN PLAZA DE ARMAS CENTRAL TARATA,975669619,TACNA
PE-CONSUCODE-10266,INPE-DIRECCION REGIONAL SUR ORIENTE CUSCO,URB. BARRIO PROFESIONAL D-5 CUSCO,,CUSCO
PE-CONSUCODE-1242,MUNICIPALIDAD DISTRITAL DE TAURIJA,PLAZA DE ARMAS S/N,044287334,LA LIBERTAD
PE-CONSUCODE-191,MUNICIPALIDAD DISTRITAL DE AMASHCA,CALLE NUEVA S/N,985456061,ANCASH
PE-CONSUCODE-200428,CORTE SUPERIOR DE JUSTICIA DE LIMA,AV. ABANCAY NRO. S/N LIMA - LIMA - LIMA,,LIMA
PE-CONSUCODE-10048,GOBIERNO REGIONAL DE MADRE DE DIOS - HOSPITAL SANTA ROSA DE PUERTO MALDONADO,JR. CAJAMARCA Nº 171- PUERTO MALDONADO,,MADRE DE DIOS
PE-CONSUCODE-548,MUNICIPALIDAD DISTRITAL DE CHUNGUI,PLAZA PRINCIPAL,,AYACUCHO
PE-CONSUCODE-1224,MUNICIPALIDAD DISTRITAL DE SALPO,PLAZA DE ARMAS NO 100,217592,LA LIBERTAD
PE-CONSUCODE-674,MUNICIPALIDAD DISTRITAL DE LAJAS,JR.28 DE JULIO Nº231 PLAZA DE ARMAS LAJAS,076630238,CAJAMARCA
PE-CONSUCODE-1447,MUNICIPALIDAD DISTRITAL DE HUANCAYA,JR. CIRO NAPANGA AGUERO S/N 2DO PISO,964226321,LIMA
PE-CONSUCODE-10188,ESCUELA NACIONAL SUPERIOR DE FOLKLORE,AV. LAS FLORES 336 LIMA,,LIMA
PE-CONSUCODE-67,MUNICIPALIDAD PROVINCIAL DE CHACHAPOYAS,JR.ORTIZ ARRIETA 588,041477002,AMAZONAS
PE-CONSUCODE-481,MUNICIPALIDAD DISTRITAL DE ANDARAY,PLAZA DE ARMAS,0,AREQUIPA
PE-CONSUCODE-1340,MUNICIPALIDAD DISTRITAL DE SAN LUIS - LIMA,AV. DEL AIRE URB.VILLA JARDIN Nº 1540,,LIMA
PE-CONSUCODE-453,MUNICIPALIDAD DISTRITAL DE HUANCARQUI,CALLE 7 DE JUNIO Nº 711 - PLAZA PRINCIPAL,0,AREQUIPA
PE-CONSUCODE-1841,MUNICIPALIDAD DISTRITAL DE CIUDAD NUEVA,CALLE MANUEL LORENZO VIDAURE Nº 448,952915656,TACNA
PE-CONSUCODE-10509,GOBIERNO REGIONAL DE LA LIBERTAD-SALUD UTES OTUZCO,CALLE PROGRESO   Nº 385  OTUZCO,,LA LIBERTAD
PE-CONSUCODE-2380,ENTIDAD PRESTADORA DE SERVICIO DE SANEAMIENTO DE TACNA S.A,DOS DE MAYO N° 372 - TACNA,11111111,TACNA
PE-CONSUCODE-592,MUNICIPALIDAD DISTRITAL DE SANTIAGO DE LUCANAMARCA,PLAZA PRINCIPAL S/N,,AYACUCHO
PE-CONSUCODE-865,MUNICIPALIDAD DISTRITAL DE LARIA,PLAZA PRINCIPAL S/N 2DO PISO,,HUANCAVELICA
PE-CONSUCODE-10619,GOBIERNO REGIONAL DE UCAYALI-HOSPITAL AMAZONICO,AGUAYTIA,061596306,UCAYALI
PE-CONSUCODE-144,MUNICIPALIDAD PROVINCIAL DE UTCUBAMBA - BAGUA GRANDE,JR. ANGAMOS Nº 349 - BAGUA GRANDE,041474256,AMAZONAS
PE-CONSUCODE-543,MUNICIPALIDAD DISTRITAL DE SIVIA,PLAZA PRINCIPAL S/N SIVIA,,AYACUCHO
PE-CONSUCODE-10178,GOBIERNO REGIONAL DE LIMA - UNIDAD DE GESTION EDUCATIVA LOCAL UGEL 13 - YAUYOS,CALLE COMERCIO YAUYOS,8307010,LIMA
PE-CONSUCODE-2362,EMPRESA MUNICIPAL DE SANEAMIENTO BASICO DE PUNO SOCIEDAD ANONIMA,AV. LA TORRE Nº 753 -PUNO,11111111,PUNO
PE-CONSUCODE-1001,MUNICIPALIDAD DISTRITAL DE UMARI,CARRETERA CENTRAL No 35,,HUANUCO
PE-CONSUCODE-1004,MUNICIPALIDAD DISTRITAL DE HONORIA,AV. JUAN VELASCO ALVARADO,,HUANUCO
PE-CONSUCODE-10,JURADO NACIONAL DE ELECCIONES,JR. LAMPA 946 LIMA,3111700,LIMA
PE-CONSUCODE-10169,UNIDAD DE GESTION EDUCATIVA LOCAL UGEL 04 - COMAS,AV. EL MAESTRO  PERUANO - ALT. KM. 8.5  AV. TUPAC AMARU LIMA,,LIMA
PE-CONSUCODE-10270,INPE-DIRECCION REGIONAL NOR ORIENTE SAN MARTIN,GREGORIO DELGADO 446 - 450,,SAN MARTIN
PE-CONSUCODE-1035,MUNICIPALIDAD DISTRITAL DE SUBTANJALLA,AV. MUNICIPALIDAD Nº 200 - SUBTANJALLA,,ICA
PE-CONSUCODE-10359,GOBIERNO REGIONAL DE SAN MARTIN - PROYECTO ESPECIAL HUALLAGA CENTRAL Y BAJO MAYO,AV. CIRCUNVALACION S/N SECTOR TARAPOTILLO,943421395,SAN MARTIN
PE-CONSUCODE-10366,PROYECTO ESPECIAL BINACIONAL DE LAGO TITICACA,AVENIDA LA TORRE 399,051352999,PUNO
PE-CONSUCODE-10406,GOBIERNO REGIONAL DE APURIMAC-TRANSPORTES APURIMAC,AV. MARIÑO 125 ABANCAY,,APURIMAC
PE-CONSUCODE-10432,GERENCIA SUB-REGIONAL CUTERVO,AV. SALOMON VILCHEZ MURGA S/N,,CAJAMARCA
PE-CONSUCODE-10481,GOBIERNO REGIONAL DE JUNIN-SALUD,AV. HUANCAVELICA 826 HUANCAYO,,JUNIN
PE-CONSUCODE-10498,GOBIERNO REGIONAL DE LA LIBERTAD-EDUCACION USE SANCHEZ CARRION,JR. JOSE BALTA NRO 1005 HUAMACHUCO,,LA LIBERTAD
PE-CONSUCODE-10507,GOBIERNO REGIONAL DE LA LIBERTAD - RED SALUD SANCHEZ CARRION - HOSPITAL LEONCIO PRADO,AV.  10 DE JULIO 209 HUAMACHUCO,,LA LIBERTAD
PE-CONSUCODE-202745,GOBIERNO REGIONAL HUANCAVELICA UNIDAD EJECUTORA RED DE SALUD TAYACAJA,MARISCAL CACERES,964374247,HUANCAVELICA
PE-CONSUCODE-1091,MUNICIPALIDAD DISTRITAL DE SANTO DOMINGO DE ACOBAMBA,PLAZA PRINCIPAL,,JUNIN
PE-CONSUCODE-1096,MUNICIPALIDAD PROVINCIAL DE CONCEPCION,AV.MARISCAL CACERES 329 2DO PISO,,JUNIN
PE-CONSUCODE-1264,MUNICIPALIDAD DISTRITAL DE CALAMARCA,AV.28 DE JULIO S/N,964898228,LA LIBERTAD
PE-CONSUCODE-1280,MUNICIPALIDAD DISTRITAL DE NUEVA ARICA,CALLE MIGUEL GRAU 851 NUEVA ARICA CHICLAYO LAMBAYEQUE,074-220211,LAMBAYEQUE
PE-CONSUCODE-1292,MUNICIPALIDAD DISTRITAL DE MANUEL ANTONIO MESONES MURO,CALLE SAN ISIDRO LABRADOR NO 201,979848469,LAMBAYEQUE
PE-CONSUCODE-1357,MUNICIPALIDAD DISTRITAL DE ARAHUAY,PLAZA DE ARMAS DE ARAHUAY S/N,962767499,LIMA
PE-CONSUCODE-1369,MUNICIPALIDAD DISTRITAL DE IMPERIAL,JIRON 28 DE JULIO NO 335,2847716,LIMA
PE-CONSUCODE-1375,MUNICIPALIDAD DISTRITAL DE SAN ANTONIO - CANETE,CALLE PABLO NOSIGLIA NO 137 2DO PISO,5309655,LIMA
PE-CONSUCODE-1457,MUNICIPALIDAD DISTRITAL DE QUINCHES,PLAZA DE ARMAS S/N,993105429,LIMA
PE-CONSUCODE-148,MUNICIPALIDAD DISTRITAL DE JAMALCA,JIRION SAN MARTIN S/N  JAMALCA,01980843916,AMAZONAS
PE-CONSUCODE-1498,MUNICIPALIDAD DISTRITAL DE PASTAZA,CALLE MARISCAL CASTILLA 1101-YURIMAGUAS,,LORETO
PE-CONSUCODE-1554,MUNICIPALIDAD DISTRITAL DE PACOCHA,AV INGENIERIA MZ C LT SC02,053-837101,MOQUEGUA
PE-CONSUCODE-1573,MUNICIPALIDAD DISTRITAL DE SAN PEDRO DE PILLAO,CALLE LIMA S/N SAN PEDRO DE PILLAO DANIEL ALCIDES CARRION PASCO,982675096,PASCO
PE-CONSUCODE-1589,MUNICIPALIDAD DISTRITAL DE LA ARENA,JR. AREQUIPA Nº409,373030,PIURA
PE-CONSUCODE-1597,MUNICIPALIDAD DISTRITAL DE MONTERO,JR.  ERNESTO MERINO Nº 152,,PIURA
PE-CONSUCODE-1599,MUNICIPALIDAD DISTRITAL DE PAIMAS,AV. GRAU Nº 320,,PIURA
PE-CONSUCODE-1620,MUNICIPALIDAD DISTRITAL DE SAN JUAN DE BIGOTE,AV. MANUEL SEDAME Nº111,968792493,PIURA
PE-CONSUCODE-1632,MUNICIPALIDAD DISTRITAL DE MARCAVELICA,PLAZA DE ARMAS S/N,999143895,PIURA
PE-CONSUCODE-203566,GOBIERNO REGIONAL JUNIN RED DE SALUD CHUPACA,19 DE ABRIL SIN NRO,064398261,JUNIN
PE-CONSUCODE-1679,MUNICIPALIDAD DISTRITAL DE AJOYANI,PLAZA MANCO CAPAC S/N,950857067,PUNO
PE-CONSUCODE-1724,MUNICIPALIDAD DISTRITAL DE LIMBANI,JR. 8 DE OCTUBRE  S/N - LIMBANI,324576,PUNO
PE-CONSUCODE-1751,MUNICIPALIDAD DISTRITAL DE CONDURIRI,PLAZA DE ARMAS S/N 2DO PISO,,PUNO
PE-CONSUCODE-1801,MUNICIPALIDAD DISTRITAL DE LA BANDA DE SHILCAYO,JR.YURIMAGUAS NRO 340,042522568,SAN MARTIN
PE-CONSUCODE-1828,MUNICIPALIDAD PROVINCIAL DE EL DORADO VILLA SAN JOSE DE SISA,JR. TACNA Nº475,942072944,SAN MARTIN
PE-CONSUCODE-1847,MUNICIPALIDAD DISTRITAL DE SUSAPAYA,CALLE 7 DE JUNIO Nº 1565 LEONCIO PRADO  - TACNA,998806282,TACNA
PE-CONSUCODE-185,MUNICIPALIDAD DISTRITAL DE LA PRIMAVERA,PLAZA DE ARMAS S/N,,ANCASH
PE-CONSUCODE-1860,MUNICIPALIDAD DISTRITAL DE CORRALES,JR. SAN PEDRO Nº 480,985918166,TUMBES
PE-CONSUCODE-1925,ZONA FRANCA Y ZONA COMERCIAL DE TACNA - ZOFRATACNA,PANAMERICANA SUR KM. 1308,052317090,TACNA
PE-CONSUCODE-1929,ZONA REGISTRAL N° VIII SEDE HUANCAYO,JR. ATALAYA 1250 EL TAMBO - HUANCAYO,2083100,JUNIN
PE-CONSUCODE-1938,ZONA REGISTRAL N° III SEDE MOYOBAMBA,Jr.Callao 587-Moyobamba,,SAN MARTIN
PE-CONSUCODE-198,MUNICIPALIDAD DISTRITAL DE TINCO,PLAZA DE ARMAS S/N,,ANCASH
PE-CONSUCODE-1992,DIRECCION NACIONAL DE INTELIGENCIA - DINI,AV. EDMUNDO AGUILAR PASTOR S/N (EX AV. LAS PALMAS),1111111,LIMA
PE-CONSUCODE-200129,GOBIERNO REGIONAL DE UCAYALI - DIRECCION REGIONAL SECTORIAL DE LA PRODUCCION,Vacio/Nulo,,UCAYALI
PE-CONSUCODE-200178,AUTORIDAD MUNICIPAL DE LOS PANTANOS DE VILLA - PROHVILLA,CALLE LAS TORTUGAS NRO 401  403,2546452,LIMA
PE-CONSUCODE-200211,UNIDAD EJECUTORA 005 NAYLAMP-LAMBAYEQUE,CALLE PIMENTEL NRO 165 URB SANTA VICTORIA,074499523,LAMBAYEQUE
PE-CONSUCODE-200326,GOBIERNO REGIONAL DE CAJAMARCA-UNIDAD DE GESTION EDUCATIVA LOCAL SANTA CRUZ,AV. LOS MAESTROS 115,076-786163,CAJAMARCA
PE-CONSUCODE-200351,UNIVERSIDAD NACIONAL DE JAEN,MARISCAL CASTILLA 115,1111111,CAJAMARCA
PE-CONSUCODE-200433,MINISTERIO PUBLICO - GERENCIA ADMINISTRATIVA DE AREQUIPA,CAL. LA MERCED NRO. 402 AREQUIPA - AREQUIPA - AREQUIPA,,AREQUIPA
PE-CONSUCODE-200503,CORTE SUPERIOR DE JUSTICIA DE PIURA,CAL. LIMA SUR NRO. 997 (PODER JUDICIAL) PIURA - PIURA - PIURA,1111111,PIURA
PE-CONSUCODE-200529,GOBIERNO REGIONAL DE JUNIN - UNIDAD EJECUTORA EDUCACION CHANCHAMAYO,AV. CARRETERA CENTRAL NRO. SN AA.VV. PAMPA DELCARMEN (S72204391 COSTADO ESTADIO MUNICIPAL) JUNIN - CHANCHAMAYO - CHANCHAMAYO,,JUNIN
PE-CONSUCODE-200555,GOBIERNO REGIONAL DE ANCASH - UNIDAD DE GESTION EDUCATIVA LOCAL ANTONIO RAYMONDI,JR. BOLIVAR NRO. S/N ANCASH - ANTONIO RAYMONDI - LLAMELLIN,978785151,ANCASH
PE-CONSUCODE-204,MUNICIPALIDAD PROVINCIAL DE CORONGO,PLAZA DE ARMAS 206 2DO PISO,748016,ANCASH
PE-CONSUCODE-2319,MUNICIPALIDAD DISTRITAL DE PATAPO,AVENIDA REAL S/N PATAPO,952961894,LAMBAYEQUE
PE-CONSUCODE-2367,ENTIDAD PRESTADORA DE SERVICIO DE SANEAMIENTO SIERRA CENTRAL S.R.L.,HUÁNUCO N° 1072,064321365,JUNIN
PE-CONSUCODE-271,MUNICIPALIDAD DISTRITAL DE CACERES DEL PERU,MARIANO MELGAR-PLAZA DE ARMAS,0,ANCASH
PE-CONSUCODE-284,MUNICIPALIDAD DISTRITAL DE HUAYLLABAMBA - SIHUAS,AV.CARLOS MARIATEGUI S/N,,ANCASH
PE-CONSUCODE-291,MUNICIPALIDAD DISTRITAL DE MANCOS,CALLE DOS DE MAYO S/N,442031,ANCASH
PE-CONSUCODE-294,MUNICIPALIDAD DISTRITAL DE RANRAHIRCA,PLAZA DE ARMAS S/N - RANRAHIRCA,043442061,ANCASH
PE-CONSUCODE-351,MUNICIPALIDAD DISTRITAL DE SABAINO,VEINTE DE AGOSTO Y MUNICIPAL,320215,APURIMAC
PE-CONSUCODE-352,MUNICIPALIDAD PROVINCIAL DE AYMARAES - CHALHUANCA,JR. ANDAHUAYLAS NO 312,083837102,APURIMAC
PE-CONSUCODE-379,MUNICIPALIDAD DISTRITAL DE MAMARA,PLAZA DE ARMAS,,APURIMAC
PE-CONSUCODE-394,MUNICIPALIDAD DISTRITAL DE HUACCANA,AV.HUACCANA NO 150,,APURIMAC
PE-CONSUCODE-409,MUNICIPALIDAD DISTRITAL DE VILLA DE QUEQUEÑA,PLAZA PRINCIPAL S/N,054494042,AREQUIPA
PE-CONSUCODE-425,MUNICIPALIDAD DISTRITAL DE JOSE LUIS BUSTAMANTE Y RIVERO,AV. DOLORES S/N,0,AREQUIPA
PE-CONSUCODE-439,MUNICIPALIDAD DISTRITAL DE CAHUACHO,AV.LIBERTAD,,AREQUIPA
PE-CONSUCODE-482,MUNICIPALIDAD DISTRITAL DE CAYARANI,PLAZA PRINCIPAL S/N,0,AREQUIPA
PE-CONSUCODE-558,MUNICIPALIDAD DISTRITAL DE HUAC - HUAS,AV. SIMON BOLIVAR S/N PLAZA DE ARMAS,,AYACUCHO
PE-CONSUCODE-556,MUNICIPALIDAD DISTRITAL DE CHAVIÑA,PLAZA DE ARMAS,,AYACUCHO
PE-CONSUCODE-605,MUNICIPALIDAD DISTRITAL DE CHALCOS,PLAZA DE ARMAS S/N,,AYACUCHO
PE-CONSUCODE-623,MUNICIPALIDAD DISTRITAL DE MATARA,JR. RICARDO PALMA Nº 410,,CAJAMARCA
PE-CONSUCODE-639,MUNICIPALIDAD DISTRITAL DE SOROCHUCO,JR. AMAZONAS S/N,,CAJAMARCA
PE-CONSUCODE-652,MUNICIPALIDAD DISTRITAL DE CALLAYUC,SAENZ PEÑA 104,,CAJAMARCA
PE-CONSUCODE-709,MUNICIPALIDAD DISTRITAL DE LA FLORIDA,ANTONIO JOSE DE SUCRE S/N 2PISO,,CAJAMARCA
PE-CONSUCODE-731,MUNICIPALIDAD DISTRITAL DE SEXI,CALLE SAN MARTIN,,CAJAMARCA
PE-CONSUCODE-762,MUNICIPALIDAD DISTRITAL DE RONDOCAN,PLAZA DE ARMAS S/N,,CUSCO
PE-CONSUCODE-76,MUNICIPALIDAD DISTRITAL DE LEYMEBAMBA,JR.SUCRE Nº 121,041830104,AMAZONAS
PE-CONSUCODE-784,MUNICIPALIDAD DISTRITAL DE LANGUI,PLAZA DE ARMAS SN,1111111,CUSCO
PE-CONSUCODE-202205,MUNICIPALIDAD DISTRITAL DE NESHUYA,LUCIANO ALEGRIA MONTE ALEGRE MZA 01 LOTE 06,942937875,UCAYALI
PE-CONSUCODE-824,MUNICIPALIDAD DISTRITAL DE ACCHA,PLAZA DE ARMAS,,CUSCO
PE-CONSUCODE-829,MUNICIPALIDAD DISTRITAL DE PACCARITAMBO,PLAZA DE ARMAS S/N,980670479,CUSCO
PE-CONSUCODE-851,MUNICIPALIDAD DISTRITAL DE CHINCHERO,PLAZA DE ARMAS S/N CHINCHERO,,CUSCO
PE-CONSUCODE-857,MUNICIPALIDAD PROVINCIAL DE HUANCAVELICA,AV. MACHEGO MUÑOZ Nº 299 - CERCADO,,HUANCAVELICA
PE-CONSUCODE-876,MUNICIPALIDAD DISTRITAL DE ANTA - ACOBAMBA,PLAZA PRINCIPAL S/N,,HUANCAVELICA
PE-CONSUCODE-907,MUNICIPALIDAD PROVINCIAL DE TAYACAJA - PAMPAS,JR. GRAU Nº 115 - PALACIO MUNICIPAL,,HUANCAVELICA
PE-CONSUCODE-931,MUNICIPALIDAD DISTRITAL DE PILPICHACA,PLAZA PRINCIPAL S/N,,HUANCAVELICA
PE-CONSUCODE-964,MUNICIPALIDAD DISTRITAL DE HUACAR,JR. GRAU,,HUANUCO
PE-CONSUCODE-970,MUNICIPALIDAD DISTRITAL DE MARIAS,JR.DOS DE MAYO PLAZA DE ARMAS,,HUANUCO
PE-CONSUCODE-1233,MUNICIPALIDAD DISTRITAL DE BULDIBUYO,JR. SAN MARTIN S/N PLAZA DE ARMAS BULDIBUYO,950055558,LA LIBERTAD
PE-CONSUCODE-10616,GOBIERNO REGIONAL DE UCAYALI-EDUCACION,AV. SAENZ PEÑA  220 PUCALLPA,,UCAYALI
PE-CONSUCODE-203666,GOBIERNO REGIONAL AREQUIPA UNIDAD DE GESTION EDUCATIVA LOCAL CAYLLOMA,CACHIÑAN SIN NRO,054531078,AREQUIPA
PE-CONSUCODE-10369,GOBIERNO REGIONAL DE ICA - PROYECTO ESPECIAL TAMBO CCARACOCHA,AV. CONDE DE NIEVA Nº 393 ICA,,ICA
PE-CONSUCODE-340,MUNICIPALIDAD DISTRITAL DE TUMAYHUARACA,PLAZA DE ARMAS,,APURIMAC
PE-CONSUCODE-200127,GOBIERNO REGIONAL DE MOQUEGUA - SALUD ILO,JR. MIRAMAR Nº 400,,MOQUEGUA
PE-CONSUCODE-827,MUNICIPALIDAD DISTRITAL DE HUANOQUITE,PLAZA DE ARMAS,,CUSCO
PE-CONSUCODE-794,MUNICIPALIDAD DISTRITAL DE SAN PABLO - CANCHIS,"PLAZA DE ARMAS, DISTRITO DE SAN PABLO",,CUSCO
PE-CONSUCODE-738,MUNICIPALIDAD DISTRITAL DE EDUARDO VILLANUEVA,AV.SAN JUAN Nº498,111,CAJAMARCA
PE-CONSUCODE-10177,GOBIERNO REGIONAL DE LIMA - UNIDAD DE GESTION EDUCATIVA LOCAL UGEL 12 - CANTA,JR. CACERES  S/N PLAZA DE ARMAS,2447101,LIMA
PE-CONSUCODE-1614,MUNICIPALIDAD DISTRITAL DE LA MATANZA,AV. GRAU Nº481,367027,PIURA
PE-CONSUCODE-10497,GOBIERNO REGIONAL DE LA LIBERTAD-EDUCACION USE SANTIAGO DE CHUCO,SAN  MARTIN 844 SANTIAGO DE CHUCO,,LA LIBERTAD
PE-CONSUCODE-1258,MUNICIPALIDAD DISTRITAL DE SANTIAGO DE CAO,SAN MARTIN Nº360,,LA LIBERTAD
PE-CONSUCODE-202845,MUNICIPALIDAD DISTRITAL DE PICHOS,FRENTE AL PARQUE PRINCIPAL,988744855,HUANCAVELICA
PE-CONSUCODE-200409,TRANSPORTES METROPOLITANOS DE TRUJILLO,CALLE PARAGUAY N° 192,950195292,LA LIBERTAD
PE-CONSUCODE-10009,GOBIERNO REGIONAL DE LIMA - HOSPITAL BARRANCA-CAJATAMBO Y SERVICIOS BASICOS DE SALUD,JR. NICOLAS DE PIEROLA BARRANCA,,LIMA
PE-CONSUCODE-200512,MINISTERIO PUBLICO - GERENCIA ADMINISTRATIVA DEL CUSCO,AV. PEDRO VILCAPAZA NRO. S/N (NRO 313 - 315 COSTADO DEL SENATI) CUSCO - CUSCO - WANCHAQ,,CUSCO
PE-CONSUCODE-503,MUNICIPALIDAD DISTRITAL DE TOMEPAMPA,PLAZA DE ARMAS NO 109,0,AREQUIPA
PE-CONSUCODE-1413,MUNICIPALIDAD DISTRITAL DE LAHUAYTAMBO,PLAZA FRANCISCO INKA S/N,,LIMA
PE-CONSUCODE-1469,MUNICIPALIDAD DISTRITAL DE PARAMONGA,JR.FRANCISCO BOLOGNESI S/N,2360796,LIMA
PE-CONSUCODE-10429,GOBIERNO REGIONAL DE AYACUCHO-SALUD,"URB. MARISCAL CACERES MZA""L"" LOTE 01-02",,AYACUCHO
PE-CONSUCODE-486,MUNICIPALIDAD DISTRITAL DE SALAMANCA,CALLE PRINCIPAL S/N,,AREQUIPA
PE-CONSUCODE-969,MUNICIPALIDAD DISTRITAL DE CHUQUIS,JR. BOLOGNESI,,HUANUCO
PE-CONSUCODE-946,MUNICIPALIDAD DISTRITAL DE LA MERCED - CHURCAMPA,PLAZA PRINCIPAL S/N,999353747,HUANCAVELICA
PE-CONSUCODE-535,MUNICIPALIDAD DISTRITAL DE VILCANCHOS,PLAZA PRINCIPAL,,AYACUCHO
PE-CONSUCODE-203886,GOBIERNO REGIONAL HUANUCO UNIDAD EJECUTORA 407 RED DE SALUD PUERTO INCA,LA MARINA S/N,964369156,HUANUCO
PE-CONSUCODE-10202,GOBIERNO REGIONAL DEL CALLAO - HOSPITAL DE APOYO SAN JOSE,JR. LAS MAGNOLIAS - REYNOSO 475 CALLAO,,CALLAO
PE-CONSUCODE-1140,MUNICIPALIDAD DISTRITAL DE PANCAN,PLAZA PRINCIPAL,,JUNIN
PE-CONSUCODE-1290,MUNICIPALIDAD DISTRITAL DE KAÑARIS,LOCALIDAD DE CAÑARIS No 5 INT.4 KM.48,,LAMBAYEQUE
PE-CONSUCODE-426,MUNICIPALIDAD PROVINCIAL DE CAMANA,JR.PUENTE GRAU NO 122,0,AREQUIPA
PE-CONSUCODE-1656,MUNICIPALIDAD DISTRITAL DE MAÑAZO,PLAZA DE ARMAS  S/N,,PUNO
PE-CONSUCODE-125,MUNICIPALIDAD DISTRITAL DE SANTO TOMAS - LUYA,JR.SAN MARTIN,0,AMAZONAS
PE-CONSUCODE-171,MUNICIPALIDAD DISTRITAL DE CHINGAS,PLAZA DE ARMAS S/N-CHINGAS,300105,ANCASH
PE-CONSUCODE-1616,MUNICIPALIDAD DISTRITAL DE SALITRAL - MORROPON,AV. 29 DE SETIEMBRE Nº 201 SALITRAL,073-830156,PIURA
PE-CONSUCODE-1156,MUNICIPALIDAD DISTRITAL DE COVIRIALI,JR.TUPAC AMARU SN PLAZA PRINCIPAL DE COVIRIALI,975561999,JUNIN
PE-CONSUCODE-10543,GOBIERNO REGIONAL DE MOQUEGUA-SALUD,AV. BOLIVAR S/N,462196,MOQUEGUA
PE-CONSUCODE-942,MUNICIPALIDAD DISTRITAL DE ANCO - CHURCAMPA,ESQUINA JR 28 DE JULIO Y AV HUANCAVELICA CENTRO CIVICO ANCO,994972783,HUANCAVELICA
PE-CONSUCODE-1424,MUNICIPALIDAD DISTRITAL DE SAN LORENZO DE QUINTI,CALLE JOSE OLAYA,945837066,LIMA
PE-CONSUCODE-834,MUNICIPALIDAD DISTRITAL DE COLQUEPATA,PLAZA DE ARMAS,,CUSCO
PE-CONSUCODE-1655,MUNICIPALIDAD DISTRITAL DE HUATA - PUNO,JR. LIMA Nº 119 HUATA,,PUNO
PE-CONSUCODE-1088,MUNICIPALIDAD DISTRITAL DE QUILCAS,AV.SAN MARTIN Nº 435,,JUNIN
PE-CONSUCODE-1674,MUNICIPALIDAD DISTRITAL DE SAN JOSE - AZANGARO,PLAZA RAMON CASTILLA S/N 2DO. PISO,,PUNO
PE-CONSUCODE-1074,MUNICIPALIDAD DISTRITAL DE CHUPURO,PLAZA PRINCIPAL S/N - CHUPURO,9699000191,JUNIN
PE-CONSUCODE-201003,GOBIERNO REGIONAL DE SAN MARTIN - UNIDAD DE GESTION EDUCATIVA LOCAL BELLAVISTA,LORETO CON JR SAN MARTIN SN,042544042,SAN MARTIN
PE-CONSUCODE-1016,MUNICIPALIDAD DISTRITAL DE CHACABAMBA,PLAZA DE ARMAS,,HUANUCO
PE-CONSUCODE-1027,MUNICIPALIDAD DISTRITAL DE LOS AQUIJES,AV.EVITAMIENTO N° 111,,ICA
PE-CONSUCODE-1090,MUNICIPALIDAD DISTRITAL DE SAN JERONIMO DE TUNAN,AV. AREQUIPA Nº 709,064435126,JUNIN
PE-CONSUCODE-1263,MUNICIPALIDAD PROVINCIAL DE JULCAN,AV. CESAR VALLEJOS S/N MZ.J,,LA LIBERTAD
PE-CONSUCODE-1266,MUNICIPALIDAD DISTRITAL DE HUASO,CALLE DE LA PUENTE UCEDA S/N,959419143,LA LIBERTAD
PE-CONSUCODE-1281,MUNICIPALIDAD DISTRITAL DE OYOTUN,CALLE ALFONSO UGARTE NO 351,979360164,LAMBAYEQUE
PE-CONSUCODE-1317,MUNICIPALIDAD DISTRITAL DE EL AGUSTINO,AV.RIVA AGUERO Nº1358,,LIMA
PE-CONSUCODE-145,MUNICIPALIDAD DISTRITAL DE CAJARURO,JIRON SAN MGUEL S/N,041799839,AMAZONAS
PE-CONSUCODE-1485,MUNICIPALIDAD DISTRITAL DE NAPO,BARRIO JUAN BAUTISTA S/N,978822999,LORETO
PE-CONSUCODE-1552,MUNICIPALIDAD DISTRITAL DE YUNGA,PLAZA DE ARMAS,968820100,MOQUEGUA
PE-CONSUCODE-1619,MUNICIPALIDAD DISTRITAL DE YAMANGO,NESTOR LOPEZ S/N,,PIURA
PE-CONSUCODE-1643,MUNICIPALIDAD DISTRITAL DE BELLAVISTA DE LA UNION,PIURA NO 126,978581361,PIURA
PE-CONSUCODE-1743,MUNICIPALIDAD DISTRITAL DE PEDRO VILCA APAZA,PLAZA DE ARMAS S/N,,PUNO
PE-CONSUCODE-1762,MUNICIPALIDAD PROVINCIAL DE HUALLAGA - SAPOSOA,Vacio/Nulo,,SAN MARTIN
PE-CONSUCODE-1780,MUNICIPALIDAD DISTRITAL DE CAMPANILLA,JR. MARISCAL CASTILLA S/N,968441124,SAN MARTIN
PE-CONSUCODE-1809,MUNICIPALIDAD DISTRITAL DE BAJO BIAVO,JR.VICTOR R. HAYA DE LA TORRE - NVO. LIMA,942930244,SAN MARTIN
PE-CONSUCODE-1832,MUNICIPALIDAD DISTRITAL DE SAN MARTIN ALAO,CALLE LORETO S/N,978282100,SAN MARTIN
PE-CONSUCODE-1878,MUNICIPALIDAD DISTRITAL DE SEPAHUA,JR. JULIO C. TELLO S/N,,UCAYALI
PE-CONSUCODE-1916,INSTITUTO DE INVESTIGACIONES DE LA AMAZONIA PERUANA - I.I.A.P.,AV. ABELARDO QUIÑONES K.M. 2.5,065263451,LORETO
PE-CONSUCODE-200133,GOBIERNO REGIONAL DE LORETO - UNIDAD EJECUTORA 305 EDUCACION NAUTA,CALLE MANUEL PACAYA S/N,,LORETO
PE-CONSUCODE-200209,MUNICIPALIDAD DISTRITAL DE ANDOAS,PLAZA DE ARMAS S/N ANDOAS DATEM DEL MARAÑON LORETO,065-94942890,LORETO
PE-CONSUCODE-200331,INSTITUTO VIAL PROVINCIAL DE JAEN,Calle Simon Bolivar 1520 - Jaen,,CAJAMARCA
PE-CONSUCODE-200388,GOBIERNO REGIONAL DE LORETO - RED DE SALUD DATEM DEL MARAÑON,CAL. DANIEL A. CARRION NRO. S/N SAN LORENZO LORETO - DATEM DEL MARAÑON - BARRANCA,,LORETO
PE-CONSUCODE-258,MUNICIPALIDAD DISTRITAL DE PAROBAMBA,PLAZA DE ARMAS S/N,790247,ANCASH
PE-CONSUCODE-2601,SERVICIO DE ADMINISTRACION TRIBUTARIA TRUJILLO,JR. BOLIVAR N° 538,481700,LA LIBERTAD
PE-CONSUCODE-427,MUNICIPALIDAD DISTRITAL DE JOSE MARIA QUIMPER,PLAZA DE ARMAS,0,AREQUIPA
PE-CONSUCODE-436,MUNICIPALIDAD DISTRITAL DE ATICO,AV.  SAN PEDRO S/.N AAHH LA FLORIDA - ATICO,0,AREQUIPA
PE-CONSUCODE-444,MUNICIPALIDAD DISTRITAL DE LOMAS,LIBERTAD MZ 20 LOTE 1,0,AREQUIPA
PE-CONSUCODE-459,MUNICIPALIDAD DISTRITAL DE URACA - CORIRE,PLAZA 28 DE JULIO NO 215,,AREQUIPA
PE-CONSUCODE-560,MUNICIPALIDAD DISTRITAL DE LEONCIO PRADO - LUCANAS,PLAZA DE ARMAS,,AYACUCHO
PE-CONSUCODE-663,MUNICIPALIDAD DISTRITAL DE SANTO TOMAS - CUTERVO,JR.SUCRE Nº231,,CAJAMARCA
PE-CONSUCODE-717,MUNICIPALIDAD DISTRITAL DE TONGOD,SAN MARTIN,,CAJAMARCA
PE-CONSUCODE-891,MUNICIPALIDAD DISTRITAL DE SAN ANTONIO DE ANTAPARCO,PLAZA PRINCIPAL S/N,,HUANCAVELICA
PE-CONSUCODE-375,MUNICIPALIDAD PROVINCIAL DE GRAU - CHUQUIBAMBILLA,AV.GRAU-EDIFICIO CENTRO CIVICO,,APURIMAC
PE-CONSUCODE-201246,MUNICIPALIDAD DISTRITAL DE ANDRES AVELINO CACERES DORREGARAY,JR. LOS ROSALES N° 205 - URB. JARDÍN,066-783440,AYACUCHO
PE-CONSUCODE-10485,GOBIERNO REGIONAL DE JUNIN-SALUD AIS. UTES. CHANCHAMAYO,JR. TARMA 140 LA MERCED,,JUNIN
PE-CONSUCODE-703,MUNICIPALIDAD DISTRITAL DE LA COIPA,SAN MARTIN Nº 407,,CAJAMARCA
PE-CONSUCODE-201925,ESTABLECIMIENTO DE SALUD MUNICIPAL,AV PUMACAHUA SN,958068848,AREQUIPA
PE-CONSUCODE-694,MUNICIPALIDAD DISTRITAL DE PUCARA - JAEN,SAN MARTIN Nº613,,CAJAMARCA
PE-CONSUCODE-200465,GOBIERNO REGIONAL DE CAJAMARCA - UNIDAD DE GESTION EDUCATIVA LOCAL SAN MIGUEL,JR. 28 DE JULIO S/N,,CAJAMARCA
PE-CONSUCODE-693,MUNICIPALIDAD DISTRITAL DE POMAHUACA,CALLE BALTA 173 POMAHUACA JAEN CAJAMARCA,076-614339,CAJAMARCA
PE-CONSUCODE-568,MUNICIPALIDAD DISTRITAL DE SANCOS,SANCOS,,AYACUCHO
PE-CONSUCODE-200053,GOBIERNO REGIONAL DE CUSCO - UNIDAD DE GESTION EDUCATIVA QUISPICANCHI,PZA. PLAZA DE ARMAS NRO. SN CUSCO - QUISPICANCHI - HUARO,,CUSCO
PE-CONSUCODE-998,MUNICIPALIDAD PROVINCIAL DE PACHITEA - PANAO,JR ESPINAR Nº 121,00000000,HUANUCO
PE-CONSUCODE-10377,GOBIERNO REGIONAL DE AMAZONAS - EDUCACION BAGUA,AV. CHACHAPOYAS 1749 BAGUA GRANDE,041473233,AMAZONAS
PE-CONSUCODE-10437,GOBIERNO REGIONAL DE CAJAMARCA - UNIDAD DE GESTION EDUCATIVA CHOTA,JR. GREGORIO MALCA 896 CHOTA,,CAJAMARCA
PE-CONSUCODE-105,MUNICIPALIDAD DISTRITAL DE JAZAN,AV.MARGINAL 472,962561164,AMAZONAS
PE-CONSUCODE-10524,GOBIERNO REGIONAL DE LORETO - GERENCIA SUB REGIONAL DE UCAYALI - CONTAMANA,CALLE MOISES RENGIFO 418 CONTAMANA,,LORETO
PE-CONSUCODE-10528,GOBIERNO REGIONAL DE LORETO - UNIDAD DE GESTIÓN EDUCATIVA LOCAL DE ALTO AMAZONAS,TACNA,0656352102,LORETO
PE-CONSUCODE-10587,GOBIERNO REGIONAL DE SAN MARTIN - ALTO HUALLAGA TOCACHE,JR.  PROGRESO   300 TOCACHE,,SAN MARTIN
PE-CONSUCODE-10591,GOBIERNO REGIONAL DE SAN MARTIN - EDUCACION MOYOBAMBA,JR. VARACADILLO 237 - MOYOBAMBA,042562180,SAN MARTIN
PE-CONSUCODE-1064,MUNICIPALIDAD DISTRITAL DE PARACAS,AV. LOS LIBERTADORES S/N EL GOLF - CLUB - PARACAS,056-545077,ICA
PE-CONSUCODE-202785,MUNICIPALIDAD DISTRITAL LA YARADA LOS PALOS,GRAU SIN NRO,052280422,TACNA
PE-CONSUCODE-1114,MUNICIPALIDAD DISTRITAL DE VITOC,CENTENARIO,959154245,JUNIN
PE-CONSUCODE-1159,MUNICIPALIDAD DISTRITAL DE PAMPA HERMOZA - SATIPO,AV. TUPAC AMARU,,JUNIN
PE-CONSUCODE-1171,MUNICIPALIDAD DISTRITAL DE TAPO,PLAZA PRINCIPAL 2DO PISO,064762706,JUNIN
PE-CONSUCODE-202885,MUNICIPALIDAD DISTRITAL DE CASTILLO GRANDE,ATAHUALPA MZ F LOTE 38,955644190,HUANUCO
PE-CONSUCODE-1183,MUNICIPALIDAD DISTRITAL DE AHUAC,JR ARENALES SN PLAZA PRINCIPAL,982010119,JUNIN
PE-CONSUCODE-119,MUNICIPALIDAD DISTRITAL DE PISUQUIA,PLAZA DE ARMAS,0,AMAZONAS
PE-CONSUCODE-1214,MUNICIPALIDAD DISTRITAL DE SANAGORAN,SANAGORAN,,LA LIBERTAD
PE-CONSUCODE-1237,MUNICIPALIDAD DISTRITAL DE HUAYLILLAS,PLAZA DE ARMAS DE HUAYLILLAS S/N,947909920,LA LIBERTAD
PE-CONSUCODE-1284,MUNICIPALIDAD DISTRITAL DE REQUE,CALLE ELIAS AGUIRRE Nº229,,LAMBAYEQUE
PE-CONSUCODE-1299,MUNICIPALIDAD DISTRITAL DE MOCHUMI,CALLE SAN JOSE Nº455,,LAMBAYEQUE
PE-CONSUCODE-1303,MUNICIPALIDAD DISTRITAL DE PACORA,CALLE 28 DE JULIO Nº106,979242626,LAMBAYEQUE
PE-CONSUCODE-203146,MUNICIPALIDAD DISTRITAL DE ROBLE,SIN NRO,949804668,HUANCAVELICA
PE-CONSUCODE-1315,MUNICIPALIDAD DISTRITAL DE CIENEGUILLA,AV.NUEVA TOLEDO LOTE 978,,LIMA
PE-CONSUCODE-1325,MUNICIPALIDAD DISTRITAL DE LURIN,JR UNION SN CUADRA 1 NRO SN PLAZA DE ARMAS,4303452,LIMA
PE-CONSUCODE-1326,MUNICIPALIDAD DISTRITAL DE MAGDALENA DEL MAR,AV.BRASIL Nº3501,,LIMA
PE-CONSUCODE-1365,MUNICIPALIDAD DISTRITAL DE CALANGO,AV. PLAZA DE ARMAS S/N,2845037,LIMA
PE-CONSUCODE-1371,MUNICIPALIDAD DISTRITAL DE MALA,PLAZA DE ARMAS Nº177,2062670,LIMA
PE-CONSUCODE-1383,MUNICIPALIDAD DISTRITAL DE HUALMAY,FLORIAN DIAZ NO 499,2393753,LIMA
PE-CONSUCODE-1384,MUNICIPALIDAD DISTRITAL DE HUAURA,AV.SAN MARTIN-PLAZA S/N,3419031,LIMA
PE-CONSUCODE-1462,MUNICIPALIDAD DISTRITAL DE TAURIPAMPA,PLAZA DE ARMAS Nº200,979636953,LIMA
PE-CONSUCODE-1479,MUNICIPALIDAD PROVINCIAL DE MAYNAS - IQUITOS,CALLE ECHENIQUE Nº 350,,LORETO
PE-CONSUCODE-1483,MUNICIPALIDAD DISTRITAL DE LAS AMAZONAS,IQUITOS,065221761,LORETO
PE-CONSUCODE-1493,MUNICIPALIDAD DISTRITAL DE CAHUAPANAS,PLAZA DE ARMAS S/N,065352325,LORETO
PE-CONSUCODE-1499,MUNICIPALIDAD DISTRITAL DE SANTA CRUZ - ALTO AMAZONAS,CALLE LAS INDUSTRIAS Nº106,065-353601,LORETO
PE-CONSUCODE-1520,MUNICIPALIDAD PROVINCIAL DE UCAYALI - CONTAMANA,JR AMAZONAS NRO 307,065551140,LORETO
PE-CONSUCODE-1533,MUNICIPALIDAD PROVINCIAL DE TAHUAMANU - IÑAPARI,AV.BOLIVIA INT.2.MZ.A.LOTE 108,,MADRE DE DIOS
PE-CONSUCODE-1566,MUNICIPALIDAD DISTRITAL DE TINYAHUARCO,JR MORALES JANAMPA NRO SN SMELTER,11111111,PASCO
PE-CONSUCODE-1574,MUNICIPALIDAD DISTRITAL DE SANTA ANA DE TUSI,PLAZA DE ARMAS S/N,,PASCO
PE-CONSUCODE-1583,MUNICIPALIDAD DISTRITAL DE PALCAZU,AV. JULIO SHITABORI NO 1 INT.1,063-837000,PASCO
PE-CONSUCODE-1624,MUNICIPALIDAD DISTRITAL DE PUEBLO NUEVO DE COLAN,JR. BOLIVAR Nº302,,PIURA
PE-CONSUCODE-1630,MUNICIPALIDAD DISTRITAL DE IGNACIO ESCUDERO,JR. FLORO CASTILLO Nº 121,073-513168,PIURA
PE-CONSUCODE-1645,MUNICIPALIDAD DISTRITAL DE CRISTO NOS VALGA,GRAU,968040040,PIURA
PE-CONSUCODE-1668,MUNICIPALIDAD DISTRITAL DE CHUPA,PLAZA DE ARMAS S/N,951071749,PUNO
PE-CONSUCODE-1688,MUNICIPALIDAD PROVINCIAL DE CHUCUITO - JULI,JR.LOYOLA NO 104,,PUNO
PE-CONSUCODE-1690,MUNICIPALIDAD DISTRITAL DE HUACULLANI,28 DE JULIO PLAZA DE ARMAS S/N,,PUNO
PE-CONSUCODE-170,MUNICIPALIDAD DISTRITAL DE CHACCHO,PLAZA DE ARMAS DE CHACCHO,222102,ANCASH
PE-CONSUCODE-1726,MUNICIPALIDAD DISTRITAL DE PHARA,PLAZA DE ARMAS S/N,999092669,PUNO
PE-CONSUCODE-203846,GOBIERNO REGIONAL JUNIN UNIDAD EJECUTORA EDUCACION PANGOA,UCAYALI,959075112,JUNIN
PE-CONSUCODE-1752,MUNICIPALIDAD PROVINCIAL DE MOHO,CALLE LIMA Nº 133 - PLAZA DE ARMAS,,PUNO
PE-CONSUCODE-1771,MUNICIPALIDAD DISTRITAL DE CAYNARACHI,JR. MANUEL PRADO,949428909,SAN MARTIN
PE-CONSUCODE-1807,MUNICIPALIDAD PROVINCIAL DE BELLAVISTA,AV. SAN MARTIN # 681 - FRENTE LA PLAZA DE ARMAS DEL 3ER. PISO,,SAN MARTIN
PE-CONSUCODE-1811,MUNICIPALIDAD DISTRITAL DE SAN PABLO - BELLAVISTA,"JR. MIGUEL GRAU - SAN PABLO, PROVINCIA DE BELLAVISTA",947997270,SAN MARTIN
PE-CONSUCODE-1884,MUNICIPALIDAD PROVINCIAL DE PURUS,JR. JULIO VILLACORTA C. S/N,961010219,UCAYALI
PE-CONSUCODE-1942,BIBLIOTECA NACIONAL DEL PERU,AV.  DE LA POESIA Nº 160,,LIMA
PE-CONSUCODE-1997,CENTRO VACACIONAL HUAMPANI,CARRETERA CENTRAL KM. 26 CHOSICA,111111,LIMA
PE-CONSUCODE-200064,GOBIERNO REGIONAL DE JUNIN - UNIDAD DE GESTION LOCAL TARMA,JR. CALLAO Nº 425,,JUNIN
PE-CONSUCODE-200087,MUNICIPALIDAD DISTRITAL DE JESUS NAZARENO,JR. RICARDO PALMA N° 233 JESUS NAZARENO HUAMANGA AYACUCHO,,AYACUCHO
PE-CONSUCODE-200094,MUNICIPALIDAD DISTRITAL DE CHORAS,Vacio/Nulo,,HUANUCO
PE-CONSUCODE-200141,MUNICIPALIDAD DISTRITAL DE LLOCHEGUA,PLAZA PRINCIPAL LLOCHEGUA,950859200,AYACUCHO
PE-CONSUCODE-200539,GOBIERNO REGIONAL DE ANCASH - UNIDAD DE GESTION EDUCATIVA LOCAL DE BOLOGNESI,JR. ESPINAR NRO. 441 CENT CHIQUIAN (A 2 CDRAS ANTES DE LA POSTA MEDICA) ANCASH - BOLOGNESI - CHIQUIAN,043-447024,ANCASH
PE-CONSUCODE-204407,INSTITUTO DE MEDICINA LEGAL Y CIENCIAS FORENSES,AV. GUARDIA CIVIL NRO. 835,6255555,LIMA
PE-CONSUCODE-2452,EMPRESA MUNICIPAL ADMINISTRADORA DE PEAJE DE LIMA S.A.,VIA DE EVITAMIENTO KM.17.00 (PEAJE MONTERRICO),2080000,LIMA
PE-CONSUCODE-275,MUNICIPALIDAD DISTRITAL DE SAMANCO,RICARDO PALMA S/N PLAZA DE ARMAS,762023,ANCASH
PE-CONSUCODE-296,MUNICIPALIDAD DISTRITAL DE YANAMA,PLAZUELA SANTA ROSA SN,954664203,ANCASH
PE-CONSUCODE-325,MUNICIPALIDAD DISTRITAL DE TAMBURCO,AVENIDA INCA GARCILAZO DE LA VEGA,083322340,APURIMAC
PE-CONSUCODE-329,MUNICIPALIDAD DISTRITAL DE HUANCARAMA,PASAJE EZEQUIEL PALOMINO No 108,,APURIMAC
PE-CONSUCODE-356,MUNICIPALIDAD DISTRITAL DE COTARUSE,CARRETERA PANAMERICANA Km 142,,APURIMAC
PE-CONSUCODE-365,MUNICIPALIDAD DISTRITAL DE TINTAY,PLAZA DE ARMAS,0,APURIMAC
PE-CONSUCODE-382,MUNICIPALIDAD DISTRITAL DE PROGRESO,AV.LA CULTURA,,APURIMAC
PE-CONSUCODE-392,MUNICIPALIDAD DISTRITAL DE OCOBAMBA - CHINCHEROS,PLAZA DE ARMAS 178,,APURIMAC
PE-CONSUCODE-395,MUNICIPALIDAD DISTRITAL DE URANMARCA,PLAZA DE ARMAS,,APURIMAC
PE-CONSUCODE-201546,MUNICIPALIDAD DISTRITAL DE QUICHUAS,PARQUE PRINCIPAL SN COLCABAMBA,0000000,HUANCAVELICA
PE-CONSUCODE-412,CONCEJO DISTRITAL DE SAN JUAN DE SIGUAS,PLAZA PRINCIPAL KM 918,0,AREQUIPA
PE-CONSUCODE-442,MUNICIPALIDAD DISTRITAL DE HUANUHUANU,CALLE PRINCIPAL(TOCOTA),0,AREQUIPA
PE-CONSUCODE-468,MUNICIPALIDAD DISTRITAL DE HUANCA,JUNIN No 400,,AREQUIPA
PE-CONSUCODE-483,MUNICIPALIDAD DISTRITAL DE CHICHAS,PLAZA PRINCIPAL DEL DISTRITO DE CHICHAS,054232315,AREQUIPA
PE-CONSUCODE-484,MUNICIPALIDAD DISTRITAL DE IRAY,CALLE PRINCIPAL,0,AREQUIPA
PE-CONSUCODE-511,MUNICIPALIDAD DISTRITAL DE QUINUA,PLAZA PRINCIPAL DE QUINUA,0,AYACUCHO
PE-CONSUCODE-559,MUNICIPALIDAD DISTRITAL DE LARAMATE,JR.ICA No5 3ER PISO INT-2,,AYACUCHO
PE-CONSUCODE-565,MUNICIPALIDAD DISTRITAL DE SAN PEDRO - LUCANAS,AVENIDA JOSE MARIA ARGUEDAS Nº 344 SAN PEDRO,,AYACUCHO
PE-CONSUCODE-622,MUNICIPALIDAD DISTRITAL DE MAGDALENA - CAJAMARCA,JR JOSE OLAYA N° 146,,CAJAMARCA
PE-CONSUCODE-657,MUNICIPALIDAD DISTRITAL DE QUEROCOTILLO,CALLE CAJAMARCA N° 290,,CAJAMARCA
PE-CONSUCODE-656,MUNICIPALIDAD DISTRITAL DE PIMPINGOS,UNION Nº 145 INT. 1,,CAJAMARCA
PE-CONSUCODE-671,MUNICIPALIDAD DISTRITAL DE CHIGUIRIP,JR.DOS DE MAYO No 20,,CAJAMARCA
PE-CONSUCODE-690,MUNICIPALIDAD DISTRITAL DE COLASAY,CALLE REAL S/N,,CAJAMARCA
PE-CONSUCODE-723,MUNICIPALIDAD DISTRITAL DE TUMBADEN,PLAZA DE ARMAS S/N,,CAJAMARCA
PE-CONSUCODE-778,MUNICIPALIDAD DISTRITAL DE SAN SALVADOR,PLAZA GRAU,,CUSCO
PE-CONSUCODE-833,MUNICIPALIDAD DISTRITAL DE CAICAY,VEINTIOCHO DE JULIO,,CUSCO
PE-CONSUCODE-883,MUNICIPALIDAD DISTRITAL DE ANCHONGA,PLAZA DE ARMAS S/N,,HUANCAVELICA
PE-CONSUCODE-89,MUNICIPALIDAD DISTRITAL DE LA PECA,AV. INDEPENDENCIA N° 619,972616184,AMAZONAS
PE-CONSUCODE-202485,GOBIERNO REGIONAL HUANCAVELICA UNIDAD DE GESTION EDUCATIVA LOCAL HUANCAVELICA,PABLO B SOLIS,067452614,HUANCAVELICA
PE-CONSUCODE-10410,GOBIERNO REGIONAL DE APURIMAC-SALUD APURIMAC,AV. DANIEL ALCIDES CARRION ABANCAY,,APURIMAC
PE-CONSUCODE-1110,MUNICIPALIDAD DISTRITAL DE SANTA ROSA DE OCOPA,PLAZA PRINCIPAL,581511,JUNIN
PE-CONSUCODE-10468,GOBIERNO REGIONAL DE ICA-AGRICULTURA,AV. LAMBAYEQUE 169 ICA,,ICA
PE-CONSUCODE-201185,GOBIERNO REGIONAL DE APURIMAC  - UNIDAD EJECUTORA GERENCIA SUB REGIONAL DE COTABAMBAS,RICARDO PALMA SN,956278079,APURIMAC
PE-CONSUCODE-200511,GOBIERNO REGIONAL DE LA LIBERTAD - UNIDAD DE GESTION EDUCATIVA LOCAL 01- EL PORVENIR,AV. PUMACAHUA NRO. 1275 P.J. EL PORVENIR LA LIBERTAD - TRUJILLO - EL PORVENIR,,LA LIBERTAD
PE-CONSUCODE-333,MUNICIPALIDAD DISTRITAL DE PACUCHA,PLAZA DE ARMAS S/N PACUCHA,083830273,APURIMAC
PE-CONSUCODE-10492,GOBIERNO REGIONAL DE LA LIBERTAD-EDUCACION USE CHEPEN,Calle Gonzáles Prada 190 CHEPEN,,LA LIBERTAD
PE-CONSUCODE-200169,GOBIERNO REGIONAL DE AMAZONAS - UGEL CONDORCANQUI,JR. PORVENIR S/N - NIEVA,,AMAZONAS
PE-CONSUCODE-200576,UNIDAD EJECUTORA 140 HOSPITAL DE HUAYCAN,JOSE CARLOS MARIATEGUI SN ZONA B HUAYCAN UCV 42ATE,3716797,LIMA
PE-CONSUCODE-202666,"UNIDAD EJECUTORA 036 - 001634 ""FONDO SIERRA AZUL""",SALAVERRY 1388,920116353,LIMA
PE-CONSUCODE-875,MUNICIPALIDAD DISTRITAL DE ANDABAMBA - ACOBAMBA,PLAZA PRINCIPAL S/N,988884685,HUANCAVELICA
PE-CONSUCODE-200079,GOBIERNO REGIONAL DE SAN MARTÍN - SALUD ALTO HUALLAGA,JR. PEDRO GÓMEZ CDRA 7 TOCACHE,,SAN MARTIN
PE-CONSUCODE-1197,MUNICIPALIDAD DISTRITAL DE POROTO,CALLE CESAR VALLEJO NO 155 POROTO,944624979,LA LIBERTAD
PE-CONSUCODE-202945,MUNICIPALIDAD DISTRITAL DE LA MORADA,14 DE JUNIO SIN NRO PLAZA DE ARMAS LA MORADA,990220372,HUANUCO
PE-CONSUCODE-1005,MUNICIPALIDAD DISTRITAL DE TOURNAVISTA,AV. LEONCIO PRADO S/N,,HUANUCO
PE-CONSUCODE-200352,GOBIERNO REGIONAL DE AMAZONAS-UNIDAD EJECUTORA 303 EDUCACION BAGUA CAPITAL,AV. HEROES DEL CENEPA NRO. 1090 AMAZONAS - BAGUA - BAGUA,,AMAZONAS
PE-CONSUCODE-2352,EMPRESA MUNICIPAL DE AGUA POTABLE Y ALCANTARILLADO DE HUACHO,AV. PUQUIO CANO S/N. 5TA. CDRA.-HUACHO,11111111,LIMA
PE-CONSUCODE-1805,MUNICIPALIDAD DISTRITAL DE SAUCE,JIRON PLAZA DE ARMAS S/N - SAUCE,042530903,SAN MARTIN
PE-CONSUCODE-200324,GOBIERNO REGIONAL DE AYACUCHO - UNIDAD EJECUTORA EDUCACION VRAE LA MAR,JR. MARISCAL CACERES 220 SAN MIGUEL LA MAR AYACUCHO,,AYACUCHO
PE-CONSUCODE-920,MUNICIPALIDAD DISTRITAL DE SURCUBAMBA,PLAZA PRINCIPAL S/N,950196469,HUANCAVELICA
PE-CONSUCODE-1484,MUNICIPALIDAD DISTRITAL DE MAZAN,PLAZA DE ARMAS,221839,LORETO
PE-CONSUCODE-2349,EMPRESA MUNICIPAL DE AGUA POTABLE Y ALCANTARILLADO DE ABANCAY S.A.,AV.PRADO NORTE N° 404 -ABANCAY,083321080,APURIMAC
PE-CONSUCODE-200132,GOBIERNO REGIONAL DE LORETO - UGEL - REQUENA,GRAU / INDEPENDENCIA,,LORETO
PE-CONSUCODE-1489,MUNICIPALIDAD DISTRITAL DE YAQUERANA,AV. 28 DE JULIO 321 COLONIA ANGAMOS,,LORETO
PE-CONSUCODE-200561,GOBIERNO REGIONAL DE SAN MARTIN - UNIDAD DE GESTION EDUCATIVA LOCAL LAMAS,JR. FELIPE SAAVEDRA NRO 639,042-543063,SAN MARTIN
PE-CONSUCODE-698,MUNICIPALIDAD DISTRITAL DE SANTA ROSA - JAEN,JESUS CALABOR Nº241 2DO PISO,,CAJAMARCA
PE-CONSUCODE-200166,GOBIERNO REGIONAL DE MOQUEGUA - UGEL MARISCAL NIETO,APV INADE G SN LOS ANGELES,053463602,MOQUEGUA
PE-CONSUCODE-10516,GOBIERNO REGIONAL DE LAMBAYEQUE - GERENCIA REGIONAL DE AGRICULTURA LAMBAYEQUE,AV. AREQUIPA   N°  138- URB LOS LIBERTADORES CHICLAYO,,LAMBAYEQUE
PE-CONSUCODE-200069,GOBIERNO REGIONAL DE PIURA-EDUCACIÓN ALTO PIURA,Vacio/Nulo,,PIURA
PE-CONSUCODE-10439,GOBIERNO REGIONAL DE CAJAMARCA - UNIDAD DE GESTION EDUCATIVA LOCAL JAEN,CAL. MARIA PARADO DE BELLIDO NRO. 406 SECTOR MORRO SOLAR CAJAMARCA - JAEN - JAEN,,CAJAMARCA
PE-CONSUCODE-200765,GOBIERNO REGIONAL DE UCAYALI - UNIDAD DE GESTION EDUCATIVA LOCAL DE PADRE ABAD,AVENIDA SIMON BOLIVAR NRO 344,061-481105,UCAYALI
PE-CONSUCODE-624,MUNICIPALIDAD DISTRITAL DE NAMORA,JR. LIBERTAD N§105 - 107,,CAJAMARCA
PE-CONSUCODE-546,MUNICIPALIDAD DISTRITAL DE AYNA SAN FRANCISCO,AV.28 DE JULIO No 10 2DO PISO,,AYACUCHO
PE-CONSUCODE-1637,MUNICIPALIDAD DISTRITAL DE EL ALTO,PLAZA DE ARMAS S/N - EL ALTO,,PIURA
PE-CONSUCODE-201566,MUNICIPALIDAD DISTRITAL DE ANDAYMARCA,PLAZA PRINCIPAL,943811155,HUANCAVELICA
PE-CONSUCODE-1608,MUNICIPALIDAD DISTRITAL DE SAN MIGUEL DE EL FAIQUE,JR. JACINTO PONGO Nº156  SAN MIGUEL DE EL FAIQUE,955675843,PIURA
PE-CONSUCODE-10412,GOBIERNO REGIONAL DE APURIMAC - UNIDAD DE GESTION EDUCATIVA LOCAL-COTABAMBAS,AVENIDA SUCRE S/N PALCANO - TAMBOBAMBA,,APURIMAC
PE-CONSUCODE-953,MUNICIPALIDAD DISTRITAL DE CHURUBAMBA,JR SANTA CRUZ SN CHURUBAMBA,994449873,HUANUCO
PE-CONSUCODE-695,MUNICIPALIDAD DISTRITAL DE SALLIQUE,SEÑOR DE LA HUMILDAD S/N,,CAJAMARCA
PE-CONSUCODE-200782,GOBIERNO REGIONAL DE UCAYALI - UNIDAD DE GESTION EDUCATIVA LOCAL ATALAYA,JR URUBAMBA SN,061-461399,UCAYALI
PE-CONSUCODE-200802,INSTITUTO VIAL PROVINCIAL DE CHINCHEROS,PLAZA DE ARMAS SN,083630516,APURIMAC
PE-CONSUCODE-200824,INSTITUTO VIAL PROVINCIAL DE LAURICOCHA,JR CRISTOBAL COLON SN CERCADO,962830086,HUANUCO
PE-CONSUCODE-200963,HOSPITAL JOSE H. SOTO CADENILLAS - CHOTA,EXEQUIEL MONTOYA NRO 718,076351425,CAJAMARCA
PE-CONSUCODE-10185,CONSERVATORIO NACIONAL DE MUSICA,CARABAYA 421,426-9677,LIMA
PE-CONSUCODE-10211,GOBIERNO REGIONAL DE LIMA - HOSPITAL DE APOYO REZOLA,CALLE SAN MARTÍN Nº  120 y 124 SAN VICENTE DE CAÑETE,,LIMA
PE-CONSUCODE-1033,MUNICIPALIDAD DISTRITAL DE SAN JUAN BAUTISTA - ICA,AV.ALFONSO UGARTE 113,,ICA
PE-CONSUCODE-10405,GOBIERNO REGIONAL DE APURIMAC - DIRECCION SUBREGIONAL AGRARIA DE ANDAHUAYLAS,AV. PERU Nº 920  TEJA MOLIN,,APURIMAC
PE-CONSUCODE-104,MUNICIPALIDAD DISTRITAL DE YAMBRASBAMBA,CALLE BONGARA Y ANGELINO CULQUET,985652150,AMAZONAS
PE-CONSUCODE-1042,MUNICIPALIDAD DISTRITAL DE CHINCHA BAJA,PLAZA DE ARMAS No 148,,ICA
PE-CONSUCODE-1047,MUNICIPALIDAD DISTRITAL DE SAN PEDRO DE HUACARPANA,AV SAN MARTIN DE PORRAS NO 335,056834797,ICA
PE-CONSUCODE-10478,GOBIERNO REGIONAL DE JUNIN-AGRICULTURA,CALLE REAL 507 HUANCAYO,,JUNIN
PE-CONSUCODE-10519,GOBIERNO REGIONAL DE LAMBAYEQUE - COLEGIO MILITAR ELIAS AGUIRRE,CARRETERA A PIMENTEL KM 10 -  CHICLAYO,,LAMBAYEQUE
PE-CONSUCODE-10546,GOBIERNO REGIONAL DE PASCO - DIRECCION  REGIONAL  DE TRANSPORTES Y COMUNICACIONES,AV. EL MINERO 506 YANACANCHA,,PASCO
PE-CONSUCODE-10556,GOBIERNO REGIONAL DE PIURA-COLEGIO MILITAR PEDRO RUIZ GALLO,ANTIGUA PANAMERICANA SUR KM. 2,073342655,PIURA
PE-CONSUCODE-10600,GOBIERNO REGIONAL DE TACNA-EDUCACION,AV.HIPOLITO UNANUE TACNA,,TACNA
PE-CONSUCODE-202705,MUNICIPALIDAD DISTRITAL DE VIZCATAN DEL ENE,PLAZA PRINCIPAL S/N,974251672,JUNIN
PE-CONSUCODE-202765,MUNICIPALIDAD DISTRITAL DE CHACA,290,965976655,AYACUCHO
PE-CONSUCODE-202805,MUNICIPALIDAD DISTRITAL DE SAN PABLO DE PILLAO,2 DE ENERO,062515333,HUANUCO
PE-CONSUCODE-11,MINISTERIO DE AGRICULTURA Y RIEGO,AV. ALAMEDA DEL CORREGIDOR Nº 155,2098600 AN 1112,LIMA
PE-CONSUCODE-1163,MUNICIPALIDAD PROVINCIAL DE TARMA,JR. LIMA Y DOS DE MAYO Nº 199,,JUNIN
PE-CONSUCODE-1174,MUNICIPALIDAD DISTRITAL DE HUAYHUAY,PLAZA PRINCIPAL,972853293,JUNIN
PE-CONSUCODE-1187,MUNICIPALIDAD DISTRITAL DE SAN JUAN DE JARPA,CALLE 28 DE JULIO 2DO PISO,,JUNIN
PE-CONSUCODE-1236,MUNICIPALIDAD DISTRITAL DE HUAYO,PLAZA DE ARMAS S/N 2DO PISO,984579478,LA LIBERTAD
PE-CONSUCODE-1251,MUNICIPALIDAD DISTRITAL DE SANTA CRUZ DE CHUCA,SAN MARTIN No 6,,LA LIBERTAD
PE-CONSUCODE-1259,MUNICIPALIDAD DISTRITAL DE RAZURI,PASAJE LIMA Nº602,,LA LIBERTAD
PE-CONSUCODE-1297,MUNICIPALIDAD DISTRITAL DE ILLIMO,CALLE REAL Nº444,979298494,LAMBAYEQUE
PE-CONSUCODE-1311,MUNICIPALIDAD DISTRITAL DE BREÑA,AV. ARICA NO 500,,LIMA
PE-CONSUCODE-1312,MUNICIPALIDAD DISTRITAL DE CARABAYLLO,AV.TUPAC AMARU Nº1733 KM.18.5,,LIMA
PE-CONSUCODE-1320,MUNICIPALIDAD DISTRITAL DE LA MOLINA,AV. RICARDO ELIAS APARICIO Nº 740,,LIMA
PE-CONSUCODE-1332,MUNICIPALIDAD DISTRITAL DE PUNTA HERMOSA,ELIAS AGUIRRE Nº477,,LIMA
PE-CONSUCODE-1344,MUNICIPALIDAD DISTRITAL DE SANTA MARIA DEL MAR,AV EL SARDINERO SN,4307669,LIMA
PE-CONSUCODE-1356,MUNICIPALIDAD PROVINCIAL DE CANTA,JIRON INDEPENDENCIA Nº308,,LIMA
PE-CONSUCODE-143,MUNICIPALIDAD DISTRITAL DE RIO SANTIAGO,PLAZA PRINCIPAL PUERTO GALILEA,941931947,AMAZONAS
PE-CONSUCODE-1497,MUNICIPALIDAD DISTRITAL DE MORONA,CALLE PUERTO AMERICA S/N,959867064,LORETO
PE-CONSUCODE-1560,MUNICIPALIDAD DISTRITAL DE NINACACA,JR. MARISCAL CASTILLA SN NINACACA,956078991,PASCO
PE-CONSUCODE-1654,MUNICIPALIDAD DISTRITAL DE CHUCUITO - PUNO,JIRON PASIÓN Nº 515 - CHUCUITO,965888887,PUNO
PE-CONSUCODE-1657,MUNICIPALIDAD DISTRITAL DE PAUCARCOLLA,PLAZA DE ARMAS Nº04,972923071,PUNO
PE-CONSUCODE-1667,MUNICIPALIDAD DISTRITAL DE CAMINACA,PLAZA PRINCIPAL,,PUNO
PE-CONSUCODE-1677,MUNICIPALIDAD DISTRITAL DE TIRAPATA,PLAZA DE ARMAS MZ. A LOTE 2,,PUNO
PE-CONSUCODE-203726,GOBIERNO REGIONAL JUNIN UNIDAD EJECUTORA NRO 310 EDUCACION PICHANAKI,MICAELA BASTIDAS S/N,064402772,JUNIN
PE-CONSUCODE-1701,MUNICIPALIDAD DISTRITAL DE VILQUECHICO,PLAZA DE ARMAS S/N 2DO PISO,,PUNO
PE-CONSUCODE-203746,GOBIERNO REGIONAL DEL CUSCO UNIDAD EJECUTORA 315 EDUCACION ANTA,LOS ANDES S/N,084203553,CUSCO
PE-CONSUCODE-1723,MUNICIPALIDAD DISTRITAL DE CUYOCUYO,PLAZA DE ARMAS,,PUNO
PE-CONSUCODE-1732,MUNICIPALIDAD DISTRITAL DE CABANA - SAN RAMON,SAN ROMAN 2DO PISO.INT.9,,PUNO
PE-CONSUCODE-1750,MUNICIPALIDAD DISTRITAL DE SANTA ROSA MAZOCRUZ - EL COLLAO,JR. BOLOGNESI No 102 3ER PISO,,PUNO
PE-CONSUCODE-1785,MUNICIPALIDAD DISTRITAL DE AWAJUN,JR. AWAJÚN S/N - BAJO NARANJILLO,,SAN MARTIN
PE-CONSUCODE-1787,MUNICIPALIDAD DISTRITAL DE NUEVA CAJAMARCA,JR. HUALLAGA Y BOLOGNESI Nº103,042556411,SAN MARTIN
PE-CONSUCODE-1854,MUNICIPALIDAD DISTRITAL DE CAIRANI,PLAZA DE ARMAS 2DO.PISO,790269,TACNA
PE-CONSUCODE-1862,MUNICIPALIDAD DISTRITAL DE PAMPAS DE HOSPITAL,AV. PLAZA DE ARMAS Nº131,,TUMBES
PE-CONSUCODE-200050,GOBIERNO REGIONAL DE AYACUCHO - SALUD SARASARA,AV. NELLO CATANZARO S/N CORACORA,066451251,AYACUCHO
PE-CONSUCODE-200082,ZONA ARQUEOLOGICA CARAL,Av. Lomas de La Molina Nº 327- La Molina,,LIMA
PE-CONSUCODE-200093,MUNICIPALIDAD DISTRITAL DE APARICIO POMARES,JR. 28 DE JULIO N° 101,976090092,HUANUCO
PE-CONSUCODE-200183,INSTITUTO DE VIALIDAD MUNICIPAL DE LA PROVINCIA DE HUANCAVELICA,AV 28 DE ABRIL SN BARRIO DE SAN CRISTOBAL,067369040,HUANCAVELICA
PE-CONSUCODE-200184,INSTITUTO VIAL PROVINCIAL DE CHANCHAMAYO - IVP CHANCHAMAYO,AV. ZUCHETTI Nº 166 2DO. PISO CHANCHAMAYO-LA MERCED JUNIN,064531143,JUNIN
PE-CONSUCODE-200187,INSTITUTO VIAL PROVINCIAL DE TOCACHE - IVP TOCACHE,JR. JULIO AREVALO Nª 597 TOCACHE SAN MARTIN,,SAN MARTIN
PE-CONSUCODE-200200,INSTITUTO DE VIALIDAD MUNICIPAL PROVINCIAL DE YUNGAY,PLAZA DE ARMAS S/N YUNGAY,,ANCASH
PE-CONSUCODE-200210,INSTITUTO DE VIALIDAD MUNICIPAL DE LA PROVINCIA DE TAYACAJA,JR. GRAU Nº 115 SEGUNDO PISO - PAMPAS TAYACAJA,977557277,HUANCAVELICA
PE-CONSUCODE-200214,INSTITUTO VIAL PROVINCIAL MUNICIPAL DE OXAPAMPA,JIRON MULLEMBRUCK Nº 242 - 2DO PISO - ESTADIO MUNICIPAL - OXAPAMPA,063462158,PASCO
PE-CONSUCODE-200248,INSTITUTO VIAL PROVINCIAL MUNICIPAL DE MOYOBAMBA,JR. DOS MAYO N° 395 - MOYOBAMBA,042564309,SAN MARTIN
PE-CONSUCODE-200249,GOBIERNO REGIONAL DE PIURA - PROYECTO ESPECIAL DE IRRIGACION HIDROENERGETICO DEL ALTO PIURA,JR. LIMA  Nº 219 - 221,,PIURA
PE-CONSUCODE-200257,AUTORIDAD NACIONAL DEL SERVICIO CIVIL,PASAJE FRANCISCO DE ZELA 150 PISO 10,,LIMA
PE-CONSUCODE-200271,INSTITUTO VIAL PROVINCIAL MUNICIPAL DE PACHITEA,JR. LIMA N° 104-SEGUNDO NIVEL-PANAO-PACHITEA-HUANUCO,,HUANUCO
PE-CONSUCODE-200293,INSTITUTO DE VIALIDAD MUNICIPAL DE LA PROVINCIA DE ABANCAY,JR LOS JARDINES NRO 502 INT 2,083-207441,APURIMAC
PE-CONSUCODE-200336,INSTITUTO VIAL PROVINCIAL MUNICIPAL DE ACOBAMBA,Jr. Dos de Mayo Nº 463 - Acobamba,,HUANCAVELICA
PE-CONSUCODE-200341,INSTITUTO VIAL PROVINCIAL DE SAN PABLO,"JR, LIMA Nº 769",942228650,CAJAMARCA
PE-CONSUCODE-200374,INSTITUTO VIAL PROVINCIAL MUNICIPAL DE PICOTA,JR. SAN MARTIN Nro. 591 Picota - SAN MARTIN,,SAN MARTIN
PE-CONSUCODE-200394,INSTITUTO VIAL PROVINCIAL MUNICIPAL DE CHURCAMPA,JR. DANIEL HERNANDES S/N,487022,HUANCAVELICA
PE-CONSUCODE-200403,INSTITUTO VIAL PROVINCIAL MUNICIPAL DE MARISCAL CACERES,JR. MIGUEL GRAU NRO. 337 SAN MARTIN - MARISCAL CACERES - JUANJUI,,SAN MARTIN
PE-CONSUCODE-200416,INSTITUTO VIAL PROVINCIAL MUNICIPAL DE CASTROVIRREYNA,AV. LOS LIBERTADORES NRO. S/N HUANCAVELICA - CASTROVIRREYNA - CASTROVIRREYNA,,HUANCAVELICA
PE-CONSUCODE-200417,CORTE SUPERIOR DE JUSTICIA DE LA LIBERTAD,MZA. P LOTE. 7 SEC. NATASHA ALTA LA LIBERTAD - TRUJILLO - TRUJILLO,,LA LIBERTAD
PE-CONSUCODE-200427,INSTITUTO VIAL PROVINCIAL CHUPACA,JR. MIGUEL GRAU NRO. 185 JUNIN - CHUPACA - CHUPACA,11111111,JUNIN
PE-CONSUCODE-200463,INSTITUTO DE VIALIDAD MUNICIPAL DE LA PROVINCIA DE MARISCAL NIETO,AV SIMON BOLIVAR SN,053464543,MOQUEGUA
PE-CONSUCODE-200491,INSTITUTO VIAL PROVINCIAL MUNICIPAL DE HUAYTARA,CAL. MUNICIPALIDAD NRO. 100 (PLAZA DE ARMAS) HUANCAVELICA - HUAYTARA - HUAYTARA,111111111,HUANCAVELICA
PE-CONSUCODE-200528,GOBIERNO REGIONAL DE HUANUCO - RED DE SALUD HUAMALIES,JR. 28 DE JULIO NRO. 260 C.P.M LLATA (SEGUNDO PISO DEL HOSPITAL DE LLATA) HUANUCO - HUAMALIES - LLATA,,HUANUCO
PE-CONSUCODE-200536,GOBIERNO REGIONAL DE LA LIBERTAD - UGEL 03 UNIDAD EJECUTORA EDUCACION 315 TRUJILLO NOR OESTE,PJ. SAN LUIS NRO. 110 URB. SAN ANDRES LA LIBERTAD - TRUJILLO - TRUJILLO,044-226406,LA LIBERTAD
PE-CONSUCODE-200553,INSTITUTO DE VIALIDAD MUNICIPAL DE LA PROVINCIA DE HUAMALIES,JR. HUANUCO NRO 310 INT 4,997404621,HUANUCO
PE-CONSUCODE-204671,PROCURADURIA GENERAL DEL ESTADO,AV. 28 DE JULIO NRO. 215,2048020,LIMA
PE-CONSUCODE-2440,SERVICIO INDUSTRIAL DE LA MARINA S.R.L.-IQUITOS,AV. LA MARINA N°1079 - PUNCHANA,,LORETO
PE-CONSUCODE-265,MUNICIPALIDAD DISTRITAL DE MARCA,JR.SALAVERRY 396,,ANCASH
PE-CONSUCODE-268,MUNICIPALIDAD DISTRITAL DE TAPACOCHA,PLAZA DE ARMAS,0,ANCASH
PE-CONSUCODE-295,MUNICIPALIDAD DISTRITAL DE SHUPLUY,PLAZA DE ARMAS S/N,,ANCASH
PE-CONSUCODE-336,MUNICIPALIDAD DISTRITAL DE SAN ANTONIO DE CACHI,PLAZA DE ARMAS SN FRENTE A LA PLAZA SAN ANTONIO DE CACHI,83830024,APURIMAC
PE-CONSUCODE-338,MUNICIPALIDAD DISTRITAL DE SANTA MARIA DE CHICMO,AV.GARCILAZO DE LA VEGA No 162,721520,APURIMAC
PE-CONSUCODE-378,MUNICIPALIDAD DISTRITAL DE HUAYLLATI,PLAZA DE ARMAS,,APURIMAC
PE-CONSUCODE-201545,INSTITUTO VIAL PROVINCIAL MUNICIPAL DE UTCUBAMBA,CALLE SAN MARTIN N 113,954534084,AMAZONAS
PE-CONSUCODE-438,MUNICIPALIDAD DISTRITAL DE BELLA UNION,AV. MIGUEL GRAU S/N,0,AREQUIPA
PE-CONSUCODE-465,MUNICIPALIDAD DISTRITAL DE CAYLLOMA,PLAZA ZELA NO 202,0,AREQUIPA
PE-CONSUCODE-470,MUNICIPALIDAD DISTRITAL DE LARI,PLAZA PRINCIPAL N§ 400,,AREQUIPA
PE-CONSUCODE-473,MUNICIPALIDAD DISTRITAL DE MADRIGAL,PLAZA PRINCIPAL,0,AREQUIPA
PE-CONSUCODE-201725,UNIDAD EJECUTORA 009 LA LIBERTAD,INDEPENDENCIA 572,044248744,LA LIBERTAD
PE-CONSUCODE-515,MUNICIPALIDAD DISTRITAL DE SOCOS,PLAZA PRINCIPAL S/N - SOCOS,,AYACUCHO
PE-CONSUCODE-201825,MUNICIPALIDAD DISTRITAL JOSE MARIA ARGUEDAS,PLAZA HUANCABAMBA FRENTE A PLAZA DE ARMAS,983673600,APURIMAC
PE-CONSUCODE-643,MUNICIPALIDAD PROVINCIAL DE CONTUMAZA,JR. MIGUEL GRAU Nº212,,CAJAMARCA
PE-CONSUCODE-653,MUNICIPALIDAD DISTRITAL DE CUJILLO,CALLE CUTERVO S/N,,CAJAMARCA
PE-CONSUCODE-729,MUNICIPALIDAD DISTRITAL DE NINABAMBA,BURGA LARREA S/N,,CAJAMARCA
PE-CONSUCODE-75,MUNICIPALIDAD DISTRITAL DE JALCA GRANDE,JR.NICOLAS DE ARRIOLA 563,,AMAZONAS
PE-CONSUCODE-770,MUNICIPALIDAD DISTRITAL DE ZURITE,PLAZA DE ARMAS 2DO PISO INT.5,,CUSCO
PE-CONSUCODE-786,MUNICIPALIDAD DISTRITAL DE PAMPAMARCA - CANAS,PLAZA DE ARMAS SN,969666725,CUSCO
PE-CONSUCODE-823,MUNICIPALIDAD PROVINCIAL DE PARURO,AV. GRAU,,CUSCO
PE-CONSUCODE-853,MUNICIPALIDAD DISTRITAL DE MACHUPICCHU,PLAZA MANCO CAPAC,,CUSCO
PE-CONSUCODE-877,MUNICIPALIDAD DISTRITAL DE CAJA ESPIRITU,PLAZA PRINCIPAL S/N,,HUANCAVELICA
PE-CONSUCODE-881,MUNICIPALIDAD DISTRITAL DE ROSARIO,PLAZA PRINCIPAL S/N - ROSARIO,981829382,HUANCAVELICA
PE-CONSUCODE-894,MUNICIPALIDAD PROVINCIAL DE CASTROVIRREYNA,AV. LOS LIBERTADORES S/N,,HUANCAVELICA
PE-CONSUCODE-202365,GOBIERNO REGIONAL JUNIN UNIDAD EJECUTORA 307 EDUCACION JAUJA,ATAHUALPA,064362052,JUNIN
PE-CONSUCODE-910,MUNICIPALIDAD DISTRITAL DE AHUAYCHA,JR 14 DE DICIEMBRE NO 179,966344681,HUANCAVELICA
PE-CONSUCODE-971,MUNICIPALIDAD DISTRITAL DE PACHAS,PLAZA DE ARMAS S/N - PACHAS,,HUANUCO
PE-CONSUCODE-980,MUNICIPALIDAD DISTRITAL DE JACAS GRANDE,PLAZA DE ARMAS 2DO PISO Km 116,,HUANUCO
PE-CONSUCODE-99,MUNICIPALIDAD DISTRITAL DE FLORIDA - POMACOCHAS,JR.FLORIDA NO 501 INTERIOR 5 MZ 2,980373353,AMAZONAS
PE-CONSUCODE-1450,MUNICIPALIDAD DISTRITAL DE HUAÑEC,PLAZA DE ARMAS S/N,,LIMA
PE-CONSUCODE-200723,GOBIERNO REGIONAL DE HUANUCO - UNIDAD EJECUTORA EDUCACION UGEL HUANUCO,JR CERRO DE PASCO NRO 154,062-513702,HUANUCO
PE-CONSUCODE-200429,GOBIERNO REGIONAL DE TUMBES - UNIDAD DE GESTION EDUCATIVA LOCAL DE TUMBES,CALLE MAXIMILIANO MORAN ARCAYA S/N,,TUMBES
PE-CONSUCODE-200487,GOBIERNO REGIONAL DE APURIMAC - UNIDAD DE GESTION EDUCATIVA LOCAL HUANCARAMA,JR. LIBERTAD S/N,,APURIMAC
PE-CONSUCODE-856,MUNICIPALIDAD DISTRITAL DE YUCAY,AV. SAN MARTIN NO 907,,CUSCO
PE-CONSUCODE-10594,GOBIERNO REGIONAL DE SAN MARTIN - UNIDAD DE GESTIÓN EDUCATIVA LOCAL - TOCACHE,JIRON SAN MARTIN 331 TOCACHE TOCACHE SAN MARTIN,042-527383,SAN MARTIN
PE-CONSUCODE-593,MUNICIPALIDAD PROVINCIAL DE PAUCAR DEL SARA SARA - PAUSA,JR MIGUEL CERVANTES SAAVEDRA NO 455,066754743,AYACUCHO
PE-CONSUCODE-10388,GOBIERNO REGIONAL DE ANCASH-EDUCACION USE POMABAMBA,PLAZUELA SAN FRANCISCO 535 POMABAMBA,,ANCASH
PE-CONSUCODE-1150,MUNICIPALIDAD DISTRITAL DE YAUYOS,JR. 20 DE ENERO Nº 112,964409063,JUNIN
PE-CONSUCODE-10394,GOBIERNO REGIONAL DE ANCASH-SALUD UTES RECUAY CARHUAZ,AV. VILLON ALTO HUARAZ,,ANCASH
PE-CONSUCODE-200464,GOBIERNO REGIONAL DE CAJAMARCA - UNIDAD DE GESTION EDUCATIVA LOCAL CAJAMARCA,JR. REYNA FARGE NRO 816,,CAJAMARCA
PE-CONSUCODE-201467,GOBIERNO REGIONAL DE CUSCO - UNIDAD DE GESTION EDUCATIVA ESPINAR,PLAZOLETA UNIDAD VECINAL SN,301101,CUSCO
PE-CONSUCODE-952,MUNICIPALIDAD DISTRITAL DE CHINCHAO,AV. DOS DE ENERO S/N,,HUANUCO
PE-CONSUCODE-555,MUNICIPALIDAD DISTRITAL DE CARMEN SALCEDO,JR. GRAU S/N - ANDAMARCA,,AYACUCHO
PE-CONSUCODE-1601,MUNICIPALIDAD DISTRITAL DE SICCHEZ,BOLOGNESI S/N - PLAZA DE ARMAS - SICCHEZ,942004448,PIURA
PE-CONSUCODE-737,MUNICIPALIDAD DISTRITAL DE GREGORIO PITA PAUCAMARCA,CALLE REAL S/N,1111,CAJAMARCA
PE-CONSUCODE-1675,MUNICIPALIDAD DISTRITAL DE SAN JUAN DE SALINAS,PLAZA DE ARMAS S/N,962610393,PUNO
PE-CONSUCODE-202025,UNIDAD EJECUTORA EDUCACION CHUPACA,FELIX ALDAO,950136678,JUNIN
PE-CONSUCODE-200348,GOBIERNO REGIONAL DE LORETO-UNIDAD DE GESTION EDUCATIVA LOCAL DATEM DEL MARAÑON,JR. PASTAZA NRO. 224 LORETO - DATEM DEL MARAÑON - BARRANCA,837003,LORETO
PE-CONSUCODE-201405,GOBIERNO REGIONAL DE ANCASH - UNIDAD DE GESTION EDUCATIVA LOCAL DE MARISCAL LUZURIAGA,CALLE SAN PABLO SN PLAZA DE ARMAS,943476502,ANCASH
PE-CONSUCODE-1278,MUNICIPALIDAD DISTRITAL DE LAGUNAS - CHICLAYO,JR. LIMA Nº 456,959441459,LAMBAYEQUE
PE-CONSUCODE-10472,GOBIERNO REGIONAL DE ICA- EDUCACION CHINCHA- PISCO,AV.MARISCAL BENAVIDES N°207 CHINCHA ALTA,,ICA
PE-CONSUCODE-2320,MUNICIPALIDAD DISTRITAL DE POMALCA,VACIO/NULO,962811012,LAMBAYEQUE
PE-CONSUCODE-10523,GOBIERNO REGIONAL DE LORETO - GERENCIA SUB REGIONAL ALTO AMAZONAS YURIMAGUAS,JR. SARGENTO LORES 106-A YURIMAGUAS,,LORETO
PE-CONSUCODE-1753,MUNICIPALIDAD DISTRITAL DE CONIMA,PLAZA DE ARMAS S/N,,PUNO
PE-CONSUCODE-200540,GOBIERNO REGIONAL DE ANCASH - UNIDAD DE GESTION EDUCATIVA LOCAL DE CARHUAZ,JR. UNION NRO. S/N (COSTADO DEL COLEGIO PARTICULAR SAN PEDRO) ANCASH - CARHUAZ - CARHUAZ,043-394101,ANCASH
PE-CONSUCODE-200602,GOBIERNO REGIONAL DE SAN MARTIN - UNIDAD DE GESTION EDUCATIVA LOCAL DE RIOJA,SAN MARTIN NRO 1351,042-558063,SAN MARTIN
PE-CONSUCODE-200447,GOBIERNO REGIONAL DE ANCASH - RED DE SALUD PACIFICO SUR,AV. ANCHOVETA NRO. S/N ANCASH - SANTA - NUEVO CHIMBOTE,,ANCASH
PE-CONSUCODE-1137,MUNICIPALIDAD DISTRITAL DE MUQUIYAUYO,ATAHUALPA NO 148,996050910,JUNIN
PE-CONSUCODE-10580,GOBIERNO REGIONAL DE PUNO-SALUD YUNGUYO,JR. LIMA 938 YUNGUYO,,PUNO
PE-CONSUCODE-1707,MUNICIPALIDAD DISTRITAL DE OCUVIRI,PLAZA SIMON BOLIVAR S/N INT.3,958295592,PUNO
PE-CONSUCODE-617,MUNICIPALIDAD DISTRITAL DE CHETILLA,SAN PEDRO S/N,,CAJAMARCA
PE-CONSUCODE-1000,MUNICIPALIDAD DISTRITAL DE MOLINOS - PACHITEA,JR JUAN VELASCO ALVARADO NO 349 MOLINO,962673119,HUANUCO
PE-CONSUCODE-200582,INSTITUTO VIAL PROVINCIAL DOS DE MAYO,LOURDES 221,957614580,HUANUCO
PE-CONSUCODE-200702,INSTITUTO VIAL PROVINCIAL MUNICIPAL DE JUNIN,JR SIMON BOLIVAR NO 820 JUNIN,064-344141,JUNIN
PE-CONSUCODE-200826,INSTITUTO VIAL PROVINCIAL YAROWILCA,JR SAN JUAN SN,953290159,HUANUCO
PE-CONSUCODE-200842,SERVICIO NACIONAL DE CERTIFICACION AMBIENTAL PARA LA INVESTIGACION,AV. ERNESTO DIEZ CANSECO NRO. 351,6116000,LIMA
PE-CONSUCODE-200863,INSTITUTO VIAL PROVINCIAL MUNICIPAL DE HUANTA,BOLOGNESI N° 218,066402281,AYACUCHO
PE-CONSUCODE-200883,INSTITUTO VIAL PROVINCIAL DE ALTO AMAZONAS,15 DE AGOSTO NRO 416,065351839,LORETO
PE-CONSUCODE-201083,INSTITUTO VIAL PROVINCIAL MUNICIPAL DE SANTA CRUZ,ZARUMILLA NRO 206,076354338,CAJAMARCA
PE-CONSUCODE-1032,MUNICIPALIDAD DISTRITAL DE SAN JOSE DE LOS MOLINOS,CALLE 10 DE NOVIEMBRE S/N,,ICA
PE-CONSUCODE-10413,GOBIERNO REGIONAL DE APURIMAC- EDUCACION UGEL CHINCHEROS,CENTRO CÍVICO CHINCHEROS CHINCHEROS,,APURIMAC
PE-CONSUCODE-10441,GOBIERNO REGIONAL DE CAJAMARCA-SALUD CHOTA,JR. EXEQUIEL MONTOYA N° 718 - CHOTA,,CAJAMARCA
PE-CONSUCODE-10606,GOBIERNO REGIONAL DE TUMBES-EDUCACION,AV. TUMBES 392 TUMBES,,TUMBES
PE-CONSUCODE-1089,MUNICIPALIDAD DISTRITAL DE SAN AGUSTIN DE CAJAS,PLAZA PRINCIPAL 2DO PISO,,JUNIN
PE-CONSUCODE-1109,MUNICIPALIDAD DISTRITAL DE SAN JOSE DE QUERO,PARQUE PRINCIPAL SN SAN JOSE DE QUERO CONCEPCION JUNIN,940981199,JUNIN
PE-CONSUCODE-1147,MUNICIPALIDAD DISTRITAL DE SINCOS,PLAZA PRINCIPAL 2DO PISO,970076175,JUNIN
PE-CONSUCODE-1153,MUNICIPALIDAD DISTRITAL DE ONDORES,JR.LIMA 2DO PISO,999717670,JUNIN
PE-CONSUCODE-117,MUNICIPALIDAD DISTRITAL DE OCALLI,JR.PROGRESO,955874540,AMAZONAS
PE-CONSUCODE-1186,MUNICIPALIDAD DISTRITAL DE HUAMANCACA CHICO,AV. 28 DE JULIO-PLAZA PRINCIPAL,,JUNIN
PE-CONSUCODE-1221,MUNICIPALIDAD DISTRITAL DE LA CUESTA,PLAZA DE ARMAS S/N 2DO PISO,964633888,LA LIBERTAD
PE-CONSUCODE-1296,MUNICIPALIDAD DISTRITAL DE CHOCHOPE,CALLE LEONCIO PRADO S/N,,LAMBAYEQUE
PE-CONSUCODE-1330,MUNICIPALIDAD DISTRITAL DE PUCUSANA,AV. GRAU Nº309,014309353,LIMA
PE-CONSUCODE-1393,MUNICIPALIDAD DISTRITAL DE AUCALLAMA,PLAZA DE ARMAS S/N,2466785,LIMA
PE-CONSUCODE-1474,MUNICIPALIDAD DISTRITAL DE ANDAJES,PLAZA MUNICIPAL S/N,990296300,LIMA
PE-CONSUCODE-1500,MUNICIPALIDAD DISTRITAL DE TENIENTE CESAR LOPEZ ROJAS,SHUCUSHYACU,,LORETO
PE-CONSUCODE-1523,MUNICIPALIDAD DISTRITAL DE PAMPA HERMOZA - LORETO,JIRON BOLOGNESI S/N,,LORETO
PE-CONSUCODE-1558,MUNICIPALIDAD DISTRITAL DE HUARIACA,JR. 28 DE JULIO NRO 129,063402167,PASCO
PE-CONSUCODE-203466,PROGRAMA NACIONAL TAMBOS,CUSCO,396646,LIMA
PE-CONSUCODE-1604,MUNICIPALIDAD DISTRITAL DE CANCHAQUE,JR. SAN MARTIN Y BOLOGNESI S/N CANCHAQUE,976262609,PIURA
PE-CONSUCODE-1623,MUNICIPALIDAD DISTRITAL DE ARENAL,BOLIVAR S/N,,PIURA
PE-CONSUCODE-1725,MUNICIPALIDAD DISTRITAL DE PATAMBUCO,PLAZA DE ARMAS S/N,,PUNO
PE-CONSUCODE-204066,CORTE SUPERIOR DE JUSTICIA DE HUAURA,ECHENIQUE 898,4145000,LIMA
PE-CONSUCODE-1825,MUNICIPALIDAD DISTRITAL DE POLVORA,JR LOS OLIVOS SN PLAZA DE ARMAS,949898624,SAN MARTIN
PE-CONSUCODE-1932,ZONA REGISTRAL N° I SEDE PIURA,Av. Luis Antonio Equiquizen 770 - Piura,,PIURA
PE-CONSUCODE-1946,COMISION NACIONAL DE INVESTIGACION Y DESARROLLO AEROESPACIAL,LUIS FELIPE VILLARAN 1069 LIMA,1111111,LIMA
PE-CONSUCODE-200182,INSTITUTO DE VIALIDAD MUNICIPAL DE SAN MARTIN,Jr. Gregorio Delgado Nº 260 Tarapoto San Martin,,SAN MARTIN
PE-CONSUCODE-200185,INSTITUTO VIAL PROVINCIAL DE LUCANAS - IVP-LUCANAS,AV. MARISCAL CASTILLA Nº 555 PUQUIO,,AYACUCHO
PE-CONSUCODE-200212,INSTITUTO VIAL PROVINCIAL DE LEONCIO PRADO - IVP LEONCIO PRADO,AV. UCAYALI 881,062-561771,HUANUCO
PE-CONSUCODE-200216,INSTITUTO VIAL PROVINCIAL DE HUANUCO - IVP HUANUCO,JR. GENERAL PRADO NRO 1097,062637345,HUANUCO
PE-CONSUCODE-200217,INSTITUTO VIAL PROVINCIAL DE SATIPO - IVP SATIPO,JR. AUGUSTO B LEGUIA MZA. 11 (CRA 11 - CENTRO CIVICO) JUNIN - SATIPO - SATIPO,,JUNIN
PE-CONSUCODE-200224,MUNICIPALIDAD DISTRITAL DE CANOAS DE PUNTA SAL,CARRETERA PANAMERICANA NORTE S/N LA CALETA CANCAS TUMBES CONTRALMIRANTE VILLAR,971014292,TUMBES
PE-CONSUCODE-200232,INSTITUTO VIAL PROVINCIAL MUNICIPAL DE JAUJA - IVP JAUJA,JR. MANCO CAPAC Nº 135 JAUJA,,JUNIN
PE-CONSUCODE-200243,INSTITUTO VIAL PROVINCIAL DE AMBO,CALLE CONSTITUCIÓN N° 353,952707448,HUANUCO
PE-CONSUCODE-200252,INSTITUTO VIAL PROVINCIAL DE ANDAHUAYLAS,JR. CONSTITUCION Nº 626 ANDAHUAYLAS,983553302,APURIMAC
PE-CONSUCODE-200253,INSTITUTO VIAL PROVINCIAL DE PASCO - IVP-PASCO,BLOQUE RESIDENCIAL BELLAVISTA N° 3 - URB. LA ESPERANZA,962999111,PASCO
PE-CONSUCODE-200275,INSTITUTO DE VIALIDAD MUNICIPAL DE LA PROVINCIA DE HUAMANGA,JR. CORCOVADO N° 137,066-289751,AYACUCHO
PE-CONSUCODE-200284,INSTITUTO VIAL PROVINCIAL MUNICIPAL DE LAMAS,Jr. Zosimo Rivas Nº 282 - Lamas - San Martin,,SAN MARTIN
PE-CONSUCODE-200294,INSTITUTO VIAL PROVINCIAL DE EL DORADO,Jiron Tacna N° 475 - San Jose de Sisa,,SAN MARTIN
PE-CONSUCODE-200299,INSTITUTO DE VIALIDAD MUNICIPAL DE LA PROVINCIA DE CAJABAMBA,Jr. Alfonso Ugarte Nro. 620 Pblo. Cajabamba - CAJAMARCA,,CAJAMARCA
PE-CONSUCODE-200303,INSTITUTO VIAL PROVINCIAL DE CHOTA,AV. ANAXIMANDRO VEGA NRO. 409 CENTRO CHOTA CAJAMARCA - CHOTA - CHOTA,,CAJAMARCA
PE-CONSUCODE-200305,INSTITUTO VIAL PROVINCIAL MUNICIPAL DE HUARMEY,CENTRO CÍVICO S/N,043-354645,ANCASH
PE-CONSUCODE-200307,GOBIERNO REGIONAL DE AMAZONAS - UNIDAD EJECUTORA 404 - SALUD UTCUBAMBA,JR. HIGOS URCO Nº 904,041475205,AMAZONAS
PE-CONSUCODE-200313,INSTITUTO VIAL PROVINCIAL MUNICIPAL DE RECUAY,Jr. Palmira Nº 107,,ANCASH
PE-CONSUCODE-200317,INSTITUTO VIAL PROVINCIAL MUNICIPAL DE CORONGO,Jr.Lima s/n Plaza de Armas Corongo Ancash,,ANCASH
PE-CONSUCODE-200383,INSTITUTO VIAL PROVINCIAL MUNICIPAL DANIEL CARRION,JR. 28 DE JULIO S/N,990084294,PASCO
PE-CONSUCODE-200384,INSTITUTO VIAL PROVINCIAL MUNICIPAL DE CORONEL PORTILLO,JR. TACNA NRO. 498 PLAZA DE ARMAS UCAYALI - CORONEL PORTILLO - CALLARIA,061571495,UCAYALI
PE-CONSUCODE-200389,INSTITUTO VIAL MUNICIPAL PROVINCIAL DE LAMBAYEQUE,CAL. HUAMACHUCO NRO. 190 LAMBAYEQUE - LAMBAYEQUE - LAMBAYEQUE,,LAMBAYEQUE
PE-CONSUCODE-200413,INSTITUTO DE VIALIDAD MUNICIPAL DE LA PROVINCIA DE CHACHAPOYAS,JR. CRISTO REY S/N URB. SANTA ROSA,970123241,AMAZONAS
PE-CONSUCODE-200415,INSTITUTO VIAL PROVINCIAL MUNICIPAL DE LA MAR,PLAZA PRINCIPAL DE SAN MIGUEL SN,993361416,AYACUCHO
PE-CONSUCODE-200432,MUNICIPALIDAD DISTRITAL DE SAMUGARI,JR LOS LAURELES PARQUE PRINCIPAL DE PALMAPAMPA,966197799,AYACUCHO
PE-CONSUCODE-200443,INSTITUTO VIAL PROVINCIAL MUNICIPAL DE AYMARAES,JR. BALLON NRO 441 APURIMAC - AYMARAES - CHALHUANCA,950544419,APURIMAC
PE-CONSUCODE-200445,INSTITUTO VIAL PROVINCIAL MUNICIPAL DEL SANTA,JR. ENRIQUE PALACIOS NRO. 234 OF 302,043342685,ANCASH
PE-CONSUCODE-200448,GOBIERNO REGIONAL DE HUANCAVELICA - EDUCACION UGEL ANGARAES,JR. RICARDO FERNANDEZ NRO. 500 BARRIO PUEBLO NUEVO HUANCAVELICA - ANGARAES - LIRCAY,,HUANCAVELICA
PE-CONSUCODE-200485,INSTITUTO VIAL PROVINCIAL MUNICIPAL DE TARMA,JR. MALECÓN GÁLVEZ N° 901,064400242,JUNIN
PE-CONSUCODE-200494,INSTITUTO DE VIALIDAD MUNICIPAL DE LA PROVINCIA DE SAN MIGUEL,JR. 28 DE JULIO NRO. 257 OFICINA 2 INTERIOR 2 MZA 46 LTE 1 CAJAMARCA URB CERCADO- SAN MIGUEL - SAN MIGUEL,076319373,CAJAMARCA
PE-CONSUCODE-204488,INSTITUTO VIAL PROVINCIAL DE TACNA,CALLE INCLAN N° 404,988801839,TACNA
PE-CONSUCODE-204630,MANCOMUNIDAD MUNICIPAL CHILLAOS - REGION AMAZONAS,JR. MIGUEL GRAU N° 528,975557736,AMAZONAS
PE-CONSUCODE-2377,ENTIDAD PRESTADORA DE SERVICIOS DE SANEAMIENTO MUNICIPAL DE UTCUBAMBA-BAGUA GRANDE,JR JOSÉ BERNARDO ALCEDO NRO 184,041750004,AMAZONAS
PE-CONSUCODE-2401,EMPRESA MUNICIPAL DE SERVICIOS ELECTRICOS UTCUBAMBA - BAGUA GRANDE,JR. JOSE GALVEZZ N° 151 - BAGUA GRANDE,,AMAZONAS
PE-CONSUCODE-269,MUNICIPALIDAD DISTRITAL DE TICAPAMPA,JR.FRANCIA S/N,746009,ANCASH
PE-CONSUCODE-318,MUNICIPALIDAD DISTRITAL DE CIRCA,PLAZA DE ARMAS,,APURIMAC
PE-CONSUCODE-320,MUNICIPALIDAD DISTRITAL DE CHACOCHE,PLAZA DE ARMAS,0,APURIMAC
PE-CONSUCODE-323,MUNICIPALIDAD DISTRITAL DE PICHIRHUA,PLAZA DE ARMAS,,APURIMAC
PE-CONSUCODE-357,MUNICIPALIDAD DISTRITAL DE CHAPIMARCA,PLAZA DE ARMAS,,APURIMAC
PE-CONSUCODE-359,MUNICIPALIDAD DISTRITAL DE LUCRE - AYMARAES,PLAZA DE ARMAS,0,APURIMAC
PE-CONSUCODE-415,MUNICIPALIDAD DISTRITAL DE SANTA RITA DE SIGUAS,AV.AUGUSTO GILARDI,0,AREQUIPA
PE-CONSUCODE-472,MUNICIPALIDAD DISTRITAL DE MACA,PLAZA DE ARMAS S/N,0,AREQUIPA
PE-CONSUCODE-492,MUNICIPALIDAD DISTRITAL DE MEJIA,AV. TAMBO NO 505 - MEJIA,0,AREQUIPA
PE-CONSUCODE-545,MUNICIPALIDAD DISTRITAL DE ANCO - LA MAR,PLAZA PRINCIPAL CHIQUINTIRCA ANCO,,AYACUCHO
PE-CONSUCODE-587,MUNICIPALIDAD DISTRITAL DE SAURAMA,PLAZA PRINCIPAL KM 30,999901243,AYACUCHO
PE-CONSUCODE-630,MUNICIPALIDAD DISTRITAL DE SITACOCHA,JR. 28 DE JULIO S/N,,CAJAMARCA
PE-CONSUCODE-633,MUNICIPALIDAD DISTRITAL DE CHUMUCH,JR.ORREGO S/N,,CAJAMARCA
PE-CONSUCODE-655,MUNICIPALIDAD DISTRITAL DE LA RAMADA,6 DE OCTUBRE Nº9 2DO.PISO INT.4,,CAJAMARCA
PE-CONSUCODE-658,MUNICIPALIDAD DISTRITAL DE SAN ANDRES DE CUTERVO,JR. CESAR VALLEJO Nº 311,,CAJAMARCA
PE-CONSUCODE-669,MUNICIPALIDAD DISTRITAL DE CONCHAN,JR.GRAU Nº198,,CAJAMARCA
PE-CONSUCODE-691,MUNICIPALIDAD DISTRITAL DE CHONTALI,JIRON COMERCIO S/N PLAZA DE ARMAS CHONTALI,,CAJAMARCA
PE-CONSUCODE-711,MUNICIPALIDAD DISTRITAL DE NANCHOC,AV.MIGUEL GRAU S/N 2PISO.,,CAJAMARCA
PE-CONSUCODE-719,MUNICIPALIDAD DISTRITAL DE BOLIVAR,CALLE SAN MARTIN 300 - BOLIVAR,,CAJAMARCA
PE-CONSUCODE-750,MUNICIPALIDAD DISTRITAL DE CCORCCA,PLAZA DE ARMAS S/N CCORCCA,,CUSCO
PE-CONSUCODE-202245,GOBIERNO REGIONAL JUNIN UNIDAD EJECUTORA EDUCACION HUANCAYO,TRUJILLO,064240394,JUNIN
PE-CONSUCODE-852,MUNICIPALIDAD DISTRITAL DE HUAYLLABAMBA - URUBAMBA,PLAZA DE ARMAS,,CUSCO
PE-CONSUCODE-870,MUNICIPALIDAD DISTRITAL DE PALCA - HUANCAVELICA,PLAZA PRINCIPAL S/N,000000000,HUANCAVELICA
PE-CONSUCODE-914,MUNICIPALIDAD DISTRITAL DE HUARIBAMBA,PLAZA PRINCIPAL SN HUARIBAMBA,995017708,HUANCAVELICA
PE-CONSUCODE-937,MUNICIPALIDAD DISTRITAL DE SANTIAGO DE CHOCORVOS,PLAZA DE ARMAS S/N,,HUANCAVELICA
PE-CONSUCODE-974,MUNICIPALIDAD DISTRITAL DE SHUNQUI,JR. LA UNION,,HUANUCO
PE-CONSUCODE-983,MUNICIPALIDAD DISTRITAL DE MONZON,JR.BESARES,,HUANUCO
PE-CONSUCODE-996,MUNICIPALIDAD DISTRITAL DE CHOLON,AV. 28 DE JULIO,,HUANUCO
PE-CONSUCODE-726,MUNICIPALIDAD DISTRITAL DE CATACHE,CALLE 28 DE JULIO SN CERCADO,11111111,CAJAMARCA
PE-CONSUCODE-1827,MUNICIPALIDAD DISTRITAL DE UCHIZA,AV. ATAHUALPA Nº924,968684400,SAN MARTIN
PE-CONSUCODE-975,MUNICIPALIDAD DISTRITAL DE SILLAPATA,JR.PROGRASO -PLAZA DE ARMAS,,HUANUCO
PE-CONSUCODE-1022,MUNICIPALIDAD DISTRITAL DE CANCHABAMBA,JR.NELSON EUSCATEGUI,,HUANUCO
PE-CONSUCODE-200399,GOBIERNO REGIONAL DE PIURA - UNIDAD DE GESTION EDUCATIVA LOCAL DE PAITA,ISABEL BARRETO 2 ETAPA MZA. Q LOTE. 13 FONAVI II ETAPA,073212259,PIURA
PE-CONSUCODE-200533,GOBIERNO REGIONAL DE HUANUCO - RED DE SALUD DE DOS DE MAYO UNIDAD EJECUTORA 406,JR. 2 DE MAYO NRO. S/N LA UNION (ALTURA DEL ESTADIO MUNICIPAL DE LA UNION) HUANUCO - DOS DE MAYO - LA UNION,062-503624,HUANUCO
PE-CONSUCODE-200400,GOBIERNO REGIONAL DE PIURA - UNIDAD DE GESTION EDUCATIVA LOCAL DE MORROPON,AV. SAN MARTIN MZA. W LOTE. 3 P.J. SANTA ROSA PIURA - MORROPON - MORROPON,,PIURA
PE-CONSUCODE-200526,GOBIERNO REGIONAL DE AYACUCHO - UNIDAD EJECUTORA RED DE SALUD DE SAN MIGUEL,JR. FRANCISCO PIZARRO NRO. 305 AYACUCHO - LA MAR - SAN MIGUEL,,AYACUCHO
PE-CONSUCODE-200469,INSTITUTO VIAL PROVINCIAL MUNICIPAL DE MOHO,CALLE L IMA NRO 133,11111111111,PUNO
PE-CONSUCODE-1470,MUNICIPALIDAD DISTRITAL DE PATIVILCA,CALLE BOLIVAR Nº209,2363424,LIMA
PE-CONSUCODE-1515,MUNICIPALIDAD DISTRITAL DE PUINAHUA,CALLE BRETAÑA S/N,965832773,LORETO
PE-CONSUCODE-1381,MUNICIPALIDAD DISTRITAL DE CALETA DE CARQUIN,AV SAN MARTIN SN CENTRO POBLADO PLAZUELA SAN MARTIN,2395795,LIMA
PE-CONSUCODE-200386,UNIVERSIDAD NACIONAL DE CAÑETE,CALLE MARISCAL CASTILLA Nº 162,,LIMA
PE-CONSUCODE-986,MUNICIPALIDAD DISTRITAL DE SINGA,JR. LEONCIO PRADO,,HUANUCO
PE-CONSUCODE-200419,CORTE SUPERIOR DE JUSTICIA DE JUNIN,JR. PARRA DEL RIEGO NRO. 400 JUNIN - HUANCAYO - EL TAMBO,,JUNIN
PE-CONSUCODE-1487,MUNICIPALIDAD DISTRITAL DE TORRES CAUSANA,CALLE MORONA 1271,971948193,LORETO
PE-CONSUCODE-200355,INSTITUTO VIAL PROVINCIAL MUNICIPAL DE CASMA,NRO. S/N PLAZA DE ARMAS ANCASH - CASMA - CASMA,,ANCASH
PE-CONSUCODE-10473,GOBIERNO REGIONAL DE ICA - UNIDAD DE GESTION EDUCATIVA LOCAL NAZCA,CALLE  LIMA Nº 300 NAZCA,,ICA
PE-CONSUCODE-2359,EMPRESA MUNICIPAL PRESTADORA DE SERVICIOS DE SANEAMIENTO PROVINCIAS ALTO ANDINAS,JR. 28 DE JULIO S/N PLAZA LIBERTAD,11111111,CUSCO
PE-CONSUCODE-200548,GOBIERNO REGIONAL DE APURIMAC - DIRECCION DE SALUD VIRGEN DE COCHARCAS CHINCHEROS,CAL. COTABAMBAS NRO. S/N (A 1CDRA DE LA PLAZA PRINCIPAL) APURIMAC - CHINCHEROS - CHINCHEROS,974732974,APURIMAC
PE-CONSUCODE-10495,GOBIERNO REGIONAL DE LA LIBERTAD-EDUCACION USE ALTO CHICAMA - GRAN CHIMU,BOLOGNESI CASCAS,,LA LIBERTAD
PE-CONSUCODE-200063,GOBIERNO REGIONAL DE LIMA - SERVICIOS BASICOS DE SALUD CHILCA-MALA,AV. LIBERTAD S/N  - SAN ANTONIO,5308188,LIMA
PE-CONSUCODE-20003,GOBIERNO REGIONAL DE AYACUCHO - RED DE SALUD PUQUIO  SUR AYACUCHO,AV. JHON KENNEDY PUQUIO,,AYACUCHO
PE-CONSUCODE-915,MUNICIPALIDAD DISTRITAL DE ÑAHUIMPUQUIO,PLAZA PRINCIPAL,,HUANCAVELICA
PE-CONSUCODE-10399,GOBIERNO REGIONAL DE ANCASH - AIS UTES POMABAMBA,JR. JORGE CHAVEZ Nº 340 - 342 - CONVENTO,,ANCASH
PE-CONSUCODE-200338,UNIDAD EJECUTORA EDUCACION CHUMBIVILCAS,CALLE LORETO S/N SANTO TOMAS CHUMBIVILCAS CUSCO,984161221,CUSCO
PE-CONSUCODE-1734,MUNICIPALIDAD DISTRITAL DE CARACOTO,JIRON AREQUIPA Nº 100,,PUNO
PE-CONSUCODE-437,MUNICIPALIDAD DISTRITAL DE ATIQUIPA,CALLE PRINCIPAL S/N,0,AREQUIPA
PE-CONSUCODE-204186,GOBIERNO REGIONAL DE HUÁNUCO - RED DE SALUD AMBO,CONSTITUCIÓN NRO. 353,988894618,HUANUCO
PE-CONSUCODE-831,MUNICIPALIDAD DISTRITAL DE YAURISQUE,PLAZOLETA YAURISQUE,,CUSCO
PE-CONSUCODE-200763,GOBIERNO REGIONAL DE CAJAMARCA - UNIDAD DE GESTION EDUCATIVA LOCAL CELENDIN,JR GRAU NRO 394,076-555577,CAJAMARCA
PE-CONSUCODE-201123,INSTITUTO VIAL PROVINCIAL MUNICIPALIDAD DE PALLASCA,PLAZA DE ARMAS 3ER PISO PALACIO MUNICIPAL NRO 103,043464080,ANCASH
PE-CONSUCODE-10222,PROGRAMA NACIONAL DE EMPLEO JUVENIL JOVENES A LA OBRA,SALAVERRY NRO 655 PISO 9,4245150 A 211,LIMA
PE-CONSUCODE-1023,MUNICIPALIDAD DISTRITAL DE COCHABAMBA - HUACAYBAMBA,JR. HUANUCO,,HUANUCO
PE-CONSUCODE-10355,MINAG - PROYECTO ESPECIAL PICHIS PALCAZU,CARRETERA MARGINAL S/N PAMPA DEL CARMEN - CHANCHAMAYO,,JUNIN
PE-CONSUCODE-202665,GOBIERNO REGIONAL HUANCAVELICA RED DE SALUD ACOBAMBA,SAN MARTIN,948917676,HUANCAVELICA
PE-CONSUCODE-202685,GOBIERNO REGIONAL HUANCAVELICA UNIDAD EJECUTORA 406 RED DE SALUD HUANCAVELICA,HILDAURO CASTRO,067453302,HUANCAVELICA
PE-CONSUCODE-10579,GOBIERNO REGIONAL DE PUNO-SALUD CHUCUITO,JR. JULI 470 JULI,,PUNO
PE-CONSUCODE-10585,GOBIERNO REGIONAL DE PUNO - SALUD SANDIA,JR. ARICA Nº 448 SANDIA - PUNO,,PUNO
PE-CONSUCODE-1367,MUNICIPALIDAD DISTRITAL DE COAYLLO,AV.BENAVIDES S/N,4952229,LIMA
PE-CONSUCODE-203366,GOBIERNO REGIONAL DE AREQUIPA - HOSPITAL CENTRAL DE MAJES ING. ANGEL GABRIEL CHURA GALLEGOS,NRO B-1 C P EL PEDREGAL,971030910,AREQUIPA
PE-CONSUCODE-203406,UGEL CAMANA,PORVENIR SIN NRO,054571144,AREQUIPA
PE-CONSUCODE-1575,MUNICIPALIDAD DISTRITAL DE TAPUC,PLAZA PRINCIPAL,,PASCO
PE-CONSUCODE-1613,MUNICIPALIDAD DISTRITAL DE CHALACO,BOLIVAR Nº204 - CHALACO,936961182,PIURA
PE-CONSUCODE-1635,MUNICIPALIDAD DISTRITAL DE SALITRAL - SULLANA,AV. 27 DE OCTUBRE Nº202,,PIURA
PE-CONSUCODE-1696,MUNICIPALIDAD DISTRITAL DE COJATA,PLAZA DE ARMAS S/N,,PUNO
PE-CONSUCODE-1714,MUNICIPALIDAD DISTRITAL DE ANTAUTA,PLAZA SAN MARTIN S/N,952668923,PUNO
PE-CONSUCODE-1727,MUNICIPALIDAD DISTRITAL DE QUIACA,PLAZA DE ARMAS S/N,,PUNO
PE-CONSUCODE-177,MUNICIPALIDAD DISTRITAL DE AQUIA,PLAZA DE ARMAS S/N - AQUIA,043782122,ANCASH
PE-CONSUCODE-1817,MUNICIPALIDAD DISTRITAL DE PUCACACA,JR. AREQUIPA NRO 380,523894,SAN MARTIN
PE-CONSUCODE-200179,INSTITUTO VIAL PROVINCIAL DE LA MUNICIPALIDAD DE AREQUIPA,CALLE EL FILTRO (SEMI SÓTANO) N° 501,054-227639,AREQUIPA
PE-CONSUCODE-200245,INSTITUTO VIAL PROVINCIAL DE RIOJA,AV. CAMPO FERIAL S/N - SECTOR NUEVA RIOJA-RIOJA SAN MARTIN,,SAN MARTIN
PE-CONSUCODE-200504,ESTACION EXPERIMENTAL AGRARIA EL PORVENIR - SAN MARTIN,JR. MARTINEZ DE COMPAGÑON NRO. 1035 SAN MARTIN - SAN MARTIN - TARAPOTO,042522291,SAN MARTIN
PE-CONSUCODE-200527,"SISTEMA NACIONAL DE EVALUACION, ACREDITACION Y CERTIFICACION DE LA CALIDAD EDUCATIVA",CAL. RICARDO ANGULO NRO. 3659,6371123,LIMA
PE-CONSUCODE-204672,"CREACION Y MEJORAMIENTO DEL SERVICIO DE CATASTRO EN DISTRITOS SELECCIONADOS DE LAS PROVINCIAS DE LIMA, LAMBAYEQUE, CHICLAYO Y PIURA",AV. PASEO DE LA REPUBLICA N° 3135,3193838 1300,LIMA
PE-CONSUCODE-204871,GOBIERNO REGIONAL DE JUNIN - HOSPITAL REGIONAL DOCENTE DE MEDICINA TROPICAL DR. JULIO CESAR DEMARINI CARO,DANIEL ALCIDES CARRION CON LOS PIONEROS,913226421,JUNIN
PE-CONSUCODE-292,MUNICIPALIDAD DISTRITAL DE MATACOTO,PLAZA DE ARMAS S/N,,ANCASH
PE-CONSUCODE-355,MUNICIPALIDAD DISTRITAL DE COLCABAMBA - AYMARAES,PLAZA DE ARMAS NO 8,0,APURIMAC
PE-CONSUCODE-201605,GOBIERNO REGIONAL DE PASCO-UNIDAD EJECUTORA SUB REGION DANIEL ALCIDES CARRION,28 DE JULIO SN YANAHUANCA,062630393,PASCO
PE-CONSUCODE-430,MUNICIPALIDAD DISTRITAL DE NICOLAS DE PIEROLA,BOLIVAR 402,0,AREQUIPA
PE-CONSUCODE-443,MUNICIPALIDAD DISTRITAL DE JAQUI,PLAZA DE ARMAS,0,AREQUIPA
PE-CONSUCODE-447,MUNICIPALIDAD PROVINCIAL DE CASTILLA - APLAO,PLAZA BUENOS AIRES Nº 100-APLAO,0,AREQUIPA
PE-CONSUCODE-577,MUNICIPALIDAD DISTRITAL DE PULLO,PLAZA DE ARMAS,,AYACUCHO
PE-CONSUCODE-595,MUNICIPALIDAD DISTRITAL DE CORCULLA,CORCULLA,,AYACUCHO
PE-CONSUCODE-201965,UNIDAD EJECUTORA: RED DE SALUD PICHANAKI,1 DE MAYO,064347322,JUNIN
PE-CONSUCODE-661,MUNICIPALIDAD DISTRITAL DE SANTA CRUZ - CUTERVO,9 DE MAYO Nº36,,CAJAMARCA
PE-CONSUCODE-987,MUNICIPALIDAD DISTRITAL DE TANTAMAYO,JR. EDUARDO LANATTA,,HUANUCO
PE-CONSUCODE-200622,GOBIERNO REGIONAL DE ANCASH - TERMINAL PORTUARIO DE CHIMBOTE,PROLONGACION MALECON GRAÚ NRO 519,043-323831,ANCASH
PE-CONSUCODE-20007,EMPRESA .DE SERVICIOS ELECTRICOS MUNICIPALES DE PARAMONGA S.A.,AV. MICAELA BASTIDAS NRO. 236 URB. TRES PUENTES,2360221,LIMA
PE-CONSUCODE-1372,MUNICIPALIDAD DISTRITAL DE NUEVO IMPERIAL,MANCHEGO MUÑOZ NO 410,5433475,LIMA
PE-CONSUCODE-401,MUNICIPALIDAD DISTRITAL DE CHIGUATA,PLAZA DE ARMAS S/N,0,AREQUIPA
PE-CONSUCODE-200028,GOBIERNO REGIONAL DE PIURA - HOSPITAL DE APOYO I NUESTRA SEÑORA DE LAS MERCEDES,JR. LOS PESACADORES S/N LA PUNTA PAITA,073-211508,PIURA
PE-CONSUCODE-200139,SERVICIO DE ADMINISTRACION TRIBUTARIA DE CHICLAYO,AV. BALTA Nº 820,074204031,LAMBAYEQUE
PE-CONSUCODE-434,MUNICIPALIDAD PROVINCIAL DE CARAVELI,AV.JOSE FELIX ANDIA 401,0,AREQUIPA
PE-CONSUCODE-200563,"SUPERINTENDENCIA NACIONAL DE CONTROL DE SERVICIOS SEGURIDAD,ARMAS,MUNICIONES Y EXPLOSIVOS USO CIVIL",CALLE ALBERTO DEL CAMPO NRO 1050,4184002,LIMA
PE-CONSUCODE-200281,INSTITUTO VIAL PROVINCIAL CAYLLOMA,TERMINAL TERRESTRE 203B,981894062,AREQUIPA
PE-CONSUCODE-301,MUNICIPALIDAD DISTRITAL DE ACOCHACA,PLAZA DE ARMAS S/N  ACOCHACA,043783814,ANCASH
PE-CONSUCODE-376,MUNICIPALIDAD DISTRITAL DE CURPAHUASI,PLAZA DE ARMAS,,APURIMAC
PE-CONSUCODE-10173,GOBIERNO REGIONAL DE LIMA - UNIDAD DE GESTION EDUCATIVA LOCAL UGEL 08 - CAÑETE,AV. 28 DE JULIO CAÑETE,5813644,LIMA
PE-CONSUCODE-1796,MUNICIPALIDAD DISTRITAL DE CHAZUTA,PJE. VICTOR R. HAYA DE LA TORRE 123,942928183,SAN MARTIN
PE-CONSUCODE-1518,MUNICIPALIDAD DISTRITAL DE TAPICHE,AVENIDA ELIAS AGUIRRE 1549,,LORETO
PE-CONSUCODE-200865,GOBIERNO REGIONAL DE ANCASH - DIRECCION DE RED DE SALUD PACIFICO NORTE,AV ENRIQUE MEIGGS NRO 835,043324988,ANCASH
PE-CONSUCODE-200462,PROGRAMA NACIONAL DE ASISTENCIA SOLIDARIA PENSION 65,CAL. MIGUEL GERONOMO SEMINARI NRO. 190 LIMA - LIMA - SAN ISIDRO,,LIMA
PE-CONSUCODE-10184,GOBIERNO REGIONAL DE CALLAO - COLEGIO MILITAR LEONCIO PRADO,AV. COSTANERA 1541 LA PERLA CALLAO,4204891,CALLAO
PE-CONSUCODE-114,MUNICIPALIDAD DISTRITAL DE LUYA,JR.DIEGO MORI 471,0,AMAZONAS
PE-CONSUCODE-203046,MUNICIPALIDAD DISTRITAL DE PUCAYACU,PUCAYACU,978278864,HUANUCO
PE-CONSUCODE-1293,MUNICIPALIDAD DISTRITAL DE PITIPO,AV. FRANCISCO MURO MORENO NO 112,074630657,LAMBAYEQUE
PE-CONSUCODE-1351,MUNICIPALIDAD PROVINCIAL DE CAJATAMBO,CENTRO CIVICO S/N - CAJATAMBO,,LIMA
PE-CONSUCODE-203206,MUNICIPALIDAD DISTRITAL DE SANTIAGO DE TUCUMA,MARISCAL CASTILLA SIN NRO,999897431,HUANCAVELICA
PE-CONSUCODE-1436,MUNICIPALIDAD DISTRITAL DE ALIS,PLAZA DE ARMAS S/N,8106021,LIMA
PE-CONSUCODE-1491,MUNICIPALIDAD DISTRITAL DE BALSAPUERTO,MARISCAL CASTILLA Nº316,226174,LORETO
PE-CONSUCODE-1546,MUNICIPALIDAD DISTRITAL DE LA CAPILLA,PLAZA PRINCIPAL,959640557,MOQUEGUA
PE-CONSUCODE-1653,MUNICIPALIDAD DISTRITAL DE COATA,JR. MANCO CAPAC S/N,,PUNO
PE-CONSUCODE-1703,MUNICIPALIDAD PROVINCIAL DE LAMPA,PLAZA DE ARMAS Nº100,,PUNO
PE-CONSUCODE-1716,MUNICIPALIDAD DISTRITAL DE LLALLI,INCA GARCILAZO DE LA VEGA Nº205,,PUNO
PE-CONSUCODE-173,MUNICIPALIDAD DISTRITAL DE SAN JUAN DE RONTOY,PLAZA DE ARMAS S/N,043422905,ANCASH
PE-CONSUCODE-1777,MUNICIPALIDAD DISTRITAL DE TABALOSOS,JR. IQUITOS PLAZA CENTRAL S/N,042541069,SAN MARTIN
PE-CONSUCODE-178,MUNICIPALIDAD DISTRITAL DE CAJACAY,AV.ANDRES AVELINO CACERES NO 184,043830264,ANCASH
PE-CONSUCODE-1819,MUNICIPALIDAD DISTRITAL DE SAN HILARION,JR. BOLOGNESI Nº455 MZ.27 LOTE 15,04254491,SAN MARTIN
PE-CONSUCODE-1896,UNIVERSIDAD NACIONAL DE UCAYALI,CARRETERA FEDERICO BASADRE PUCALLPA,,UCAYALI
PE-CONSUCODE-197,MUNICIPALIDAD DISTRITAL DE SHILLA,PLAZA DE ARMAS S/N,790215,ANCASH
PE-CONSUCODE-200070,GOBIERNO REGIONAL DE PIURA-HOSPITAL DE APOYO I CHULUCANAS,Vacio/Nulo,,PIURA
PE-CONSUCODE-200109,GOBIERNO REGIONAL DE AMAZONAS - HOSPITAL DE APOYO BAGUA,AV. HEROES DEL CENEPA NRO. 980 AMAZONAS - BAGUA - LA PECA,,AMAZONAS
PE-CONSUCODE-200181,INSTITUTO DE VIALIDAD MUNICIPAL DE HUANCAYO,JR. PIURA N° 1230 (1ER PISO CENTRO INTERNACIONAL DE NEGOCIOS),214437,JUNIN
PE-CONSUCODE-200279,INSTITUTO DE VIALIDAD MUNICIPAL PROVINCIAL DE HUARI,JR ANCASH S/N HUARI - ANCASH,,ANCASH
PE-CONSUCODE-200310,INSTITUTO VIAL PROVINCIAL MUNICIPAL DE HUAYLAS,Jr. San Martin 1121 - Caraz- Huaylas - Ancash,,ANCASH
PE-CONSUCODE-200431,INSTITUTO VIAL PROVINCIAL MUNICIPAL DE PUERTO INCA,AV. SANCHE CERRO NRO. S/N URB. PUERTO INCA HUANUCO - PUERTO INCA - PUERTO INCA,,HUANUCO
PE-CONSUCODE-200470,INSTITUTO VIAL PROVINCIAL DE CAMANA,PUENTE GRAU NRO 122,,AREQUIPA
PE-CONSUCODE-200488,GOBIERNO REGIONAL DE HUANCAVELICA - UNIDAD EJECUTORA LUCHA CONTRA LA POBREZA,LOS INCAS NRO. S/N BAR. SANTA ANA,067451350,HUANCAVELICA
PE-CONSUCODE-200520,CORTE SUPERIOR DE JUSTICIA DEL CALLAO,AV. 2 DE MAYO NRO. 582 (SAENZ PEÑA 4 Y 5) PROV. CONST. DEL CALLAO - PROV. CONST. DEL CALLAO - CALLAO,,CALLAO
PE-CONSUCODE-231,MUNICIPALIDAD DISTRITAL DE MATO,PLAZA DE ARMAS VILLA SUCRE S/N,784834,ANCASH
PE-CONSUCODE-234,MUNICIPALIDAD DISTRITAL DE SANTA CRUZ - HUAYLAS,PLAZA DE ARMAS S/N - HUARIPAMPA,,ANCASH
PE-CONSUCODE-2453,EMPRESA MUNICIPAL DE FESTEJOS DEL CUSCO SOCIEDAD ANONIMA,CAL. SANTA CATALINA ANCHA NRO. 333 CUSCO,,CUSCO
PE-CONSUCODE-2600,CONSEJO NACIONAL DE LA PERSONA CON DISCAPACIDAD,AVENIDA AREQUIPA,6305170,LIMA
PE-CONSUCODE-2607,SERVICIO DE ADMINISTRACION TRIBUTARIA DE PIURA,LIBERTAD 543 - 567,,PIURA
PE-CONSUCODE-272,MUNICIPALIDAD DISTRITAL DE MACATE,JR.LA REYNA SN PLAZA DE ARMAS MACATE,0,ANCASH
PE-CONSUCODE-310,MUNICIPALIDAD DISTRITAL DE CARHUAPAMPA,PLAZA DE ARMAS S/N,,ANCASH
PE-CONSUCODE-201385,UNIVERSIDAD NACIONAL INTERCULTURAL FABIOLA SALAZAR LEGUIA DE BAGUA,HEROES DEL CENEPA NRO 1060,948484009,AMAZONAS
PE-CONSUCODE-347,MUNICIPALIDAD DISTRITAL DE HUAQUIRCA,PLAZA DE ARMAS,320211,APURIMAC
PE-CONSUCODE-349,MUNICIPALIDAD DISTRITAL DE OROPESA - ANTABAMBA,PLAZA DE ARMAS S/N OROPESA ANTABAMBA APURIMAC,083-983960200,APURIMAC
PE-CONSUCODE-201505,INSTITUTO VIAL PROVINCIAL DE YAULI LA OROYA,HORACIO ZEVALLOS NRO 315 OFICINA 02,064392621,JUNIN
PE-CONSUCODE-522,MUNICIPALIDAD DISTRITAL DE MARIA PARADO DE BELLIDO,AV.I NDEPENDENCIA PLAZA PRINCIPAL,,AYACUCHO
PE-CONSUCODE-557,MUNICIPALIDAD DISTRITAL DE CHIPAO,JR. MIGUEL GRAU S/N CHIPAO,0,AYACUCHO
PE-CONSUCODE-564,MUNICIPALIDAD DISTRITAL DE OTOCA,PLAZA DE ARMAS S/N - OTOCA,,AYACUCHO
PE-CONSUCODE-578,MUNICIPALIDAD DISTRITAL DE PUYUSCA,PLAZA PRINCIPAL INCUYO No 2,,AYACUCHO
PE-CONSUCODE-637,MUNICIPALIDAD DISTRITAL DE MIGUEL IGLESIAS,JR LA CONCORDIA SN,076830026,CAJAMARCA
PE-CONSUCODE-682,MUNICIPALIDAD DISTRITAL DE SAN JUAN DE LICUPIS,PEDRO VERANO S/N,074252382,CAJAMARCA
PE-CONSUCODE-713,MUNICIPALIDAD DISTRITAL DE SAN GREGORIO,FRANCISCO HUERTA Nº5,,CAJAMARCA
PE-CONSUCODE-861,MUNICIPALIDAD DISTRITAL DE CUENCA - HUANCAVELICA,PLAZA PRINCIPAL S/N,,HUANCAVELICA
PE-CONSUCODE-955,MUNICIPALIDAD DISTRITAL DE KICHKI,CARRETERA HUANUCO LA UNION KM 20 PLAZA DE ARMAS HUANCAPALLAC,062622752,HUANUCO
PE-CONSUCODE-963,MUNICIPALIDAD DISTRITAL DE CONCHAMARCA,JR. UNION S/N - PLAZA DE ARMAS - CONCHAMARCA,,HUANUCO
PE-CONSUCODE-1086,MUNICIPALIDAD DISTRITAL DE PUCARA - HUANCAYO,PLAZA PRINCIPAL DE PUCARA,954666229,JUNIN
PE-CONSUCODE-1525,MUNICIPALIDAD DISTRITAL DE VARGAS GUERRA,JR. DOS DE MAYO S/N,968495540,LORETO
PE-CONSUCODE-200375,INSTITUTO VIAL PROVINCIAL MUNICIPAL DE CARHUAZ,JR COMERCIO SN,920348648,ANCASH
PE-CONSUCODE-200457,INSTITUTO VIAL PROVINCIAL MUNICIPAL DE POMABAMBA,JR. HUAMACHUCO NRO. S/N CENT. POMABAMBA ANCASH - POMABAMBA - POMABAMBA,,ANCASH
PE-CONSUCODE-200267,INSTITUTO VIAL PROVINCIAL MUNICIPAL DE CONCEPCION,AV. MARISCAL CACERES NO. 329 CONCEPCION,064363069,JUNIN
PE-CONSUCODE-924,MUNICIPALIDAD DISTRITAL DE PACHAMARCA,JR.LOS INCAS S/N,,HUANCAVELICA
PE-CONSUCODE-203266,GOBIERNO REGIONAL DEL CALLAO UNIDAD EJECUTORA HOSPITAL DE REHABILITACIÓN DEL CALLAO,VIGIL,5596544,CALLAO
PE-CONSUCODE-1812,MUNICIPALIDAD DISTRITAL DE SAN RAFAEL - BELLAVISTA,JR. LIMA S/N SAN RAFAEL,990184116,SAN MARTIN
PE-CONSUCODE-1529,MUNICIPALIDAD DISTRITAL DE LABERINTO,PASAJE MANU CON AV. TAMBOPATA - LABERINTO,082-634820,MADRE DE DIOS
PE-CONSUCODE-200268,GOBIERNO REGIONAL DE HUANCAVELICA - SUB REGION HUAYTARA,CALLE MUNICIPALIDAD S/N HUAYTARA,962644344,HUANCAVELICA
PE-CONSUCODE-1019,MUNICIPALIDAD DISTRITAL DE OBAS,JR. HUANUCO,,HUANUCO
PE-CONSUCODE-1538,MUNICIPALIDAD DISTRITAL DE CUCHUMBAYA,PLAZA DE ARMAS S/N  CUCHUMBAYA,830015,MOQUEGUA
PE-CONSUCODE-621,MUNICIPALIDAD DISTRITAL DE LLACANORA,CALLE MIGUEL GRAU Nº 120,,CAJAMARCA
PE-CONSUCODE-1609,MUNICIPALIDAD DISTRITAL DE SONDOR,CALLE PROGRESO Nº209,,PIURA
PE-CONSUCODE-457,MUNICIPALIDAD DISTRITAL DE TIPAN,PLAZA DE ARMAS S/N,0,AREQUIPA
PE-CONSUCODE-204650,MANCOMUNIDAD MUNICIPAL VALLE DE LAS CATARATAS - BONGARÁ - REGIÓN AMAZONAS,JR SANTA CATALINA S/N MZA. N° LOTE 03,944947150,AMAZONAS
PE-CONSUCODE-10210,GOBIERNO REGIONAL DE LIMA - SERVICIOS BASICOS DE SALUD CAÑETE-YAUYOS,AVENIDA MARISCAL BENAVIDES Nº 768,,LIMA
PE-CONSUCODE-200059,GOBIERNO REGIONAL DE HUANUCO-UNIDAD EJECUTORA 302 EDUCACION LEONCIO PRADO,JR. TUPAC AMARU Nº 289,,HUANUCO
PE-CONSUCODE-200205,GOBIERNO REGIONAL DE ANCASH - UNIDAD DE GESTION EDUCATIVA LOCAL DE YUNGAY,CARRETERA CENTRAL S/N SALIDA A CARAZ,,ANCASH
PE-CONSUCODE-645,MUNICIPALIDAD DISTRITAL DE CHILETE,JR. IGNACIO PRADO No 128,,CAJAMARCA
PE-CONSUCODE-167,MUNICIPALIDAD DISTRITAL DE SUCCHA,JR. GODOFREDO SAN MARTIN S/N 2DO PISO,943316412,ANCASH
PE-CONSUCODE-1443,MUNICIPALIDAD DISTRITAL DE COLONIA,AV.HUANCAR COCHA S/N,964322835,LIMA
PE-CONSUCODE-1418,MUNICIPALIDAD DISTRITAL DE SAN ANDRES DE TUPICOCHA,PLAZA DE ARMAS S/N,958051211,LIMA
PE-CONSUCODE-10490,GOBIERNO REGIONAL DE LA LIBERTAD-GERENCIA REGIONAL DE TRANSPORTE Y COMUNICACIONES,AV.  MOCHE 452 TRUJILLO,,LA LIBERTAD
PE-CONSUCODE-1084,MUNICIPALIDAD DISTRITAL DE PARIAHUANCA - HUANCAYO,PLAZA PRINCIPAL,964661122,JUNIN
PE-CONSUCODE-1119,MUNICIPALIDAD DISTRITAL DE APATA,APATA,064210275,JUNIN
PE-CONSUCODE-1255,MUNICIPALIDAD DISTRITAL DE CHOCOPE,BOLIVAR Nº295,44542424,LA LIBERTAD
PE-CONSUCODE-1420,MUNICIPALIDAD DISTRITAL DE SAN BARTOLOME,AVENIDA ALFONSO UGARTE S/N,2440020,LIMA
PE-CONSUCODE-1444,MUNICIPALIDAD DISTRITAL DE CHOCOS,PLAZA DE ARMAS Nº1,,LIMA
PE-CONSUCODE-1660,MUNICIPALIDAD DISTRITAL DE SAN ANTONIO - PUNO,PLAZA DE ARMAS S/N SAN ANTONIO PUNO PUNO,99536991,PUNO
PE-CONSUCODE-1824,MUNICIPALIDAD DISTRITAL DE NUEVO PROGRESO,JR. SARGENTO LORES Nº 303,,SAN MARTIN
PE-CONSUCODE-204266,SERVICIOS DE SANEAMIENTO TUMBES,JOSE JIMENEZ NRO. SN,5002029,TUMBES
PE-CONSUCODE-200067,GOBIERNO REGIONAL DE PASCO-UGEL DANIEL ALCIDES CARRION,JR. LAS FLORES S/N,,PASCO
PE-CONSUCODE-200220,SERVICIO DE GESTION AMBIENTAL DE TRUJILLO - SEGAT,JR BOLIVAR No 558 TRUJILLO,,LA LIBERTAD
PE-CONSUCODE-200287,FABRICA DE ARMAS Y MUNICIONES DEL EJERCITO SAC - FAME SAC,EX HACIENDA NIEVERIA S/N ALTURA KM. 3.5 CARRETERA CAJAMARQUILLA - HUACHIPA DISTRITO DE LURIGANCHO-CHOSICA LIMA,,LIMA
PE-CONSUCODE-200500,MINISTERIO PUBLICO - GERENCIA ADMINISTRATIVA DE LA LIBERTAD,AV. JESUS DE NAZARETH CDRA 4 S/N  URB. SAN NICOLAS LA LIBERTAD - TRUJILLO - TRUJILLO,1111111,LA LIBERTAD
PE-CONSUCODE-520,MUNICIPALIDAD DISTRITAL DE CHUSCHI,PLAZA PRINCIPAL NO 01 INTERIOR 3,,AYACUCHO
PE-CONSUCODE-202005,UNIDAD EJECUTORA: EDUCACIÓN YAULI - LA OROYA,HORACIO ZEBALLOS GAMEZ SN,064391226,JUNIN
PE-CONSUCODE-80,MUNICIPALIDAD DISTRITAL DE MOLINOPAMPA,AV. 5 DE FEBRERO No 306,041478026,AMAZONAS
PE-CONSUCODE-826,MUNICIPALIDAD DISTRITAL DE COLCHA,CALLE MARISCAL CACERES T3,984030291,CUSCO
PE-CONSUCODE-918,MUNICIPALIDAD DISTRITAL DE SALCABAMBA,JR. ALFONSO UGARTE S/N,,HUANCAVELICA
PE-CONSUCODE-962,MUNICIPALIDAD DISTRITAL DE COLPAS,PLAZA DE ARMAS SN,062514991,HUANUCO
PE-CONSUCODE-10484,GOBIERNO REGIONAL DE JUNIN - DIRECCIÓN REGIONAL DE SALUD DE JUNIN - RED DE SALUD - TARMA,AV. PACHECO 362 - TARMA,,JUNIN
PE-CONSUCODE-200042,GOBIERNO REGIONAL DE AREQUIPA-EDUCACIÓN AREQUIPA SUR,Calle Nueva 327 Interior 212 Cercado,,AREQUIPA
PE-CONSUCODE-200282,GOBIERNO REGIONAL DE AYACUCHO - UNIDAD EJECUTORA RED DE SALUD AYACUCHO NORTE,AV. MARISCAL CASTILLA 638 HUANTA - AYACUCHO,321047,AYACUCHO
PE-CONSUCODE-1706,MUNICIPALIDAD DISTRITAL DE NICASIO,PLAZA DE ARMAS S/N,951819016,PUNO
PE-CONSUCODE-200206,GOBIERNO REGIONAL DE SAN MARTIN - UNIDAD DE GESTION EDUCATIVA LOCAL SAN MARTIN TARAPOTO,JR. SAN PABLO DE LA CRUZ Nº 381 TARAPOTO,042-522101,SAN MARTIN
PE-CONSUCODE-825,MUNICIPALIDAD DISTRITAL DE CCAPI,PLAZA DE ARMAS,,CUSCO
PE-CONSUCODE-944,MUNICIPALIDAD DISTRITAL DE EL CARMEN - CHURCAMPA,JR. 28 DE JULIO PAUCARBAMBILLA,988881724,HUANCAVELICA
PE-CONSUCODE-200074,GOBIERNO REGIONAL DE PUNO-EDUCACIÓN YUNGUYO,JR. INDEPENDENCIA 1034 YUNGUYO,,PUNO
PE-CONSUCODE-100,MUNICIPALIDAD DISTRITAL DE RECTA,JR.SAN MARTIN,,AMAZONAS
PE-CONSUCODE-10574,GOBIERNO REGIONAL DE PUNO-SALUD MELGAR,JR. ARICA 310 AYAVIRI,,PUNO
PE-CONSUCODE-1079,MUNICIPALIDAD DISTRITAL DE HUALHUAS,AV. ALFONSO UGARTE Nº 433 PARQUE PRINCIPAL,987351766,JUNIN
PE-CONSUCODE-1248,MUNICIPALIDAD DISTRITAL DE MOLLEBAMBA,NESTOR GARCIA S/N 2DO PISO,44211508,LA LIBERTAD
PE-CONSUCODE-1561,MUNICIPALIDAD DISTRITAL DE PALLANCHACRA,PARQUE CARRION Nº 105,63794458,PASCO
PE-CONSUCODE-1669,MUNICIPALIDAD DISTRITAL DE JOSE DOMINGO CHOQUEHUANCA,CALLE PUCARA Nº214,998050367,PUNO
PE-CONSUCODE-169,MUNICIPALIDAD DISTRITAL DE ACZO,JR.MARA¥ON PLAZA DE ARMAS S/N,0,ANCASH
PE-CONSUCODE-1705,MUNICIPALIDAD DISTRITAL DE CALAPUJA,PLAZA DE ARMAS S/N,,PUNO
PE-CONSUCODE-1810,MUNICIPALIDAD DISTRITAL DE HUALLAGA,CALLE YUPANQUI S/N,969934074,SAN MARTIN
PE-CONSUCODE-186,MUNICIPALIDAD DISTRITAL DE SAN MIGUEL DE CORPANQUI,PLAZA DE ARMAS S/N,943114025,ANCASH
PE-CONSUCODE-1953,FUERO MILITAR POLICIAL,AV. ARENALES 321,1111111,LIMA
PE-CONSUCODE-200543,GOBIERNO REGIONAL DE APURIMAC - RED DE SALUD COTABAMBAS,PZA. PLAZA DE ARMAS NRO. SN (JR ANDAHUAYLAS PLAZA DE ARMAS CTO SALUD) APURIMAC - AYMARAES - CHALHUANCA,Vacio/Nulo,APURIMAC
PE-CONSUCODE-200565,GOBIERNO REGIONAL DE PUNO - UNIDAD DE GESTION EDUCATIVA LOCAL CRUCERO,JR. VELASCO ASTETE NRO. 105 PUNO - CARABAYA - CRUCERO,Vacio/Nulo,PUNO
PE-CONSUCODE-208,MUNICIPALIDAD DISTRITAL DE LA PAMPA,AV.ALFONSO RIVASPLATA No 305,,ANCASH
PE-CONSUCODE-2322,MUNICIPALIDAD DISTRITAL DE TUMAN,AV. ENRIQUE FERREYROS N° 01 - TUMAN,074417360,LAMBAYEQUE
PE-CONSUCODE-205090,MUNICIPALIDAD DISTRITAL DE COCHABAMBA,PLAZA PRINCIPAL S/N,930325305,HUANCAVELICA
PE-CONSUCODE-267,MUNICIPALIDAD DISTRITAL DE PARARIN,AV. 25 DE JULIO S/N PLAZA DE ARMAS PARARIN,994187380,ANCASH
PE-CONSUCODE-285,MUNICIPALIDAD DISTRITAL DE QUICHES,PLAZA DE ARMAS S/N,,ANCASH
PE-CONSUCODE-290,MUNICIPALIDAD DISTRITAL DE CASCAPARA,PLAZA DE ARMAS S/N,,ANCASH
PE-CONSUCODE-313,MUNICIPALIDAD DISTRITAL DE LLIPA,AV.LIMA MZ 6 LOTE 2,0,ANCASH
PE-CONSUCODE-346,MUNICIPALIDAD DISTRITAL DE EL ORO,PLAZA DE ARMAS,,APURIMAC
PE-CONSUCODE-364,MUNICIPALIDAD DISTRITAL DE TAPAYRIHUA,PLAZA DE ARMAS,,APURIMAC
PE-CONSUCODE-487,MUNICIPALIDAD DISTRITAL DE YANAQUIHUA,PLAZA DE ARMAS S/N,0,AREQUIPA
PE-CONSUCODE-608,MUNICIPALIDAD DISTRITAL DE PAICO,PLAZA DE ARMAS 2DO PISO,,AYACUCHO
PE-CONSUCODE-201985,UNIDAD EJECUTORA DE SALUD GRAN CHIMU,LIBERTAD,947948182,LA LIBERTAD
PE-CONSUCODE-92,MUNICIPALIDAD DISTRITAL DE EL PARCO,JR.AMAZONAS 221,948171444,AMAZONAS
PE-CONSUCODE-981,MUNICIPALIDAD DISTRITAL DE JIRCAN,JR. LAS MERCEDES PLAZA DE ARMAS,,HUANUCO
PE-CONSUCODE-387,MUNICIPALIDAD DISTRITAL DE SANTA ROSA - GRAU,PLAZA PRINCIPAL,0,APURIMAC
PE-CONSUCODE-10175,GOBIERNO REGIONAL DE LIMA - UNIDAD DE GESTION EDUCATIVA LOCAL UGEL 10 - HUARAL,AV. TUPAC AMARU    CDRA. 6 - URB. EL ROSARIO HUARAL,2461137,LIMA
PE-CONSUCODE-1647,MUNICIPALIDAD DISTRITAL DE RINCONADA LLICUAR,AV.PERU,995566517,PIURA
PE-CONSUCODE-1380,MUNICIPALIDAD DISTRITAL DE AMBAR,JR. SUCRE N° 255,5768854,LIMA
PE-CONSUCODE-862,MUNICIPALIDAD DISTRITAL DE HUACHOCOLPA - HUANCAVELICA,PLAZA PRINCIPAL S/N,1111111,HUANCAVELICA
PE-CONSUCODE-202366,"ESCUELA NACIONAL SUPERIOR DE ARTE DRAMATICO ""GUILLERMO UGARTE CHAMORRO""",ABEL BERGASSE DU PETIT THOUARS,3320432,LIMA
PE-CONSUCODE-10572,GOBIERNO REGIONAL DE PUNO-EDUCACION ADE AZANGARO,JR. LIMA 627 AZANGARO,,PUNO
PE-CONSUCODE-991,MUNICIPALIDAD DISTRITAL DE CRESPO Y CASTILLO,JR. AUCAYACU NO 206 MZ.21,950861326,HUANUCO
PE-CONSUCODE-878,MUNICIPALIDAD DISTRITAL DE MARCAS,PLAZA PRINCIPAL,962083170,HUANCAVELICA
PE-CONSUCODE-204910,MUNICIPALIDAD DISTRITAL DE HUIPOCA,CALLE SAÚL RÍOS N° S/N MZ K LOTE 1,918220609,UCAYALI
PE-CONSUCODE-1201,MUNICIPALIDAD DISTRITAL DE FLORENCIA DE MORA,20 DE JUNIO NO 1000,44213701,LA LIBERTAD
PE-CONSUCODE-1229,MUNICIPALIDAD DISTRITAL DE JEQUETEPEQUE,CALLE SAN JOSE 340,,LA LIBERTAD
PE-CONSUCODE-1275,MUNICIPALIDAD DISTRITAL DE CHONGOYAPE,CALLE LIMA Nº 1225,074433215,LAMBAYEQUE
PE-CONSUCODE-190,MUNICIPALIDAD DISTRITAL DE ACOPAMPA,SIMON BOLIVAR,974610488,ANCASH
PE-CONSUCODE-1937,ZONA REGISTRAL N° II SEDE CHICLAYO,AV. JOSE BALTA Nº 109 - CHICLAYO,074233381,LAMBAYEQUE
PE-CONSUCODE-200278,GOBIERNO REGIONAL DE HUANCAVELICA - GERENCIA SUB REGIONAL CHURCAMPA,JR. 28 DE JULIO NRO. 720 CERCADO HUANCAVELICA,067487145,HUANCAVELICA
PE-CONSUCODE-200321,MINISTERIO DE AGRICULTURA-PROGRAMA DE COMPENSACIONES PARA LA COMPETITIVIDAD,AV. ALAMEDA DEL CORREGIDOR NRO. 155 URB. LA FONTANA LIMA - LIMA - LA MOLINA,,LIMA
PE-CONSUCODE-204408,COMPLEJO TURISTICO BAÑOS DEL INCA,AV. ATAHUALPA S/N - PLAZA DE ARMAS,348249 - 348385,CAJAMARCA
PE-CONSUCODE-312,MUNICIPALIDAD DISTRITAL DE CONGAS,PLAZA DE ARMAS S/N,,ANCASH
PE-CONSUCODE-314,MUNICIPALIDAD DISTRITAL DE SAN CRISTOBAL DE RAJAN,JR.COMERCIO-PLAZA DE ARMAS S/N,,ANCASH
PE-CONSUCODE-435,MUNICIPALIDAD DISTRITAL DE ACARI,PLAZA DE ARMAS  S/N  - ACARI,0,AREQUIPA
PE-CONSUCODE-446,MUNICIPALIDAD DISTRITAL DE YAUCA,CALLE GENERAL SEGURA NO 302 MZ 31 KM 56,0,AREQUIPA
PE-CONSUCODE-596,MUNICIPALIDAD DISTRITAL DE LAMPA,AV. CENTRAL LAMPA N§2 2DO PISO,,AYACUCHO
PE-CONSUCODE-86,MUNICIPALIDAD DISTRITAL DE SOLOCO,CALLE SIN NOMBRE,,AMAZONAS
PE-CONSUCODE-1516,MUNICIPALIDAD DISTRITAL DE SAPUENA,PLAZA DE ARMAS,,LORETO
PE-CONSUCODE-665,MUNICIPALIDAD DISTRITAL DE TORIBIO CASANOVA,Calle San Martin s/n - La Sacilia,,CAJAMARCA
PE-CONSUCODE-1539,MUNICIPALIDAD DISTRITAL DE SAN CRISTOBAL - MARISCAL NIETO,CALLE LIMA SN CALACOA,053837117,MOQUEGUA
PE-CONSUCODE-200466,MEF - SECRETARIA TECNICA DE APOYO A LA COMISION AD HOC CREADA POR LA LEY 29625,JR. CUSCO NRO 177 PISO 8,951602842,LIMA
PE-CONSUCODE-1154,MUNICIPALIDAD DISTRITAL DE ULCUMAYO,PLAZA DE ARMAS PRINCIPAL,963530026,JUNIN
PE-CONSUCODE-204890,MUNICIPALIDAD DISTRITAL DE BOQUERÓN,FEDERICO BASADRE KM 177 S/N MZA K LOTE 1,962404949,UCAYALI
PE-CONSUCODE-1437,MUNICIPALIDAD DISTRITAL DE AYAUCA,CALLE LIMA 200.PISO,,LIMA
PE-CONSUCODE-202645,GOBIERNO REGIONAL HUANUCO INSTITUTO SUPERIOR DE MUSICA PUBLICO DANIEL ALOMIA ROBLES,GENERAL PRADO,062-636985,HUANUCO
PE-CONSUCODE-495,MUNICIPALIDAD DISTRITAL DE ALCA,PLAZA DE ARMAS SN ALCA,986988649,AREQUIPA
PE-CONSUCODE-200385,MUNICIPALIDAD DISTRITAL DE COSME,PLAZA PRINCIPAL S/N,949245522,HUANCAVELICA
PE-CONSUCODE-1283,MUNICIPALIDAD DISTRITAL DE PIMENTEL,LEONCIO PRADO N°143 - PIMENTEL,962862090,LAMBAYEQUE
PE-CONSUCODE-1123,MUNICIPALIDAD DISTRITAL DE EL MANTARO,PLAZA PRINCIPAL S/N EL MANTARO,980205951,JUNIN
PE-CONSUCODE-1203,MUNICIPALIDAD PROVINCIAL DE BOLIVAR,PLAZA DE ARMAS S/N,,LA LIBERTAD
PE-CONSUCODE-1563,MUNICIPALIDAD DISTRITAL DE SAN FRANCISCO DE ASIS DE YARUSYACAN,LIBERTAD,990758537,PASCO
PE-CONSUCODE-200575,GOBIERNO REGIONAL DE UCAYALI - UNIDAD EJECUTORA 303 EDUCACION CORONEL PORTILLO,AMAZONAS 198,061593460,UCAYALI
PE-CONSUCODE-200578,GOBIERNO REGIONAL DE AMAZONAS - UNIDAD EJECUTORA PROAMAZONAS,BOLIVAR NRO 728,041478277,AMAZONAS
PE-CONSUCODE-2411,EMPRESA MUNICIPAL DE MERCADOS S.A.,AV. LA CULTURA NRO. 808 URB. SANTA AURELIA,5182818,LIMA
PE-CONSUCODE-2540,EMPRESA MUNICIPAL DE AGUA POTABLE Y ALCANTARILLADO DE CHANCAY SAC,CAL. TENIENTE PRINGLES NRO. 150 LIMA - HUARAL - CHANCAY,,LIMA
PE-CONSUCODE-201471,MUNICIPALIDAD DISTRITAL DE ROSA PANDURO,CALLE LOS COMPATRIOTAS SN,065222205,LORETO
PE-CONSUCODE-381,MUNICIPALIDAD DISTRITAL DE PATAYPAMPA,PLAZA DE ARMAS,,APURIMAC
PE-CONSUCODE-521,MUNICIPALIDAD DISTRITAL DE LOS MOROCHUCOS,JR LOS MOROCHUCOS NRO 100 PLAZA PRINCIPAL PAMPA CANGALLO,947048770,AYACUCHO
PE-CONSUCODE-201765,UNIDAD EJECUTORA 413 SALUD ASCOPE,MIGUEL GRAU,044503418,LA LIBERTAD
PE-CONSUCODE-583,MUNICIPALIDAD DISTRITAL DE CARHUANCA,PLAZA PRINCIPAL KM 45,,AYACUCHO
PE-CONSUCODE-670,MUNICIPALIDAD DISTRITAL DE CHADIN,ZEVALLOS CHAVEZ S/N,,CAJAMARCA
PE-CONSUCODE-712,MUNICIPALIDAD DISTRITAL DE NIEPOS,PROGRESO Nº220,,CAJAMARCA
PE-CONSUCODE-936,MUNICIPALIDAD DISTRITAL DE SAN ISIDRO DE HUIRPACANCHA - HUAYTARA,PLAZA PRINCIPAL S/N,,HUANCAVELICA
PE-CONSUCODE-1576,MUNICIPALIDAD DISTRITAL DE VILCABAMBA - DANIEL A. CARRION,PLAZA PRINCIPAL NO 116,940238113,PASCO
PE-CONSUCODE-201845,UNIDAD EJECUTORA 412 SALUD VIRU,SUCRE,044371362,LA LIBERTAD
PE-CONSUCODE-10438,GOBIERNO REGIONAL DE CAJAMARCA-EDUCACION CUTERVO,JR. 22 DE OCTUBRE 1100,,CAJAMARCA
PE-CONSUCODE-200522,GOBIERNO REGIONAL DE LA LIBERTAD - UNIDAD EJECUTORA EDUCACION 314 - LA ESPERANZA,CALLE BERNARDO O HIGGINS CD19 PJ LA ESPERANZA EX BIBLIOTECA MUNICIPAL,044229080,LA LIBERTAD
PE-CONSUCODE-895,MUNICIPALIDAD DISTRITAL DE ARMA,PLAZA DE ARMAS S/N,,HUANCAVELICA
PE-CONSUCODE-539,MUNICIPALIDAD DISTRITAL DE HUAMANGUILLA,PLAZA PRINCIPAL,0,AYACUCHO
PE-CONSUCODE-200136,GOBIERNO REGIONAL DE ICA - HOSPITAL DE APOYO SANTA MARIA DEL SOCORRO,CALLE CASTROVIRREYNA 759,,ICA
PE-CONSUCODE-201145,GOBIERNO REGIONAL DE CUSCO - UNIDAD EJECUTORA 309 EDUCACION PAUCARTAMBO,CALLE ENRIQUE YABAR SN PAUCARTAMBO,1111111,CUSCO
PE-CONSUCODE-10393,GOBIERNO REGIONAL DE ANCASH-SALUD ANCASH,AV. VILLON ALTO HUARAZ,,ANCASH
PE-CONSUCODE-10415,GOBIERNO REGIONAL DE AREQUIPA-TRABAJO,CALLE UNIVERSIDAD 117 AREQUIPA,,AREQUIPA
PE-CONSUCODE-10455,GOBIERNO REGIONAL DE HUANCAVELICA - EDUCACION,JR. ERNESTO MORALES Nº 122,,HUANCAVELICA
PE-CONSUCODE-1177,MUNICIPALIDAD DISTRITAL DE PACCHA - YAULI,CALLE 17 DE MARZO,969843195,JUNIN
PE-CONSUCODE-1262,MUNICIPALIDAD DISTRITAL DE PUEBLO NUEVO - CHEPEN,CALLE ARCO Nº301 PUEBLO NUEVO,,LA LIBERTAD
PE-CONSUCODE-1304,MUNICIPALIDAD DISTRITAL DE SALAS - LAMBAYEQUE,CALLE DEL NIÑO Nº4653,,LAMBAYEQUE
PE-CONSUCODE-1378,MUNICIPALIDAD DISTRITAL DE ZUÑIGA,PLAZA DE ARMAS,8300326,LIMA
PE-CONSUCODE-1407,MUNICIPALIDAD DISTRITAL DE CASTA,PLAZA DE ARMAS  S/N,08760062,LIMA
PE-CONSUCODE-1411,MUNICIPALIDAD DISTRITAL DE HUANZA,PLAZA DE ARMAS HUANZA,944007926,LIMA
PE-CONSUCODE-1496,MUNICIPALIDAD DISTRITAL DE MANSERICHE,CALLE PROGRESO SN VILLA SARAMIRIZA LORETO,7113593,LORETO
PE-CONSUCODE-1581,MUNICIPALIDAD DISTRITAL DE POZUZO,CALLE JOSE Nº 111- LA  COLONIA,063-287524,PASCO
PE-CONSUCODE-1746,MUNICIPALIDAD DISTRITAL DE SINA,PLAZA DE ARMAS S/N,051-325131,PUNO
PE-CONSUCODE-1855,MUNICIPALIDAD DISTRITAL DE CURIBAYA,PLAZA DE ARMAS Nº100,247331,TACNA
PE-CONSUCODE-2389,EMPRESA EMAPA HUANCAVELICA S.A.C,CELESTINO MANCHEGO MUÑOZ N° 329  CERCADO HUANCAVELICA,067-451167,HUANCAVELICA
PE-CONSUCODE-250,MUNICIPALIDAD DISTRITAL DE LACABAMBA,PLAZA DE ARMAS S/N,043-837120,ANCASH
PE-CONSUCODE-612,MUNICIPALIDAD DISTRITAL DE SORAS,SIMON BOLIVAR,,AYACUCHO
PE-CONSUCODE-635,MUNICIPALIDAD DISTRITAL DE JORGE CHAVEZ,JR. EL COMERCIO S/N,,CAJAMARCA
PE-CONSUCODE-728,MUNICIPALIDAD DISTRITAL DE LA ESPERANZA - SANTA CRUZ,TUPAC AMARU Nº321,,CAJAMARCA
PE-CONSUCODE-82,MUNICIPALIDAD DISTRITAL DE OLLEROS - CHACHAPOYAS,PLAZA DE ARMAS,995479954,AMAZONAS
PE-CONSUCODE-200509,ESTACION EXPERIMENTAL AGRARIA ANDENES-CUSCO,"AV. MICAELA BASTIDAS NRO 310-214, WANCHAQ",,CUSCO
PE-CONSUCODE-363,MUNICIPALIDAD DISTRITAL DE SORAYA,PLAZA DE ARMAS 2DO PISO,,APURIMAC
PE-CONSUCODE-10397,GOBIERNO REGIONAL DE ANCASH-SALUD UTES LA CALETA,URB. MALECÓN  GRAU S/N,043327609,ANCASH
PE-CONSUCODE-641,MUNICIPALIDAD DISTRITAL DE UTCO,PLAZA DE ARMAS S/N,,CAJAMARCA
PE-CONSUCODE-1235,MUNICIPALIDAD DISTRITAL DE HUANCASPATA,JR.5 DE MARZO NO 508 2DO PISO,956649680,LA LIBERTAD
PE-CONSUCODE-10187,INSTITUTO  PEDAGOGICO  NACIONAL DE MONTERRICO,CARRETERA PANAMERICANA SUR S/N SANTIAGO DE SURCO,01-3721626,LIMA
PE-CONSUCODE-1107,MUNICIPALIDAD DISTRITAL DE NUEVE DE JULIO,AVENIDA ESPAÑA NO 111,995787987,JUNIN
PE-CONSUCODE-1231,MUNICIPALIDAD DISTRITAL DE SAN JOSE - PACASMAYO,PLAZA DE ARMAS Nº 211 - SAN JOSÉ,,LA LIBERTAD
PE-CONSUCODE-131,MUNICIPALIDAD DISTRITAL DE CHIRIMOTO,CALLE S/N,976046610,AMAZONAS
PE-CONSUCODE-1352,MUNICIPALIDAD DISTRITAL DE COPA,PLAZA DE ARMAS Nº06 2DO PISO S/N,951642219,LIMA
PE-CONSUCODE-1402,MUNICIPALIDAD DISTRITAL DE SUMBILCA,PLAZA PRINCIPAL S/N,8106707,LIMA
PE-CONSUCODE-1445,MUNICIPALIDAD DISTRITAL DE HONGOS,AV.PROGRESO-PLAZA DE ARMAS 2D0.PISO,5811189,LIMA
PE-CONSUCODE-1582,MUNICIPALIDAD DISTRITAL DE VILLA RICA,JR. COOPERATIVA Nº 224 - 228,,PASCO
PE-CONSUCODE-203867,GOBIERNO REGIONAL DE LORETO UNIDAD EJECUTORA SALUD UCAYALI - CONTAMANA,BUENAVENTURA MARQUEZ,999550553,LORETO
PE-CONSUCODE-1789,MUNICIPALIDAD DISTRITAL DE POSIC,AV. RIOJA S/N,942611080,SAN MARTIN
PE-CONSUCODE-1931,ZONA REGISTRAL N° VII SEDE HUARAZ,JR. FRANCISCO ARAOS Nº 128- INDEPENDENCIA - HUARAZ,,ANCASH
PE-CONSUCODE-1939,ZONA REGISTRAL N° VI SEDE PUCALLPA,JR. PROGRESO 150 CALLERIA - PUCALLPA,061572288,UCAYALI
PE-CONSUCODE-200171,GOBIERNO REGIONAL DE LAMBAYEQUE - UGEL LAMBAYEQUE,PROLONGACIÓN 8 DE OCTUBRE 230,074281320,LAMBAYEQUE
PE-CONSUCODE-200498,CORTE SUPERIOR DE JUSTICIA DE ICA,CAL. AYACUCHO NRO. 500 (FRENTE A LA PLAZUELA SEBASTIAN BARRANCA) ICA - ICA - ICA,,ICA
PE-CONSUCODE-205110,MUNICIPALIDAD DISTRITAL DE UNION PROGRESO,PLAZA PRINCIPAL - SAN ANTONIO S/N,933988269,AYACUCHO
PE-CONSUCODE-308,MUNICIPALIDAD DISTRITAL DE ACAS,PLAZA DE ARMAS S/N,,ANCASH
PE-CONSUCODE-516,MUNICIPALIDAD DISTRITAL DE TAMBILLO,PLAZA PRINCIPAL DE TAMBILLO S/N,,AYACUCHO
PE-CONSUCODE-536,MUNICIPALIDAD DISTRITAL DE ASQUIPATA,PLAZA PRINCIPAL S/N,,AYACUCHO
PE-CONSUCODE-606,MUNICIPALIDAD DISTRITAL DE CHILCAYOC,AV.CARRION,,AYACUCHO
PE-CONSUCODE-649,MUNICIPALIDAD DISTRITAL DE TANTARICA,JR.JUCON S/N 2DO PISO,,CAJAMARCA
PE-CONSUCODE-864,MUNICIPALIDAD DISTRITAL DE IZCUCHACA,PARQUE TUPAC AMARU Nº130,,HUANCAVELICA
PE-CONSUCODE-871,MUNICIPALIDAD DISTRITAL DE PILCHACA,PLAZA PRINCIPAL S/N,,HUANCAVELICA
PE-CONSUCODE-897,MUNICIPALIDAD DISTRITAL DE CAPILLAS,PLAZA DE ARMAS S/N CAPILLAS CASTROVIRREYNA HUANCAVELICA,067-962552657,HUANCAVELICA
PE-CONSUCODE-929,MUNICIPALIDAD DISTRITAL DE LARAMARCA,AV.COMERCIO S/N,,HUANCAVELICA
PE-CONSUCODE-967,MUNICIPALIDAD DISTRITAL DE TOMAYKICHWA,PLAZA PRINCIPAL,,HUANUCO
PE-CONSUCODE-10604,GOBIERNO REGIONAL DE TUMBES - DIRECCION REGIONAL AGRARIA TUMBES,AV. TARAPACA 427 SAN JOSE,,TUMBES
PE-CONSUCODE-2539,EMPRESA MUNICIPAL DE TRANSPORTE TURISTICO MACHUPICCHU S.A.,ZAVALETA C4,236785,CUSCO
PE-CONSUCODE-200112,SERVICIO DE ADMINISTRACION TRIBUTARIA DE HUANCAYO,AVENIDA PASEO LA BREÑA NRO 539,064202318,JUNIN
PE-CONSUCODE-77,MUNICIPALIDAD DISTRITAL DE LEVANTO,JR. ALONSO DE ALVARADO,942012130,AMAZONAS
PE-CONSUCODE-1046,MUNICIPALIDAD DISTRITAL DE SAN JUAN DE YANAC,PLAZA DE ARMAS S/N,,ICA
PE-CONSUCODE-904,MUNICIPALIDAD DISTRITAL DE SANTA ANA,PLAZA PRINCIPAL S/N - SANTA  ANA,,HUANCAVELICA
PE-CONSUCODE-200684,GOBIERNO REGIONAL DE UCAYALI - UNIDAD DE GESTION EDUCATIVA LOCAL DE PURUS,PURUS SN,61574735,UCAYALI
PE-CONSUCODE-1276,MUNICIPALIDAD DISTRITAL DE ETEN,PEDRO RUIZ Nº579,074414302,LAMBAYEQUE
PE-CONSUCODE-1875,MUNICIPALIDAD DISTRITAL DE CAMPO VERDE,CALLE MUNICIPAL Nº 139,961099550,UCAYALI
PE-CONSUCODE-200172,GOBIERNO REGIONAL DE LAMBAYEQUE - UGEL FERREÑAFE,Vacio/Nulo,,LAMBAYEQUE
PE-CONSUCODE-200397,GOBIERNO REGIONAL DE PIURA - UNIDAD DE GESTION EDUCATIVA LOCAL AYABACA,CALLE BOLIVAR Nº 100,,PIURA
PE-CONSUCODE-642,MUNICIPALIDAD DISTRITAL DE LA LIBERTAD DE PALLAN,JR. LA PURISIMA S/N,,CAJAMARCA
PE-CONSUCODE-675,MUNICIPALIDAD DISTRITAL DE LLAMA - CHOTA,Calle Garcilazo de la Vega Nº 141 - Llama - Chota CAJAMARCA,,CAJAMARCA
PE-CONSUCODE-961,MUNICIPALIDAD DISTRITAL DE CAYNA,MARISCAL CASTILLA,,HUANUCO
PE-CONSUCODE-721,MUNICIPALIDAD DISTRITAL DE SAN BERNARDINO,JIRON 11  DE DICIEMBRE Nº 130,,CAJAMARCA
PE-CONSUCODE-200867,GOBIERNO RERGIONAL DE HUANUCO - UNIDAD EJECUTORA 308 EDUCACION LAURICOCHA,AV. LEONCIO PRADO MZA. K1 LOTE. 01 (CUADRA 10.MODULO I-PISO 03-CENTRO CIVICO),995027440,HUANUCO
PE-CONSUCODE-200682,GOBIERNO REGIONAL DE HUANUCO - UNIDAD DE GESTION EDUCATIVA LOCAL DE AMBO,BL AYANCOCHA NRO 3,962533777,HUANUCO
PE-CONSUCODE-203748,UNIDAD EJECUTORA 005: VENTANILLA UNICA DE COMERCIO EXTERIOR - SEGUNDA ETAPA,UNO OESTE NRO 050,5136100,LIMA
PE-CONSUCODE-202545,GOBIERNO REGIONAL HUANCAVELICA UNIDAD EJECUTORA 313 UNIDAD DE GESTION EDUCATIVA LOCAL CASTROVIRREYNA,LOS LIBERTADORES SN,067816833,HUANCAVELICA
PE-CONSUCODE-10363,GOBIERNO REGIONAL DE TACNA - PROYECTO ESPECIAL AFIANZAMIENTO Y AMPLIACION RECURSOS HIDRICOS DE TACNA,AV. MANUEL  A.  ODRIA (VILLA PANAMERICANA) Nº 1245 - TACNA,,TACNA
PE-CONSUCODE-1168,MUNICIPALIDAD DISTRITAL DE PALCA - TARMA,JR.SAN MARTIN NO 462,064 622095,JUNIN
PE-CONSUCODE-1199,MUNICIPALIDAD DISTRITAL DE SIMBAL,CALLE LOS MANGUITOS NO 204 2DO PISO,949957679,LA LIBERTAD
PE-CONSUCODE-1205,MUNICIPALIDAD DISTRITAL DE CONDORMARCA,BOLIVAR PLAZA DE ARMAS S/N,44571002,LA LIBERTAD
PE-CONSUCODE-12,MINISTERIO DE DEFENSA,AV. BOULEVARD LIMA,4358854,LIMA
PE-CONSUCODE-203005,MUNICIPALIDAD DISTRITAL DE LOS CHANKAS,RIO BLANCO SIN NRO,983905577,APURIMAC
PE-CONSUCODE-1287,MUNICIPALIDAD DISTRITAL DE ZAÑA,CALLE REAL Nº450,,LAMBAYEQUE
PE-CONSUCODE-203126,MUNICIPALIDAD DISTRITAL DE PUEBLO NUEVO,MANUEL PRADO LOTE 7,062488003,HUANUCO
PE-CONSUCODE-132,MUNICIPALIDAD DISTRITAL DE HUAMBO - RODRIGUEZ DE MENDOZA,SAGRADO CORAZON DE JESUS NO 360,760237,AMAZONAS
PE-CONSUCODE-1425,MUNICIPALIDAD DISTRITAL DE SAN MATEO,PLAZA MATEO VERA S/N SAN MATEO HUAROCHIRI LIMA,2440020,LIMA
PE-CONSUCODE-1507,MUNICIPALIDAD DISTRITAL EL TIGRE,LUQUE HERRERA S/N INSTITUTO,253853,LORETO
PE-CONSUCODE-1513,MUNICIPALIDAD DISTRITAL DE EMILIO SAN MARTIN,CALLE JOSE GALVEZ Nº 681,965757950,LORETO
PE-CONSUCODE-1557,MUNICIPALIDAD DISTRITAL DE HUACHON,PLAZA DE ARMAS Nº5 2DO PISO INT. 8,,PASCO
PE-CONSUCODE-1778,MUNICIPALIDAD DISTRITAL DE ZAPATERO,PLAZA SAN MARTIN S/N,042-530903,SAN MARTIN
PE-CONSUCODE-1782,MUNICIPALIDAD DISTRITAL DE PACHIZA,CALLE ATAHUALPA Nº105,42630049,SAN MARTIN
PE-CONSUCODE-200021,AGENCIA PERUANA DE COOPERACION INTERNACIONAL,AV. JOSE PARDO Nº 261,,LIMA
PE-CONSUCODE-200065,GOBIERNO REGIONAL DE JUNÍN-EDUCACIÓN SATIPO CHANCHAMAYO,URB. SANTA LEONOR MZ. G LT. 6,064546305,JUNIN
PE-CONSUCODE-200165,GOBIERNO REGIONAL DE ANCASH - UGEL CASMA,AV. MAGDALENA S/N PLAZA DE ARMAS,,ANCASH
PE-CONSUCODE-200263,CENTRO NACIONAL DE PLANEAMIENTO ESTRATEGICO - CEPLAN,AVENIDA CANAVAL Y MOREYRA NRO 480 OFICINA 1201,2117800,LIMA
PE-CONSUCODE-200295,GOBIERNO REGIONAL DE LA LIBERTAD - UNIDAD DE GESTION EDUCATIVA DE VIRU,LOS BRILLANTES Nº 650,,LA LIBERTAD
PE-CONSUCODE-204690,MUNICIPALIDAD DISTRITAL DE LAMBRAS,PLAZA PRINCIPAL S/N URB SANTA MARÍA,974367080,HUANCAVELICA
PE-CONSUCODE-204730,GOBIERNO REGIONAL DE PASCO - UNIDAD DE GESTIÓN EDUCATIVA PUERTO BERMÚDEZ,SAN MARTÍN S/N,932480765,PASCO
PE-CONSUCODE-255,MUNICIPALIDAD DISTRITAL DE TAUCA,PLAZA DE ARMAS 115,978287731,ANCASH
PE-CONSUCODE-332,MUNICIPALIDAD DISTRITAL DE PACOBAMBA,AV.SAN MIGUEL No 100 2DO PISO,,APURIMAC
PE-CONSUCODE-380,MUNICIPALIDAD DISTRITAL DE MICAELA BASTIDAS,PLAZA DE ARMAS No 2,,APURIMAC
PE-CONSUCODE-471,MUNICIPALIDAD DISTRITAL DE LLUTA,PLAZA LIBERTAD S/N LLUTA,0,AREQUIPA
PE-CONSUCODE-668,MUNICIPALIDAD DISTRITAL DE COCHABAMBA - CHOTA,JR. CAJAMARCA S/N,,CAJAMARCA
PE-CONSUCODE-72,MUNICIPALIDAD DISTRITAL DE CHUQUIBAMBA,JR. SAN MARTIN,,AMAZONAS
PE-CONSUCODE-900,MUNICIPALIDAD DISTRITAL DE HUACHOS,PLAZA DE ARMAS Nº5 2DO PISO,,HUANCAVELICA
PE-CONSUCODE-200425,GOBIERNO REGIONAL DE HUANUCO - UNIDAD EJECUTORA 306 EDUCACION UGEL PUERTO INCA,AV. SANCHE CERRO NRO. SN URB. PUERTO INCA HUANUCO - PUERTO INCA - PUERTO INCA,,HUANUCO
PE-CONSUCODE-200371,GOBIERNO REGIONAL DE AYACUCHO - UNIDAD DE GESTION EDUCATIVA LOCAL DE HUAMANGA,CAL. REAL NRO. 106 URB. JARDIN AYACUCHO - HUAMANGA - AYACUCHO,,AYACUCHO
PE-CONSUCODE-206,MUNICIPALIDAD DISTRITAL DE BAMBAS,PLAZA DE ARMAS S/N,0,ANCASH
PE-CONSUCODE-10557,GOBIERNO REGIONAL DE PIURA - UNIDAD DE GESTION EDUCATIVA LOCAL- SULLANA,AV. VICTOR ELORZ GOYCOCHEA S/N A.H. SANCHEZ CERRO,,PIURA
PE-CONSUCODE-510,MUNICIPALIDAD DISTRITAL DE OCROS,MZ I LOTE 04 CP OCROS SN PLAZA PRINCIPAL,11111111,AYACUCHO
PE-CONSUCODE-10529,GOBIERNO REGIONAL DE LORETO-EDUCACION UCAYALI-CONTAMANA LORETO,JR. AMAZONAS 213 CONTAMANA,,LORETO
PE-CONSUCODE-203687,GOBIERNO REGIONAL DEL CUSCO UNIDAD DE GESTION EDUCATIVA LOCAL CANAS,TUPAC AMARU SIN NRO,943554001,CUSCO
PE-CONSUCODE-202525,GOBIERNO REGIONAL HUANCAVELICA UNIDAD DE GESTION EDUCATIVA LOCAL SURCUBAMBA,DANIEL HERNANDEZ SN,064227589,HUANCAVELICA
PE-CONSUCODE-201086,GOBIERNO REGIONAL DE CUSCO - UNIDAD EJECUTORA 408 HOSPITAL DE ESPINAR,DOMINGO HUARCA CRUZ SN,084301014,CUSCO
PE-CONSUCODE-1012,MUNICIPALIDAD DISTRITAL DE SAN FRANCISCO DE ASIS,JR.BOLOGNESI PLAZA DE ARMAS,,HUANUCO
PE-CONSUCODE-10400,GOBIERNO REGIONAL DE ANCASH-SALUD UTES HUARI,AV.   CIRCUNVALACION BAJA HUARI,,ANCASH
PE-CONSUCODE-10514,GOBIERNO REGIONAL DE LA LIBERTAD-USE JULCAN,MZ-  A 31   LOTE  2 JULCAN,,LA LIBERTAD
PE-CONSUCODE-1105,MUNICIPALIDAD DISTRITAL DE MATAHUASI,PLAZA PRINCIPAL SN MATAHUASI,064436112,JUNIN
PE-CONSUCODE-1135,MUNICIPALIDAD DISTRITAL DE MONOBAMBA,PLAZA PRINCIPAL NO 3 3ER PISO,968949487,JUNIN
PE-CONSUCODE-1139,MUNICIPALIDAD DISTRITAL DE PACCHA - JAUJA,AVENIDA MANUEL MADRID 350 PACCHA JAUJA JUNIN,978522052,JUNIN
PE-CONSUCODE-1143,MUNICIPALIDAD DISTRITAL DE RICRAN,PLAZA PRINCIPAL SN DISTRITO RICRAN,954468549,JUNIN
PE-CONSUCODE-1167,MUNICIPALIDAD DISTRITAL DE LA UNION - TARMA,JIRON CUZCO S/N LA UNION TARMA JUNIN,964107194,JUNIN
PE-CONSUCODE-118,MUNICIPALIDAD DISTRITAL DE OCUMAL,JR.AMAZONAS S/N,985073733,AMAZONAS
PE-CONSUCODE-1256,MUNICIPALIDAD DISTRITAL DE MAGDALENA DE CAO,MIGUEL GRAU Nº580,954703904,LA LIBERTAD
PE-CONSUCODE-1335,MUNICIPALIDAD DISTRITAL DE SAN BARTOLO,PARQUE PRINCIPAL S/N,,LIMA
PE-CONSUCODE-1377,MUNICIPALIDAD DISTRITAL DE SANTA CRUZ DE FLORES,PLAZA DE ARMAS,7318645,LIMA
PE-CONSUCODE-1404,MUNICIPALIDAD DISTRITAL DE ANTIOQUIA,PLAZA PRINCIPAL S/N,,LIMA
PE-CONSUCODE-1532,MUNICIPALIDAD DISTRITAL DE MADRE DE DIOS,AVENIDA MADRE DE DIOS S/N BOCA COLORADO,,MADRE DE DIOS
PE-CONSUCODE-1579,MUNICIPALIDAD DISTRITAL DE HUANCABAMBA,AV. LAS PALMERAS S/N CUADRA 4,,PASCO
PE-CONSUCODE-1659,MUNICIPALIDAD DISTRITAL DE PLATERIA,PLAZA DE ARMAS S/N - PLATERIA,951632625,PUNO
PE-CONSUCODE-1702,MUNICIPALIDAD DISTRITAL DE HUATASANI,PLAZA DE ARMAS S/N 2DO PISO,,PUNO
PE-CONSUCODE-1820,MUNICIPALIDAD DISTRITAL DE SHAMBOYACU,JR. RICARDO PALMA S/N INT.1,956807290,SAN MARTIN
PE-CONSUCODE-200072,GOBIERNO REGIONAL DE PUNO - UNIDAD DE GESTIÓN EDUCATIVA LOCAL - EL COLLAO,JR. SUCRE 215 ILAVE,,PUNO
PE-CONSUCODE-200111,SERVICIO DE ADMINISTRACION TRIBUTARIA DE ICA,CALLE MADRESELVA MZA L LOTE 08,956972595,ICA
PE-CONSUCODE-200126,GOBIERNO REGIONAL DE MOQUEGUA - UNIDAD DE GESTION EDUCATIVA LOCAL ILO,MZA. E LOTE. 5 URB. CESAR VALLEJO MOQUEGUA - ILO - PACOCHA,,MOQUEGUA
PE-CONSUCODE-2003,INSTITUTO CATASTRAL DE LIMA,CONDE DE SUPERUNDA NRO 303 CERCADO DE LIMA,11111111,LIMA
PE-CONSUCODE-2370,ENTIDAD PRESTADORA DE SERVICIO DE SANEAMIENTO CHAVIN S.A.,DIEGO FERRER S/N SOLEDAD ALTA,043421141,ANCASH
PE-CONSUCODE-384,MUNICIPALIDAD DISTRITAL DE TURPAY,PLAZA PRINCIPAL,,APURIMAC
PE-CONSUCODE-393,MUNICIPALIDAD DISTRITAL DE ONGOY,PLAZA DE ARMAS,,APURIMAC
PE-CONSUCODE-708,MUNICIPALIDAD DISTRITAL DE CALQUIS,JR.SAN JOSE No 287,,CAJAMARCA
PE-CONSUCODE-858,MUNICIPALIDAD DISTRITAL DE ACOBAMBILLA,PLAZA PRINCIPAL S/N,,HUANCAVELICA
PE-CONSUCODE-889,MUNICIPALIDAD DISTRITAL DE HUANCA HUANCA,PLAZA PRINCIPAL S/N HUANCA HUANCA,,HUANCAVELICA
PE-CONSUCODE-202345,GOBIERNO REGIONAL HUANCAVELICA UNIDAD DE GESTION EDUCATIVA LOCAL CHURCAMPA,LA CULTURA,067487135,HUANCAVELICA
PE-CONSUCODE-908,MUNICIPALIDAD DISTRITAL DE ACOSTAMBO,PLAZA PRINCIPAL S/N,,HUANCAVELICA
PE-CONSUCODE-947,MUNICIPALIDAD DISTRITAL DE PAUCARBAMBA,PLAZA PRINCIPAL S/N,,HUANCAVELICA
PE-CONSUCODE-976,MUNICIPALIDAD DISTRITAL DE YANAS,CALLE SAN FRANCISCO SN HUANUCO,1111111,HUANUCO
PE-CONSUCODE-10376,GOBIERNO REGIONAL DE AMAZONAS - EDUCACION,JR. AMAZONAS NRO 951,041478275,AMAZONAS
PE-CONSUCODE-10389,GOBIERNO REGIONAL DE ANCASH - UNIDAD DE GESTIÓN EDUCATIVA LOCAL DE SIHUAS,JR. SAN FRANCISCO Nº 300 - SIHUAS,,ANCASH
PE-CONSUCODE-200060,GOBIERNO REGIONAL DE HUANUCO-EDUCACION DOS DE MAYO,Vacio/Nulo,,HUANUCO
PE-CONSUCODE-202806,GOBIERNO REGIONAL HUANCAVELICA UNIDAD DE GESTIÓN EDUCATIVA LOCAL ACOBAMBA,ARMANDO REVOREDO,943767702,HUANCAVELICA
PE-CONSUCODE-989,MUNICIPALIDAD DISTRITAL DE DANIEL ALOMIA ROBLES,PUMAHUASI S/N,062-811682,HUANUCO
PE-CONSUCODE-203367,GOBIERNO REGIONAL DE AREQUIPA - UNIDAD DE GESTION EDUCATIVA LOCAL ISLAY,CALLE IQUITOS NRO 437,976647636,AREQUIPA
PE-CONSUCODE-200423,GOBIERNO REGIONAL DE HUANUCO - UNIDAD EJECUTORA 304 EDUCACION UGEL PACHITEA,CAL. PACHITEA NRO. 301 PANAO HUANUCO - PACHITEA - PANAO,,HUANUCO
PE-CONSUCODE-203526,GOBIERNO REGIONAL DE AREQUIPA -UNIDAD EJECUTORA  UGEL LA JOYA,PLAZA PRINCIPAL,957998007,AREQUIPA
PE-CONSUCODE-200410,GOBIERNO REGIONAL DE AYACUCHO - UNIDAD DE GESTION EDUCATIVA LOCAL DE VICTOR FAJARDO,PLAZA PRINCIPAL Nº 315-HUANCAPI,,AYACUCHO
PE-CONSUCODE-201085,INSTITUTO VIAL PROVINCIAL MUNICIPAL DE AIJA,JR INDEPENDENCIA SN,043445031,ANCASH
PE-CONSUCODE-10500,GOBIERNO REGIONAL DE LA LIBERTAD-EDUCACION USE BOLIVAR,JR. SUCRE BOLIVAR,,LA LIBERTAD
PE-CONSUCODE-1152,MUNICIPALIDAD DISTRITAL DE CARHUAMAYO,JR. ARICA NO 161,963911863,JUNIN
PE-CONSUCODE-1477,MUNICIPALIDAD DISTRITAL DE NAVAN,JR. ARICA S/N,2396949,LIMA
PE-CONSUCODE-203926,CUARTA MACRO REGION POLICIAL LORETO,CALLE  BRASIL N° 145,957879449,LORETO
PE-CONSUCODE-200308,INSTITUTO VIAL PROVINCIAL MUNICIPAL DE HUARAZ,Jr. Agustin Larrea y Laredo 680 Cercado Urbano - Huaraz - ANCASH,,ANCASH
PE-CONSUCODE-204631,MANCOMUNIDAD MUNICIPAL TILACANCHA - REGIÓN  AMAZONAS,JR.PORVENIR S/N,989923642,AMAZONAS
PE-CONSUCODE-366,MUNICIPALIDAD DISTRITAL DE TORAYA,PLAZA DE ARMAS,0,APURIMAC
PE-CONSUCODE-428,MUNICIPALIDAD DISTRITAL DE MARISCAL CACERES,PLAZA DE ARMAS Nº 171 SAN JOSE,,AREQUIPA
PE-CONSUCODE-533,MUNICIPALIDAD DISTRITAL DE HUAYA,PLAZA PRINCIPAL DE HUAYA,,AYACUCHO
PE-CONSUCODE-898,MUNICIPALIDAD DISTRITAL DE COCAS,PLAZA DE ARMAS S/N,,HUANCAVELICA
PE-CONSUCODE-928,MUNICIPALIDAD DISTRITAL DE HUAYACUNDO ARMA,PLAZA ARMAS S/N HUAYACUNDO ARMA HUAYTARA HUANCAVELICA,067-96680066,HUANCAVELICA
PE-CONSUCODE-954,MUNICIPALIDAD DISTRITAL DE MARGOS,AV. JUAN DURAND Nº 754,,HUANUCO
PE-CONSUCODE-10593,GOBIERNO REGIONAL DE SAN MARTIN-EDUCACION HUALLAGA CENTRAL (UGEL MARISCAL CACERES-JUANJUI),JR. MIGUEL GRAU  5TA CUADRA - JUANJUI,,SAN MARTIN
PE-CONSUCODE-200823,GOBIERNO REGIONAL DE PIURA - UNIDAD DE GESTION EDUCATIVA LOCAL DE HUANCABAMBA,AV CENTENARIO SN,073473660,PIURA
PE-CONSUCODE-200052,GOBIERNO REGIONAL DE CUSCO - UNIDAD DE SERVICIOS EDUCATIVOS CANCHIS,AVENIDA CENTENARIO Nº 229- SICUANI,,CUSCO
PE-CONSUCODE-542,MUNICIPALIDAD DISTRITAL DE SANTILLANA,PLAZA PRINCIPAL SAN JOSE DE SECCE,,AYACUCHO
PE-CONSUCODE-201625,GOBIERNO REGIONAL DE CUSCO-UNIDAD EJECUTORA 311 UGEL CALCA,MARISCAL CASTILLA SN,084202270,CUSCO
PE-CONSUCODE-200453,GOBIERNO REGIONAL DE ICA - UNIDAD EJECUTORA 304 EDUCACION PALPA,CAL. GARCILAZO DE LA VEGA NRO. SN ICA - PALPA - PALPA,,ICA
PE-CONSUCODE-201885,GOBIERNO REGIONAL DE JUNIN-RED DE SALUD SAN MARTIN DE PANGOA,AV PANGOA NO SN SEC SALUD ESQUINA AV PANGOA Y AV ESPAÑA,966169068,JUNIN
PE-CONSUCODE-10392,GOBIERNO REGIONAL DE ANCASH-EDUCACION USE PALLASCA,JR. SAN JERÓNIMO 109 CABANA,,ANCASH
PE-CONSUCODE-1100,MUNICIPALIDAD DISTRITAL DE COMAS - JUNIN,PLAZA PRINCIPAL SN,966964319,JUNIN
PE-CONSUCODE-1134,MUNICIPALIDAD DISTRITAL DE MOLINOS - JAUJA,PLAZA PRINCIPAL S/N MOLINOS,064835008,JUNIN
PE-CONSUCODE-202905,INSTITUTO VIAL PROVINCIAL DE HUALGAYOC BAMBAMARCA,MIGUEL GRAU,076353016,CAJAMARCA
PE-CONSUCODE-147,MUNICIPALIDAD DISTRITAL DE EL MILAGRO,JR.LAMBAYEQUE NO 183,0,AMAZONAS
PE-CONSUCODE-1502,MUNICIPALIDAD DISTRITAL DE PEBAS,PLAZA DE ARMAS S/N,065-601000,LORETO
PE-CONSUCODE-1519,MUNICIPALIDAD DISTRITAL DE JENARO HERRERA,CALLE FELIPE MOREY S/N - VILLA JENARO HERRRERA (ENLACE: HUALLAGA Nº 210 - IQUITOS),065 233686,LORETO
PE-CONSUCODE-200530,GOBIERNO REGIONAL DE APURIMAC - UNIDAD DE GESTION EDUCATIVA LOCAL DE AYMARAES,AV. PANAMERICANA NRO. SN (PANAMERICANA PAIRACA) APURIMAC - AYMARAES - CHALHUANCA,,APURIMAC
PE-CONSUCODE-200544,GOBIERNO REGIONAL DE ANCASH - UNIDAD DE GESTION EDUCATIVA DE CORONGO,JR. LIMA NRO 600,043-457209,ANCASH
PE-CONSUCODE-367,MUNICIPALIDAD DISTRITAL DE YANACA,PLAZA DE ARMAS,,APURIMAC
PE-CONSUCODE-78,MUNICIPALIDAD DISTRITAL DE MAGDALENA - CHACHAPOYAS,AV. MAGDALENA,987725316,AMAZONAS
PE-CONSUCODE-590,MUNICIPALIDAD DISTRITAL DE CARAPO,PLAZA PRINCIPAL CARAPO,,AYACUCHO
PE-CONSUCODE-1421,MUNICIPALIDAD DISTRITAL DE SAN DAMIAN,JR. LIMA S/N,3233867,LIMA
PE-CONSUCODE-1018,MUNICIPALIDAD DISTRITAL DE JACAS CHICO,JR. DOS DE MAYO 2DO PISO KM.22,,HUANUCO
PE-CONSUCODE-1141,MUNICIPALIDAD DISTRITAL DE PARCO,JR.AMAUTA 315,964056839,JUNIN
PE-CONSUCODE-127,MUNICIPALIDAD DISTRITAL DE TRITA,JR.SAN MARTIN,,AMAZONAS
PE-CONSUCODE-1416,MUNICIPALIDAD DISTRITAL DE MARIATANA,PLAZA PRINCIPAL S/N DISTRITO DE MARIATANA,4562912,LIMA
PE-CONSUCODE-1449,MUNICIPALIDAD DISTRITAL DE HUANTAN,PLAZA DE ARMAS S/N,941776982,LIMA
PE-CONSUCODE-1698,MUNICIPALIDAD DISTRITAL DE PUSI,PLAZA DE ARMAS S/N,945454534,PUNO
PE-CONSUCODE-1711,MUNICIPALIDAD DISTRITAL DE SANTA LUCIA - LAMPA,PLAZA DE ARMAS NO 104 CERCADO,951172920,PUNO
PE-CONSUCODE-1737,MUNICIPALIDAD DISTRITAL DE COPANI,PLAZA DE ARMAS S/N,951414380,PUNO
PE-CONSUCODE-1768,MUNICIPALIDAD PROVINCIAL DE LAMAS,JR. ZOSIMO RIVAS Nº282,,SAN MARTIN
PE-CONSUCODE-330,MUNICIPALIDAD DISTRITAL DE HUANCARAY,PLAZA DE ARMAS S/N,083-422383,APURIMAC
PE-CONSUCODE-201547,PROGRAMA NACIONAL DE INNOVACION AGRARIA- PNIA,LA MOLINA NRO 1981,3492600,LIMA
PE-CONSUCODE-499,MUNICIPALIDAD DISTRITAL DE PUYCA,CALLE PRINCIPAL,,AREQUIPA
PE-CONSUCODE-725,MUNICIPALIDAD DISTRITAL DE ANDABAMBA - SANTA CRUZ,JOSE OLAYA S/N,,CAJAMARCA
PE-CONSUCODE-2357,EMPRESA MUNICIPAL DE AGUA POTABLE Y ALCANTARILLADO DE QUILLABAMBA S.A.,MERCADO MODELO 2DA.ETAPA-LA CONVENCIÓN-QUILLABAMBA,11111111,CUSCO
PE-CONSUCODE-200862,GOBIERNO REGIONAL DE PIURA - UNIDAD DE GESTION EDUCATIVA LOCAL HUARMACA,FRANSISCO BOLOGNESI SN,943935722,PIURA
PE-CONSUCODE-1430,MUNICIPALIDAD DISTRITAL DE SANTA EULALIA,AV. SAN MARTIN Nº2860,3612858,LIMA
PE-CONSUCODE-10374,GOBIERNO REGIONAL DE AMAZONAS - DIRECCION REGIONAL AGRARIA,JR. OCTAVIO  ORTIZ  ARRIETA  CHACHAPOYAS,,AMAZONAS
PE-CONSUCODE-1056,MUNICIPALIDAD DISTRITAL DE LLIPATA,AVENIDA AGUSTIN BOCANEGRA Nº 18,,ICA
PE-CONSUCODE-165,MUNICIPALIDAD DISTRITAL DE HUACLLAN,JR. LA UNION S/N,043-424782,ANCASH
PE-CONSUCODE-445,MUNICIPALIDAD DISTRITAL DE QUICACHA,PLAZA DE ARMAS,,AREQUIPA
PE-CONSUCODE-647,MUNICIPALIDAD DISTRITAL DE SAN BENITO,JR.LA UNION Nº206,,CAJAMARCA
PE-CONSUCODE-586,MUNICIPALIDAD DISTRITAL DE VISCHONGO,PLAZA PRINCIPAL,,AYACUCHO
PE-CONSUCODE-948,MUNICIPALIDAD DISTRITAL DE SAN MIGUEL DE MAYOCC,CARRETERA PRINCIPAL S/N,,HUANCAVELICA
PE-CONSUCODE-1818,MUNICIPALIDAD DISTRITAL DE SAN CRISTOBAL - PICOTA,PLAZA DE ARMAS S/N,942017174,SAN MARTIN
PE-CONSUCODE-714,MUNICIPALIDAD DISTRITAL DE SAN SILVESTRE DE COCHAN,AV.CAJAMARCA S/N,,CAJAMARCA
PE-CONSUCODE-1020,MUNICIPALIDAD DISTRITAL DE PAMPAMARCA - YAROWILCA,PLAZA PRINCIPAL-PAMPAMARCA,,HUANUCO
PE-CONSUCODE-10578,GOBIERNO REGIONAL DE PUNO-SALUD PUNO,AV. EL SOL 1021 PUNO,,PUNO
PE-CONSUCODE-1101,MUNICIPALIDAD DISTRITAL DE CHAMBARA,JR. BOLOGNESI 2DO PISO,,JUNIN
PE-CONSUCODE-133,MUNICIPALIDAD DISTRITAL DE LIMABAMBA,JR.ANDREA ORTEGA,041811880,AMAZONAS
PE-CONSUCODE-306,MUNICIPALIDAD DISTRITAL DE MALVAS,PLAZA DE ARMAS 2DO PISO,600007,ANCASH
PE-CONSUCODE-383,MUNICIPALIDAD DISTRITAL DE SAN ANTONIO - GRAU,CALLE BOLOGNESI,0,APURIMAC
PE-CONSUCODE-736,MUNICIPALIDAD DISTRITAL DE ICHOCAN,JR.ANTONIO RAIMONDI Nº324,,CAJAMARCA
PE-CONSUCODE-930,MUNICIPALIDAD DISTRITAL DE OCOYO,PLAZA DE ARMAS S/N,,HUANCAVELICA
PE-CONSUCODE-1071,MUNICIPALIDAD DISTRITAL DE CHICCHE,DANIEL ALCIDES CARRION 2DO PISO,956225913,JUNIN
PE-CONSUCODE-1095,MUNICIPALIDAD DISTRITAL DE VIQUES,TUPAC AMARU Y PLAZA PRINCIPAL INTERIOR 3,,JUNIN
PE-CONSUCODE-1104,MUNICIPALIDAD DISTRITAL DE MARISCAL CASTILLA - CONCEPCION,PLAZA PRINCIPAL S/N,,JUNIN
PE-CONSUCODE-121,MUNICIPALIDAD DISTRITAL DE SAN FRANCISCO DEL YESO,JR.ALONSO DE ALVARADO,988950602,AMAZONAS
PE-CONSUCODE-1353,MUNICIPALIDAD DISTRITAL DE GORGOR,AV. 28 DE JULIO PLAZA DE ARMAS S/N,,LIMA
PE-CONSUCODE-1506,MUNICIPALIDAD DISTRITAL DE PARINARI,PLAZA DE ARMAS SN STA RITA DE CASTILLA RIO MARANON,965634892,LORETO
PE-CONSUCODE-1764,MUNICIPALIDAD DISTRITAL DE EL ESLABON,JR. COMERCIO Nº 206,42783372,SAN MARTIN
PE-CONSUCODE-1830,MUNICIPALIDAD DISTRITAL DE SANTA ROSA - EL DORADO,JR. VICTOR ANDRES BELAUNDE S/N,942812066,SAN MARTIN
PE-CONSUCODE-303,MUNICIPALIDAD DISTRITAL DE COCHAPETI,JR. INDEPENDENCIA 2DO PISO,,ANCASH
PE-CONSUCODE-309,MUNICIPALIDAD DISTRITAL DE CAJAMARQUILLA,PLAZA DE ARMAS S/N,,ANCASH
PE-CONSUCODE-500,MUNICIPALIDAD DISTRITAL DE QUECHUALLA,PLAZA PRINCIPAL VELINGA,0,AREQUIPA
PE-CONSUCODE-866,MUNICIPALIDAD DISTRITAL DE MANTA,PLAZA PRINCIPAL DE MANTA S/N,,HUANCAVELICA
PE-CONSUCODE-266,MUNICIPALIDAD DISTRITAL DE PAMPAS CHICO,PLAZA DE ARMAS S/N - PAMPAS CHICO,043811051,ANCASH
PE-CONSUCODE-200047,GOBIERNO REGIONAL DE AYACUCHO-EDUCACIÓN LUCANAS,JR. BOLOGNESI PUQUIO,,AYACUCHO
PE-CONSUCODE-10496,GOBIERNO REGIONAL DE LA LIBERTAD-EDUCACION USE OTUZCO,CALLE BOLIVAR N° 767 - OTUZCO,,LA LIBERTAD
PE-CONSUCODE-203826,GOBIERNO REGIONAL JUNIN UNIDAD EJECUTORA 312 EDUCACION RIO TAMBO,PRINCIPAL PUERTO PRADO,995751906,JUNIN
PE-CONSUCODE-200541,GOBIERNO REGIONAL DE APURIMAC - RED DE SALUD ANTABAMBA,CAL. RENOVACION NRO. SN (TRAS EL TEMPLO DE ANTABAMBA) APURIMAC - ANTABAMBA - ANTABAMBA,983751424,APURIMAC
PE-CONSUCODE-526,MUNICIPALIDAD DISTRITAL DE ALCAMENCA,PLAZA PRINCIPAL,,AYACUCHO
PE-CONSUCODE-1460,MUNICIPALIDAD DISTRITAL DE SAN PEDRO DE PILAS,AV. GRAU PLAZA DE ARMAS S/N,990174411,LIMA
PE-CONSUCODE-1940,ACADEMIA DE LA MAGISTRATURA,Ju. Camaná 669 LIMA,,LIMA
PE-CONSUCODE-246,MUNICIPALIDAD DISTRITAL DE BOLOGNESI,PLAZA DE ARMAS 2DO PISO,,ANCASH
PE-CONSUCODE-463,MUNICIPALIDAD DISTRITAL DE CABANACONDE,PLAZA DE ARMAS S/N,0,AREQUIPA
PE-CONSUCODE-1008,MUNICIPALIDAD DISTRITAL DE BAÑOS,PLAZA DE ARMAS,952535718,HUANUCO
PE-CONSUCODE-1414,MUNICIPALIDAD DISTRITAL DE LANGA,JR. MATUCANA S/N,,LIMA
PE-CONSUCODE-449,MUNICIPALIDAD DISTRITAL DE AYO,PLAZA DE ARMAS DE AYO,0,AREQUIPA
PE-CONSUCODE-1010,MUNICIPALIDAD DISTRITAL DE QUEROPALCA,QUEROPALCA,,HUANUCO
PE-CONSUCODE-1015,MUNICIPALIDAD DISTRITAL DE CAHUAC,CALLE CENTRAL,,HUANUCO
PE-CONSUCODE-1108,MUNICIPALIDAD DISTRITAL DE ORCOTUNA,PARQUE LA LIBERTAD 230,,JUNIN
PE-CONSUCODE-111,MUNICIPALIDAD DISTRITAL DE INGUILPATA,PLAZA DE ARMAS,,AMAZONAS
PE-CONSUCODE-1534,MUNICIPALIDAD DISTRITAL DE IBERIA,AV. MAXIMO RODRIGUEZ Nº 124,,MADRE DE DIOS
PE-CONSUCODE-1629,MUNICIPALIDAD DISTRITAL DE BELLAVISTA - SULLANA,TRANSVERSAL MORROPON Nº500,996406718,PIURA
PE-CONSUCODE-175,MUNICIPALIDAD DISTRITAL DE ABELARDO PARDO LAZAMETA,PLAZA DE ARMAS S/N,425654,ANCASH
PE-CONSUCODE-1816,MUNICIPALIDAD DISTRITAL DE PILLUANA,JR. AMÉRICO LINARES S/N - PILLUANA,942614130,SAN MARTIN
PE-CONSUCODE-1826,MUNICIPALIDAD DISTRITAL DE SHUNTE,NRO SN CPM MONTECRISTO JR ATAHUALPA SN,947505232,SAN MARTIN
PE-CONSUCODE-200368,GOBIERNO REGIONAL DE CAJAMARCA - UNIDAD DE GESTION EDUCATIVA LOCAL BAMBAMARCA,CAL. COMANDANTE ESPINAR NRO. 350 CAJAMARCA - HUALGAYOC - BAMBAMARCA,,CAJAMARCA
PE-CONSUCODE-204830,MUNICIPALIDAD DISTRITAL DE PATIBAMBA,PLAZA MAYOR S/N,913050372,AYACUCHO
PE-CONSUCODE-454,MUNICIPALIDAD DISTRITAL DE MACHAHUAY,PLAZA DE ARMAS,0,AREQUIPA
PE-CONSUCODE-534,MUNICIPALIDAD DISTRITAL DE SARHUA,PLAZA PRINCIPAL,,AYACUCHO
PE-CONSUCODE-538,MUNICIPALIDAD DISTRITAL DE AYAHUANCO,AV PERU SN VIRACOCHAN,066630923,AYACUCHO
PE-CONSUCODE-540,MUNICIPALIDAD DISTRITAL DE IGUAIN,PLAZA PRINCIPAL S/N MACACHACRA,066630117,AYACUCHO
PE-CONSUCODE-562,MUNICIPALIDAD DISTRITAL DE LLAUTA,PLAZA DE ARMAS No 3 2DO PISO.kM 54,,AYACUCHO
PE-CONSUCODE-580,MUNICIPALIDAD DISTRITAL DE UPAHUACHO,- S/N UPAHUACHO PARINACOCHAS AYACUCHO,066-99055008,AYACUCHO
PE-CONSUCODE-584,MUNICIPALIDAD DISTRITAL DE CONCEPCION,PLAZA PRINCIPAL NO 5,,AYACUCHO
PE-CONSUCODE-599,MUNICIPALIDAD DISTRITAL DE PARARCA,JR. ARGENTINA S/N,955965692,AYACUCHO
PE-CONSUCODE-607,MUNICIPALIDAD DISTRITAL DE SAN SALVADOR DE QUIJE,PLAZA PRINCIPAL,,AYACUCHO
PE-CONSUCODE-872,MUNICIPALIDAD DISTRITAL DE VILCA,PLAZA PRINCIPAL S/N,,HUANCAVELICA
PE-CONSUCODE-1935,ZONA REGISTRAL N° V SEDE TRUJILLO,AV. LARCO 1212 URB LOS PINOS,044284112,LA LIBERTAD
PE-CONSUCODE-81,MUNICIPALIDAD DISTRITAL DE MONTEVIDEO,JR.TRANQUILIDAD,0,AMAZONAS
PE-CONSUCODE-200164,GOBIERNO REGIONAL DE ANCASH - UNIDAD DE GESTION EDUCATIVA LOCAL DE HUARAZ,AVENIDA RAYMONDI N° 914 HUARAZ,,ANCASH
PE-CONSUCODE-109,MUNICIPALIDAD DISTRITAL DE COLCAMAR,PLAZA DE ARMAS,,AMAZONAS
PE-CONSUCODE-1373,MUNICIPALIDAD DISTRITAL DE PACARÁN,JR. MIRAFLORES No 165,,LIMA
PE-CONSUCODE-1482,MUNICIPALIDAD DISTRITAL DE INDIANA,CAIDO FRANCO 2DO PISO MZ.A LOTE1,942928760,LORETO
PE-CONSUCODE-1595,MUNICIPALIDAD DISTRITAL DE JILILI,PLAZA DE ARMAS Nº172,964593054,PIURA
PE-CONSUCODE-1791,MUNICIPALIDAD DISTRITAL DE YORONGOS,AV. RIOJA Nº500,978828636,SAN MARTIN
PE-CONSUCODE-200213,MUNICIPALIDAD DISTRITAL DE MARISCAL CACERES,CALLE REAL S/N MARISCAL CACERES,,HUANCAVELICA
PE-CONSUCODE-602,MUNICIPALIDAD DISTRITAL DE SARA SARA,PLAZA PRINCIPAL JR. HUAMANGA,,AYACUCHO
PE-CONSUCODE-667,MUNICIPALIDAD DISTRITAL DE ANGUIA,JR.SAN MARTIN S/N,,CAJAMARCA
PE-CONSUCODE-945,MUNICIPALIDAD DISTRITAL DE LOCROJA,JR. OLIVOS ESCUDERO S/N 2DO PISO,,HUANCAVELICA
PE-CONSUCODE-965,MUNICIPALIDAD DISTRITAL DE SAN FRANCISCO,ANDRES AVELINO CACERES No 180,,HUANUCO
PE-CONSUCODE-316,MUNICIPALIDAD DISTRITAL DE SANTIAGO DE CHILCAS,PLAZA DE ARMAS S/N,0,ANCASH
PE-CONSUCODE-281,MUNICIPALIDAD DISTRITAL DE ALFONSO UGARTE,PLAZA DE ARMAS S/N ULLULLUCO,043730842,ANCASH
PE-CONSUCODE-254,MUNICIPALIDAD DISTRITAL DE SANTA ROSA - PALLASCA,AV SANTA ROSA MZ C1 LT 5 PLAZA DE ARMAS,043837124,ANCASH
PE-CONSUCODE-1521,MUNICIPALIDAD DISTRITAL DE INAHUAYA,CALLE LA UNION S/N,,LORETO
PE-CONSUCODE-200048,GOBIERNO REGIONAL DE AYACUCHO-EDUCACIÓN SARA SARA,JR. GRAU 510 CORA CORA,451146,AYACUCHO
PE-CONSUCODE-204632,MANCOMUNIDAD MUNICIPAL ALTO UTCUBAMBA,JR. SUCRE N° 121,931710554,AMAZONAS
PE-CONSUCODE-452,MUNICIPALIDAD DISTRITAL DE CHOCO,PLAZA DE ARMAS SN,958024233,AREQUIPA
PE-CONSUCODE-959,MUNICIPALIDAD DISTRITAL DE YARUMAYO,PLAZA DE ARMAS,,HUANUCO
PE-CONSUCODE-699,MUNICIPALIDAD DISTRITAL DE LAS PIRIAS,CALLE ANGEL CUSTODIO VILLANUEVA Nº108,,CAJAMARCA
PE-CONSUCODE-477,MUNICIPALIDAD DISTRITAL DE TISCO,PLAZA DE ARMAS NO 2200,0,AREQUIPA
PE-CONSUCODE-1790,MUNICIPALIDAD DISTRITAL DE SAN FERNANDO,AV. GRAU S/N,976130498,SAN MARTIN
PE-CONSUCODE-10385,GOBIERNO REGIONAL DE ANCASH-EDUCACION USE HUAYLAS,JR. GRAU 900 CARAZ,,ANCASH
PE-CONSUCODE-1514,MUNICIPALIDAD DISTRITAL DE MAQUIA,MAQUIA,065-225540,LORETO
PE-CONSUCODE-1781,MUNICIPALIDAD DISTRITAL DE HUICUNGO,JR. SANTA ROSA S/N,990281451,SAN MARTIN
PE-CONSUCODE-200041,GOBIERNO REGIONAL DE AREQUIPA-EDUCACIÓN AREQUIPA NORTE,Vacio/Nulo,,AREQUIPA
PE-CONSUCODE-200564,GOBIERNO REGIONAL DE PUNO - UNIDAD DE GESTION EDUCATIVA LOCAL DE MOHO,JR. LIMA NRO. 352 BARRIO CAPAJOCHA (A UNA COSTADO DEL IE COMERCIAL MOHO) PUNO - MOHO - MOHO,051-782040,PUNO
PE-CONSUCODE-485,MUNICIPALIDAD DISTRITAL DE RIO GRANDE - CONDESUYOS,"PLAZA DE ARMAS  S/N, IQUIPI",054783280,AREQUIPA
PE-CONSUCODE-600,MUNICIPALIDAD DISTRITAL DE SAN JAVIER DE ALPABAMBA,PLAZA DE ARMAS,,AYACUCHO
PE-CONSUCODE-201465,MINISTERIO PUBLICO-GERENCIA ADMINISTRATIVA DE SAN MARTIN,GRAU NRO 484,042561739,SAN MARTIN
PE-CONSUCODE-654,MUNICIPALIDAD DISTRITAL DE CHOROS,JR RODRIGUEZ TAFUR S N,950890428,CAJAMARCA
PE-CONSUCODE-200421,GOBIERNO REGIONAL DE HUANUCO - UNIDAD EJECUTORA 305 EDUCACION UGEL HUAMALIES,JR. VICTOR E. VIVAR NRO. SN C.P.M LLATA HUANUCO - HUAMALIES - LLATA,,HUANUCO
PE-CONSUCODE-10390,GOBIERNO REGIONAL DE ANCASH-EDUCACION USE CARLOS F. FITZCARRALD,JR.  28  DE  JULIO   SAN LUIS,,ANCASH
PE-CONSUCODE-10477,GOBIERNO REGIONAL DE JUNIN - DIRECCION REGIONAL DE PRODUCCION DE JUNIN,PASAJE LAS FLORES S/N URB. SAN ISIDRO,,JUNIN
PE-CONSUCODE-1522,MUNICIPALIDAD DISTRITAL DE PADRE MARQUEZ,JR. 28 DE JULIO S/N - TIRUNTAN,961996813,LORETO
PE-CONSUCODE-1740,MUNICIPALIDAD DISTRITAL DE UNICACHI,PLAZA DE ARMAS S/N,950860123,PUNO
PE-CONSUCODE-1770,MUNICIPALIDAD DISTRITAL DE BARRANQUITA,JIRON FLORIDA SN BARRANQUITA LAMAS SAN MARTIN,094-520302,SAN MARTIN
PE-CONSUCODE-324,MUNICIPALIDAD DISTRITAL DE SAN PEDRO DE CACHORA,AV.ABANCAY,,APURIMAC
PE-CONSUCODE-532,MUNICIPALIDAD DISTRITAL DE HUANCARAYLLA,JR.AYACUCHO No 7 INT.3,,AYACUCHO
PE-CONSUCODE-722,MUNICIPALIDAD DISTRITAL DE SAN LUIS - SAN PABLO,LIMA S/N,,CAJAMARCA
PE-CONSUCODE-863,MUNICIPALIDAD DISTRITAL DE HUAYLLAHUARA,PLAZA PRINCIPAL S/N,111111,HUANCAVELICA
PE-CONSUCODE-91,MUNICIPALIDAD DISTRITAL DE COPALLIN,JR.GARCILAZO DE LA VEGA 321,690030,AMAZONAS
PE-CONSUCODE-943,MUNICIPALIDAD DISTRITAL DE CHINCHIHUASI,AV. 25 DE JULIO S/N RADIO URBANO DEL DISTRITO DE CHINCHIHUASI,,HUANCAVELICA
PE-CONSUCODE-456,MUNICIPALIDAD DISTRITAL DE PAMPACOLCA,PLAZA PRINCIPAL S/N - PAMPACOLCA,0,AREQUIPA
PE-CONSUCODE-10463,GOBIERNO REGIONAL DE HUANUCO-EDUCACION USE MARAÑON,JR. 28 DE JULIO 504 HUACRACHUCO,,HUANUCO
PE-CONSUCODE-10387,GOBIERNO REGIONAL DE ANCASH-EDUCACION USE AIJA,AV. 28 DE JULIO AIJA,,ANCASH
PE-CONSUCODE-203847,GOBIERNO REGIONAL AREQUIPA UGEL LA UNION,INDEPENDENCIA 201,054581047,AREQUIPA
PE-CONSUCODE-10391,GOBIERNO REGIONAL DE ANCASH-EDUCACION USE HUARI,AV.   MAGISTERIAL 195 HUARI,,ANCASH
PE-CONSUCODE-202465,GOBIERNO REGIONAL HUANCAVELICA UNIDAD DE GESTION EDUCATIVA LOCAL DE TAYACAJA,GRAU,067453105,HUANCAVELICA
PE-CONSUCODE-1458,MUNICIPALIDAD DISTRITAL DE QUINOCAY,PLAZA DE ARMAS S/N,,LIMA
PE-CONSUCODE-1798,MUNICIPALIDAD DISTRITAL DE EL PORVENIR - SAN MARTIN,JR. 28 DE JULIO S/N,943221865,SAN MARTIN
PE-CONSUCODE-10582,GOBIERNO REGIONAL DE PUNO-EDUCACION ADE HUANCANE,JR. BOLOGNESI HUANCANE,,PUNO
PE-CONSUCODE-200435,GOBIERNO REGIONAL DE TUMBES - UNIDAD DE GESTION EDUCATIVA DE CONTRALMIRANTE VILLAR,AV. GRAU NRO. 350 TUMBES - CONTRALMIRANTE VILLAR - ZORRITOS,,TUMBES
PE-CONSUCODE-2455,EMPRESA DE SERVICIO Y LIMPIEZA MUNICIPAL PUBLICA CALLAO S.A,AV.CONTRALMIRANTE MORA Nº 500,014536492,CALLAO
PE-CONSUCODE-1009,MUNICIPALIDAD DISTRITAL DE JIVIA,JR. LIMA,,HUANUCO
PE-CONSUCODE-1024,MUNICIPALIDAD DISTRITAL DE PINRA,JR. HUANUCO,,HUANUCO
PE-CONSUCODE-1355,MUNICIPALIDAD DISTRITAL DE MANAS,PLAZA LOS LIBERTADORES S/N,945868200,LIMA
PE-CONSUCODE-203346,GOBIERNO REGIONAL DE AREQUIPA - UNIDAD DE GESTION EDUCATIVA LOCAL CARAVELÍ,GARCILAZO DE LA VEGA NRO. S/N  A UNA CDRA MUNICIPALIDAD DISTRITAL,959531629,AREQUIPA
PE-CONSUCODE-1549,MUNICIPALIDAD DISTRITAL DE PUQUINA,CALLE GRAU S/N PLAZA PRINCIPAL,053816052,MOQUEGUA
PE-CONSUCODE-1755,MUNICIPALIDAD DISTRITAL DE TILALI,JR.CULTURA PLAZA DE ARMAS S/N,,PUNO
PE-CONSUCODE-200046,GOBIERNO REGIONAL DE AYACUCHO-EDUCACIÓN CENTRO AYACUCHO,JR. GARCILAZO DE LA VEGA 743 AYACUCHO,,AYACUCHO
PE-CONSUCODE-200518,GOBIERNO REGIONAL DE APURIMAC - UNIDAD DE GESTION EDUCATIVA LOCAL DE ABANCAY,JR. CAHUIDE S/N,,APURIMAC
PE-CONSUCODE-209,MUNICIPALIDAD DISTRITAL DE YANAC,PLAZA DE ARMAS S/N,,ANCASH
PE-CONSUCODE-263,MUNICIPALIDAD DISTRITAL DE HUAYLLAPAMPA,PLAZA DE ARMAS S/N -HUAYLLAPAMPA,043830078,ANCASH
PE-CONSUCODE-956,MUNICIPALIDAD DISTRITAL DE SAN FRANCISCO DE CAYRAN,JIRON RAMIRO PRIALE S/N - PLAZA DE ARMAS,957344974,HUANUCO
PE-CONSUCODE-200549,INSTITUTO VIAL PROVINCIAL MUNICIPAL DE AZANGARO,JR. AZANGARO NRO. 160 URB. REVOLUCION (TERCER NIVEL DE MUNICIPALIDAD AZANGARO) PUNO - AZANGARO - AZANGARO,051-562135,PUNO
PE-CONSUCODE-10183,GOBIERNO REGIONAL DE CALLAO - DIRECCION REGIONAL DE EDUCACION DEL CALLAO,INTERSECCION JIRON FELIX PASACHE Y AIDA GARCIA DE SOTOMAYOR S/N URB. CONFECCIONES MILITARES,,CALLAO
PE-CONSUCODE-1129,MUNICIPALIDAD DISTRITAL DE LEONOR ORDO¥EZ,JR. LIMA Y AVENIDA ESCOLAR 2DO PISO,964955765,JUNIN
PE-CONSUCODE-646,MUNICIPALIDAD DISTRITAL DE GUZMANGO,JR.CAJAMARCA Nº279 2DO PISO,,CAJAMARCA
PE-CONSUCODE-893,MUNICIPALIDAD DISTRITAL DE SECCLLA,JR.VALENTIN ANAYA S/N 2DO PISO INT.9,,HUANCAVELICA
PE-CONSUCODE-95,MUNICIPALIDAD DISTRITAL DE COROSHA,CALLE SIN NOMBRE,,AMAZONAS
PE-CONSUCODE-10267,INPE - OFICINA REGIONAL SUR AREQUIPA,AV. SIGLO XX S/N CERCADO - AREQUIPA,,AREQUIPA
PE-CONSUCODE-1099,MUNICIPALIDAD DISTRITAL DE COCHAS - CONCEPCION,PLAZA PRINCIPAL,942817916,JUNIN
PE-CONSUCODE-1118,MUNICIPALIDAD DISTRITAL DE ACOLLA,AV. AGUSTIN ORTIZ Nº 440 - PLAZA PRINCIPAL,948594574,JUNIN
PE-CONSUCODE-1146,MUNICIPALIDAD DISTRITAL DE SAUSA,SAN FRANCISCO NO 712,970076175,JUNIN
PE-CONSUCODE-1535,MUNICIPALIDAD DISTRITAL DE TAHUAMANU,CARRETERA MALDONADO IBERIA NO 143 CAS SAN LORENZO,990990584,MADRE DE DIOS
PE-CONSUCODE-1757,MUNICIPALIDAD DISTRITAL DE CALZADA,AV. ALFONSO UGARTE Nº1010 CALZADA,965076362,SAN MARTIN
PE-CONSUCODE-200110,SERVICIO DE ADMINISTRACION TRIBUTARIA DE CAJAMARCA,AV. ALAMEDA DE LOS INCAS S/N COMPLEJO QHAPAC ÑAN,7051000,CAJAMARCA
PE-CONSUCODE-200535,GOBIERNO REGIONAL DEL CALLAO - UNIDAD EJECUTORA 403 HOSPITAL DE VENTANILLA,AV. PEDRO BELTRAN C-3 NRO. S/N PROV. CONST. DEL CALLAO - PROV. CONST. DEL CALLAO - VENTANILLA,5535747,CALLAO
PE-CONSUCODE-610,MUNICIPALIDAD DISTRITAL DE SAN PEDRO DE LARCAY,AV. ANDRES AVELINO CACERES,,AYACUCHO
PE-CONSUCODE-927,MUNICIPALIDAD DISTRITAL DE CORDOVA,AV.HUANCAVELICA INT.2 MZ.6 LOTE10,,HUANCAVELICA
PE-CONSUCODE-985,MUNICIPALIDAD DISTRITAL DE PUÑOS,PLAZA DE ARMAS,,HUANUCO
PE-CONSUCODE-200481,GOBIERNO REGIONAL DE PIURA - UNIDAD DE GESTION EDUCATIVA LOCAL DE TALARA,CAL. AVIACION NRO. 0195 URB. BARRIO PARTICULAR (ESPALDAS DE BANCO DE LA NACION) PIURA - TALARA - PARIÑAS,,PIURA
PE-CONSUCODE-202865,GOBIERNO REGIONAL CUSCO UNIDAD DE GESTION EDUCATIVA LOCAL DE URUBAMBA,BOLOGNESI,084-201201,CUSCO
PE-CONSUCODE-1776,MUNICIPALIDAD DISTRITAL DE SHANAO,JR ELEODORO PINEDO TORRES PLAZA DE ARMAS SHANAO,042-530143,SAN MARTIN
PE-CONSUCODE-648,MUNICIPALIDAD DISTRITAL DE SANTA CRUZ DE TOLEDO,JR. FIDEL ZARATE PLASENCIA S/N,,CAJAMARCA
PE-CONSUCODE-716,MUNICIPALIDAD DISTRITAL DE UNION AGUA BLANCA,JOSE MARIA FLORES Nº113,,CAJAMARCA
PE-CONSUCODE-1184,MUNICIPALIDAD DISTRITAL DE CHONGOS BAJO,PLAZA PRINCIPAL SN DISTRITO DE CHONGOS BAJO,064772795,JUNIN
PE-CONSUCODE-1766,MUNICIPALIDAD DISTRITAL DE SACANCHE,JR. MIGUEL GRAU Nº403,956037915,SAN MARTIN
PE-CONSUCODE-210,MUNICIPALIDAD DISTRITAL DE YUPAN,JR.SAN PABLO S/N,0,ANCASH
PE-CONSUCODE-204548,MANCOMUNIDAD MUNICIPAL DE LA CUENCA SUR ORIENTAL DE AREQUIPA,CALLE 27 DE MAYO - PLAZA PRINCIPAL S/N,054-448621,AREQUIPA
PE-CONSUCODE-283,MUNICIPALIDAD DISTRITAL DE CHINGALPO,PLAZA DE ARMAS,0,ANCASH
PE-CONSUCODE-567,MUNICIPALIDAD DISTRITAL DE SAISA,PLAZA DE ARMAS,,AYACUCHO
PE-CONSUCODE-966,MUNICIPALIDAD DISTRITAL DE SAN RAFAEL - AMBO,PLAZA DE ARMAS KM 355,,HUANUCO
PE-CONSUCODE-899,MUNICIPALIDAD DISTRITAL DE CHUPAMARCA,CALLE SAN MARTIN S/N,,HUANCAVELICA
PE-CONSUCODE-1170,MUNICIPALIDAD DISTRITAL DE SAN PEDRO DE CAJAS,PLAZA PRINCIPAL Nº 242,064631544,JUNIN
PE-CONSUCODE-10386,GOBIERNO REGIONAL DE ANCASH-EDUCACION USE HUARMEY,CALLE NUEVA  268 HUARMEY,,ANCASH
PE-CONSUCODE-1442,MUNICIPALIDAD DISTRITAL DE COCHAS - YAUYOS,PLAZA DE ARMAS S/N,993105429,LIMA
PE-CONSUCODE-926,MUNICIPALIDAD DISTRITAL DE AYAVI,PLAZA DE ARMAS DE AYAVI S/N Km 91,,HUANCAVELICA
PE-CONSUCODE-727,MUNICIPALIDAD DISTRITAL DE CHANCAY BAÑOS,JR. 13 DE JUNIO Nº 560,,CAJAMARCA
PE-CONSUCODE-1125,MUNICIPALIDAD DISTRITAL DE HUARIPAMPA,JR. MARISCAL CACERES 558,0649686471,JUNIN
PE-CONSUCODE-1282,MUNICIPALIDAD DISTRITAL DE PICSI,CALLE CONGRESO Nº169 - PICSI,,LAMBAYEQUE
PE-CONSUCODE-518,MUNICIPALIDAD DISTRITAL DE PACAYCASA,PLAZA PRINCIPAL DEL DISTRITO,731270,AYACUCHO
PE-CONSUCODE-10563,GOBIERNO REGIONAL DE PUNO-DIRECCION REGIONAL DE PRODUCE,JR ANDAHUAYLAS 239,051352872,PUNO
PE-CONSUCODE-201666,GOBIERNO REGIONAL DE HUANCAVELICA - HOSPITAL DE PAMPAS DE TAYACAJA,JR BOLIVAR SN,067456030,HUANCAVELICA
PE-CONSUCODE-1036,MUNICIPALIDAD DISTRITAL DE TATE,AV. PRINCIPAL,,ICA
PE-CONSUCODE-1073,MUNICIPALIDAD DISTRITAL DE CHONGOS ALTO,CALLE REAL,950828846,JUNIN
PE-CONSUCODE-1440,MUNICIPALIDAD DISTRITAL DE CACRA,PLAZADE ARMAS Nº105 INT.1,,LIMA
PE-CONSUCODE-1736,MUNICIPALIDAD DISTRITAL DE ANAPIA,PLAZA DE ARMAS S/N,51556156,PUNO
PE-CONSUCODE-361,MUNICIPALIDAD DISTRITAL DE SAN JUAN DE CHACÑA,CALLE MANCO CAPAC MZ 22,0,APURIMAC
PE-CONSUCODE-902,MUNICIPALIDAD DISTRITAL DE MOLLEPAMPA,RICARDO PALMA S/N,,HUANCAVELICA
PE-CONSUCODE-96,MUNICIPALIDAD DISTRITAL DE CUISPES,JR.LA UNION,941957977,AMAZONAS
PE-CONSUCODE-934,MUNICIPALIDAD DISTRITAL DE SAN ANTONIO DE CUSICANCHA,PLAZA DE ARMAS S/N,,HUANCAVELICA
PE-CONSUCODE-10383,GOBIERNO REGIONAL DE ANCASH - DIRECCION REGIONAL DE EDUCACION,JR. JOSE DE SUCRE Nº 731- PLAZA DE ARMAS HUARAZ,,ANCASH
PE-CONSUCODE-1400,MUNICIPALIDAD DISTRITAL DE ATAVILLOS ALTO,PLAZA DE ARMAS Nº05,5255157,LIMA
PE-CONSUCODE-1476,MUNICIPALIDAD DISTRITAL DE COCHAMARCA,PLAZA DE ARMAS S/N,2392827,LIMA
PE-CONSUCODE-1571,MUNICIPALIDAD DISTRITAL DE GOYLLARISQUIZGA,AV. 27 DE NOVIEMBRE No 111.KM.35,,PASCO
PE-CONSUCODE-469,MUNICIPALIDAD DISTRITAL DE ICHUPAMPA,PLAZA PRINCIPAL S/N,,AREQUIPA
PE-CONSUCODE-10583,GOBIERNO REGIONAL DE PUNO-EDUCACION ADE PUTINA,JR. MELGAR 145 PUTINA,,PUNO
PE-CONSUCODE-1783,MUNICIPALIDAD DISTRITAL DE PAJARILLO,JR. PROGRESO S/N,951582908,SAN MARTIN
PE-CONSUCODE-1652,MUNICIPALIDAD DISTRITAL DE CAPACHICA,PLAZA DE ARMAS S/N - CAPACHICA,951592580,PUNO
PE-CONSUCODE-350,MUNICIPALIDAD DISTRITAL DE PACHACONAS,PLAZA DE ARMAS,320214,APURIMAC
PE-CONSUCODE-501,MUNICIPALIDAD DISTRITAL DE SAYLA,PLAZA DE ARMAS S/N,0,AREQUIPA
PE-CONSUCODE-1699,MUNICIPALIDAD DISTRITAL DE ROSASPATA,PLAZA DOS DE MAYO S/N,,PUNO
PE-CONSUCODE-203486,GOBIERNO REGIONAL DE AREQUIPA -  UGEL CONDESUYOS,AV. LIMA NRO. 202 USE-CONDESUYOS,054328433,AREQUIPA
PE-CONSUCODE-1761,MUNICIPALIDAD DISTRITAL DE YANTALO,JR. LIBERTAD NO 357,950059403,SAN MARTIN
PE-CONSUCODE-200519,GOBIERNO REGIONAL DE HUANUCO - UNIDAD EJECUTORA EDUCACION UGEL HUACAYBAMBA,JR. LIBERTAD NRO 676,962677916,HUANUCO
PE-CONSUCODE-203026,GOBIERNO REGIONAL CUSCO UNIDAD DE GESTION EDUCATIVA LOCAL PARURO,GRAU SIN NRO PARURO,993433451,CUSCO
PE-CONSUCODE-10598,GOBIERNO REGIONAL DE TACNA-AGRICULTURA,MANUEL A. ODRIA 1508,052-241776,TACNA
PE-CONSUCODE-1406,MUNICIPALIDAD DISTRITAL DE CARAMPOMA,PLAZA PRINCIPAL S/N,5847418,LIMA
PE-CONSUCODE-1439,MUNICIPALIDAD DISTRITAL DE AZANGARO,HUANCAYO,8106883,LIMA
PE-CONSUCODE-1512,MUNICIPALIDAD DISTRITAL DE CAPELO,CALLE MARIA INMACULADA S/N,065508631,LORETO
PE-CONSUCODE-1738,MUNICIPALIDAD DISTRITAL DE CUTURAPI,AV. UNION S/N,,PUNO
PE-CONSUCODE-1774,MUNICIPALIDAD DISTRITAL DE RUMISAPA,JR. SAN MARTIN S/N PLAZA DE ARMAS,942772698,SAN MARTIN
PE-CONSUCODE-200460,GOBIERNO REGIONAL DE AYACUCHO - UNIDAD GESTION EDUCATIVA VILCASHUAMAN,JR. INCA HUASI NRO. S/N UCHUY PLAZA AYACUCHO - VILCAS HUAMAN - VILCAS HUAMAN,,AYACUCHO
PE-CONSUCODE-200436,GOBIERNO REGIONAL DE TUMBES - UNIDAD DE GESTION EDUCATIVA LOCAL DE ZARUMILLA,JR. TUMBES NRO. 300 TUMBES - ZARUMILLA - ZARUMILLA,072-561701,TUMBES
PE-CONSUCODE-203386,GOBIERNO REGIONAL DE AREQUIPA - UGEL CASTILLA,JUAN PABLO VIZCARDO Y GUZMAN 402 MZA. F1 LOTE. 19,054471219,AREQUIPA
PE-CONSUCODE-203627,GOBIERNO REGIONAL DEL CUSCO UNIDAD EJECUTORA 314 EDUCACION ACOMAYO,CARRERA,974717167,CUSCO
PE-CONSUCODE-10525,GOBIERNO REGIONAL DE LORETO-AGRICULTURA,CALLE RICARDO PALMA 113,231971,LORETO
PE-CONSUCODE-1169,MUNICIPALIDAD DISTRITAL DE PALCAMAYO,JR. LIMA S/N PALCAMAYO - TARMA - JUNIN,343021,JUNIN
PE-CONSUCODE-200201,EMPRESA MUNICIPAL DE SERVICIOS DE AGUA POTABLE Y ALCANTARILLADO RIOJA S.R.L.,JR. SANTO TORIBIO Nº 212,042591323,SAN MARTIN
PE-CONSUCODE-408,MUNICIPALIDAD DISTRITAL DE POLOBAYA,PLAZA PRINCIPAL S/N,0,AREQUIPA
PE-CONSUCODE-662,MUNICIPALIDAD DISTRITAL DE SANTO DOMINGO DE LA CAPILLA,JR. CHAVEZ ALIAGA S/N,,CAJAMARCA
PE-CONSUCODE-676,MUNICIPALIDAD DISTRITAL DE MIRACOSTA,ALFONSO UGARTE S/N,,CAJAMARCA
PE-CONSUCODE-715,MUNICIPALIDAD DISTRITAL DE EL PRADO,JR.JAVIER PRADO Nº7,,CAJAMARCA
PE-CONSUCODE-759,MUNICIPALIDAD DISTRITAL DE ACOS,PLAZA DE ARMAS S/N,,CUSCO
PE-CONSUCODE-200380,GOBIERNO REGIONAL DE CAJAMARCA - UNIDAD DE GESTION EDUCATIVA LOCAL CAJABAMBA,JR. CARLOS HEROS NRO. 515 CAJAMARCA - CAJABAMBA - CAJABAMBA,,CAJAMARCA
PE-CONSUCODE-659,MUNICIPALIDAD DISTRITAL DE SAN JUAN DE CUTERVO,CALLE SAN ISIDRO,,CAJAMARCA
PE-CONSUCODE-200569,GOBIERNO REGIONAL DE PUNO - UNIDAD DE GESTION EDUCATIVA DE LAMPA,JR. SAN ROMAN NRO. S/N CERCADO (A 3 CDRAS DE LA PLAZA DE ARMAS) PUNO - LAMPA - LAMPA,051-782152,PUNO
PE-CONSUCODE-1122,MUNICIPALIDAD DISTRITAL DE CURICACA,PLAZA PRINCIPAL,981915831,JUNIN
PE-CONSUCODE-973,MUNICIPALIDAD DISTRITAL DE RIPAN,JR.SAN ANTONIO 2DO PISO,,HUANUCO
PE-CONSUCODE-1069,MUNICIPALIDAD DISTRITAL DE CARHUACALLANGA,PLAZA PRINCIPAL S/N - CARHUACALLANGA,964572350,JUNIN
PE-CONSUCODE-181,MUNICIPALIDAD DISTRITAL DE HUASTA,JR.BOLOGNESI Nº 125 - HUASTA,043837126,ANCASH
PE-CONSUCODE-200360,INSTITUTO VIAL PROVINCIAL MUNICIPAL DE AYABACA,CALLE MERINO NRO. 221 AYABACA - PIURA,,PIURA
PE-CONSUCODE-200377,MUNICIPALIDAD DISTRITAL DE YACUS,JR. LA UNION MZA. B LOTE. H C.P. YACUS HUANUCO - HUANUCO - MARGOS,061515699,HUANUCO
PE-CONSUCODE-201486,MUNICIPALIDAD DISTRITAL DE YAGUAS,CALLE OLLANTA HUMALA SN,065222205,LORETO
PE-CONSUCODE-1223,MUNICIPALIDAD DISTRITAL DE PARANDAY,PLAZA DE ARMAS S/N 2DO PISO,,LA LIBERTAD
